indice,dataset,ingles_original,melhor_trad,melhor_modelo,melhor_prompt,outro_modelo,outro_prompt,outra_trad,parascore
606,manual_data,Water boils at 100°C.,"A água ferve a 100°C.
",gemini,prompt2,gpt,prompt2,A água ferve a 100°C.,0.9588
606,manual_data,Water boils at 100°C.,"A água ferve a 100°C.
",gemini,prompt2,gpt,prompt4,A água ferve a 100°C.,0.9588
606,manual_data,Water boils at 100°C.,"A água ferve a 100°C.
",gemini,prompt2,gemini,prompt4,A água ferve a 100°C.,0.9588
606,manual_data,Water boils at 100°C.,"A água ferve a 100°C.
",gemini,prompt2,gemma3,prompt2,A água ferve a 100°C.,0.9588
606,manual_data,Water boils at 100°C.,"A água ferve a 100°C.
",gemini,prompt2,gemma3,prompt4,A água ferve aos cem graus.,0.9411
606,manual_data,Water boils at 100°C.,"A água ferve a 100°C.
",gemini,prompt2,gemmaX,sem_prompt,A água ferve a 100°C.,0.9588
147,manual_data,She bought a new phone last week.,Ela comprou um telefone novo na semana passada.,gpt,prompt2,gpt,prompt4,Ela comprou um telefone novo na semana passada.,0.95
147,manual_data,She bought a new phone last week.,Ela comprou um telefone novo na semana passada.,gpt,prompt2,gemini,prompt2,Ela comprou um telefone novo na semana passada.,0.95
147,manual_data,She bought a new phone last week.,Ela comprou um telefone novo na semana passada.,gpt,prompt2,gemini,prompt4,Ela estreou um celular novo semana passada.,0.9448
147,manual_data,She bought a new phone last week.,Ela comprou um telefone novo na semana passada.,gpt,prompt2,gemma3,prompt2,Ela comprou um celular novo na semana passada.,0.9673
147,manual_data,She bought a new phone last week.,Ela comprou um telefone novo na semana passada.,gpt,prompt2,gemma3,prompt4,Ela trocou de aparelho na semana passada.,0.9666
147,manual_data,She bought a new phone last week.,Ela comprou um telefone novo na semana passada.,gpt,prompt2,gemmaX,sem_prompt,Ela comprou um novo telefone na semana passada.,0.9874
589,manual_data,He sent an email to his colleague.,Ele enviou um e-mail para seu colega.,gpt,prompt2,gpt,prompt4,Ele enviou uma mensagem ao seu colega.,0.9719
589,manual_data,He sent an email to his colleague.,Ele enviou um e-mail para seu colega.,gpt,prompt2,gemini,prompt2,Ele enviou um email para o colega dele.,0.9663
589,manual_data,He sent an email to his colleague.,Ele enviou um e-mail para seu colega.,gpt,prompt2,gemini,prompt4,Ele disparou um e-mail para o colega.,0.9622
589,manual_data,He sent an email to his colleague.,Ele enviou um e-mail para seu colega.,gpt,prompt2,gemma3,prompt2,Ele enviou um e-mail para seu colega.,0.95
589,manual_data,He sent an email to his colleague.,Ele enviou um e-mail para seu colega.,gpt,prompt2,gemma3,prompt4,Ele lançou um e-mail para o colega.,0.9467
589,manual_data,He sent an email to his colleague.,Ele enviou um e-mail para seu colega.,gpt,prompt2,gemmaX,sem_prompt,Ele enviou um e-mail para seu colega.,0.95
447,manual_data,"blood, sweat, and tears","Sangue, suor e lágrimas.",gemma3,prompt2,gpt,prompt2,"sangue, suor e lágrimas",0.9126
447,manual_data,"blood, sweat, and tears","Sangue, suor e lágrimas.",gemma3,prompt2,gpt,prompt4,"sangue, suor e lágrimas",0.9126
447,manual_data,"blood, sweat, and tears","Sangue, suor e lágrimas.",gemma3,prompt2,gemini,prompt2,"Sangue, suor e lágrimas.",0.95
447,manual_data,"blood, sweat, and tears","Sangue, suor e lágrimas.",gemma3,prompt2,gemini,prompt4,"Sangue, suor e lágrimas.",0.95
447,manual_data,"blood, sweat, and tears","Sangue, suor e lágrimas.",gemma3,prompt2,gemma3,prompt4,"Sangue, suor e lágrimas.",0.95
447,manual_data,"blood, sweat, and tears","Sangue, suor e lágrimas.",gemma3,prompt2,gemmaX,sem_prompt,"sangue, suor e lágrimas",0.9126
283,manual_data,buy a lemon,"Compre uma limão.
",gemma3,prompt2,gpt,prompt2,comprar um limão,0.9568
283,manual_data,buy a lemon,"Compre uma limão.
",gemma3,prompt2,gpt,prompt4,comprar gato por lebre,0.8479
283,manual_data,buy a lemon,"Compre uma limão.
",gemma3,prompt2,gemini,prompt2,"Comprar um carro ""bomba""",0.855
283,manual_data,buy a lemon,"Compre uma limão.
",gemma3,prompt2,gemini,prompt4,Comprar gato por lebre.,0.8736
283,manual_data,buy a lemon,"Compre uma limão.
",gemma3,prompt2,gemma3,prompt4,Comprar um limão azedo.,0.913
283,manual_data,buy a lemon,"Compre uma limão.
",gemma3,prompt2,gemmaX,sem_prompt,comprar um limão,0.9568
382,manual_data,She is practicing yoga in the park.,"Ela está praticando ioga no parque.
",gemini,prompt2,gpt,prompt2,Ela está praticando yoga no parque.,0.9396
382,manual_data,She is practicing yoga in the park.,"Ela está praticando ioga no parque.
",gemini,prompt2,gpt,prompt4,Ela está praticando ioga no parque.,0.9554
382,manual_data,She is practicing yoga in the park.,"Ela está praticando ioga no parque.
",gemini,prompt2,gemini,prompt4,Ela está se alongando com a natureza.,0.9301
382,manual_data,She is practicing yoga in the park.,"Ela está praticando ioga no parque.
",gemini,prompt2,gemma3,prompt2,Ela está praticando yoga no parque.,0.9396
382,manual_data,She is practicing yoga in the park.,"Ela está praticando ioga no parque.
",gemini,prompt2,gemma3,prompt4,Ela está desdobrando a alma no parque.,0.9342
382,manual_data,She is practicing yoga in the park.,"Ela está praticando ioga no parque.
",gemini,prompt2,gemmaX,sem_prompt,Ela está praticando yoga no parque.,0.9396
505,manual_data,don't judge a book by its cover,"Não julgue um livro pela capa.
",gemma3,prompt2,gpt,prompt2,Não julgue um livro pela capa.,0.9562
505,manual_data,don't judge a book by its cover,"Não julgue um livro pela capa.
",gemma3,prompt2,gpt,prompt4,Não julgue um livro pela capa.,0.9562
505,manual_data,don't judge a book by its cover,"Não julgue um livro pela capa.
",gemma3,prompt2,gemini,prompt2,Não julgue um livro pela capa.,0.9562
505,manual_data,don't judge a book by its cover,"Não julgue um livro pela capa.
",gemma3,prompt2,gemini,prompt4,Não julgue um livro pela capa.,0.9562
505,manual_data,don't judge a book by its cover,"Não julgue um livro pela capa.
",gemma3,prompt2,gemma3,prompt4,Não julgue um livro pela capa.,0.9562
505,manual_data,don't judge a book by its cover,"Não julgue um livro pela capa.
",gemma3,prompt2,gemmaX,sem_prompt,Não julgue um livro pela capa,0.9237
7,manual_data,my hands are tied,Minhas mãos estão atadas.,gpt,prompt2,gpt,prompt4,Minhas mãos estão atadas.,0.95
7,manual_data,my hands are tied,Minhas mãos estão atadas.,gpt,prompt2,gemini,prompt2,Estou de mãos atadas.,0.9315
7,manual_data,my hands are tied,Minhas mãos estão atadas.,gpt,prompt2,gemini,prompt4,Estou de mãos atadas.,0.9315
7,manual_data,my hands are tied,Minhas mãos estão atadas.,gpt,prompt2,gemma3,prompt2,As minhas mãos estão atadas.,0.9282
7,manual_data,my hands are tied,Minhas mãos estão atadas.,gpt,prompt2,gemma3,prompt4,As mãos estão atadas.,0.9629
7,manual_data,my hands are tied,Minhas mãos estão atadas.,gpt,prompt2,gemmaX,sem_prompt,Minhas mãos estão atadas,0.9414
706,manual_data,blood is thicker than water,"Sangue é mais espesso que água.
",gemini,prompt2,gpt,prompt2,Sangue é mais espesso que água.,0.956
706,manual_data,blood is thicker than water,"Sangue é mais espesso que água.
",gemini,prompt2,gpt,prompt4,Sangue é mais espesso que água.,0.956
706,manual_data,blood is thicker than water,"Sangue é mais espesso que água.
",gemini,prompt2,gemini,prompt4,Sangue do meu sangue.,0.9106
706,manual_data,blood is thicker than water,"Sangue é mais espesso que água.
",gemini,prompt2,gemma3,prompt2,O sangue é mais grosso que a água.,0.943
706,manual_data,blood is thicker than water,"Sangue é mais espesso que água.
",gemini,prompt2,gemma3,prompt4,O sangue é mais grosso que a água.,0.943
706,manual_data,blood is thicker than water,"Sangue é mais espesso que água.
",gemini,prompt2,gemmaX,sem_prompt,O sangue é mais espesso do que a água,0.9476
116,manual_data,"blood, sweat, and tears","Sangue, suor e lágrimas.
",gemma3,prompt2,gpt,prompt2,"sangue, suor e lágrimas",0.9196
116,manual_data,"blood, sweat, and tears","Sangue, suor e lágrimas.
",gemma3,prompt2,gpt,prompt4,"sangue, suor e lágrimas",0.9196
116,manual_data,"blood, sweat, and tears","Sangue, suor e lágrimas.
",gemma3,prompt2,gemini,prompt2,"Sangue, suor e lágrimas",0.9571
116,manual_data,"blood, sweat, and tears","Sangue, suor e lágrimas.
",gemma3,prompt2,gemini,prompt4,"Sangue, suor e lágrimas.",0.9577
116,manual_data,"blood, sweat, and tears","Sangue, suor e lágrimas.
",gemma3,prompt2,gemma3,prompt4,"Lágrimas, suor e sangue.",0.9364
116,manual_data,"blood, sweat, and tears","Sangue, suor e lágrimas.
",gemma3,prompt2,gemmaX,sem_prompt,"sangue, suor e lágrimas",0.9196
80,manual_data,She is drinking water.,Ela está bebendo água.,gpt,prompt2,gpt,prompt4,Ela está se hidratando.,0.9653
80,manual_data,She is drinking water.,Ela está bebendo água.,gpt,prompt2,gemini,prompt2,Ela está bebendo água.,0.95
80,manual_data,She is drinking water.,Ela está bebendo água.,gpt,prompt2,gemini,prompt4,Ela está matando a sede.,0.9501
80,manual_data,She is drinking water.,Ela está bebendo água.,gpt,prompt2,gemma3,prompt2,Ela está bebendo água.,0.95
80,manual_data,She is drinking water.,Ela está bebendo água.,gpt,prompt2,gemma3,prompt4,Ela está saciando a sede.,0.9304
80,manual_data,She is drinking water.,Ela está bebendo água.,gpt,prompt2,gemmaX,sem_prompt,Ela está bebendo água.,0.95
158,manual_data,She made a salad for lunch.,Ela fez uma salada para o almoço.,gpt,prompt2,gpt,prompt4,Ela preparou uma salada para o almoço.,0.9653
158,manual_data,She made a salad for lunch.,Ela fez uma salada para o almoço.,gpt,prompt2,gemini,prompt2,Ela fez uma salada para o almoço.,0.95
158,manual_data,She made a salad for lunch.,Ela fez uma salada para o almoço.,gpt,prompt2,gemini,prompt4,Ela preparou uma salada para o almoço.,0.9653
158,manual_data,She made a salad for lunch.,Ela fez uma salada para o almoço.,gpt,prompt2,gemma3,prompt2,Ela fez uma salada para o almoço.,0.95
158,manual_data,She made a salad for lunch.,Ela fez uma salada para o almoço.,gpt,prompt2,gemma3,prompt4,Ela juntou um arco-íris no prato para o almoço.,0.9166
158,manual_data,She made a salad for lunch.,Ela fez uma salada para o almoço.,gpt,prompt2,gemmaX,sem_prompt,Ela fez uma salada para o almoço.,0.95
202,manual_data,They planted flowers in the garden.,"Eles plantaram flores no jardim.
",gemma3,prompt2,gpt,prompt2,Eles plantaram flores no jardim.,0.9558
202,manual_data,They planted flowers in the garden.,"Eles plantaram flores no jardim.
",gemma3,prompt2,gpt,prompt4,Eles semearam flores no jardim.,0.9427
202,manual_data,They planted flowers in the garden.,"Eles plantaram flores no jardim.
",gemma3,prompt2,gemini,prompt2,Eles plantaram flores no jardim.,0.9558
202,manual_data,They planted flowers in the garden.,"Eles plantaram flores no jardim.
",gemma3,prompt2,gemini,prompt4,Eles semearam flores no jardim da vida.,0.9533
202,manual_data,They planted flowers in the garden.,"Eles plantaram flores no jardim.
",gemma3,prompt2,gemma3,prompt4,Semearam cores no jardim.,0.8717
202,manual_data,They planted flowers in the garden.,"Eles plantaram flores no jardim.
",gemma3,prompt2,gemmaX,sem_prompt,Eles plantaram flores no jardim.,0.9558
676,manual_data,She reads a book every night.,Ela lê um livro todas as noites.,gpt,prompt2,gpt,prompt4,Ela mergulha em um livro todas as noites.,0.9364
676,manual_data,She reads a book every night.,Ela lê um livro todas as noites.,gpt,prompt2,gemini,prompt2,Ela lê um livro todas as noites.,0.95
676,manual_data,She reads a book every night.,Ela lê um livro todas as noites.,gpt,prompt2,gemini,prompt4,Ela se alimenta de livros todas as noites.,0.9638
676,manual_data,She reads a book every night.,Ela lê um livro todas as noites.,gpt,prompt2,gemma3,prompt2,Ela lê um livro todas as noites.,0.95
676,manual_data,She reads a book every night.,Ela lê um livro todas as noites.,gpt,prompt2,gemma3,prompt4,Ela se alimenta de histórias todas as noites.,0.9535
676,manual_data,She reads a book every night.,Ela lê um livro todas as noites.,gpt,prompt2,gemmaX,sem_prompt,Ela lê um livro todas as noites.,0.95
438,manual_data,"blood, sweat, and tears","Sangue, suor e lágrimas",gemma3,prompt2,gpt,prompt2,"sangue, suor e lágrimas",0.9096
438,manual_data,"blood, sweat, and tears","Sangue, suor e lágrimas",gemma3,prompt2,gpt,prompt4,"sangue, suor e lágrimas",0.9096
438,manual_data,"blood, sweat, and tears","Sangue, suor e lágrimas",gemma3,prompt2,gemini,prompt2,"Sangue, suor e lágrimas.",0.9269
438,manual_data,"blood, sweat, and tears","Sangue, suor e lágrimas",gemma3,prompt2,gemini,prompt4,"Sangue, suor e lágrimas.",0.9269
438,manual_data,"blood, sweat, and tears","Sangue, suor e lágrimas",gemma3,prompt2,gemma3,prompt4,"Lágrimas, suor e sangue.",0.9097
438,manual_data,"blood, sweat, and tears","Sangue, suor e lágrimas",gemma3,prompt2,gemmaX,sem_prompt,"sangue, suor e lágrimas",0.9096
177,manual_data,He is reading a newspaper.,Ele está lendo um jornal.,gpt,prompt2,gpt,prompt4,Ele está folheando um jornal.,0.8968
177,manual_data,He is reading a newspaper.,Ele está lendo um jornal.,gpt,prompt2,gemini,prompt2,Ele está lendo um jornal.,0.95
177,manual_data,He is reading a newspaper.,Ele está lendo um jornal.,gpt,prompt2,gemini,prompt4,Ele está devorando o jornal.,0.9423
177,manual_data,He is reading a newspaper.,Ele está lendo um jornal.,gpt,prompt2,gemma3,prompt2,Ele está lendo um jornal.,0.95
177,manual_data,He is reading a newspaper.,Ele está lendo um jornal.,gpt,prompt2,gemma3,prompt4,Ele está folheando o mundo.,0.8949
177,manual_data,He is reading a newspaper.,Ele está lendo um jornal.,gpt,prompt2,gemmaX,sem_prompt,Ele está lendo um jornal.,0.95
400,manual_data,smooth sailing,navegação tranquila,gpt,prompt2,gpt,prompt4,navegar em águas tranquilas,0.8559
400,manual_data,smooth sailing,navegação tranquila,gpt,prompt2,gemini,prompt2,Navegação tranquila,0.9342
400,manual_data,smooth sailing,navegação tranquila,gpt,prompt2,gemini,prompt4,Vento em popa.,0.8376
400,manual_data,smooth sailing,navegação tranquila,gpt,prompt2,gemma3,prompt2,Náutica tranquila,0.8618
400,manual_data,smooth sailing,navegação tranquila,gpt,prompt2,gemma3,prompt4,Náu frágil.,0.8389
400,manual_data,smooth sailing,navegação tranquila,gpt,prompt2,gemmaX,sem_prompt,navegação tranquila,0.95
259,manual_data,cloud of suspicion,Nuvem de suspeita,gemma3,prompt2,gpt,prompt2,nuvem de suspeita,0.9455
259,manual_data,cloud of suspicion,Nuvem de suspeita,gemma3,prompt2,gpt,prompt4,nuvem de suspeita,0.9455
259,manual_data,cloud of suspicion,Nuvem de suspeita,gemma3,prompt2,gemini,prompt2,Nuvem de suspeitas,0.9003
259,manual_data,cloud of suspicion,Nuvem de suspeita,gemma3,prompt2,gemini,prompt4,Nuvem de suspeitas,0.9003
259,manual_data,cloud of suspicion,Nuvem de suspeita,gemma3,prompt2,gemma3,prompt4,Nuvem de suspeita.,0.8974
259,manual_data,cloud of suspicion,Nuvem de suspeita,gemma3,prompt2,gemmaX,sem_prompt,nuvem de suspeita,0.9455
72,manual_data,I like to drink coffee in the morning.,"Eu gosto de tomar café de manhã.
",gemini,prompt2,gpt,prompt2,Eu gosto de beber café pela manhã.,0.9704
72,manual_data,I like to drink coffee in the morning.,"Eu gosto de tomar café de manhã.
",gemini,prompt2,gpt,prompt4,Eu gosto de tomar café de manhã.,0.9558
72,manual_data,I like to drink coffee in the morning.,"Eu gosto de tomar café de manhã.
",gemini,prompt2,gemini,prompt4,Afogo minhas mágoas no café da manhã.,0.9151
72,manual_data,I like to drink coffee in the morning.,"Eu gosto de tomar café de manhã.
",gemini,prompt2,gemma3,prompt2,Eu gosto de tomar café de manhã.,0.9558
72,manual_data,I like to drink coffee in the morning.,"Eu gosto de tomar café de manhã.
",gemini,prompt2,gemma3,prompt4,A manhã me abraça com o aroma escuro.,0.8991
72,manual_data,I like to drink coffee in the morning.,"Eu gosto de tomar café de manhã.
",gemini,prompt2,gemmaX,sem_prompt,Gosto de tomar café de manhã.,0.9417
453,manual_data,black and blue,preto e azul,gpt,prompt2,gpt,prompt4,preto e azul,0.95
453,manual_data,black and blue,preto e azul,gpt,prompt2,gemini,prompt2,Roxo e negro,0.8332
453,manual_data,black and blue,preto e azul,gpt,prompt2,gemini,prompt4,Roxo e inchado.,0.8125
453,manual_data,black and blue,preto e azul,gpt,prompt2,gemma3,prompt2,Roxo e azul.,0.8213
453,manual_data,black and blue,preto e azul,gpt,prompt2,gemma3,prompt4,Lívia e roxo.,0.8205
453,manual_data,black and blue,preto e azul,gpt,prompt2,gemmaX,sem_prompt,preto e azul,0.95
87,manual_data,She is talking to her friend on the phone.,Ela está falando com sua amiga ao telefone.,gemma3,prompt2,gpt,prompt2,Ela está conversando com a amiga pelo telefone.,0.9583
87,manual_data,She is talking to her friend on the phone.,Ela está falando com sua amiga ao telefone.,gemma3,prompt2,gpt,prompt4,Ela está conversando com a amiga ao telefone.,0.9577
87,manual_data,She is talking to her friend on the phone.,Ela está falando com sua amiga ao telefone.,gemma3,prompt2,gemini,prompt2,Ela está falando com sua amiga no telefone.,0.9481
87,manual_data,She is talking to her friend on the phone.,Ela está falando com sua amiga ao telefone.,gemma3,prompt2,gemini,prompt4,Ela está tecendo confidências ao telefone.,0.9009
87,manual_data,She is talking to her friend on the phone.,Ela está falando com sua amiga ao telefone.,gemma3,prompt2,gemma3,prompt4,Ela está bordando uma conversa com a amiga ao telefone.,0.9324
87,manual_data,She is talking to her friend on the phone.,Ela está falando com sua amiga ao telefone.,gemma3,prompt2,gemmaX,sem_prompt,Ela está falando com uma amiga no telefone.,0.9437
228,manual_data,She is listening to music while cooking.,"Ela está ouvindo música enquanto cozinha.
",gemini,prompt2,gpt,prompt2,Ela está ouvindo música enquanto cozinha.,0.9546
228,manual_data,She is listening to music while cooking.,"Ela está ouvindo música enquanto cozinha.
",gemini,prompt2,gpt,prompt4,Ela está ouvindo música enquanto cozinha.,0.9546
228,manual_data,She is listening to music while cooking.,"Ela está ouvindo música enquanto cozinha.
",gemini,prompt2,gemini,prompt4,Ela tempera a cozinha com melodias.,0.8903
228,manual_data,She is listening to music while cooking.,"Ela está ouvindo música enquanto cozinha.
",gemini,prompt2,gemma3,prompt2,Ela está ouvindo música enquanto cozinha.,0.9546
228,manual_data,She is listening to music while cooking.,"Ela está ouvindo música enquanto cozinha.
",gemini,prompt2,gemma3,prompt4,Ela dança com os sabores enquanto a cozinha se rende.,0.8994
228,manual_data,She is listening to music while cooking.,"Ela está ouvindo música enquanto cozinha.
",gemini,prompt2,gemmaX,sem_prompt,Ela está ouvindo música enquanto cozinha.,0.9546
593,manual_data,I did the laundry yesterday.,Eu fiz a lavanderia ontem.,gpt,prompt2,gpt,prompt4,Eu lavei a roupa ontem.,0.9578
593,manual_data,I did the laundry yesterday.,Eu fiz a lavanderia ontem.,gpt,prompt2,gemini,prompt2,Eu lavei a roupa ontem.,0.9578
593,manual_data,I did the laundry yesterday.,Eu fiz a lavanderia ontem.,gpt,prompt2,gemini,prompt4,Lavei a roupa suja ontem.,0.9366
593,manual_data,I did the laundry yesterday.,Eu fiz a lavanderia ontem.,gpt,prompt2,gemma3,prompt2,Eu lavei a roupa ontem.,0.9578
593,manual_data,I did the laundry yesterday.,Eu fiz a lavanderia ontem.,gpt,prompt2,gemma3,prompt4,Eu ajudei as roupas a renascerem ontem.,0.911
593,manual_data,I did the laundry yesterday.,Eu fiz a lavanderia ontem.,gpt,prompt2,gemmaX,sem_prompt,Eu fiz a lavanderia ontem.,0.95
332,manual_data,I am playing video games in my room.,"Estou jogando video games no meu quarto.
",gemini,prompt2,gpt,prompt2,Estou jogando videogames no meu quarto.,0.9556
332,manual_data,I am playing video games in my room.,"Estou jogando video games no meu quarto.
",gemini,prompt2,gpt,prompt4,Estou jogando videogames no meu quarto.,0.9556
332,manual_data,I am playing video games in my room.,"Estou jogando video games no meu quarto.
",gemini,prompt2,gemini,prompt4,Estou navegando em mundos virtuais no meu refúgio.,0.9168
332,manual_data,I am playing video games in my room.,"Estou jogando video games no meu quarto.
",gemini,prompt2,gemma3,prompt2,Estou jogando videogame no meu quarto.,0.9542
332,manual_data,I am playing video games in my room.,"Estou jogando video games no meu quarto.
",gemini,prompt2,gemma3,prompt4,Estou me perdendo em pixels no meu quarto.,0.944
332,manual_data,I am playing video games in my room.,"Estou jogando video games no meu quarto.
",gemini,prompt2,gemmaX,sem_prompt,Estou jogando videogame no meu quarto.,0.9542
472,manual_data,They have three children.,Eles têm três filhos.,gpt,prompt2,gpt,prompt4,Eles têm três filhos.,0.95
472,manual_data,They have three children.,Eles têm três filhos.,gpt,prompt2,gemini,prompt2,Eles têm três filhos.,0.95
472,manual_data,They have three children.,Eles têm três filhos.,gpt,prompt2,gemini,prompt4,Eles têm três rebentos.,0.9133
472,manual_data,They have three children.,Eles têm três filhos.,gpt,prompt2,gemma3,prompt2,Eles têm três filhos.,0.95
472,manual_data,They have three children.,Eles têm três filhos.,gpt,prompt2,gemma3,prompt4,Eles construíram um lar para três vidas.,0.9024
472,manual_data,They have three children.,Eles têm três filhos.,gpt,prompt2,gemmaX,sem_prompt,Têm três filhos.,0.9492
254,manual_data,She plays the piano beautifully.,"Ela toca piano lindamente.
",gemini,prompt2,gpt,prompt2,Ela toca piano lindamente.,0.9571
254,manual_data,She plays the piano beautifully.,"Ela toca piano lindamente.
",gemini,prompt2,gpt,prompt4,Ela toca piano com maestria.,0.9306
254,manual_data,She plays the piano beautifully.,"Ela toca piano lindamente.
",gemini,prompt2,gemini,prompt4,Ela acaricia o piano com alma.,0.897
254,manual_data,She plays the piano beautifully.,"Ela toca piano lindamente.
",gemini,prompt2,gemma3,prompt2,Ela toca piano lindamente.,0.9571
254,manual_data,She plays the piano beautifully.,"Ela toca piano lindamente.
",gemini,prompt2,gemma3,prompt4,Ela dança com as teclas.,0.8684
254,manual_data,She plays the piano beautifully.,"Ela toca piano lindamente.
",gemini,prompt2,gemmaX,sem_prompt,Ela toca piano lindamente.,0.9571
567,manual_data,She played tennis with her brother.,"Ela jogou tênis com o irmão dela.
",gemini,prompt2,gpt,prompt2,Ela jogou tênis com seu irmão.,0.9832
567,manual_data,She played tennis with her brother.,"Ela jogou tênis com o irmão dela.
",gemini,prompt2,gpt,prompt4,Ela jogou tênis com o irmão.,0.9808
567,manual_data,She played tennis with her brother.,"Ela jogou tênis com o irmão dela.
",gemini,prompt2,gemini,prompt4,Ela duelou tênis com o irmão.,0.9567
567,manual_data,She played tennis with her brother.,"Ela jogou tênis com o irmão dela.
",gemini,prompt2,gemma3,prompt2,Ela jogou tênis com o irmão dela.,0.9557
567,manual_data,She played tennis with her brother.,"Ela jogou tênis com o irmão dela.
",gemini,prompt2,gemma3,prompt4,Ela duelou tênis com o irmão.,0.9567
567,manual_data,She played tennis with her brother.,"Ela jogou tênis com o irmão dela.
",gemini,prompt2,gemmaX,sem_prompt,Ela jogava tênis com seu irmão.,0.9871
69,manual_data,She is brushing her teeth before bed.,Ela está escovando os dentes antes de dormir.,gemma3,prompt2,gpt,prompt2,Ela está escovando os dentes antes de dormir.,0.95
69,manual_data,She is brushing her teeth before bed.,Ela está escovando os dentes antes de dormir.,gemma3,prompt2,gpt,prompt4,Ela está escovando os dentes antes de dormir.,0.95
69,manual_data,She is brushing her teeth before bed.,Ela está escovando os dentes antes de dormir.,gemma3,prompt2,gemini,prompt2,Ela está escovando os dentes antes de dormir.,0.95
69,manual_data,She is brushing her teeth before bed.,Ela está escovando os dentes antes de dormir.,gemma3,prompt2,gemini,prompt4,Ela está preparando a noite para dormir.,0.949
69,manual_data,She is brushing her teeth before bed.,Ela está escovando os dentes antes de dormir.,gemma3,prompt2,gemma3,prompt4,Ela está escovando as estrelas antes de dormir.,0.9462
69,manual_data,She is brushing her teeth before bed.,Ela está escovando os dentes antes de dormir.,gemma3,prompt2,gemmaX,sem_prompt,Ela está escoando os dentes antes de dormir.,0.9386
491,manual_data,The dog is playing outside.,"O cachorro está brincando lá fora.
",gemma3,prompt2,gpt,prompt2,O cachorro está brincando do lado de fora.,0.949
491,manual_data,The dog is playing outside.,"O cachorro está brincando lá fora.
",gemma3,prompt2,gpt,prompt4,O cachorro está brincando lá fora.,0.9555
491,manual_data,The dog is playing outside.,"O cachorro está brincando lá fora.
",gemma3,prompt2,gemini,prompt2,O cachorro está brincando lá fora.,0.9555
491,manual_data,The dog is playing outside.,"O cachorro está brincando lá fora.
",gemma3,prompt2,gemini,prompt4,O cão brinca ao relento.,0.9088
491,manual_data,The dog is playing outside.,"O cachorro está brincando lá fora.
",gemma3,prompt2,gemma3,prompt4,O cão se diverte ao ar livre.,0.8899
491,manual_data,The dog is playing outside.,"O cachorro está brincando lá fora.
",gemma3,prompt2,gemmaX,sem_prompt,O cão está brincando lá fora.,0.9457
294,manual_data,The sun rises in the east.,"O sol nasce no leste.
",gemini,prompt2,gpt,prompt2,O sol nasce no leste.,0.9588
294,manual_data,The sun rises in the east.,"O sol nasce no leste.
",gemini,prompt2,gpt,prompt4,O sol nasce no Oriente.,0.9586
294,manual_data,The sun rises in the east.,"O sol nasce no leste.
",gemini,prompt2,gemini,prompt4,O sol desponta no oriente.,0.918
294,manual_data,The sun rises in the east.,"O sol nasce no leste.
",gemini,prompt2,gemma3,prompt2,O sol nasce no leste.,0.9588
294,manual_data,The sun rises in the east.,"O sol nasce no leste.
",gemini,prompt2,gemma3,prompt4,A aurora desponta no oriente.,0.8469
294,manual_data,The sun rises in the east.,"O sol nasce no leste.
",gemini,prompt2,gemmaX,sem_prompt,O sol nasce no leste.,0.9588
91,manual_data,boiling point,ponto de ebulição,gemmaX,sem_prompt,gpt,prompt2,ponto de ebulição,0.95
91,manual_data,boiling point,ponto de ebulição,gemmaX,sem_prompt,gpt,prompt4,ponto de ebulição,0.95
91,manual_data,boiling point,ponto de ebulição,gemmaX,sem_prompt,gemini,prompt2,Ponto de ebulição,0.9241
91,manual_data,boiling point,ponto de ebulição,gemmaX,sem_prompt,gemini,prompt4,Ponto de ebulição,0.9241
91,manual_data,boiling point,ponto de ebulição,gemmaX,sem_prompt,gemma3,prompt2,Ponto de ebulição,0.9241
91,manual_data,boiling point,ponto de ebulição,gemmaX,sem_prompt,gemma3,prompt4,Ponto de ebulição.,0.9061
644,manual_data,big fish in a small pond,"Peixe grande em lago pequeno
",gemini,prompt2,gpt,prompt2,grande peixe em um pequeno lago,0.9252
644,manual_data,big fish in a small pond,"Peixe grande em lago pequeno
",gemini,prompt2,gpt,prompt4,grande peixe em um pequeno aquário,0.8843
644,manual_data,big fish in a small pond,"Peixe grande em lago pequeno
",gemini,prompt2,gemini,prompt4,Peixe grande em lagoa pequena.,0.8797
644,manual_data,big fish in a small pond,"Peixe grande em lago pequeno
",gemini,prompt2,gemma3,prompt2,Peixe grande em lago pequeno.,0.8984
644,manual_data,big fish in a small pond,"Peixe grande em lago pequeno
",gemini,prompt2,gemma3,prompt4,Peixe grande num lago pequeno.,0.9018
644,manual_data,big fish in a small pond,"Peixe grande em lago pequeno
",gemini,prompt2,gemmaX,sem_prompt,peixe grande num pequeno lago,0.9311
74,manual_data,actions speak louder than words,As ações falam mais alto do que as palavras.,gemma3,prompt2,gpt,prompt2,Ações falam mais alto que palavras.,0.9532
74,manual_data,actions speak louder than words,As ações falam mais alto do que as palavras.,gemma3,prompt2,gpt,prompt4,Atos falam mais alto que palavras.,0.9528
74,manual_data,actions speak louder than words,As ações falam mais alto do que as palavras.,gemma3,prompt2,gemini,prompt2,Ações valem mais que palavras.,0.9499
74,manual_data,actions speak louder than words,As ações falam mais alto do que as palavras.,gemma3,prompt2,gemini,prompt4,Ações valem mais que palavras.,0.9499
74,manual_data,actions speak louder than words,As ações falam mais alto do que as palavras.,gemma3,prompt2,gemma3,prompt4,As ações valem mais que as promessas.,0.9705
74,manual_data,actions speak louder than words,As ações falam mais alto do que as palavras.,gemma3,prompt2,gemmaX,sem_prompt,as ações falam mais alto do que as palavras,0.9471
585,manual_data,They are watching TV in the living room.,"Eles estão assistindo TV na sala.
",gemini,prompt2,gpt,prompt2,Eles estão assistindo TV na sala de estar.,0.9715
585,manual_data,They are watching TV in the living room.,"Eles estão assistindo TV na sala.
",gemini,prompt2,gpt,prompt4,Eles estão assistindo à televisão na sala de estar.,0.979
585,manual_data,They are watching TV in the living room.,"Eles estão assistindo TV na sala.
",gemini,prompt2,gemini,prompt4,Estão hipnotizados na sala.,0.8936
585,manual_data,They are watching TV in the living room.,"Eles estão assistindo TV na sala.
",gemini,prompt2,gemma3,prompt2,Eles estão assistindo TV na sala.,0.9557
585,manual_data,They are watching TV in the living room.,"Eles estão assistindo TV na sala.
",gemini,prompt2,gemma3,prompt4,Eles estão grudados na telinha na sala.,0.9176
585,manual_data,They are watching TV in the living room.,"Eles estão assistindo TV na sala.
",gemini,prompt2,gemmaX,sem_prompt,Eles estão assistindo TV na sala de estar.,0.9715
95,manual_data,actions speak louder than words,"As ações falam mais alto que as palavras.
",gemma3,prompt2,gpt,prompt2,Ações falam mais alto que palavras.,0.9496
95,manual_data,actions speak louder than words,"As ações falam mais alto que as palavras.
",gemma3,prompt2,gpt,prompt4,Ações falam mais alto que palavras.,0.9496
95,manual_data,actions speak louder than words,"As ações falam mais alto que as palavras.
",gemma3,prompt2,gemini,prompt2,Ações valem mais que palavras.,0.9509
95,manual_data,actions speak louder than words,"As ações falam mais alto que as palavras.
",gemma3,prompt2,gemini,prompt4,A prática é a prova.,0.931
95,manual_data,actions speak louder than words,"As ações falam mais alto que as palavras.
",gemma3,prompt2,gemma3,prompt4,As ações valem mais que as palavras.,0.9634
95,manual_data,actions speak louder than words,"As ações falam mais alto que as palavras.
",gemma3,prompt2,gemmaX,sem_prompt,as ações falam mais alto do que as palavras,0.9555
528,manual_data,actions speak louder than words,"As ações falam mais alto que as palavras.
",gemma3,prompt2,gpt,prompt2,Ações falam mais que palavras.,0.962
528,manual_data,actions speak louder than words,"As ações falam mais alto que as palavras.
",gemma3,prompt2,gpt,prompt4,Ações falam mais alto que palavras.,0.9496
528,manual_data,actions speak louder than words,"As ações falam mais alto que as palavras.
",gemma3,prompt2,gemini,prompt2,Ações valem mais que palavras.,0.9509
528,manual_data,actions speak louder than words,"As ações falam mais alto que as palavras.
",gemma3,prompt2,gemini,prompt4,Ações valem mais que palavras.,0.9509
528,manual_data,actions speak louder than words,"As ações falam mais alto que as palavras.
",gemma3,prompt2,gemma3,prompt4,As ações valem mais que as palavras.,0.9634
528,manual_data,actions speak louder than words,"As ações falam mais alto que as palavras.
",gemma3,prompt2,gemmaX,sem_prompt,as ações falam mais alto do que as palavras,0.9555
655,manual_data,a taste of freedom,um gosto de liberdade,gemmaX,sem_prompt,gpt,prompt2,um gosto de liberdade,0.95
655,manual_data,a taste of freedom,um gosto de liberdade,gemmaX,sem_prompt,gpt,prompt4,um gosto de liberdade,0.95
655,manual_data,a taste of freedom,um gosto de liberdade,gemmaX,sem_prompt,gemini,prompt2,Um gostinho de liberdade.,0.8868
655,manual_data,a taste of freedom,um gosto de liberdade,gemmaX,sem_prompt,gemini,prompt4,Um gostinho da liberdade.,0.8778
655,manual_data,a taste of freedom,um gosto de liberdade,gemmaX,sem_prompt,gemma3,prompt2,Um gostinho de liberdade.,0.8868
655,manual_data,a taste of freedom,um gosto de liberdade,gemmaX,sem_prompt,gemma3,prompt4,Um sopro de alívio.,0.8671
153,manual_data,They watched a movie on the weekend.,"Eles assistiram a um filme no fim de semana.
",gemini,prompt2,gpt,prompt2,Eles assistiram a um filme no fim de semana.,0.9543
153,manual_data,They watched a movie on the weekend.,"Eles assistiram a um filme no fim de semana.
",gemini,prompt2,gpt,prompt4,Eles assistiram a um filme no fim de semana.,0.9543
153,manual_data,They watched a movie on the weekend.,"Eles assistiram a um filme no fim de semana.
",gemini,prompt2,gemini,prompt4,"No fim de semana, eles se embalaram num filme.",0.9384
153,manual_data,They watched a movie on the weekend.,"Eles assistiram a um filme no fim de semana.
",gemini,prompt2,gemma3,prompt2,Eles assistiram a um filme no fim de semana.,0.9543
153,manual_data,They watched a movie on the weekend.,"Eles assistiram a um filme no fim de semana.
",gemini,prompt2,gemma3,prompt4,Eles se perderam na tela do fim de semana.,0.9517
153,manual_data,They watched a movie on the weekend.,"Eles assistiram a um filme no fim de semana.
",gemini,prompt2,gemmaX,sem_prompt,Eles assistiram a um filme no fim de semana.,0.9543
544,manual_data,She took the train to the city.,"Ela pegou o trem para a cidade.
",gemma3,prompt2,gpt,prompt2,Ela pegou o trem para a cidade.,0.956
544,manual_data,She took the train to the city.,"Ela pegou o trem para a cidade.
",gemma3,prompt2,gpt,prompt4,Ela pegou o trem para a cidade.,0.956
544,manual_data,She took the train to the city.,"Ela pegou o trem para a cidade.
",gemma3,prompt2,gemini,prompt2,Ela pegou o trem para a cidade.,0.956
544,manual_data,She took the train to the city.,"Ela pegou o trem para a cidade.
",gemma3,prompt2,gemini,prompt4,Ela embarcou na locomotiva para a metrópole.,0.9067
544,manual_data,She took the train to the city.,"Ela pegou o trem para a cidade.
",gemma3,prompt2,gemma3,prompt4,Ela embarcou nos trilhos rumo à metrópole.,0.8841
544,manual_data,She took the train to the city.,"Ela pegou o trem para a cidade.
",gemma3,prompt2,gemmaX,sem_prompt,Ela pegou o trem para a cidade.,0.956
311,manual_data,all that glitters is not gold,Nem tudo que brilha é ouro.,gpt,prompt2,gpt,prompt4,Nem tudo que reluz é ouro.,0.9262
311,manual_data,all that glitters is not gold,Nem tudo que brilha é ouro.,gpt,prompt2,gemini,prompt2,Nem tudo que reluz é ouro.,0.9262
311,manual_data,all that glitters is not gold,Nem tudo que brilha é ouro.,gpt,prompt2,gemini,prompt4,Nem tudo que reluz é ouro.,0.9262
311,manual_data,all that glitters is not gold,Nem tudo que brilha é ouro.,gpt,prompt2,gemma3,prompt2,Nem tudo que reluz é ouro.,0.9262
311,manual_data,all that glitters is not gold,Nem tudo que brilha é ouro.,gpt,prompt2,gemma3,prompt4,Nem tudo que reluz é ouro.,0.9262
311,manual_data,all that glitters is not gold,Nem tudo que brilha é ouro.,gpt,prompt2,gemmaX,sem_prompt,Nem tudo o que brilha é ouro,0.9475
21,manual_data,an open book,"Um livro aberto
",gemini,prompt2,gpt,prompt2,um livro aberto,0.9466
21,manual_data,an open book,"Um livro aberto
",gemini,prompt2,gpt,prompt4,um livro aberto,0.9466
21,manual_data,an open book,"Um livro aberto
",gemini,prompt2,gemini,prompt4,Um livro aberto.,0.8911
21,manual_data,an open book,"Um livro aberto
",gemini,prompt2,gemma3,prompt2,Um livro aberto.,0.8911
21,manual_data,an open book,"Um livro aberto
",gemini,prompt2,gemma3,prompt4,Um livro aberto.,0.8911
21,manual_data,an open book,"Um livro aberto
",gemini,prompt2,gemmaX,sem_prompt,um livro aberto,0.9466
291,manual_data,a ray of hope,"Um raio de esperança
",gemini,prompt2,gpt,prompt2,um raio de esperança,0.956
291,manual_data,a ray of hope,"Um raio de esperança
",gemini,prompt2,gpt,prompt4,raio de esperança,0.9274
291,manual_data,a ray of hope,"Um raio de esperança
",gemini,prompt2,gemini,prompt4,Um raio de esperança.,0.8961
291,manual_data,a ray of hope,"Um raio de esperança
",gemini,prompt2,gemma3,prompt2,Um raio de esperança,0.9592
291,manual_data,a ray of hope,"Um raio de esperança
",gemini,prompt2,gemma3,prompt4,Um raio de luz na escuridão.,0.8762
291,manual_data,a ray of hope,"Um raio de esperança
",gemini,prompt2,gemmaX,sem_prompt,um raio de esperança,0.956
209,manual_data,He wrote a letter to his friend.,"Ele escreveu uma carta para o amigo dele.
",gemini,prompt2,gpt,prompt2,Ele escreveu uma carta para seu amigo.,0.9751
209,manual_data,He wrote a letter to his friend.,"Ele escreveu uma carta para o amigo dele.
",gemini,prompt2,gpt,prompt4,Ele escreveu uma carta para o amigo.,0.9743
209,manual_data,He wrote a letter to his friend.,"Ele escreveu uma carta para o amigo dele.
",gemini,prompt2,gemini,prompt4,Ele teceu uma carta ao amigo.,0.9577
209,manual_data,He wrote a letter to his friend.,"Ele escreveu uma carta para o amigo dele.
",gemini,prompt2,gemma3,prompt2,Ele escreveu uma carta para o seu amigo.,0.9818
209,manual_data,He wrote a letter to his friend.,"Ele escreveu uma carta para o amigo dele.
",gemini,prompt2,gemma3,prompt4,Ele desfolhou um bilhete para o amigo.,0.9169
209,manual_data,He wrote a letter to his friend.,"Ele escreveu uma carta para o amigo dele.
",gemini,prompt2,gemmaX,sem_prompt,Ele escreveu uma carta para seu amigo.,0.9751
575,manual_data,I like to read books in the evening.,Eu gosto de ler livros à noite.,gpt,prompt2,gpt,prompt4,Gosto de mergulhar em livros à noite.,0.9239
575,manual_data,I like to read books in the evening.,Eu gosto de ler livros à noite.,gpt,prompt2,gemini,prompt2,Gosto de ler livros à noite.,0.9338
575,manual_data,I like to read books in the evening.,Eu gosto de ler livros à noite.,gpt,prompt2,gemini,prompt4,"Adoro navegar nos mares da noite, embalado pelas palavras dos livros.",0.8994
575,manual_data,I like to read books in the evening.,Eu gosto de ler livros à noite.,gpt,prompt2,gemma3,prompt2,Eu gosto de ler livros à noite.,0.95
575,manual_data,I like to read books in the evening.,Eu gosto de ler livros à noite.,gpt,prompt2,gemma3,prompt4,Acalmo a alma com as páginas ao cair da noite.,0.8882
575,manual_data,I like to read books in the evening.,Eu gosto de ler livros à noite.,gpt,prompt2,gemmaX,sem_prompt,Gosto de ler livros à noite.,0.9338
660,manual_data,back to basics,de volta ao básico,gpt,prompt2,gpt,prompt4,de volta aos fundamentos,0.9559
660,manual_data,back to basics,de volta ao básico,gpt,prompt2,gemini,prompt2,De volta ao básico,0.9456
660,manual_data,back to basics,de volta ao básico,gpt,prompt2,gemini,prompt4,De volta ao básico.,0.8932
660,manual_data,back to basics,de volta ao básico,gpt,prompt2,gemma3,prompt2,Voltar ao básico,0.8562
660,manual_data,back to basics,de volta ao básico,gpt,prompt2,gemma3,prompt4,Voltar ao essencial.,0.8753
660,manual_data,back to basics,de volta ao básico,gpt,prompt2,gemmaX,sem_prompt,back to basics,0.8891
352,manual_data,I called my friend last night.,Eu liguei para o meu amigo na noite passada.,gpt,prompt2,gpt,prompt4,Eu liguei para meu amigo ontem à noite.,0.9926
352,manual_data,I called my friend last night.,Eu liguei para o meu amigo na noite passada.,gpt,prompt2,gemini,prompt2,Liguei para meu amigo ontem à noite.,0.9844
352,manual_data,I called my friend last night.,Eu liguei para o meu amigo na noite passada.,gpt,prompt2,gemini,prompt4,Liguei para o meu amigo ontem à noite.,0.9878
352,manual_data,I called my friend last night.,Eu liguei para o meu amigo na noite passada.,gpt,prompt2,gemma3,prompt2,Eu liguei para meu amigo ontem à noite.,0.9926
352,manual_data,I called my friend last night.,Eu liguei para o meu amigo na noite passada.,gpt,prompt2,gemma3,prompt4,Estiquei o fio da noite até o meu amigo.,0.938
352,manual_data,I called my friend last night.,Eu liguei para o meu amigo na noite passada.,gpt,prompt2,gemmaX,sem_prompt,Eu liguei para o meu amigo ontem à noite.,0.9879
507,manual_data,back to the grind,De volta à rotina.,gemma3,prompt2,gpt,prompt2,de volta à rotina,0.8786
507,manual_data,back to the grind,De volta à rotina.,gemma3,prompt2,gpt,prompt4,De volta à ativa.,0.9027
507,manual_data,back to the grind,De volta à rotina.,gemma3,prompt2,gemini,prompt2,De volta à labuta,0.8517
507,manual_data,back to the grind,De volta à rotina.,gemma3,prompt2,gemini,prompt4,De volta à labuta.,0.8822
507,manual_data,back to the grind,De volta à rotina.,gemma3,prompt2,gemma3,prompt4,De volta à labuta.,0.8822
507,manual_data,back to the grind,De volta à rotina.,gemma3,prompt2,gemmaX,sem_prompt,de volta ao trabalho,0.9408
55,manual_data,She took a shower in the morning.,Ela tomou um banho de manhã.,gpt,prompt2,gpt,prompt4,Ela tomou um banho pela manhã.,0.9539
55,manual_data,She took a shower in the morning.,Ela tomou um banho de manhã.,gpt,prompt2,gemini,prompt2,Ela tomou banho de manhã.,0.9656
55,manual_data,She took a shower in the morning.,Ela tomou um banho de manhã.,gpt,prompt2,gemini,prompt4,Ela se lavou com a aurora.,0.8779
55,manual_data,She took a shower in the morning.,Ela tomou um banho de manhã.,gpt,prompt2,gemma3,prompt2,Ela tomou um banho pela manhã.,0.9539
55,manual_data,She took a shower in the morning.,Ela tomou um banho de manhã.,gpt,prompt2,gemma3,prompt4,Ela lavou a alma pela manhã.,0.9212
55,manual_data,She took a shower in the morning.,Ela tomou um banho de manhã.,gpt,prompt2,gemmaX,sem_prompt,Ela tomou um banho de manhã.,0.95
73,manual_data,"another day, another dollar","Mais um dia, mais um dólar.",gpt,prompt2,gpt,prompt4,"Mais um dia, mais um trocado.",0.9442
73,manual_data,"another day, another dollar","Mais um dia, mais um dólar.",gpt,prompt2,gemini,prompt2,"Mais um dia, mais um dólar.",0.95
73,manual_data,"another day, another dollar","Mais um dia, mais um dólar.",gpt,prompt2,gemini,prompt4,"Mais um dia, mais um trocado.",0.9442
73,manual_data,"another day, another dollar","Mais um dia, mais um dólar.",gpt,prompt2,gemma3,prompt2,"Mais um dia, mais um dólar.",0.95
73,manual_data,"another day, another dollar","Mais um dia, mais um dólar.",gpt,prompt2,gemma3,prompt4,"Mais um dia, mais um suor.",0.9405
73,manual_data,"another day, another dollar","Mais um dia, mais um dólar.",gpt,prompt2,gemmaX,sem_prompt,"Outro dia, outro dólar",0.9535
701,manual_data,She is making a smoothie for breakfast.,Ela está fazendo um smoothie para o café da manhã.,gpt,prompt2,gpt,prompt4,Ela está preparando um batido para o café da manhã.,0.9625
701,manual_data,She is making a smoothie for breakfast.,Ela está fazendo um smoothie para o café da manhã.,gpt,prompt2,gemini,prompt2,Ela está fazendo um smoothie para o café da manhã.,0.95
701,manual_data,She is making a smoothie for breakfast.,Ela está fazendo um smoothie para o café da manhã.,gpt,prompt2,gemini,prompt4,Ela está preparando um raio de sol para o café da manhã.,0.9442
701,manual_data,She is making a smoothie for breakfast.,Ela está fazendo um smoothie para o café da manhã.,gpt,prompt2,gemma3,prompt2,Ela está fazendo um smoothie para o café da manhã.,0.95
701,manual_data,She is making a smoothie for breakfast.,Ela está fazendo um smoothie para o café da manhã.,gpt,prompt2,gemma3,prompt4,Ela está preparando um elixir matinal.,0.9284
701,manual_data,She is making a smoothie for breakfast.,Ela está fazendo um smoothie para o café da manhã.,gpt,prompt2,gemmaX,sem_prompt,Ela está fazendo um smoothie para o café da manhã.,0.95
270,manual_data,I visited my parents last weekend.,"Visitei meus pais no fim de semana passado.
",gemini,prompt2,gpt,prompt2,Eu visitei meus pais no último fim de semana.,0.9767
270,manual_data,I visited my parents last weekend.,"Visitei meus pais no fim de semana passado.
",gemini,prompt2,gpt,prompt4,Eu fui visitar meus pais no último fim de semana.,0.9671
270,manual_data,I visited my parents last weekend.,"Visitei meus pais no fim de semana passado.
",gemini,prompt2,gemini,prompt4,Fui visitar meus pais no fim de semana passado.,0.9473
270,manual_data,I visited my parents last weekend.,"Visitei meus pais no fim de semana passado.
",gemini,prompt2,gemma3,prompt2,Visitei meus pais no fim de semana passado.,0.9544
270,manual_data,I visited my parents last weekend.,"Visitei meus pais no fim de semana passado.
",gemini,prompt2,gemma3,prompt4,Passei para ver meus pais no fim de semana que foi.,0.9467
270,manual_data,I visited my parents last weekend.,"Visitei meus pais no fim de semana passado.
",gemini,prompt2,gemmaX,sem_prompt,Visitei os meus pais no fim-de-semana passado.,0.8956
601,manual_data,She is making a salad for lunch.,Ela está fazendo uma salada para o almoço.,gpt,prompt2,gpt,prompt4,Ela está preparando uma salada para o almoço.,0.964
601,manual_data,She is making a salad for lunch.,Ela está fazendo uma salada para o almoço.,gpt,prompt2,gemini,prompt2,Ela está fazendo uma salada para o almoço.,0.95
601,manual_data,She is making a salad for lunch.,Ela está fazendo uma salada para o almoço.,gpt,prompt2,gemini,prompt4,Ela está preparando uma salada para o almoço.,0.964
601,manual_data,She is making a salad for lunch.,Ela está fazendo uma salada para o almoço.,gpt,prompt2,gemma3,prompt2,Ela está fazendo uma salada para o almoço.,0.95
601,manual_data,She is making a salad for lunch.,Ela está fazendo uma salada para o almoço.,gpt,prompt2,gemma3,prompt4,Ela está montando um banquete verde para o almoço.,0.9528
601,manual_data,She is making a salad for lunch.,Ela está fazendo uma salada para o almoço.,gpt,prompt2,gemmaX,sem_prompt,Ela está fazendo uma salada para o almoço.,0.95
703,manual_data,better late than never,"Antes tarde do que nunca.
",gemini,prompt2,gpt,prompt2,Antes tarde do que nunca.,0.9574
703,manual_data,better late than never,"Antes tarde do que nunca.
",gemini,prompt2,gpt,prompt4,Antes tarde do que nunca.,0.9574
703,manual_data,better late than never,"Antes tarde do que nunca.
",gemini,prompt2,gemini,prompt4,Antes tarde do que nunca.,0.9574
703,manual_data,better late than never,"Antes tarde do que nunca.
",gemini,prompt2,gemma3,prompt2,Mais vale tarde do que nunca.,0.9472
703,manual_data,better late than never,"Antes tarde do que nunca.
",gemini,prompt2,gemma3,prompt4,Mais vale um dia de atraso do que nunca.,0.8837
703,manual_data,better late than never,"Antes tarde do que nunca.
",gemini,prompt2,gemmaX,sem_prompt,melhor tarde do que nunca,0.9435
487,manual_data,The train arrived at the station on time.,"O trem chegou à estação na hora certa.
",gemini,prompt2,gpt,prompt2,O trem chegou à estação na hora certa.,0.9549
487,manual_data,The train arrived at the station on time.,"O trem chegou à estação na hora certa.
",gemini,prompt2,gpt,prompt4,O trem chegou à estação pontualmente.,0.9493
487,manual_data,The train arrived at the station on time.,"O trem chegou à estação na hora certa.
",gemini,prompt2,gemini,prompt4,O trem chegou à estação na hora marcada.,0.9645
487,manual_data,The train arrived at the station on time.,"O trem chegou à estação na hora certa.
",gemini,prompt2,gemma3,prompt2,O trem chegou à estação no horário.,0.9679
487,manual_data,The train arrived at the station on time.,"O trem chegou à estação na hora certa.
",gemini,prompt2,gemma3,prompt4,O trem chegou à estação no ponto marcado.,0.966
487,manual_data,The train arrived at the station on time.,"O trem chegou à estação na hora certa.
",gemini,prompt2,gemmaX,sem_prompt,O comboio chegou à estação no horário.,0.9595
576,manual_data,They went to a museum last month.,Eles foram a um museu no mês passado.,gpt,prompt2,gpt,prompt4,Eles visitaram um museu no mês passado.,0.9654
576,manual_data,They went to a museum last month.,Eles foram a um museu no mês passado.,gpt,prompt2,gemini,prompt2,Eles foram a um museu no mês passado.,0.95
576,manual_data,They went to a museum last month.,Eles foram a um museu no mês passado.,gpt,prompt2,gemini,prompt4,"No mês passado, eles fizeram uma visita ao templo das musas.",0.9384
576,manual_data,They went to a museum last month.,Eles foram a um museu no mês passado.,gpt,prompt2,gemma3,prompt2,Eles foram a um museu no mês passado.,0.95
576,manual_data,They went to a museum last month.,Eles foram a um museu no mês passado.,gpt,prompt2,gemma3,prompt4,Visitaram um espelho do tempo no mês passado.,0.9353
576,manual_data,They went to a museum last month.,Eles foram a um museu no mês passado.,gpt,prompt2,gemmaX,sem_prompt,Eles foram a um museu no mês passado.,0.95
511,manual_data,a fish out of water,"Um peixe fora d'água
",gemini,prompt2,gpt,prompt2,um peixe fora d'água,0.9512
511,manual_data,a fish out of water,"Um peixe fora d'água
",gemini,prompt2,gpt,prompt4,peixe fora d'água,0.9674
511,manual_data,a fish out of water,"Um peixe fora d'água
",gemini,prompt2,gemini,prompt4,Peixe fora d'água.,0.8939
511,manual_data,a fish out of water,"Um peixe fora d'água
",gemini,prompt2,gemma3,prompt2,Um peixe fora d'água.,0.9176
511,manual_data,a fish out of water,"Um peixe fora d'água
",gemini,prompt2,gemma3,prompt4,Peixe fora d'água.,0.8939
511,manual_data,a fish out of water,"Um peixe fora d'água
",gemini,prompt2,gemmaX,sem_prompt,um peixe fora d'água,0.9512
266,manual_data,a fish out of water,"Um peixe fora d'água
",gemini,prompt2,gpt,prompt2,um peixe fora d'água,0.9512
266,manual_data,a fish out of water,"Um peixe fora d'água
",gemini,prompt2,gpt,prompt4,peixe fora d'água,0.9674
266,manual_data,a fish out of water,"Um peixe fora d'água
",gemini,prompt2,gemini,prompt4,Peixe fora d'água,0.9057
266,manual_data,a fish out of water,"Um peixe fora d'água
",gemini,prompt2,gemma3,prompt2,Um peixe fora d'água,0.9592
266,manual_data,a fish out of water,"Um peixe fora d'água
",gemini,prompt2,gemma3,prompt4,Pescador em terra.,0.8672
266,manual_data,a fish out of water,"Um peixe fora d'água
",gemini,prompt2,gemmaX,sem_prompt,um peixe fora d'água,0.9512
28,manual_data,food for thought,alimento para a reflexão,gpt,prompt2,gpt,prompt4,comida para pensar,0.9426
28,manual_data,food for thought,alimento para a reflexão,gpt,prompt2,gemini,prompt2,Comida para pensar,0.8788
28,manual_data,food for thought,alimento para a reflexão,gpt,prompt2,gemini,prompt4,Comida para a mente.,0.8562
28,manual_data,food for thought,alimento para a reflexão,gpt,prompt2,gemma3,prompt2,Comida para pensar.,0.8719
28,manual_data,food for thought,alimento para a reflexão,gpt,prompt2,gemma3,prompt4,Comida para a mente.,0.8562
28,manual_data,food for thought,alimento para a reflexão,gpt,prompt2,gemmaX,sem_prompt,comida para pensar,0.9426
430,manual_data,I am learning how to cook.,"Estou aprendendo a cozinhar.
",gemini,prompt2,gpt,prompt2,Estou aprendendo a cozinhar.,0.9567
430,manual_data,I am learning how to cook.,"Estou aprendendo a cozinhar.
",gemini,prompt2,gpt,prompt4,Estou aprendendo a arte da culinária.,0.9438
430,manual_data,I am learning how to cook.,"Estou aprendendo a cozinhar.
",gemini,prompt2,gemini,prompt4,Estou botando a mão na massa.,0.9096
430,manual_data,I am learning how to cook.,"Estou aprendendo a cozinhar.
",gemini,prompt2,gemma3,prompt2,Estou aprendendo a cozinhar.,0.9567
430,manual_data,I am learning how to cook.,"Estou aprendendo a cozinhar.
",gemini,prompt2,gemma3,prompt4,Estou desvendando os segredos da cozinha.,0.9295
430,manual_data,I am learning how to cook.,"Estou aprendendo a cozinhar.
",gemini,prompt2,gemmaX,sem_prompt,Estou a aprender a cozinhar.,0.9647
663,manual_data,She brushed her teeth before bed.,Ela escovou os dentes antes de dormir.,gemma3,prompt2,gpt,prompt2,Ela escovou os dentes antes de dormir.,0.95
663,manual_data,She brushed her teeth before bed.,Ela escovou os dentes antes de dormir.,gemma3,prompt2,gpt,prompt4,Ela escovou os dentes antes de dormir.,0.95
663,manual_data,She brushed her teeth before bed.,Ela escovou os dentes antes de dormir.,gemma3,prompt2,gemini,prompt2,Ela escovou os dentes antes de dormir.,0.95
663,manual_data,She brushed her teeth before bed.,Ela escovou os dentes antes de dormir.,gemma3,prompt2,gemini,prompt4,Escovou a alma antes de dormir.,0.9365
663,manual_data,She brushed her teeth before bed.,Ela escovou os dentes antes de dormir.,gemma3,prompt2,gemma3,prompt4,Ela preparou suas armas para a noite.,0.8939
663,manual_data,She brushed her teeth before bed.,Ela escovou os dentes antes de dormir.,gemma3,prompt2,gemmaX,sem_prompt,Ela escoou os dentes antes de dormir.,0.9388
331,manual_data,She is playing with her children in the garden.,"Ela está brincando com seus filhos no jardim.
",gemini,prompt2,gpt,prompt2,Ela está brincando com os filhos no jardim.,0.9565
331,manual_data,She is playing with her children in the garden.,"Ela está brincando com seus filhos no jardim.
",gemini,prompt2,gpt,prompt4,Ela está brincando com seus filhos no jardim.,0.9542
331,manual_data,She is playing with her children in the garden.,"Ela está brincando com seus filhos no jardim.
",gemini,prompt2,gemini,prompt4,"Ela brinca com os filhos no jardim, tecendo a vida.",0.9443
331,manual_data,She is playing with her children in the garden.,"Ela está brincando com seus filhos no jardim.
",gemini,prompt2,gemma3,prompt2,Ela está brincando com seus filhos no jardim.,0.9542
331,manual_data,She is playing with her children in the garden.,"Ela está brincando com seus filhos no jardim.
",gemini,prompt2,gemma3,prompt4,"Ela tece sorrisos no jardim, embalada pelos seus filhos.",0.9339
331,manual_data,She is playing with her children in the garden.,"Ela está brincando com seus filhos no jardim.
",gemini,prompt2,gemmaX,sem_prompt,Ela está brincando com seus filhos no jardim.,0.9542
292,manual_data,They are painting the walls of their house.,Eles estão pintando as paredes da casa deles.,gpt,prompt2,gpt,prompt4,Eles estão colorindo as paredes de sua casa.,0.9867
292,manual_data,They are painting the walls of their house.,Eles estão pintando as paredes da casa deles.,gpt,prompt2,gemini,prompt2,Eles estão pintando as paredes da casa deles.,0.95
292,manual_data,They are painting the walls of their house.,Eles estão pintando as paredes da casa deles.,gpt,prompt2,gemini,prompt4,Eles estão dando cor à vida da casa.,0.948
292,manual_data,They are painting the walls of their house.,Eles estão pintando as paredes da casa deles.,gpt,prompt2,gemma3,prompt2,Eles estão pintando as paredes de sua casa.,0.969
292,manual_data,They are painting the walls of their house.,Eles estão pintando as paredes da casa deles.,gpt,prompt2,gemma3,prompt4,Eles estão vestindo as paredes de sua casa com cor.,0.9558
292,manual_data,They are painting the walls of their house.,Eles estão pintando as paredes da casa deles.,gpt,prompt2,gemmaX,sem_prompt,Estão a pintar as paredes da sua casa.,0.9325
50,manual_data,blood is thicker than water,O sangue é mais grosso que a água.,gemma3,prompt2,gpt,prompt2,sangue é mais espesso que água,0.9409
50,manual_data,blood is thicker than water,O sangue é mais grosso que a água.,gemma3,prompt2,gpt,prompt4,Sangue bom não se esquece.,0.8592
50,manual_data,blood is thicker than water,O sangue é mais grosso que a água.,gemma3,prompt2,gemini,prompt2,Sangue do meu sangue.,0.8842
50,manual_data,blood is thicker than water,O sangue é mais grosso que a água.,gemma3,prompt2,gemini,prompt4,Sangue do meu sangue.,0.8842
50,manual_data,blood is thicker than water,O sangue é mais grosso que a água.,gemma3,prompt2,gemma3,prompt4,Laços de sangue são mais fortes que laços de água.,0.9227
50,manual_data,blood is thicker than water,O sangue é mais grosso que a água.,gemma3,prompt2,gemmaX,sem_prompt,O sangue é mais espesso do que a água,0.9546
316,manual_data,He is writing an essay for school.,Ele está escrevendo uma redação para a escola.,gemma3,prompt2,gpt,prompt2,Ele está escrevendo um ensaio para a escola.,0.9558
316,manual_data,He is writing an essay for school.,Ele está escrevendo uma redação para a escola.,gemma3,prompt2,gpt,prompt4,Ele está escrevendo uma redação para a escola.,0.95
316,manual_data,He is writing an essay for school.,Ele está escrevendo uma redação para a escola.,gemma3,prompt2,gemini,prompt2,Ele está escrevendo uma redação para a escola.,0.95
316,manual_data,He is writing an essay for school.,Ele está escrevendo uma redação para a escola.,gemma3,prompt2,gemini,prompt4,Ele está botando as tripas no papel.,0.9303
316,manual_data,He is writing an essay for school.,Ele está escrevendo uma redação para a escola.,gemma3,prompt2,gemma3,prompt4,Ele está tecendo palavras para a escola.,0.945
316,manual_data,He is writing an essay for school.,Ele está escrevendo uma redação para a escola.,gemma3,prompt2,gemmaX,sem_prompt,Ele está escrevendo um ensaio para a escola.,0.9558
455,manual_data,He played video games all evening.,Ele jogou video games a noite toda.,gemmaX,sem_prompt,gpt,prompt2,Ele jogou videogames a noite toda.,0.9499
455,manual_data,He played video games all evening.,Ele jogou video games a noite toda.,gemmaX,sem_prompt,gpt,prompt4,Ele passou a noite mergulhado em videogames.,0.9319
455,manual_data,He played video games all evening.,Ele jogou video games a noite toda.,gemmaX,sem_prompt,gemini,prompt2,Ele jogou videogame a noite toda.,0.9471
455,manual_data,He played video games all evening.,Ele jogou video games a noite toda.,gemmaX,sem_prompt,gemini,prompt4,Ele devorou videogames a noite inteira.,0.9184
455,manual_data,He played video games all evening.,Ele jogou video games a noite toda.,gemmaX,sem_prompt,gemma3,prompt2,Ele jogou videogame a noite toda.,0.9471
455,manual_data,He played video games all evening.,Ele jogou video games a noite toda.,gemmaX,sem_prompt,gemma3,prompt4,Ele se perdeu no labirinto digital da noite toda.,0.9239
581,manual_data,They met their friends at the café.,"Eles encontraram seus amigos no café.
",gemini,prompt2,gpt,prompt2,Eles se encontraram com os amigos no café.,0.9498
581,manual_data,They met their friends at the café.,"Eles encontraram seus amigos no café.
",gemini,prompt2,gpt,prompt4,Eles se encontraram com os amigos no café.,0.9498
581,manual_data,They met their friends at the café.,"Eles encontraram seus amigos no café.
",gemini,prompt2,gemini,prompt4,Encontraram seus amigos no café.,0.9195
581,manual_data,They met their friends at the café.,"Eles encontraram seus amigos no café.
",gemini,prompt2,gemma3,prompt2,Eles encontraram seus amigos no café.,0.9551
581,manual_data,They met their friends at the café.,"Eles encontraram seus amigos no café.
",gemini,prompt2,gemma3,prompt4,Encontraram-se com os amigos no café.,0.9269
581,manual_data,They met their friends at the café.,"Eles encontraram seus amigos no café.
",gemini,prompt2,gemmaX,sem_prompt,Eles encontraram seus amigos no café.,0.9551
407,manual_data,She is putting on her shoes.,"Ela está calçando os sapatos.
",gemini,prompt2,gpt,prompt2,Ela está colocando os sapatos.,0.9514
407,manual_data,She is putting on her shoes.,"Ela está calçando os sapatos.
",gemini,prompt2,gpt,prompt4,Ela está calçando os sapatos.,0.9564
407,manual_data,She is putting on her shoes.,"Ela está calçando os sapatos.
",gemini,prompt2,gemini,prompt4,Ela está calçando os sapatos da vida.,0.9632
407,manual_data,She is putting on her shoes.,"Ela está calçando os sapatos.
",gemini,prompt2,gemma3,prompt2,Ela está calçando os sapatos.,0.9564
407,manual_data,She is putting on her shoes.,"Ela está calçando os sapatos.
",gemini,prompt2,gemma3,prompt4,Ela está calçando a vida.,0.9608
407,manual_data,She is putting on her shoes.,"Ela está calçando os sapatos.
",gemini,prompt2,gemmaX,sem_prompt,Ela está colocando os sapatos.,0.9514
192,manual_data,a penny for your thoughts,um centavo por seus pensamentos,gemmaX,sem_prompt,gpt,prompt2,Um centavo pelos seus pensamentos.,0.9205
192,manual_data,a penny for your thoughts,um centavo por seus pensamentos,gemmaX,sem_prompt,gpt,prompt4,Um real por seus pensamentos.,0.9224
192,manual_data,a penny for your thoughts,um centavo por seus pensamentos,gemmaX,sem_prompt,gemini,prompt2,Um centavo pelos seus pensamentos.,0.9205
192,manual_data,a penny for your thoughts,um centavo por seus pensamentos,gemmaX,sem_prompt,gemini,prompt4,Um tostão pelos seus pensamentos.,0.9075
192,manual_data,a penny for your thoughts,um centavo por seus pensamentos,gemmaX,sem_prompt,gemma3,prompt2,Um centavo pelo seu pensamento.,0.9132
192,manual_data,a penny for your thoughts,um centavo por seus pensamentos,gemmaX,sem_prompt,gemma3,prompt4,Compartilhe o que está pensando.,0.8463
84,manual_data,They are visiting a museum this afternoon.,Eles estão visitando um museu esta tarde.,gpt,prompt2,gpt,prompt4,Eles estão fazendo uma visita ao museu esta tarde.,0.983
84,manual_data,They are visiting a museum this afternoon.,Eles estão visitando um museu esta tarde.,gpt,prompt2,gemini,prompt2,Eles estão visitando um museu esta tarde.,0.95
84,manual_data,They are visiting a museum this afternoon.,Eles estão visitando um museu esta tarde.,gpt,prompt2,gemini,prompt4,Eles vão passear nos olhos da tarde por um museu.,0.9326
84,manual_data,They are visiting a museum this afternoon.,Eles estão visitando um museu esta tarde.,gpt,prompt2,gemma3,prompt2,Eles estão visitando um museu esta tarde.,0.95
84,manual_data,They are visiting a museum this afternoon.,Eles estão visitando um museu esta tarde.,gpt,prompt2,gemma3,prompt4,Eles estão peregrinando por um templo de memórias esta tarde.,0.9586
84,manual_data,They are visiting a museum this afternoon.,Eles estão visitando um museu esta tarde.,gpt,prompt2,gemmaX,sem_prompt,"Esta tarde, eles estão visitando um museu.",0.9896
52,manual_data,She went to the post office to send a package.,Ela foi à agência dos correios para enviar um pacote.,gemmaX,sem_prompt,gpt,prompt2,Ela foi ao correio para enviar um pacote.,0.9579
52,manual_data,She went to the post office to send a package.,Ela foi à agência dos correios para enviar um pacote.,gemmaX,sem_prompt,gpt,prompt4,Ela foi ao correio enviar uma encomenda.,0.9666
52,manual_data,She went to the post office to send a package.,Ela foi à agência dos correios para enviar um pacote.,gemmaX,sem_prompt,gemini,prompt2,Ela foi aos correios para enviar um pacote.,0.9644
52,manual_data,She went to the post office to send a package.,Ela foi à agência dos correios para enviar um pacote.,gemmaX,sem_prompt,gemini,prompt4,Ela foi aos correios despachar um pedaço de saudade.,0.9189
52,manual_data,She went to the post office to send a package.,Ela foi à agência dos correios para enviar um pacote.,gemmaX,sem_prompt,gemma3,prompt2,Ela foi ao correio para enviar um pacote.,0.9579
52,manual_data,She went to the post office to send a package.,Ela foi à agência dos correios para enviar um pacote.,gemmaX,sem_prompt,gemma3,prompt4,Ela foi aos correios entregar um pedaço de si.,0.9539
375,manual_data,They are playing chess at the table.,Eles estão jogando xadrez na mesa.,gpt,prompt2,gpt,prompt4,Eles estão jogando xadrez à mesa.,0.9386
375,manual_data,They are playing chess at the table.,Eles estão jogando xadrez na mesa.,gpt,prompt2,gemini,prompt2,Eles estão jogando xadrez na mesa.,0.95
375,manual_data,They are playing chess at the table.,Eles estão jogando xadrez na mesa.,gpt,prompt2,gemini,prompt4,Estão jogando xadrez na mesa.,0.9431
375,manual_data,They are playing chess at the table.,Eles estão jogando xadrez na mesa.,gpt,prompt2,gemma3,prompt2,Eles estão jogando xadrez na mesa.,0.95
375,manual_data,They are playing chess at the table.,Eles estão jogando xadrez na mesa.,gpt,prompt2,gemma3,prompt4,Eles estão travando uma batalha de estratégia à mesa.,0.9254
375,manual_data,They are playing chess at the table.,Eles estão jogando xadrez na mesa.,gpt,prompt2,gemmaX,sem_prompt,Estão a jogar xadrez na mesa.,0.9425
184,manual_data,burn bridges,"Queimar pontes
",gemini,prompt2,gpt,prompt2,queimar pontes,0.9237
184,manual_data,burn bridges,"Queimar pontes
",gemini,prompt2,gpt,prompt4,queimar pontes,0.9237
184,manual_data,burn bridges,"Queimar pontes
",gemini,prompt2,gemini,prompt4,Queimar as pontes.,0.9085
184,manual_data,burn bridges,"Queimar pontes
",gemini,prompt2,gemma3,prompt2,Queimar pontes,0.9629
184,manual_data,burn bridges,"Queimar pontes
",gemini,prompt2,gemma3,prompt4,Queimar as pontes.,0.9085
184,manual_data,burn bridges,"Queimar pontes
",gemini,prompt2,gemmaX,sem_prompt,queimar pontes,0.9237
85,manual_data,They are swimming at the pool.,"Eles estão nadando na piscina.
",gemini,prompt2,gpt,prompt2,Eles estão nadando na piscina.,0.9562
85,manual_data,They are swimming at the pool.,"Eles estão nadando na piscina.
",gemini,prompt2,gpt,prompt4,Eles estão mergulhando na piscina.,0.9367
85,manual_data,They are swimming at the pool.,"Eles estão nadando na piscina.
",gemini,prompt2,gemini,prompt4,Eles estão nadando na piscina.,0.9562
85,manual_data,They are swimming at the pool.,"Eles estão nadando na piscina.
",gemini,prompt2,gemma3,prompt2,Eles estão nadando na piscina.,0.9562
85,manual_data,They are swimming at the pool.,"Eles estão nadando na piscina.
",gemini,prompt2,gemma3,prompt4,Eles estão se afogando na piscina.,0.9131
85,manual_data,They are swimming at the pool.,"Eles estão nadando na piscina.
",gemini,prompt2,gemmaX,sem_prompt,Eles estão nadando na piscina.,0.9562
14,manual_data,an iron fist,um punho de ferro,gemmaX,sem_prompt,gpt,prompt2,uma mão de ferro,0.9368
14,manual_data,an iron fist,um punho de ferro,gemmaX,sem_prompt,gpt,prompt4,punho de ferro,0.9499
14,manual_data,an iron fist,um punho de ferro,gemmaX,sem_prompt,gemini,prompt2,Punho de ferro,0.9687
14,manual_data,an iron fist,um punho de ferro,gemmaX,sem_prompt,gemini,prompt4,Punho de ferro,0.9687
14,manual_data,an iron fist,um punho de ferro,gemmaX,sem_prompt,gemma3,prompt2,Punho de ferro,0.9687
14,manual_data,an iron fist,um punho de ferro,gemmaX,sem_prompt,gemma3,prompt4,Punho de ferro.,0.9289
657,manual_data,The weather is very cold today.,"O tempo está muito frio hoje.
",gemini,prompt2,gpt,prompt2,O tempo está muito frio hoje.,0.9564
657,manual_data,The weather is very cold today.,"O tempo está muito frio hoje.
",gemini,prompt2,gpt,prompt4,O tempo está muito frio hoje.,0.9564
657,manual_data,The weather is very cold today.,"O tempo está muito frio hoje.
",gemini,prompt2,gemini,prompt4,O frio hoje corta a carne.,0.9288
657,manual_data,The weather is very cold today.,"O tempo está muito frio hoje.
",gemini,prompt2,gemma3,prompt2,O tempo está muito frio hoje.,0.9564
657,manual_data,The weather is very cold today.,"O tempo está muito frio hoje.
",gemini,prompt2,gemma3,prompt4,O inverno mordeu forte hoje.,0.9149
657,manual_data,The weather is very cold today.,"O tempo está muito frio hoje.
",gemini,prompt2,gemmaX,sem_prompt,O tempo está muito frio hoje.,0.9564
401,manual_data,She is sending a letter to her friend.,Ela está enviando uma carta para sua amiga.,gemmaX,sem_prompt,gpt,prompt2,Ela está enviando uma carta para a amiga dela.,0.9613
401,manual_data,She is sending a letter to her friend.,Ela está enviando uma carta para sua amiga.,gemmaX,sem_prompt,gpt,prompt4,Ela está enviando uma carta para sua amiga.,0.95
401,manual_data,She is sending a letter to her friend.,Ela está enviando uma carta para sua amiga.,gemmaX,sem_prompt,gemini,prompt2,Ela está enviando uma carta para sua amiga.,0.95
401,manual_data,She is sending a letter to her friend.,Ela está enviando uma carta para sua amiga.,gemmaX,sem_prompt,gemini,prompt4,Ela está lançando uma carta para a amiga.,0.9592
401,manual_data,She is sending a letter to her friend.,Ela está enviando uma carta para sua amiga.,gemmaX,sem_prompt,gemma3,prompt2,Ela está enviando uma carta para sua amiga.,0.95
401,manual_data,She is sending a letter to her friend.,Ela está enviando uma carta para sua amiga.,gemmaX,sem_prompt,gemma3,prompt4,Ela está tecendo palavras para sua amiga.,0.947
368,manual_data,She visited the art gallery on Sunday.,Ela visitou a galeria de arte no domingo.,gpt,prompt2,gpt,prompt4,Ela visitou a galeria de arte no domingo.,0.95
368,manual_data,She visited the art gallery on Sunday.,Ela visitou a galeria de arte no domingo.,gpt,prompt2,gemini,prompt2,Ela visitou a galeria de arte no domingo.,0.95
368,manual_data,She visited the art gallery on Sunday.,Ela visitou a galeria de arte no domingo.,gpt,prompt2,gemini,prompt4,Ela passeou pelos quadros no domingo.,0.9476
368,manual_data,She visited the art gallery on Sunday.,Ela visitou a galeria de arte no domingo.,gpt,prompt2,gemma3,prompt2,Ela visitou a galeria de arte no domingo.,0.95
368,manual_data,She visited the art gallery on Sunday.,Ela visitou a galeria de arte no domingo.,gpt,prompt2,gemma3,prompt4,Ela passeou pelo templo das cores no domingo.,0.9414
368,manual_data,She visited the art gallery on Sunday.,Ela visitou a galeria de arte no domingo.,gpt,prompt2,gemmaX,sem_prompt,Ela visitou a galeria de arte no domingo.,0.95
106,manual_data,light at the end of the tunnel,"Luz no fim do túnel
",gemini,prompt2,gpt,prompt2,luz no fim do túnel,0.949
106,manual_data,light at the end of the tunnel,"Luz no fim do túnel
",gemini,prompt2,gpt,prompt4,luz no fim do túnel,0.949
106,manual_data,light at the end of the tunnel,"Luz no fim do túnel
",gemini,prompt2,gemini,prompt4,Luz no fim do túnel.,0.909
106,manual_data,light at the end of the tunnel,"Luz no fim do túnel
",gemini,prompt2,gemma3,prompt2,Uma luz no fim do túnel.,0.9053
106,manual_data,light at the end of the tunnel,"Luz no fim do túnel
",gemini,prompt2,gemma3,prompt4,Uma luz no fim do túnel.,0.9053
106,manual_data,light at the end of the tunnel,"Luz no fim do túnel
",gemini,prompt2,gemmaX,sem_prompt,luz no fim do túnel,0.949
276,manual_data,cold feet,pés frios,gemmaX,sem_prompt,gpt,prompt2,pé frio,0.9344
276,manual_data,cold feet,pés frios,gemmaX,sem_prompt,gpt,prompt4,arrepios,0.8477
276,manual_data,cold feet,pés frios,gemmaX,sem_prompt,gemini,prompt2,Pé frio,0.9177
276,manual_data,cold feet,pés frios,gemmaX,sem_prompt,gemini,prompt4,Pés frios.,0.8721
276,manual_data,cold feet,pés frios,gemmaX,sem_prompt,gemma3,prompt2,Falta de coragem,0.8413
276,manual_data,cold feet,pés frios,gemmaX,sem_prompt,gemma3,prompt4,Frio nos pés.,0.8631
183,manual_data,cold feet,pés frios,gemmaX,sem_prompt,gpt,prompt2,pé frio,0.9344
183,manual_data,cold feet,pés frios,gemmaX,sem_prompt,gpt,prompt4,pé atrás,0.8739
183,manual_data,cold feet,pés frios,gemmaX,sem_prompt,gemini,prompt2,Pé frio,0.9177
183,manual_data,cold feet,pés frios,gemmaX,sem_prompt,gemini,prompt4,Pés frios.,0.8721
183,manual_data,cold feet,pés frios,gemmaX,sem_prompt,gemma3,prompt2,Falta de coragem,0.8413
183,manual_data,cold feet,pés frios,gemmaX,sem_prompt,gemma3,prompt4,Frio nos pés.,0.8631
431,manual_data,She is wearing a red dress.,"Ela está vestindo um vestido vermelho.
",gemini,prompt2,gpt,prompt2,Ela está vestindo um vestido vermelho.,0.9549
431,manual_data,She is wearing a red dress.,"Ela está vestindo um vestido vermelho.
",gemini,prompt2,gpt,prompt4,Ela está vestindo um vestido vermelho.,0.9549
431,manual_data,She is wearing a red dress.,"Ela está vestindo um vestido vermelho.
",gemini,prompt2,gemini,prompt4,Ela está vestindo um vestido de fogo.,0.9522
431,manual_data,She is wearing a red dress.,"Ela está vestindo um vestido vermelho.
",gemini,prompt2,gemma3,prompt2,Ela está vestindo um vestido vermelho.,0.9549
431,manual_data,She is wearing a red dress.,"Ela está vestindo um vestido vermelho.
",gemini,prompt2,gemma3,prompt4,Ela veste um rubi.,0.9054
431,manual_data,She is wearing a red dress.,"Ela está vestindo um vestido vermelho.
",gemini,prompt2,gemmaX,sem_prompt,Ela está usando um vestido vermelho.,0.9516
621,manual_data,from the bottom of my heart,"Do fundo do meu coração
",gemini,prompt2,gpt,prompt2,do fundo do meu coração,0.9546
621,manual_data,from the bottom of my heart,"Do fundo do meu coração
",gemini,prompt2,gpt,prompt4,Do fundo do meu coração.,0.9124
621,manual_data,from the bottom of my heart,"Do fundo do meu coração
",gemini,prompt2,gemini,prompt4,Do fundo do meu coração,0.958
621,manual_data,from the bottom of my heart,"Do fundo do meu coração
",gemini,prompt2,gemma3,prompt2,Do fundo do meu coração.,0.9124
621,manual_data,from the bottom of my heart,"Do fundo do meu coração
",gemini,prompt2,gemma3,prompt4,Do fundo da alma.,0.8902
621,manual_data,from the bottom of my heart,"Do fundo do meu coração
",gemini,prompt2,gemmaX,sem_prompt,do fundo do meu coração,0.9546
390,manual_data,They are playing volleyball at the beach.,"Eles estão jogando vôlei na praia.
",gemini,prompt2,gpt,prompt2,Eles estão jogando vôlei na praia.,0.9555
390,manual_data,They are playing volleyball at the beach.,"Eles estão jogando vôlei na praia.
",gemini,prompt2,gpt,prompt4,Eles estão se divertindo na areia.,0.9415
390,manual_data,They are playing volleyball at the beach.,"Eles estão jogando vôlei na praia.
",gemini,prompt2,gemini,prompt4,Estão sacando alegrias na areia.,0.906
390,manual_data,They are playing volleyball at the beach.,"Eles estão jogando vôlei na praia.
",gemini,prompt2,gemma3,prompt2,Eles estão jogando vôlei na praia.,0.9555
390,manual_data,They are playing volleyball at the beach.,"Eles estão jogando vôlei na praia.
",gemini,prompt2,gemma3,prompt4,"Eles estão se divertindo na areia, buscando o ponto.",0.917
390,manual_data,They are playing volleyball at the beach.,"Eles estão jogando vôlei na praia.
",gemini,prompt2,gemmaX,sem_prompt,Estão a jogar à voleibol na praia.,0.8998
397,manual_data,I went to the store to buy some bread.,Eu fui à loja para comprar pão.,gpt,prompt2,gpt,prompt4,Fui à padaria comprar pão.,0.9563
397,manual_data,I went to the store to buy some bread.,Eu fui à loja para comprar pão.,gpt,prompt2,gemini,prompt2,Fui à loja comprar pão.,0.9798
397,manual_data,I went to the store to buy some bread.,Eu fui à loja para comprar pão.,gpt,prompt2,gemini,prompt4,Fui à padaria atrás do pão da vida.,0.9095
397,manual_data,I went to the store to buy some bread.,Eu fui à loja para comprar pão.,gpt,prompt2,gemma3,prompt2,Eu fui à loja comprar pão.,0.9758
397,manual_data,I went to the store to buy some bread.,Eu fui à loja para comprar pão.,gpt,prompt2,gemma3,prompt4,Fui à mercearia em busca de um pedaço do cotidiano.,0.8994
397,manual_data,I went to the store to buy some bread.,Eu fui à loja para comprar pão.,gpt,prompt2,gemmaX,sem_prompt,Fui à loja comprar pão.,0.9798
547,manual_data,They went for a walk in the park.,Eles foram passear no parque.,gpt,prompt2,gpt,prompt4,Eles foram dar uma volta no parque.,0.9661
547,manual_data,They went for a walk in the park.,Eles foram passear no parque.,gpt,prompt2,gemini,prompt2,Eles foram passear no parque.,0.95
547,manual_data,They went for a walk in the park.,Eles foram passear no parque.,gpt,prompt2,gemini,prompt4,Deram um passeio no parque da vida.,0.9301
547,manual_data,They went for a walk in the park.,Eles foram passear no parque.,gpt,prompt2,gemma3,prompt2,Eles foram passear no parque.,0.95
547,manual_data,They went for a walk in the park.,Eles foram passear no parque.,gpt,prompt2,gemma3,prompt4,Passearam um pouco na praça da vida.,0.9009
547,manual_data,They went for a walk in the park.,Eles foram passear no parque.,gpt,prompt2,gemmaX,sem_prompt,Eles foram dar uma caminhada no parque.,0.9693
97,manual_data,He washed his car yesterday.,"Ele lavou o carro dele ontem.
",gemini,prompt2,gpt,prompt2,Ele lavou o carro dele ontem.,0.9564
97,manual_data,He washed his car yesterday.,"Ele lavou o carro dele ontem.
",gemini,prompt2,gpt,prompt4,Ele deu um trato no carro ontem.,0.9533
97,manual_data,He washed his car yesterday.,"Ele lavou o carro dele ontem.
",gemini,prompt2,gemini,prompt4,Ontem ele deu um trato no possante.,0.8896
97,manual_data,He washed his car yesterday.,"Ele lavou o carro dele ontem.
",gemini,prompt2,gemma3,prompt2,Ele lavou o carro ontem.,0.985
97,manual_data,He washed his car yesterday.,"Ele lavou o carro dele ontem.
",gemini,prompt2,gemma3,prompt4,Ele deu um trato no carro ontem.,0.9533
97,manual_data,He washed his car yesterday.,"Ele lavou o carro dele ontem.
",gemini,prompt2,gemmaX,sem_prompt,Ele lavou seu carro ontem.,0.9818
556,manual_data,They are doing laundry in the basement.,"Eles estão lavando roupa no porão.
",gemini,prompt2,gpt,prompt2,Eles estão lavando roupa no porão.,0.9555
556,manual_data,They are doing laundry in the basement.,"Eles estão lavando roupa no porão.
",gemini,prompt2,gpt,prompt4,Eles estão lavando roupa suja no porão.,0.9509
556,manual_data,They are doing laundry in the basement.,"Eles estão lavando roupa no porão.
",gemini,prompt2,gemini,prompt4,Estão lavando roupa suja no porão.,0.9557
556,manual_data,They are doing laundry in the basement.,"Eles estão lavando roupa no porão.
",gemini,prompt2,gemma3,prompt2,Eles estão lavando roupa no porão.,0.9555
556,manual_data,They are doing laundry in the basement.,"Eles estão lavando roupa no porão.
",gemini,prompt2,gemma3,prompt4,Eles estão varrendo a sujeira no porão.,0.9367
556,manual_data,They are doing laundry in the basement.,"Eles estão lavando roupa no porão.
",gemini,prompt2,gemmaX,sem_prompt,Estão a lavar roupa na cave.,0.9268
239,manual_data,live in a glass house,"Morar em casa de vidro
",gemini,prompt2,gpt,prompt2,viver em uma casa de vidro,0.9709
239,manual_data,live in a glass house,"Morar em casa de vidro
",gemini,prompt2,gpt,prompt4,Viver em uma casa de vidro.,0.9428
239,manual_data,live in a glass house,"Morar em casa de vidro
",gemini,prompt2,gemini,prompt4,Viver em casa de vidro.,0.9268
239,manual_data,live in a glass house,"Morar em casa de vidro
",gemini,prompt2,gemma3,prompt2,Mora em uma casa de vidro.,0.8986
239,manual_data,live in a glass house,"Morar em casa de vidro
",gemini,prompt2,gemma3,prompt4,Viver em um aquário.,0.8795
239,manual_data,live in a glass house,"Morar em casa de vidro
",gemini,prompt2,gemmaX,sem_prompt,viver numa casa de vidro,0.9467
173,manual_data,fingers crossed,"Dedos cruzados
",gemini,prompt2,gpt,prompt2,dedos cruzados,0.9432
173,manual_data,fingers crossed,"Dedos cruzados
",gemini,prompt2,gpt,prompt4,Dedos cruzados.,0.8965
173,manual_data,fingers crossed,"Dedos cruzados
",gemini,prompt2,gemini,prompt4,Dedos cruzados.,0.8965
173,manual_data,fingers crossed,"Dedos cruzados
",gemini,prompt2,gemma3,prompt2,Com sorte.,0.8408
173,manual_data,fingers crossed,"Dedos cruzados
",gemini,prompt2,gemma3,prompt4,Com os dedos cruzados.,0.881
173,manual_data,fingers crossed,"Dedos cruzados
",gemini,prompt2,gemmaX,sem_prompt,cruzando os dedos,0.9006
237,manual_data,He is making tea in the kitchen.,"Ele está fazendo chá na cozinha.
",gemini,prompt2,gpt,prompt2,Ele está fazendo chá na cozinha.,0.9558
237,manual_data,He is making tea in the kitchen.,"Ele está fazendo chá na cozinha.
",gemini,prompt2,gpt,prompt4,Ele está preparando um chá na cozinha.,0.9598
237,manual_data,He is making tea in the kitchen.,"Ele está fazendo chá na cozinha.
",gemini,prompt2,gemini,prompt4,Ele está botando a chaleira pra cantar na cozinha.,0.9177
237,manual_data,He is making tea in the kitchen.,"Ele está fazendo chá na cozinha.
",gemini,prompt2,gemma3,prompt2,Ele está fazendo chá na cozinha.,0.9558
237,manual_data,He is making tea in the kitchen.,"Ele está fazendo chá na cozinha.
",gemini,prompt2,gemma3,prompt4,Ele está preparando o chá no coração da casa.,0.9499
237,manual_data,He is making tea in the kitchen.,"Ele está fazendo chá na cozinha.
",gemini,prompt2,gemmaX,sem_prompt,Ele está fazendo chá na cozinha.,0.9558
335,manual_data,She works as a software engineer.,"Ela trabalha como engenheira de software.
",gemini,prompt2,gpt,prompt2,Ela trabalha como engenheira de software.,0.9546
335,manual_data,She works as a software engineer.,"Ela trabalha como engenheira de software.
",gemini,prompt2,gpt,prompt4,Ela atua como engenheira de software.,0.9635
335,manual_data,She works as a software engineer.,"Ela trabalha como engenheira de software.
",gemini,prompt2,gemini,prompt4,Ela constrói pontes de código.,0.8743
335,manual_data,She works as a software engineer.,"Ela trabalha como engenheira de software.
",gemini,prompt2,gemma3,prompt2,Ela trabalha como engenheira de software.,0.9546
335,manual_data,She works as a software engineer.,"Ela trabalha como engenheira de software.
",gemini,prompt2,gemma3,prompt4,Ela tece o código.,0.892
335,manual_data,She works as a software engineer.,"Ela trabalha como engenheira de software.
",gemini,prompt2,gemmaX,sem_prompt,Ela trabalha como engenheira de software.,0.9546
81,manual_data,They are having coffee at the café.,Eles estão tomando café no café.,gpt,prompt2,gpt,prompt4,Eles estão tomando um café no café.,0.9534
81,manual_data,They are having coffee at the café.,Eles estão tomando café no café.,gpt,prompt2,gemini,prompt2,Eles estão tomando café no café.,0.95
81,manual_data,They are having coffee at the café.,Eles estão tomando café no café.,gpt,prompt2,gemini,prompt4,Estão a tomar um café no ninho da conversa.,0.9075
81,manual_data,They are having coffee at the café.,Eles estão tomando café no café.,gpt,prompt2,gemma3,prompt2,Eles estão tomando café no café.,0.95
81,manual_data,They are having coffee at the café.,Eles estão tomando café no café.,gpt,prompt2,gemma3,prompt4,Eles estão se aquecendo na cafeteria.,0.9152
81,manual_data,They are having coffee at the café.,Eles estão tomando café no café.,gpt,prompt2,gemmaX,sem_prompt,Eles estão tomando café no café.,0.95
136,manual_data,I met my friends for lunch.,"Eu encontrei meus amigos para almoçar.
",gemma3,prompt2,gpt,prompt2,Eu encontrei meus amigos para almoçar.,0.9549
136,manual_data,I met my friends for lunch.,"Eu encontrei meus amigos para almoçar.
",gemma3,prompt2,gpt,prompt4,Encontrei meus amigos para almoçar.,0.9243
136,manual_data,I met my friends for lunch.,"Eu encontrei meus amigos para almoçar.
",gemma3,prompt2,gemini,prompt2,Encontrei meus amigos para almoçar.,0.9243
136,manual_data,I met my friends for lunch.,"Eu encontrei meus amigos para almoçar.
",gemma3,prompt2,gemini,prompt4,Encontrei meus amigos para um banquete de palavras.,0.9236
136,manual_data,I met my friends for lunch.,"Eu encontrei meus amigos para almoçar.
",gemma3,prompt2,gemma3,prompt4,Encontrei minha turma para um rango.,0.9072
136,manual_data,I met my friends for lunch.,"Eu encontrei meus amigos para almoçar.
",gemma3,prompt2,gemmaX,sem_prompt,Encontrei-me com os meus amigos para almoçar.,0.9274
598,manual_data,She is writing a letter to her friend.,Ela está escrevendo uma carta para sua amiga.,gpt,prompt2,gpt,prompt4,Ela está escrevendo uma carta para sua amiga.,0.95
598,manual_data,She is writing a letter to her friend.,Ela está escrevendo uma carta para sua amiga.,gpt,prompt2,gemini,prompt2,Ela está escrevendo uma carta para a amiga dela.,0.9599
598,manual_data,She is writing a letter to her friend.,Ela está escrevendo uma carta para sua amiga.,gpt,prompt2,gemini,prompt4,Ela despeja palavras no papel para a amiga.,0.9401
598,manual_data,She is writing a letter to her friend.,Ela está escrevendo uma carta para sua amiga.,gpt,prompt2,gemma3,prompt2,Ela está escrevendo uma carta para sua amiga.,0.95
598,manual_data,She is writing a letter to her friend.,Ela está escrevendo uma carta para sua amiga.,gpt,prompt2,gemma3,prompt4,Ela tece palavras para sua amiga.,0.9484
598,manual_data,She is writing a letter to her friend.,Ela está escrevendo uma carta para sua amiga.,gpt,prompt2,gemmaX,sem_prompt,Ela está escrevendo uma carta para sua amiga.,0.95
5,manual_data,She enjoys painting in her free time.,Ela gosta de pintar no tempo livre.,gemma3,prompt2,gpt,prompt2,Ela gosta de pintar em seu tempo livre.,0.9361
5,manual_data,She enjoys painting in her free time.,Ela gosta de pintar no tempo livre.,gemma3,prompt2,gpt,prompt4,Ela se diverte pintando em seu tempo livre.,0.9091
5,manual_data,She enjoys painting in her free time.,Ela gosta de pintar no tempo livre.,gemma3,prompt2,gemini,prompt2,Ela gosta de pintar no tempo livre.,0.95
5,manual_data,She enjoys painting in her free time.,Ela gosta de pintar no tempo livre.,gemma3,prompt2,gemini,prompt4,Ela se entrega à pintura nos intervalos da vida.,0.8903
5,manual_data,She enjoys painting in her free time.,Ela gosta de pintar no tempo livre.,gemma3,prompt2,gemma3,prompt4,Ela se entrega à paleta quando o tempo lhe permite.,0.8777
5,manual_data,She enjoys painting in her free time.,Ela gosta de pintar no tempo livre.,gemma3,prompt2,gemmaX,sem_prompt,Ela gosta de pintar em seu tempo livre.,0.9361
652,manual_data,She is organizing her closet.,Ela está organizando seu armário.,gpt,prompt2,gpt,prompt4,Ela está organizando sua vida.,0.9614
652,manual_data,She is organizing her closet.,Ela está organizando seu armário.,gpt,prompt2,gemini,prompt2,Ela está organizando o armário dela.,0.9668
652,manual_data,She is organizing her closet.,Ela está organizando seu armário.,gpt,prompt2,gemini,prompt4,Ela está colocando a vida em ordem.,0.9408
652,manual_data,She is organizing her closet.,Ela está organizando seu armário.,gpt,prompt2,gemma3,prompt2,Ela está organizando seu guarda-roupa.,0.9256
652,manual_data,She is organizing her closet.,Ela está organizando seu armário.,gpt,prompt2,gemma3,prompt4,Ela está colocando a casa em ordem.,0.9485
652,manual_data,She is organizing her closet.,Ela está organizando seu armário.,gpt,prompt2,gemmaX,sem_prompt,Ela está organizando seu armário.,0.95
427,manual_data,She cleaned the kitchen after dinner.,"Ela limpou a cozinha depois do jantar.
",gemini,prompt2,gpt,prompt2,Ela limpou a cozinha depois do jantar.,0.9549
427,manual_data,She cleaned the kitchen after dinner.,"Ela limpou a cozinha depois do jantar.
",gemini,prompt2,gpt,prompt4,Ela arrumou a cozinha depois do jantar.,0.9503
427,manual_data,She cleaned the kitchen after dinner.,"Ela limpou a cozinha depois do jantar.
",gemini,prompt2,gemini,prompt4,Ela passou a vassoura na cozinha depois do jantar.,0.954
427,manual_data,She cleaned the kitchen after dinner.,"Ela limpou a cozinha depois do jantar.
",gemini,prompt2,gemma3,prompt2,Ela limpou a cozinha depois do jantar.,0.9549
427,manual_data,She cleaned the kitchen after dinner.,"Ela limpou a cozinha depois do jantar.
",gemini,prompt2,gemma3,prompt4,Ela varreu a bagunça que a noite deixou para trás.,0.8895
427,manual_data,She cleaned the kitchen after dinner.,"Ela limpou a cozinha depois do jantar.
",gemini,prompt2,gemmaX,sem_prompt,Ela limpou a cozinha depois do jantar.,0.9549
42,manual_data,She is talking on the phone.,"Ela está falando ao telefone.
",gemini,prompt2,gpt,prompt2,Ela está falando ao telefone.,0.9564
42,manual_data,She is talking on the phone.,"Ela está falando ao telefone.
",gemini,prompt2,gpt,prompt4,Ela está ao telefone.,0.9985
42,manual_data,She is talking on the phone.,"Ela está falando ao telefone.
",gemini,prompt2,gemini,prompt4,Ela está no fio.,0.9393
42,manual_data,She is talking on the phone.,"Ela está falando ao telefone.
",gemini,prompt2,gemma3,prompt2,Ela está falando ao telefone.,0.9564
42,manual_data,She is talking on the phone.,"Ela está falando ao telefone.
",gemini,prompt2,gemma3,prompt4,Ela está com a voz presa ao fio.,0.9112
42,manual_data,She is talking on the phone.,"Ela está falando ao telefone.
",gemini,prompt2,gemmaX,sem_prompt,Ela está falando ao telefone.,0.9564
9,manual_data,They are having a picnic in the park.,Eles estão fazendo um piquenique no parque.,gpt,prompt2,gpt,prompt4,Eles estão fazendo um piquenique no parque.,0.95
9,manual_data,They are having a picnic in the park.,Eles estão fazendo um piquenique no parque.,gpt,prompt2,gemini,prompt2,Eles estão fazendo um piquenique no parque.,0.95
9,manual_data,They are having a picnic in the park.,Eles estão fazendo um piquenique no parque.,gpt,prompt2,gemini,prompt4,Estão fazendo um piquenique na vida.,0.9338
9,manual_data,They are having a picnic in the park.,Eles estão fazendo um piquenique no parque.,gpt,prompt2,gemma3,prompt2,Eles estão fazendo um piquenique no parque.,0.95
9,manual_data,They are having a picnic in the park.,Eles estão fazendo um piquenique no parque.,gpt,prompt2,gemma3,prompt4,Estão estendendo a toalha no parque da vida.,0.9027
9,manual_data,They are having a picnic in the park.,Eles estão fazendo um piquenique no parque.,gpt,prompt2,gemmaX,sem_prompt,Eles estão tendo um piquenique no parque.,0.9368
264,manual_data,a penny saved is a penny earned,Um centavo economizado é um centavo ganho.,gpt,prompt2,gpt,prompt4,Um centavo guardado é um centavo ganho.,0.956
264,manual_data,a penny saved is a penny earned,Um centavo economizado é um centavo ganho.,gpt,prompt2,gemini,prompt2,Um centavo poupado é um centavo ganho.,0.9355
264,manual_data,a penny saved is a penny earned,Um centavo economizado é um centavo ganho.,gpt,prompt2,gemini,prompt4,Um centavo economizado é um centavo ganho.,0.95
264,manual_data,a penny saved is a penny earned,Um centavo economizado é um centavo ganho.,gpt,prompt2,gemma3,prompt2,Um tostão guardado é um tostão ganho.,0.9011
264,manual_data,a penny saved is a penny earned,Um centavo economizado é um centavo ganho.,gpt,prompt2,gemma3,prompt4,"Quem poupa, ganha.",0.8651
264,manual_data,a penny saved is a penny earned,Um centavo economizado é um centavo ganho.,gpt,prompt2,gemmaX,sem_prompt,Um centavo economizado é um centavo ganho,0.9121
521,manual_data,dark horse,cavalo escuro,gemmaX,sem_prompt,gpt,prompt2,cavalo de Tróia,0.8361
521,manual_data,dark horse,cavalo escuro,gemmaX,sem_prompt,gpt,prompt4,cavalo de Tróia,0.8361
521,manual_data,dark horse,cavalo escuro,gemmaX,sem_prompt,gemini,prompt2,Cavalo negro,0.8688
521,manual_data,dark horse,cavalo escuro,gemmaX,sem_prompt,gemini,prompt4,Cavalo negro.,0.8378
521,manual_data,dark horse,cavalo escuro,gemmaX,sem_prompt,gemma3,prompt2,Cavalo escuro,0.8645
521,manual_data,dark horse,cavalo escuro,gemmaX,sem_prompt,gemma3,prompt4,Cavalo Sombrio.,0.8357
646,manual_data,against all odds,"Contra todas as probabilidades
",gemini,prompt2,gpt,prompt2,contra todas as probabilidades,0.9484
646,manual_data,against all odds,"Contra todas as probabilidades
",gemini,prompt2,gpt,prompt4,contra todas as probabilidades,0.9484
646,manual_data,against all odds,"Contra todas as probabilidades
",gemini,prompt2,gemini,prompt4,Contra vento e maré.,0.8471
646,manual_data,against all odds,"Contra todas as probabilidades
",gemini,prompt2,gemma3,prompt2,Contra todas as probabilidades,0.9562
646,manual_data,against all odds,"Contra todas as probabilidades
",gemini,prompt2,gemma3,prompt4,Contra todas as probabilidades.,0.9032
646,manual_data,against all odds,"Contra todas as probabilidades
",gemini,prompt2,gemmaX,sem_prompt,contra todas as probabilidades,0.9484
425,manual_data,cast in stone,"Escrito em pedra
",gemini,prompt2,gpt,prompt2,esculpido em pedra,0.8539
425,manual_data,cast in stone,"Escrito em pedra
",gemini,prompt2,gpt,prompt4,gravado em pedra,0.9207
425,manual_data,cast in stone,"Escrito em pedra
",gemini,prompt2,gemini,prompt4,Esculpido em pedra.,0.8286
425,manual_data,cast in stone,"Escrito em pedra
",gemini,prompt2,gemma3,prompt2,Escrito em pedra.,0.893
425,manual_data,cast in stone,"Escrito em pedra
",gemini,prompt2,gemma3,prompt4,Escrito em pedra.,0.893
425,manual_data,cast in stone,"Escrito em pedra
",gemini,prompt2,gemmaX,sem_prompt,gravado em pedra,0.9207
699,manual_data,They are playing board games in the living room.,Eles estão jogando jogos de tabuleiro na sala de estar.,gpt,prompt2,gpt,prompt4,Eles estão jogando os dados da vida na sala de estar.,0.956
699,manual_data,They are playing board games in the living room.,Eles estão jogando jogos de tabuleiro na sala de estar.,gpt,prompt2,gemini,prompt2,Eles estão jogando jogos de tabuleiro na sala de estar.,0.95
699,manual_data,They are playing board games in the living room.,Eles estão jogando jogos de tabuleiro na sala de estar.,gpt,prompt2,gemini,prompt4,Estão navegando no tabuleiro da vida na sala.,0.9292
699,manual_data,They are playing board games in the living room.,Eles estão jogando jogos de tabuleiro na sala de estar.,gpt,prompt2,gemma3,prompt2,Eles estão jogando jogos de tabuleiro na sala de estar.,0.95
699,manual_data,They are playing board games in the living room.,Eles estão jogando jogos de tabuleiro na sala de estar.,gpt,prompt2,gemma3,prompt4,Eles estão desdobrando o mundo sobre a mesa na sala.,0.9387
699,manual_data,They are playing board games in the living room.,Eles estão jogando jogos de tabuleiro na sala de estar.,gpt,prompt2,gemmaX,sem_prompt,Estão a jogar jogos de tabuleiro na sala de estar.,0.9449
121,manual_data,paint the town red,pinte a cidade de vermelho,gemmaX,sem_prompt,gpt,prompt2,pintar a cidade de vermelho,0.9136
121,manual_data,paint the town red,pinte a cidade de vermelho,gemmaX,sem_prompt,gpt,prompt4,fazer a festa,0.8855
121,manual_data,paint the town red,pinte a cidade de vermelho,gemmaX,sem_prompt,gemini,prompt2,Tornar a noite agitada,0.8866
121,manual_data,paint the town red,pinte a cidade de vermelho,gemmaX,sem_prompt,gemini,prompt4,Arrasar na noite.,0.8597
121,manual_data,paint the town red,pinte a cidade de vermelho,gemmaX,sem_prompt,gemma3,prompt2,Fazer a noite toda.,0.8589
121,manual_data,paint the town red,pinte a cidade de vermelho,gemmaX,sem_prompt,gemma3,prompt4,Botar a casa pra queimar.,0.8488
562,manual_data,broken dreams,sonhos quebrados,gpt,prompt2,gpt,prompt4,sonhos despedaçados,0.9291
562,manual_data,broken dreams,sonhos quebrados,gpt,prompt2,gemini,prompt2,Sonhos desfeitos,0.8562
562,manual_data,broken dreams,sonhos quebrados,gpt,prompt2,gemini,prompt4,Sonhos desfeitos,0.8562
562,manual_data,broken dreams,sonhos quebrados,gpt,prompt2,gemma3,prompt2,Sonhos desfeitos,0.8562
562,manual_data,broken dreams,sonhos quebrados,gpt,prompt2,gemma3,prompt4,Sonhos desfeitos.,0.8586
562,manual_data,broken dreams,sonhos quebrados,gpt,prompt2,gemmaX,sem_prompt,sonhos desfeitos,0.9139
591,manual_data,They took a bus to the city center.,Eles pegaram um ônibus para o centro da cidade.,gpt,prompt2,gpt,prompt4,Eles pegaram um ônibus rumo ao coração da cidade.,0.9546
591,manual_data,They took a bus to the city center.,Eles pegaram um ônibus para o centro da cidade.,gpt,prompt2,gemini,prompt2,Eles pegaram um ônibus para o centro da cidade.,0.95
591,manual_data,They took a bus to the city center.,Eles pegaram um ônibus para o centro da cidade.,gpt,prompt2,gemini,prompt4,Pegaram o busão rumo ao coração da cidade.,0.9214
591,manual_data,They took a bus to the city center.,Eles pegaram um ônibus para o centro da cidade.,gpt,prompt2,gemma3,prompt2,Eles pegaram um ônibus para o centro da cidade.,0.95
591,manual_data,They took a bus to the city center.,Eles pegaram um ônibus para o centro da cidade.,gpt,prompt2,gemma3,prompt4,Eles engataram o ônibus rumo ao coração da cidade.,0.9497
591,manual_data,They took a bus to the city center.,Eles pegaram um ônibus para o centro da cidade.,gpt,prompt2,gemmaX,sem_prompt,Eles pegaram um ônibus para o centro da cidade.,0.95
673,manual_data,They are having a barbecue in the garden.,Eles estão fazendo um churrasco no jardim.,gpt,prompt2,gpt,prompt4,Eles estão fazendo um churrasco no jardim.,0.95
673,manual_data,They are having a barbecue in the garden.,Eles estão fazendo um churrasco no jardim.,gpt,prompt2,gemini,prompt2,Eles estão fazendo um churrasco no jardim.,0.95
673,manual_data,They are having a barbecue in the garden.,Eles estão fazendo um churrasco no jardim.,gpt,prompt2,gemini,prompt4,Estão assando um sol no quintal.,0.9097
673,manual_data,They are having a barbecue in the garden.,Eles estão fazendo um churrasco no jardim.,gpt,prompt2,gemma3,prompt2,Eles estão fazendo um churrasco no jardim.,0.95
673,manual_data,They are having a barbecue in the garden.,Eles estão fazendo um churrasco no jardim.,gpt,prompt2,gemma3,prompt4,Estão assando a vida no quintal.,0.8984
673,manual_data,They are having a barbecue in the garden.,Eles estão fazendo um churrasco no jardim.,gpt,prompt2,gemmaX,sem_prompt,Eles estão fazendo um churrasco no jardim.,0.95
295,manual_data,an arm and a leg,"Um braço e uma perna
",gemini,prompt2,gpt,prompt2,um braço e uma perna,0.9468
295,manual_data,an arm and a leg,"Um braço e uma perna
",gemini,prompt2,gpt,prompt4,custar os olhos da cara,0.8492
295,manual_data,an arm and a leg,"Um braço e uma perna
",gemini,prompt2,gemini,prompt4,Um rim e um fígado.,0.9006
295,manual_data,an arm and a leg,"Um braço e uma perna
",gemini,prompt2,gemma3,prompt2,Um braço e uma perna.,0.9218
295,manual_data,an arm and a leg,"Um braço e uma perna
",gemini,prompt2,gemma3,prompt4,Vender a alma.,0.8298
295,manual_data,an arm and a leg,"Um braço e uma perna
",gemini,prompt2,gemmaX,sem_prompt,um braço e uma perna,0.9468
256,manual_data,They are going to the cinema tonight.,Eles vão ao cinema esta noite.,gpt,prompt2,gpt,prompt4,Eles vão ao cinema esta noite.,0.95
256,manual_data,They are going to the cinema tonight.,Eles vão ao cinema esta noite.,gpt,prompt2,gemini,prompt2,Eles vão ao cinema hoje à noite.,0.9652
256,manual_data,They are going to the cinema tonight.,Eles vão ao cinema esta noite.,gpt,prompt2,gemini,prompt4,Eles vão às estrelas esta noite.,0.9556
256,manual_data,They are going to the cinema tonight.,Eles vão ao cinema esta noite.,gpt,prompt2,gemma3,prompt2,Eles vão ao cinema hoje à noite.,0.9652
256,manual_data,They are going to the cinema tonight.,Eles vão ao cinema esta noite.,gpt,prompt2,gemma3,prompt4,Eles vão se perder nas sombras da tela esta noite.,0.9344
256,manual_data,They are going to the cinema tonight.,Eles vão ao cinema esta noite.,gpt,prompt2,gemmaX,sem_prompt,Eles vão ao cinema hoje à noite.,0.9652
135,manual_data,any port in a storm,qualquer porto numa tempestade,gemmaX,sem_prompt,gpt,prompt2,"""Qualquer porto em uma tempestade.""",0.8596
135,manual_data,any port in a storm,qualquer porto numa tempestade,gemmaX,sem_prompt,gpt,prompt4,qualquer porto em uma tempestade,0.9193
135,manual_data,any port in a storm,qualquer porto numa tempestade,gemmaX,sem_prompt,gemini,prompt2,Qualquer porto em tempestade.,0.8979
135,manual_data,any port in a storm,qualquer porto numa tempestade,gemmaX,sem_prompt,gemini,prompt4,Qualquer abrigo é bom em tempo de tormenta.,0.8598
135,manual_data,any port in a storm,qualquer porto numa tempestade,gemmaX,sem_prompt,gemma3,prompt2,Qualquer porto seguro em tempestade.,0.8989
135,manual_data,any port in a storm,qualquer porto numa tempestade,gemmaX,sem_prompt,gemma3,prompt4,Qualquer porto é um abrigo.,0.8805
285,manual_data,He is working on his laptop.,"Ele está trabalhando em seu laptop.
",gemini,prompt2,gpt,prompt2,Ele está trabalhando em seu laptop.,0.9554
285,manual_data,He is working on his laptop.,"Ele está trabalhando em seu laptop.
",gemini,prompt2,gpt,prompt4,Ele está digitando em seu laptop.,0.9397
285,manual_data,He is working on his laptop.,"Ele está trabalhando em seu laptop.
",gemini,prompt2,gemini,prompt4,Ele está teclando no seu cérebro.,0.9052
285,manual_data,He is working on his laptop.,"Ele está trabalhando em seu laptop.
",gemini,prompt2,gemma3,prompt2,Ele está trabalhando em seu laptop.,0.9554
285,manual_data,He is working on his laptop.,"Ele está trabalhando em seu laptop.
",gemini,prompt2,gemma3,prompt4,Ele está debruçado sobre o teclado.,0.9021
285,manual_data,He is working on his laptop.,"Ele está trabalhando em seu laptop.
",gemini,prompt2,gemmaX,sem_prompt,Ele está trabalhando em seu laptop.,0.9554
244,manual_data,He went fishing with his friends.,"Ele foi pescar com seus amigos.
",gemini,prompt2,gpt,prompt2,Ele foi pescar com os amigos.,0.9571
244,manual_data,He went fishing with his friends.,"Ele foi pescar com seus amigos.
",gemini,prompt2,gpt,prompt4,Ele foi pescar com os amigos.,0.9571
244,manual_data,He went fishing with his friends.,"Ele foi pescar com seus amigos.
",gemini,prompt2,gemini,prompt4,Foi pescar com os amigos.,0.9708
244,manual_data,He went fishing with his friends.,"Ele foi pescar com seus amigos.
",gemini,prompt2,gemma3,prompt2,Ele foi pescar com seus amigos.,0.956
244,manual_data,He went fishing with his friends.,"Ele foi pescar com seus amigos.
",gemini,prompt2,gemma3,prompt4,Partiu à pesca com a turma.,0.9313
244,manual_data,He went fishing with his friends.,"Ele foi pescar com seus amigos.
",gemini,prompt2,gemmaX,sem_prompt,Ele foi pescar com seus amigos.,0.956
537,manual_data,all in your head,Tudo na sua cabeça.,gemma3,prompt2,gpt,prompt2,tudo na sua cabeça,0.9178
537,manual_data,all in your head,Tudo na sua cabeça.,gemma3,prompt2,gpt,prompt4,tudo na sua cabeça,0.9178
537,manual_data,all in your head,Tudo na sua cabeça.,gemma3,prompt2,gemini,prompt2,Tudo na sua cabeça.,0.95
537,manual_data,all in your head,Tudo na sua cabeça.,gemma3,prompt2,gemini,prompt4,Tudo na sua cabeça.,0.95
537,manual_data,all in your head,Tudo na sua cabeça.,gemma3,prompt2,gemma3,prompt4,Tudo na sua cabeça.,0.95
537,manual_data,all in your head,Tudo na sua cabeça.,gemma3,prompt2,gemmaX,sem_prompt,tudo na sua cabeça,0.9178
301,manual_data,blood runs thicker than water,"O sangue é mais grosso que a água.
",gemma3,prompt2,gpt,prompt2,Sangue é mais espesso que água.,0.9399
301,manual_data,blood runs thicker than water,"O sangue é mais grosso que a água.
",gemma3,prompt2,gpt,prompt4,Sangue é mais espesso que a água.,0.9379
301,manual_data,blood runs thicker than water,"O sangue é mais grosso que a água.
",gemma3,prompt2,gemini,prompt2,Sangue do meu sangue.,0.8842
301,manual_data,blood runs thicker than water,"O sangue é mais grosso que a água.
",gemma3,prompt2,gemini,prompt4,Sangue do meu sangue.,0.8842
301,manual_data,blood runs thicker than water,"O sangue é mais grosso que a água.
",gemma3,prompt2,gemma3,prompt4,O sangue nos une mais do que as águas.,0.9433
301,manual_data,blood runs thicker than water,"O sangue é mais grosso que a água.
",gemma3,prompt2,gemmaX,sem_prompt,O sangue é mais espesso do que a água,0.9598
306,manual_data,She is arranging flowers in a vase.,Ela está arranjando flores em um vaso.,gemma3,prompt2,gpt,prompt2,Ela está arrumando flores em um vaso.,0.9471
306,manual_data,She is arranging flowers in a vase.,Ela está arranjando flores em um vaso.,gemma3,prompt2,gpt,prompt4,Ela está organizando flores em um vaso.,0.9524
306,manual_data,She is arranging flowers in a vase.,Ela está arranjando flores em um vaso.,gemma3,prompt2,gemini,prompt2,Ela está arranjando flores em um vaso.,0.95
306,manual_data,She is arranging flowers in a vase.,Ela está arranjando flores em um vaso.,gemma3,prompt2,gemini,prompt4,Ela está lapidando a beleza.,0.9418
306,manual_data,She is arranging flowers in a vase.,Ela está arranjando flores em um vaso.,gemma3,prompt2,gemma3,prompt4,Ela está tecendo vida em um receptáculo.,0.9122
306,manual_data,She is arranging flowers in a vase.,Ela está arranjando flores em um vaso.,gemma3,prompt2,gemmaX,sem_prompt,Ela está organizando flores em um vaso.,0.9524
485,manual_data,back to square one,De volta à estaca zero.,gemma3,prompt2,gpt,prompt2,de volta à estaca zero,0.9195
485,manual_data,back to square one,De volta à estaca zero.,gemma3,prompt2,gpt,prompt4,voltar à estaca zero,0.9233
485,manual_data,back to square one,De volta à estaca zero.,gemma3,prompt2,gemini,prompt2,De volta à estaca zero,0.9334
485,manual_data,back to square one,De volta à estaca zero.,gemma3,prompt2,gemini,prompt4,Voltar à estaca zero.,0.9265
485,manual_data,back to square one,De volta à estaca zero.,gemma3,prompt2,gemma3,prompt4,Voltar à estaca zero.,0.9265
485,manual_data,back to square one,De volta à estaca zero.,gemma3,prompt2,gemmaX,sem_prompt,de volta ao ponto de partida,0.9071
98,manual_data,cold as ice,"Frio como gelo
",gemini,prompt2,gpt,prompt2,frio como gelo,0.9032
98,manual_data,cold as ice,"Frio como gelo
",gemini,prompt2,gpt,prompt4,fria como o gelo,0.9256
98,manual_data,cold as ice,"Frio como gelo
",gemini,prompt2,gemini,prompt4,Frio como pedra.,0.9143
98,manual_data,cold as ice,"Frio como gelo
",gemini,prompt2,gemma3,prompt2,Frio como gelo.,0.8955
98,manual_data,cold as ice,"Frio como gelo
",gemini,prompt2,gemma3,prompt4,Frio como gelo.,0.8955
98,manual_data,cold as ice,"Frio como gelo
",gemini,prompt2,gemmaX,sem_prompt,frio como gelo,0.9032
41,manual_data,She made breakfast for the family.,Ela fez o café da manhã para a família.,gemma3,prompt2,gpt,prompt2,Ela fez o café da manhã para a família.,0.95
41,manual_data,She made breakfast for the family.,Ela fez o café da manhã para a família.,gemma3,prompt2,gpt,prompt4,Ela preparou o café da manhã para a família.,0.9578
41,manual_data,She made breakfast for the family.,Ela fez o café da manhã para a família.,gemma3,prompt2,gemini,prompt2,Ela preparou o café da manhã para a família.,0.9578
41,manual_data,She made breakfast for the family.,Ela fez o café da manhã para a família.,gemma3,prompt2,gemini,prompt4,Ela botou o sol na mesa para a família.,0.9533
41,manual_data,She made breakfast for the family.,Ela fez o café da manhã para a família.,gemma3,prompt2,gemma3,prompt4,Ela preparou o ninho para a família.,0.9578
41,manual_data,She made breakfast for the family.,Ela fez o café da manhã para a família.,gemma3,prompt2,gemmaX,sem_prompt,Ela fez o café da manhã para a família.,0.95
403,manual_data,an uphill battle,"Uma batalha difícil
",gemini,prompt2,gpt,prompt2,uma batalha difícil,0.9188
403,manual_data,an uphill battle,"Uma batalha difícil
",gemini,prompt2,gpt,prompt4,uma batalha difícil,0.9188
403,manual_data,an uphill battle,"Uma batalha difícil
",gemini,prompt2,gemini,prompt4,Uma batalha em subida.,0.8432
403,manual_data,an uphill battle,"Uma batalha difícil
",gemini,prompt2,gemma3,prompt2,Uma luta difícil.,0.9033
403,manual_data,an uphill battle,"Uma batalha difícil
",gemini,prompt2,gemma3,prompt4,Uma luta de Davi contra Golias.,0.8359
403,manual_data,an uphill battle,"Uma batalha difícil
",gemini,prompt2,gemmaX,sem_prompt,uma batalha difícil,0.9188
377,manual_data,an uphill battle,"Uma batalha difícil
",gemini,prompt2,gpt,prompt2,uma batalha difícil,0.9188
377,manual_data,an uphill battle,"Uma batalha difícil
",gemini,prompt2,gpt,prompt4,uma batalha difícil,0.9188
377,manual_data,an uphill battle,"Uma batalha difícil
",gemini,prompt2,gemini,prompt4,Uma batalha em subida.,0.8432
377,manual_data,an uphill battle,"Uma batalha difícil
",gemini,prompt2,gemma3,prompt2,Uma batalha árdua,0.9265
377,manual_data,an uphill battle,"Uma batalha difícil
",gemini,prompt2,gemma3,prompt4,Uma luta de Davi contra Golias.,0.8359
377,manual_data,an uphill battle,"Uma batalha difícil
",gemini,prompt2,gemmaX,sem_prompt,uma batalha difícil,0.9188
369,manual_data,They went to a restaurant for dinner.,Eles foram a um restaurante para o jantar.,gpt,prompt2,gpt,prompt4,Eles foram a um restaurante para jantar.,0.9553
369,manual_data,They went to a restaurant for dinner.,Eles foram a um restaurante para o jantar.,gpt,prompt2,gemini,prompt2,Eles foram a um restaurante para jantar.,0.9553
369,manual_data,They went to a restaurant for dinner.,Eles foram a um restaurante para o jantar.,gpt,prompt2,gemini,prompt4,Foram jantar no ninho da cegonha.,0.8661
369,manual_data,They went to a restaurant for dinner.,Eles foram a um restaurante para o jantar.,gpt,prompt2,gemma3,prompt2,Eles foram a um restaurante para jantar.,0.9553
369,manual_data,They went to a restaurant for dinner.,Eles foram a um restaurante para o jantar.,gpt,prompt2,gemma3,prompt4,Foram jantar à mesa.,0.8971
369,manual_data,They went to a restaurant for dinner.,Eles foram a um restaurante para o jantar.,gpt,prompt2,gemmaX,sem_prompt,Eles foram a um restaurante para jantar.,0.9553
408,manual_data,built like a tank,construído como um tanque,gemmaX,sem_prompt,gpt,prompt2,construído como um tanque,0.95
408,manual_data,built like a tank,construído como um tanque,gemmaX,sem_prompt,gpt,prompt4,Construído como um tanque.,0.8891
408,manual_data,built like a tank,construído como um tanque,gemmaX,sem_prompt,gemini,prompt2,Construído como um tanque.,0.8891
408,manual_data,built like a tank,construído como um tanque,gemmaX,sem_prompt,gemini,prompt4,Feito para durar.,0.8278
408,manual_data,built like a tank,construído como um tanque,gemmaX,sem_prompt,gemma3,prompt2,Forte como um tanque.,0.9372
408,manual_data,built like a tank,construído como um tanque,gemmaX,sem_prompt,gemma3,prompt4,Forte como um touro.,0.902
683,manual_data,He plays soccer every weekend.,"Ele joga futebol todo fim de semana.
",gemini,prompt2,gpt,prompt2,Ele joga futebol todo fim de semana.,0.9552
683,manual_data,He plays soccer every weekend.,"Ele joga futebol todo fim de semana.
",gemini,prompt2,gpt,prompt4,Ele joga bola todo fim de semana.,0.9661
683,manual_data,He plays soccer every weekend.,"Ele joga futebol todo fim de semana.
",gemini,prompt2,gemini,prompt4,Ele veste a camisa todo fim de semana.,0.9741
683,manual_data,He plays soccer every weekend.,"Ele joga futebol todo fim de semana.
",gemini,prompt2,gemma3,prompt2,Ele joga futebol todo fim de semana.,0.9552
683,manual_data,He plays soccer every weekend.,"Ele joga futebol todo fim de semana.
",gemini,prompt2,gemma3,prompt4,Ele dribla o fim de semana a cada sábado e domingo.,0.9215
683,manual_data,He plays soccer every weekend.,"Ele joga futebol todo fim de semana.
",gemini,prompt2,gemmaX,sem_prompt,Ele joga futebol todo final de semana.,0.9624
437,manual_data,They are playing basketball in the yard.,Eles estão jogando basquete no quintal.,gemmaX,sem_prompt,gpt,prompt2,Eles estão jogando basquete no quintal.,0.95
437,manual_data,They are playing basketball in the yard.,Eles estão jogando basquete no quintal.,gemmaX,sem_prompt,gpt,prompt4,Eles estão fazendo uma partida de basquete no quintal.,0.9809
437,manual_data,They are playing basketball in the yard.,Eles estão jogando basquete no quintal.,gemmaX,sem_prompt,gemini,prompt2,Eles estão jogando basquete no quintal.,0.95
437,manual_data,They are playing basketball in the yard.,Eles estão jogando basquete no quintal.,gemmaX,sem_prompt,gemini,prompt4,Eles estão duelando cestas no quintal.,0.9253
437,manual_data,They are playing basketball in the yard.,Eles estão jogando basquete no quintal.,gemmaX,sem_prompt,gemma3,prompt2,Eles estão jogando basquete no quintal.,0.95
437,manual_data,They are playing basketball in the yard.,Eles estão jogando basquete no quintal.,gemmaX,sem_prompt,gemma3,prompt4,Eles estão se divertindo à toa no quintal.,0.9286
22,manual_data,She is giving a presentation at work.,"Ela está fazendo uma apresentação no trabalho.
",gemma3,prompt2,gpt,prompt2,Ela está fazendo uma apresentação no trabalho.,0.9541
22,manual_data,She is giving a presentation at work.,"Ela está fazendo uma apresentação no trabalho.
",gemma3,prompt2,gpt,prompt4,Ela está fazendo uma apresentação no trabalho.,0.9541
22,manual_data,She is giving a presentation at work.,"Ela está fazendo uma apresentação no trabalho.
",gemma3,prompt2,gemini,prompt2,Ela está apresentando no trabalho.,0.9802
22,manual_data,She is giving a presentation at work.,"Ela está fazendo uma apresentação no trabalho.
",gemma3,prompt2,gemini,prompt4,Ela está no palco no trabalho.,0.988
22,manual_data,She is giving a presentation at work.,"Ela está fazendo uma apresentação no trabalho.
",gemma3,prompt2,gemma3,prompt4,Ela está expondo suas cartas no trabalho.,0.9351
22,manual_data,She is giving a presentation at work.,"Ela está fazendo uma apresentação no trabalho.
",gemma3,prompt2,gemmaX,sem_prompt,Ela está dando uma apresentação no trabalho.,0.9516
551,manual_data,burning bridges,"Queimando pontes
",gemini,prompt2,gpt,prompt2,queimando pontes,0.9385
551,manual_data,burning bridges,"Queimando pontes
",gemini,prompt2,gpt,prompt4,queimar os barcos,0.8922
551,manual_data,burning bridges,"Queimando pontes
",gemini,prompt2,gemini,prompt4,Queimar as pontes,0.8895
551,manual_data,burning bridges,"Queimando pontes
",gemini,prompt2,gemma3,prompt2,Queimar pontes,0.8977
551,manual_data,burning bridges,"Queimando pontes
",gemini,prompt2,gemma3,prompt4,Queimar as pontes.,0.8699
551,manual_data,burning bridges,"Queimando pontes
",gemini,prompt2,gemmaX,sem_prompt,queimar pontes,0.9059
346,manual_data,She played cards with her friends.,"Ela jogou cartas com as amigas dela.
",gemini,prompt2,gpt,prompt2,Ela jogou cartas com os amigos.,0.9739
346,manual_data,She played cards with her friends.,"Ela jogou cartas com as amigas dela.
",gemini,prompt2,gpt,prompt4,Ela jogou na sorte com suas amigas.,0.9641
346,manual_data,She played cards with her friends.,"Ela jogou cartas com as amigas dela.
",gemini,prompt2,gemini,prompt4,Ela jogou cartas com as amigas.,0.9778
346,manual_data,She played cards with her friends.,"Ela jogou cartas com as amigas dela.
",gemini,prompt2,gemma3,prompt2,Ela jogou cartas com seus amigos.,0.9734
346,manual_data,She played cards with her friends.,"Ela jogou cartas com as amigas dela.
",gemini,prompt2,gemma3,prompt4,Ela passou a tarde se divertindo com as cartas e as amigas.,0.9401
346,manual_data,She played cards with her friends.,"Ela jogou cartas com as amigas dela.
",gemini,prompt2,gemmaX,sem_prompt,Ela jogava cartas com seus amigos.,0.9764
307,manual_data,They went shopping for new clothes.,Eles foram fazer compras de roupas novas.,gemma3,prompt2,gpt,prompt2,Eles foram às compras por roupas novas.,0.952
307,manual_data,They went shopping for new clothes.,Eles foram fazer compras de roupas novas.,gemma3,prompt2,gpt,prompt4,Eles foram às compras por novas roupas.,0.9754
307,manual_data,They went shopping for new clothes.,Eles foram fazer compras de roupas novas.,gemma3,prompt2,gemini,prompt2,Eles foram comprar roupas novas.,0.9715
307,manual_data,They went shopping for new clothes.,Eles foram fazer compras de roupas novas.,gemma3,prompt2,gemini,prompt4,Foram às compras para trocar de pele.,0.9167
307,manual_data,They went shopping for new clothes.,Eles foram fazer compras de roupas novas.,gemma3,prompt2,gemma3,prompt4,Foram às compras renovar o guarda-roupa.,0.8966
307,manual_data,They went shopping for new clothes.,Eles foram fazer compras de roupas novas.,gemma3,prompt2,gemmaX,sem_prompt,Eles foram comprar roupas novas.,0.9715
67,manual_data,butterfly effect,efeito borboleta,gemmaX,sem_prompt,gpt,prompt2,efeito borboleta,0.95
67,manual_data,butterfly effect,efeito borboleta,gemmaX,sem_prompt,gpt,prompt4,efeito borboleta,0.95
67,manual_data,butterfly effect,efeito borboleta,gemmaX,sem_prompt,gemini,prompt2,Efeito borboleta,0.8906
67,manual_data,butterfly effect,efeito borboleta,gemmaX,sem_prompt,gemini,prompt4,Efeito borboleta.,0.8636
67,manual_data,butterfly effect,efeito borboleta,gemmaX,sem_prompt,gemma3,prompt2,Efeito borboleta,0.8906
67,manual_data,butterfly effect,efeito borboleta,gemmaX,sem_prompt,gemma3,prompt4,O efeito borboleta.,0.891
187,manual_data,He read a book before bed.,"Ele leu um livro antes de dormir.
",gemini,prompt2,gpt,prompt2,Ele leu um livro antes de dormir.,0.9557
187,manual_data,He read a book before bed.,"Ele leu um livro antes de dormir.
",gemini,prompt2,gpt,prompt4,Ele mergulhou em um livro antes de dormir.,0.9501
187,manual_data,He read a book before bed.,"Ele leu um livro antes de dormir.
",gemini,prompt2,gemini,prompt4,Ele se afogou em palavras antes de dormir.,0.9365
187,manual_data,He read a book before bed.,"Ele leu um livro antes de dormir.
",gemini,prompt2,gemma3,prompt2,Ele leu um livro antes de dormir.,0.9557
187,manual_data,He read a book before bed.,"Ele leu um livro antes de dormir.
",gemini,prompt2,gemma3,prompt4,Ele mergulhou em páginas antes de dormir.,0.948
187,manual_data,He read a book before bed.,"Ele leu um livro antes de dormir.
",gemini,prompt2,gemmaX,sem_prompt,Ele leu um livro antes de dormir.,0.9557
62,manual_data,a skeleton in the closet,um esqueleto no armário,gpt,prompt2,gpt,prompt4,esqueleto no armário,0.9551
62,manual_data,a skeleton in the closet,um esqueleto no armário,gpt,prompt2,gemini,prompt2,Um segredo sujo.,0.8683
62,manual_data,a skeleton in the closet,um esqueleto no armário,gpt,prompt2,gemini,prompt4,Esqueleto no armário.,0.8798
62,manual_data,a skeleton in the closet,um esqueleto no armário,gpt,prompt2,gemma3,prompt2,Um segredo vergonhoso.,0.8413
62,manual_data,a skeleton in the closet,um esqueleto no armário,gpt,prompt2,gemma3,prompt4,Um segredo vergonhoso.,0.8413
62,manual_data,a skeleton in the closet,um esqueleto no armário,gpt,prompt2,gemmaX,sem_prompt,um esqueleto no armário,0.95
499,manual_data,They are having a discussion in the classroom.,Eles estão tendo uma discussão na sala de aula.,gpt,prompt2,gpt,prompt4,Eles estão trocando ideias na sala de aula.,0.9708
499,manual_data,They are having a discussion in the classroom.,Eles estão tendo uma discussão na sala de aula.,gpt,prompt2,gemini,prompt2,Eles estão tendo uma discussão na sala de aula.,0.95
499,manual_data,They are having a discussion in the classroom.,Eles estão tendo uma discussão na sala de aula.,gpt,prompt2,gemini,prompt4,Estão a trocar ideias na sala de aula.,0.9399
499,manual_data,They are having a discussion in the classroom.,Eles estão tendo uma discussão na sala de aula.,gpt,prompt2,gemma3,prompt2,Eles estão tendo uma discussão na sala de aula.,0.95
499,manual_data,They are having a discussion in the classroom.,Eles estão tendo uma discussão na sala de aula.,gpt,prompt2,gemma3,prompt4,Um diálogo floresce na sala de aula.,0.9469
499,manual_data,They are having a discussion in the classroom.,Eles estão tendo uma discussão na sala de aula.,gpt,prompt2,gemmaX,sem_prompt,Eles estão tendo uma discussão na sala de aula.,0.95
208,manual_data,He called his parents yesterday.,Ele chamou os pais dele ontem.,gpt,prompt2,gpt,prompt4,Ele entrou em contato com os pais ontem.,0.9434
208,manual_data,He called his parents yesterday.,Ele chamou os pais dele ontem.,gpt,prompt2,gemini,prompt2,Ele ligou para os pais dele ontem.,0.9469
208,manual_data,He called his parents yesterday.,Ele chamou os pais dele ontem.,gpt,prompt2,gemini,prompt4,Ele ligou para a base ontem.,0.9262
208,manual_data,He called his parents yesterday.,Ele chamou os pais dele ontem.,gpt,prompt2,gemma3,prompt2,Ele ligou para os pais dele ontem.,0.9469
208,manual_data,He called his parents yesterday.,Ele chamou os pais dele ontem.,gpt,prompt2,gemma3,prompt4,Ele telefonou para os pais no ontem.,0.929
208,manual_data,He called his parents yesterday.,Ele chamou os pais dele ontem.,gpt,prompt2,gemmaX,sem_prompt,Ele ligou para os pais dele ontem.,0.9469
4,manual_data,He likes to watch movies in his free time.,"Ele gosta de assistir filmes em seu tempo livre.
",gemini,prompt2,gpt,prompt2,Ele gosta de assistir a filmes no seu tempo livre.,0.9539
4,manual_data,He likes to watch movies in his free time.,"Ele gosta de assistir filmes em seu tempo livre.
",gemini,prompt2,gpt,prompt4,Ele gosta de assistir a filmes em seu tempo livre.,0.9506
4,manual_data,He likes to watch movies in his free time.,"Ele gosta de assistir filmes em seu tempo livre.
",gemini,prompt2,gemini,prompt4,Ele se delicia com filmes nos tempos livres.,0.9349
4,manual_data,He likes to watch movies in his free time.,"Ele gosta de assistir filmes em seu tempo livre.
",gemini,prompt2,gemma3,prompt2,Ele gosta de assistir filmes no tempo livre.,0.9637
4,manual_data,He likes to watch movies in his free time.,"Ele gosta de assistir filmes em seu tempo livre.
",gemini,prompt2,gemma3,prompt4,Ele se perde nas telonas quando o tempo é dele.,0.8917
4,manual_data,He likes to watch movies in his free time.,"Ele gosta de assistir filmes em seu tempo livre.
",gemini,prompt2,gemmaX,sem_prompt,Ele gosta de assistir filmes em seu tempo livre.,0.9539
422,manual_data,They are planning a trip to Europe.,"Eles estão planejando uma viagem para a Europa.
",gemini,prompt2,gpt,prompt2,Eles estão planejando uma viagem para a Europa.,0.954
422,manual_data,They are planning a trip to Europe.,"Eles estão planejando uma viagem para a Europa.
",gemini,prompt2,gpt,prompt4,Eles estão planejando uma viagem à Europa.,0.9636
422,manual_data,They are planning a trip to Europe.,"Eles estão planejando uma viagem para a Europa.
",gemini,prompt2,gemini,prompt4,Estão com a Europa na mira.,0.9093
422,manual_data,They are planning a trip to Europe.,"Eles estão planejando uma viagem para a Europa.
",gemini,prompt2,gemma3,prompt2,Eles estão planejando uma viagem para a Europa.,0.954
422,manual_data,They are planning a trip to Europe.,"Eles estão planejando uma viagem para a Europa.
",gemini,prompt2,gemma3,prompt4,Eles estão traçando rotas para o Velho Mundo.,0.9348
422,manual_data,They are planning a trip to Europe.,"Eles estão planejando uma viagem para a Europa.
",gemini,prompt2,gemmaX,sem_prompt,Eles estão planejando uma viagem para a Europa.,0.954
527,manual_data,clear as crystal,"Claro como cristal
",gemini,prompt2,gpt,prompt2,claro como cristal,0.9442
527,manual_data,clear as crystal,"Claro como cristal
",gemini,prompt2,gpt,prompt4,claro como a água cristalina,0.8675
527,manual_data,clear as crystal,"Claro como cristal
",gemini,prompt2,gemini,prompt4,Cristalino.,0.8067
527,manual_data,clear as crystal,"Claro como cristal
",gemini,prompt2,gemma3,prompt2,Claro como água.,0.8844
527,manual_data,clear as crystal,"Claro como cristal
",gemini,prompt2,gemma3,prompt4,Limpido como água de nascente.,0.8379
527,manual_data,clear as crystal,"Claro como cristal
",gemini,prompt2,gemmaX,sem_prompt,claro como cristal,0.9442
516,manual_data,I made a cup of tea for myself.,Eu preparei uma xícara de chá para mim.,gemma3,prompt2,gpt,prompt2,Eu fiz uma xícara de chá para mim mesmo.,0.9882
516,manual_data,I made a cup of tea for myself.,Eu preparei uma xícara de chá para mim.,gemma3,prompt2,gpt,prompt4,Preparei uma xícara de chá para mim.,0.9499
516,manual_data,I made a cup of tea for myself.,Eu preparei uma xícara de chá para mim.,gemma3,prompt2,gemini,prompt2,Fiz uma xícara de chá para mim.,0.9783
516,manual_data,I made a cup of tea for myself.,Eu preparei uma xícara de chá para mim.,gemma3,prompt2,gemini,prompt4,Preparei um chá para mim.,0.9585
516,manual_data,I made a cup of tea for myself.,Eu preparei uma xícara de chá para mim.,gemma3,prompt2,gemma3,prompt4,Preparei um chá para me acalmar.,0.9255
516,manual_data,I made a cup of tea for myself.,Eu preparei uma xícara de chá para mim.,gemma3,prompt2,gemmaX,sem_prompt,Fiz uma chávena de chá para mim.,0.9477
449,manual_data,She cooked dinner for her family.,Ela cozinhou o jantar para a família dela.,gemma3,prompt2,gpt,prompt2,Ela cozinhou o jantar para sua família.,0.9668
449,manual_data,She cooked dinner for her family.,Ela cozinhou o jantar para a família dela.,gemma3,prompt2,gpt,prompt4,Ela preparou o jantar para a família.,0.9689
449,manual_data,She cooked dinner for her family.,Ela cozinhou o jantar para a família dela.,gemma3,prompt2,gemini,prompt2,Ela preparou o jantar para a família dela.,0.9543
449,manual_data,She cooked dinner for her family.,Ela cozinhou o jantar para a família dela.,gemma3,prompt2,gemini,prompt4,Ela preparou um banquete para a família.,0.9626
449,manual_data,She cooked dinner for her family.,Ela cozinhou o jantar para a família dela.,gemma3,prompt2,gemma3,prompt4,Ela preparou o ninho para sua família.,0.958
449,manual_data,She cooked dinner for her family.,Ela cozinhou o jantar para a família dela.,gemma3,prompt2,gemmaX,sem_prompt,Ela cozinhou o jantar para sua família.,0.9668
542,manual_data,She had a meeting with her boss.,"Ela teve uma reunião com seu chefe.
",gemma3,prompt2,gpt,prompt2,Ela teve uma reunião com seu chefe.,0.9554
542,manual_data,She had a meeting with her boss.,"Ela teve uma reunião com seu chefe.
",gemma3,prompt2,gpt,prompt4,Ela teve uma conversa com seu chefe.,0.9824
542,manual_data,She had a meeting with her boss.,"Ela teve uma reunião com seu chefe.
",gemma3,prompt2,gemini,prompt2,Ela teve uma reunião com seu chefe.,0.9554
542,manual_data,She had a meeting with her boss.,"Ela teve uma reunião com seu chefe.
",gemma3,prompt2,gemini,prompt4,Ela teve um encontro com o leão.,0.9559
542,manual_data,She had a meeting with her boss.,"Ela teve uma reunião com seu chefe.
",gemma3,prompt2,gemma3,prompt4,Ela teve um desfile com o patrão.,0.9539
542,manual_data,She had a meeting with her boss.,"Ela teve uma reunião com seu chefe.
",gemma3,prompt2,gemmaX,sem_prompt,Ela teve uma reunião com seu chefe.,0.9554
35,manual_data,back to square one,"De volta à estaca zero.
",gemma3,prompt2,gpt,prompt2,de volta à estaca zero,0.9269
35,manual_data,back to square one,"De volta à estaca zero.
",gemma3,prompt2,gpt,prompt4,de volta à estaca zero,0.9269
35,manual_data,back to square one,"De volta à estaca zero.
",gemma3,prompt2,gemini,prompt2,De volta à estaca zero,0.9411
35,manual_data,back to square one,"De volta à estaca zero.
",gemma3,prompt2,gemini,prompt4,Voltar à estaca zero.,0.9328
35,manual_data,back to square one,"De volta à estaca zero.
",gemma3,prompt2,gemma3,prompt4,Voltar à estaca zero.,0.9328
35,manual_data,back to square one,"De volta à estaca zero.
",gemma3,prompt2,gemmaX,sem_prompt,de volta ao ponto de partida,0.9071
65,manual_data,He took the bus to work.,"Ele pegou o ônibus para o trabalho.
",gemini,prompt2,gpt,prompt2,Ele pegou o ônibus para o trabalho.,0.9554
65,manual_data,He took the bus to work.,"Ele pegou o ônibus para o trabalho.
",gemini,prompt2,gpt,prompt4,Ele pegou o ônibus para o trampo.,0.9088
65,manual_data,He took the bus to work.,"Ele pegou o ônibus para o trabalho.
",gemini,prompt2,gemini,prompt4,Ele pegou o busão para o trabalho.,0.9356
65,manual_data,He took the bus to work.,"Ele pegou o ônibus para o trabalho.
",gemini,prompt2,gemma3,prompt2,Ele pegou o ônibus para o trabalho.,0.9554
65,manual_data,He took the bus to work.,"Ele pegou o ônibus para o trabalho.
",gemini,prompt2,gemma3,prompt4,Ele pegou a carruagem para o labor.,0.9474
65,manual_data,He took the bus to work.,"Ele pegou o ônibus para o trabalho.
",gemini,prompt2,gemmaX,sem_prompt,Ele pegou o ônibus para trabalhar.,0.964
201,manual_data,He is doing his homework in the study room.,Ele está fazendo sua lição de casa na sala de estudo.,gemmaX,sem_prompt,gpt,prompt2,Ele está fazendo a lição de casa na sala de estudos.,0.9492
201,manual_data,He is doing his homework in the study room.,Ele está fazendo sua lição de casa na sala de estudo.,gemmaX,sem_prompt,gpt,prompt4,Ele está fazendo seu dever de casa no escritório.,0.9658
201,manual_data,He is doing his homework in the study room.,Ele está fazendo sua lição de casa na sala de estudo.,gemmaX,sem_prompt,gemini,prompt2,Ele está fazendo o dever de casa no escritório.,0.9602
201,manual_data,He is doing his homework in the study room.,Ele está fazendo sua lição de casa na sala de estudo.,gemmaX,sem_prompt,gemini,prompt4,Ele está debruçado sobre os livros no escritório.,0.9221
201,manual_data,He is doing his homework in the study room.,Ele está fazendo sua lição de casa na sala de estudo.,gemmaX,sem_prompt,gemma3,prompt2,Ele está fazendo a lição de casa na sala de estudos.,0.9492
201,manual_data,He is doing his homework in the study room.,Ele está fazendo sua lição de casa na sala de estudo.,gemmaX,sem_prompt,gemma3,prompt4,Ele está se dedicando aos seus estudos no refúgio do saber.,0.9159
156,manual_data,a heart of gold,um coração de ouro,gpt,prompt2,gpt,prompt4,coração de ouro,0.9607
156,manual_data,a heart of gold,um coração de ouro,gpt,prompt2,gemini,prompt2,Um coração de ouro.,0.9196
156,manual_data,a heart of gold,um coração de ouro,gpt,prompt2,gemini,prompt4,Coração de ouro.,0.9077
156,manual_data,a heart of gold,um coração de ouro,gpt,prompt2,gemma3,prompt2,Um coração de ouro,0.944
156,manual_data,a heart of gold,um coração de ouro,gpt,prompt2,gemma3,prompt4,Coração de ouro.,0.9077
156,manual_data,a heart of gold,um coração de ouro,gpt,prompt2,gemmaX,sem_prompt,um coração de ouro,0.95
39,manual_data,They went to the theater to watch a play.,Eles foram ao teatro para assistir a uma peça.,gpt,prompt2,gpt,prompt4,Eles foram ao teatro para assistir a uma peça.,0.95
39,manual_data,They went to the theater to watch a play.,Eles foram ao teatro para assistir a uma peça.,gpt,prompt2,gemini,prompt2,Eles foram ao teatro para assistir a uma peça.,0.95
39,manual_data,They went to the theater to watch a play.,Eles foram ao teatro para assistir a uma peça.,gpt,prompt2,gemini,prompt4,Foram ao teatro para testemunhar a encenação da vida.,0.9293
39,manual_data,They went to the theater to watch a play.,Eles foram ao teatro para assistir a uma peça.,gpt,prompt2,gemma3,prompt2,Eles foram ao teatro para assistir a uma peça.,0.95
39,manual_data,They went to the theater to watch a play.,Eles foram ao teatro para assistir a uma peça.,gpt,prompt2,gemma3,prompt4,Foram ao palco assistir à encenação.,0.919
39,manual_data,They went to the theater to watch a play.,Eles foram ao teatro para assistir a uma peça.,gpt,prompt2,gemmaX,sem_prompt,Eles foram ao teatro para assistir a uma peça.,0.95
394,manual_data,They are visiting the zoo.,"Eles estão visitando o zoológico.
",gemini,prompt2,gpt,prompt2,Eles estão visitando o zoológico.,0.9557
394,manual_data,They are visiting the zoo.,"Eles estão visitando o zoológico.
",gemini,prompt2,gpt,prompt4,Eles estão visitando o zoológico.,0.9557
394,manual_data,They are visiting the zoo.,"Eles estão visitando o zoológico.
",gemini,prompt2,gemini,prompt4,Estão no zoológico da vida.,0.9234
394,manual_data,They are visiting the zoo.,"Eles estão visitando o zoológico.
",gemini,prompt2,gemma3,prompt2,Eles estão visitando o zoológico.,0.9557
394,manual_data,They are visiting the zoo.,"Eles estão visitando o zoológico.
",gemini,prompt2,gemma3,prompt4,Eles estão passeando pelo reino selvagem.,0.9311
394,manual_data,They are visiting the zoo.,"Eles estão visitando o zoológico.
",gemini,prompt2,gemmaX,sem_prompt,Eles estão visitando o zoológico.,0.9557
573,manual_data,She is playing with her cat.,"Ela está brincando com seu gato.
",gemini,prompt2,gpt,prompt2,Ela está brincando com seu gato.,0.9558
573,manual_data,She is playing with her cat.,"Ela está brincando com seu gato.
",gemini,prompt2,gpt,prompt4,Ela está se divertindo com seu gato.,0.9527
573,manual_data,She is playing with her cat.,"Ela está brincando com seu gato.
",gemini,prompt2,gemini,prompt4,Ela está brincando com o gato dela.,0.9637
573,manual_data,She is playing with her cat.,"Ela está brincando com seu gato.
",gemini,prompt2,gemma3,prompt2,Ela está brincando com seu gato.,0.9558
573,manual_data,She is playing with her cat.,"Ela está brincando com seu gato.
",gemini,prompt2,gemma3,prompt4,Ela tece laços com seu felino.,0.9206
573,manual_data,She is playing with her cat.,"Ela está brincando com seu gato.
",gemini,prompt2,gemmaX,sem_prompt,Ela está brincando com seu gato.,0.9558
635,manual_data,a piece of cake,um pedaço de bolo,gemmaX,sem_prompt,gpt,prompt2,Uma moleza.,0.8326
635,manual_data,a piece of cake,um pedaço de bolo,gemmaX,sem_prompt,gpt,prompt4,moleza,0.8221
635,manual_data,a piece of cake,um pedaço de bolo,gemmaX,sem_prompt,gemini,prompt2,Coisa fácil,0.8313
635,manual_data,a piece of cake,um pedaço de bolo,gemmaX,sem_prompt,gemini,prompt4,Moleza.,0.8091
635,manual_data,a piece of cake,um pedaço de bolo,gemmaX,sem_prompt,gemma3,prompt2,Uma moleza.,0.8326
635,manual_data,a piece of cake,um pedaço de bolo,gemmaX,sem_prompt,gemma3,prompt4,Mamão com açúcar.,0.8619
391,manual_data,He is playing soccer with his friends.,"Ele está jogando futebol com os amigos dele.
",gemini,prompt2,gpt,prompt2,Ele está jogando futebol com seus amigos.,0.9706
391,manual_data,He is playing soccer with his friends.,"Ele está jogando futebol com os amigos dele.
",gemini,prompt2,gpt,prompt4,Ele está jogando bola com os amigos.,0.9824
391,manual_data,He is playing soccer with his friends.,"Ele está jogando futebol com os amigos dele.
",gemini,prompt2,gemini,prompt4,Ele está em campo com os amigos.,0.9834
391,manual_data,He is playing soccer with his friends.,"Ele está jogando futebol com os amigos dele.
",gemini,prompt2,gemma3,prompt2,Ele está jogando futebol com seus amigos.,0.9706
391,manual_data,He is playing soccer with his friends.,"Ele está jogando futebol com os amigos dele.
",gemini,prompt2,gemma3,prompt4,Ele está driblando a vida com a turma.,0.9246
391,manual_data,He is playing soccer with his friends.,"Ele está jogando futebol com os amigos dele.
",gemini,prompt2,gemmaX,sem_prompt,Ele está jogando futebol com seus amigos.,0.9706
541,manual_data,She is visiting her grandmother in the hospital.,Ela está visitando a avó dela no hospital.,gpt,prompt2,gpt,prompt4,Ela está visitando a avó no hospital.,0.9681
541,manual_data,She is visiting her grandmother in the hospital.,Ela está visitando a avó dela no hospital.,gpt,prompt2,gemini,prompt2,Ela está visitando sua avó no hospital.,0.9616
541,manual_data,She is visiting her grandmother in the hospital.,Ela está visitando a avó dela no hospital.,gpt,prompt2,gemini,prompt4,Ela está visitando a avó na UTI.,0.974
541,manual_data,She is visiting her grandmother in the hospital.,Ela está visitando a avó dela no hospital.,gpt,prompt2,gemma3,prompt2,Ela está visitando sua avó no hospital.,0.9616
541,manual_data,She is visiting her grandmother in the hospital.,Ela está visitando a avó dela no hospital.,gpt,prompt2,gemma3,prompt4,Ela está levando flores para a casa de repouso da avó.,0.931
541,manual_data,She is visiting her grandmother in the hospital.,Ela está visitando a avó dela no hospital.,gpt,prompt2,gemmaX,sem_prompt,Ela está visitando sua avó no hospital.,0.9616
630,manual_data,like a fish out of water,"Como um peixe fora d'água.
",gemma3,prompt2,gpt,prompt2,como um peixe fora d'água,0.956
630,manual_data,like a fish out of water,"Como um peixe fora d'água.
",gemma3,prompt2,gpt,prompt4,como peixe fora d'água,0.963
630,manual_data,like a fish out of water,"Como um peixe fora d'água.
",gemma3,prompt2,gemini,prompt2,Como peixe fora d'água,0.9563
630,manual_data,like a fish out of water,"Como um peixe fora d'água.
",gemma3,prompt2,gemini,prompt4,Como peixe fora d'água.,0.9642
630,manual_data,like a fish out of water,"Como um peixe fora d'água.
",gemma3,prompt2,gemma3,prompt4,Um peixe fora d'água.,0.9835
630,manual_data,like a fish out of water,"Como um peixe fora d'água.
",gemma3,prompt2,gemmaX,sem_prompt,como um peixe fora d'água,0.956
470,manual_data,all the world's a stage,Todo o mundo é um palco,gemmaX,sem_prompt,gpt,prompt2,"""Todo o mundo é um palco.""",0.8937
470,manual_data,all the world's a stage,Todo o mundo é um palco,gemmaX,sem_prompt,gpt,prompt4,Todo o mundo é um palco.,0.9159
470,manual_data,all the world's a stage,Todo o mundo é um palco,gemmaX,sem_prompt,gemini,prompt2,O mundo inteiro é um palco.,0.9303
470,manual_data,all the world's a stage,Todo o mundo é um palco,gemmaX,sem_prompt,gemini,prompt4,O mundo inteiro é um palco.,0.9303
470,manual_data,all the world's a stage,Todo o mundo é um palco,gemmaX,sem_prompt,gemma3,prompt2,O mundo inteiro é um palco.,0.9303
470,manual_data,all the world's a stage,Todo o mundo é um palco,gemmaX,sem_prompt,gemma3,prompt4,O mundo é um palco.,0.9526
645,manual_data,She studied for the test all week.,Ela estudou para o teste a semana toda.,gpt,prompt2,gpt,prompt4,Ela se preparou para a prova a semana inteira.,0.9188
645,manual_data,She studied for the test all week.,Ela estudou para o teste a semana toda.,gpt,prompt2,gemini,prompt2,Ela estudou para a prova a semana toda.,0.9543
645,manual_data,She studied for the test all week.,Ela estudou para o teste a semana toda.,gpt,prompt2,gemini,prompt4,Ela mergulhou nos estudos a semana inteira.,0.9084
645,manual_data,She studied for the test all week.,Ela estudou para o teste a semana toda.,gpt,prompt2,gemma3,prompt2,Ela estudou para a prova a semana toda.,0.9543
645,manual_data,She studied for the test all week.,Ela estudou para o teste a semana toda.,gpt,prompt2,gemma3,prompt4,Ela se dedicou de corpo e alma à prova a semana inteira.,0.8749
645,manual_data,She studied for the test all week.,Ela estudou para o teste a semana toda.,gpt,prompt2,gemmaX,sem_prompt,Ela estudou para o teste a semana inteira.,0.923
171,manual_data,comfort zone,"Zona de conforto
",gemini,prompt2,gpt,prompt2,zona de conforto,0.9481
171,manual_data,comfort zone,"Zona de conforto
",gemini,prompt2,gpt,prompt4,zona de conforto,0.9481
171,manual_data,comfort zone,"Zona de conforto
",gemini,prompt2,gemini,prompt4,Zona de conforto,0.9613
171,manual_data,comfort zone,"Zona de conforto
",gemini,prompt2,gemma3,prompt2,Zona de conforto,0.9613
171,manual_data,comfort zone,"Zona de conforto
",gemini,prompt2,gemma3,prompt4,Zona de conforto.,0.8813
171,manual_data,comfort zone,"Zona de conforto
",gemini,prompt2,gemmaX,sem_prompt,zona de conforto,0.9481
402,manual_data,He is checking his email.,Ele está verificando seu e-mail.,gemma3,prompt2,gpt,prompt2,Ele está verificando seu e-mail.,0.95
402,manual_data,He is checking his email.,Ele está verificando seu e-mail.,gemma3,prompt2,gpt,prompt4,Ele está conferindo suas mensagens.,0.9681
402,manual_data,He is checking his email.,Ele está verificando seu e-mail.,gemma3,prompt2,gemini,prompt2,Ele está checando seus e-mails.,0.9461
402,manual_data,He is checking his email.,Ele está verificando seu e-mail.,gemma3,prompt2,gemini,prompt4,Ele está pescando seus e-mails.,0.9557
402,manual_data,He is checking his email.,Ele está verificando seu e-mail.,gemma3,prompt2,gemma3,prompt4,Ele está espiando a caixa de entrada.,0.91
402,manual_data,He is checking his email.,Ele está verificando seu e-mail.,gemma3,prompt2,gemmaX,sem_prompt,Ele está checando seu e-mail.,0.9449
288,manual_data,She had a cup of soup for lunch.,Ela tomou uma xícara de sopa no almoço.,gemmaX,sem_prompt,gpt,prompt2,Ela teve uma xícara de sopa no almoço.,0.9561
288,manual_data,She had a cup of soup for lunch.,Ela tomou uma xícara de sopa no almoço.,gemmaX,sem_prompt,gpt,prompt4,Ela teve um prato de sopa no almoço.,0.9643
288,manual_data,She had a cup of soup for lunch.,Ela tomou uma xícara de sopa no almoço.,gemmaX,sem_prompt,gemini,prompt2,Ela comeu uma xícara de sopa no almoço.,0.9459
288,manual_data,She had a cup of soup for lunch.,Ela tomou uma xícara de sopa no almoço.,gemmaX,sem_prompt,gemini,prompt4,Ela almoçou uma caneca de sopa.,0.9597
288,manual_data,She had a cup of soup for lunch.,Ela tomou uma xícara de sopa no almoço.,gemmaX,sem_prompt,gemma3,prompt2,Ela tomou uma sopa no almoço.,0.9892
288,manual_data,She had a cup of soup for lunch.,Ela tomou uma xícara de sopa no almoço.,gemmaX,sem_prompt,gemma3,prompt4,Ela se fartou de um caldo ao meio-dia.,0.8884
641,manual_data,They are having a family gathering at home.,"Eles estão fazendo uma reunião familiar em casa.
",gemini,prompt2,gpt,prompt2,Eles estão tendo um encontro familiar em casa.,0.965
641,manual_data,They are having a family gathering at home.,"Eles estão fazendo uma reunião familiar em casa.
",gemini,prompt2,gpt,prompt4,Eles estão tendo um encontro familiar em casa.,0.965
641,manual_data,They are having a family gathering at home.,"Eles estão fazendo uma reunião familiar em casa.
",gemini,prompt2,gemini,prompt4,Estão com a casa cheia de abraços.,0.8849
641,manual_data,They are having a family gathering at home.,"Eles estão fazendo uma reunião familiar em casa.
",gemini,prompt2,gemma3,prompt2,Eles estão tendo um encontro familiar em casa.,0.965
641,manual_data,They are having a family gathering at home.,"Eles estão fazendo uma reunião familiar em casa.
",gemini,prompt2,gemma3,prompt4,Reunião de ninhos em voo doméstico.,0.8847
641,manual_data,They are having a family gathering at home.,"Eles estão fazendo uma reunião familiar em casa.
",gemini,prompt2,gemmaX,sem_prompt,Eles estão tendo uma reunião de família em casa.,0.9435
476,manual_data,They went hiking in the mountains.,Eles foram fazer trilha nas montanhas.,gpt,prompt2,gpt,prompt4,Eles foram explorar as montanhas.,0.9787
476,manual_data,They went hiking in the mountains.,Eles foram fazer trilha nas montanhas.,gpt,prompt2,gemini,prompt2,Eles fizeram trilha nas montanhas.,0.9868
476,manual_data,They went hiking in the mountains.,Eles foram fazer trilha nas montanhas.,gpt,prompt2,gemini,prompt4,Aventuraram-se pelas entranhas da montanha.,0.8842
476,manual_data,They went hiking in the mountains.,Eles foram fazer trilha nas montanhas.,gpt,prompt2,gemma3,prompt2,Eles foram fazer trilha nas montanhas.,0.95
476,manual_data,They went hiking in the mountains.,Eles foram fazer trilha nas montanhas.,gpt,prompt2,gemma3,prompt4,Eles se aventuraram pelos picos.,0.9143
476,manual_data,They went hiking in the mountains.,Eles foram fazer trilha nas montanhas.,gpt,prompt2,gemmaX,sem_prompt,Eles foram fazer caminhadas nas montanhas.,0.9593
196,manual_data,I went to the beach for vacation.,Eu fui para a praia de férias.,gpt,prompt2,gpt,prompt4,Fui à praia para relaxar.,0.9426
196,manual_data,I went to the beach for vacation.,Eu fui para a praia de férias.,gpt,prompt2,gemini,prompt2,Eu fui à praia para as férias.,0.9748
196,manual_data,I went to the beach for vacation.,Eu fui para a praia de férias.,gpt,prompt2,gemini,prompt4,Mergulhei na praia para as férias.,0.9416
196,manual_data,I went to the beach for vacation.,Eu fui para a praia de férias.,gpt,prompt2,gemma3,prompt2,Eu fui à praia de férias.,0.9765
196,manual_data,I went to the beach for vacation.,Eu fui para a praia de férias.,gpt,prompt2,gemma3,prompt4,Deixei-me levar pela orla da alma.,0.8752
196,manual_data,I went to the beach for vacation.,Eu fui para a praia de férias.,gpt,prompt2,gemmaX,sem_prompt,Fui para a praia de férias.,0.9567
79,manual_data,She is cleaning the kitchen after dinner.,"Ela está limpando a cozinha depois do jantar.
",gemini,prompt2,gpt,prompt2,Ela está limpando a cozinha depois do jantar.,0.9542
79,manual_data,She is cleaning the kitchen after dinner.,"Ela está limpando a cozinha depois do jantar.
",gemini,prompt2,gpt,prompt4,Ela está arrumando a cozinha após o jantar.,0.96
79,manual_data,She is cleaning the kitchen after dinner.,"Ela está limpando a cozinha depois do jantar.
",gemini,prompt2,gemini,prompt4,Ela está lavando a alma da cozinha depois do jantar.,0.9635
79,manual_data,She is cleaning the kitchen after dinner.,"Ela está limpando a cozinha depois do jantar.
",gemini,prompt2,gemma3,prompt2,Ela está limpando a cozinha depois do jantar.,0.9542
79,manual_data,She is cleaning the kitchen after dinner.,"Ela está limpando a cozinha depois do jantar.
",gemini,prompt2,gemma3,prompt4,Ela está varrendo os rastros do banquete.,0.9299
79,manual_data,She is cleaning the kitchen after dinner.,"Ela está limpando a cozinha depois do jantar.
",gemini,prompt2,gemmaX,sem_prompt,Ela está limpando a cozinha depois do jantar.,0.9542
275,manual_data,all in the same boat,todos no mesmo barco,gpt,prompt2,gpt,prompt4,Todos no mesmo barco.,0.865
275,manual_data,all in the same boat,todos no mesmo barco,gpt,prompt2,gemini,prompt2,Todos no mesmo barco.,0.865
275,manual_data,all in the same boat,todos no mesmo barco,gpt,prompt2,gemini,prompt4,No mesmo barco.,0.9307
275,manual_data,all in the same boat,todos no mesmo barco,gpt,prompt2,gemma3,prompt2,Todos no mesmo barco.,0.865
275,manual_data,all in the same boat,todos no mesmo barco,gpt,prompt2,gemma3,prompt4,No mesmo barco.,0.9307
275,manual_data,all in the same boat,todos no mesmo barco,gpt,prompt2,gemmaX,sem_prompt,Todos no mesmo barco,0.9339
255,manual_data,heart of stone,coração de pedra,gemmaX,sem_prompt,gpt,prompt2,coração de pedra,0.95
255,manual_data,heart of stone,coração de pedra,gemmaX,sem_prompt,gpt,prompt4,coração de pedra,0.95
255,manual_data,heart of stone,coração de pedra,gemmaX,sem_prompt,gemini,prompt2,Coração de pedra,0.8659
255,manual_data,heart of stone,coração de pedra,gemmaX,sem_prompt,gemini,prompt4,Coração de pedra.,0.8428
255,manual_data,heart of stone,coração de pedra,gemmaX,sem_prompt,gemma3,prompt2,Coração de pedra,0.8659
255,manual_data,heart of stone,coração de pedra,gemmaX,sem_prompt,gemma3,prompt4,Coração de pedra.,0.8428
273,manual_data,He watched a football match on TV.,Ele assistiu a uma partida de futebol na TV.,gpt,prompt2,gpt,prompt4,Ele assistiu a um jogo de futebol na TV.,0.979
273,manual_data,He watched a football match on TV.,Ele assistiu a uma partida de futebol na TV.,gpt,prompt2,gemini,prompt2,Ele assistiu a uma partida de futebol na TV.,0.95
273,manual_data,He watched a football match on TV.,Ele assistiu a uma partida de futebol na TV.,gpt,prompt2,gemini,prompt4,Ele assistiu a um duelo de gigantes na telinha.,0.9525
273,manual_data,He watched a football match on TV.,Ele assistiu a uma partida de futebol na TV.,gpt,prompt2,gemma3,prompt2,Ele assistiu a uma partida de futebol na TV.,0.95
273,manual_data,He watched a football match on TV.,Ele assistiu a uma partida de futebol na TV.,gpt,prompt2,gemma3,prompt4,Ele acompanhou um espetáculo de embates em uma tela.,0.9174
273,manual_data,He watched a football match on TV.,Ele assistiu a uma partida de futebol na TV.,gpt,prompt2,gemmaX,sem_prompt,Ele assistiu a uma partida de futebol na TV.,0.95
513,manual_data,heart of stone,coração de pedra,gemmaX,sem_prompt,gpt,prompt2,coração de pedra,0.95
513,manual_data,heart of stone,coração de pedra,gemmaX,sem_prompt,gpt,prompt4,coração de pedra,0.95
513,manual_data,heart of stone,coração de pedra,gemmaX,sem_prompt,gemini,prompt2,Coração de pedra,0.8659
513,manual_data,heart of stone,coração de pedra,gemmaX,sem_prompt,gemini,prompt4,Coração de pedra.,0.8428
513,manual_data,heart of stone,coração de pedra,gemmaX,sem_prompt,gemma3,prompt2,Coração de pedra,0.8659
513,manual_data,heart of stone,coração de pedra,gemmaX,sem_prompt,gemma3,prompt4,Coração de pedra.,0.8428
342,manual_data,They cleaned the house on Saturday.,Eles limparam a casa no sábado.,gemma3,prompt2,gpt,prompt2,Eles limparam a casa no sábado.,0.95
342,manual_data,They cleaned the house on Saturday.,Eles limparam a casa no sábado.,gemma3,prompt2,gpt,prompt4,Eles deram uma geral na casa no sábado.,0.9563
342,manual_data,They cleaned the house on Saturday.,Eles limparam a casa no sábado.,gemma3,prompt2,gemini,prompt2,Eles limparam a casa no sábado.,0.95
342,manual_data,They cleaned the house on Saturday.,Eles limparam a casa no sábado.,gemma3,prompt2,gemini,prompt4,Eles colocaram a casa nos eixos no sábado.,0.9487
342,manual_data,They cleaned the house on Saturday.,Eles limparam a casa no sábado.,gemma3,prompt2,gemma3,prompt4,Deixaram a casa brilhando no sábado.,0.9405
342,manual_data,They cleaned the house on Saturday.,Eles limparam a casa no sábado.,gemma3,prompt2,gemmaX,sem_prompt,Limparam a casa no sábado.,0.9138
515,manual_data,They are enjoying a cup of coffee together.,"Eles estão aproveitando uma xícara de café juntos.
",gemma3,prompt2,gpt,prompt2,Eles estão disfrutando de uma xícara de café juntos.,0.9482
515,manual_data,They are enjoying a cup of coffee together.,"Eles estão aproveitando uma xícara de café juntos.
",gemma3,prompt2,gpt,prompt4,Eles estão dividindo uma xícara de café juntos.,0.9655
515,manual_data,They are enjoying a cup of coffee together.,"Eles estão aproveitando uma xícara de café juntos.
",gemma3,prompt2,gemini,prompt2,Eles estão apreciando uma xícara de café juntos.,0.9586
515,manual_data,They are enjoying a cup of coffee together.,"Eles estão aproveitando uma xícara de café juntos.
",gemma3,prompt2,gemini,prompt4,"Estão dividindo o pão, tomando um café.",0.9225
515,manual_data,They are enjoying a cup of coffee together.,"Eles estão aproveitando uma xícara de café juntos.
",gemma3,prompt2,gemma3,prompt4,Compartilham um instante de calor e aroma.,0.9024
515,manual_data,They are enjoying a cup of coffee together.,"Eles estão aproveitando uma xícara de café juntos.
",gemma3,prompt2,gemmaX,sem_prompt,Estão a desfrutar de uma chávena de café juntos.,0.9373
131,manual_data,They went for a swim at the pool.,"Eles foram nadar na piscina.
",gemini,prompt2,gpt,prompt2,Eles foram nadar na piscina.,0.9567
131,manual_data,They went for a swim at the pool.,"Eles foram nadar na piscina.
",gemini,prompt2,gpt,prompt4,Eles foram se refrescar na piscina.,0.9574
131,manual_data,They went for a swim at the pool.,"Eles foram nadar na piscina.
",gemini,prompt2,gemini,prompt4,Mergulharam na piscina da vida.,0.8818
131,manual_data,They went for a swim at the pool.,"Eles foram nadar na piscina.
",gemini,prompt2,gemma3,prompt2,Eles foram nadar na piscina.,0.9567
131,manual_data,They went for a swim at the pool.,"Eles foram nadar na piscina.
",gemini,prompt2,gemma3,prompt4,Eles mergulharam no frescor azul.,0.9045
131,manual_data,They went for a swim at the pool.,"Eles foram nadar na piscina.
",gemini,prompt2,gemmaX,sem_prompt,Eles foram nadar na piscina.,0.9567
570,manual_data,The car stopped at the red light.,"O carro parou no semáforo vermelho.
",gemma3,prompt2,gpt,prompt2,O carro parou no semáforo vermelho.,0.9554
570,manual_data,The car stopped at the red light.,"O carro parou no semáforo vermelho.
",gemma3,prompt2,gpt,prompt4,O carro parou no sinal vermelho.,0.9686
570,manual_data,The car stopped at the red light.,"O carro parou no semáforo vermelho.
",gemma3,prompt2,gemini,prompt2,O carro parou no sinal vermelho.,0.9686
570,manual_data,The car stopped at the red light.,"O carro parou no semáforo vermelho.
",gemma3,prompt2,gemini,prompt4,O carro sangrou no rubro.,0.9084
570,manual_data,The car stopped at the red light.,"O carro parou no semáforo vermelho.
",gemma3,prompt2,gemma3,prompt4,O carro parou no sinal de alerta.,0.9664
570,manual_data,The car stopped at the red light.,"O carro parou no semáforo vermelho.
",gemma3,prompt2,gemmaX,sem_prompt,O carro parou no sinal vermelho.,0.9686
464,manual_data,They are visiting their friends in the city.,"Eles estão visitando seus amigos na cidade.
",gemini,prompt2,gpt,prompt2,Eles estão visitando seus amigos na cidade.,0.9544
464,manual_data,They are visiting their friends in the city.,"Eles estão visitando seus amigos na cidade.
",gemini,prompt2,gpt,prompt4,Eles estão visitando os amigos na cidade.,0.9561
464,manual_data,They are visiting their friends in the city.,"Eles estão visitando seus amigos na cidade.
",gemini,prompt2,gemini,prompt4,Eles estão de passagem pela cidade dos amigos.,0.959
464,manual_data,They are visiting their friends in the city.,"Eles estão visitando seus amigos na cidade.
",gemini,prompt2,gemma3,prompt2,Eles estão visitando seus amigos na cidade.,0.9544
464,manual_data,They are visiting their friends in the city.,"Eles estão visitando seus amigos na cidade.
",gemini,prompt2,gemma3,prompt4,Eles estão cortando uma escapada com os amigos na metrópole.,0.9117
464,manual_data,They are visiting their friends in the city.,"Eles estão visitando seus amigos na cidade.
",gemini,prompt2,gemmaX,sem_prompt,Estão a visitar os amigos na cidade.,0.9348
269,manual_data,He visited the museum with his class.,Ele visitou o museu com sua classe.,gemmaX,sem_prompt,gpt,prompt2,Ele visitou o museu com sua turma.,0.9698
269,manual_data,He visited the museum with his class.,Ele visitou o museu com sua classe.,gemmaX,sem_prompt,gpt,prompt4,Ele visitou o museu com sua turma.,0.9698
269,manual_data,He visited the museum with his class.,Ele visitou o museu com sua classe.,gemmaX,sem_prompt,gemini,prompt2,Ele visitou o museu com a turma dele.,0.9693
269,manual_data,He visited the museum with his class.,Ele visitou o museu com sua classe.,gemmaX,sem_prompt,gemini,prompt4,Ele passeou pelo museu com sua turma.,0.9718
269,manual_data,He visited the museum with his class.,Ele visitou o museu com sua classe.,gemmaX,sem_prompt,gemma3,prompt2,Ele visitou o museu com sua turma.,0.9698
269,manual_data,He visited the museum with his class.,Ele visitou o museu com sua classe.,gemmaX,sem_prompt,gemma3,prompt4,Ele guiou a turma pelos corredores da história.,0.9161
435,manual_data,He is drinking tea in the morning.,Ele está bebendo chá de manhã.,gemma3,prompt2,gpt,prompt2,Ele está bebendo chá de manhã.,0.95
435,manual_data,He is drinking tea in the morning.,Ele está bebendo chá de manhã.,gemma3,prompt2,gpt,prompt4,Ele está saboreando o chá pela manhã.,0.949
435,manual_data,He is drinking tea in the morning.,Ele está bebendo chá de manhã.,gemma3,prompt2,gemini,prompt2,Ele está bebendo chá de manhã.,0.95
435,manual_data,He is drinking tea in the morning.,Ele está bebendo chá de manhã.,gemma3,prompt2,gemini,prompt4,Ele está tomando chá da rainha pela manhã.,0.9543
435,manual_data,He is drinking tea in the morning.,Ele está bebendo chá de manhã.,gemma3,prompt2,gemma3,prompt4,Ele saboreia a aurora em xícaras.,0.8671
435,manual_data,He is drinking tea in the morning.,Ele está bebendo chá de manhã.,gemma3,prompt2,gemmaX,sem_prompt,Ele está bebendo chá de manhã.,0.95
203,manual_data,They are making pizza together.,Eles estão fazendo pizza juntos.,gemma3,prompt2,gpt,prompt2,Eles estão fazendo pizza juntos.,0.95
203,manual_data,They are making pizza together.,Eles estão fazendo pizza juntos.,gemma3,prompt2,gpt,prompt4,Eles estão se unindo para criar algo especial.,0.8975
203,manual_data,They are making pizza together.,Eles estão fazendo pizza juntos.,gemma3,prompt2,gemini,prompt2,Eles estão fazendo pizza juntos.,0.95
203,manual_data,They are making pizza together.,Eles estão fazendo pizza juntos.,gemma3,prompt2,gemini,prompt4,Estão botando a mão na massa juntos.,0.8868
203,manual_data,They are making pizza together.,Eles estão fazendo pizza juntos.,gemma3,prompt2,gemma3,prompt4,Estão a moldar um pedaço de alegria juntos.,0.8797
203,manual_data,They are making pizza together.,Eles estão fazendo pizza juntos.,gemma3,prompt2,gemmaX,sem_prompt,Estão a fazer uma pizza juntos.,0.9331
78,manual_data,bleeding heart,coração sangrante,gpt,prompt2,gpt,prompt4,coração sensível,0.8668
78,manual_data,bleeding heart,coração sangrante,gpt,prompt2,gemini,prompt2,Coração mole,0.8671
78,manual_data,bleeding heart,coração sangrante,gpt,prompt2,gemini,prompt4,Coração mole.,0.8319
78,manual_data,bleeding heart,coração sangrante,gpt,prompt2,gemma3,prompt2,Coração mole.,0.8319
78,manual_data,bleeding heart,coração sangrante,gpt,prompt2,gemma3,prompt4,Coração mole.,0.8319
78,manual_data,bleeding heart,coração sangrante,gpt,prompt2,gemmaX,sem_prompt,coração sangrento,0.8687
668,manual_data,They went to a theme park for the day.,"Eles foram a um parque temático passar o dia.
",gemini,prompt2,gpt,prompt2,Eles foram a um parque de diversões por um dia.,0.9581
668,manual_data,They went to a theme park for the day.,"Eles foram a um parque temático passar o dia.
",gemini,prompt2,gpt,prompt4,Eles foram a um parque de diversões por um dia.,0.9581
668,manual_data,They went to a theme park for the day.,"Eles foram a um parque temático passar o dia.
",gemini,prompt2,gemini,prompt4,Eles foram a um parque de diversões por um dia.,0.9581
668,manual_data,They went to a theme park for the day.,"Eles foram a um parque temático passar o dia.
",gemini,prompt2,gemma3,prompt2,Eles foram para um parque temático por um dia.,0.9562
668,manual_data,They went to a theme park for the day.,"Eles foram a um parque temático passar o dia.
",gemini,prompt2,gemma3,prompt4,Passaram o dia num mundo de sonhos.,0.9079
668,manual_data,They went to a theme park for the day.,"Eles foram a um parque temático passar o dia.
",gemini,prompt2,gemmaX,sem_prompt,Eles foram para um parque temático durante o dia.,0.9666
58,manual_data,He is building a model airplane.,Ele está construindo um avião de modelo.,gemma3,prompt2,gpt,prompt2,Ele está construindo um modelo de avião.,0.9896
58,manual_data,He is building a model airplane.,Ele está construindo um avião de modelo.,gemma3,prompt2,gpt,prompt4,Ele está montando um aviãozinho de modelo.,0.9629
58,manual_data,He is building a model airplane.,Ele está construindo um avião de modelo.,gemma3,prompt2,gemini,prompt2,Ele está construindo um avião de brinquedo.,0.927
58,manual_data,He is building a model airplane.,Ele está construindo um avião de modelo.,gemma3,prompt2,gemini,prompt4,Ele está arquitetando um voo.,0.9263
58,manual_data,He is building a model airplane.,Ele está construindo um avião de modelo.,gemma3,prompt2,gemma3,prompt4,Ele está montando um sonho de papel.,0.9592
58,manual_data,He is building a model airplane.,Ele está construindo um avião de modelo.,gemma3,prompt2,gemmaX,sem_prompt,Ele está construindo um avião modelo.,0.9585
712,manual_data,They are taking a family vacation.,Eles estão fazendo férias em família.,gpt,prompt2,gpt,prompt4,Eles estão indo para um passeio em família.,0.9658
712,manual_data,They are taking a family vacation.,Eles estão fazendo férias em família.,gpt,prompt2,gemini,prompt2,Eles estão de férias em família.,0.9655
712,manual_data,They are taking a family vacation.,Eles estão fazendo férias em família.,gpt,prompt2,gemini,prompt4,Eles estão embarcando em um cruzeiro familiar.,0.9232
712,manual_data,They are taking a family vacation.,Eles estão fazendo férias em família.,gpt,prompt2,gemma3,prompt2,Eles estão tirando férias em família.,0.9146
712,manual_data,They are taking a family vacation.,Eles estão fazendo férias em família.,gpt,prompt2,gemma3,prompt4,Eles estão embarcando em uma pausa da rotina em família.,0.9278
712,manual_data,They are taking a family vacation.,Eles estão fazendo férias em família.,gpt,prompt2,gemmaX,sem_prompt,Eles estão tirando férias em família.,0.9146
383,manual_data,He made a sandwich for lunch.,Ele fez um sanduíche para o almoço.,gpt,prompt2,gpt,prompt4,Ele fez um lanche para o almoço.,0.9435
383,manual_data,He made a sandwich for lunch.,Ele fez um sanduíche para o almoço.,gpt,prompt2,gemini,prompt2,Ele fez um sanduíche para o almoço.,0.95
383,manual_data,He made a sandwich for lunch.,Ele fez um sanduíche para o almoço.,gpt,prompt2,gemini,prompt4,Ele preparou um lanche para o almoço.,0.9615
383,manual_data,He made a sandwich for lunch.,Ele fez um sanduíche para o almoço.,gpt,prompt2,gemma3,prompt2,Ele fez um sanduíche para o almoço.,0.95
383,manual_data,He made a sandwich for lunch.,Ele fez um sanduíche para o almoço.,gpt,prompt2,gemma3,prompt4,Ele montou um lanche para o almoço.,0.9578
383,manual_data,He made a sandwich for lunch.,Ele fez um sanduíche para o almoço.,gpt,prompt2,gemmaX,sem_prompt,Ele fez um sanduíche para o almoço.,0.95
350,manual_data,a sinking ship,um navio afundando,gpt,prompt2,gpt,prompt4,navio à deriva,0.8579
350,manual_data,a sinking ship,um navio afundando,gpt,prompt2,gemini,prompt2,Um navio afundando,0.9385
350,manual_data,a sinking ship,um navio afundando,gpt,prompt2,gemini,prompt4,Navio afundando.,0.931
350,manual_data,a sinking ship,um navio afundando,gpt,prompt2,gemma3,prompt2,Um navio afundando,0.9385
350,manual_data,a sinking ship,um navio afundando,gpt,prompt2,gemma3,prompt4,Navio à deriva.,0.8507
350,manual_data,a sinking ship,um navio afundando,gpt,prompt2,gemmaX,sem_prompt,um navio a afundar-se,0.8778
474,manual_data,They had a barbecue in the backyard.,Eles fizeram um churrasco no quintal.,gemma3,prompt2,gpt,prompt2,Eles fizeram um churrasco no quintal.,0.95
474,manual_data,They had a barbecue in the backyard.,Eles fizeram um churrasco no quintal.,gemma3,prompt2,gpt,prompt4,Eles fizeram um churrasco no fundo do quintal.,0.9654
474,manual_data,They had a barbecue in the backyard.,Eles fizeram um churrasco no quintal.,gemma3,prompt2,gemini,prompt2,Eles fizeram um churrasco no quintal.,0.95
474,manual_data,They had a barbecue in the backyard.,Eles fizeram um churrasco no quintal.,gemma3,prompt2,gemini,prompt4,Eles fizeram um churrasco no quintal.,0.95
474,manual_data,They had a barbecue in the backyard.,Eles fizeram um churrasco no quintal.,gemma3,prompt2,gemma3,prompt4,Eles armaram um luau no quintal.,0.9265
474,manual_data,They had a barbecue in the backyard.,Eles fizeram um churrasco no quintal.,gemma3,prompt2,gemmaX,sem_prompt,Eles fizeram um churrasco no quintal.,0.95
82,manual_data,hard pill to swallow,uma pílula difícil de engolir,gemmaX,sem_prompt,gpt,prompt2,difícil de aceitar,0.9249
82,manual_data,hard pill to swallow,uma pílula difícil de engolir,gemmaX,sem_prompt,gpt,prompt4,peso na consciência,0.8521
82,manual_data,hard pill to swallow,uma pílula difícil de engolir,gemmaX,sem_prompt,gemini,prompt2,Verdade difícil de engolir,0.9232
82,manual_data,hard pill to swallow,uma pílula difícil de engolir,gemmaX,sem_prompt,gemini,prompt4,Um osso duro de roer.,0.8606
82,manual_data,hard pill to swallow,uma pílula difícil de engolir,gemmaX,sem_prompt,gemma3,prompt2,Uma pílula difícil de engolir.,0.9178
82,manual_data,hard pill to swallow,uma pílula difícil de engolir,gemmaX,sem_prompt,gemma3,prompt4,Um osso duro de roer.,0.8606
497,manual_data,They went to a concert last night.,"Eles foram a um show ontem à noite.
",gemini,prompt2,gpt,prompt2,Eles foram a um show na noite passada.,0.9951
497,manual_data,They went to a concert last night.,"Eles foram a um show ontem à noite.
",gemini,prompt2,gpt,prompt4,Eles foram a um show ontem à noite.,0.9554
497,manual_data,They went to a concert last night.,"Eles foram a um show ontem à noite.
",gemini,prompt2,gemini,prompt4,Eles foram regar as plantas ontem à noite.,0.9476
497,manual_data,They went to a concert last night.,"Eles foram a um show ontem à noite.
",gemini,prompt2,gemma3,prompt2,Eles foram a um show ontem à noite.,0.9554
497,manual_data,They went to a concert last night.,"Eles foram a um show ontem à noite.
",gemini,prompt2,gemma3,prompt4,Eles se entregaram à música ontem à noite.,0.9483
497,manual_data,They went to a concert last night.,"Eles foram a um show ontem à noite.
",gemini,prompt2,gemmaX,sem_prompt,Eles foram a um show ontem à noite.,0.9554
193,manual_data,He is playing the guitar in the living room.,"Ele está tocando guitarra na sala de estar.
",gemini,prompt2,gpt,prompt2,Ele está tocando violão na sala de estar.,0.9548
193,manual_data,He is playing the guitar in the living room.,"Ele está tocando guitarra na sala de estar.
",gemini,prompt2,gpt,prompt4,Ele está dedilhando a guitarra na sala de estar.,0.9349
193,manual_data,He is playing the guitar in the living room.,"Ele está tocando guitarra na sala de estar.
",gemini,prompt2,gemini,prompt4,Ele está dedilhando a alma da sala.,0.9192
193,manual_data,He is playing the guitar in the living room.,"Ele está tocando guitarra na sala de estar.
",gemini,prompt2,gemma3,prompt2,Ele está tocando a guitarra na sala de estar.,0.9516
193,manual_data,He is playing the guitar in the living room.,"Ele está tocando guitarra na sala de estar.
",gemini,prompt2,gemma3,prompt4,Ele dedilha o violão na sala.,0.9136
193,manual_data,He is playing the guitar in the living room.,"Ele está tocando guitarra na sala de estar.
",gemini,prompt2,gemmaX,sem_prompt,Ele está tocando violão na sala de estar.,0.9548
37,manual_data,She went to the library to study.,Ela foi à biblioteca para estudar.,gpt,prompt2,gpt,prompt4,Ela foi à biblioteca para se aprofundar nos conhecimentos.,0.9462
37,manual_data,She went to the library to study.,Ela foi à biblioteca para estudar.,gpt,prompt2,gemini,prompt2,Ela foi à biblioteca para estudar.,0.95
37,manual_data,She went to the library to study.,Ela foi à biblioteca para estudar.,gpt,prompt2,gemini,prompt4,Ela foi à biblioteca para afiar o machado.,0.9248
37,manual_data,She went to the library to study.,Ela foi à biblioteca para estudar.,gpt,prompt2,gemma3,prompt2,Ela foi à biblioteca para estudar.,0.95
37,manual_data,She went to the library to study.,Ela foi à biblioteca para estudar.,gpt,prompt2,gemma3,prompt4,Ela foi à biblioteca buscar sabedoria.,0.9146
37,manual_data,She went to the library to study.,Ela foi à biblioteca para estudar.,gpt,prompt2,gemmaX,sem_prompt,Ela foi à biblioteca para estudar.,0.95
473,manual_data,She is preparing for a job interview.,"Ela está se preparando para uma entrevista de emprego.
",gemini,prompt2,gpt,prompt2,Ela está se preparando para uma entrevista de emprego.,0.9535
473,manual_data,She is preparing for a job interview.,"Ela está se preparando para uma entrevista de emprego.
",gemini,prompt2,gpt,prompt4,Ela está se preparando para uma entrevista de emprego.,0.9535
473,manual_data,She is preparing for a job interview.,"Ela está se preparando para uma entrevista de emprego.
",gemini,prompt2,gemini,prompt4,Ela está afiando as garras para a entrevista.,0.9145
473,manual_data,She is preparing for a job interview.,"Ela está se preparando para uma entrevista de emprego.
",gemini,prompt2,gemma3,prompt2,Ela está se preparando para uma entrevista de emprego.,0.9535
473,manual_data,She is preparing for a job interview.,"Ela está se preparando para uma entrevista de emprego.
",gemini,prompt2,gemma3,prompt4,Ela está afinando a armadura para o embate.,0.9141
473,manual_data,She is preparing for a job interview.,"Ela está se preparando para uma entrevista de emprego.
",gemini,prompt2,gemmaX,sem_prompt,Ela está se preparando para uma entrevista de emprego.,0.9535
304,manual_data,an ounce of prevention is worth a pound of cure,"Um grama de prevenção vale um quilo de cura.
",gemini,prompt2,gpt,prompt2,Uma onça de prevenção vale uma libra de cura.,0.927
304,manual_data,an ounce of prevention is worth a pound of cure,"Um grama de prevenção vale um quilo de cura.
",gemini,prompt2,gpt,prompt4,Uma medida de prevenção vale mais do que uma tonelada de remédio.,0.8965
304,manual_data,an ounce of prevention is worth a pound of cure,"Um grama de prevenção vale um quilo de cura.
",gemini,prompt2,gemini,prompt4,É melhor prevenir do que remediar.,0.8775
304,manual_data,an ounce of prevention is worth a pound of cure,"Um grama de prevenção vale um quilo de cura.
",gemini,prompt2,gemma3,prompt2,Uma onça de prevenção vale mais que uma libra de cura.,0.928
304,manual_data,an ounce of prevention is worth a pound of cure,"Um grama de prevenção vale um quilo de cura.
",gemini,prompt2,gemma3,prompt4,Uma onça de cuidado vale mais que um arroba de remédio.,0.9001
304,manual_data,an ounce of prevention is worth a pound of cure,"Um grama de prevenção vale um quilo de cura.
",gemini,prompt2,gemmaX,sem_prompt,uma onça de prevenção vale uma libra de cura,0.9014
482,manual_data,They went to the zoo with the kids.,"Eles foram ao zoológico com as crianças.
",gemini,prompt2,gpt,prompt2,Eles foram ao zoológico com as crianças.,0.9547
482,manual_data,They went to the zoo with the kids.,"Eles foram ao zoológico com as crianças.
",gemini,prompt2,gpt,prompt4,Eles foram ao zoológico com as crianças.,0.9547
482,manual_data,They went to the zoo with the kids.,"Eles foram ao zoológico com as crianças.
",gemini,prompt2,gemini,prompt4,Foram ao zoológico com a prole.,0.9535
482,manual_data,They went to the zoo with the kids.,"Eles foram ao zoológico com as crianças.
",gemini,prompt2,gemma3,prompt2,Eles foram ao zoológico com as crianças.,0.9547
482,manual_data,They went to the zoo with the kids.,"Eles foram ao zoológico com as crianças.
",gemini,prompt2,gemma3,prompt4,Levaram os pequenos para o reino animal.,0.895
482,manual_data,They went to the zoo with the kids.,"Eles foram ao zoológico com as crianças.
",gemini,prompt2,gemmaX,sem_prompt,Eles foram ao zoológico com as crianças.,0.9547
672,manual_data,She is taking a picture of the flowers in the garden.,Ela está tirando uma foto das flores no jardim.,gemmaX,sem_prompt,gpt,prompt2,Ela está tirando uma foto das flores no jardim.,0.95
672,manual_data,She is taking a picture of the flowers in the garden.,Ela está tirando uma foto das flores no jardim.,gemmaX,sem_prompt,gpt,prompt4,Ela está capturando a imagem das flores no jardim.,0.9751
672,manual_data,She is taking a picture of the flowers in the garden.,Ela está tirando uma foto das flores no jardim.,gemmaX,sem_prompt,gemini,prompt2,Ela está tirando uma foto das flores no jardim.,0.95
672,manual_data,She is taking a picture of the flowers in the garden.,Ela está tirando uma foto das flores no jardim.,gemmaX,sem_prompt,gemini,prompt4,Ela está roubando um pedaço do jardim.,0.9562
672,manual_data,She is taking a picture of the flowers in the garden.,Ela está tirando uma foto das flores no jardim.,gemmaX,sem_prompt,gemma3,prompt2,Ela está tirando uma foto das flores no jardim.,0.95
672,manual_data,She is taking a picture of the flowers in the garden.,Ela está tirando uma foto das flores no jardim.,gemmaX,sem_prompt,gemma3,prompt4,Ela está eternizando as flores no jardim.,0.9617
494,manual_data,as smooth as silk,suave como seda,gpt,prompt2,gpt,prompt4,suave como seda,0.95
494,manual_data,as smooth as silk,suave como seda,gpt,prompt2,gemini,prompt2,Macio como seda.,0.8909
494,manual_data,as smooth as silk,suave como seda,gpt,prompt2,gemini,prompt4,Macias como seda.,0.8841
494,manual_data,as smooth as silk,suave como seda,gpt,prompt2,gemma3,prompt2,Liso como seda.,0.8661
494,manual_data,as smooth as silk,suave como seda,gpt,prompt2,gemma3,prompt4,Sedoso como a seda.,0.8461
494,manual_data,as smooth as silk,suave como seda,gpt,prompt2,gemmaX,sem_prompt,suave como a seda,0.8605
315,manual_data,She is preparing dinner for the guests.,Ela está preparando o jantar para os convidados.,gpt,prompt2,gpt,prompt4,Ela está preparando o jantar para os convidados.,0.95
315,manual_data,She is preparing dinner for the guests.,Ela está preparando o jantar para os convidados.,gpt,prompt2,gemini,prompt2,Ela está preparando o jantar para os convidados.,0.95
315,manual_data,She is preparing dinner for the guests.,Ela está preparando o jantar para os convidados.,gpt,prompt2,gemini,prompt4,Ela está botando a mesa para os convidados.,0.9459
315,manual_data,She is preparing dinner for the guests.,Ela está preparando o jantar para os convidados.,gpt,prompt2,gemma3,prompt2,Ela está preparando o jantar para os convidados.,0.95
315,manual_data,She is preparing dinner for the guests.,Ela está preparando o jantar para os convidados.,gpt,prompt2,gemma3,prompt4,Ela está orquestrando o banquete para os convidados.,0.9293
315,manual_data,She is preparing dinner for the guests.,Ela está preparando o jantar para os convidados.,gpt,prompt2,gemmaX,sem_prompt,Ela está preparando o jantar para os convidados.,0.95
221,manual_data,She is gardening in the backyard.,Ela está fazendo jardinagem no quintal.,gemmaX,sem_prompt,gpt,prompt2,Ela está cuidando do jardim nos fundos da casa.,0.9207
221,manual_data,She is gardening in the backyard.,Ela está fazendo jardinagem no quintal.,gemmaX,sem_prompt,gpt,prompt4,Ela está cultivando vida no quintal.,0.962
221,manual_data,She is gardening in the backyard.,Ela está fazendo jardinagem no quintal.,gemmaX,sem_prompt,gemini,prompt2,Ela está jardinando no quintal.,0.9683
221,manual_data,She is gardening in the backyard.,Ela está fazendo jardinagem no quintal.,gemmaX,sem_prompt,gemini,prompt4,Ela está cultivando o seu jardim secreto.,0.907
221,manual_data,She is gardening in the backyard.,Ela está fazendo jardinagem no quintal.,gemmaX,sem_prompt,gemma3,prompt2,Ela está jardinando no quintal.,0.9683
221,manual_data,She is gardening in the backyard.,Ela está fazendo jardinagem no quintal.,gemmaX,sem_prompt,gemma3,prompt4,Ela cultiva a alma no quintal.,0.9299
679,manual_data,They enjoyed a picnic in the park.,Eles fizeram um piquenique no parque.,gemma3,prompt2,gpt,prompt2,Eles desfrutaram de um piquenique no parque.,0.9571
679,manual_data,They enjoyed a picnic in the park.,Eles fizeram um piquenique no parque.,gemma3,prompt2,gpt,prompt4,Eles desfrutaram de um piquenique no parque.,0.9571
679,manual_data,They enjoyed a picnic in the park.,Eles fizeram um piquenique no parque.,gemma3,prompt2,gemini,prompt2,Eles aproveitaram um piquenique no parque.,0.9591
679,manual_data,They enjoyed a picnic in the park.,Eles fizeram um piquenique no parque.,gemma3,prompt2,gemini,prompt4,Degustaram um piquenique no jardim da vida.,0.9168
679,manual_data,They enjoyed a picnic in the park.,Eles fizeram um piquenique no parque.,gemma3,prompt2,gemma3,prompt4,"Desfrutaram de um banquete ao ar livre, sob o céu.",0.8883
679,manual_data,They enjoyed a picnic in the park.,Eles fizeram um piquenique no parque.,gemma3,prompt2,gemmaX,sem_prompt,Eles desfrutaram de um piquenique no parque.,0.9571
308,manual_data,big league,grande liga,gpt,prompt2,gpt,prompt4,grande liga,0.95
308,manual_data,big league,grande liga,gpt,prompt2,gemini,prompt2,Liga principal,0.8512
308,manual_data,big league,grande liga,gpt,prompt2,gemini,prompt4,Liga principal,0.8512
308,manual_data,big league,grande liga,gpt,prompt2,gemma3,prompt2,Grandes ligas,0.8427
308,manual_data,big league,grande liga,gpt,prompt2,gemma3,prompt4,A grande liga.,0.8258
308,manual_data,big league,grande liga,gpt,prompt2,gemmaX,sem_prompt,big league,0.8936
47,manual_data,I need to buy groceries this afternoon.,Preciso comprar mantimentos esta tarde.,gemmaX,sem_prompt,gpt,prompt2,Preciso comprar mantimentos esta tarde.,0.95
47,manual_data,I need to buy groceries this afternoon.,Preciso comprar mantimentos esta tarde.,gemmaX,sem_prompt,gpt,prompt4,Preciso fazer compras hoje à tarde.,0.964
47,manual_data,I need to buy groceries this afternoon.,Preciso comprar mantimentos esta tarde.,gemmaX,sem_prompt,gemini,prompt2,Preciso comprar mantimentos esta tarde.,0.95
47,manual_data,I need to buy groceries this afternoon.,Preciso comprar mantimentos esta tarde.,gemmaX,sem_prompt,gemini,prompt4,Preciso pescar mantimentos esta tarde.,0.9317
47,manual_data,I need to buy groceries this afternoon.,Preciso comprar mantimentos esta tarde.,gemmaX,sem_prompt,gemma3,prompt2,Preciso comprar mantimentos esta tarde.,0.95
47,manual_data,I need to buy groceries this afternoon.,Preciso comprar mantimentos esta tarde.,gemmaX,sem_prompt,gemma3,prompt4,Preciso abastecer a despensa nesta tarde.,0.9188
129,manual_data,arm and a leg,"Um braço e uma perna
",gemini,prompt2,gpt,prompt2,Um braço e uma perna.,0.9218
129,manual_data,arm and a leg,"Um braço e uma perna
",gemini,prompt2,gpt,prompt4,custo de um olho da cara,0.8868
129,manual_data,arm and a leg,"Um braço e uma perna
",gemini,prompt2,gemini,prompt4,Um rim e um figado,0.9199
129,manual_data,arm and a leg,"Um braço e uma perna
",gemini,prompt2,gemma3,prompt2,Um braço e uma perna.,0.9218
129,manual_data,arm and a leg,"Um braço e uma perna
",gemini,prompt2,gemma3,prompt4,Ver o sono eterno.,0.8323
129,manual_data,arm and a leg,"Um braço e uma perna
",gemini,prompt2,gemmaX,sem_prompt,um braço e uma perna,0.9468
619,manual_data,I worked on my computer for two hours.,Eu trabalhei no meu computador por duas horas.,gemmaX,sem_prompt,gpt,prompt2,Eu trabalhei no meu computador por duas horas.,0.95
619,manual_data,I worked on my computer for two hours.,Eu trabalhei no meu computador por duas horas.,gemmaX,sem_prompt,gpt,prompt4,Trabalhei no meu computador por duas horas.,0.9381
619,manual_data,I worked on my computer for two hours.,Eu trabalhei no meu computador por duas horas.,gemmaX,sem_prompt,gemini,prompt2,Eu trabalhei no meu computador por duas horas.,0.95
619,manual_data,I worked on my computer for two hours.,Eu trabalhei no meu computador por duas horas.,gemmaX,sem_prompt,gemini,prompt4,Eu debrucei sobre o computador por duas horas.,0.9251
619,manual_data,I worked on my computer for two hours.,Eu trabalhei no meu computador por duas horas.,gemmaX,sem_prompt,gemma3,prompt2,Eu trabalhei no meu computador por duas horas.,0.95
619,manual_data,I worked on my computer for two hours.,Eu trabalhei no meu computador por duas horas.,gemmaX,sem_prompt,gemma3,prompt4,Passei duas horas imerso no meu computador.,0.9319
31,manual_data,close to my heart,"Perto do meu coração.
",gemini,prompt2,gpt,prompt2,perto do meu coração,0.933
31,manual_data,close to my heart,"Perto do meu coração.
",gemini,prompt2,gpt,prompt4,Perto do meu coração.,0.9588
31,manual_data,close to my heart,"Perto do meu coração.
",gemini,prompt2,gemini,prompt4,Perto do meu coração.,0.9588
31,manual_data,close to my heart,"Perto do meu coração.
",gemini,prompt2,gemma3,prompt2,Perto do meu coração.,0.9588
31,manual_data,close to my heart,"Perto do meu coração.
",gemini,prompt2,gemma3,prompt4,No âmago do meu ser.,0.8742
31,manual_data,close to my heart,"Perto do meu coração.
",gemini,prompt2,gemmaX,sem_prompt,perto do meu coração,0.933
546,manual_data,They are taking pictures in front of the monument.,Eles estão tirando fotos em frente ao monumento.,gemma3,prompt2,gpt,prompt2,Eles estão tirando fotos em frente ao monumento.,0.95
546,manual_data,They are taking pictures in front of the monument.,Eles estão tirando fotos em frente ao monumento.,gemma3,prompt2,gpt,prompt4,Eles estão registrando momentos em frente ao monumento.,0.9623
546,manual_data,They are taking pictures in front of the monument.,Eles estão tirando fotos em frente ao monumento.,gemma3,prompt2,gemini,prompt2,Eles estão tirando fotos em frente ao monumento.,0.95
546,manual_data,They are taking pictures in front of the monument.,Eles estão tirando fotos em frente ao monumento.,gemma3,prompt2,gemini,prompt4,Eles estão posando para a história diante do monumento.,0.9449
546,manual_data,They are taking pictures in front of the monument.,Eles estão tirando fotos em frente ao monumento.,gemma3,prompt2,gemma3,prompt4,Estão eternizando o instante à sombra da memória.,0.8881
546,manual_data,They are taking pictures in front of the monument.,Eles estão tirando fotos em frente ao monumento.,gemma3,prompt2,gemmaX,sem_prompt,Estão a tirar fotografias em frente ao monumento.,0.9454
503,manual_data,She is typing on her computer.,Ela está digitando em seu computador.,gemmaX,sem_prompt,gpt,prompt2,Ela está digitando no computador dela.,0.9716
503,manual_data,She is typing on her computer.,Ela está digitando em seu computador.,gemmaX,sem_prompt,gpt,prompt4,Ela está digitando no computador dela.,0.9716
503,manual_data,She is typing on her computer.,Ela está digitando em seu computador.,gemmaX,sem_prompt,gemini,prompt2,Ela está digitando no computador.,0.9676
503,manual_data,She is typing on her computer.,Ela está digitando em seu computador.,gemmaX,sem_prompt,gemini,prompt4,Ela está tecendo palavras na tela.,0.9149
503,manual_data,She is typing on her computer.,Ela está digitando em seu computador.,gemmaX,sem_prompt,gemma3,prompt2,Ela está digitando no computador dela.,0.9716
503,manual_data,She is typing on her computer.,Ela está digitando em seu computador.,gemmaX,sem_prompt,gemma3,prompt4,Ela tece palavras na tela.,0.8973
514,manual_data,He took a walk in the park.,"Ele deu um passeio no parque.
",gemini,prompt2,gpt,prompt2,Ele deu um passeio no parque.,0.9564
514,manual_data,He took a walk in the park.,"Ele deu um passeio no parque.
",gemini,prompt2,gpt,prompt4,Ele deu uma volta no parque.,0.9868
514,manual_data,He took a walk in the park.,"Ele deu um passeio no parque.
",gemini,prompt2,gemini,prompt4,Deu uma volta no parque.,0.9848
514,manual_data,He took a walk in the park.,"Ele deu um passeio no parque.
",gemini,prompt2,gemma3,prompt2,Ele deu uma caminhada no parque.,0.9866
514,manual_data,He took a walk in the park.,"Ele deu um passeio no parque.
",gemini,prompt2,gemma3,prompt4,Ele deu um passeio pela vida.,0.9741
514,manual_data,He took a walk in the park.,"Ele deu um passeio no parque.
",gemini,prompt2,gemmaX,sem_prompt,Ele deu uma caminhada no parque.,0.9866
468,manual_data,all's fair in love and war,Tudo é justo no amor e na guerra,gemmaX,sem_prompt,gpt,prompt2,Tudo vale em amor e guerra.,0.9354
468,manual_data,all's fair in love and war,Tudo é justo no amor e na guerra,gemmaX,sem_prompt,gpt,prompt4,Vale tudo em amor e guerra.,0.9183
468,manual_data,all's fair in love and war,Tudo é justo no amor e na guerra,gemmaX,sem_prompt,gemini,prompt2,"Em amor e guerra, vale tudo.",0.9052
468,manual_data,all's fair in love and war,Tudo é justo no amor e na guerra,gemmaX,sem_prompt,gemini,prompt4,"No amor e na guerra, vale tudo.",0.9183
468,manual_data,all's fair in love and war,Tudo é justo no amor e na guerra,gemmaX,sem_prompt,gemma3,prompt2,Tudo é justo no amor e na guerra.,0.9167
468,manual_data,all's fair in love and war,Tudo é justo no amor e na guerra,gemmaX,sem_prompt,gemma3,prompt4,Tudo vale nos campos do amor e da batalha.,0.912
215,manual_data,fish out of water,peixe fora d'água,gpt,prompt2,gpt,prompt4,fora do seu elemento,0.8649
215,manual_data,fish out of water,peixe fora d'água,gpt,prompt2,gemini,prompt2,Peixe fora d'água,0.8803
215,manual_data,fish out of water,peixe fora d'água,gpt,prompt2,gemini,prompt4,Peixe fora d'água.,0.8713
215,manual_data,fish out of water,peixe fora d'água,gpt,prompt2,gemma3,prompt2,Peixe fora d'água,0.8803
215,manual_data,fish out of water,peixe fora d'água,gpt,prompt2,gemma3,prompt4,Peixe fora d'água.,0.8713
215,manual_data,fish out of water,peixe fora d'água,gpt,prompt2,gemmaX,sem_prompt,peixe fora d'água,0.95
371,manual_data,She is dancing to the music.,"Ela está dançando ao som da música.
",gemini,prompt2,gpt,prompt2,Ela está dançando ao som da música.,0.9554
371,manual_data,She is dancing to the music.,"Ela está dançando ao som da música.
",gemini,prompt2,gpt,prompt4,Ela está dançando com a vida.,0.9505
371,manual_data,She is dancing to the music.,"Ela está dançando ao som da música.
",gemini,prompt2,gemini,prompt4,Ela está no ritmo da vida.,0.9551
371,manual_data,She is dancing to the music.,"Ela está dançando ao som da música.
",gemini,prompt2,gemma3,prompt2,Ela está dançando ao som da música.,0.9554
371,manual_data,She is dancing to the music.,"Ela está dançando ao som da música.
",gemini,prompt2,gemma3,prompt4,Ela se entrega ao ritmo.,0.9248
371,manual_data,She is dancing to the music.,"Ela está dançando ao som da música.
",gemini,prompt2,gemmaX,sem_prompt,Ela está dançando com a música.,0.9479
586,manual_data,They are eating lunch together.,"Eles estão almoçando juntos.
",gemini,prompt2,gpt,prompt2,Eles estão almoçando juntos.,0.9567
586,manual_data,They are eating lunch together.,"Eles estão almoçando juntos.
",gemini,prompt2,gpt,prompt4,Eles estão compartilhando o pão.,0.9379
586,manual_data,They are eating lunch together.,"Eles estão almoçando juntos.
",gemini,prompt2,gemini,prompt4,Estão partilhando o pão.,0.9102
586,manual_data,They are eating lunch together.,"Eles estão almoçando juntos.
",gemini,prompt2,gemma3,prompt2,Eles estão almoçando juntos.,0.9567
586,manual_data,They are eating lunch together.,"Eles estão almoçando juntos.
",gemini,prompt2,gemma3,prompt4,Compartilham um pedaço de tempo.,0.8696
586,manual_data,They are eating lunch together.,"Eles estão almoçando juntos.
",gemini,prompt2,gemmaX,sem_prompt,Estão almoçando juntos.,0.9581
161,manual_data,a voice in the wilderness,"Uma voz no deserto
",gemini,prompt2,gpt,prompt2,uma voz no deserto,0.932
161,manual_data,a voice in the wilderness,"Uma voz no deserto
",gemini,prompt2,gpt,prompt4,uma voz que clama no deserto,0.9134
161,manual_data,a voice in the wilderness,"Uma voz no deserto
",gemini,prompt2,gemini,prompt4,Uma voz no deserto.,0.9068
161,manual_data,a voice in the wilderness,"Uma voz no deserto
",gemini,prompt2,gemma3,prompt2,Uma voz no deserto,0.9602
161,manual_data,a voice in the wilderness,"Uma voz no deserto
",gemini,prompt2,gemma3,prompt4,Uma voz no deserto.,0.9068
161,manual_data,a voice in the wilderness,"Uma voz no deserto
",gemini,prompt2,gemmaX,sem_prompt,uma voz no deserto,0.932
263,manual_data,She is watching a movie at the theater.,Ela está assistindo a um filme no cinema.,gpt,prompt2,gpt,prompt4,Ela está assistindo a um filme no cinema.,0.95
263,manual_data,She is watching a movie at the theater.,Ela está assistindo a um filme no cinema.,gpt,prompt2,gemini,prompt2,Ela está assistindo a um filme no cinema.,0.95
263,manual_data,She is watching a movie at the theater.,Ela está assistindo a um filme no cinema.,gpt,prompt2,gemini,prompt4,Ela está com os olhos grudados na tela.,0.9059
263,manual_data,She is watching a movie at the theater.,Ela está assistindo a um filme no cinema.,gpt,prompt2,gemma3,prompt2,Ela está assistindo a um filme no cinema.,0.95
263,manual_data,She is watching a movie at the theater.,Ela está assistindo a um filme no cinema.,gpt,prompt2,gemma3,prompt4,Ela se entrega à tela na penumbra do palco.,0.8771
263,manual_data,She is watching a movie at the theater.,Ela está assistindo a um filme no cinema.,gpt,prompt2,gemmaX,sem_prompt,Ela está assistindo um filme no cinema.,0.9484
388,manual_data,She walked to the store.,"Ela caminhou até a loja.
",gemma3,prompt2,gpt,prompt2,Ela caminhou até a loja.,0.9577
388,manual_data,She walked to the store.,"Ela caminhou até a loja.
",gemma3,prompt2,gpt,prompt4,Ela caminhou para o mercado.,0.9825
388,manual_data,She walked to the store.,"Ela caminhou até a loja.
",gemma3,prompt2,gemini,prompt2,Ela caminhou para a loja.,0.9699
388,manual_data,She walked to the store.,"Ela caminhou até a loja.
",gemma3,prompt2,gemini,prompt4,Ela foi fazer compras.,0.9349
388,manual_data,She walked to the store.,"Ela caminhou até a loja.
",gemma3,prompt2,gemma3,prompt4,Ela trilhou até a mercearia.,0.9326
388,manual_data,She walked to the store.,"Ela caminhou até a loja.
",gemma3,prompt2,gemmaX,sem_prompt,Ela foi até a loja a pé.,0.9658
25,manual_data,easy as pie,"Fácil como uma torta.
",gemini,prompt2,gpt,prompt2,fácil como pãozinho,0.8812
25,manual_data,easy as pie,"Fácil como uma torta.
",gemini,prompt2,gpt,prompt4,fácil como um passeio no parque,0.919
25,manual_data,easy as pie,"Fácil como uma torta.
",gemini,prompt2,gemini,prompt4,Moleza.,0.8527
25,manual_data,easy as pie,"Fácil como uma torta.
",gemini,prompt2,gemma3,prompt2,Fácil como descascar uma laranja.,0.905
25,manual_data,easy as pie,"Fácil como uma torta.
",gemini,prompt2,gemma3,prompt4,Fácil como descascar uma laranja.,0.905
25,manual_data,easy as pie,"Fácil como uma torta.
",gemini,prompt2,gemmaX,sem_prompt,fácil como a torta,0.9159
571,manual_data,They are sitting around the campfire.,"Eles estão sentados ao redor da fogueira.
",gemini,prompt2,gpt,prompt2,Eles estão sentados ao redor da fogueira.,0.9546
571,manual_data,They are sitting around the campfire.,"Eles estão sentados ao redor da fogueira.
",gemini,prompt2,gpt,prompt4,Eles estão sentados ao redor da fogueira.,0.9546
571,manual_data,They are sitting around the campfire.,"Eles estão sentados ao redor da fogueira.
",gemini,prompt2,gemini,prompt4,Estão reunidos ao redor da fogueira.,0.9428
571,manual_data,They are sitting around the campfire.,"Eles estão sentados ao redor da fogueira.
",gemini,prompt2,gemma3,prompt2,Eles estão sentados ao redor da fogueira.,0.9546
571,manual_data,They are sitting around the campfire.,"Eles estão sentados ao redor da fogueira.
",gemini,prompt2,gemma3,prompt4,Eles estão reunidos à luz bruxuleante.,0.8969
571,manual_data,They are sitting around the campfire.,"Eles estão sentados ao redor da fogueira.
",gemini,prompt2,gemmaX,sem_prompt,Estão sentados à volta da fogueira.,0.9664
34,manual_data,easy as pie,"Fácil como uma torta.
",gemini,prompt2,gpt,prompt2,fácil como um pedaço de bolo,0.9187
34,manual_data,easy as pie,"Fácil como uma torta.
",gemini,prompt2,gpt,prompt4,Mamão com açúcar.,0.9002
34,manual_data,easy as pie,"Fácil como uma torta.
",gemini,prompt2,gemini,prompt4,Moleza.,0.8527
34,manual_data,easy as pie,"Fácil como uma torta.
",gemini,prompt2,gemma3,prompt2,Fácil como descascar uma laranja.,0.905
34,manual_data,easy as pie,"Fácil como uma torta.
",gemini,prompt2,gemma3,prompt4,Moleza.,0.8527
34,manual_data,easy as pie,"Fácil como uma torta.
",gemini,prompt2,gemmaX,sem_prompt,fácil como a torta,0.9159
682,manual_data,She is ironing her clothes.,"Ela está passando suas roupas.
",gemini,prompt2,gpt,prompt2,Ela está passando as roupas dela.,0.9514
682,manual_data,She is ironing her clothes.,"Ela está passando suas roupas.
",gemini,prompt2,gpt,prompt4,Ela está passando suas roupas.,0.9562
682,manual_data,She is ironing her clothes.,"Ela está passando suas roupas.
",gemini,prompt2,gemini,prompt4,Ela está passando a ferro suas arestas.,0.9224
682,manual_data,She is ironing her clothes.,"Ela está passando suas roupas.
",gemini,prompt2,gemma3,prompt2,Ela está passando suas roupas.,0.9562
682,manual_data,She is ironing her clothes.,"Ela está passando suas roupas.
",gemini,prompt2,gemma3,prompt4,Ela está a passadeira do seu futuro.,0.8868
682,manual_data,She is ironing her clothes.,"Ela está passando suas roupas.
",gemini,prompt2,gemmaX,sem_prompt,Ela está passando a ferro as roupas.,0.918
309,manual_data,She is packing her suitcase for a trip.,Ela está arrumando sua mala para uma viagem.,gemma3,prompt2,gpt,prompt2,Ela está arrumando sua mala para uma viagem.,0.95
309,manual_data,She is packing her suitcase for a trip.,Ela está arrumando sua mala para uma viagem.,gemma3,prompt2,gpt,prompt4,Ela está arrumando a mala para a viagem.,0.9501
309,manual_data,She is packing her suitcase for a trip.,Ela está arrumando sua mala para uma viagem.,gemma3,prompt2,gemini,prompt2,Ela está fazendo as malas para uma viagem.,0.9525
309,manual_data,She is packing her suitcase for a trip.,Ela está arrumando sua mala para uma viagem.,gemma3,prompt2,gemini,prompt4,Ela está arrumando as malas para uma jornada.,0.9685
309,manual_data,She is packing her suitcase for a trip.,Ela está arrumando sua mala para uma viagem.,gemma3,prompt2,gemma3,prompt4,Ela está a reunir as suas memórias numa mala de viagem.,0.9338
309,manual_data,She is packing her suitcase for a trip.,Ela está arrumando sua mala para uma viagem.,gemma3,prompt2,gemmaX,sem_prompt,Ela está arrumando sua mala para uma viagem.,0.95
426,manual_data,They went to the supermarket yesterday.,Eles foram ao supermercado ontem.,gemma3,prompt2,gpt,prompt2,Eles foram ao supermercado ontem.,0.95
426,manual_data,They went to the supermarket yesterday.,Eles foram ao supermercado ontem.,gemma3,prompt2,gpt,prompt4,Eles foram ao supermercado ontem.,0.95
426,manual_data,They went to the supermarket yesterday.,Eles foram ao supermercado ontem.,gemma3,prompt2,gemini,prompt2,Eles foram ao supermercado ontem.,0.95
426,manual_data,They went to the supermarket yesterday.,Eles foram ao supermercado ontem.,gemma3,prompt2,gemini,prompt4,"Ontem, foram fazer compras no templo do consumo.",0.898
426,manual_data,They went to the supermarket yesterday.,Eles foram ao supermercado ontem.,gemma3,prompt2,gemma3,prompt4,Foram buscar sustento no reino dos açougues e corredores.,0.8343
426,manual_data,They went to the supermarket yesterday.,Eles foram ao supermercado ontem.,gemma3,prompt2,gemmaX,sem_prompt,Eles foram ao supermercado ontem.,0.95
602,manual_data,He repaired the broken chair.,"Ele consertou a cadeira quebrada.
",gemini,prompt2,gpt,prompt2,Ele consertou a cadeira quebrada.,0.9557
602,manual_data,He repaired the broken chair.,"Ele consertou a cadeira quebrada.
",gemini,prompt2,gpt,prompt4,Ele consertou a cadeira quebrada.,0.9557
602,manual_data,He repaired the broken chair.,"Ele consertou a cadeira quebrada.
",gemini,prompt2,gemini,prompt4,Ele resgatou a cadeira.,0.9666
602,manual_data,He repaired the broken chair.,"Ele consertou a cadeira quebrada.
",gemini,prompt2,gemma3,prompt2,Ele consertou a cadeira quebrada.,0.9557
602,manual_data,He repaired the broken chair.,"Ele consertou a cadeira quebrada.
",gemini,prompt2,gemma3,prompt4,Ele resgatou a cadeira partida.,0.9549
602,manual_data,He repaired the broken chair.,"Ele consertou a cadeira quebrada.
",gemini,prompt2,gemmaX,sem_prompt,Ele consertou a cadeira quebrada.,0.9557
152,manual_data,I am traveling to the mountains this weekend.,Estou viajando para as montanhas neste fim de semana.,gpt,prompt2,gpt,prompt4,Vou subir a serra neste fim de semana.,0.9666
152,manual_data,I am traveling to the mountains this weekend.,Estou viajando para as montanhas neste fim de semana.,gpt,prompt2,gemini,prompt2,Eu vou viajar para as montanhas este fim de semana.,0.9492
152,manual_data,I am traveling to the mountains this weekend.,Estou viajando para as montanhas neste fim de semana.,gpt,prompt2,gemini,prompt4,Estou indo escalar as montanhas neste fim de semana.,0.9522
152,manual_data,I am traveling to the mountains this weekend.,Estou viajando para as montanhas neste fim de semana.,gpt,prompt2,gemma3,prompt2,Estou viajando para as montanhas neste fim de semana.,0.95
152,manual_data,I am traveling to the mountains this weekend.,Estou viajando para as montanhas neste fim de semana.,gpt,prompt2,gemma3,prompt4,Estou rumando às alturas neste fim de semana.,0.9552
152,manual_data,I am traveling to the mountains this weekend.,Estou viajando para as montanhas neste fim de semana.,gpt,prompt2,gemmaX,sem_prompt,Vou viajar para as montanhas neste fim de semana.,0.9589
194,manual_data,He is sitting on the chair.,"Ele está sentado na cadeira.
",gemini,prompt2,gpt,prompt2,Ele está sentado na cadeira.,0.9567
194,manual_data,He is sitting on the chair.,"Ele está sentado na cadeira.
",gemini,prompt2,gpt,prompt4,Ele está sentado na cadeira.,0.9567
194,manual_data,He is sitting on the chair.,"Ele está sentado na cadeira.
",gemini,prompt2,gemini,prompt4,Ele está sentado no trono.,0.9663
194,manual_data,He is sitting on the chair.,"Ele está sentado na cadeira.
",gemini,prompt2,gemma3,prompt2,Ele está sentado na cadeira.,0.9567
194,manual_data,He is sitting on the chair.,"Ele está sentado na cadeira.
",gemini,prompt2,gemma3,prompt4,Ele está plantado na cadeira.,0.9523
194,manual_data,He is sitting on the chair.,"Ele está sentado na cadeira.
",gemini,prompt2,gemmaX,sem_prompt,Ele está sentado na cadeira.,0.9567
319,manual_data,He visited his grandmother in the hospital.,Ele visitou sua avó no hospital.,gemma3,prompt2,gpt,prompt2,Ele visitou sua avó no hospital.,0.95
319,manual_data,He visited his grandmother in the hospital.,Ele visitou sua avó no hospital.,gemma3,prompt2,gpt,prompt4,Ele visitou sua avó no hospital.,0.95
319,manual_data,He visited his grandmother in the hospital.,Ele visitou sua avó no hospital.,gemma3,prompt2,gemini,prompt2,Ele visitou sua avó no hospital.,0.95
319,manual_data,He visited his grandmother in the hospital.,Ele visitou sua avó no hospital.,gemma3,prompt2,gemini,prompt4,Ele foi fazer companhia à avó no corredor da esperança.,0.8985
319,manual_data,He visited his grandmother in the hospital.,Ele visitou sua avó no hospital.,gemma3,prompt2,gemma3,prompt4,Ele foi visitar a avó no leito de doença.,0.9056
319,manual_data,He visited his grandmother in the hospital.,Ele visitou sua avó no hospital.,gemma3,prompt2,gemmaX,sem_prompt,Ele visitou sua avó no hospital.,0.95
77,manual_data,She is baking cookies in the kitchen.,Ela está cozinhando biscoitos na cozinha.,gemmaX,sem_prompt,gpt,prompt2,Ela está assando biscoitos na cozinha.,0.9434
77,manual_data,She is baking cookies in the kitchen.,Ela está cozinhando biscoitos na cozinha.,gemmaX,sem_prompt,gpt,prompt4,Ela está preparando doces na cozinha.,0.9559
77,manual_data,She is baking cookies in the kitchen.,Ela está cozinhando biscoitos na cozinha.,gemmaX,sem_prompt,gemini,prompt2,Ela está assando biscoitos na cozinha.,0.9434
77,manual_data,She is baking cookies in the kitchen.,Ela está cozinhando biscoitos na cozinha.,gemmaX,sem_prompt,gemini,prompt4,Ela está fabricando felicidade na cozinha.,0.9647
77,manual_data,She is baking cookies in the kitchen.,Ela está cozinhando biscoitos na cozinha.,gemmaX,sem_prompt,gemma3,prompt2,Ela está assando biscoitos na cozinha.,0.9434
77,manual_data,She is baking cookies in the kitchen.,Ela está cozinhando biscoitos na cozinha.,gemmaX,sem_prompt,gemma3,prompt4,Ela está aprimorando memórias no coração do lar.,0.8942
539,manual_data,She painted a picture of a landscape.,Ela pintou um quadro de uma paisagem.,gemma3,prompt2,gpt,prompt2,Ela pintou um quadro de uma paisagem.,0.95
539,manual_data,She painted a picture of a landscape.,Ela pintou um quadro de uma paisagem.,gemma3,prompt2,gpt,prompt4,Ela pintou um quadro de uma paisagem.,0.95
539,manual_data,She painted a picture of a landscape.,Ela pintou um quadro de uma paisagem.,gemma3,prompt2,gemini,prompt2,Ela pintou um quadro de uma paisagem.,0.95
539,manual_data,She painted a picture of a landscape.,Ela pintou um quadro de uma paisagem.,gemma3,prompt2,gemini,prompt4,Ela pintou uma tela de paisagem.,0.9853
539,manual_data,She painted a picture of a landscape.,Ela pintou um quadro de uma paisagem.,gemma3,prompt2,gemma3,prompt4,Ela traçou um retrato da paisagem.,0.9478
539,manual_data,She painted a picture of a landscape.,Ela pintou um quadro de uma paisagem.,gemma3,prompt2,gemmaX,sem_prompt,Ela pintou uma imagem de uma paisagem.,0.9652
30,manual_data,a chip on your shoulder,um chip no seu ombro,gemmaX,sem_prompt,gpt,prompt2,Um complexo de inferioridade.,0.8579
30,manual_data,a chip on your shoulder,um chip no seu ombro,gemmaX,sem_prompt,gpt,prompt4,estar com um peso na consciência,0.8917
30,manual_data,a chip on your shoulder,um chip no seu ombro,gemmaX,sem_prompt,gemini,prompt2,Rancor.,0.8748
30,manual_data,a chip on your shoulder,um chip no seu ombro,gemmaX,sem_prompt,gemini,prompt4,Estar com a pulga atrás da orelha.,0.8454
30,manual_data,a chip on your shoulder,um chip no seu ombro,gemmaX,sem_prompt,gemma3,prompt2,Um rancor no coração.,0.8862
30,manual_data,a chip on your shoulder,um chip no seu ombro,gemmaX,sem_prompt,gemma3,prompt4,Uma brasa acesa.,0.8497
522,manual_data,She enjoys walking in the park.,"Ela gosta de caminhar no parque.
",gemini,prompt2,gpt,prompt2,Ela gosta de caminhar no parque.,0.9558
522,manual_data,She enjoys walking in the park.,"Ela gosta de caminhar no parque.
",gemini,prompt2,gpt,prompt4,Ela adora passear no parque.,0.9223
522,manual_data,She enjoys walking in the park.,"Ela gosta de caminhar no parque.
",gemini,prompt2,gemini,prompt4,Ela se delicia em passear pelo jardim da alma.,0.8894
522,manual_data,She enjoys walking in the park.,"Ela gosta de caminhar no parque.
",gemini,prompt2,gemma3,prompt2,Ela gosta de caminhar no parque.,0.9558
522,manual_data,She enjoys walking in the park.,"Ela gosta de caminhar no parque.
",gemini,prompt2,gemma3,prompt4,Ela encontra prazer em passear na brisa da vida.,0.9176
522,manual_data,She enjoys walking in the park.,"Ela gosta de caminhar no parque.
",gemini,prompt2,gemmaX,sem_prompt,Ela gosta de caminhar no parque.,0.9558
145,manual_data,a fly on the wall,"Uma mosca na parede.
",gemma3,prompt2,gpt,prompt2,uma mosca na parede,0.9259
145,manual_data,a fly on the wall,"Uma mosca na parede.
",gemma3,prompt2,gpt,prompt4,mosca na parede,0.9522
145,manual_data,a fly on the wall,"Uma mosca na parede.
",gemma3,prompt2,gemini,prompt2,Uma mosca na parede,0.9473
145,manual_data,a fly on the wall,"Uma mosca na parede.
",gemma3,prompt2,gemini,prompt4,Uma mosca na parede.,0.9592
145,manual_data,a fly on the wall,"Uma mosca na parede.
",gemma3,prompt2,gemma3,prompt4,Uma mosca na parede.,0.9592
145,manual_data,a fly on the wall,"Uma mosca na parede.
",gemma3,prompt2,gemmaX,sem_prompt,uma mosca na parede,0.9259
108,manual_data,break the ice,"Quebrar o gelo
",gemini,prompt2,gpt,prompt2,quebrar o gelo,0.8959
108,manual_data,break the ice,"Quebrar o gelo
",gemini,prompt2,gpt,prompt4,quebrar o gelo,0.8959
108,manual_data,break the ice,"Quebrar o gelo
",gemini,prompt2,gemini,prompt4,Quebrar o gelo,0.9629
108,manual_data,break the ice,"Quebrar o gelo
",gemini,prompt2,gemma3,prompt2,Quebrar o gelo,0.9629
108,manual_data,break the ice,"Quebrar o gelo
",gemini,prompt2,gemma3,prompt4,Quebrar o gelo.,0.9091
108,manual_data,break the ice,"Quebrar o gelo
",gemini,prompt2,gemmaX,sem_prompt,quebrar o gelo,0.8959
486,manual_data,break the ice,"Quebrar o gelo
",gemini,prompt2,gpt,prompt2,quebrar o gelo,0.8959
486,manual_data,break the ice,"Quebrar o gelo
",gemini,prompt2,gpt,prompt4,Quebrar o gelo.,0.9091
486,manual_data,break the ice,"Quebrar o gelo
",gemini,prompt2,gemini,prompt4,Quebrar o gelo.,0.9091
486,manual_data,break the ice,"Quebrar o gelo
",gemini,prompt2,gemma3,prompt2,Quebrar o gelo,0.9629
486,manual_data,break the ice,"Quebrar o gelo
",gemini,prompt2,gemma3,prompt4,Quebrar o gelo.,0.9091
486,manual_data,break the ice,"Quebrar o gelo
",gemini,prompt2,gemmaX,sem_prompt,quebrar o gelo,0.8959
538,manual_data,He is writing a story for school.,"Ele está escrevendo uma história para a escola.
",gemini,prompt2,gpt,prompt2,Ele está escrevendo uma história para a escola.,0.954
538,manual_data,He is writing a story for school.,"Ele está escrevendo uma história para a escola.
",gemini,prompt2,gpt,prompt4,Ele está escrevendo um conto para a escola.,0.9709
538,manual_data,He is writing a story for school.,"Ele está escrevendo uma história para a escola.
",gemini,prompt2,gemini,prompt4,Ele está tecendo uma história para a escola.,0.9318
538,manual_data,He is writing a story for school.,"Ele está escrevendo uma história para a escola.
",gemini,prompt2,gemma3,prompt2,Ele está escrevendo uma história para a escola.,0.954
538,manual_data,He is writing a story for school.,"Ele está escrevendo uma história para a escola.
",gemini,prompt2,gemma3,prompt4,Ele tece um conto para a escola.,0.9672
538,manual_data,He is writing a story for school.,"Ele está escrevendo uma história para a escola.
",gemini,prompt2,gemmaX,sem_prompt,Ele está escrevendo uma história para a escola.,0.954
198,manual_data,break the ice,"Quebrar o gelo
",gemini,prompt2,gpt,prompt2,quebrar o gelo,0.8959
198,manual_data,break the ice,"Quebrar o gelo
",gemini,prompt2,gpt,prompt4,quebrar o gelo,0.8959
198,manual_data,break the ice,"Quebrar o gelo
",gemini,prompt2,gemini,prompt4,Quebrar o gelo.,0.9091
198,manual_data,break the ice,"Quebrar o gelo
",gemini,prompt2,gemma3,prompt2,Quebrar o gelo.,0.9091
198,manual_data,break the ice,"Quebrar o gelo
",gemini,prompt2,gemma3,prompt4,Quebrar o gelo.,0.9091
198,manual_data,break the ice,"Quebrar o gelo
",gemini,prompt2,gemmaX,sem_prompt,quebrar o gelo,0.8959
258,manual_data,break the ice,"Quebrar o gelo
",gemini,prompt2,gpt,prompt2,quebrar o gelo,0.8959
258,manual_data,break the ice,"Quebrar o gelo
",gemini,prompt2,gpt,prompt4,quebrar o gelo,0.8959
258,manual_data,break the ice,"Quebrar o gelo
",gemini,prompt2,gemini,prompt4,Quebrar o gelo.,0.9091
258,manual_data,break the ice,"Quebrar o gelo
",gemini,prompt2,gemma3,prompt2,Quebrar o gelo,0.9629
258,manual_data,break the ice,"Quebrar o gelo
",gemini,prompt2,gemma3,prompt4,Quebrar o gelo.,0.9091
258,manual_data,break the ice,"Quebrar o gelo
",gemini,prompt2,gemmaX,sem_prompt,quebrar o gelo,0.8959
392,manual_data,curiosity killed the cat,A curiosidade matou o gato.,gemma3,prompt2,gpt,prompt2,A curiosidade matou o gato.,0.95
392,manual_data,curiosity killed the cat,A curiosidade matou o gato.,gemma3,prompt2,gpt,prompt4,A curiosidade matou o gato.,0.95
392,manual_data,curiosity killed the cat,A curiosidade matou o gato.,gemma3,prompt2,gemini,prompt2,A curiosidade matou o gato.,0.95
392,manual_data,curiosity killed the cat,A curiosidade matou o gato.,gemma3,prompt2,gemini,prompt4,A curiosidade matou o gato.,0.95
392,manual_data,curiosity killed the cat,A curiosidade matou o gato.,gemma3,prompt2,gemma3,prompt4,A curiosidade matou o gato.,0.95
392,manual_data,curiosity killed the cat,A curiosidade matou o gato.,gemma3,prompt2,gemmaX,sem_prompt,curiosidade matou o gato,0.9325
164,manual_data,curiosity killed the cat,A curiosidade matou o gato.,gemma3,prompt2,gpt,prompt2,A curiosidade matou o gato.,0.95
164,manual_data,curiosity killed the cat,A curiosidade matou o gato.,gemma3,prompt2,gpt,prompt4,A curiosidade matou o gato.,0.95
164,manual_data,curiosity killed the cat,A curiosidade matou o gato.,gemma3,prompt2,gemini,prompt2,A curiosidade matou o gato.,0.95
164,manual_data,curiosity killed the cat,A curiosidade matou o gato.,gemma3,prompt2,gemini,prompt4,A curiosidade matou o gato.,0.95
164,manual_data,curiosity killed the cat,A curiosidade matou o gato.,gemma3,prompt2,gemma3,prompt4,A curiosidade matou o gato.,0.95
164,manual_data,curiosity killed the cat,A curiosidade matou o gato.,gemma3,prompt2,gemmaX,sem_prompt,curiosidade matou o gato,0.9325
66,manual_data,as easy as pie,"Tão fácil quanto uma torta.
",gemini,prompt2,gpt,prompt2,tão fácil quanto uma torta,0.9149
66,manual_data,as easy as pie,"Tão fácil quanto uma torta.
",gemini,prompt2,gpt,prompt4,fácil como um bolo.,0.9589
66,manual_data,as easy as pie,"Tão fácil quanto uma torta.
",gemini,prompt2,gemini,prompt4,Moleza.,0.8399
66,manual_data,as easy as pie,"Tão fácil quanto uma torta.
",gemini,prompt2,gemma3,prompt2,Fácil como descascar uma laranja.,0.8821
66,manual_data,as easy as pie,"Tão fácil quanto uma torta.
",gemini,prompt2,gemma3,prompt4,Esticar o macarrão.,0.8543
66,manual_data,as easy as pie,"Tão fácil quanto uma torta.
",gemini,prompt2,gemmaX,sem_prompt,tão fácil quanto a torta,0.9266
88,manual_data,He is walking his dog in the park.,Ele está passeando com seu cachorro no parque.,gpt,prompt2,gpt,prompt4,Ele está passeando com seu cachorro no parque.,0.95
88,manual_data,He is walking his dog in the park.,Ele está passeando com seu cachorro no parque.,gpt,prompt2,gemini,prompt2,Ele está passeando com o cachorro no parque.,0.9536
88,manual_data,He is walking his dog in the park.,Ele está passeando com seu cachorro no parque.,gpt,prompt2,gemini,prompt4,Ele passeia com a coleira do cão no parque.,0.9438
88,manual_data,He is walking his dog in the park.,Ele está passeando com seu cachorro no parque.,gpt,prompt2,gemma3,prompt2,Ele está passeando com o cachorro no parque.,0.9536
88,manual_data,He is walking his dog in the park.,Ele está passeando com seu cachorro no parque.,gpt,prompt2,gemma3,prompt4,Ele passeia seu tempo no parque.,0.9529
88,manual_data,He is walking his dog in the park.,Ele está passeando com seu cachorro no parque.,gpt,prompt2,gemmaX,sem_prompt,Ele está passeando com seu cachorro no parque.,0.95
361,manual_data,don't bite the hand that feeds you,"Não morda a mão que te alimenta.
",gemini,prompt2,gpt,prompt2,Não morda a mão que te alimenta.,0.9558
361,manual_data,don't bite the hand that feeds you,"Não morda a mão que te alimenta.
",gemini,prompt2,gpt,prompt4,Não morda a mão que te alimenta.,0.9558
361,manual_data,don't bite the hand that feeds you,"Não morda a mão que te alimenta.
",gemini,prompt2,gemini,prompt4,Não morda a mão que te alimenta.,0.9558
361,manual_data,don't bite the hand that feeds you,"Não morda a mão que te alimenta.
",gemini,prompt2,gemma3,prompt2,Não morda a mão que o alimenta.,0.9403
361,manual_data,don't bite the hand that feeds you,"Não morda a mão que te alimenta.
",gemini,prompt2,gemma3,prompt4,Não morda a mão que o alimenta.,0.9403
361,manual_data,don't bite the hand that feeds you,"Não morda a mão que te alimenta.
",gemini,prompt2,gemmaX,sem_prompt,Não morda a mão que o alimenta,0.9326
56,manual_data,best of both worlds,"O melhor dos dois mundos.
",gemini,prompt2,gpt,prompt2,o melhor dos dois mundos,0.9406
56,manual_data,best of both worlds,"O melhor dos dois mundos.
",gemini,prompt2,gpt,prompt4,o melhor dos dois mundos,0.9406
56,manual_data,best of both worlds,"O melhor dos dois mundos.
",gemini,prompt2,gemini,prompt4,O melhor dos dois mundos.,0.9574
56,manual_data,best of both worlds,"O melhor dos dois mundos.
",gemini,prompt2,gemma3,prompt2,O melhor dos dois mundos,0.9486
56,manual_data,best of both worlds,"O melhor dos dois mundos.
",gemini,prompt2,gemma3,prompt4,O melhor dos dois mundos.,0.9574
56,manual_data,best of both worlds,"O melhor dos dois mundos.
",gemini,prompt2,gemmaX,sem_prompt,O melhor dos dois mundos,0.9486
354,manual_data,They are attending a concert tonight.,"Eles estão indo a um show esta noite.
",gemini,prompt2,gpt,prompt2,Eles estão assistindo a um concerto esta noite.,0.9747
354,manual_data,They are attending a concert tonight.,"Eles estão indo a um show esta noite.
",gemini,prompt2,gpt,prompt4,Eles estão indo a um show esta noite.,0.9551
354,manual_data,They are attending a concert tonight.,"Eles estão indo a um show esta noite.
",gemini,prompt2,gemini,prompt4,Eles vão se jogar no som hoje à noite.,0.9232
354,manual_data,They are attending a concert tonight.,"Eles estão indo a um show esta noite.
",gemini,prompt2,gemma3,prompt2,Eles estão indo a um show hoje à noite.,0.9622
354,manual_data,They are attending a concert tonight.,"Eles estão indo a um show esta noite.
",gemini,prompt2,gemma3,prompt4,Eles vão se deixar levar pela melodia esta noite.,0.9202
354,manual_data,They are attending a concert tonight.,"Eles estão indo a um show esta noite.
",gemini,prompt2,gemmaX,sem_prompt,Eles estão indo para um show hoje à noite.,0.9654
71,manual_data,He is feeding his pet hamster.,"Ele está alimentando seu hamster de estimação.
",gemini,prompt2,gpt,prompt2,Ele está alimentando seu hamster de estimação.,0.9541
71,manual_data,He is feeding his pet hamster.,"Ele está alimentando seu hamster de estimação.
",gemini,prompt2,gpt,prompt4,Ele está alimentando seu hamster de estimação.,0.9541
71,manual_data,He is feeding his pet hamster.,"Ele está alimentando seu hamster de estimação.
",gemini,prompt2,gemini,prompt4,Ele está pondo comida no cofrinho do hamster.,0.9218
71,manual_data,He is feeding his pet hamster.,"Ele está alimentando seu hamster de estimação.
",gemini,prompt2,gemma3,prompt2,Ele está alimentando seu hamster de estimação.,0.9541
71,manual_data,He is feeding his pet hamster.,"Ele está alimentando seu hamster de estimação.
",gemini,prompt2,gemma3,prompt4,Ele nutre seu pequeno companheiro.,0.9165
71,manual_data,He is feeding his pet hamster.,"Ele está alimentando seu hamster de estimação.
",gemini,prompt2,gemmaX,sem_prompt,Ele está alimentando seu hamster de estimação.,0.9541
436,manual_data,They enjoyed a family dinner together.,"Eles apreciaram um jantar em família juntos.
",gemini,prompt2,gpt,prompt2,Eles desfrutaram de um jantar em família juntos.,0.9765
436,manual_data,They enjoyed a family dinner together.,"Eles apreciaram um jantar em família juntos.
",gemini,prompt2,gpt,prompt4,Eles compartilharam um jantar em família.,0.996
436,manual_data,They enjoyed a family dinner together.,"Eles apreciaram um jantar em família juntos.
",gemini,prompt2,gemini,prompt4,Partilharam um banquete de afeto familiar.,0.8475
436,manual_data,They enjoyed a family dinner together.,"Eles apreciaram um jantar em família juntos.
",gemini,prompt2,gemma3,prompt2,Eles desfrutaram de um jantar em família juntos.,0.9765
436,manual_data,They enjoyed a family dinner together.,"Eles apreciaram um jantar em família juntos.
",gemini,prompt2,gemma3,prompt4,"Uniram-se à mesa, nutrindo laços.",0.8682
436,manual_data,They enjoyed a family dinner together.,"Eles apreciaram um jantar em família juntos.
",gemini,prompt2,gemmaX,sem_prompt,Juntaram-se para um jantar em família.,0.9449
543,manual_data,She is knitting a scarf for winter.,Ela está tricotando um cachecol para o inverno.,gpt,prompt2,gpt,prompt4,Ela está tecendo um cachecol para o inverno.,0.9344
543,manual_data,She is knitting a scarf for winter.,Ela está tricotando um cachecol para o inverno.,gpt,prompt2,gemini,prompt2,Ela está tricotando um cachecol para o inverno.,0.95
543,manual_data,She is knitting a scarf for winter.,Ela está tricotando um cachecol para o inverno.,gpt,prompt2,gemini,prompt4,Ela está tecendo o inverno.,0.9412
543,manual_data,She is knitting a scarf for winter.,Ela está tricotando um cachecol para o inverno.,gpt,prompt2,gemma3,prompt2,Ela está tricotando um cachecol para o inverno.,0.95
543,manual_data,She is knitting a scarf for winter.,Ela está tricotando um cachecol para o inverno.,gpt,prompt2,gemma3,prompt4,Ela tece um abraço para o frio.,0.926
543,manual_data,She is knitting a scarf for winter.,Ela está tricotando um cachecol para o inverno.,gpt,prompt2,gemmaX,sem_prompt,Ela está tricotando um cachecol para o inverno.,0.95
495,manual_data,a shot in the dark,"Um tiro no escuro
",gemini,prompt2,gpt,prompt2,um tiro no escuro,0.952
495,manual_data,a shot in the dark,"Um tiro no escuro
",gemini,prompt2,gpt,prompt4,um tiro no escuro,0.952
495,manual_data,a shot in the dark,"Um tiro no escuro
",gemini,prompt2,gemini,prompt4,Um tiro no escuro.,0.9032
495,manual_data,a shot in the dark,"Um tiro no escuro
",gemini,prompt2,gemma3,prompt2,Um palpite no escuro.,0.9193
495,manual_data,a shot in the dark,"Um tiro no escuro
",gemini,prompt2,gemma3,prompt4,Um tiro no escuro.,0.9032
495,manual_data,a shot in the dark,"Um tiro no escuro
",gemini,prompt2,gemmaX,sem_prompt,um tiro no escuro,0.952
416,manual_data,a blessing in disguise,"Uma bênção disfarçada
",gemini,prompt2,gpt,prompt2,uma bênção disfarçada,0.9575
416,manual_data,a blessing in disguise,"Uma bênção disfarçada
",gemini,prompt2,gpt,prompt4,uma benção disfarçada,0.92
416,manual_data,a blessing in disguise,"Uma bênção disfarçada
",gemini,prompt2,gemini,prompt4,Um mal que veio para o bem.,0.8442
416,manual_data,a blessing in disguise,"Uma bênção disfarçada
",gemini,prompt2,gemma3,prompt2,Uma bênção disfarçada.,0.898
416,manual_data,a blessing in disguise,"Uma bênção disfarçada
",gemini,prompt2,gemma3,prompt4,Uma bênção disfarçada.,0.898
416,manual_data,a blessing in disguise,"Uma bênção disfarçada
",gemini,prompt2,gemmaX,sem_prompt,uma bênção disfarçada,0.9575
649,manual_data,They watched the sunrise at the beach.,"Eles assistiram o nascer do sol na praia.
",gemini,prompt2,gpt,prompt2,Eles assistiram ao nascer do sol na praia.,0.9507
649,manual_data,They watched the sunrise at the beach.,"Eles assistiram o nascer do sol na praia.
",gemini,prompt2,gpt,prompt4,Eles contemplaram o amanhecer na praia.,0.9549
649,manual_data,They watched the sunrise at the beach.,"Eles assistiram o nascer do sol na praia.
",gemini,prompt2,gemini,prompt4,Eles testemunharam o amanhecer se afogar no mar.,0.8973
649,manual_data,They watched the sunrise at the beach.,"Eles assistiram o nascer do sol na praia.
",gemini,prompt2,gemma3,prompt2,Eles assistiram ao nascer do sol na praia.,0.9507
649,manual_data,They watched the sunrise at the beach.,"Eles assistiram o nascer do sol na praia.
",gemini,prompt2,gemma3,prompt4,Eles brindaram o amanhecer à beira-mar.,0.9074
649,manual_data,They watched the sunrise at the beach.,"Eles assistiram o nascer do sol na praia.
",gemini,prompt2,gemmaX,sem_prompt,Eles viram o nascer do sol na praia.,0.9683
233,manual_data,"hope for the best, prepare for the worst","Esperar o melhor, preparar-se para o pior.
",gemini,prompt2,gpt,prompt2,"espere pelo melhor, prepare-se para o pior",0.9411
233,manual_data,"hope for the best, prepare for the worst","Esperar o melhor, preparar-se para o pior.
",gemini,prompt2,gpt,prompt4,"Esperar pelo melhor, preparar-se para o pior.",0.95
233,manual_data,"hope for the best, prepare for the worst","Esperar o melhor, preparar-se para o pior.
",gemini,prompt2,gemini,prompt4,"Esperar o melhor, preparar-se para o pior.",0.9545
233,manual_data,"hope for the best, prepare for the worst","Esperar o melhor, preparar-se para o pior.
",gemini,prompt2,gemma3,prompt2,"Esperar o melhor, preparar-se para o pior.",0.9545
233,manual_data,"hope for the best, prepare for the worst","Esperar o melhor, preparar-se para o pior.
",gemini,prompt2,gemma3,prompt4,"Aposte no sol, mas carregue o guarda-chuva.",0.8589
233,manual_data,"hope for the best, prepare for the worst","Esperar o melhor, preparar-se para o pior.
",gemini,prompt2,gemmaX,sem_prompt,"esperar o melhor, preparar-se para o pior",0.9376
162,manual_data,He went to the gym to lift weights.,"Ele foi à academia para levantar pesos.
",gemini,prompt2,gpt,prompt2,Ele foi para a academia levantar pesos.,0.9689
162,manual_data,He went to the gym to lift weights.,"Ele foi à academia para levantar pesos.
",gemini,prompt2,gpt,prompt4,Ele foi à academia para malhar.,0.9491
162,manual_data,He went to the gym to lift weights.,"Ele foi à academia para levantar pesos.
",gemini,prompt2,gemini,prompt4,Ele foi à academia para inflar os músculos.,0.9206
162,manual_data,He went to the gym to lift weights.,"Ele foi à academia para levantar pesos.
",gemini,prompt2,gemma3,prompt2,Ele foi para a academia para levantar pesos.,0.9406
162,manual_data,He went to the gym to lift weights.,"Ele foi à academia para levantar pesos.
",gemini,prompt2,gemma3,prompt4,Ele foi para a academia fortalecer suas entranhas.,0.9167
162,manual_data,He went to the gym to lift weights.,"Ele foi à academia para levantar pesos.
",gemini,prompt2,gemmaX,sem_prompt,Ele foi para a academia para levantar pesos.,0.9406
36,manual_data,devil's advocate,Defensor do diabo,gemma3,prompt2,gpt,prompt2,advogado do diabo,0.8813
36,manual_data,devil's advocate,Defensor do diabo,gemma3,prompt2,gpt,prompt4,advogado do diabo,0.8813
36,manual_data,devil's advocate,Defensor do diabo,gemma3,prompt2,gemini,prompt2,Advogado do diabo,0.9188
36,manual_data,devil's advocate,Defensor do diabo,gemma3,prompt2,gemini,prompt4,Advogado do Diabo.,0.8773
36,manual_data,devil's advocate,Defensor do diabo,gemma3,prompt2,gemma3,prompt4,Diabo às costas.,0.8436
36,manual_data,devil's advocate,Defensor do diabo,gemma3,prompt2,gemmaX,sem_prompt,advogado do diabo,0.8813
59,manual_data,devil's advocate,Defensor do diabo,gemma3,prompt2,gpt,prompt2,advogado do diabo,0.8813
59,manual_data,devil's advocate,Defensor do diabo,gemma3,prompt2,gpt,prompt4,advogado do diabo,0.8813
59,manual_data,devil's advocate,Defensor do diabo,gemma3,prompt2,gemini,prompt2,Advogado do diabo,0.9188
59,manual_data,devil's advocate,Defensor do diabo,gemma3,prompt2,gemini,prompt4,Advogado do Diabo.,0.8773
59,manual_data,devil's advocate,Defensor do diabo,gemma3,prompt2,gemma3,prompt4,Defender o indefensável.,0.8046
59,manual_data,devil's advocate,Defensor do diabo,gemma3,prompt2,gemmaX,sem_prompt,advogado do diabo,0.8813
281,manual_data,dead in the water,morto na água,gpt,prompt2,gpt,prompt4,morto na água,0.95
281,manual_data,dead in the water,morto na água,gpt,prompt2,gemini,prompt2,Sem saída,0.8784
281,manual_data,dead in the water,morto na água,gpt,prompt2,gemini,prompt4,"Aflito/a, sem saída.",0.8068
281,manual_data,dead in the water,morto na água,gpt,prompt2,gemma3,prompt2,Sem perspectiva.,0.825
281,manual_data,dead in the water,morto na água,gpt,prompt2,gemma3,prompt4,Sem saída.,0.8415
281,manual_data,dead in the water,morto na água,gpt,prompt2,gemmaX,sem_prompt,morto na água,0.95
688,manual_data,dead in the water,morto na água,gpt,prompt2,gpt,prompt4,morto na água,0.95
688,manual_data,dead in the water,morto na água,gpt,prompt2,gemini,prompt2,*   **Em dificuldades**,0.7818
688,manual_data,dead in the water,morto na água,gpt,prompt2,gemini,prompt4,A definhar.,0.8063
688,manual_data,dead in the water,morto na água,gpt,prompt2,gemma3,prompt2,Sem perspectiva.,0.825
688,manual_data,dead in the water,morto na água,gpt,prompt2,gemma3,prompt4,Sem salvação.,0.8483
688,manual_data,dead in the water,morto na água,gpt,prompt2,gemmaX,sem_prompt,morto na água,0.95
595,manual_data,a weight on my shoulders,um peso sobre os meus ombros,gpt,prompt2,gpt,prompt4,um peso nos meus ombros,0.9686
595,manual_data,a weight on my shoulders,um peso sobre os meus ombros,gpt,prompt2,gemini,prompt2,Um peso nos meus ombros.,0.9386
595,manual_data,a weight on my shoulders,um peso sobre os meus ombros,gpt,prompt2,gemini,prompt4,Um peso nas costas.,0.8841
595,manual_data,a weight on my shoulders,um peso sobre os meus ombros,gpt,prompt2,gemma3,prompt2,Um peso sobre meus ombros.,0.9385
595,manual_data,a weight on my shoulders,um peso sobre os meus ombros,gpt,prompt2,gemma3,prompt4,Um fardo nas costas.,0.8533
595,manual_data,a weight on my shoulders,um peso sobre os meus ombros,gpt,prompt2,gemmaX,sem_prompt,um peso nos meus ombros,0.9686
359,manual_data,black as coal,"Preto como carvão
",gemini,prompt2,gpt,prompt2,preto como carvão,0.9549
359,manual_data,black as coal,"Preto como carvão
",gemini,prompt2,gpt,prompt4,preto como carvão,0.9549
359,manual_data,black as coal,"Preto como carvão
",gemini,prompt2,gemini,prompt4,Negro como a noite.,0.8446
359,manual_data,black as coal,"Preto como carvão
",gemini,prompt2,gemma3,prompt2,Preto como carvão.,0.8977
359,manual_data,black as coal,"Preto como carvão
",gemini,prompt2,gemma3,prompt4,Negro como o carvão.,0.9281
359,manual_data,black as coal,"Preto como carvão
",gemini,prompt2,gemmaX,sem_prompt,preto como carvão,0.9549
534,manual_data,at a snail's pace,a um ritmo de lesma,gemmaX,sem_prompt,gpt,prompt2,a passo de tartaruga,0.8851
534,manual_data,at a snail's pace,a um ritmo de lesma,gemmaX,sem_prompt,gpt,prompt4,a passo de lesma,0.966
534,manual_data,at a snail's pace,a um ritmo de lesma,gemmaX,sem_prompt,gemini,prompt2,A passos de cágado,0.8778
534,manual_data,at a snail's pace,a um ritmo de lesma,gemmaX,sem_prompt,gemini,prompt4,A passos de lesma.,0.9208
534,manual_data,at a snail's pace,a um ritmo de lesma,gemmaX,sem_prompt,gemma3,prompt2,Num ritmo de lesma.,0.8705
534,manual_data,at a snail's pace,a um ritmo de lesma,gemmaX,sem_prompt,gemma3,prompt4,Com a lentidão de uma lesma.,0.8919
625,manual_data,They are chatting in the living room.,Eles estão conversando na sala de estar.,gpt,prompt2,gpt,prompt4,Eles estão jogando conversa fora na sala de estar.,0.9522
625,manual_data,They are chatting in the living room.,Eles estão conversando na sala de estar.,gpt,prompt2,gemini,prompt2,Eles estão conversando na sala.,0.9865
625,manual_data,They are chatting in the living room.,Eles estão conversando na sala de estar.,gpt,prompt2,gemini,prompt4,Estão a soltar a língua na sala.,0.9181
625,manual_data,They are chatting in the living room.,Eles estão conversando na sala de estar.,gpt,prompt2,gemma3,prompt2,Eles estão conversando na sala.,0.9865
625,manual_data,They are chatting in the living room.,Eles estão conversando na sala de estar.,gpt,prompt2,gemma3,prompt4,Eles estão tecendo conversas na sala.,0.9543
625,manual_data,They are chatting in the living room.,Eles estão conversando na sala de estar.,gpt,prompt2,gemmaX,sem_prompt,Estão a conversar na sala de estar.,0.9435
710,manual_data,He is studying for his exams.,Ele está estudando para os exames dele.,gpt,prompt2,gpt,prompt4,Ele está se preparando para o teste da vida.,0.9265
710,manual_data,He is studying for his exams.,Ele está estudando para os exames dele.,gpt,prompt2,gemini,prompt2,Ele está estudando para as provas.,0.9804
710,manual_data,He is studying for his exams.,Ele está estudando para os exames dele.,gpt,prompt2,gemini,prompt4,Ele está na lida para as provas.,0.9398
710,manual_data,He is studying for his exams.,Ele está estudando para os exames dele.,gpt,prompt2,gemma3,prompt2,Ele está estudando para as provas.,0.9804
710,manual_data,He is studying for his exams.,Ele está estudando para os exames dele.,gpt,prompt2,gemma3,prompt4,Ele está aprimorando as munições para a batalha.,0.925
710,manual_data,He is studying for his exams.,Ele está estudando para os exames dele.,gpt,prompt2,gemmaX,sem_prompt,Ele está estudando para os exames.,0.9698
423,manual_data,big picture,O quadro geral,gemma3,prompt2,gpt,prompt2,grande imagem,0.8637
423,manual_data,big picture,O quadro geral,gemma3,prompt2,gpt,prompt4,visão geral,0.9664
423,manual_data,big picture,O quadro geral,gemma3,prompt2,gemini,prompt2,Visão geral,0.8896
423,manual_data,big picture,O quadro geral,gemma3,prompt2,gemini,prompt4,Visão geral,0.8896
423,manual_data,big picture,O quadro geral,gemma3,prompt2,gemma3,prompt4,A visão geral.,0.8923
423,manual_data,big picture,O quadro geral,gemma3,prompt2,gemmaX,sem_prompt,big picture,0.8634
594,manual_data,They are taking a walk along the beach.,Estão a dar um passeio na praia.,gemmaX,sem_prompt,gpt,prompt2,Eles estão caminhando pela praia.,0.9396
594,manual_data,They are taking a walk along the beach.,Estão a dar um passeio na praia.,gemmaX,sem_prompt,gpt,prompt4,Eles estão passeando à beira-mar.,0.895
594,manual_data,They are taking a walk along the beach.,Estão a dar um passeio na praia.,gemmaX,sem_prompt,gemini,prompt2,Eles estão passeando na praia.,0.9415
594,manual_data,They are taking a walk along the beach.,Estão a dar um passeio na praia.,gemmaX,sem_prompt,gemini,prompt4,Eles passeiam pela orla da memória.,0.8871
594,manual_data,They are taking a walk along the beach.,Estão a dar um passeio na praia.,gemmaX,sem_prompt,gemma3,prompt2,Eles estão passeando pela praia.,0.9314
594,manual_data,They are taking a walk along the beach.,Estão a dar um passeio na praia.,gemmaX,sem_prompt,gemma3,prompt4,Eles estão desenhando caminhos na areia.,0.9054
459,manual_data,They traveled to the mountains for vacation.,Eles viajaram para as montanhas nas férias.,gpt,prompt2,gpt,prompt4,Eles viajaram para as montanhas de férias.,0.9502
459,manual_data,They traveled to the mountains for vacation.,Eles viajaram para as montanhas nas férias.,gpt,prompt2,gemini,prompt2,Eles viajaram para as montanhas de férias.,0.9502
459,manual_data,They traveled to the mountains for vacation.,Eles viajaram para as montanhas nas férias.,gpt,prompt2,gemini,prompt4,Eles se aventuraram nas montanhas para arejar a alma.,0.9359
459,manual_data,They traveled to the mountains for vacation.,Eles viajaram para as montanhas nas férias.,gpt,prompt2,gemma3,prompt2,Eles viajaram para as montanhas para as férias.,0.9589
459,manual_data,They traveled to the mountains for vacation.,Eles viajaram para as montanhas nas férias.,gpt,prompt2,gemma3,prompt4,Eles buscaram refúgio nas alturas para recarregar as energias.,0.9141
459,manual_data,They traveled to the mountains for vacation.,Eles viajaram para as montanhas nas férias.,gpt,prompt2,gemmaX,sem_prompt,Eles viajaram para as montanhas para passar as férias.,0.9646
133,manual_data,He is drawing a picture of his dog.,"Ele está desenhando um retrato do seu cachorro.
",gemini,prompt2,gpt,prompt2,Ele está desenhando um retrato de seu cachorro.,0.953
133,manual_data,He is drawing a picture of his dog.,"Ele está desenhando um retrato do seu cachorro.
",gemini,prompt2,gpt,prompt4,Ele está retratando seu cão.,0.9561
133,manual_data,He is drawing a picture of his dog.,"Ele está desenhando um retrato do seu cachorro.
",gemini,prompt2,gemini,prompt4,Ele está pintando o retrato do seu cão com as palavras.,0.9567
133,manual_data,He is drawing a picture of his dog.,"Ele está desenhando um retrato do seu cachorro.
",gemini,prompt2,gemma3,prompt2,Ele está desenhando um retrato do seu cachorro.,0.954
133,manual_data,He is drawing a picture of his dog.,"Ele está desenhando um retrato do seu cachorro.
",gemini,prompt2,gemma3,prompt4,Ele está dando vida a um retrato do seu cão.,0.9568
133,manual_data,He is drawing a picture of his dog.,"Ele está desenhando um retrato do seu cachorro.
",gemini,prompt2,gemmaX,sem_prompt,Ele está desenhando uma foto do seu cachorro.,0.964
481,manual_data,a place in the sun,Um lugar ao sol,gemmaX,sem_prompt,gpt,prompt2,um lugar ao sol,0.9332
481,manual_data,a place in the sun,Um lugar ao sol,gemmaX,sem_prompt,gpt,prompt4,Um lugar ao sol.,0.8904
481,manual_data,a place in the sun,Um lugar ao sol,gemmaX,sem_prompt,gemini,prompt2,Um lugar ao sol,0.95
481,manual_data,a place in the sun,Um lugar ao sol,gemmaX,sem_prompt,gemini,prompt4,Um lugar ao sol.,0.8904
481,manual_data,a place in the sun,Um lugar ao sol,gemmaX,sem_prompt,gemma3,prompt2,Um lugar ao sol.,0.8904
481,manual_data,a place in the sun,Um lugar ao sol,gemmaX,sem_prompt,gemma3,prompt4,Um lugar ao sol.,0.8904
212,manual_data,"if you can't stand the heat, get out of the kitchen","Se não aguenta o calor, saia da cozinha.
",gemini,prompt2,gpt,prompt2,"""Se você não consegue suportar o calor, saia da cozinha.""",0.9586
212,manual_data,"if you can't stand the heat, get out of the kitchen","Se não aguenta o calor, saia da cozinha.
",gemini,prompt2,gpt,prompt4,"Se você não aguenta a pressão, saia da cozinha.",0.9723
212,manual_data,"if you can't stand the heat, get out of the kitchen","Se não aguenta o calor, saia da cozinha.
",gemini,prompt2,gemini,prompt4,"Quem não aguenta o rojão, que saia da cozinha.",0.9387
212,manual_data,"if you can't stand the heat, get out of the kitchen","Se não aguenta o calor, saia da cozinha.
",gemini,prompt2,gemma3,prompt2,"Se você não aguenta o calor, saia da cozinha.",0.9608
212,manual_data,"if you can't stand the heat, get out of the kitchen","Se não aguenta o calor, saia da cozinha.
",gemini,prompt2,gemma3,prompt4,"Se não aguenta o calor, saia da fornalha.",0.9433
212,manual_data,"if you can't stand the heat, get out of the kitchen","Se não aguenta o calor, saia da cozinha.
",gemini,prompt2,gemmaX,sem_prompt,"Se não aguentares o calor, sai da cozinha",0.9373
686,manual_data,He worked on his computer for hours.,Ele trabalhou no computador dele por horas.,gemma3,prompt2,gpt,prompt2,Ele trabalhou em seu computador por horas.,0.9735
686,manual_data,He worked on his computer for hours.,Ele trabalhou no computador dele por horas.,gemma3,prompt2,gpt,prompt4,Ele passou horas mergulhado em seu computador.,0.9201
686,manual_data,He worked on his computer for hours.,Ele trabalhou no computador dele por horas.,gemma3,prompt2,gemini,prompt2,Ele trabalhou no computador por horas.,0.9602
686,manual_data,He worked on his computer for hours.,Ele trabalhou no computador dele por horas.,gemma3,prompt2,gemini,prompt4,Ele martelou o computador por horas.,0.9264
686,manual_data,He worked on his computer for hours.,Ele trabalhou no computador dele por horas.,gemma3,prompt2,gemma3,prompt4,Ele se debruçou sobre o computador por horas.,0.9336
686,manual_data,He worked on his computer for hours.,Ele trabalhou no computador dele por horas.,gemma3,prompt2,gemmaX,sem_prompt,Ele trabalhou no computador por horas.,0.9602
243,manual_data,close to my heart,"Perto do meu coração.
",gemma3,prompt2,gpt,prompt2,perto do meu coração,0.933
243,manual_data,close to my heart,"Perto do meu coração.
",gemma3,prompt2,gpt,prompt4,perto do meu coração,0.933
243,manual_data,close to my heart,"Perto do meu coração.
",gemma3,prompt2,gemini,prompt2,Perto do meu coração,0.9554
243,manual_data,close to my heart,"Perto do meu coração.
",gemma3,prompt2,gemini,prompt4,Perto do meu coração.,0.9588
243,manual_data,close to my heart,"Perto do meu coração.
",gemma3,prompt2,gemma3,prompt4,No âmago do meu ser.,0.8742
243,manual_data,close to my heart,"Perto do meu coração.
",gemma3,prompt2,gemmaX,sem_prompt,perto do meu coração,0.933
566,manual_data,He is cleaning the garage.,"Ele está limpando a garagem.
",gemini,prompt2,gpt,prompt2,Ele está limpando a garagem.,0.9567
566,manual_data,He is cleaning the garage.,"Ele está limpando a garagem.
",gemini,prompt2,gpt,prompt4,Ele está arrumando a bagunça.,0.9145
566,manual_data,He is cleaning the garage.,"Ele está limpando a garagem.
",gemini,prompt2,gemini,prompt4,Ele está botando a casa em ordem.,0.9251
566,manual_data,He is cleaning the garage.,"Ele está limpando a garagem.
",gemini,prompt2,gemma3,prompt2,Ele está limpando a garagem.,0.9567
566,manual_data,He is cleaning the garage.,"Ele está limpando a garagem.
",gemini,prompt2,gemma3,prompt4,Ele está esvaziando a bagunça.,0.9062
566,manual_data,He is cleaning the garage.,"Ele está limpando a garagem.
",gemini,prompt2,gemmaX,sem_prompt,Ele está limpando a garagem.,0.9567
210,manual_data,She danced at the party last night.,Ela dançou na festa ontem à noite.,gemmaX,sem_prompt,gpt,prompt2,Ela dançou na festa na noite passada.,0.9986
210,manual_data,She danced at the party last night.,Ela dançou na festa ontem à noite.,gemmaX,sem_prompt,gpt,prompt4,Ela dançou na festa na noite passada.,0.9986
210,manual_data,She danced at the party last night.,Ela dançou na festa ontem à noite.,gemmaX,sem_prompt,gemini,prompt2,Ela dançou na festa ontem à noite.,0.95
210,manual_data,She danced at the party last night.,Ela dançou na festa ontem à noite.,gemmaX,sem_prompt,gemini,prompt4,Ela foi a faísca da festa ontem à noite.,0.9357
210,manual_data,She danced at the party last night.,Ela dançou na festa ontem à noite.,gemmaX,sem_prompt,gemma3,prompt2,Ela dançou na festa ontem à noite.,0.95
210,manual_data,She danced at the party last night.,Ela dançou na festa ontem à noite.,gemmaX,sem_prompt,gemma3,prompt4,Ela se entregou à dança na festa passada.,0.9313
653,manual_data,She went to the gym for a workout.,Ela foi à academia para se exercitar.,gemma3,prompt2,gpt,prompt2,Ela foi à academia para se exercitar.,0.95
653,manual_data,She went to the gym for a workout.,Ela foi à academia para se exercitar.,gemma3,prompt2,gpt,prompt4,Ela foi à academia para malhar.,0.9507
653,manual_data,She went to the gym for a workout.,Ela foi à academia para se exercitar.,gemma3,prompt2,gemini,prompt2,Ela foi à academia para treinar.,0.9655
653,manual_data,She went to the gym for a workout.,Ela foi à academia para se exercitar.,gemma3,prompt2,gemini,prompt4,Ela foi à academia para suar a camisa.,0.9472
653,manual_data,She went to the gym for a workout.,Ela foi à academia para se exercitar.,gemma3,prompt2,gemma3,prompt4,Ela foi para a academia se energizar.,0.957
653,manual_data,She went to the gym for a workout.,Ela foi à academia para se exercitar.,gemma3,prompt2,gemmaX,sem_prompt,Ela foi para a academia para malhar.,0.9577
120,manual_data,change of tune,"Mudança de tom
",gemini,prompt2,gpt,prompt2,mudança de tom,0.8602
120,manual_data,change of tune,"Mudança de tom
",gemini,prompt2,gpt,prompt4,mudança de tom,0.8602
120,manual_data,change of tune,"Mudança de tom
",gemini,prompt2,gemini,prompt4,Mudar o disco.,0.8552
120,manual_data,change of tune,"Mudança de tom
",gemini,prompt2,gemma3,prompt2,Mudança de opinião.,0.8895
120,manual_data,change of tune,"Mudança de tom
",gemini,prompt2,gemma3,prompt4,Mudar de tom.,0.8665
120,manual_data,change of tune,"Mudança de tom
",gemini,prompt2,gemmaX,sem_prompt,mudança de tom,0.8602
190,manual_data,She is watching the sunset from the balcony.,Ela está assistindo ao pôr do sol da varanda.,gpt,prompt2,gpt,prompt4,Ela está contemplando o pôr do sol da sacada.,0.9568
190,manual_data,She is watching the sunset from the balcony.,Ela está assistindo ao pôr do sol da varanda.,gpt,prompt2,gemini,prompt2,Ela está assistindo o pôr do sol da varanda.,0.9419
190,manual_data,She is watching the sunset from the balcony.,Ela está assistindo ao pôr do sol da varanda.,gpt,prompt2,gemini,prompt4,Ela contempla o ocaso da varanda.,0.9307
190,manual_data,She is watching the sunset from the balcony.,Ela está assistindo ao pôr do sol da varanda.,gpt,prompt2,gemma3,prompt2,Ela está observando o pôr do sol da varanda.,0.9472
190,manual_data,She is watching the sunset from the balcony.,Ela está assistindo ao pôr do sol da varanda.,gpt,prompt2,gemma3,prompt4,Ela contempla o crepúsculo do dia a partir do vão da janela.,0.9129
190,manual_data,She is watching the sunset from the balcony.,Ela está assistindo ao pôr do sol da varanda.,gpt,prompt2,gemmaX,sem_prompt,Ela está vendo o pôr do sol da varanda.,0.9471
483,manual_data,I took a photo of the beautiful sunset.,Tirei uma foto do lindo pôr do sol.,gemmaX,sem_prompt,gpt,prompt2,Eu tirei uma foto do lindo pôr do sol.,0.9394
483,manual_data,I took a photo of the beautiful sunset.,Tirei uma foto do lindo pôr do sol.,gemmaX,sem_prompt,gpt,prompt4,Eu capturei a beleza do pôr do sol.,0.9478
483,manual_data,I took a photo of the beautiful sunset.,Tirei uma foto do lindo pôr do sol.,gemmaX,sem_prompt,gemini,prompt2,Eu tirei uma foto do belo pôr do sol.,0.951
483,manual_data,I took a photo of the beautiful sunset.,Tirei uma foto do lindo pôr do sol.,gemmaX,sem_prompt,gemini,prompt4,Capturei o sol a incendiar o horizonte.,0.8622
483,manual_data,I took a photo of the beautiful sunset.,Tirei uma foto do lindo pôr do sol.,gemmaX,sem_prompt,gemma3,prompt2,Eu tirei uma foto do lindo pôr do sol.,0.9394
483,manual_data,I took a photo of the beautiful sunset.,Tirei uma foto do lindo pôr do sol.,gemmaX,sem_prompt,gemma3,prompt4,Capturei o crepúsculo em um raio de luz.,0.8895
358,manual_data,don't put all your eggs in one basket,Não coloque todos os seus ovos na mesma cesta.,gemma3,prompt2,gpt,prompt2,Não coloque todos os seus ovos em uma só cesta.,0.95
358,manual_data,don't put all your eggs in one basket,Não coloque todos os seus ovos na mesma cesta.,gemma3,prompt2,gpt,prompt4,Não coloque todos os seus ovos na mesma cesta.,0.95
358,manual_data,don't put all your eggs in one basket,Não coloque todos os seus ovos na mesma cesta.,gemma3,prompt2,gemini,prompt2,Não coloque todos os ovos na mesma cesta.,0.9678
358,manual_data,don't put all your eggs in one basket,Não coloque todos os seus ovos na mesma cesta.,gemma3,prompt2,gemini,prompt4,Não coloque todos os ovos na mesma cesta.,0.9678
358,manual_data,don't put all your eggs in one basket,Não coloque todos os seus ovos na mesma cesta.,gemma3,prompt2,gemma3,prompt4,Não coloque todos os seus ovos na mesma cesta.,0.95
358,manual_data,don't put all your eggs in one basket,Não coloque todos os seus ovos na mesma cesta.,gemma3,prompt2,gemmaX,sem_prompt,Não ponha todos os seus ovos num só cesto,0.9309
367,manual_data,calm before the storm,calma antes da tempestade,gemmaX,sem_prompt,gpt,prompt2,a calma antes da tempestade,0.9231
367,manual_data,calm before the storm,calma antes da tempestade,gemmaX,sem_prompt,gpt,prompt4,a calmaria antes da tempestade,0.9208
367,manual_data,calm before the storm,calma antes da tempestade,gemmaX,sem_prompt,gemini,prompt2,Calmaria antes da tempestade,0.8866
367,manual_data,calm before the storm,calma antes da tempestade,gemmaX,sem_prompt,gemini,prompt4,A calmaria antes da tempestade.,0.9074
367,manual_data,calm before the storm,calma antes da tempestade,gemmaX,sem_prompt,gemma3,prompt2,A calmaria antes da tempestade.,0.9074
367,manual_data,calm before the storm,calma antes da tempestade,gemmaX,sem_prompt,gemma3,prompt4,A calmaria antes da tempestade.,0.9074
224,manual_data,calm before the storm,calma antes da tempestade,gemmaX,sem_prompt,gpt,prompt2,a calma antes da tempestade,0.9231
224,manual_data,calm before the storm,calma antes da tempestade,gemmaX,sem_prompt,gpt,prompt4,a calmaria antes da tempestade,0.9208
224,manual_data,calm before the storm,calma antes da tempestade,gemmaX,sem_prompt,gemini,prompt2,Calmaria antes da tempestade.,0.8715
224,manual_data,calm before the storm,calma antes da tempestade,gemmaX,sem_prompt,gemini,prompt4,A calmaria antes da tempestade.,0.9074
224,manual_data,calm before the storm,calma antes da tempestade,gemmaX,sem_prompt,gemma3,prompt2,Calmaria antes da tempestade,0.8866
224,manual_data,calm before the storm,calma antes da tempestade,gemmaX,sem_prompt,gemma3,prompt4,A calmaria antes da tempestade.,0.9074
174,manual_data,He went to the airport to catch a flight.,Ele foi para o aeroporto para pegar um voo.,gemmaX,sem_prompt,gpt,prompt2,Ele foi ao aeroporto para pegar um voo.,0.9595
174,manual_data,He went to the airport to catch a flight.,Ele foi para o aeroporto para pegar um voo.,gemmaX,sem_prompt,gpt,prompt4,Ele foi ao aeroporto para pegar um voo.,0.9595
174,manual_data,He went to the airport to catch a flight.,Ele foi para o aeroporto para pegar um voo.,gemmaX,sem_prompt,gemini,prompt2,Ele foi ao aeroporto para pegar um voo.,0.9595
174,manual_data,He went to the airport to catch a flight.,Ele foi para o aeroporto para pegar um voo.,gemmaX,sem_prompt,gemini,prompt4,Ele foi ao aeroporto pegar o voo da vida.,0.9688
174,manual_data,He went to the airport to catch a flight.,Ele foi para o aeroporto para pegar um voo.,gemmaX,sem_prompt,gemma3,prompt2,Ele foi ao aeroporto para pegar um voo.,0.9595
174,manual_data,He went to the airport to catch a flight.,Ele foi para o aeroporto para pegar um voo.,gemmaX,sem_prompt,gemma3,prompt4,Ele rumou ao aeroporto para embarcar numa jornada.,0.9388
536,manual_data,dressed to kill,vestida para matar,gpt,prompt2,gpt,prompt4,Vestido para arrasar.,0.8933
536,manual_data,dressed to kill,vestida para matar,gpt,prompt2,gemini,prompt2,Arrasando.,0.8492
536,manual_data,dressed to kill,vestida para matar,gpt,prompt2,gemini,prompt4,Pronto para matar.,0.8828
536,manual_data,dressed to kill,vestida para matar,gpt,prompt2,gemma3,prompt2,Arrumado(a) para impressionar.,0.8402
536,manual_data,dressed to kill,vestida para matar,gpt,prompt2,gemma3,prompt4,Arrumado(a) para impressionar.,0.8402
536,manual_data,dressed to kill,vestida para matar,gpt,prompt2,gemmaX,sem_prompt,vestida para matar,0.95
489,manual_data,He is watering the plants.,"Ele está regando as plantas.
",gemini,prompt2,gpt,prompt2,Ele está regando as plantas.,0.9567
489,manual_data,He is watering the plants.,"Ele está regando as plantas.
",gemini,prompt2,gpt,prompt4,Ele está regando as plantas.,0.9567
489,manual_data,He is watering the plants.,"Ele está regando as plantas.
",gemini,prompt2,gemini,prompt4,Ele está regando as plantas.,0.9567
489,manual_data,He is watering the plants.,"Ele está regando as plantas.
",gemini,prompt2,gemma3,prompt2,Ele está regando as plantas.,0.9567
489,manual_data,He is watering the plants.,"Ele está regando as plantas.
",gemini,prompt2,gemma3,prompt4,Ele está nutrindo a vida.,0.9464
489,manual_data,He is watering the plants.,"Ele está regando as plantas.
",gemini,prompt2,gemmaX,sem_prompt,Ele está regando as plantas.,0.9567
524,manual_data,He is looking out the window at the rain.,"Ele está olhando pela janela para a chuva.
",gemma3,prompt2,gpt,prompt2,Ele está olhando pela janela para a chuva.,0.9545
524,manual_data,He is looking out the window at the rain.,"Ele está olhando pela janela para a chuva.
",gemma3,prompt2,gpt,prompt4,Ele está olhando pela janela e observando a chuva.,0.9686
524,manual_data,He is looking out the window at the rain.,"Ele está olhando pela janela para a chuva.
",gemma3,prompt2,gemini,prompt2,Ele está olhando a chuva pela janela.,1.0086
524,manual_data,He is looking out the window at the rain.,"Ele está olhando pela janela para a chuva.
",gemma3,prompt2,gemini,prompt4,Ele contempla a melodia da chuva.,0.952
524,manual_data,He is looking out the window at the rain.,"Ele está olhando pela janela para a chuva.
",gemma3,prompt2,gemma3,prompt4,"Ele fitava a chuva pela janela, perdido em pensamentos.",0.9308
524,manual_data,He is looking out the window at the rain.,"Ele está olhando pela janela para a chuva.
",gemma3,prompt2,gemmaX,sem_prompt,Ele está olhando pela janela para a chuva.,0.9545
245,manual_data,as clear as mud,Tão claro quanto barro.,gemma3,prompt2,gpt,prompt2,tão claro quanto lama,0.8999
245,manual_data,as clear as mud,Tão claro quanto barro.,gemma3,prompt2,gpt,prompt4,claro como lama,0.8776
245,manual_data,as clear as mud,Tão claro quanto barro.,gemma3,prompt2,gemini,prompt2,Mais claro que lama.,0.8949
245,manual_data,as clear as mud,Tão claro quanto barro.,gemma3,prompt2,gemini,prompt4,Claro como a lama.,0.8878
245,manual_data,as clear as mud,Tão claro quanto barro.,gemma3,prompt2,gemma3,prompt4,Entendido.,0.7976
245,manual_data,as clear as mud,Tão claro quanto barro.,gemma3,prompt2,gemmaX,sem_prompt,claro como lama,0.8776
104,manual_data,He is having breakfast with his family.,"Ele está tomando café da manhã com a família dele.
",gemini,prompt2,gpt,prompt2,Ele está tomando café da manhã com sua família.,0.9641
104,manual_data,He is having breakfast with his family.,"Ele está tomando café da manhã com a família dele.
",gemini,prompt2,gpt,prompt4,Ele está tomando café da manhã com sua família.,0.9641
104,manual_data,He is having breakfast with his family.,"Ele está tomando café da manhã com a família dele.
",gemini,prompt2,gemini,prompt4,Ele está dividindo o pão com a família.,0.9558
104,manual_data,He is having breakfast with his family.,"Ele está tomando café da manhã com a família dele.
",gemini,prompt2,gemma3,prompt2,Ele está tomando café da manhã com sua família.,0.9641
104,manual_data,He is having breakfast with his family.,"Ele está tomando café da manhã com a família dele.
",gemini,prompt2,gemma3,prompt4,Ele está rompendo o jejum com quem o espera à mesa.,0.8914
104,manual_data,He is having breakfast with his family.,"Ele está tomando café da manhã com a família dele.
",gemini,prompt2,gemmaX,sem_prompt,Ele está tomando café da manhã com sua família.,0.9641
398,manual_data,butterflies in my stomach,borboletas no meu estômago,gpt,prompt2,gpt,prompt4,Nervos à flor da pele.,0.808
398,manual_data,butterflies in my stomach,borboletas no meu estômago,gpt,prompt2,gemini,prompt2,Borboletas no estômago,0.9666
398,manual_data,butterflies in my stomach,borboletas no meu estômago,gpt,prompt2,gemini,prompt4,Borboletas no estômago.,0.9306
398,manual_data,butterflies in my stomach,borboletas no meu estômago,gpt,prompt2,gemma3,prompt2,Borboletas no estômago.,0.9306
398,manual_data,butterflies in my stomach,borboletas no meu estômago,gpt,prompt2,gemma3,prompt4,Borboletas no estômago.,0.9306
398,manual_data,butterflies in my stomach,borboletas no meu estômago,gpt,prompt2,gemmaX,sem_prompt,borboletas no meu estômago,0.95
577,manual_data,They went to the library to borrow books.,Eles foram à biblioteca para pegar emprestado livros.,gemmaX,sem_prompt,gpt,prompt2,Eles foram à biblioteca para pegar livros emprestados.,0.9815
577,manual_data,They went to the library to borrow books.,Eles foram à biblioteca para pegar emprestado livros.,gemmaX,sem_prompt,gpt,prompt4,Eles foram à biblioteca para pegar emprestados livros.,0.9443
577,manual_data,They went to the library to borrow books.,Eles foram à biblioteca para pegar emprestado livros.,gemmaX,sem_prompt,gemini,prompt2,Eles foram à biblioteca pegar livros emprestados.,0.9825
577,manual_data,They went to the library to borrow books.,Eles foram à biblioteca para pegar emprestado livros.,gemmaX,sem_prompt,gemini,prompt4,Foram à biblioteca colher ideias.,0.9005
577,manual_data,They went to the library to borrow books.,Eles foram à biblioteca para pegar emprestado livros.,gemmaX,sem_prompt,gemma3,prompt2,Eles foram à biblioteca para pegar livros emprestados.,0.9815
577,manual_data,They went to the library to borrow books.,Eles foram à biblioteca para pegar emprestado livros.,gemmaX,sem_prompt,gemma3,prompt4,Foram colher saberes na morada do conhecimento.,0.8664
386,manual_data,a leopard can't change its spots,Um leopardo não pode mudar suas manchas.,gpt,prompt2,gpt,prompt4,um tigre não muda suas listras.,0.9297
386,manual_data,a leopard can't change its spots,Um leopardo não pode mudar suas manchas.,gpt,prompt2,gemini,prompt2,"""A onça não muda suas manchas.""",0.932
386,manual_data,a leopard can't change its spots,Um leopardo não pode mudar suas manchas.,gpt,prompt2,gemini,prompt4,"Apesar das aparências, a zebra não muda suas listras.",0.8935
386,manual_data,a leopard can't change its spots,Um leopardo não pode mudar suas manchas.,gpt,prompt2,gemma3,prompt2,Um leopardo não muda suas manchas.,0.9647
386,manual_data,a leopard can't change its spots,Um leopardo não pode mudar suas manchas.,gpt,prompt2,gemma3,prompt4,A natureza não muda.,0.9273
386,manual_data,a leopard can't change its spots,Um leopardo não pode mudar suas manchas.,gpt,prompt2,gemmaX,sem_prompt,Um leopardo não pode mudar suas manchas,0.9444
466,manual_data,a storm in a teacup,Uma tempestade num copo d'água.,gemma3,prompt2,gpt,prompt2,uma tempestade em copo d'água,0.9304
466,manual_data,a storm in a teacup,Uma tempestade num copo d'água.,gemma3,prompt2,gpt,prompt4,tempestade em copo d'água,0.9405
466,manual_data,a storm in a teacup,Uma tempestade num copo d'água.,gemma3,prompt2,gemini,prompt2,Tempestade em copo d'água,0.9126
466,manual_data,a storm in a teacup,Uma tempestade num copo d'água.,gemma3,prompt2,gemini,prompt4,Tempestade em copo d'água.,0.916
466,manual_data,a storm in a teacup,Uma tempestade num copo d'água.,gemma3,prompt2,gemma3,prompt4,Uma tempestade num copo d'água.,0.95
466,manual_data,a storm in a teacup,Uma tempestade num copo d'água.,gemma3,prompt2,gemmaX,sem_prompt,uma tempestade num copo de chá,0.9235
321,manual_data,a blessing in disguise,"Uma bênção disfarçada.
",gemini,prompt2,gpt,prompt2,uma benção disfarçada,0.9566
321,manual_data,a blessing in disguise,"Uma bênção disfarçada.
",gemini,prompt2,gpt,prompt4,Benção disfarçada.,0.9727
321,manual_data,a blessing in disguise,"Uma bênção disfarçada.
",gemini,prompt2,gemini,prompt4,Um mal que veio para o bem.,0.8899
321,manual_data,a blessing in disguise,"Uma bênção disfarçada.
",gemini,prompt2,gemma3,prompt2,Uma bênção disfarçada.,0.9584
321,manual_data,a blessing in disguise,"Uma bênção disfarçada.
",gemini,prompt2,gemma3,prompt4,Uma bênção disfarçada.,0.9584
321,manual_data,a blessing in disguise,"Uma bênção disfarçada.
",gemini,prompt2,gemmaX,sem_prompt,uma bênção disfarçada,0.9242
428,manual_data,He traveled to Paris last year.,"Ele viajou para Paris no ano passado.
",gemini,prompt2,gpt,prompt2,Ele viajou para Paris no ano passado.,0.9551
428,manual_data,He traveled to Paris last year.,"Ele viajou para Paris no ano passado.
",gemini,prompt2,gpt,prompt4,Ele fez uma viagem a Paris no ano passado.,0.9661
428,manual_data,He traveled to Paris last year.,"Ele viajou para Paris no ano passado.
",gemini,prompt2,gemini,prompt4,Ele flanou por Paris no ano findo.,0.8649
428,manual_data,He traveled to Paris last year.,"Ele viajou para Paris no ano passado.
",gemini,prompt2,gemma3,prompt2,Ele viajou para Paris no ano passado.,0.9551
428,manual_data,He traveled to Paris last year.,"Ele viajou para Paris no ano passado.
",gemini,prompt2,gemma3,prompt4,Ele rumou a Paris no ano passado.,0.9541
428,manual_data,He traveled to Paris last year.,"Ele viajou para Paris no ano passado.
",gemini,prompt2,gemmaX,sem_prompt,Ele viajou para Paris no ano passado.,0.9551
100,manual_data,He is making a cup of coffee.,Ele está fazendo uma xícara de café.,gpt,prompt2,gpt,prompt4,Ele está preparando um café.,0.9881
100,manual_data,He is making a cup of coffee.,Ele está fazendo uma xícara de café.,gpt,prompt2,gemini,prompt2,Ele está fazendo uma xícara de café.,0.95
100,manual_data,He is making a cup of coffee.,Ele está fazendo uma xícara de café.,gpt,prompt2,gemini,prompt4,Ele está botando o bule pra chiar.,0.9015
100,manual_data,He is making a cup of coffee.,Ele está fazendo uma xícara de café.,gpt,prompt2,gemma3,prompt2,Ele está preparando uma xícara de café.,0.9671
100,manual_data,He is making a cup of coffee.,Ele está fazendo uma xícara de café.,gpt,prompt2,gemma3,prompt4,Ele está preparando um elixir da manhã.,0.933
100,manual_data,He is making a cup of coffee.,Ele está fazendo uma xícara de café.,gpt,prompt2,gemmaX,sem_prompt,Ele está fazendo uma xícara de café.,0.95
262,manual_data,He is repairing the broken chair.,"Ele está consertando a cadeira quebrada.
",gemini,prompt2,gpt,prompt2,Ele está consertando a cadeira quebrada.,0.9547
262,manual_data,He is repairing the broken chair.,"Ele está consertando a cadeira quebrada.
",gemini,prompt2,gpt,prompt4,Ele está consertando a cadeira quebrada.,0.9547
262,manual_data,He is repairing the broken chair.,"Ele está consertando a cadeira quebrada.
",gemini,prompt2,gemini,prompt4,Ele está consertando os pedaços da vida.,0.9558
262,manual_data,He is repairing the broken chair.,"Ele está consertando a cadeira quebrada.
",gemini,prompt2,gemma3,prompt2,Ele está consertando a cadeira quebrada.,0.9547
262,manual_data,He is repairing the broken chair.,"Ele está consertando a cadeira quebrada.
",gemini,prompt2,gemma3,prompt4,Ele está remendando a cadeira rachada.,0.9487
262,manual_data,He is repairing the broken chair.,"Ele está consertando a cadeira quebrada.
",gemini,prompt2,gemmaX,sem_prompt,Ele está consertando a cadeira quebrada.,0.9547
411,manual_data,He is going for a bike ride.,Ele está indo para um passeio de bicicleta.,gemmaX,sem_prompt,gpt,prompt2,Ele vai fazer um passeio de bicicleta.,0.97
411,manual_data,He is going for a bike ride.,Ele está indo para um passeio de bicicleta.,gemmaX,sem_prompt,gpt,prompt4,Ele vai dar uma volta de bicicleta.,0.9614
411,manual_data,He is going for a bike ride.,Ele está indo para um passeio de bicicleta.,gemmaX,sem_prompt,gemini,prompt2,Ele vai andar de bicicleta.,0.9124
411,manual_data,He is going for a bike ride.,Ele está indo para um passeio de bicicleta.,gemmaX,sem_prompt,gemini,prompt4,Ele vai dar uma banda de bicicleta.,0.9585
411,manual_data,He is going for a bike ride.,Ele está indo para um passeio de bicicleta.,gemmaX,sem_prompt,gemma3,prompt2,Ele vai dar uma volta de bicicleta.,0.9614
411,manual_data,He is going for a bike ride.,Ele está indo para um passeio de bicicleta.,gemmaX,sem_prompt,gemma3,prompt4,Ele está pedalando rumo ao horizonte.,0.9167
310,manual_data,She attended a conference last week.,"Ela participou de uma conferência na semana passada.
",gemini,prompt2,gpt,prompt2,Ela participou de uma conferência na semana passada.,0.9536
310,manual_data,She attended a conference last week.,"Ela participou de uma conferência na semana passada.
",gemini,prompt2,gpt,prompt4,Ela participou de um congresso na semana passada.,0.9568
310,manual_data,She attended a conference last week.,"Ela participou de uma conferência na semana passada.
",gemini,prompt2,gemini,prompt4,Ela mergulhou em uma conferência na semana passada.,0.9385
310,manual_data,She attended a conference last week.,"Ela participou de uma conferência na semana passada.
",gemini,prompt2,gemma3,prompt2,Ela compareceu a uma conferência na semana passada.,0.9264
310,manual_data,She attended a conference last week.,"Ela participou de uma conferência na semana passada.
",gemini,prompt2,gemma3,prompt4,Ela compareceu a um encontro na semana passada.,0.9354
310,manual_data,She attended a conference last week.,"Ela participou de uma conferência na semana passada.
",gemini,prompt2,gemmaX,sem_prompt,Ela participou de uma conferência na semana passada.,0.9536
501,manual_data,She is painting a picture on the canvas.,Ela está pintando um quadro na tela.,gpt,prompt2,gpt,prompt4,Ela está pintando um quadro na vida.,0.9397
501,manual_data,She is painting a picture on the canvas.,Ela está pintando um quadro na tela.,gpt,prompt2,gemini,prompt2,Ela está pintando um quadro na tela.,0.95
501,manual_data,She is painting a picture on the canvas.,Ela está pintando um quadro na tela.,gpt,prompt2,gemini,prompt4,Ela está pintando um quadro na tela da vida.,0.956
501,manual_data,She is painting a picture on the canvas.,Ela está pintando um quadro na tela.,gpt,prompt2,gemma3,prompt2,Ela está pintando um quadro em tela.,0.9509
501,manual_data,She is painting a picture on the canvas.,Ela está pintando um quadro na tela.,gpt,prompt2,gemma3,prompt4,Ela está tecendo cores sobre a tela.,0.9432
501,manual_data,She is painting a picture on the canvas.,Ela está pintando um quadro na tela.,gpt,prompt2,gemmaX,sem_prompt,Ela está pintando uma imagem na tela.,0.9611
380,manual_data,don’t put all your eggs in one basket,Não coloque todos os ovos na mesma cesta.,gemma3,prompt2,gpt,prompt2,não coloque todos os seus ovos em uma única cesta,0.9361
380,manual_data,don’t put all your eggs in one basket,Não coloque todos os ovos na mesma cesta.,gemma3,prompt2,gpt,prompt4,Não coloque todos os seus ovos na mesma cesta.,0.9526
380,manual_data,don’t put all your eggs in one basket,Não coloque todos os ovos na mesma cesta.,gemma3,prompt2,gemini,prompt2,Não coloque todos os ovos na mesma cesta.,0.95
380,manual_data,don’t put all your eggs in one basket,Não coloque todos os ovos na mesma cesta.,gemma3,prompt2,gemini,prompt4,Não coloque todos os ovos na mesma cesta.,0.95
380,manual_data,don’t put all your eggs in one basket,Não coloque todos os ovos na mesma cesta.,gemma3,prompt2,gemma3,prompt4,Não coloque todos os seus ovos na mesma cesta.,0.9526
380,manual_data,don’t put all your eggs in one basket,Não coloque todos os ovos na mesma cesta.,gemma3,prompt2,gemmaX,sem_prompt,Não ponha todos os seus ovos num só cesto,0.9227
441,manual_data,give someone the cold shoulder,dar a alguém o ombro frio,gemmaX,sem_prompt,gpt,prompt2,dar o ombro frio a alguém,0.9895
441,manual_data,give someone the cold shoulder,dar a alguém o ombro frio,gemmaX,sem_prompt,gpt,prompt4,dar o tratamento do desprezo,0.8855
441,manual_data,give someone the cold shoulder,dar a alguém o ombro frio,gemmaX,sem_prompt,gemini,prompt2,Dar o desprezo a alguém.,0.8657
441,manual_data,give someone the cold shoulder,dar a alguém o ombro frio,gemmaX,sem_prompt,gemini,prompt4,Dar o desprezo.,0.8414
441,manual_data,give someone the cold shoulder,dar a alguém o ombro frio,gemmaX,sem_prompt,gemma3,prompt2,Ignorar alguém,0.8431
441,manual_data,give someone the cold shoulder,dar a alguém o ombro frio,gemmaX,sem_prompt,gemma3,prompt4,Dar o silêncio gelado.,0.8562
574,manual_data,He is fixing the car.,"Ele está consertando o carro.
",gemini,prompt2,gpt,prompt2,Ele está consertando o carro.,0.9564
574,manual_data,He is fixing the car.,"Ele está consertando o carro.
",gemini,prompt2,gpt,prompt4,Ele está consertando o carro.,0.9564
574,manual_data,He is fixing the car.,"Ele está consertando o carro.
",gemini,prompt2,gemini,prompt4,Ele está pondo a mão na graxa.,0.8942
574,manual_data,He is fixing the car.,"Ele está consertando o carro.
",gemini,prompt2,gemma3,prompt2,Ele está consertando o carro.,0.9564
574,manual_data,He is fixing the car.,"Ele está consertando o carro.
",gemini,prompt2,gemma3,prompt4,Ele está colocando a mão na massa com o carro.,0.9088
574,manual_data,He is fixing the car.,"Ele está consertando o carro.
",gemini,prompt2,gemmaX,sem_prompt,Ele está consertando o carro.,0.9564
659,manual_data,don't cry over spilled milk,Não chore por leite derramado.,gemma3,prompt2,gpt,prompt2,Não chore sobre o leite derramado.,0.9415
659,manual_data,don't cry over spilled milk,Não chore por leite derramado.,gemma3,prompt2,gpt,prompt4,Não adianta chorar sobre o leite derramado.,0.9478
659,manual_data,don't cry over spilled milk,Não chore por leite derramado.,gemma3,prompt2,gemini,prompt2,Não chore pelo leite derramado.,0.9577
659,manual_data,don't cry over spilled milk,Não chore por leite derramado.,gemma3,prompt2,gemini,prompt4,Não adianta chorar sobre o leite derramado.,0.9478
659,manual_data,don't cry over spilled milk,Não chore por leite derramado.,gemma3,prompt2,gemma3,prompt4,Não adianta chorar o leite derramado.,0.952
659,manual_data,don't cry over spilled milk,Não chore por leite derramado.,gemma3,prompt2,gemmaX,sem_prompt,Não chore pelo leite derramado,0.9197
46,manual_data,burn your bridges,queime suas pontes,gemmaX,sem_prompt,gpt,prompt2,queimou suas pontes,0.8997
46,manual_data,burn your bridges,queime suas pontes,gemmaX,sem_prompt,gpt,prompt4,queimar as pontes,0.8912
46,manual_data,burn your bridges,queime suas pontes,gemmaX,sem_prompt,gemini,prompt2,Queime as pontes.,0.8904
46,manual_data,burn your bridges,queime suas pontes,gemmaX,sem_prompt,gemini,prompt4,Queimar os navios.,0.8571
46,manual_data,burn your bridges,queime suas pontes,gemmaX,sem_prompt,gemma3,prompt2,Queimar as pontes.,0.8889
46,manual_data,burn your bridges,queime suas pontes,gemmaX,sem_prompt,gemma3,prompt4,Queimar as pontes.,0.8889
347,manual_data,an old flame,uma antiga paixão,gemmaX,sem_prompt,gpt,prompt2,um antigo amor,0.9592
347,manual_data,an old flame,uma antiga paixão,gemmaX,sem_prompt,gpt,prompt4,um amor do passado,0.8961
347,manual_data,an old flame,uma antiga paixão,gemmaX,sem_prompt,gemini,prompt2,Um antigo amor.,0.9127
347,manual_data,an old flame,uma antiga paixão,gemmaX,sem_prompt,gemini,prompt4,Chama do passado.,0.8448
347,manual_data,an old flame,uma antiga paixão,gemmaX,sem_prompt,gemma3,prompt2,Um amor do passado,0.8772
347,manual_data,an old flame,uma antiga paixão,gemmaX,sem_prompt,gemma3,prompt4,Uma paixão antiga.,0.9418
23,manual_data,He went to a birthday party last night.,"Ele foi a uma festa de aniversário ontem à noite.
",gemini,prompt2,gpt,prompt2,Ele foi a uma festa de aniversário ontem à noite.,0.9539
23,manual_data,He went to a birthday party last night.,"Ele foi a uma festa de aniversário ontem à noite.
",gemini,prompt2,gpt,prompt4,Ele foi a uma festa de aniversário ontem à noite.,0.9539
23,manual_data,He went to a birthday party last night.,"Ele foi a uma festa de aniversário ontem à noite.
",gemini,prompt2,gemini,prompt4,Ele foi à festa de aniversário ontem à noite.,0.9604
23,manual_data,He went to a birthday party last night.,"Ele foi a uma festa de aniversário ontem à noite.
",gemini,prompt2,gemma3,prompt2,Ele foi a uma festa de aniversário ontem à noite.,0.9539
23,manual_data,He went to a birthday party last night.,"Ele foi a uma festa de aniversário ontem à noite.
",gemini,prompt2,gemma3,prompt4,Ele se lançou à noite de celebração ontem.,0.9425
23,manual_data,He went to a birthday party last night.,"Ele foi a uma festa de aniversário ontem à noite.
",gemini,prompt2,gemmaX,sem_prompt,Ele foi a uma festa de aniversário ontem à noite.,0.9539
460,manual_data,They went on a road trip last summer.,Eles fizeram uma viagem de carro no verão passado.,gpt,prompt2,gpt,prompt4,Eles pegaram a estrada no verão passado.,0.9745
460,manual_data,They went on a road trip last summer.,Eles fizeram uma viagem de carro no verão passado.,gpt,prompt2,gemini,prompt2,Eles fizeram uma viagem de carro no verão passado.,0.95
460,manual_data,They went on a road trip last summer.,Eles fizeram uma viagem de carro no verão passado.,gpt,prompt2,gemini,prompt4,"No verão passado, pegaram a estrada.",0.9465
460,manual_data,They went on a road trip last summer.,Eles fizeram uma viagem de carro no verão passado.,gpt,prompt2,gemma3,prompt2,Eles fizeram uma viagem de carro no verão passado.,0.95
460,manual_data,They went on a road trip last summer.,Eles fizeram uma viagem de carro no verão passado.,gpt,prompt2,gemma3,prompt4,Eles partiram em uma jornada sem rumo naquele verão.,0.9176
460,manual_data,They went on a road trip last summer.,Eles fizeram uma viagem de carro no verão passado.,gpt,prompt2,gemmaX,sem_prompt,Eles fizeram uma viagem de carro no verão passado.,0.95
125,manual_data,blessing in disguise,Uma bênção disfarçada.,gemma3,prompt2,gpt,prompt2,benção disfarçada,0.9562
125,manual_data,blessing in disguise,Uma bênção disfarçada.,gemma3,prompt2,gpt,prompt4,benção disfarçada,0.9562
125,manual_data,blessing in disguise,Uma bênção disfarçada.,gemma3,prompt2,gemini,prompt2,Mal que vem para o bem.,0.8576
125,manual_data,blessing in disguise,Uma bênção disfarçada.,gemma3,prompt2,gemini,prompt4,Um mal que veio para o bem.,0.8899
125,manual_data,blessing in disguise,Uma bênção disfarçada.,gemma3,prompt2,gemma3,prompt4,Uma bênção disfarçada.,0.95
125,manual_data,blessing in disguise,Uma bênção disfarçada.,gemma3,prompt2,gemmaX,sem_prompt,benção disfarçada,0.9562
27,manual_data,change of heart,"Mudança de coração
",gemini,prompt2,gpt,prompt2,mudança de coração,0.8877
27,manual_data,change of heart,"Mudança de coração
",gemini,prompt2,gpt,prompt4,mudança de coração,0.8877
27,manual_data,change of heart,"Mudança de coração
",gemini,prompt2,gemini,prompt4,Mudar de ideia.,0.8807
27,manual_data,change of heart,"Mudança de coração
",gemini,prompt2,gemma3,prompt2,Mudança de opinião,0.9629
27,manual_data,change of heart,"Mudança de coração
",gemini,prompt2,gemma3,prompt4,Mudar de ideia.,0.8807
27,manual_data,change of heart,"Mudança de coração
",gemini,prompt2,gemmaX,sem_prompt,mudança de coração,0.8877
241,manual_data,don’t cry over spilled milk,Não chore por leite derramado.,gemma3,prompt2,gpt,prompt2,Não adianta chorar sobre o leite derramado.,0.9478
241,manual_data,don’t cry over spilled milk,Não chore por leite derramado.,gemma3,prompt2,gpt,prompt4,Não adianta chorar sobre o leite derramado.,0.9478
241,manual_data,don’t cry over spilled milk,Não chore por leite derramado.,gemma3,prompt2,gemini,prompt2,Não chore sobre o leite derramado.,0.9415
241,manual_data,don’t cry over spilled milk,Não chore por leite derramado.,gemma3,prompt2,gemini,prompt4,Não chores sobre o leite derramado.,0.9363
241,manual_data,don’t cry over spilled milk,Não chore por leite derramado.,gemma3,prompt2,gemma3,prompt4,Não chore por leite derramado.,0.95
241,manual_data,don’t cry over spilled milk,Não chore por leite derramado.,gemma3,prompt2,gemmaX,sem_prompt,Não chore pelo leite derramado,0.9197
469,manual_data,She is doing her hair in front of the mirror.,Ela está fazendo o cabelo na frente do espelho.,gemmaX,sem_prompt,gpt,prompt2,Ela está arrumando o cabelo em frente ao espelho.,0.9309
469,manual_data,She is doing her hair in front of the mirror.,Ela está fazendo o cabelo na frente do espelho.,gemmaX,sem_prompt,gpt,prompt4,Ela está arrumando o cabelo diante do espelho.,0.9464
469,manual_data,She is doing her hair in front of the mirror.,Ela está fazendo o cabelo na frente do espelho.,gemmaX,sem_prompt,gemini,prompt2,Ela está arrumando o cabelo em frente ao espelho.,0.9309
469,manual_data,She is doing her hair in front of the mirror.,Ela está fazendo o cabelo na frente do espelho.,gemmaX,sem_prompt,gemini,prompt4,Ela está a pentear os pensamentos diante do espelho.,0.9358
469,manual_data,She is doing her hair in front of the mirror.,Ela está fazendo o cabelo na frente do espelho.,gemmaX,sem_prompt,gemma3,prompt2,Ela está fazendo o cabelo em frente ao espelho.,0.95
469,manual_data,She is doing her hair in front of the mirror.,Ela está fazendo o cabelo na frente do espelho.,gemmaX,sem_prompt,gemma3,prompt4,Ela se ajeita diante do espelho.,0.901
685,manual_data,have a heart of stone,"Ter um coração de pedra.
",gemma3,prompt2,gpt,prompt2,ter um coração de pedra,0.9334
685,manual_data,have a heart of stone,"Ter um coração de pedra.
",gemma3,prompt2,gpt,prompt4,ter coração de pedra,0.9353
685,manual_data,have a heart of stone,"Ter um coração de pedra.
",gemma3,prompt2,gemini,prompt2,Ter um coração de pedra.,0.9577
685,manual_data,have a heart of stone,"Ter um coração de pedra.
",gemma3,prompt2,gemini,prompt4,Ter um coração de pedra.,0.9577
685,manual_data,have a heart of stone,"Ter um coração de pedra.
",gemma3,prompt2,gemma3,prompt4,Ter um coração de pedra.,0.9577
685,manual_data,have a heart of stone,"Ter um coração de pedra.
",gemma3,prompt2,gemmaX,sem_prompt,ter um coração de pedra,0.9334
715,manual_data,bird's eye view,visão de pássaro,gpt,prompt2,gpt,prompt4,Visão de conjunto.,0.8754
715,manual_data,bird's eye view,visão de pássaro,gpt,prompt2,gemini,prompt2,Vista panorâmica,0.8232
715,manual_data,bird's eye view,visão de pássaro,gpt,prompt2,gemini,prompt4,Visão panorâmica,0.841
715,manual_data,bird's eye view,visão de pássaro,gpt,prompt2,gemma3,prompt2,Vista aérea,0.8262
715,manual_data,bird's eye view,visão de pássaro,gpt,prompt2,gemma3,prompt4,Visão do alto.,0.8706
715,manual_data,bird's eye view,visão de pássaro,gpt,prompt2,gemmaX,sem_prompt,visão panorâmica,0.8613
662,manual_data,carved in stone,"Esculpido em pedra
",gemini,prompt2,gpt,prompt2,esculpido em pedra,0.96
662,manual_data,carved in stone,"Esculpido em pedra
",gemini,prompt2,gpt,prompt4,gravado em pedra,0.9523
662,manual_data,carved in stone,"Esculpido em pedra
",gemini,prompt2,gemini,prompt4,Escrito em pedra.,0.8659
662,manual_data,carved in stone,"Esculpido em pedra
",gemini,prompt2,gemma3,prompt2,Esculpido em pedra,0.9602
662,manual_data,carved in stone,"Esculpido em pedra
",gemini,prompt2,gemma3,prompt4,Esculpido em pedra.,0.9091
662,manual_data,carved in stone,"Esculpido em pedra
",gemini,prompt2,gemmaX,sem_prompt,esculpida na pedra,0.9288
148,manual_data,don't put all your eggs in one basket,"Não coloque todos os ovos na mesma cesta.
",gemini,prompt2,gpt,prompt2,Não coloque todos os ovos em uma só cesta.,0.9487
148,manual_data,don't put all your eggs in one basket,"Não coloque todos os ovos na mesma cesta.
",gemini,prompt2,gpt,prompt4,Não coloque todos os seus ovos em uma única cesta.,0.967
148,manual_data,don't put all your eggs in one basket,"Não coloque todos os ovos na mesma cesta.
",gemini,prompt2,gemini,prompt4,Não coloque todos os ovos na mesma cesta.,0.9546
148,manual_data,don't put all your eggs in one basket,"Não coloque todos os ovos na mesma cesta.
",gemini,prompt2,gemma3,prompt2,Não coloque todos os seus ovos em uma única cesta.,0.967
148,manual_data,don't put all your eggs in one basket,"Não coloque todos os ovos na mesma cesta.
",gemini,prompt2,gemma3,prompt4,Não coloque todos os seus ovos na mesma cesta.,0.9568
148,manual_data,don't put all your eggs in one basket,"Não coloque todos os ovos na mesma cesta.
",gemini,prompt2,gemmaX,sem_prompt,Não ponha todos os seus ovos num só cesto,0.9227
604,manual_data,She went to the dentist for a check-up.,Ela foi ao dentista para um check-up.,gpt,prompt2,gpt,prompt4,Ela foi ao dentista para uma consulta.,0.9732
604,manual_data,She went to the dentist for a check-up.,Ela foi ao dentista para um check-up.,gpt,prompt2,gemini,prompt2,Ela foi ao dentista para uma revisão.,0.9614
604,manual_data,She went to the dentist for a check-up.,Ela foi ao dentista para um check-up.,gpt,prompt2,gemini,prompt4,Ela foi ao dentista dar um trato nos dentes.,0.9501
604,manual_data,She went to the dentist for a check-up.,Ela foi ao dentista para um check-up.,gpt,prompt2,gemma3,prompt2,Ela foi ao dentista para um check-up.,0.95
604,manual_data,She went to the dentist for a check-up.,Ela foi ao dentista para um check-up.,gpt,prompt2,gemma3,prompt4,Ela foi ao dentista dar uma olhada na boca.,0.947
604,manual_data,She went to the dentist for a check-up.,Ela foi ao dentista para um check-up.,gpt,prompt2,gemmaX,sem_prompt,Ela foi ao dentista para fazer um check-up.,0.9614
336,manual_data,He is going to the post office.,Ele está indo para a agência dos correios.,gemmaX,sem_prompt,gpt,prompt2,Ele está indo ao correio.,0.9771
336,manual_data,He is going to the post office.,Ele está indo para a agência dos correios.,gemmaX,sem_prompt,gpt,prompt4,Ele está indo ao correio.,0.9771
336,manual_data,He is going to the post office.,Ele está indo para a agência dos correios.,gemmaX,sem_prompt,gemini,prompt2,Ele vai aos correios.,0.9539
336,manual_data,He is going to the post office.,Ele está indo para a agência dos correios.,gemmaX,sem_prompt,gemini,prompt4,Ele vai ao correio.,0.9443
336,manual_data,He is going to the post office.,Ele está indo para a agência dos correios.,gemmaX,sem_prompt,gemma3,prompt2,Ele vai para o correio.,0.9041
336,manual_data,He is going to the post office.,Ele está indo para a agência dos correios.,gemmaX,sem_prompt,gemma3,prompt4,Ele vai levar os anseios à agência.,0.9323
179,manual_data,He is taking photos with his camera.,"Ele está tirando fotos com sua câmera.
",gemini,prompt2,gpt,prompt2,Ele está tirando fotos com sua câmera.,0.9549
179,manual_data,He is taking photos with his camera.,"Ele está tirando fotos com sua câmera.
",gemini,prompt2,gpt,prompt4,Ele está capturando momentos com sua câmera.,0.9641
179,manual_data,He is taking photos with his camera.,"Ele está tirando fotos com sua câmera.
",gemini,prompt2,gemini,prompt4,Ele está aprisionando momentos.,0.9115
179,manual_data,He is taking photos with his camera.,"Ele está tirando fotos com sua câmera.
",gemini,prompt2,gemma3,prompt2,Ele está tirando fotos com a câmera dele.,0.9452
179,manual_data,He is taking photos with his camera.,"Ele está tirando fotos com sua câmera.
",gemini,prompt2,gemma3,prompt4,Ele está eternizando momentos com sua câmera.,0.9372
179,manual_data,He is taking photos with his camera.,"Ele está tirando fotos com sua câmera.
",gemini,prompt2,gemmaX,sem_prompt,Ele está tirando fotos com sua câmera.,0.9549
114,manual_data,He enjoyed a cup of coffee in the morning.,Ele apreciou uma xícara de café pela manhã.,gemma3,prompt2,gpt,prompt2,Ele desfrutou de uma xícara de café pela manhã.,0.9669
114,manual_data,He enjoyed a cup of coffee in the morning.,Ele apreciou uma xícara de café pela manhã.,gemma3,prompt2,gpt,prompt4,Ele saboreou uma xícara de café pela manhã.,0.9503
114,manual_data,He enjoyed a cup of coffee in the morning.,Ele apreciou uma xícara de café pela manhã.,gemma3,prompt2,gemini,prompt2,Ele apreciou uma xícara de café pela manhã.,0.95
114,manual_data,He enjoyed a cup of coffee in the morning.,Ele apreciou uma xícara de café pela manhã.,gemma3,prompt2,gemini,prompt4,Ele tomou um gole de sol pela manhã.,0.9229
114,manual_data,He enjoyed a cup of coffee in the morning.,Ele apreciou uma xícara de café pela manhã.,gemma3,prompt2,gemma3,prompt4,Ele saboreou o despertar em xícaras de café.,0.9462
114,manual_data,He enjoyed a cup of coffee in the morning.,Ele apreciou uma xícara de café pela manhã.,gemma3,prompt2,gemmaX,sem_prompt,Ele gostava de uma xícara de café de manhã.,0.9759
675,manual_data,They are walking through the city streets.,"Eles estão caminhando pelas ruas da cidade.
",gemini,prompt2,gpt,prompt2,Eles estão caminhando pelas ruas da cidade.,0.9544
675,manual_data,They are walking through the city streets.,"Eles estão caminhando pelas ruas da cidade.
",gemini,prompt2,gpt,prompt4,Eles estão vagando pelas ruas da cidade.,0.9414
675,manual_data,They are walking through the city streets.,"Eles estão caminhando pelas ruas da cidade.
",gemini,prompt2,gemini,prompt4,Eles passeiam pelas veias da cidade.,0.9462
675,manual_data,They are walking through the city streets.,"Eles estão caminhando pelas ruas da cidade.
",gemini,prompt2,gemma3,prompt2,Eles estão andando pelas ruas da cidade.,0.9309
675,manual_data,They are walking through the city streets.,"Eles estão caminhando pelas ruas da cidade.
",gemini,prompt2,gemma3,prompt4,Eles desbravam as artérias da cidade.,0.91
675,manual_data,They are walking through the city streets.,"Eles estão caminhando pelas ruas da cidade.
",gemini,prompt2,gemmaX,sem_prompt,Estão a caminhar pelas ruas da cidade.,0.9445
83,manual_data,a slap on the wrist,uma palmada no pulso,gpt,prompt2,gpt,prompt4,uma palmada no pulso,0.95
83,manual_data,a slap on the wrist,uma palmada no pulso,gpt,prompt2,gemini,prompt2,Uma bronca leve,0.7743
83,manual_data,a slap on the wrist,uma palmada no pulso,gpt,prompt2,gemini,prompt4,Uma palmada na mão.,0.9239
83,manual_data,a slap on the wrist,uma palmada no pulso,gpt,prompt2,gemma3,prompt2,Uma advertência branda.,0.8698
83,manual_data,a slap on the wrist,uma palmada no pulso,gpt,prompt2,gemma3,prompt4,Um tapa na mão.,0.8807
83,manual_data,a slap on the wrist,uma palmada no pulso,gpt,prompt2,gemmaX,sem_prompt,uma reprimenda,0.8623
711,manual_data,darkest before dawn,"A noite mais escura antes do amanhecer.
",gemma3,prompt2,gpt,prompt2,é sempre mais escuro antes do amanhecer,0.9264
711,manual_data,darkest before dawn,"A noite mais escura antes do amanhecer.
",gemma3,prompt2,gpt,prompt4,É sempre mais escuro antes do amanhecer.,0.9347
711,manual_data,darkest before dawn,"A noite mais escura antes do amanhecer.
",gemma3,prompt2,gemini,prompt2,A noite mais escura precede a alvorada.,0.9245
711,manual_data,darkest before dawn,"A noite mais escura antes do amanhecer.
",gemma3,prompt2,gemini,prompt4,A noite mais escura precede o amanhecer.,0.9464
711,manual_data,darkest before dawn,"A noite mais escura antes do amanhecer.
",gemma3,prompt2,gemma3,prompt4,A noite mais escura antes do amanhecer.,0.9548
711,manual_data,darkest before dawn,"A noite mais escura antes do amanhecer.
",gemma3,prompt2,gemmaX,sem_prompt,mais escuro antes do amanhecer,0.954
286,manual_data,clear as mud,claro como lama,gpt,prompt2,gpt,prompt4,claro como lama,0.95
286,manual_data,clear as mud,claro como lama,gpt,prompt2,gemini,prompt2,Mais confuso que lama.,0.8595
286,manual_data,clear as mud,claro como lama,gpt,prompt2,gemini,prompt4,Mais claro que água suja.,0.8332
286,manual_data,clear as mud,claro como lama,gpt,prompt2,gemma3,prompt2,Tão claro quanto lodo.,0.8412
286,manual_data,clear as mud,claro como lama,gpt,prompt2,gemma3,prompt4,Entregar a pá de mão.,0.7893
286,manual_data,clear as mud,claro como lama,gpt,prompt2,gemmaX,sem_prompt,claro como lama,0.95
323,manual_data,He is drawing in his sketchbook.,"Ele está desenhando em seu caderno de esboços.
",gemma3,prompt2,gpt,prompt2,Ele está desenhando em seu caderno de esboços.,0.9541
323,manual_data,He is drawing in his sketchbook.,"Ele está desenhando em seu caderno de esboços.
",gemma3,prompt2,gpt,prompt4,Ele está desenhando em seu caderno de ideias.,0.9641
323,manual_data,He is drawing in his sketchbook.,"Ele está desenhando em seu caderno de esboços.
",gemma3,prompt2,gemini,prompt2,Ele está desenhando em seu caderno de esboços.,0.9541
323,manual_data,He is drawing in his sketchbook.,"Ele está desenhando em seu caderno de esboços.
",gemma3,prompt2,gemini,prompt4,Ele está garatujando no seu caderninho.,0.9249
323,manual_data,He is drawing in his sketchbook.,"Ele está desenhando em seu caderno de esboços.
",gemma3,prompt2,gemma3,prompt4,Ele está a traçar o mundo em seu caderno.,0.9532
323,manual_data,He is drawing in his sketchbook.,"Ele está desenhando em seu caderno de esboços.
",gemma3,prompt2,gemmaX,sem_prompt,Ele está desenhando em seu caderno de esboços.,0.9541
3,manual_data,They are riding bicycles in the neighborhood.,"Eles estão andando de bicicleta no bairro.
",gemini,prompt2,gpt,prompt2,Eles estão andando de bicicletas na vizinhança.,0.9423
3,manual_data,They are riding bicycles in the neighborhood.,"Eles estão andando de bicicleta no bairro.
",gemini,prompt2,gpt,prompt4,Eles estão passeando de bicicleta pelo bairro.,0.9488
3,manual_data,They are riding bicycles in the neighborhood.,"Eles estão andando de bicicleta no bairro.
",gemini,prompt2,gemini,prompt4,Estão pedalando pela vizinhança.,0.8974
3,manual_data,They are riding bicycles in the neighborhood.,"Eles estão andando de bicicleta no bairro.
",gemini,prompt2,gemma3,prompt2,Eles estão andando de bicicleta no bairro.,0.9545
3,manual_data,They are riding bicycles in the neighborhood.,"Eles estão andando de bicicleta no bairro.
",gemini,prompt2,gemma3,prompt4,Eles deslizam sobre duas rodas pela vizinhança.,0.8843
3,manual_data,They are riding bicycles in the neighborhood.,"Eles estão andando de bicicleta no bairro.
",gemini,prompt2,gemmaX,sem_prompt,Eles estão andando de bicicleta pelo bairro.,0.9566
348,manual_data,They are reading a novel by the fireplace.,Estão a ler um romance junto da lareira.,gemmaX,sem_prompt,gpt,prompt2,Eles estão lendo um romance junto à lareira.,0.9439
348,manual_data,They are reading a novel by the fireplace.,Estão a ler um romance junto da lareira.,gemmaX,sem_prompt,gpt,prompt4,Eles estão lendo um romance à luz da lareira.,0.9518
348,manual_data,They are reading a novel by the fireplace.,Estão a ler um romance junto da lareira.,gemmaX,sem_prompt,gemini,prompt2,Eles estão lendo um romance perto da lareira.,0.9546
348,manual_data,They are reading a novel by the fireplace.,Estão a ler um romance junto da lareira.,gemmaX,sem_prompt,gemini,prompt4,Eles estão devorando um romance à lareira.,0.942
348,manual_data,They are reading a novel by the fireplace.,Estão a ler um romance junto da lareira.,gemmaX,sem_prompt,gemma3,prompt2,Eles estão lendo um romance junto à lareira.,0.9439
348,manual_data,They are reading a novel by the fireplace.,Estão a ler um romance junto da lareira.,gemmaX,sem_prompt,gemma3,prompt4,"Absorvidos nas páginas, aquecidos pelo abraço da lareira.",0.8921
189,manual_data,He went to the doctor for a check-up.,"Ele foi ao médico para um check-up.
",gemini,prompt2,gpt,prompt2,Ele foi ao médico para um exame de rotina.,0.9621
189,manual_data,He went to the doctor for a check-up.,"Ele foi ao médico para um check-up.
",gemini,prompt2,gpt,prompt4,Ele foi ao médico para uma consulta.,0.9753
189,manual_data,He went to the doctor for a check-up.,"Ele foi ao médico para um check-up.
",gemini,prompt2,gemini,prompt4,Ele foi ao médico para uma revisão geral.,0.9629
189,manual_data,He went to the doctor for a check-up.,"Ele foi ao médico para um check-up.
",gemini,prompt2,gemma3,prompt2,Ele foi ao médico para um check-up.,0.9554
189,manual_data,He went to the doctor for a check-up.,"Ele foi ao médico para um check-up.
",gemini,prompt2,gemma3,prompt4,Foi dar um trato no corpo.,0.9223
189,manual_data,He went to the doctor for a check-up.,"Ele foi ao médico para um check-up.
",gemini,prompt2,gemmaX,sem_prompt,Ele foi ao médico para fazer um check-up.,0.9632
191,manual_data,blessing in disguise,"Uma bênção disfarçada.
",gemma3,prompt2,gpt,prompt2,bênção disfarçada,0.9437
191,manual_data,blessing in disguise,"Uma bênção disfarçada.
",gemma3,prompt2,gpt,prompt4,Uma benção disfarçada.,0.9455
191,manual_data,blessing in disguise,"Uma bênção disfarçada.
",gemma3,prompt2,gemini,prompt2,Benção disfarçada,0.9685
191,manual_data,blessing in disguise,"Uma bênção disfarçada.
",gemma3,prompt2,gemini,prompt4,Um mal que veio para o bem.,0.8899
191,manual_data,blessing in disguise,"Uma bênção disfarçada.
",gemma3,prompt2,gemma3,prompt4,Uma bênção disfarçada.,0.9584
191,manual_data,blessing in disguise,"Uma bênção disfarçada.
",gemma3,prompt2,gemmaX,sem_prompt,benção disfarçada,0.9623
540,manual_data,banging your head against a brick wall,bater a cabeça contra uma parede de tijolos,gemmaX,sem_prompt,gpt,prompt2,bater a cabeça na parede,0.976
540,manual_data,banging your head against a brick wall,bater a cabeça contra uma parede de tijolos,gemmaX,sem_prompt,gpt,prompt4,bater cabeça na parede,0.9553
540,manual_data,banging your head against a brick wall,bater a cabeça contra uma parede de tijolos,gemmaX,sem_prompt,gemini,prompt2,Bater a cabeça contra a parede.,0.9495
540,manual_data,banging your head against a brick wall,bater a cabeça contra uma parede de tijolos,gemmaX,sem_prompt,gemini,prompt4,Bater com a cabeça em ponto morto.,0.9086
540,manual_data,banging your head against a brick wall,bater a cabeça contra uma parede de tijolos,gemmaX,sem_prompt,gemma3,prompt2,Bater a cabeça na parede.,0.9403
540,manual_data,banging your head against a brick wall,bater a cabeça contra uma parede de tijolos,gemmaX,sem_prompt,gemma3,prompt4,Bater a cabeça na parede.,0.9403
357,manual_data,cool as a cucumber,"Calmo como um pepino.
",gemini,prompt2,gpt,prompt2,tranquilo como um pepino,0.9444
357,manual_data,cool as a cucumber,"Calmo como um pepino.
",gemini,prompt2,gpt,prompt4,calmo como um lago,0.9473
357,manual_data,cool as a cucumber,"Calmo como um pepino.
",gemini,prompt2,gemini,prompt4,Calmo como um pepino.,0.9588
357,manual_data,cool as a cucumber,"Calmo como um pepino.
",gemini,prompt2,gemma3,prompt2,Calmo como uma pepino.,0.9422
357,manual_data,cool as a cucumber,"Calmo como um pepino.
",gemini,prompt2,gemma3,prompt4,Tranquilo como um pepino.,0.9453
357,manual_data,cool as a cucumber,"Calmo como um pepino.
",gemini,prompt2,gemmaX,sem_prompt,frio como um pepino,0.9272
64,manual_data,cool as a cucumber,"Calmo como um pepino.
",gemini,prompt2,gpt,prompt2,tranquilo como um pepino,0.9444
64,manual_data,cool as a cucumber,"Calmo como um pepino.
",gemini,prompt2,gpt,prompt4,tranquilo como um pepino,0.9444
64,manual_data,cool as a cucumber,"Calmo como um pepino.
",gemini,prompt2,gemini,prompt4,Calmo como um pepino.,0.9588
64,manual_data,cool as a cucumber,"Calmo como um pepino.
",gemini,prompt2,gemma3,prompt2,Calmo como uma pepino.,0.9422
64,manual_data,cool as a cucumber,"Calmo como um pepino.
",gemini,prompt2,gemma3,prompt4,Frio como gelo.,0.9039
64,manual_data,cool as a cucumber,"Calmo como um pepino.
",gemini,prompt2,gemmaX,sem_prompt,frio como um pepino,0.9272
339,manual_data,She is playing piano in the evening.,"Ela está tocando piano à noite.
",gemini,prompt2,gpt,prompt2,Ela está tocando piano à noite.,0.956
339,manual_data,She is playing piano in the evening.,"Ela está tocando piano à noite.
",gemini,prompt2,gpt,prompt4,Ela está dedilhando piano à luz da lua.,0.9076
339,manual_data,She is playing piano in the evening.,"Ela está tocando piano à noite.
",gemini,prompt2,gemini,prompt4,Ela despeja a noite no piano.,0.9469
339,manual_data,She is playing piano in the evening.,"Ela está tocando piano à noite.
",gemini,prompt2,gemma3,prompt2,Ela está tocando piano à noite.,0.956
339,manual_data,She is playing piano in the evening.,"Ela está tocando piano à noite.
",gemini,prompt2,gemma3,prompt4,Ela tece melodias ao cair da noite.,0.9027
339,manual_data,She is playing piano in the evening.,"Ela está tocando piano à noite.
",gemini,prompt2,gemmaX,sem_prompt,Ela está tocando piano à noite.,0.956
102,manual_data,feast your eyes,"Delicie seus olhos
",gemini,prompt2,gpt,prompt2,Delicie os olhos.,0.8831
102,manual_data,feast your eyes,"Delicie seus olhos
",gemini,prompt2,gpt,prompt4,Delicie-se com a visão.,0.8434
102,manual_data,feast your eyes,"Delicie seus olhos
",gemini,prompt2,gemini,prompt4,Aproveite o banquete visual!,0.8038
102,manual_data,feast your eyes,"Delicie seus olhos
",gemini,prompt2,gemma3,prompt2,Contemplem com os olhos.,0.8503
102,manual_data,feast your eyes,"Delicie seus olhos
",gemini,prompt2,gemma3,prompt4,Banqueteie os olhos.,0.8699
102,manual_data,feast your eyes,"Delicie seus olhos
",gemini,prompt2,gemmaX,sem_prompt,Deleite os seus olhos,0.8763
590,manual_data,carry a torch,carregar uma tocha,gpt,prompt2,gpt,prompt4,manter a chama acesa,0.8778
590,manual_data,carry a torch,carregar uma tocha,gpt,prompt2,gemini,prompt2,Manter acesa a chama,0.8511
590,manual_data,carry a torch,carregar uma tocha,gpt,prompt2,gemini,prompt4,Guardar a chama.,0.8731
590,manual_data,carry a torch,carregar uma tocha,gpt,prompt2,gemma3,prompt2,Guardar uma chama.,0.9084
590,manual_data,carry a torch,carregar uma tocha,gpt,prompt2,gemma3,prompt4,Guardar no coração.,0.8757
590,manual_data,carry a torch,carregar uma tocha,gpt,prompt2,gemmaX,sem_prompt,carregar uma tocha,0.95
624,manual_data,down to earth,"Pé no chão
",gemini,prompt2,gpt,prompt2,pé no chão,0.9747
624,manual_data,down to earth,"Pé no chão
",gemini,prompt2,gpt,prompt4,pé no chão,0.9747
624,manual_data,down to earth,"Pé no chão
",gemini,prompt2,gemini,prompt4,Com os pés no chão.,0.9004
624,manual_data,down to earth,"Pé no chão
",gemini,prompt2,gemma3,prompt2,Pé no chão.,0.9034
624,manual_data,down to earth,"Pé no chão
",gemini,prompt2,gemma3,prompt4,Com os pés no chão.,0.9004
624,manual_data,down to earth,"Pé no chão
",gemini,prompt2,gemmaX,sem_prompt,down to earth,0.8274
267,manual_data,down to earth,"Pé no chão
",gemini,prompt2,gpt,prompt2,pé no chão,0.9747
267,manual_data,down to earth,"Pé no chão
",gemini,prompt2,gpt,prompt4,pé no chão,0.9747
267,manual_data,down to earth,"Pé no chão
",gemini,prompt2,gemini,prompt4,Pé no chão.,0.9034
267,manual_data,down to earth,"Pé no chão
",gemini,prompt2,gemma3,prompt2,Pé no chão,0.9675
267,manual_data,down to earth,"Pé no chão
",gemini,prompt2,gemma3,prompt4,Com os pés no chão.,0.9004
267,manual_data,down to earth,"Pé no chão
",gemini,prompt2,gemmaX,sem_prompt,down to earth,0.8274
109,manual_data,He went for a jog in the morning.,"Ele foi correr de manhã.
",gemini,prompt2,gpt,prompt2,Ele foi correr de manhã.,0.9577
109,manual_data,He went for a jog in the morning.,"Ele foi correr de manhã.
",gemini,prompt2,gpt,prompt4,Ele saiu para uma corrida pela manhã.,0.9366
109,manual_data,He went for a jog in the morning.,"Ele foi correr de manhã.
",gemini,prompt2,gemini,prompt4,Ele foi dar uma corridinha pela manhã.,0.9308
109,manual_data,He went for a jog in the morning.,"Ele foi correr de manhã.
",gemini,prompt2,gemma3,prompt2,Ele foi correr de manhã.,0.9577
109,manual_data,He went for a jog in the morning.,"Ele foi correr de manhã.
",gemini,prompt2,gemma3,prompt4,Ele deu um mergulho na manhã.,0.9128
109,manual_data,He went for a jog in the morning.,"Ele foi correr de manhã.
",gemini,prompt2,gemmaX,sem_prompt,Ele foi correr de manhã.,0.9577
638,manual_data,against the clock,contra o relógio,gemmaX,sem_prompt,gpt,prompt2,contra o tempo,0.9076
638,manual_data,against the clock,contra o relógio,gemmaX,sem_prompt,gpt,prompt4,contra o tempo,0.9076
638,manual_data,against the clock,contra o relógio,gemmaX,sem_prompt,gemini,prompt2,Contra o tempo,0.8618
638,manual_data,against the clock,contra o relógio,gemmaX,sem_prompt,gemini,prompt4,Contra o relógio.,0.8942
638,manual_data,against the clock,contra o relógio,gemmaX,sem_prompt,gemma3,prompt2,Contra o tempo,0.8618
638,manual_data,against the clock,contra o relógio,gemmaX,sem_prompt,gemma3,prompt4,Na corda bamba do tempo.,0.7822
467,manual_data,a tower of strength,uma torre de força,gemmaX,sem_prompt,gpt,prompt2,uma torre de força,0.95
467,manual_data,a tower of strength,uma torre de força,gemmaX,sem_prompt,gpt,prompt4,pilar de força,0.9696
467,manual_data,a tower of strength,uma torre de força,gemmaX,sem_prompt,gemini,prompt2,Uma torre de força,0.9261
467,manual_data,a tower of strength,uma torre de força,gemmaX,sem_prompt,gemini,prompt4,Uma torre de sustentação.,0.9159
467,manual_data,a tower of strength,uma torre de força,gemmaX,sem_prompt,gemma3,prompt2,Uma torre de força,0.9261
467,manual_data,a tower of strength,uma torre de força,gemmaX,sem_prompt,gemma3,prompt4,Pilastra de firmeza.,0.8229
251,manual_data,as free as a bird,Livre como um pássaro,gemmaX,sem_prompt,gpt,prompt2,livre como um pássaro,0.9368
251,manual_data,as free as a bird,Livre como um pássaro,gemmaX,sem_prompt,gpt,prompt4,livre como um pássaro,0.9368
251,manual_data,as free as a bird,Livre como um pássaro,gemmaX,sem_prompt,gemini,prompt2,Livre como um pássaro.,0.9146
251,manual_data,as free as a bird,Livre como um pássaro,gemmaX,sem_prompt,gemini,prompt4,Livre como um pássaro.,0.9146
251,manual_data,as free as a bird,Livre como um pássaro,gemmaX,sem_prompt,gemma3,prompt2,Livre como um pássaro.,0.9146
251,manual_data,as free as a bird,Livre como um pássaro,gemmaX,sem_prompt,gemma3,prompt4,Livre como o vento.,0.8985
186,manual_data,bury your head in the sand,enterre sua cabeça na areia,gemmaX,sem_prompt,gpt,prompt2,enterrar a cabeça na areia,0.9177
186,manual_data,bury your head in the sand,enterre sua cabeça na areia,gemmaX,sem_prompt,gpt,prompt4,enterrar a cabeça na areia,0.9177
186,manual_data,bury your head in the sand,enterre sua cabeça na areia,gemmaX,sem_prompt,gemini,prompt2,Enterrar a cabeça na areia.,0.9216
186,manual_data,bury your head in the sand,enterre sua cabeça na areia,gemmaX,sem_prompt,gemini,prompt4,Enfiar a cabeça na areia.,0.905
186,manual_data,bury your head in the sand,enterre sua cabeça na areia,gemmaX,sem_prompt,gemma3,prompt2,Enche o sandeiro com a cabeça.,0.8784
186,manual_data,bury your head in the sand,enterre sua cabeça na areia,gemmaX,sem_prompt,gemma3,prompt4,Virar a cara para o problema.,0.8533
615,manual_data,black mark,marca negra,gpt,prompt2,gpt,prompt4,marca negra,0.95
615,manual_data,black mark,marca negra,gpt,prompt2,gemini,prompt2,Mancha negra,0.8342
615,manual_data,black mark,marca negra,gpt,prompt2,gemini,prompt4,Mancha negra.,0.7996
615,manual_data,black mark,marca negra,gpt,prompt2,gemma3,prompt2,Mácula,0.8572
615,manual_data,black mark,marca negra,gpt,prompt2,gemma3,prompt4,Mancha negra.,0.7996
615,manual_data,black mark,marca negra,gpt,prompt2,gemmaX,sem_prompt,marca preta,0.8804
443,manual_data,all in a day's work,"Tudo em um dia de trabalho.
",gemini,prompt2,gpt,prompt2,tudo em um dia de trabalho,0.9473
443,manual_data,all in a day's work,"Tudo em um dia de trabalho.
",gemini,prompt2,gpt,prompt4,Tudo em um dia de trabalho.,0.9569
443,manual_data,all in a day's work,"Tudo em um dia de trabalho.
",gemini,prompt2,gemini,prompt4,Coisa de profissional.,0.8815
443,manual_data,all in a day's work,"Tudo em um dia de trabalho.
",gemini,prompt2,gemma3,prompt2,Faz parte do trabalho.,0.9028
443,manual_data,all in a day's work,"Tudo em um dia de trabalho.
",gemini,prompt2,gemma3,prompt4,Rotina.,0.8522
443,manual_data,all in a day's work,"Tudo em um dia de trabalho.
",gemini,prompt2,gemmaX,sem_prompt,tudo num dia de trabalho,0.9377
99,manual_data,He is attending a wedding.,"Ele está indo a um casamento.
",gemini,prompt2,gpt,prompt2,Ele está participando de um casamento.,0.958
99,manual_data,He is attending a wedding.,"Ele está indo a um casamento.
",gemini,prompt2,gpt,prompt4,Ele está indo a um casamento.,0.9564
99,manual_data,He is attending a wedding.,"Ele está indo a um casamento.
",gemini,prompt2,gemini,prompt4,Ele está de copo cheio.,0.8789
99,manual_data,He is attending a wedding.,"Ele está indo a um casamento.
",gemini,prompt2,gemma3,prompt2,Ele está comparecendo a um casamento.,0.9217
99,manual_data,He is attending a wedding.,"Ele está indo a um casamento.
",gemini,prompt2,gemma3,prompt4,Ele está selando um pacto de almas.,0.9078
99,manual_data,He is attending a wedding.,"Ele está indo a um casamento.
",gemini,prompt2,gemmaX,sem_prompt,Ele está indo para um casamento.,0.9578
277,manual_data,a mountain to climb,"Uma montanha para escalar
",gemini,prompt2,gpt,prompt2,uma montanha a escalar,0.9469
277,manual_data,a mountain to climb,"Uma montanha para escalar
",gemini,prompt2,gpt,prompt4,uma montanha a escalar,0.9469
277,manual_data,a mountain to climb,"Uma montanha para escalar
",gemini,prompt2,gemini,prompt4,Uma montanha a escalar.,0.9251
277,manual_data,a mountain to climb,"Uma montanha para escalar
",gemini,prompt2,gemma3,prompt2,Uma montanha para escalar.,0.922
277,manual_data,a mountain to climb,"Uma montanha para escalar
",gemini,prompt2,gemma3,prompt4,Uma montanha a escalar.,0.9251
277,manual_data,a mountain to climb,"Uma montanha para escalar
",gemini,prompt2,gemmaX,sem_prompt,uma montanha para escalar,0.9488
272,manual_data,crack the code,quebrar o código,gemmaX,sem_prompt,gpt,prompt2,decifrar o código,0.9425
272,manual_data,crack the code,quebrar o código,gemmaX,sem_prompt,gpt,prompt4,decifrar o enigma,0.8562
272,manual_data,crack the code,quebrar o código,gemmaX,sem_prompt,gemini,prompt2,Decifrar o código,0.933
272,manual_data,crack the code,quebrar o código,gemmaX,sem_prompt,gemini,prompt4,Desvendar o enigma,0.8153
272,manual_data,crack the code,quebrar o código,gemmaX,sem_prompt,gemma3,prompt2,Decifrar o código,0.933
272,manual_data,crack the code,quebrar o código,gemmaX,sem_prompt,gemma3,prompt4,Desvendar o enigma.,0.8253
696,manual_data,like a fish to water,Como um peixe na água.,gemma3,prompt2,gpt,prompt2,como peixe na água,0.9706
696,manual_data,like a fish to water,Como um peixe na água.,gemma3,prompt2,gpt,prompt4,como peixe na água,0.9706
696,manual_data,like a fish to water,Como um peixe na água.,gemma3,prompt2,gemini,prompt2,Como peixe na água.,0.9639
696,manual_data,like a fish to water,Como um peixe na água.,gemma3,prompt2,gemini,prompt4,Como peixe na água.,0.9639
696,manual_data,like a fish to water,Como um peixe na água.,gemma3,prompt2,gemma3,prompt4,Como se estivesse em casa.,0.8875
696,manual_data,like a fish to water,Como um peixe na água.,gemma3,prompt2,gemmaX,sem_prompt,como um peixe à água,0.9293
236,manual_data,ball of fire,bola de fogo,gemmaX,sem_prompt,gpt,prompt2,bola de fogo,0.95
236,manual_data,ball of fire,bola de fogo,gemmaX,sem_prompt,gpt,prompt4,bola de fogo,0.95
236,manual_data,ball of fire,bola de fogo,gemmaX,sem_prompt,gemini,prompt2,Bola de fogo,0.9594
236,manual_data,ball of fire,bola de fogo,gemmaX,sem_prompt,gemini,prompt4,Um vulcão de emoções,0.7975
236,manual_data,ball of fire,bola de fogo,gemmaX,sem_prompt,gemma3,prompt2,Bola de fogo,0.9594
236,manual_data,ball of fire,bola de fogo,gemmaX,sem_prompt,gemma3,prompt4,Força da natureza.,0.8249
698,manual_data,adding fuel to the fire,Acrescentando combustível ao fogo,gemmaX,sem_prompt,gpt,prompt2,colocando mais lenha na fogueira,0.8434
698,manual_data,adding fuel to the fire,Acrescentando combustível ao fogo,gemmaX,sem_prompt,gpt,prompt4,alimentar o fogo,0.8862
698,manual_data,adding fuel to the fire,Acrescentando combustível ao fogo,gemmaX,sem_prompt,gemini,prompt2,Botando lenha na fogueira.,0.8282
698,manual_data,adding fuel to the fire,Acrescentando combustível ao fogo,gemmaX,sem_prompt,gemini,prompt4,Botar lenha na fogueira.,0.8302
698,manual_data,adding fuel to the fire,Acrescentando combustível ao fogo,gemmaX,sem_prompt,gemma3,prompt2,Agravando a situação.,0.8681
698,manual_data,adding fuel to the fire,Acrescentando combustível ao fogo,gemmaX,sem_prompt,gemma3,prompt4,Atirar óleo na fogueira.,0.8722
612,manual_data,She is shopping for groceries.,Ela está comprando mantimentos.,gemmaX,sem_prompt,gpt,prompt2,Ela está fazendo compras de supermercado.,0.9488
612,manual_data,She is shopping for groceries.,Ela está comprando mantimentos.,gemmaX,sem_prompt,gpt,prompt4,Ela está fazendo compras no mercado.,0.9524
612,manual_data,She is shopping for groceries.,Ela está comprando mantimentos.,gemmaX,sem_prompt,gemini,prompt2,Ela está comprando mantimentos.,0.95
612,manual_data,She is shopping for groceries.,Ela está comprando mantimentos.,gemmaX,sem_prompt,gemini,prompt4,Ela está catando mantimentos.,0.9128
612,manual_data,She is shopping for groceries.,Ela está comprando mantimentos.,gemmaX,sem_prompt,gemma3,prompt2,Ela está fazendo compras de mantimentos.,0.9614
612,manual_data,She is shopping for groceries.,Ela está comprando mantimentos.,gemmaX,sem_prompt,gemma3,prompt4,Ela está reabastecendo o celeiro.,0.9066
678,manual_data,He did some gardening in the afternoon.,Ele fez um pouco de jardinagem à tarde.,gemmaX,sem_prompt,gpt,prompt2,Ele fez algumas jardinagens à tarde.,0.9833
678,manual_data,He did some gardening in the afternoon.,Ele fez um pouco de jardinagem à tarde.,gemmaX,sem_prompt,gpt,prompt4,Ele cuidou do seu jardim na parte da tarde.,0.9129
678,manual_data,He did some gardening in the afternoon.,Ele fez um pouco de jardinagem à tarde.,gemmaX,sem_prompt,gemini,prompt2,Ele fez jardinagem à tarde.,0.9917
678,manual_data,He did some gardening in the afternoon.,Ele fez um pouco de jardinagem à tarde.,gemmaX,sem_prompt,gemini,prompt4,Ele plantou algumas sementes à tarde.,0.9418
678,manual_data,He did some gardening in the afternoon.,Ele fez um pouco de jardinagem à tarde.,gemmaX,sem_prompt,gemma3,prompt2,Ele fez alguns trabalhos de jardinagem à tarde.,0.9741
678,manual_data,He did some gardening in the afternoon.,Ele fez um pouco de jardinagem à tarde.,gemmaX,sem_prompt,gemma3,prompt4,Ele cuidou do jardim na tarde.,0.8916
126,manual_data,He is cutting vegetables for dinner.,Ele está cortando legumes para o jantar.,gpt,prompt2,gpt,prompt4,Ele está picando os legumes para o jantar.,0.9616
126,manual_data,He is cutting vegetables for dinner.,Ele está cortando legumes para o jantar.,gpt,prompt2,gemini,prompt2,Ele está cortando vegetais para o jantar.,0.9569
126,manual_data,He is cutting vegetables for dinner.,Ele está cortando legumes para o jantar.,gpt,prompt2,gemini,prompt4,Ele está fatiando a noite.,0.942
126,manual_data,He is cutting vegetables for dinner.,Ele está cortando legumes para o jantar.,gpt,prompt2,gemma3,prompt2,Ele está cortando legumes para o jantar.,0.95
126,manual_data,He is cutting vegetables for dinner.,Ele está cortando legumes para o jantar.,gpt,prompt2,gemma3,prompt4,Ele está lapidando a ceia.,0.9337
126,manual_data,He is cutting vegetables for dinner.,Ele está cortando legumes para o jantar.,gpt,prompt2,gemmaX,sem_prompt,Ele está cortando legumes para o jantar.,0.95
702,manual_data,in the same boat,no mesmo barco,gemmaX,sem_prompt,gpt,prompt2,na mesma situação,0.9136
702,manual_data,in the same boat,no mesmo barco,gemmaX,sem_prompt,gpt,prompt4,na mesma situação,0.9136
702,manual_data,in the same boat,no mesmo barco,gemmaX,sem_prompt,gemini,prompt2,Na mesma situação,0.8748
702,manual_data,in the same boat,no mesmo barco,gemmaX,sem_prompt,gemini,prompt4,No mesmo barco.,0.8707
702,manual_data,in the same boat,no mesmo barco,gemmaX,sem_prompt,gemma3,prompt2,Na mesma situação.,0.8405
702,manual_data,in the same boat,no mesmo barco,gemmaX,sem_prompt,gemma3,prompt4,Na mesma enrascada.,0.8649
553,manual_data,He is waiting for the bus.,"Ele está esperando o ônibus.
",gemini,prompt2,gpt,prompt2,Ele está esperando pelo ônibus.,0.9488
553,manual_data,He is waiting for the bus.,"Ele está esperando o ônibus.
",gemini,prompt2,gpt,prompt4,Ele está à espera do ônibus.,0.9567
553,manual_data,He is waiting for the bus.,"Ele está esperando o ônibus.
",gemini,prompt2,gemini,prompt4,Ele está na espera do ônibus da vida.,0.9572
553,manual_data,He is waiting for the bus.,"Ele está esperando o ônibus.
",gemini,prompt2,gemma3,prompt2,Ele está esperando o ônibus.,0.9567
553,manual_data,He is waiting for the bus.,"Ele está esperando o ônibus.
",gemini,prompt2,gemma3,prompt4,Ele aguarda o ponto.,0.9631
553,manual_data,He is waiting for the bus.,"Ele está esperando o ônibus.
",gemini,prompt2,gemmaX,sem_prompt,Ele está esperando o ônibus.,0.9567
18,manual_data,She is giving a speech at the conference.,Ela está fazendo um discurso na conferência.,gemma3,prompt2,gpt,prompt2,Ela está fazendo um discurso na conferência.,0.95
18,manual_data,She is giving a speech at the conference.,Ela está fazendo um discurso na conferência.,gemma3,prompt2,gpt,prompt4,Ela está fazendo uma apresentação na conferência.,0.982
18,manual_data,She is giving a speech at the conference.,Ela está fazendo um discurso na conferência.,gemma3,prompt2,gemini,prompt2,Ela está fazendo um discurso na conferência.,0.95
18,manual_data,She is giving a speech at the conference.,Ela está fazendo um discurso na conferência.,gemma3,prompt2,gemini,prompt4,Ela está soltando a voz na conferência.,0.9605
18,manual_data,She is giving a speech at the conference.,Ela está fazendo um discurso na conferência.,gemma3,prompt2,gemma3,prompt4,Ela está desfilando palavras na conferência.,0.955
18,manual_data,She is giving a speech at the conference.,Ela está fazendo um discurso na conferência.,gemma3,prompt2,gemmaX,sem_prompt,Ela está dando um discurso na conferência.,0.9548
182,manual_data,clean bill of health,Saúde perfeita,gemma3,prompt2,gpt,prompt2,certidão de saúde limpa,0.8406
182,manual_data,clean bill of health,Saúde perfeita,gemma3,prompt2,gpt,prompt4,atestado de saúde impecável,0.8053
182,manual_data,clean bill of health,Saúde perfeita,gemma3,prompt2,gemini,prompt2,Atestado de saúde,0.8155
182,manual_data,clean bill of health,Saúde perfeita,gemma3,prompt2,gemini,prompt4,Atestado de saúde perfeito,0.8445
182,manual_data,clean bill of health,Saúde perfeita,gemma3,prompt2,gemma3,prompt4,Folha limpa.,0.8184
182,manual_data,clean bill of health,Saúde perfeita,gemma3,prompt2,gemmaX,sem_prompt,certificado de saúde,0.8572
439,manual_data,flying high,"Voando alto
",gemini,prompt2,gpt,prompt2,voando alto,0.96
439,manual_data,flying high,"Voando alto
",gemini,prompt2,gpt,prompt4,voando alto,0.96
439,manual_data,flying high,"Voando alto
",gemini,prompt2,gemini,prompt4,Nas nuvens.,0.8337
439,manual_data,flying high,"Voando alto
",gemini,prompt2,gemma3,prompt2,Voando alto,0.9661
439,manual_data,flying high,"Voando alto
",gemini,prompt2,gemma3,prompt4,Voando alto.,0.8569
439,manual_data,flying high,"Voando alto
",gemini,prompt2,gemmaX,sem_prompt,voando alto,0.96
115,manual_data,ball is in your court,"A bola está no seu campo.
",gemini,prompt2,gpt,prompt2,A bola está em seu tribunal.,0.9848
115,manual_data,ball is in your court,"A bola está no seu campo.
",gemini,prompt2,gpt,prompt4,A bola está com você.,0.9664
115,manual_data,ball is in your court,"A bola está no seu campo.
",gemini,prompt2,gemini,prompt4,A bola está em seu campo.,0.9634
115,manual_data,ball is in your court,"A bola está no seu campo.
",gemini,prompt2,gemma3,prompt2,A bola está com você.,0.9664
115,manual_data,ball is in your court,"A bola está no seu campo.
",gemini,prompt2,gemma3,prompt4,A bola está com você.,0.9664
115,manual_data,ball is in your court,"A bola está no seu campo.
",gemini,prompt2,gemmaX,sem_prompt,a bola está no seu campo,0.9487
68,manual_data,They watched a TV show in the evening.,"Eles assistiram a um programa de TV à noite.
",gemma3,prompt2,gpt,prompt2,Eles assistiram a um programa de televisão à noite.,0.9819
68,manual_data,They watched a TV show in the evening.,"Eles assistiram a um programa de TV à noite.
",gemma3,prompt2,gpt,prompt4,Eles assistiram a um programa de TV à noite.,0.9543
68,manual_data,They watched a TV show in the evening.,"Eles assistiram a um programa de TV à noite.
",gemma3,prompt2,gemini,prompt2,Eles assistiram a um programa de TV à noite.,0.9543
68,manual_data,They watched a TV show in the evening.,"Eles assistiram a um programa de TV à noite.
",gemma3,prompt2,gemini,prompt4,Eles se debruçaram sobre a telinha ao cair da tarde.,0.894
68,manual_data,They watched a TV show in the evening.,"Eles assistiram a um programa de TV à noite.
",gemma3,prompt2,gemma3,prompt4,Eles se entregaram à tela ao cair da noite.,0.9171
68,manual_data,They watched a TV show in the evening.,"Eles assistiram a um programa de TV à noite.
",gemma3,prompt2,gemmaX,sem_prompt,Eles assistiram a um programa de TV à noite.,0.9543
219,manual_data,break the mold,quebrar o molde,gemmaX,sem_prompt,gpt,prompt2,quebrar o molde,0.95
219,manual_data,break the mold,quebrar o molde,gemmaX,sem_prompt,gpt,prompt4,quebrar o molde,0.95
219,manual_data,break the mold,quebrar o molde,gemmaX,sem_prompt,gemini,prompt2,Romper com os padrões,0.8861
219,manual_data,break the mold,quebrar o molde,gemmaX,sem_prompt,gemini,prompt4,Romper barreiras.,0.8324
219,manual_data,break the mold,quebrar o molde,gemmaX,sem_prompt,gemma3,prompt2,Quebrar o molde,0.8564
219,manual_data,break the mold,quebrar o molde,gemmaX,sem_prompt,gemma3,prompt4,Quebrar o padrão.,0.9181
440,manual_data,bring home the bacon,trazer o pão para casa,gpt,prompt2,gpt,prompt4,trazer o pão para casa,0.95
440,manual_data,bring home the bacon,trazer o pão para casa,gpt,prompt2,gemini,prompt2,Trazer o sustento para casa,0.8256
440,manual_data,bring home the bacon,trazer o pão para casa,gpt,prompt2,gemini,prompt4,Trazer o sustento para casa.,0.8691
440,manual_data,bring home the bacon,trazer o pão para casa,gpt,prompt2,gemma3,prompt2,Ganhar o pão de cada dia.,0.9004
440,manual_data,bring home the bacon,trazer o pão para casa,gpt,prompt2,gemma3,prompt4,Garantir o sustento.,0.8451
440,manual_data,bring home the bacon,trazer o pão para casa,gpt,prompt2,gemmaX,sem_prompt,trazer para casa o bacon,0.952
274,manual_data,climbing the corporate ladder,subindo a escada corporativa,gemmaX,sem_prompt,gpt,prompt2,subir na hierarquia corporativa,0.8637
274,manual_data,climbing the corporate ladder,subindo a escada corporativa,gemmaX,sem_prompt,gpt,prompt4,subir na vida corporativa,0.8719
274,manual_data,climbing the corporate ladder,subindo a escada corporativa,gemmaX,sem_prompt,gemini,prompt2,Subindo na carreira.,0.8899
274,manual_data,climbing the corporate ladder,subindo a escada corporativa,gemmaX,sem_prompt,gemini,prompt4,Escalar a hierarquia corporativa.,0.8541
274,manual_data,climbing the corporate ladder,subindo a escada corporativa,gemmaX,sem_prompt,gemma3,prompt2,Subir na hierarquia corporativa.,0.852
274,manual_data,climbing the corporate ladder,subindo a escada corporativa,gemmaX,sem_prompt,gemma3,prompt4,Ascender na hierarquia.,0.8454
508,manual_data,let sleeping dogs lie,Deixe os cães dormirem,gemmaX,sem_prompt,gpt,prompt2,Deixe os cães dormindo deitados.,0.9008
508,manual_data,let sleeping dogs lie,Deixe os cães dormirem,gemmaX,sem_prompt,gpt,prompt4,Deixe os cães deitados.,0.9056
508,manual_data,let sleeping dogs lie,Deixe os cães dormirem,gemmaX,sem_prompt,gemini,prompt2,Deixe os mortos quietos.,0.8956
508,manual_data,let sleeping dogs lie,Deixe os cães dormirem,gemmaX,sem_prompt,gemini,prompt4,Deixar cão dormindo quieto.,0.8773
508,manual_data,let sleeping dogs lie,Deixe os cães dormirem,gemmaX,sem_prompt,gemma3,prompt2,Não perturbe a paz.,0.8361
508,manual_data,let sleeping dogs lie,Deixe os cães dormirem,gemmaX,sem_prompt,gemma3,prompt4,Não acorde o leão adormecido.,0.8479
324,manual_data,a new lease on life,uma nova chance na vida,gpt,prompt2,gpt,prompt4,um novo alicerce para a vida,0.9099
324,manual_data,a new lease on life,uma nova chance na vida,gpt,prompt2,gemini,prompt2,Uma nova chance.,0.9143
324,manual_data,a new lease on life,uma nova chance na vida,gpt,prompt2,gemini,prompt4,Um novo sopro de vida,0.9184
324,manual_data,a new lease on life,uma nova chance na vida,gpt,prompt2,gemma3,prompt2,Um novo fôlego de vida.,0.8711
324,manual_data,a new lease on life,uma nova chance na vida,gpt,prompt2,gemma3,prompt4,Um novo fôlego.,0.8502
324,manual_data,a new lease on life,uma nova chance na vida,gpt,prompt2,gemmaX,sem_prompt,um novo ânimo para a vida,0.9073
107,manual_data,as old as the hills,"Tão velho quanto as colinas
",gemini,prompt2,gpt,prompt2,tão velho quanto as colinas,0.9319
107,manual_data,as old as the hills,"Tão velho quanto as colinas
",gemini,prompt2,gpt,prompt4,tão velho quanto as colinas,0.9319
107,manual_data,as old as the hills,"Tão velho quanto as colinas
",gemini,prompt2,gemini,prompt4,Velho como a Sé.,0.8223
107,manual_data,as old as the hills,"Tão velho quanto as colinas
",gemini,prompt2,gemma3,prompt2,Antigo como as colinas.,0.9142
107,manual_data,as old as the hills,"Tão velho quanto as colinas
",gemini,prompt2,gemma3,prompt4,Antigo como as próprias montanhas.,0.8695
107,manual_data,as old as the hills,"Tão velho quanto as colinas
",gemini,prompt2,gemmaX,sem_prompt,tão velho quanto as colinas,0.9319
225,manual_data,He attended a wedding last weekend.,"Ele foi a um casamento no fim de semana passado.
",gemini,prompt2,gpt,prompt2,Ele participou de um casamento no último fim de semana.,0.9855
225,manual_data,He attended a wedding last weekend.,"Ele foi a um casamento no fim de semana passado.
",gemini,prompt2,gpt,prompt4,Ele foi a um casamento no último fim de semana.,0.9997
225,manual_data,He attended a wedding last weekend.,"Ele foi a um casamento no fim de semana passado.
",gemini,prompt2,gemini,prompt4,Ele foi a um casamento no fim de semana passado.,0.9539
225,manual_data,He attended a wedding last weekend.,"Ele foi a um casamento no fim de semana passado.
",gemini,prompt2,gemma3,prompt2,Ele compareceu a um casamento no fim de semana passado.,0.9475
225,manual_data,He attended a wedding last weekend.,"Ele foi a um casamento no fim de semana passado.
",gemini,prompt2,gemma3,prompt4,Ele testemunhou o enlace de almas no fim de semana passado.,0.9249
225,manual_data,He attended a wedding last weekend.,"Ele foi a um casamento no fim de semana passado.
",gemini,prompt2,gemmaX,sem_prompt,Ele foi a um casamento no último final de semana.,1.0011
535,manual_data,He is taking a nap on the couch.,Ele está tirando uma soneca no sofá.,gemma3,prompt2,gpt,prompt2,Ele está cochilando no sofá.,0.9435
535,manual_data,He is taking a nap on the couch.,Ele está tirando uma soneca no sofá.,gemma3,prompt2,gpt,prompt4,Ele está dormindo no sofá.,0.9839
535,manual_data,He is taking a nap on the couch.,Ele está tirando uma soneca no sofá.,gemma3,prompt2,gemini,prompt2,Ele está tirando uma soneca no sofá.,0.95
535,manual_data,He is taking a nap on the couch.,Ele está tirando uma soneca no sofá.,gemma3,prompt2,gemini,prompt4,Ele está navegando no sono no sofá.,0.8939
535,manual_data,He is taking a nap on the couch.,Ele está tirando uma soneca no sofá.,gemma3,prompt2,gemma3,prompt4,"Ele está ali, entregue ao abraço sonolento do sofá.",0.9126
535,manual_data,He is taking a nap on the couch.,Ele está tirando uma soneca no sofá.,gemma3,prompt2,gemmaX,sem_prompt,Ele está tirando uma soneca no sofá.,0.95
89,manual_data,add fuel to the fire,acrescentar lenha na fogueira,gpt,prompt2,gpt,prompt4,acirrar a situação,0.8681
89,manual_data,add fuel to the fire,acrescentar lenha na fogueira,gpt,prompt2,gemini,prompt2,Botar lenha na fogueira,0.9234
89,manual_data,add fuel to the fire,acrescentar lenha na fogueira,gpt,prompt2,gemini,prompt4,Botar mais lenha na fogueira.,0.9304
89,manual_data,add fuel to the fire,acrescentar lenha na fogueira,gpt,prompt2,gemma3,prompt2,Agravar a situação.,0.8346
89,manual_data,add fuel to the fire,acrescentar lenha na fogueira,gpt,prompt2,gemma3,prompt4,Atirar lenha na fogueira.,0.9189
89,manual_data,add fuel to the fire,acrescentar lenha na fogueira,gpt,prompt2,gemmaX,sem_prompt,acender fogo,0.8145
434,manual_data,He went to the gym for a workout session.,"Ele foi à academia para uma sessão de treino.
",gemma3,prompt2,gpt,prompt2,Ele foi à academia para uma sessão de treino.,0.9542
434,manual_data,He went to the gym for a workout session.,"Ele foi à academia para uma sessão de treino.
",gemma3,prompt2,gpt,prompt4,Ele foi à academia para suar a camisa.,0.9449
434,manual_data,He went to the gym for a workout session.,"Ele foi à academia para uma sessão de treino.
",gemma3,prompt2,gemini,prompt2,Ele foi à academia para uma sessão de treino.,0.9542
434,manual_data,He went to the gym for a workout session.,"Ele foi à academia para uma sessão de treino.
",gemma3,prompt2,gemini,prompt4,Ele foi à academia para suar a camisa.,0.9449
434,manual_data,He went to the gym for a workout session.,"Ele foi à academia para uma sessão de treino.
",gemma3,prompt2,gemma3,prompt4,Ele foi à academia para dar um gás.,0.9596
434,manual_data,He went to the gym for a workout session.,"Ele foi à academia para uma sessão de treino.
",gemma3,prompt2,gemmaX,sem_prompt,Ele foi para a academia para uma sessão de treino.,0.9586
448,manual_data,They are driving to the countryside.,Eles estão dirigindo para o interior.,gpt,prompt2,gpt,prompt4,Eles estão indo para o interior.,0.9386
448,manual_data,They are driving to the countryside.,Eles estão dirigindo para o interior.,gpt,prompt2,gemini,prompt2,Eles estão indo para o campo.,0.9588
448,manual_data,They are driving to the countryside.,Eles estão dirigindo para o interior.,gpt,prompt2,gemini,prompt4,Estão a pôr o pé na estrada.,0.8996
448,manual_data,They are driving to the countryside.,Eles estão dirigindo para o interior.,gpt,prompt2,gemma3,prompt2,Eles estão dirigindo para o campo.,0.9575
448,manual_data,They are driving to the countryside.,Eles estão dirigindo para o interior.,gpt,prompt2,gemma3,prompt4,Eles estão rumando para o campo.,0.9615
448,manual_data,They are driving to the countryside.,Eles estão dirigindo para o interior.,gpt,prompt2,gemmaX,sem_prompt,Estão a dirigir-se para o campo.,0.9023
366,manual_data,busy as a bee,ocupado como uma abelha,gpt,prompt2,gpt,prompt4,ocupado como uma abelha,0.95
366,manual_data,busy as a bee,ocupado como uma abelha,gpt,prompt2,gemini,prompt2,Ocupado como uma abelha,0.9118
366,manual_data,busy as a bee,ocupado como uma abelha,gpt,prompt2,gemini,prompt4,Atarefado como uma abelha.,0.9272
366,manual_data,busy as a bee,ocupado como uma abelha,gpt,prompt2,gemma3,prompt2,Ocupado que nem uma abelha.,0.9009
366,manual_data,busy as a bee,ocupado como uma abelha,gpt,prompt2,gemma3,prompt4,Trabalhando que nem uma colmeia.,0.868
366,manual_data,busy as a bee,ocupado como uma abelha,gpt,prompt2,gemmaX,sem_prompt,ocupado como uma abelha,0.95
178,manual_data,as easy as shooting fish in a barrel,"Tão fácil quanto atirar em peixes num barril.
",gemini,prompt2,gpt,prompt2,tão fácil quanto tirar peixe do barril,0.8926
178,manual_data,as easy as shooting fish in a barrel,"Tão fácil quanto atirar em peixes num barril.
",gemini,prompt2,gpt,prompt4,mais fácil que tirar doce de criança,0.8826
178,manual_data,as easy as shooting fish in a barrel,"Tão fácil quanto atirar em peixes num barril.
",gemini,prompt2,gemini,prompt4,Tão fácil quanto tirar doce de criança.,0.949
178,manual_data,as easy as shooting fish in a barrel,"Tão fácil quanto atirar em peixes num barril.
",gemini,prompt2,gemma3,prompt2,Fácil como roubar doces de um bebê.,0.9041
178,manual_data,as easy as shooting fish in a barrel,"Tão fácil quanto atirar em peixes num barril.
",gemini,prompt2,gemma3,prompt4,Moleza.,0.8404
178,manual_data,as easy as shooting fish in a barrel,"Tão fácil quanto atirar em peixes num barril.
",gemini,prompt2,gemmaX,sem_prompt,Tão fácil como atirar em peixes num barril,0.9639
406,manual_data,as good as gold,tão bom quanto o ouro,gemmaX,sem_prompt,gpt,prompt2,tão bom quanto ouro,0.9459
406,manual_data,as good as gold,tão bom quanto o ouro,gemmaX,sem_prompt,gpt,prompt4,valer seu peso em ouro,0.8349
406,manual_data,as good as gold,tão bom quanto o ouro,gemmaX,sem_prompt,gemini,prompt2,Bom como ouro,0.8936
406,manual_data,as good as gold,tão bom quanto o ouro,gemmaX,sem_prompt,gemini,prompt4,Vale ouro.,0.8147
406,manual_data,as good as gold,tão bom quanto o ouro,gemmaX,sem_prompt,gemma3,prompt2,Que bom moço,0.8162
406,manual_data,as good as gold,tão bom quanto o ouro,gemmaX,sem_prompt,gemma3,prompt4,Tranquilo como um raio.,0.8434
303,manual_data,hard nut to crack,um problema difícil de resolver,gemmaX,sem_prompt,gpt,prompt2,noz difícil de descascar,0.864
303,manual_data,hard nut to crack,um problema difícil de resolver,gemmaX,sem_prompt,gpt,prompt4,um osso duro de roer,0.8468
303,manual_data,hard nut to crack,um problema difícil de resolver,gemmaX,sem_prompt,gemini,prompt2,Difícil de resolver,0.8607
303,manual_data,hard nut to crack,um problema difícil de resolver,gemmaX,sem_prompt,gemini,prompt4,Osso duro de roer.,0.8517
303,manual_data,hard nut to crack,um problema difícil de resolver,gemmaX,sem_prompt,gemma3,prompt2,Pessoa difícil de lidar.,0.8815
303,manual_data,hard nut to crack,um problema difícil de resolver,gemmaX,sem_prompt,gemma3,prompt4,Noz duríssima.,0.817
