indice,dataset,tipo_label,ingles_original,melhor_trad,melhor_modelo,melhor_prompt,outro_modelo,outro_prompt,outra_trad,parascore
4,manual_data,literais,He likes to watch movies in his free time.,Ele se perde nas telonas quando o tempo é dele.,gemma3,prompt4,gpt,prompt2,Ele gosta de assistir a filmes no seu tempo livre.,0.9019
4,manual_data,literais,He likes to watch movies in his free time.,Ele se perde nas telonas quando o tempo é dele.,gemma3,prompt4,gpt,prompt4,Ele gosta de assistir a filmes em seu tempo livre.,0.9001
4,manual_data,literais,He likes to watch movies in his free time.,Ele se perde nas telonas quando o tempo é dele.,gemma3,prompt4,gemini,prompt2,Ele gosta de assistir filmes em seu tempo livre.,0.8955
4,manual_data,literais,He likes to watch movies in his free time.,Ele se perde nas telonas quando o tempo é dele.,gemma3,prompt4,gemini,prompt4,Ele se delicia com filmes nos tempos livres.,0.9091
4,manual_data,literais,He likes to watch movies in his free time.,Ele se perde nas telonas quando o tempo é dele.,gemma3,prompt4,gemma3,prompt2,Ele gosta de assistir filmes no tempo livre.,0.9075
4,manual_data,literais,He likes to watch movies in his free time.,Ele se perde nas telonas quando o tempo é dele.,gemma3,prompt4,gemmaX,sem_prompt,Ele gosta de assistir filmes em seu tempo livre.,0.8955
5,manual_data,literais,She enjoys painting in her free time.,Ela se entrega à pintura nos intervalos da vida.,gemini,prompt4,gpt,prompt2,Ela gosta de pintar em seu tempo livre.,0.8913
5,manual_data,literais,She enjoys painting in her free time.,Ela se entrega à pintura nos intervalos da vida.,gemini,prompt4,gpt,prompt4,Ela se diverte pintando em seu tempo livre.,0.9154
5,manual_data,literais,She enjoys painting in her free time.,Ela se entrega à pintura nos intervalos da vida.,gemini,prompt4,gemini,prompt2,Ela gosta de pintar no tempo livre.,0.9106
5,manual_data,literais,She enjoys painting in her free time.,Ela se entrega à pintura nos intervalos da vida.,gemini,prompt4,gemma3,prompt2,Ela gosta de pintar no tempo livre.,0.9106
5,manual_data,literais,She enjoys painting in her free time.,Ela se entrega à pintura nos intervalos da vida.,gemini,prompt4,gemma3,prompt4,Ela se entrega à paleta quando o tempo lhe permite.,0.9142
5,manual_data,literais,She enjoys painting in her free time.,Ela se entrega à pintura nos intervalos da vida.,gemini,prompt4,gemmaX,sem_prompt,Ela gosta de pintar em seu tempo livre.,0.8913
23,manual_data,literais,He went to a birthday party last night.,Ele foi à festa de aniversário ontem à noite.,gemini,prompt4,gpt,prompt2,Ele foi a uma festa de aniversário ontem à noite.,0.9459
23,manual_data,literais,He went to a birthday party last night.,Ele foi à festa de aniversário ontem à noite.,gemini,prompt4,gpt,prompt4,Ele foi a uma festa de aniversário ontem à noite.,0.9459
23,manual_data,literais,He went to a birthday party last night.,Ele foi à festa de aniversário ontem à noite.,gemini,prompt4,gemini,prompt2,Ele foi a uma festa de aniversário ontem à noite.,0.9459
23,manual_data,literais,He went to a birthday party last night.,Ele foi à festa de aniversário ontem à noite.,gemini,prompt4,gemma3,prompt2,Ele foi a uma festa de aniversário ontem à noite.,0.9459
23,manual_data,literais,He went to a birthday party last night.,Ele foi à festa de aniversário ontem à noite.,gemini,prompt4,gemma3,prompt4,Ele se lançou à noite de celebração ontem.,0.9405
23,manual_data,literais,He went to a birthday party last night.,Ele foi à festa de aniversário ontem à noite.,gemini,prompt4,gemmaX,sem_prompt,Ele foi a uma festa de aniversário ontem à noite.,0.9459
39,manual_data,literais,They went to the theater to watch a play.,Foram ao palco assistir à encenação.,gemma3,prompt4,gpt,prompt2,Eles foram ao teatro para assistir a uma peça.,0.9423
39,manual_data,literais,They went to the theater to watch a play.,Foram ao palco assistir à encenação.,gemma3,prompt4,gpt,prompt4,Eles foram ao teatro para assistir a uma peça.,0.9423
39,manual_data,literais,They went to the theater to watch a play.,Foram ao palco assistir à encenação.,gemma3,prompt4,gemini,prompt2,Eles foram ao teatro para assistir a uma peça.,0.9423
39,manual_data,literais,They went to the theater to watch a play.,Foram ao palco assistir à encenação.,gemma3,prompt4,gemini,prompt4,Foram ao teatro para testemunhar a encenação da vida.,0.95
39,manual_data,literais,They went to the theater to watch a play.,Foram ao palco assistir à encenação.,gemma3,prompt4,gemma3,prompt2,Eles foram ao teatro para assistir a uma peça.,0.9423
39,manual_data,literais,They went to the theater to watch a play.,Foram ao palco assistir à encenação.,gemma3,prompt4,gemmaX,sem_prompt,Eles foram ao teatro para assistir a uma peça.,0.9423
42,manual_data,literais,She is talking on the phone.,Ela está no fio.,gemini,prompt4,gpt,prompt2,Ela está falando ao telefone.,0.9368
42,manual_data,literais,She is talking on the phone.,Ela está no fio.,gemini,prompt4,gpt,prompt4,Ela está ao telefone.,0.9527
42,manual_data,literais,She is talking on the phone.,Ela está no fio.,gemini,prompt4,gemini,prompt2,Ela está falando ao telefone.,0.9368
42,manual_data,literais,She is talking on the phone.,Ela está no fio.,gemini,prompt4,gemma3,prompt2,Ela está falando ao telefone.,0.9368
42,manual_data,literais,She is talking on the phone.,Ela está no fio.,gemini,prompt4,gemma3,prompt4,Ela está com a voz presa ao fio.,0.9314
42,manual_data,literais,She is talking on the phone.,Ela está no fio.,gemini,prompt4,gemmaX,sem_prompt,Ela está falando ao telefone.,0.9368
58,manual_data,literais,He is building a model airplane.,Ele está arquitetando um voo.,gemini,prompt4,gpt,prompt2,Ele está construindo um modelo de avião.,0.9388
58,manual_data,literais,He is building a model airplane.,Ele está arquitetando um voo.,gemini,prompt4,gpt,prompt4,Ele está montando um aviãozinho de modelo.,0.9217
58,manual_data,literais,He is building a model airplane.,Ele está arquitetando um voo.,gemini,prompt4,gemini,prompt2,Ele está construindo um avião de brinquedo.,0.9134
58,manual_data,literais,He is building a model airplane.,Ele está arquitetando um voo.,gemini,prompt4,gemma3,prompt2,Ele está construindo um avião de modelo.,0.9373
58,manual_data,literais,He is building a model airplane.,Ele está arquitetando um voo.,gemini,prompt4,gemma3,prompt4,Ele está montando um sonho de papel.,0.9249
58,manual_data,literais,He is building a model airplane.,Ele está arquitetando um voo.,gemini,prompt4,gemmaX,sem_prompt,Ele está construindo um avião modelo.,0.9376
63,manual_data,literais,He is attending a business meeting.,Ele está na arena dos negócios.,gemini,prompt4,gpt,prompt2,Ele está participando de uma reunião de negócios.,0.9431
63,manual_data,literais,He is attending a business meeting.,Ele está na arena dos negócios.,gemini,prompt4,gpt,prompt4,Ele está participando de uma reunião de negócios.,0.9431
63,manual_data,literais,He is attending a business meeting.,Ele está na arena dos negócios.,gemini,prompt4,gemini,prompt2,Ele está participando de uma reunião de negócios.,0.9431
63,manual_data,literais,He is attending a business meeting.,Ele está na arena dos negócios.,gemini,prompt4,gemma3,prompt2,Ele está participando de uma reunião de negócios.,0.9431
63,manual_data,literais,He is attending a business meeting.,Ele está na arena dos negócios.,gemini,prompt4,gemma3,prompt4,Ele está marchando em um campo de batalha corporativo.,0.8902
63,manual_data,literais,He is attending a business meeting.,Ele está na arena dos negócios.,gemini,prompt4,gemmaX,sem_prompt,Ele está participando de uma reunião de negócios.,0.9431
65,manual_data,literais,He took the bus to work.,Ele pegou a carruagem para o labor.,gemma3,prompt4,gpt,prompt2,Ele pegou o ônibus para o trabalho.,0.9706
65,manual_data,literais,He took the bus to work.,Ele pegou a carruagem para o labor.,gemma3,prompt4,gpt,prompt4,Ele pegou o ônibus para o trampo.,0.931
65,manual_data,literais,He took the bus to work.,Ele pegou a carruagem para o labor.,gemma3,prompt4,gemini,prompt2,Ele pegou o ônibus para o trabalho.,0.9706
65,manual_data,literais,He took the bus to work.,Ele pegou a carruagem para o labor.,gemma3,prompt4,gemini,prompt4,Ele pegou o busão para o trabalho.,0.97
65,manual_data,literais,He took the bus to work.,Ele pegou a carruagem para o labor.,gemma3,prompt4,gemma3,prompt2,Ele pegou o ônibus para o trabalho.,0.9706
65,manual_data,literais,He took the bus to work.,Ele pegou a carruagem para o labor.,gemma3,prompt4,gemmaX,sem_prompt,Ele pegou o ônibus para trabalhar.,0.9626
68,manual_data,literais,They watched a TV show in the evening.,Eles se entregaram à tela ao cair da noite.,gemma3,prompt4,gpt,prompt2,Eles assistiram a um programa de televisão à noite.,0.9223
68,manual_data,literais,They watched a TV show in the evening.,Eles se entregaram à tela ao cair da noite.,gemma3,prompt4,gpt,prompt4,Eles assistiram a um programa de TV à noite.,0.9231
68,manual_data,literais,They watched a TV show in the evening.,Eles se entregaram à tela ao cair da noite.,gemma3,prompt4,gemini,prompt2,Eles assistiram a um programa de TV à noite.,0.9231
68,manual_data,literais,They watched a TV show in the evening.,Eles se entregaram à tela ao cair da noite.,gemma3,prompt4,gemini,prompt4,Eles se debruçaram sobre a telinha ao cair da tarde.,0.9413
68,manual_data,literais,They watched a TV show in the evening.,Eles se entregaram à tela ao cair da noite.,gemma3,prompt4,gemma3,prompt2,Eles assistiram a um programa de TV à noite.,0.9231
68,manual_data,literais,They watched a TV show in the evening.,Eles se entregaram à tela ao cair da noite.,gemma3,prompt4,gemmaX,sem_prompt,Eles assistiram a um programa de TV à noite.,0.9231
69,manual_data,literais,She is brushing her teeth before bed.,Ela está preparando a noite para dormir.,gemini,prompt4,gpt,prompt2,Ela está escovando os dentes antes de dormir.,0.9133
69,manual_data,literais,She is brushing her teeth before bed.,Ela está preparando a noite para dormir.,gemini,prompt4,gpt,prompt4,Ela está escovando os dentes antes de dormir.,0.9133
69,manual_data,literais,She is brushing her teeth before bed.,Ela está preparando a noite para dormir.,gemini,prompt4,gemini,prompt2,Ela está escovando os dentes antes de dormir.,0.9133
69,manual_data,literais,She is brushing her teeth before bed.,Ela está preparando a noite para dormir.,gemini,prompt4,gemma3,prompt2,Ela está escovando os dentes antes de dormir.,0.9133
69,manual_data,literais,She is brushing her teeth before bed.,Ela está preparando a noite para dormir.,gemini,prompt4,gemma3,prompt4,Ela está escovando as estrelas antes de dormir.,0.9244
69,manual_data,literais,She is brushing her teeth before bed.,Ela está preparando a noite para dormir.,gemini,prompt4,gemmaX,sem_prompt,Ela está escoando os dentes antes de dormir.,0.9137
71,manual_data,literais,He is feeding his pet hamster.,Ele nutre seu pequeno companheiro.,gemma3,prompt4,gpt,prompt2,Ele está alimentando seu hamster de estimação.,0.8975
71,manual_data,literais,He is feeding his pet hamster.,Ele nutre seu pequeno companheiro.,gemma3,prompt4,gpt,prompt4,Ele está alimentando seu hamster de estimação.,0.8975
71,manual_data,literais,He is feeding his pet hamster.,Ele nutre seu pequeno companheiro.,gemma3,prompt4,gemini,prompt2,Ele está alimentando seu hamster de estimação.,0.8975
71,manual_data,literais,He is feeding his pet hamster.,Ele nutre seu pequeno companheiro.,gemma3,prompt4,gemini,prompt4,Ele está pondo comida no cofrinho do hamster.,0.8717
71,manual_data,literais,He is feeding his pet hamster.,Ele nutre seu pequeno companheiro.,gemma3,prompt4,gemma3,prompt2,Ele está alimentando seu hamster de estimação.,0.8975
71,manual_data,literais,He is feeding his pet hamster.,Ele nutre seu pequeno companheiro.,gemma3,prompt4,gemmaX,sem_prompt,Ele está alimentando seu hamster de estimação.,0.8975
72,manual_data,literais,I like to drink coffee in the morning.,A manhã me abraça com o aroma escuro.,gemma3,prompt4,gpt,prompt2,Eu gosto de beber café pela manhã.,0.9093
72,manual_data,literais,I like to drink coffee in the morning.,A manhã me abraça com o aroma escuro.,gemma3,prompt4,gpt,prompt4,Eu gosto de tomar café de manhã.,0.9065
72,manual_data,literais,I like to drink coffee in the morning.,A manhã me abraça com o aroma escuro.,gemma3,prompt4,gemini,prompt2,Eu gosto de tomar café de manhã.,0.9065
72,manual_data,literais,I like to drink coffee in the morning.,A manhã me abraça com o aroma escuro.,gemma3,prompt4,gemini,prompt4,Afogo minhas mágoas no café da manhã.,0.9011
72,manual_data,literais,I like to drink coffee in the morning.,A manhã me abraça com o aroma escuro.,gemma3,prompt4,gemma3,prompt2,Eu gosto de tomar café de manhã.,0.9065
72,manual_data,literais,I like to drink coffee in the morning.,A manhã me abraça com o aroma escuro.,gemma3,prompt4,gemmaX,sem_prompt,Gosto de tomar café de manhã.,0.9024
77,manual_data,literais,She is baking cookies in the kitchen.,Ela está aprimorando memórias no coração do lar.,gemma3,prompt4,gpt,prompt2,Ela está assando biscoitos na cozinha.,0.9156
77,manual_data,literais,She is baking cookies in the kitchen.,Ela está aprimorando memórias no coração do lar.,gemma3,prompt4,gpt,prompt4,Ela está preparando doces na cozinha.,0.9203
77,manual_data,literais,She is baking cookies in the kitchen.,Ela está aprimorando memórias no coração do lar.,gemma3,prompt4,gemini,prompt2,Ela está assando biscoitos na cozinha.,0.9156
77,manual_data,literais,She is baking cookies in the kitchen.,Ela está aprimorando memórias no coração do lar.,gemma3,prompt4,gemini,prompt4,Ela está fabricando felicidade na cozinha.,0.9368
77,manual_data,literais,She is baking cookies in the kitchen.,Ela está aprimorando memórias no coração do lar.,gemma3,prompt4,gemma3,prompt2,Ela está assando biscoitos na cozinha.,0.9156
77,manual_data,literais,She is baking cookies in the kitchen.,Ela está aprimorando memórias no coração do lar.,gemma3,prompt4,gemmaX,sem_prompt,Ela está cozinhando biscoitos na cozinha.,0.9084
79,manual_data,literais,She is cleaning the kitchen after dinner.,Ela está lavando a alma da cozinha depois do jantar.,gemini,prompt4,gpt,prompt2,Ela está limpando a cozinha depois do jantar.,0.9792
79,manual_data,literais,She is cleaning the kitchen after dinner.,Ela está lavando a alma da cozinha depois do jantar.,gemini,prompt4,gpt,prompt4,Ela está arrumando a cozinha após o jantar.,0.9787
79,manual_data,literais,She is cleaning the kitchen after dinner.,Ela está lavando a alma da cozinha depois do jantar.,gemini,prompt4,gemini,prompt2,Ela está limpando a cozinha depois do jantar.,0.9792
79,manual_data,literais,She is cleaning the kitchen after dinner.,Ela está lavando a alma da cozinha depois do jantar.,gemini,prompt4,gemma3,prompt2,Ela está limpando a cozinha depois do jantar.,0.9792
79,manual_data,literais,She is cleaning the kitchen after dinner.,Ela está lavando a alma da cozinha depois do jantar.,gemini,prompt4,gemma3,prompt4,Ela está varrendo os rastros do banquete.,0.9306
79,manual_data,literais,She is cleaning the kitchen after dinner.,Ela está lavando a alma da cozinha depois do jantar.,gemini,prompt4,gemmaX,sem_prompt,Ela está limpando a cozinha depois do jantar.,0.9792
81,manual_data,literais,They are having coffee at the café.,Estão a tomar um café no ninho da conversa.,gemini,prompt4,gpt,prompt2,Eles estão tomando café no café.,0.9511
81,manual_data,literais,They are having coffee at the café.,Estão a tomar um café no ninho da conversa.,gemini,prompt4,gpt,prompt4,Eles estão tomando um café no café.,0.9629
81,manual_data,literais,They are having coffee at the café.,Estão a tomar um café no ninho da conversa.,gemini,prompt4,gemini,prompt2,Eles estão tomando café no café.,0.9511
81,manual_data,literais,They are having coffee at the café.,Estão a tomar um café no ninho da conversa.,gemini,prompt4,gemma3,prompt2,Eles estão tomando café no café.,0.9511
81,manual_data,literais,They are having coffee at the café.,Estão a tomar um café no ninho da conversa.,gemini,prompt4,gemma3,prompt4,Eles estão se aquecendo na cafeteria.,0.8939
81,manual_data,literais,They are having coffee at the café.,Estão a tomar um café no ninho da conversa.,gemini,prompt4,gemmaX,sem_prompt,Eles estão tomando café no café.,0.9511
84,manual_data,literais,They are visiting a museum this afternoon.,Eles vão passear nos olhos da tarde por um museu.,gemini,prompt4,gpt,prompt2,Eles estão visitando um museu esta tarde.,0.9521
84,manual_data,literais,They are visiting a museum this afternoon.,Eles vão passear nos olhos da tarde por um museu.,gemini,prompt4,gpt,prompt4,Eles estão fazendo uma visita ao museu esta tarde.,0.9365
84,manual_data,literais,They are visiting a museum this afternoon.,Eles vão passear nos olhos da tarde por um museu.,gemini,prompt4,gemini,prompt2,Eles estão visitando um museu esta tarde.,0.9521
84,manual_data,literais,They are visiting a museum this afternoon.,Eles vão passear nos olhos da tarde por um museu.,gemini,prompt4,gemma3,prompt2,Eles estão visitando um museu esta tarde.,0.9521
84,manual_data,literais,They are visiting a museum this afternoon.,Eles vão passear nos olhos da tarde por um museu.,gemini,prompt4,gemma3,prompt4,Eles estão peregrinando por um templo de memórias esta tarde.,0.9382
84,manual_data,literais,They are visiting a museum this afternoon.,Eles vão passear nos olhos da tarde por um museu.,gemini,prompt4,gemmaX,sem_prompt,"Esta tarde, eles estão visitando um museu.",0.9506
87,manual_data,literais,She is talking to her friend on the phone.,Ela está tecendo confidências ao telefone.,gemini,prompt4,gpt,prompt2,Ela está conversando com a amiga pelo telefone.,0.9497
87,manual_data,literais,She is talking to her friend on the phone.,Ela está tecendo confidências ao telefone.,gemini,prompt4,gpt,prompt4,Ela está conversando com a amiga ao telefone.,0.9581
87,manual_data,literais,She is talking to her friend on the phone.,Ela está tecendo confidências ao telefone.,gemini,prompt4,gemini,prompt2,Ela está falando com sua amiga no telefone.,0.9393
87,manual_data,literais,She is talking to her friend on the phone.,Ela está tecendo confidências ao telefone.,gemini,prompt4,gemma3,prompt2,Ela está falando com sua amiga ao telefone.,0.9416
87,manual_data,literais,She is talking to her friend on the phone.,Ela está tecendo confidências ao telefone.,gemini,prompt4,gemma3,prompt4,Ela está bordando uma conversa com a amiga ao telefone.,0.9233
87,manual_data,literais,She is talking to her friend on the phone.,Ela está tecendo confidências ao telefone.,gemini,prompt4,gemmaX,sem_prompt,Ela está falando com uma amiga no telefone.,0.9422
88,manual_data,literais,He is walking his dog in the park.,Ele passeia seu tempo no parque.,gemma3,prompt4,gpt,prompt2,Ele está passeando com seu cachorro no parque.,0.9465
88,manual_data,literais,He is walking his dog in the park.,Ele passeia seu tempo no parque.,gemma3,prompt4,gpt,prompt4,Ele está passeando com seu cachorro no parque.,0.9465
88,manual_data,literais,He is walking his dog in the park.,Ele passeia seu tempo no parque.,gemma3,prompt4,gemini,prompt2,Ele está passeando com o cachorro no parque.,0.9438
88,manual_data,literais,He is walking his dog in the park.,Ele passeia seu tempo no parque.,gemma3,prompt4,gemini,prompt4,Ele passeia com a coleira do cão no parque.,0.9333
88,manual_data,literais,He is walking his dog in the park.,Ele passeia seu tempo no parque.,gemma3,prompt4,gemma3,prompt2,Ele está passeando com o cachorro no parque.,0.9438
88,manual_data,literais,He is walking his dog in the park.,Ele passeia seu tempo no parque.,gemma3,prompt4,gemmaX,sem_prompt,Ele está passeando com seu cachorro no parque.,0.9465
99,manual_data,literais,He is attending a wedding.,Ele está de copo cheio.,gemini,prompt4,gpt,prompt2,Ele está participando de um casamento.,0.9079
99,manual_data,literais,He is attending a wedding.,Ele está de copo cheio.,gemini,prompt4,gpt,prompt4,Ele está indo a um casamento.,0.9085
99,manual_data,literais,He is attending a wedding.,Ele está de copo cheio.,gemini,prompt4,gemini,prompt2,Ele está indo a um casamento.,0.9085
99,manual_data,literais,He is attending a wedding.,Ele está de copo cheio.,gemini,prompt4,gemma3,prompt2,Ele está comparecendo a um casamento.,0.862
99,manual_data,literais,He is attending a wedding.,Ele está de copo cheio.,gemini,prompt4,gemma3,prompt4,Ele está selando um pacto de almas.,0.8933
99,manual_data,literais,He is attending a wedding.,Ele está de copo cheio.,gemini,prompt4,gemmaX,sem_prompt,Ele está indo para um casamento.,0.9044
100,manual_data,literais,He is making a cup of coffee.,Ele está botando o bule pra chiar.,gemini,prompt4,gpt,prompt2,Ele está fazendo uma xícara de café.,0.901
100,manual_data,literais,He is making a cup of coffee.,Ele está botando o bule pra chiar.,gemini,prompt4,gpt,prompt4,Ele está preparando um café.,0.9455
100,manual_data,literais,He is making a cup of coffee.,Ele está botando o bule pra chiar.,gemini,prompt4,gemini,prompt2,Ele está fazendo uma xícara de café.,0.901
100,manual_data,literais,He is making a cup of coffee.,Ele está botando o bule pra chiar.,gemini,prompt4,gemma3,prompt2,Ele está preparando uma xícara de café.,0.9015
100,manual_data,literais,He is making a cup of coffee.,Ele está botando o bule pra chiar.,gemini,prompt4,gemma3,prompt4,Ele está preparando um elixir da manhã.,0.9099
100,manual_data,literais,He is making a cup of coffee.,Ele está botando o bule pra chiar.,gemini,prompt4,gemmaX,sem_prompt,Ele está fazendo uma xícara de café.,0.901
104,manual_data,literais,He is having breakfast with his family.,Ele está rompendo o jejum com quem o espera à mesa.,gemma3,prompt4,gpt,prompt2,Ele está tomando café da manhã com sua família.,0.9054
104,manual_data,literais,He is having breakfast with his family.,Ele está rompendo o jejum com quem o espera à mesa.,gemma3,prompt4,gpt,prompt4,Ele está tomando café da manhã com sua família.,0.9054
104,manual_data,literais,He is having breakfast with his family.,Ele está rompendo o jejum com quem o espera à mesa.,gemma3,prompt4,gemini,prompt2,Ele está tomando café da manhã com a família dele.,0.9162
104,manual_data,literais,He is having breakfast with his family.,Ele está rompendo o jejum com quem o espera à mesa.,gemma3,prompt4,gemini,prompt4,Ele está dividindo o pão com a família.,0.9337
104,manual_data,literais,He is having breakfast with his family.,Ele está rompendo o jejum com quem o espera à mesa.,gemma3,prompt4,gemma3,prompt2,Ele está tomando café da manhã com sua família.,0.9054
104,manual_data,literais,He is having breakfast with his family.,Ele está rompendo o jejum com quem o espera à mesa.,gemma3,prompt4,gemmaX,sem_prompt,Ele está tomando café da manhã com sua família.,0.9054
114,manual_data,literais,He enjoyed a cup of coffee in the morning.,Ele tomou um gole de sol pela manhã.,gemini,prompt4,gpt,prompt2,Ele desfrutou de uma xícara de café pela manhã.,0.9035
114,manual_data,literais,He enjoyed a cup of coffee in the morning.,Ele tomou um gole de sol pela manhã.,gemini,prompt4,gpt,prompt4,Ele saboreou uma xícara de café pela manhã.,0.9073
114,manual_data,literais,He enjoyed a cup of coffee in the morning.,Ele tomou um gole de sol pela manhã.,gemini,prompt4,gemini,prompt2,Ele apreciou uma xícara de café pela manhã.,0.9087
114,manual_data,literais,He enjoyed a cup of coffee in the morning.,Ele tomou um gole de sol pela manhã.,gemini,prompt4,gemma3,prompt2,Ele apreciou uma xícara de café pela manhã.,0.9087
114,manual_data,literais,He enjoyed a cup of coffee in the morning.,Ele tomou um gole de sol pela manhã.,gemini,prompt4,gemma3,prompt4,Ele saboreou o despertar em xícaras de café.,0.89
114,manual_data,literais,He enjoyed a cup of coffee in the morning.,Ele tomou um gole de sol pela manhã.,gemini,prompt4,gemmaX,sem_prompt,Ele gostava de uma xícara de café de manhã.,0.901
126,manual_data,literais,He is cutting vegetables for dinner.,Ele está fatiando a noite.,gemini,prompt4,gpt,prompt2,Ele está cortando legumes para o jantar.,0.9208
126,manual_data,literais,He is cutting vegetables for dinner.,Ele está fatiando a noite.,gemini,prompt4,gpt,prompt4,Ele está picando os legumes para o jantar.,0.9277
126,manual_data,literais,He is cutting vegetables for dinner.,Ele está fatiando a noite.,gemini,prompt4,gemini,prompt2,Ele está cortando vegetais para o jantar.,0.9173
126,manual_data,literais,He is cutting vegetables for dinner.,Ele está fatiando a noite.,gemini,prompt4,gemma3,prompt2,Ele está cortando legumes para o jantar.,0.9208
126,manual_data,literais,He is cutting vegetables for dinner.,Ele está fatiando a noite.,gemini,prompt4,gemma3,prompt4,Ele está lapidando a ceia.,0.9056
126,manual_data,literais,He is cutting vegetables for dinner.,Ele está fatiando a noite.,gemini,prompt4,gemmaX,sem_prompt,Ele está cortando legumes para o jantar.,0.9208
153,manual_data,literais,They watched a movie on the weekend.,Eles se perderam na tela do fim de semana.,gemma3,prompt4,gpt,prompt2,Eles assistiram a um filme no fim de semana.,0.9534
153,manual_data,literais,They watched a movie on the weekend.,Eles se perderam na tela do fim de semana.,gemma3,prompt4,gpt,prompt4,Eles assistiram a um filme no fim de semana.,0.9534
153,manual_data,literais,They watched a movie on the weekend.,Eles se perderam na tela do fim de semana.,gemma3,prompt4,gemini,prompt2,Eles assistiram a um filme no fim de semana.,0.9534
153,manual_data,literais,They watched a movie on the weekend.,Eles se perderam na tela do fim de semana.,gemma3,prompt4,gemini,prompt4,"No fim de semana, eles se embalaram num filme.",0.94
153,manual_data,literais,They watched a movie on the weekend.,Eles se perderam na tela do fim de semana.,gemma3,prompt4,gemma3,prompt2,Eles assistiram a um filme no fim de semana.,0.9534
153,manual_data,literais,They watched a movie on the weekend.,Eles se perderam na tela do fim de semana.,gemma3,prompt4,gemmaX,sem_prompt,Eles assistiram a um filme no fim de semana.,0.9534
162,manual_data,literais,He went to the gym to lift weights.,Ele foi à academia para inflar os músculos.,gemini,prompt4,gpt,prompt2,Ele foi para a academia levantar pesos.,0.9508
162,manual_data,literais,He went to the gym to lift weights.,Ele foi à academia para inflar os músculos.,gemini,prompt4,gpt,prompt4,Ele foi à academia para malhar.,0.9493
162,manual_data,literais,He went to the gym to lift weights.,Ele foi à academia para inflar os músculos.,gemini,prompt4,gemini,prompt2,Ele foi à academia para levantar pesos.,0.9604
162,manual_data,literais,He went to the gym to lift weights.,Ele foi à academia para inflar os músculos.,gemini,prompt4,gemma3,prompt2,Ele foi para a academia para levantar pesos.,0.9607
162,manual_data,literais,He went to the gym to lift weights.,Ele foi à academia para inflar os músculos.,gemini,prompt4,gemma3,prompt4,Ele foi para a academia fortalecer suas entranhas.,0.9354
162,manual_data,literais,He went to the gym to lift weights.,Ele foi à academia para inflar os músculos.,gemini,prompt4,gemmaX,sem_prompt,Ele foi para a academia para levantar pesos.,0.9607
181,manual_data,literais,He is cleaning the windows.,Ele está limpando a barra.,gemini,prompt4,gpt,prompt2,Ele está limpando as janelas.,0.9414
181,manual_data,literais,He is cleaning the windows.,Ele está limpando a barra.,gemini,prompt4,gpt,prompt4,Ele está limpando os horizontes.,0.9627
181,manual_data,literais,He is cleaning the windows.,Ele está limpando a barra.,gemini,prompt4,gemini,prompt2,Ele está limpando as janelas.,0.9414
181,manual_data,literais,He is cleaning the windows.,Ele está limpando a barra.,gemini,prompt4,gemma3,prompt2,Ele está limpando as janelas.,0.9414
181,manual_data,literais,He is cleaning the windows.,Ele está limpando a barra.,gemini,prompt4,gemma3,prompt4,Ele está lustrando a transparência.,0.903
181,manual_data,literais,He is cleaning the windows.,Ele está limpando a barra.,gemini,prompt4,gemmaX,sem_prompt,Ele está limpando as janelas.,0.9414
189,manual_data,literais,He went to the doctor for a check-up.,Foi dar um trato no corpo.,gemma3,prompt4,gpt,prompt2,Ele foi ao médico para um exame de rotina.,0.9063
189,manual_data,literais,He went to the doctor for a check-up.,Foi dar um trato no corpo.,gemma3,prompt4,gpt,prompt4,Ele foi ao médico para uma consulta.,0.9188
189,manual_data,literais,He went to the doctor for a check-up.,Foi dar um trato no corpo.,gemma3,prompt4,gemini,prompt2,Ele foi ao médico para um check-up.,0.897
189,manual_data,literais,He went to the doctor for a check-up.,Foi dar um trato no corpo.,gemma3,prompt4,gemini,prompt4,Ele foi ao médico para uma revisão geral.,0.9086
189,manual_data,literais,He went to the doctor for a check-up.,Foi dar um trato no corpo.,gemma3,prompt4,gemma3,prompt2,Ele foi ao médico para um check-up.,0.897
189,manual_data,literais,He went to the doctor for a check-up.,Foi dar um trato no corpo.,gemma3,prompt4,gemmaX,sem_prompt,Ele foi ao médico para fazer um check-up.,0.9045
190,manual_data,literais,She is watching the sunset from the balcony.,Ela contempla o crepúsculo do dia a partir do vão da janela.,gemma3,prompt4,gpt,prompt2,Ela está assistindo ao pôr do sol da varanda.,0.9084
190,manual_data,literais,She is watching the sunset from the balcony.,Ela contempla o crepúsculo do dia a partir do vão da janela.,gemma3,prompt4,gpt,prompt4,Ela está contemplando o pôr do sol da sacada.,0.9419
190,manual_data,literais,She is watching the sunset from the balcony.,Ela contempla o crepúsculo do dia a partir do vão da janela.,gemma3,prompt4,gemini,prompt2,Ela está assistindo o pôr do sol da varanda.,0.9137
190,manual_data,literais,She is watching the sunset from the balcony.,Ela contempla o crepúsculo do dia a partir do vão da janela.,gemma3,prompt4,gemini,prompt4,Ela contempla o ocaso da varanda.,0.936
190,manual_data,literais,She is watching the sunset from the balcony.,Ela contempla o crepúsculo do dia a partir do vão da janela.,gemma3,prompt4,gemma3,prompt2,Ela está observando o pôr do sol da varanda.,0.9388
190,manual_data,literais,She is watching the sunset from the balcony.,Ela contempla o crepúsculo do dia a partir do vão da janela.,gemma3,prompt4,gemmaX,sem_prompt,Ela está vendo o pôr do sol da varanda.,0.9309
193,manual_data,literais,He is playing the guitar in the living room.,Ele dedilha o violão na sala.,gemma3,prompt4,gpt,prompt2,Ele está tocando violão na sala de estar.,0.9317
193,manual_data,literais,He is playing the guitar in the living room.,Ele dedilha o violão na sala.,gemma3,prompt4,gpt,prompt4,Ele está dedilhando a guitarra na sala de estar.,0.9317
193,manual_data,literais,He is playing the guitar in the living room.,Ele dedilha o violão na sala.,gemma3,prompt4,gemini,prompt2,Ele está tocando guitarra na sala de estar.,0.9159
193,manual_data,literais,He is playing the guitar in the living room.,Ele dedilha o violão na sala.,gemma3,prompt4,gemini,prompt4,Ele está dedilhando a alma da sala.,0.9382
193,manual_data,literais,He is playing the guitar in the living room.,Ele dedilha o violão na sala.,gemma3,prompt4,gemma3,prompt2,Ele está tocando a guitarra na sala de estar.,0.9162
193,manual_data,literais,He is playing the guitar in the living room.,Ele dedilha o violão na sala.,gemma3,prompt4,gemmaX,sem_prompt,Ele está tocando violão na sala de estar.,0.9317
196,manual_data,literais,I went to the beach for vacation.,Deixei-me levar pela orla da alma.,gemma3,prompt4,gpt,prompt2,Eu fui para a praia de férias.,0.9002
196,manual_data,literais,I went to the beach for vacation.,Deixei-me levar pela orla da alma.,gemma3,prompt4,gpt,prompt4,Fui à praia para relaxar.,0.9031
196,manual_data,literais,I went to the beach for vacation.,Deixei-me levar pela orla da alma.,gemma3,prompt4,gemini,prompt2,Eu fui à praia para as férias.,0.8989
196,manual_data,literais,I went to the beach for vacation.,Deixei-me levar pela orla da alma.,gemma3,prompt4,gemini,prompt4,Mergulhei na praia para as férias.,0.8823
196,manual_data,literais,I went to the beach for vacation.,Deixei-me levar pela orla da alma.,gemma3,prompt4,gemma3,prompt2,Eu fui à praia de férias.,0.9001
196,manual_data,literais,I went to the beach for vacation.,Deixei-me levar pela orla da alma.,gemma3,prompt4,gemmaX,sem_prompt,Fui para a praia de férias.,0.9045
203,manual_data,literais,They are making pizza together.,Estão botando a mão na massa juntos.,gemini,prompt4,gpt,prompt2,Eles estão fazendo pizza juntos.,0.9248
203,manual_data,literais,They are making pizza together.,Estão botando a mão na massa juntos.,gemini,prompt4,gpt,prompt4,Eles estão se unindo para criar algo especial.,0.8819
203,manual_data,literais,They are making pizza together.,Estão botando a mão na massa juntos.,gemini,prompt4,gemini,prompt2,Eles estão fazendo pizza juntos.,0.9248
203,manual_data,literais,They are making pizza together.,Estão botando a mão na massa juntos.,gemini,prompt4,gemma3,prompt2,Eles estão fazendo pizza juntos.,0.9248
203,manual_data,literais,They are making pizza together.,Estão botando a mão na massa juntos.,gemini,prompt4,gemma3,prompt4,Estão a moldar um pedaço de alegria juntos.,0.9241
203,manual_data,literais,They are making pizza together.,Estão botando a mão na massa juntos.,gemini,prompt4,gemmaX,sem_prompt,Estão a fazer uma pizza juntos.,0.952
208,manual_data,literais,He called his parents yesterday.,Ele ligou para a base ontem.,gemini,prompt4,gpt,prompt2,Ele chamou os pais dele ontem.,0.9359
208,manual_data,literais,He called his parents yesterday.,Ele ligou para a base ontem.,gemini,prompt4,gpt,prompt4,Ele entrou em contato com os pais ontem.,0.9346
208,manual_data,literais,He called his parents yesterday.,Ele ligou para a base ontem.,gemini,prompt4,gemini,prompt2,Ele ligou para os pais dele ontem.,0.9401
208,manual_data,literais,He called his parents yesterday.,Ele ligou para a base ontem.,gemini,prompt4,gemma3,prompt2,Ele ligou para os pais dele ontem.,0.9401
208,manual_data,literais,He called his parents yesterday.,Ele ligou para a base ontem.,gemini,prompt4,gemma3,prompt4,Ele telefonou para os pais no ontem.,0.9417
208,manual_data,literais,He called his parents yesterday.,Ele ligou para a base ontem.,gemini,prompt4,gemmaX,sem_prompt,Ele ligou para os pais dele ontem.,0.9401
210,manual_data,literais,She danced at the party last night.,Ela se entregou à dança na festa passada.,gemma3,prompt4,gpt,prompt2,Ela dançou na festa na noite passada.,0.9514
210,manual_data,literais,She danced at the party last night.,Ela se entregou à dança na festa passada.,gemma3,prompt4,gpt,prompt4,Ela dançou na festa na noite passada.,0.9514
210,manual_data,literais,She danced at the party last night.,Ela se entregou à dança na festa passada.,gemma3,prompt4,gemini,prompt2,Ela dançou na festa ontem à noite.,0.9378
210,manual_data,literais,She danced at the party last night.,Ela se entregou à dança na festa passada.,gemma3,prompt4,gemini,prompt4,Ela foi a faísca da festa ontem à noite.,0.9064
210,manual_data,literais,She danced at the party last night.,Ela se entregou à dança na festa passada.,gemma3,prompt4,gemma3,prompt2,Ela dançou na festa ontem à noite.,0.9378
210,manual_data,literais,She danced at the party last night.,Ela se entregou à dança na festa passada.,gemma3,prompt4,gemmaX,sem_prompt,Ela dançou na festa ontem à noite.,0.9378
228,manual_data,literais,She is listening to music while cooking.,Ela dança com os sabores enquanto a cozinha se rende.,gemma3,prompt4,gpt,prompt2,Ela está ouvindo música enquanto cozinha.,0.9309
228,manual_data,literais,She is listening to music while cooking.,Ela dança com os sabores enquanto a cozinha se rende.,gemma3,prompt4,gpt,prompt4,Ela está ouvindo música enquanto cozinha.,0.9309
228,manual_data,literais,She is listening to music while cooking.,Ela dança com os sabores enquanto a cozinha se rende.,gemma3,prompt4,gemini,prompt2,Ela está ouvindo música enquanto cozinha.,0.9309
228,manual_data,literais,She is listening to music while cooking.,Ela dança com os sabores enquanto a cozinha se rende.,gemma3,prompt4,gemini,prompt4,Ela tempera a cozinha com melodias.,0.9327
228,manual_data,literais,She is listening to music while cooking.,Ela dança com os sabores enquanto a cozinha se rende.,gemma3,prompt4,gemma3,prompt2,Ela está ouvindo música enquanto cozinha.,0.9309
228,manual_data,literais,She is listening to music while cooking.,Ela dança com os sabores enquanto a cozinha se rende.,gemma3,prompt4,gemmaX,sem_prompt,Ela está ouvindo música enquanto cozinha.,0.9309
244,manual_data,literais,He went fishing with his friends.,Partiu à pesca com a turma.,gemma3,prompt4,gpt,prompt2,Ele foi pescar com os amigos.,0.9416
244,manual_data,literais,He went fishing with his friends.,Partiu à pesca com a turma.,gemma3,prompt4,gpt,prompt4,Ele foi pescar com os amigos.,0.9416
244,manual_data,literais,He went fishing with his friends.,Partiu à pesca com a turma.,gemma3,prompt4,gemini,prompt2,Ele foi pescar com seus amigos.,0.9279
244,manual_data,literais,He went fishing with his friends.,Partiu à pesca com a turma.,gemma3,prompt4,gemini,prompt4,Foi pescar com os amigos.,0.9505
244,manual_data,literais,He went fishing with his friends.,Partiu à pesca com a turma.,gemma3,prompt4,gemma3,prompt2,Ele foi pescar com seus amigos.,0.9279
244,manual_data,literais,He went fishing with his friends.,Partiu à pesca com a turma.,gemma3,prompt4,gemmaX,sem_prompt,Ele foi pescar com seus amigos.,0.9279
254,manual_data,literais,She plays the piano beautifully.,Ela acaricia o piano com alma.,gemini,prompt4,gpt,prompt2,Ela toca piano lindamente.,0.9168
254,manual_data,literais,She plays the piano beautifully.,Ela acaricia o piano com alma.,gemini,prompt4,gpt,prompt4,Ela toca piano com maestria.,0.9264
254,manual_data,literais,She plays the piano beautifully.,Ela acaricia o piano com alma.,gemini,prompt4,gemini,prompt2,Ela toca piano lindamente.,0.9168
254,manual_data,literais,She plays the piano beautifully.,Ela acaricia o piano com alma.,gemini,prompt4,gemma3,prompt2,Ela toca piano lindamente.,0.9168
254,manual_data,literais,She plays the piano beautifully.,Ela acaricia o piano com alma.,gemini,prompt4,gemma3,prompt4,Ela dança com as teclas.,0.898
254,manual_data,literais,She plays the piano beautifully.,Ela acaricia o piano com alma.,gemini,prompt4,gemmaX,sem_prompt,Ela toca piano lindamente.,0.9168
262,manual_data,literais,He is repairing the broken chair.,Ele está consertando os pedaços da vida.,gemini,prompt4,gpt,prompt2,Ele está consertando a cadeira quebrada.,0.9564
262,manual_data,literais,He is repairing the broken chair.,Ele está consertando os pedaços da vida.,gemini,prompt4,gpt,prompt4,Ele está consertando a cadeira quebrada.,0.9564
262,manual_data,literais,He is repairing the broken chair.,Ele está consertando os pedaços da vida.,gemini,prompt4,gemini,prompt2,Ele está consertando a cadeira quebrada.,0.9564
262,manual_data,literais,He is repairing the broken chair.,Ele está consertando os pedaços da vida.,gemini,prompt4,gemma3,prompt2,Ele está consertando a cadeira quebrada.,0.9564
262,manual_data,literais,He is repairing the broken chair.,Ele está consertando os pedaços da vida.,gemini,prompt4,gemma3,prompt4,Ele está remendando a cadeira rachada.,0.9269
262,manual_data,literais,He is repairing the broken chair.,Ele está consertando os pedaços da vida.,gemini,prompt4,gemmaX,sem_prompt,Ele está consertando a cadeira quebrada.,0.9564
263,manual_data,literais,She is watching a movie at the theater.,Ela se entrega à tela na penumbra do palco.,gemma3,prompt4,gpt,prompt2,Ela está assistindo a um filme no cinema.,0.9114
263,manual_data,literais,She is watching a movie at the theater.,Ela se entrega à tela na penumbra do palco.,gemma3,prompt4,gpt,prompt4,Ela está assistindo a um filme no cinema.,0.9114
263,manual_data,literais,She is watching a movie at the theater.,Ela se entrega à tela na penumbra do palco.,gemma3,prompt4,gemini,prompt2,Ela está assistindo a um filme no cinema.,0.9114
263,manual_data,literais,She is watching a movie at the theater.,Ela se entrega à tela na penumbra do palco.,gemma3,prompt4,gemini,prompt4,Ela está com os olhos grudados na tela.,0.89
263,manual_data,literais,She is watching a movie at the theater.,Ela se entrega à tela na penumbra do palco.,gemma3,prompt4,gemma3,prompt2,Ela está assistindo a um filme no cinema.,0.9114
263,manual_data,literais,She is watching a movie at the theater.,Ela se entrega à tela na penumbra do palco.,gemma3,prompt4,gemmaX,sem_prompt,Ela está assistindo um filme no cinema.,0.9068
273,manual_data,literais,He watched a football match on TV.,Ele acompanhou um espetáculo de embates em uma tela.,gemma3,prompt4,gpt,prompt2,Ele assistiu a uma partida de futebol na TV.,0.9411
273,manual_data,literais,He watched a football match on TV.,Ele acompanhou um espetáculo de embates em uma tela.,gemma3,prompt4,gpt,prompt4,Ele assistiu a um jogo de futebol na TV.,0.9422
273,manual_data,literais,He watched a football match on TV.,Ele acompanhou um espetáculo de embates em uma tela.,gemma3,prompt4,gemini,prompt2,Ele assistiu a uma partida de futebol na TV.,0.9411
273,manual_data,literais,He watched a football match on TV.,Ele acompanhou um espetáculo de embates em uma tela.,gemma3,prompt4,gemini,prompt4,Ele assistiu a um duelo de gigantes na telinha.,0.9296
273,manual_data,literais,He watched a football match on TV.,Ele acompanhou um espetáculo de embates em uma tela.,gemma3,prompt4,gemma3,prompt2,Ele assistiu a uma partida de futebol na TV.,0.9411
273,manual_data,literais,He watched a football match on TV.,Ele acompanhou um espetáculo de embates em uma tela.,gemma3,prompt4,gemmaX,sem_prompt,Ele assistiu a uma partida de futebol na TV.,0.9411
285,manual_data,literais,He is working on his laptop.,Ele está debruçado sobre o teclado.,gemma3,prompt4,gpt,prompt2,Ele está trabalhando em seu laptop.,0.9357
285,manual_data,literais,He is working on his laptop.,Ele está debruçado sobre o teclado.,gemma3,prompt4,gpt,prompt4,Ele está digitando em seu laptop.,0.9225
285,manual_data,literais,He is working on his laptop.,Ele está debruçado sobre o teclado.,gemma3,prompt4,gemini,prompt2,Ele está trabalhando em seu laptop.,0.9357
285,manual_data,literais,He is working on his laptop.,Ele está debruçado sobre o teclado.,gemma3,prompt4,gemini,prompt4,Ele está teclando no seu cérebro.,0.8996
285,manual_data,literais,He is working on his laptop.,Ele está debruçado sobre o teclado.,gemma3,prompt4,gemma3,prompt2,Ele está trabalhando em seu laptop.,0.9357
285,manual_data,literais,He is working on his laptop.,Ele está debruçado sobre o teclado.,gemma3,prompt4,gemmaX,sem_prompt,Ele está trabalhando em seu laptop.,0.9357
288,manual_data,literais,She had a cup of soup for lunch.,Ela almoçou uma caneca de sopa.,gemini,prompt4,gpt,prompt2,Ela teve uma xícara de sopa no almoço.,0.9425
288,manual_data,literais,She had a cup of soup for lunch.,Ela almoçou uma caneca de sopa.,gemini,prompt4,gpt,prompt4,Ela teve um prato de sopa no almoço.,0.9584
288,manual_data,literais,She had a cup of soup for lunch.,Ela almoçou uma caneca de sopa.,gemini,prompt4,gemini,prompt2,Ela comeu uma xícara de sopa no almoço.,0.9459
288,manual_data,literais,She had a cup of soup for lunch.,Ela almoçou uma caneca de sopa.,gemini,prompt4,gemma3,prompt2,Ela tomou uma sopa no almoço.,0.9533
288,manual_data,literais,She had a cup of soup for lunch.,Ela almoçou uma caneca de sopa.,gemini,prompt4,gemma3,prompt4,Ela se fartou de um caldo ao meio-dia.,0.8826
288,manual_data,literais,She had a cup of soup for lunch.,Ela almoçou uma caneca de sopa.,gemini,prompt4,gemmaX,sem_prompt,Ela tomou uma xícara de sopa no almoço.,0.9427
294,manual_data,literais,The sun rises in the east.,A aurora desponta no oriente.,gemma3,prompt4,gpt,prompt2,O sol nasce no leste.,0.8536
294,manual_data,literais,The sun rises in the east.,A aurora desponta no oriente.,gemma3,prompt4,gpt,prompt4,O sol nasce no Oriente.,0.8661
294,manual_data,literais,The sun rises in the east.,A aurora desponta no oriente.,gemma3,prompt4,gemini,prompt2,O sol nasce no leste.,0.8536
294,manual_data,literais,The sun rises in the east.,A aurora desponta no oriente.,gemma3,prompt4,gemini,prompt4,O sol desponta no oriente.,0.9072
294,manual_data,literais,The sun rises in the east.,A aurora desponta no oriente.,gemma3,prompt4,gemma3,prompt2,O sol nasce no leste.,0.8536
294,manual_data,literais,The sun rises in the east.,A aurora desponta no oriente.,gemma3,prompt4,gemmaX,sem_prompt,O sol nasce no leste.,0.8536
300,manual_data,literais,She is walking through the forest.,Ela se aventura pela mata.,gemma3,prompt4,gpt,prompt2,Ela está caminhando pela floresta.,0.8914
300,manual_data,literais,She is walking through the forest.,Ela se aventura pela mata.,gemma3,prompt4,gpt,prompt4,Ela está caminhando pela floresta.,0.8914
300,manual_data,literais,She is walking through the forest.,Ela se aventura pela mata.,gemma3,prompt4,gemini,prompt2,Ela está caminhando pela floresta.,0.8914
300,manual_data,literais,She is walking through the forest.,Ela se aventura pela mata.,gemma3,prompt4,gemini,prompt4,Ela vagueia pela floresta da vida.,0.8979
300,manual_data,literais,She is walking through the forest.,Ela se aventura pela mata.,gemma3,prompt4,gemma3,prompt2,Ela está caminhando pela floresta.,0.8914
300,manual_data,literais,She is walking through the forest.,Ela se aventura pela mata.,gemma3,prompt4,gemmaX,sem_prompt,Ela está andando pela floresta.,0.8983
306,manual_data,literais,She is arranging flowers in a vase.,Ela está lapidando a beleza.,gemini,prompt4,gpt,prompt2,Ela está arrumando flores em um vaso.,0.9277
306,manual_data,literais,She is arranging flowers in a vase.,Ela está lapidando a beleza.,gemini,prompt4,gpt,prompt4,Ela está organizando flores em um vaso.,0.9333
306,manual_data,literais,She is arranging flowers in a vase.,Ela está lapidando a beleza.,gemini,prompt4,gemini,prompt2,Ela está arranjando flores em um vaso.,0.9313
306,manual_data,literais,She is arranging flowers in a vase.,Ela está lapidando a beleza.,gemini,prompt4,gemma3,prompt2,Ela está arranjando flores em um vaso.,0.9313
306,manual_data,literais,She is arranging flowers in a vase.,Ela está lapidando a beleza.,gemini,prompt4,gemma3,prompt4,Ela está tecendo vida em um receptáculo.,0.8945
306,manual_data,literais,She is arranging flowers in a vase.,Ela está lapidando a beleza.,gemini,prompt4,gemmaX,sem_prompt,Ela está organizando flores em um vaso.,0.9333
307,manual_data,literais,They went shopping for new clothes.,Foram às compras para trocar de pele.,gemini,prompt4,gpt,prompt2,Eles foram às compras por roupas novas.,0.9208
307,manual_data,literais,They went shopping for new clothes.,Foram às compras para trocar de pele.,gemini,prompt4,gpt,prompt4,Eles foram às compras por novas roupas.,0.9214
307,manual_data,literais,They went shopping for new clothes.,Foram às compras para trocar de pele.,gemini,prompt4,gemini,prompt2,Eles foram comprar roupas novas.,0.9127
307,manual_data,literais,They went shopping for new clothes.,Foram às compras para trocar de pele.,gemini,prompt4,gemma3,prompt2,Eles foram fazer compras de roupas novas.,0.9179
307,manual_data,literais,They went shopping for new clothes.,Foram às compras para trocar de pele.,gemini,prompt4,gemma3,prompt4,Foram às compras renovar o guarda-roupa.,0.9188
307,manual_data,literais,They went shopping for new clothes.,Foram às compras para trocar de pele.,gemini,prompt4,gemmaX,sem_prompt,Eles foram comprar roupas novas.,0.9127
316,manual_data,literais,He is writing an essay for school.,Ele está botando as tripas no papel.,gemini,prompt4,gpt,prompt2,Ele está escrevendo um ensaio para a escola.,0.9272
316,manual_data,literais,He is writing an essay for school.,Ele está botando as tripas no papel.,gemini,prompt4,gpt,prompt4,Ele está escrevendo uma redação para a escola.,0.9251
316,manual_data,literais,He is writing an essay for school.,Ele está botando as tripas no papel.,gemini,prompt4,gemini,prompt2,Ele está escrevendo uma redação para a escola.,0.9251
316,manual_data,literais,He is writing an essay for school.,Ele está botando as tripas no papel.,gemini,prompt4,gemma3,prompt2,Ele está escrevendo uma redação para a escola.,0.9251
316,manual_data,literais,He is writing an essay for school.,Ele está botando as tripas no papel.,gemini,prompt4,gemma3,prompt4,Ele está tecendo palavras para a escola.,0.9275
316,manual_data,literais,He is writing an essay for school.,Ele está botando as tripas no papel.,gemini,prompt4,gemmaX,sem_prompt,Ele está escrevendo um ensaio para a escola.,0.9272
319,manual_data,literais,He visited his grandmother in the hospital.,Ele foi fazer companhia à avó no corredor da esperança.,gemini,prompt4,gpt,prompt2,Ele visitou sua avó no hospital.,0.9152
319,manual_data,literais,He visited his grandmother in the hospital.,Ele foi fazer companhia à avó no corredor da esperança.,gemini,prompt4,gpt,prompt4,Ele visitou sua avó no hospital.,0.9152
319,manual_data,literais,He visited his grandmother in the hospital.,Ele foi fazer companhia à avó no corredor da esperança.,gemini,prompt4,gemini,prompt2,Ele visitou sua avó no hospital.,0.9152
319,manual_data,literais,He visited his grandmother in the hospital.,Ele foi fazer companhia à avó no corredor da esperança.,gemini,prompt4,gemma3,prompt2,Ele visitou sua avó no hospital.,0.9152
319,manual_data,literais,He visited his grandmother in the hospital.,Ele foi fazer companhia à avó no corredor da esperança.,gemini,prompt4,gemma3,prompt4,Ele foi visitar a avó no leito de doença.,0.9486
319,manual_data,literais,He visited his grandmother in the hospital.,Ele foi fazer companhia à avó no corredor da esperança.,gemini,prompt4,gemmaX,sem_prompt,Ele visitou sua avó no hospital.,0.9152
328,manual_data,literais,He is eating dinner with his family.,Ele está partilhando o pão com os seus.,gemma3,prompt4,gpt,prompt2,Ele está jantando com sua família.,0.9101
328,manual_data,literais,He is eating dinner with his family.,Ele está partilhando o pão com os seus.,gemma3,prompt4,gpt,prompt4,Ele está jantando com sua família.,0.9101
328,manual_data,literais,He is eating dinner with his family.,Ele está partilhando o pão com os seus.,gemma3,prompt4,gemini,prompt2,Ele está jantando com a família dele.,0.9133
328,manual_data,literais,He is eating dinner with his family.,Ele está partilhando o pão com os seus.,gemma3,prompt4,gemini,prompt4,Ele está ceando em família.,0.9065
328,manual_data,literais,He is eating dinner with his family.,Ele está partilhando o pão com os seus.,gemma3,prompt4,gemma3,prompt2,Ele está jantando com sua família.,0.9101
328,manual_data,literais,He is eating dinner with his family.,Ele está partilhando o pão com os seus.,gemma3,prompt4,gemmaX,sem_prompt,Ele está jantando com sua família.,0.9101
332,manual_data,literais,I am playing video games in my room.,Estou navegando em mundos virtuais no meu refúgio.,gemini,prompt4,gpt,prompt2,Estou jogando videogames no meu quarto.,0.9337
332,manual_data,literais,I am playing video games in my room.,Estou navegando em mundos virtuais no meu refúgio.,gemini,prompt4,gpt,prompt4,Estou jogando videogames no meu quarto.,0.9337
332,manual_data,literais,I am playing video games in my room.,Estou navegando em mundos virtuais no meu refúgio.,gemini,prompt4,gemini,prompt2,Estou jogando video games no meu quarto.,0.9332
332,manual_data,literais,I am playing video games in my room.,Estou navegando em mundos virtuais no meu refúgio.,gemini,prompt4,gemma3,prompt2,Estou jogando videogame no meu quarto.,0.9294
332,manual_data,literais,I am playing video games in my room.,Estou navegando em mundos virtuais no meu refúgio.,gemini,prompt4,gemma3,prompt4,Estou me perdendo em pixels no meu quarto.,0.9354
332,manual_data,literais,I am playing video games in my room.,Estou navegando em mundos virtuais no meu refúgio.,gemini,prompt4,gemmaX,sem_prompt,Estou jogando videogame no meu quarto.,0.9294
336,manual_data,literais,He is going to the post office.,Ele vai levar os anseios à agência.,gemma3,prompt4,gpt,prompt2,Ele está indo ao correio.,0.9281
336,manual_data,literais,He is going to the post office.,Ele vai levar os anseios à agência.,gemma3,prompt4,gpt,prompt4,Ele está indo ao correio.,0.9281
336,manual_data,literais,He is going to the post office.,Ele vai levar os anseios à agência.,gemma3,prompt4,gemini,prompt2,Ele vai aos correios.,0.9526
336,manual_data,literais,He is going to the post office.,Ele vai levar os anseios à agência.,gemma3,prompt4,gemini,prompt4,Ele vai ao correio.,0.9446
336,manual_data,literais,He is going to the post office.,Ele vai levar os anseios à agência.,gemma3,prompt4,gemma3,prompt2,Ele vai para o correio.,0.8933
336,manual_data,literais,He is going to the post office.,Ele vai levar os anseios à agência.,gemma3,prompt4,gemmaX,sem_prompt,Ele está indo para a agência dos correios.,0.9489
339,manual_data,literais,She is playing piano in the evening.,Ela tece melodias ao cair da noite.,gemma3,prompt4,gpt,prompt2,Ela está tocando piano à noite.,0.9266
339,manual_data,literais,She is playing piano in the evening.,Ela tece melodias ao cair da noite.,gemma3,prompt4,gpt,prompt4,Ela está dedilhando piano à luz da lua.,0.8905
339,manual_data,literais,She is playing piano in the evening.,Ela tece melodias ao cair da noite.,gemma3,prompt4,gemini,prompt2,Ela está tocando piano à noite.,0.9266
339,manual_data,literais,She is playing piano in the evening.,Ela tece melodias ao cair da noite.,gemma3,prompt4,gemini,prompt4,Ela despeja a noite no piano.,0.9369
339,manual_data,literais,She is playing piano in the evening.,Ela tece melodias ao cair da noite.,gemma3,prompt4,gemma3,prompt2,Ela está tocando piano à noite.,0.9266
339,manual_data,literais,She is playing piano in the evening.,Ela tece melodias ao cair da noite.,gemma3,prompt4,gemmaX,sem_prompt,Ela está tocando piano à noite.,0.9266
342,manual_data,literais,They cleaned the house on Saturday.,Deixaram a casa brilhando no sábado.,gemma3,prompt4,gpt,prompt2,Eles limparam a casa no sábado.,0.9655
342,manual_data,literais,They cleaned the house on Saturday.,Deixaram a casa brilhando no sábado.,gemma3,prompt4,gpt,prompt4,Eles deram uma geral na casa no sábado.,0.9465
342,manual_data,literais,They cleaned the house on Saturday.,Deixaram a casa brilhando no sábado.,gemma3,prompt4,gemini,prompt2,Eles limparam a casa no sábado.,0.9655
342,manual_data,literais,They cleaned the house on Saturday.,Deixaram a casa brilhando no sábado.,gemma3,prompt4,gemini,prompt4,Eles colocaram a casa nos eixos no sábado.,0.9359
342,manual_data,literais,They cleaned the house on Saturday.,Deixaram a casa brilhando no sábado.,gemma3,prompt4,gemma3,prompt2,Eles limparam a casa no sábado.,0.9655
342,manual_data,literais,They cleaned the house on Saturday.,Deixaram a casa brilhando no sábado.,gemma3,prompt4,gemmaX,sem_prompt,Limparam a casa no sábado.,0.9508
346,manual_data,literais,She played cards with her friends.,Ela passou a tarde se divertindo com as cartas e as amigas.,gemma3,prompt4,gpt,prompt2,Ela jogou cartas com os amigos.,0.9529
346,manual_data,literais,She played cards with her friends.,Ela passou a tarde se divertindo com as cartas e as amigas.,gemma3,prompt4,gpt,prompt4,Ela jogou na sorte com suas amigas.,0.9281
346,manual_data,literais,She played cards with her friends.,Ela passou a tarde se divertindo com as cartas e as amigas.,gemma3,prompt4,gemini,prompt2,Ela jogou cartas com as amigas dela.,0.9563
346,manual_data,literais,She played cards with her friends.,Ela passou a tarde se divertindo com as cartas e as amigas.,gemma3,prompt4,gemini,prompt4,Ela jogou cartas com as amigas.,0.9632
346,manual_data,literais,She played cards with her friends.,Ela passou a tarde se divertindo com as cartas e as amigas.,gemma3,prompt4,gemma3,prompt2,Ela jogou cartas com seus amigos.,0.9439
346,manual_data,literais,She played cards with her friends.,Ela passou a tarde se divertindo com as cartas e as amigas.,gemma3,prompt4,gemmaX,sem_prompt,Ela jogava cartas com seus amigos.,0.9414
352,manual_data,literais,I called my friend last night.,Estiquei o fio da noite até o meu amigo.,gemma3,prompt4,gpt,prompt2,Eu liguei para o meu amigo na noite passada.,0.9327
352,manual_data,literais,I called my friend last night.,Estiquei o fio da noite até o meu amigo.,gemma3,prompt4,gpt,prompt4,Eu liguei para meu amigo ontem à noite.,0.9273
352,manual_data,literais,I called my friend last night.,Estiquei o fio da noite até o meu amigo.,gemma3,prompt4,gemini,prompt2,Liguei para meu amigo ontem à noite.,0.9333
352,manual_data,literais,I called my friend last night.,Estiquei o fio da noite até o meu amigo.,gemma3,prompt4,gemini,prompt4,Liguei para o meu amigo ontem à noite.,0.9391
352,manual_data,literais,I called my friend last night.,Estiquei o fio da noite até o meu amigo.,gemma3,prompt4,gemma3,prompt2,Eu liguei para meu amigo ontem à noite.,0.9273
352,manual_data,literais,I called my friend last night.,Estiquei o fio da noite até o meu amigo.,gemma3,prompt4,gemmaX,sem_prompt,Eu liguei para o meu amigo ontem à noite.,0.9354
354,manual_data,literais,They are attending a concert tonight.,Eles vão se jogar no som hoje à noite.,gemini,prompt4,gpt,prompt2,Eles estão assistindo a um concerto esta noite.,0.932
354,manual_data,literais,They are attending a concert tonight.,Eles vão se jogar no som hoje à noite.,gemini,prompt4,gpt,prompt4,Eles estão indo a um show esta noite.,0.9432
354,manual_data,literais,They are attending a concert tonight.,Eles vão se jogar no som hoje à noite.,gemini,prompt4,gemini,prompt2,Eles estão indo a um show esta noite.,0.9432
354,manual_data,literais,They are attending a concert tonight.,Eles vão se jogar no som hoje à noite.,gemini,prompt4,gemma3,prompt2,Eles estão indo a um show hoje à noite.,0.9565
354,manual_data,literais,They are attending a concert tonight.,Eles vão se jogar no som hoje à noite.,gemini,prompt4,gemma3,prompt4,Eles vão se deixar levar pela melodia esta noite.,0.9275
354,manual_data,literais,They are attending a concert tonight.,Eles vão se jogar no som hoje à noite.,gemini,prompt4,gemmaX,sem_prompt,Eles estão indo para um show hoje à noite.,0.9537
368,manual_data,literais,She visited the art gallery on Sunday.,Ela passeou pelo templo das cores no domingo.,gemma3,prompt4,gpt,prompt2,Ela visitou a galeria de arte no domingo.,0.9532
368,manual_data,literais,She visited the art gallery on Sunday.,Ela passeou pelo templo das cores no domingo.,gemma3,prompt4,gpt,prompt4,Ela visitou a galeria de arte no domingo.,0.9532
368,manual_data,literais,She visited the art gallery on Sunday.,Ela passeou pelo templo das cores no domingo.,gemma3,prompt4,gemini,prompt2,Ela visitou a galeria de arte no domingo.,0.9532
368,manual_data,literais,She visited the art gallery on Sunday.,Ela passeou pelo templo das cores no domingo.,gemma3,prompt4,gemini,prompt4,Ela passeou pelos quadros no domingo.,0.9537
368,manual_data,literais,She visited the art gallery on Sunday.,Ela passeou pelo templo das cores no domingo.,gemma3,prompt4,gemma3,prompt2,Ela visitou a galeria de arte no domingo.,0.9532
368,manual_data,literais,She visited the art gallery on Sunday.,Ela passeou pelo templo das cores no domingo.,gemma3,prompt4,gemmaX,sem_prompt,Ela visitou a galeria de arte no domingo.,0.9532
369,manual_data,literais,They went to a restaurant for dinner.,Foram jantar no ninho da cegonha.,gemini,prompt4,gpt,prompt2,Eles foram a um restaurante para o jantar.,0.8945
369,manual_data,literais,They went to a restaurant for dinner.,Foram jantar no ninho da cegonha.,gemini,prompt4,gpt,prompt4,Eles foram a um restaurante para jantar.,0.8942
369,manual_data,literais,They went to a restaurant for dinner.,Foram jantar no ninho da cegonha.,gemini,prompt4,gemini,prompt2,Eles foram a um restaurante para jantar.,0.8942
369,manual_data,literais,They went to a restaurant for dinner.,Foram jantar no ninho da cegonha.,gemini,prompt4,gemma3,prompt2,Eles foram a um restaurante para jantar.,0.8942
369,manual_data,literais,They went to a restaurant for dinner.,Foram jantar no ninho da cegonha.,gemini,prompt4,gemma3,prompt4,Foram jantar à mesa.,0.9163
369,manual_data,literais,They went to a restaurant for dinner.,Foram jantar no ninho da cegonha.,gemini,prompt4,gemmaX,sem_prompt,Eles foram a um restaurante para jantar.,0.8942
382,manual_data,literais,She is practicing yoga in the park.,Ela está se alongando com a natureza.,gemini,prompt4,gpt,prompt2,Ela está praticando yoga no parque.,0.9362
382,manual_data,literais,She is practicing yoga in the park.,Ela está se alongando com a natureza.,gemini,prompt4,gpt,prompt4,Ela está praticando ioga no parque.,0.9184
382,manual_data,literais,She is practicing yoga in the park.,Ela está se alongando com a natureza.,gemini,prompt4,gemini,prompt2,Ela está praticando ioga no parque.,0.9184
382,manual_data,literais,She is practicing yoga in the park.,Ela está se alongando com a natureza.,gemini,prompt4,gemma3,prompt2,Ela está praticando yoga no parque.,0.9362
382,manual_data,literais,She is practicing yoga in the park.,Ela está se alongando com a natureza.,gemini,prompt4,gemma3,prompt4,Ela está desdobrando a alma no parque.,0.9171
382,manual_data,literais,She is practicing yoga in the park.,Ela está se alongando com a natureza.,gemini,prompt4,gemmaX,sem_prompt,Ela está praticando yoga no parque.,0.9362
383,manual_data,literais,He made a sandwich for lunch.,Ele preparou um lanche para o almoço.,gemini,prompt4,gpt,prompt2,Ele fez um sanduíche para o almoço.,0.9421
383,manual_data,literais,He made a sandwich for lunch.,Ele preparou um lanche para o almoço.,gemini,prompt4,gpt,prompt4,Ele fez um lanche para o almoço.,0.9732
383,manual_data,literais,He made a sandwich for lunch.,Ele preparou um lanche para o almoço.,gemini,prompt4,gemini,prompt2,Ele fez um sanduíche para o almoço.,0.9421
383,manual_data,literais,He made a sandwich for lunch.,Ele preparou um lanche para o almoço.,gemini,prompt4,gemma3,prompt2,Ele fez um sanduíche para o almoço.,0.9421
383,manual_data,literais,He made a sandwich for lunch.,Ele preparou um lanche para o almoço.,gemini,prompt4,gemma3,prompt4,Ele montou um lanche para o almoço.,0.9675
383,manual_data,literais,He made a sandwich for lunch.,Ele preparou um lanche para o almoço.,gemini,prompt4,gemmaX,sem_prompt,Ele fez um sanduíche para o almoço.,0.9421
390,manual_data,literais,They are playing volleyball at the beach.,"Eles estão se divertindo na areia, buscando o ponto.",gemma3,prompt4,gpt,prompt2,Eles estão jogando vôlei na praia.,0.9252
390,manual_data,literais,They are playing volleyball at the beach.,"Eles estão se divertindo na areia, buscando o ponto.",gemma3,prompt4,gpt,prompt4,Eles estão se divertindo na areia.,1.0072
390,manual_data,literais,They are playing volleyball at the beach.,"Eles estão se divertindo na areia, buscando o ponto.",gemma3,prompt4,gemini,prompt2,Eles estão jogando vôlei na praia.,0.9252
390,manual_data,literais,They are playing volleyball at the beach.,"Eles estão se divertindo na areia, buscando o ponto.",gemma3,prompt4,gemini,prompt4,Estão sacando alegrias na areia.,0.9292
390,manual_data,literais,They are playing volleyball at the beach.,"Eles estão se divertindo na areia, buscando o ponto.",gemma3,prompt4,gemma3,prompt2,Eles estão jogando vôlei na praia.,0.9252
390,manual_data,literais,They are playing volleyball at the beach.,"Eles estão se divertindo na areia, buscando o ponto.",gemma3,prompt4,gemmaX,sem_prompt,Estão a jogar à voleibol na praia.,0.8729
391,manual_data,literais,He is playing soccer with his friends.,Ele está driblando a vida com a turma.,gemma3,prompt4,gpt,prompt2,Ele está jogando futebol com seus amigos.,0.9301
391,manual_data,literais,He is playing soccer with his friends.,Ele está driblando a vida com a turma.,gemma3,prompt4,gpt,prompt4,Ele está jogando bola com os amigos.,0.9442
391,manual_data,literais,He is playing soccer with his friends.,Ele está driblando a vida com a turma.,gemma3,prompt4,gemini,prompt2,Ele está jogando futebol com os amigos dele.,0.9425
391,manual_data,literais,He is playing soccer with his friends.,Ele está driblando a vida com a turma.,gemma3,prompt4,gemini,prompt4,Ele está em campo com os amigos.,0.9517
391,manual_data,literais,He is playing soccer with his friends.,Ele está driblando a vida com a turma.,gemma3,prompt4,gemma3,prompt2,Ele está jogando futebol com seus amigos.,0.9301
391,manual_data,literais,He is playing soccer with his friends.,Ele está driblando a vida com a turma.,gemma3,prompt4,gemmaX,sem_prompt,Ele está jogando futebol com seus amigos.,0.9301
402,manual_data,literais,He is checking his email.,Ele está espiando a caixa de entrada.,gemma3,prompt4,gpt,prompt2,Ele está verificando seu e-mail.,0.9095
402,manual_data,literais,He is checking his email.,Ele está espiando a caixa de entrada.,gemma3,prompt4,gpt,prompt4,Ele está conferindo suas mensagens.,0.9289
402,manual_data,literais,He is checking his email.,Ele está espiando a caixa de entrada.,gemma3,prompt4,gemini,prompt2,Ele está checando seus e-mails.,0.9097
402,manual_data,literais,He is checking his email.,Ele está espiando a caixa de entrada.,gemma3,prompt4,gemini,prompt4,Ele está pescando seus e-mails.,0.9182
402,manual_data,literais,He is checking his email.,Ele está espiando a caixa de entrada.,gemma3,prompt4,gemma3,prompt2,Ele está verificando seu e-mail.,0.9095
402,manual_data,literais,He is checking his email.,Ele está espiando a caixa de entrada.,gemma3,prompt4,gemmaX,sem_prompt,Ele está checando seu e-mail.,0.9042
422,manual_data,literais,They are planning a trip to Europe.,Eles estão traçando rotas para o Velho Mundo.,gemma3,prompt4,gpt,prompt2,Eles estão planejando uma viagem para a Europa.,0.9615
422,manual_data,literais,They are planning a trip to Europe.,Eles estão traçando rotas para o Velho Mundo.,gemma3,prompt4,gpt,prompt4,Eles estão planejando uma viagem à Europa.,0.9454
422,manual_data,literais,They are planning a trip to Europe.,Eles estão traçando rotas para o Velho Mundo.,gemma3,prompt4,gemini,prompt2,Eles estão planejando uma viagem para a Europa.,0.9615
422,manual_data,literais,They are planning a trip to Europe.,Eles estão traçando rotas para o Velho Mundo.,gemma3,prompt4,gemini,prompt4,Estão com a Europa na mira.,0.8948
422,manual_data,literais,They are planning a trip to Europe.,Eles estão traçando rotas para o Velho Mundo.,gemma3,prompt4,gemma3,prompt2,Eles estão planejando uma viagem para a Europa.,0.9615
422,manual_data,literais,They are planning a trip to Europe.,Eles estão traçando rotas para o Velho Mundo.,gemma3,prompt4,gemmaX,sem_prompt,Eles estão planejando uma viagem para a Europa.,0.9615
426,manual_data,literais,They went to the supermarket yesterday.,Foram buscar sustento no reino dos açougues e corredores.,gemma3,prompt4,gpt,prompt2,Eles foram ao supermercado ontem.,0.8878
426,manual_data,literais,They went to the supermarket yesterday.,Foram buscar sustento no reino dos açougues e corredores.,gemma3,prompt4,gpt,prompt4,Eles foram ao supermercado ontem.,0.8878
426,manual_data,literais,They went to the supermarket yesterday.,Foram buscar sustento no reino dos açougues e corredores.,gemma3,prompt4,gemini,prompt2,Eles foram ao supermercado ontem.,0.8878
426,manual_data,literais,They went to the supermarket yesterday.,Foram buscar sustento no reino dos açougues e corredores.,gemma3,prompt4,gemini,prompt4,"Ontem, foram fazer compras no templo do consumo.",0.8886
426,manual_data,literais,They went to the supermarket yesterday.,Foram buscar sustento no reino dos açougues e corredores.,gemma3,prompt4,gemma3,prompt2,Eles foram ao supermercado ontem.,0.8878
426,manual_data,literais,They went to the supermarket yesterday.,Foram buscar sustento no reino dos açougues e corredores.,gemma3,prompt4,gemmaX,sem_prompt,Eles foram ao supermercado ontem.,0.8878
428,manual_data,literais,He traveled to Paris last year.,Ele flanou por Paris no ano findo.,gemini,prompt4,gpt,prompt2,Ele viajou para Paris no ano passado.,0.8755
428,manual_data,literais,He traveled to Paris last year.,Ele flanou por Paris no ano findo.,gemini,prompt4,gpt,prompt4,Ele fez uma viagem a Paris no ano passado.,0.876
428,manual_data,literais,He traveled to Paris last year.,Ele flanou por Paris no ano findo.,gemini,prompt4,gemini,prompt2,Ele viajou para Paris no ano passado.,0.8755
428,manual_data,literais,He traveled to Paris last year.,Ele flanou por Paris no ano findo.,gemini,prompt4,gemma3,prompt2,Ele viajou para Paris no ano passado.,0.8755
428,manual_data,literais,He traveled to Paris last year.,Ele flanou por Paris no ano findo.,gemini,prompt4,gemma3,prompt4,Ele rumou a Paris no ano passado.,0.8834
428,manual_data,literais,He traveled to Paris last year.,Ele flanou por Paris no ano findo.,gemini,prompt4,gemmaX,sem_prompt,Ele viajou para Paris no ano passado.,0.8755
431,manual_data,literais,She is wearing a red dress.,Ela veste um rubi.,gemma3,prompt4,gpt,prompt2,Ela está vestindo um vestido vermelho.,0.8771
431,manual_data,literais,She is wearing a red dress.,Ela veste um rubi.,gemma3,prompt4,gpt,prompt4,Ela está vestindo um vestido vermelho.,0.8771
431,manual_data,literais,She is wearing a red dress.,Ela veste um rubi.,gemma3,prompt4,gemini,prompt2,Ela está vestindo um vestido vermelho.,0.8771
431,manual_data,literais,She is wearing a red dress.,Ela veste um rubi.,gemma3,prompt4,gemini,prompt4,Ela está vestindo um vestido de fogo.,0.8897
431,manual_data,literais,She is wearing a red dress.,Ela veste um rubi.,gemma3,prompt4,gemma3,prompt2,Ela está vestindo um vestido vermelho.,0.8771
431,manual_data,literais,She is wearing a red dress.,Ela veste um rubi.,gemma3,prompt4,gemmaX,sem_prompt,Ela está usando um vestido vermelho.,0.8745
434,manual_data,literais,He went to the gym for a workout session.,Ele foi à academia para dar um gás.,gemma3,prompt4,gpt,prompt2,Ele foi à academia para uma sessão de treino.,0.9661
434,manual_data,literais,He went to the gym for a workout session.,Ele foi à academia para dar um gás.,gemma3,prompt4,gpt,prompt4,Ele foi à academia para suar a camisa.,0.9364
434,manual_data,literais,He went to the gym for a workout session.,Ele foi à academia para dar um gás.,gemma3,prompt4,gemini,prompt2,Ele foi à academia para uma sessão de treino.,0.9661
434,manual_data,literais,He went to the gym for a workout session.,Ele foi à academia para dar um gás.,gemma3,prompt4,gemini,prompt4,Ele foi à academia para suar a camisa.,0.9364
434,manual_data,literais,He went to the gym for a workout session.,Ele foi à academia para dar um gás.,gemma3,prompt4,gemma3,prompt2,Ele foi à academia para uma sessão de treino.,0.9661
434,manual_data,literais,He went to the gym for a workout session.,Ele foi à academia para dar um gás.,gemma3,prompt4,gemmaX,sem_prompt,Ele foi para a academia para uma sessão de treino.,0.947
435,manual_data,literais,He is drinking tea in the morning.,Ele saboreia a aurora em xícaras.,gemma3,prompt4,gpt,prompt2,Ele está bebendo chá de manhã.,0.8802
435,manual_data,literais,He is drinking tea in the morning.,Ele saboreia a aurora em xícaras.,gemma3,prompt4,gpt,prompt4,Ele está saboreando o chá pela manhã.,0.9072
435,manual_data,literais,He is drinking tea in the morning.,Ele saboreia a aurora em xícaras.,gemma3,prompt4,gemini,prompt2,Ele está bebendo chá de manhã.,0.8802
435,manual_data,literais,He is drinking tea in the morning.,Ele saboreia a aurora em xícaras.,gemma3,prompt4,gemini,prompt4,Ele está tomando chá da rainha pela manhã.,0.8871
435,manual_data,literais,He is drinking tea in the morning.,Ele saboreia a aurora em xícaras.,gemma3,prompt4,gemma3,prompt2,Ele está bebendo chá de manhã.,0.8802
435,manual_data,literais,He is drinking tea in the morning.,Ele saboreia a aurora em xícaras.,gemma3,prompt4,gemmaX,sem_prompt,Ele está bebendo chá de manhã.,0.8802
437,manual_data,literais,They are playing basketball in the yard.,Eles estão se divertindo à toa no quintal.,gemma3,prompt4,gpt,prompt2,Eles estão jogando basquete no quintal.,0.9409
437,manual_data,literais,They are playing basketball in the yard.,Eles estão se divertindo à toa no quintal.,gemma3,prompt4,gpt,prompt4,Eles estão fazendo uma partida de basquete no quintal.,0.9392
437,manual_data,literais,They are playing basketball in the yard.,Eles estão se divertindo à toa no quintal.,gemma3,prompt4,gemini,prompt2,Eles estão jogando basquete no quintal.,0.9409
437,manual_data,literais,They are playing basketball in the yard.,Eles estão se divertindo à toa no quintal.,gemma3,prompt4,gemini,prompt4,Eles estão duelando cestas no quintal.,0.9469
437,manual_data,literais,They are playing basketball in the yard.,Eles estão se divertindo à toa no quintal.,gemma3,prompt4,gemma3,prompt2,Eles estão jogando basquete no quintal.,0.9409
437,manual_data,literais,They are playing basketball in the yard.,Eles estão se divertindo à toa no quintal.,gemma3,prompt4,gemmaX,sem_prompt,Eles estão jogando basquete no quintal.,0.9409
449,manual_data,literais,She cooked dinner for her family.,Ela preparou o ninho para sua família.,gemma3,prompt4,gpt,prompt2,Ela cozinhou o jantar para sua família.,0.951
449,manual_data,literais,She cooked dinner for her family.,Ela preparou o ninho para sua família.,gemma3,prompt4,gpt,prompt4,Ela preparou o jantar para a família.,0.954
449,manual_data,literais,She cooked dinner for her family.,Ela preparou o ninho para sua família.,gemma3,prompt4,gemini,prompt2,Ela preparou o jantar para a família dela.,0.9676
449,manual_data,literais,She cooked dinner for her family.,Ela preparou o ninho para sua família.,gemma3,prompt4,gemini,prompt4,Ela preparou um banquete para a família.,0.9567
449,manual_data,literais,She cooked dinner for her family.,Ela preparou o ninho para sua família.,gemma3,prompt4,gemma3,prompt2,Ela cozinhou o jantar para a família dela.,0.951
449,manual_data,literais,She cooked dinner for her family.,Ela preparou o ninho para sua família.,gemma3,prompt4,gemmaX,sem_prompt,Ela cozinhou o jantar para sua família.,0.951
459,manual_data,literais,They traveled to the mountains for vacation.,Eles buscaram refúgio nas alturas para recarregar as energias.,gemma3,prompt4,gpt,prompt2,Eles viajaram para as montanhas nas férias.,0.9562
459,manual_data,literais,They traveled to the mountains for vacation.,Eles buscaram refúgio nas alturas para recarregar as energias.,gemma3,prompt4,gpt,prompt4,Eles viajaram para as montanhas de férias.,0.946
459,manual_data,literais,They traveled to the mountains for vacation.,Eles buscaram refúgio nas alturas para recarregar as energias.,gemma3,prompt4,gemini,prompt2,Eles viajaram para as montanhas de férias.,0.946
459,manual_data,literais,They traveled to the mountains for vacation.,Eles buscaram refúgio nas alturas para recarregar as energias.,gemma3,prompt4,gemini,prompt4,Eles se aventuraram nas montanhas para arejar a alma.,0.9401
459,manual_data,literais,They traveled to the mountains for vacation.,Eles buscaram refúgio nas alturas para recarregar as energias.,gemma3,prompt4,gemma3,prompt2,Eles viajaram para as montanhas para as férias.,0.9534
459,manual_data,literais,They traveled to the mountains for vacation.,Eles buscaram refúgio nas alturas para recarregar as energias.,gemma3,prompt4,gemmaX,sem_prompt,Eles viajaram para as montanhas para passar as férias.,0.9503
469,manual_data,literais,She is doing her hair in front of the mirror.,Ela se ajeita diante do espelho.,gemma3,prompt4,gpt,prompt2,Ela está arrumando o cabelo em frente ao espelho.,0.8861
469,manual_data,literais,She is doing her hair in front of the mirror.,Ela se ajeita diante do espelho.,gemma3,prompt4,gpt,prompt4,Ela está arrumando o cabelo diante do espelho.,0.904
469,manual_data,literais,She is doing her hair in front of the mirror.,Ela se ajeita diante do espelho.,gemma3,prompt4,gemini,prompt2,Ela está arrumando o cabelo em frente ao espelho.,0.8861
469,manual_data,literais,She is doing her hair in front of the mirror.,Ela se ajeita diante do espelho.,gemma3,prompt4,gemini,prompt4,Ela está a pentear os pensamentos diante do espelho.,0.8865
469,manual_data,literais,She is doing her hair in front of the mirror.,Ela se ajeita diante do espelho.,gemma3,prompt4,gemma3,prompt2,Ela está fazendo o cabelo em frente ao espelho.,0.8945
469,manual_data,literais,She is doing her hair in front of the mirror.,Ela se ajeita diante do espelho.,gemma3,prompt4,gemmaX,sem_prompt,Ela está fazendo o cabelo na frente do espelho.,0.8994
473,manual_data,literais,She is preparing for a job interview.,Ela está afinando a armadura para o embate.,gemma3,prompt4,gpt,prompt2,Ela está se preparando para uma entrevista de emprego.,0.934
473,manual_data,literais,She is preparing for a job interview.,Ela está afinando a armadura para o embate.,gemma3,prompt4,gpt,prompt4,Ela está se preparando para uma entrevista de emprego.,0.934
473,manual_data,literais,She is preparing for a job interview.,Ela está afinando a armadura para o embate.,gemma3,prompt4,gemini,prompt2,Ela está se preparando para uma entrevista de emprego.,0.934
473,manual_data,literais,She is preparing for a job interview.,Ela está afinando a armadura para o embate.,gemma3,prompt4,gemini,prompt4,Ela está afiando as garras para a entrevista.,0.9449
473,manual_data,literais,She is preparing for a job interview.,Ela está afinando a armadura para o embate.,gemma3,prompt4,gemma3,prompt2,Ela está se preparando para uma entrevista de emprego.,0.934
473,manual_data,literais,She is preparing for a job interview.,Ela está afinando a armadura para o embate.,gemma3,prompt4,gemmaX,sem_prompt,Ela está se preparando para uma entrevista de emprego.,0.934
476,manual_data,literais,They went hiking in the mountains.,Aventuraram-se pelas entranhas da montanha.,gemini,prompt4,gpt,prompt2,Eles foram fazer trilha nas montanhas.,0.927
476,manual_data,literais,They went hiking in the mountains.,Aventuraram-se pelas entranhas da montanha.,gemini,prompt4,gpt,prompt4,Eles foram explorar as montanhas.,0.9301
476,manual_data,literais,They went hiking in the mountains.,Aventuraram-se pelas entranhas da montanha.,gemini,prompt4,gemini,prompt2,Eles fizeram trilha nas montanhas.,0.9346
476,manual_data,literais,They went hiking in the mountains.,Aventuraram-se pelas entranhas da montanha.,gemini,prompt4,gemma3,prompt2,Eles foram fazer trilha nas montanhas.,0.927
476,manual_data,literais,They went hiking in the mountains.,Aventuraram-se pelas entranhas da montanha.,gemini,prompt4,gemma3,prompt4,Eles se aventuraram pelos picos.,0.9343
476,manual_data,literais,They went hiking in the mountains.,Aventuraram-se pelas entranhas da montanha.,gemini,prompt4,gemmaX,sem_prompt,Eles foram fazer caminhadas nas montanhas.,0.9232
483,manual_data,literais,I took a photo of the beautiful sunset.,Capturei o crepúsculo em um raio de luz.,gemma3,prompt4,gpt,prompt2,Eu tirei uma foto do lindo pôr do sol.,0.9133
483,manual_data,literais,I took a photo of the beautiful sunset.,Capturei o crepúsculo em um raio de luz.,gemma3,prompt4,gpt,prompt4,Eu capturei a beleza do pôr do sol.,0.9272
483,manual_data,literais,I took a photo of the beautiful sunset.,Capturei o crepúsculo em um raio de luz.,gemma3,prompt4,gemini,prompt2,Eu tirei uma foto do belo pôr do sol.,0.9089
483,manual_data,literais,I took a photo of the beautiful sunset.,Capturei o crepúsculo em um raio de luz.,gemma3,prompt4,gemini,prompt4,Capturei o sol a incendiar o horizonte.,0.8777
483,manual_data,literais,I took a photo of the beautiful sunset.,Capturei o crepúsculo em um raio de luz.,gemma3,prompt4,gemma3,prompt2,Eu tirei uma foto do lindo pôr do sol.,0.9133
483,manual_data,literais,I took a photo of the beautiful sunset.,Capturei o crepúsculo em um raio de luz.,gemma3,prompt4,gemmaX,sem_prompt,Tirei uma foto do lindo pôr do sol.,0.903
487,manual_data,literais,The train arrived at the station on time.,O trem chegou à estação no ponto marcado.,gemma3,prompt4,gpt,prompt2,O trem chegou à estação na hora certa.,0.9613
487,manual_data,literais,The train arrived at the station on time.,O trem chegou à estação no ponto marcado.,gemma3,prompt4,gpt,prompt4,O trem chegou à estação pontualmente.,0.9554
487,manual_data,literais,The train arrived at the station on time.,O trem chegou à estação no ponto marcado.,gemma3,prompt4,gemini,prompt2,O trem chegou à estação na hora certa.,0.9613
487,manual_data,literais,The train arrived at the station on time.,O trem chegou à estação no ponto marcado.,gemma3,prompt4,gemini,prompt4,O trem chegou à estação na hora marcada.,0.9542
487,manual_data,literais,The train arrived at the station on time.,O trem chegou à estação no ponto marcado.,gemma3,prompt4,gemma3,prompt2,O trem chegou à estação no horário.,0.9766
487,manual_data,literais,The train arrived at the station on time.,O trem chegou à estação no ponto marcado.,gemma3,prompt4,gemmaX,sem_prompt,O comboio chegou à estação no horário.,0.9587
497,manual_data,literais,They went to a concert last night.,Eles foram regar as plantas ontem à noite.,gemini,prompt4,gpt,prompt2,Eles foram a um show na noite passada.,0.9494
497,manual_data,literais,They went to a concert last night.,Eles foram regar as plantas ontem à noite.,gemini,prompt4,gpt,prompt4,Eles foram a um show ontem à noite.,0.9621
497,manual_data,literais,They went to a concert last night.,Eles foram regar as plantas ontem à noite.,gemini,prompt4,gemini,prompt2,Eles foram a um show ontem à noite.,0.9621
497,manual_data,literais,They went to a concert last night.,Eles foram regar as plantas ontem à noite.,gemini,prompt4,gemma3,prompt2,Eles foram a um show ontem à noite.,0.9621
497,manual_data,literais,They went to a concert last night.,Eles foram regar as plantas ontem à noite.,gemini,prompt4,gemma3,prompt4,Eles se entregaram à música ontem à noite.,0.9431
497,manual_data,literais,They went to a concert last night.,Eles foram regar as plantas ontem à noite.,gemini,prompt4,gemmaX,sem_prompt,Eles foram a um show ontem à noite.,0.9621
515,manual_data,literais,They are enjoying a cup of coffee together.,Compartilham um instante de calor e aroma.,gemma3,prompt4,gpt,prompt2,Eles estão disfrutando de uma xícara de café juntos.,0.8836
515,manual_data,literais,They are enjoying a cup of coffee together.,Compartilham um instante de calor e aroma.,gemma3,prompt4,gpt,prompt4,Eles estão dividindo uma xícara de café juntos.,0.8966
515,manual_data,literais,They are enjoying a cup of coffee together.,Compartilham um instante de calor e aroma.,gemma3,prompt4,gemini,prompt2,Eles estão apreciando uma xícara de café juntos.,0.8958
515,manual_data,literais,They are enjoying a cup of coffee together.,Compartilham um instante de calor e aroma.,gemma3,prompt4,gemini,prompt4,"Estão dividindo o pão, tomando um café.",0.8954
515,manual_data,literais,They are enjoying a cup of coffee together.,Compartilham um instante de calor e aroma.,gemma3,prompt4,gemma3,prompt2,Eles estão aproveitando uma xícara de café juntos.,0.8937
515,manual_data,literais,They are enjoying a cup of coffee together.,Compartilham um instante de calor e aroma.,gemma3,prompt4,gemmaX,sem_prompt,Estão a desfrutar de uma chávena de café juntos.,0.8983
522,manual_data,literais,She enjoys walking in the park.,Ela encontra prazer em passear na brisa da vida.,gemma3,prompt4,gpt,prompt2,Ela gosta de caminhar no parque.,0.9407
522,manual_data,literais,She enjoys walking in the park.,Ela encontra prazer em passear na brisa da vida.,gemma3,prompt4,gpt,prompt4,Ela adora passear no parque.,0.9178
522,manual_data,literais,She enjoys walking in the park.,Ela encontra prazer em passear na brisa da vida.,gemma3,prompt4,gemini,prompt2,Ela gosta de caminhar no parque.,0.9407
522,manual_data,literais,She enjoys walking in the park.,Ela encontra prazer em passear na brisa da vida.,gemma3,prompt4,gemini,prompt4,Ela se delicia em passear pelo jardim da alma.,0.9054
522,manual_data,literais,She enjoys walking in the park.,Ela encontra prazer em passear na brisa da vida.,gemma3,prompt4,gemma3,prompt2,Ela gosta de caminhar no parque.,0.9407
522,manual_data,literais,She enjoys walking in the park.,Ela encontra prazer em passear na brisa da vida.,gemma3,prompt4,gemmaX,sem_prompt,Ela gosta de caminhar no parque.,0.9407
538,manual_data,literais,He is writing a story for school.,Ele está tecendo uma história para a escola.,gemini,prompt4,gpt,prompt2,Ele está escrevendo uma história para a escola.,0.9496
538,manual_data,literais,He is writing a story for school.,Ele está tecendo uma história para a escola.,gemini,prompt4,gpt,prompt4,Ele está escrevendo um conto para a escola.,0.9722
538,manual_data,literais,He is writing a story for school.,Ele está tecendo uma história para a escola.,gemini,prompt4,gemini,prompt2,Ele está escrevendo uma história para a escola.,0.9496
538,manual_data,literais,He is writing a story for school.,Ele está tecendo uma história para a escola.,gemini,prompt4,gemma3,prompt2,Ele está escrevendo uma história para a escola.,0.9496
538,manual_data,literais,He is writing a story for school.,Ele está tecendo uma história para a escola.,gemini,prompt4,gemma3,prompt4,Ele tece um conto para a escola.,0.9789
538,manual_data,literais,He is writing a story for school.,Ele está tecendo uma história para a escola.,gemini,prompt4,gemmaX,sem_prompt,Ele está escrevendo uma história para a escola.,0.9496
541,manual_data,literais,She is visiting her grandmother in the hospital.,Ela está levando flores para a casa de repouso da avó.,gemma3,prompt4,gpt,prompt2,Ela está visitando a avó dela no hospital.,0.9543
541,manual_data,literais,She is visiting her grandmother in the hospital.,Ela está levando flores para a casa de repouso da avó.,gemma3,prompt4,gpt,prompt4,Ela está visitando a avó no hospital.,0.9623
541,manual_data,literais,She is visiting her grandmother in the hospital.,Ela está levando flores para a casa de repouso da avó.,gemma3,prompt4,gemini,prompt2,Ela está visitando sua avó no hospital.,0.9481
541,manual_data,literais,She is visiting her grandmother in the hospital.,Ela está levando flores para a casa de repouso da avó.,gemma3,prompt4,gemini,prompt4,Ela está visitando a avó na UTI.,0.9443
541,manual_data,literais,She is visiting her grandmother in the hospital.,Ela está levando flores para a casa de repouso da avó.,gemma3,prompt4,gemma3,prompt2,Ela está visitando sua avó no hospital.,0.9481
541,manual_data,literais,She is visiting her grandmother in the hospital.,Ela está levando flores para a casa de repouso da avó.,gemma3,prompt4,gemmaX,sem_prompt,Ela está visitando sua avó no hospital.,0.9481
542,manual_data,literais,She had a meeting with her boss.,Ela teve um encontro com o leão.,gemini,prompt4,gpt,prompt2,Ela teve uma reunião com seu chefe.,0.9602
542,manual_data,literais,She had a meeting with her boss.,Ela teve um encontro com o leão.,gemini,prompt4,gpt,prompt4,Ela teve uma conversa com seu chefe.,0.9519
542,manual_data,literais,She had a meeting with her boss.,Ela teve um encontro com o leão.,gemini,prompt4,gemini,prompt2,Ela teve uma reunião com seu chefe.,0.9602
542,manual_data,literais,She had a meeting with her boss.,Ela teve um encontro com o leão.,gemini,prompt4,gemma3,prompt2,Ela teve uma reunião com seu chefe.,0.9602
542,manual_data,literais,She had a meeting with her boss.,Ela teve um encontro com o leão.,gemini,prompt4,gemma3,prompt4,Ela teve um desfile com o patrão.,0.973
542,manual_data,literais,She had a meeting with her boss.,Ela teve um encontro com o leão.,gemini,prompt4,gemmaX,sem_prompt,Ela teve uma reunião com seu chefe.,0.9602
544,manual_data,literais,She took the train to the city.,Ela embarcou nos trilhos rumo à metrópole.,gemma3,prompt4,gpt,prompt2,Ela pegou o trem para a cidade.,0.9146
544,manual_data,literais,She took the train to the city.,Ela embarcou nos trilhos rumo à metrópole.,gemma3,prompt4,gpt,prompt4,Ela pegou o trem para a cidade.,0.9146
544,manual_data,literais,She took the train to the city.,Ela embarcou nos trilhos rumo à metrópole.,gemma3,prompt4,gemini,prompt2,Ela pegou o trem para a cidade.,0.9146
544,manual_data,literais,She took the train to the city.,Ela embarcou nos trilhos rumo à metrópole.,gemma3,prompt4,gemini,prompt4,Ela embarcou na locomotiva para a metrópole.,0.9537
544,manual_data,literais,She took the train to the city.,Ela embarcou nos trilhos rumo à metrópole.,gemma3,prompt4,gemma3,prompt2,Ela pegou o trem para a cidade.,0.9146
544,manual_data,literais,She took the train to the city.,Ela embarcou nos trilhos rumo à metrópole.,gemma3,prompt4,gemmaX,sem_prompt,Ela pegou o trem para a cidade.,0.9146
546,manual_data,literais,They are taking pictures in front of the monument.,Estão eternizando o instante à sombra da memória.,gemma3,prompt4,gpt,prompt2,Eles estão tirando fotos em frente ao monumento.,0.8906
546,manual_data,literais,They are taking pictures in front of the monument.,Estão eternizando o instante à sombra da memória.,gemma3,prompt4,gpt,prompt4,Eles estão registrando momentos em frente ao monumento.,0.8968
546,manual_data,literais,They are taking pictures in front of the monument.,Estão eternizando o instante à sombra da memória.,gemma3,prompt4,gemini,prompt2,Eles estão tirando fotos em frente ao monumento.,0.8906
546,manual_data,literais,They are taking pictures in front of the monument.,Estão eternizando o instante à sombra da memória.,gemma3,prompt4,gemini,prompt4,Eles estão posando para a história diante do monumento.,0.9039
546,manual_data,literais,They are taking pictures in front of the monument.,Estão eternizando o instante à sombra da memória.,gemma3,prompt4,gemma3,prompt2,Eles estão tirando fotos em frente ao monumento.,0.8906
546,manual_data,literais,They are taking pictures in front of the monument.,Estão eternizando o instante à sombra da memória.,gemma3,prompt4,gemmaX,sem_prompt,Estão a tirar fotografias em frente ao monumento.,0.9166
570,manual_data,literais,The car stopped at the red light.,O carro parou no sinal de alerta.,gemma3,prompt4,gpt,prompt2,O carro parou no semáforo vermelho.,0.9462
570,manual_data,literais,The car stopped at the red light.,O carro parou no sinal de alerta.,gemma3,prompt4,gpt,prompt4,O carro parou no sinal vermelho.,0.9654
570,manual_data,literais,The car stopped at the red light.,O carro parou no sinal de alerta.,gemma3,prompt4,gemini,prompt2,O carro parou no sinal vermelho.,0.9654
570,manual_data,literais,The car stopped at the red light.,O carro parou no sinal de alerta.,gemma3,prompt4,gemini,prompt4,O carro sangrou no rubro.,0.9066
570,manual_data,literais,The car stopped at the red light.,O carro parou no sinal de alerta.,gemma3,prompt4,gemma3,prompt2,O carro parou no semáforo vermelho.,0.9462
570,manual_data,literais,The car stopped at the red light.,O carro parou no sinal de alerta.,gemma3,prompt4,gemmaX,sem_prompt,O carro parou no sinal vermelho.,0.9654
571,manual_data,literais,They are sitting around the campfire.,Eles estão reunidos à luz bruxuleante.,gemma3,prompt4,gpt,prompt2,Eles estão sentados ao redor da fogueira.,0.9227
571,manual_data,literais,They are sitting around the campfire.,Eles estão reunidos à luz bruxuleante.,gemma3,prompt4,gpt,prompt4,Eles estão sentados ao redor da fogueira.,0.9227
571,manual_data,literais,They are sitting around the campfire.,Eles estão reunidos à luz bruxuleante.,gemma3,prompt4,gemini,prompt2,Eles estão sentados ao redor da fogueira.,0.9227
571,manual_data,literais,They are sitting around the campfire.,Eles estão reunidos à luz bruxuleante.,gemma3,prompt4,gemini,prompt4,Estão reunidos ao redor da fogueira.,0.9139
571,manual_data,literais,They are sitting around the campfire.,Eles estão reunidos à luz bruxuleante.,gemma3,prompt4,gemma3,prompt2,Eles estão sentados ao redor da fogueira.,0.9227
571,manual_data,literais,They are sitting around the campfire.,Eles estão reunidos à luz bruxuleante.,gemma3,prompt4,gemmaX,sem_prompt,Estão sentados à volta da fogueira.,0.9044
574,manual_data,literais,He is fixing the car.,Ele está pondo a mão na graxa.,gemini,prompt4,gpt,prompt2,Ele está consertando o carro.,0.9038
574,manual_data,literais,He is fixing the car.,Ele está pondo a mão na graxa.,gemini,prompt4,gpt,prompt4,Ele está consertando o carro.,0.9038
574,manual_data,literais,He is fixing the car.,Ele está pondo a mão na graxa.,gemini,prompt4,gemini,prompt2,Ele está consertando o carro.,0.9038
574,manual_data,literais,He is fixing the car.,Ele está pondo a mão na graxa.,gemini,prompt4,gemma3,prompt2,Ele está consertando o carro.,0.9038
574,manual_data,literais,He is fixing the car.,Ele está pondo a mão na graxa.,gemini,prompt4,gemma3,prompt4,Ele está colocando a mão na massa com o carro.,0.9387
574,manual_data,literais,He is fixing the car.,Ele está pondo a mão na graxa.,gemini,prompt4,gemmaX,sem_prompt,Ele está consertando o carro.,0.9038
576,manual_data,literais,They went to a museum last month.,Visitaram um espelho do tempo no mês passado.,gemma3,prompt4,gpt,prompt2,Eles foram a um museu no mês passado.,0.958
576,manual_data,literais,They went to a museum last month.,Visitaram um espelho do tempo no mês passado.,gemma3,prompt4,gpt,prompt4,Eles visitaram um museu no mês passado.,0.9639
576,manual_data,literais,They went to a museum last month.,Visitaram um espelho do tempo no mês passado.,gemma3,prompt4,gemini,prompt2,Eles foram a um museu no mês passado.,0.958
576,manual_data,literais,They went to a museum last month.,Visitaram um espelho do tempo no mês passado.,gemma3,prompt4,gemini,prompt4,"No mês passado, eles fizeram uma visita ao templo das musas.",0.9311
576,manual_data,literais,They went to a museum last month.,Visitaram um espelho do tempo no mês passado.,gemma3,prompt4,gemma3,prompt2,Eles foram a um museu no mês passado.,0.958
576,manual_data,literais,They went to a museum last month.,Visitaram um espelho do tempo no mês passado.,gemma3,prompt4,gemmaX,sem_prompt,Eles foram a um museu no mês passado.,0.958
577,manual_data,literais,They went to the library to borrow books.,Foram colher saberes na morada do conhecimento.,gemma3,prompt4,gpt,prompt2,Eles foram à biblioteca para pegar livros emprestados.,0.8813
577,manual_data,literais,They went to the library to borrow books.,Foram colher saberes na morada do conhecimento.,gemma3,prompt4,gpt,prompt4,Eles foram à biblioteca para pegar emprestados livros.,0.8821
577,manual_data,literais,They went to the library to borrow books.,Foram colher saberes na morada do conhecimento.,gemma3,prompt4,gemini,prompt2,Eles foram à biblioteca pegar livros emprestados.,0.8857
577,manual_data,literais,They went to the library to borrow books.,Foram colher saberes na morada do conhecimento.,gemma3,prompt4,gemini,prompt4,Foram à biblioteca colher ideias.,0.9261
577,manual_data,literais,They went to the library to borrow books.,Foram colher saberes na morada do conhecimento.,gemma3,prompt4,gemma3,prompt2,Eles foram à biblioteca para pegar livros emprestados.,0.8813
577,manual_data,literais,They went to the library to borrow books.,Foram colher saberes na morada do conhecimento.,gemma3,prompt4,gemmaX,sem_prompt,Eles foram à biblioteca para pegar emprestado livros.,0.8771
586,manual_data,literais,They are eating lunch together.,Compartilham um pedaço de tempo.,gemma3,prompt4,gpt,prompt2,Eles estão almoçando juntos.,0.8645
586,manual_data,literais,They are eating lunch together.,Compartilham um pedaço de tempo.,gemma3,prompt4,gpt,prompt4,Eles estão compartilhando o pão.,0.8834
586,manual_data,literais,They are eating lunch together.,Compartilham um pedaço de tempo.,gemma3,prompt4,gemini,prompt2,Eles estão almoçando juntos.,0.8645
586,manual_data,literais,They are eating lunch together.,Compartilham um pedaço de tempo.,gemma3,prompt4,gemini,prompt4,Estão partilhando o pão.,0.8831
586,manual_data,literais,They are eating lunch together.,Compartilham um pedaço de tempo.,gemma3,prompt4,gemma3,prompt2,Eles estão almoçando juntos.,0.8645
586,manual_data,literais,They are eating lunch together.,Compartilham um pedaço de tempo.,gemma3,prompt4,gemmaX,sem_prompt,Estão almoçando juntos.,0.8649
594,manual_data,literais,They are taking a walk along the beach.,Eles estão desenhando caminhos na areia.,gemma3,prompt4,gpt,prompt2,Eles estão caminhando pela praia.,0.9634
594,manual_data,literais,They are taking a walk along the beach.,Eles estão desenhando caminhos na areia.,gemma3,prompt4,gpt,prompt4,Eles estão passeando à beira-mar.,0.9252
594,manual_data,literais,They are taking a walk along the beach.,Eles estão desenhando caminhos na areia.,gemma3,prompt4,gemini,prompt2,Eles estão passeando na praia.,0.9582
594,manual_data,literais,They are taking a walk along the beach.,Eles estão desenhando caminhos na areia.,gemma3,prompt4,gemini,prompt4,Eles passeiam pela orla da memória.,0.9029
594,manual_data,literais,They are taking a walk along the beach.,Eles estão desenhando caminhos na areia.,gemma3,prompt4,gemma3,prompt2,Eles estão passeando pela praia.,0.9497
594,manual_data,literais,They are taking a walk along the beach.,Eles estão desenhando caminhos na areia.,gemma3,prompt4,gemmaX,sem_prompt,Estão a dar um passeio na praia.,0.9111
606,manual_data,literais,Water boils at 100°C.,A água ferve aos cem graus.,gemma3,prompt4,gpt,prompt2,A água ferve a 100°C.,0.9514
606,manual_data,literais,Water boils at 100°C.,A água ferve aos cem graus.,gemma3,prompt4,gpt,prompt4,A água ferve a 100°C.,0.9514
606,manual_data,literais,Water boils at 100°C.,A água ferve aos cem graus.,gemma3,prompt4,gemini,prompt2,A água ferve a 100°C.,0.9514
606,manual_data,literais,Water boils at 100°C.,A água ferve aos cem graus.,gemma3,prompt4,gemini,prompt4,A água ferve a 100°C.,0.9514
606,manual_data,literais,Water boils at 100°C.,A água ferve aos cem graus.,gemma3,prompt4,gemma3,prompt2,A água ferve a 100°C.,0.9514
606,manual_data,literais,Water boils at 100°C.,A água ferve aos cem graus.,gemma3,prompt4,gemmaX,sem_prompt,A água ferve a 100°C.,0.9514
625,manual_data,literais,They are chatting in the living room.,Estão a soltar a língua na sala.,gemini,prompt4,gpt,prompt2,Eles estão conversando na sala de estar.,0.9268
625,manual_data,literais,They are chatting in the living room.,Estão a soltar a língua na sala.,gemini,prompt4,gpt,prompt4,Eles estão jogando conversa fora na sala de estar.,0.9134
625,manual_data,literais,They are chatting in the living room.,Estão a soltar a língua na sala.,gemini,prompt4,gemini,prompt2,Eles estão conversando na sala.,0.9344
625,manual_data,literais,They are chatting in the living room.,Estão a soltar a língua na sala.,gemini,prompt4,gemma3,prompt2,Eles estão conversando na sala.,0.9344
625,manual_data,literais,They are chatting in the living room.,Estão a soltar a língua na sala.,gemini,prompt4,gemma3,prompt4,Eles estão tecendo conversas na sala.,0.9157
625,manual_data,literais,They are chatting in the living room.,Estão a soltar a língua na sala.,gemini,prompt4,gemmaX,sem_prompt,Estão a conversar na sala de estar.,0.954
641,manual_data,literais,They are having a family gathering at home.,Reunião de ninhos em voo doméstico.,gemma3,prompt4,gpt,prompt2,Eles estão tendo um encontro familiar em casa.,0.897
641,manual_data,literais,They are having a family gathering at home.,Reunião de ninhos em voo doméstico.,gemma3,prompt4,gpt,prompt4,Eles estão tendo um encontro familiar em casa.,0.897
641,manual_data,literais,They are having a family gathering at home.,Reunião de ninhos em voo doméstico.,gemma3,prompt4,gemini,prompt2,Eles estão fazendo uma reunião familiar em casa.,0.8964
641,manual_data,literais,They are having a family gathering at home.,Reunião de ninhos em voo doméstico.,gemma3,prompt4,gemini,prompt4,Estão com a casa cheia de abraços.,0.8831
641,manual_data,literais,They are having a family gathering at home.,Reunião de ninhos em voo doméstico.,gemma3,prompt4,gemma3,prompt2,Eles estão tendo um encontro familiar em casa.,0.897
641,manual_data,literais,They are having a family gathering at home.,Reunião de ninhos em voo doméstico.,gemma3,prompt4,gemmaX,sem_prompt,Eles estão tendo uma reunião de família em casa.,0.8943
649,manual_data,literais,They watched the sunrise at the beach.,Eles brindaram o amanhecer à beira-mar.,gemma3,prompt4,gpt,prompt2,Eles assistiram ao nascer do sol na praia.,0.9254
649,manual_data,literais,They watched the sunrise at the beach.,Eles brindaram o amanhecer à beira-mar.,gemma3,prompt4,gpt,prompt4,Eles contemplaram o amanhecer na praia.,0.9629
649,manual_data,literais,They watched the sunrise at the beach.,Eles brindaram o amanhecer à beira-mar.,gemma3,prompt4,gemini,prompt2,Eles assistiram o nascer do sol na praia.,0.9315
649,manual_data,literais,They watched the sunrise at the beach.,Eles brindaram o amanhecer à beira-mar.,gemma3,prompt4,gemini,prompt4,Eles testemunharam o amanhecer se afogar no mar.,0.9226
649,manual_data,literais,They watched the sunrise at the beach.,Eles brindaram o amanhecer à beira-mar.,gemma3,prompt4,gemma3,prompt2,Eles assistiram ao nascer do sol na praia.,0.9254
649,manual_data,literais,They watched the sunrise at the beach.,Eles brindaram o amanhecer à beira-mar.,gemma3,prompt4,gemmaX,sem_prompt,Eles viram o nascer do sol na praia.,0.9276
657,manual_data,literais,The weather is very cold today.,O frio hoje corta a carne.,gemini,prompt4,gpt,prompt2,O tempo está muito frio hoje.,0.9416
657,manual_data,literais,The weather is very cold today.,O frio hoje corta a carne.,gemini,prompt4,gpt,prompt4,O tempo está muito frio hoje.,0.9416
657,manual_data,literais,The weather is very cold today.,O frio hoje corta a carne.,gemini,prompt4,gemini,prompt2,O tempo está muito frio hoje.,0.9416
657,manual_data,literais,The weather is very cold today.,O frio hoje corta a carne.,gemini,prompt4,gemma3,prompt2,O tempo está muito frio hoje.,0.9416
657,manual_data,literais,The weather is very cold today.,O frio hoje corta a carne.,gemini,prompt4,gemma3,prompt4,O inverno mordeu forte hoje.,0.9309
657,manual_data,literais,The weather is very cold today.,O frio hoje corta a carne.,gemini,prompt4,gemmaX,sem_prompt,O tempo está muito frio hoje.,0.9416
668,manual_data,literais,They went to a theme park for the day.,Passaram o dia num mundo de sonhos.,gemma3,prompt4,gpt,prompt2,Eles foram a um parque de diversões por um dia.,0.9011
668,manual_data,literais,They went to a theme park for the day.,Passaram o dia num mundo de sonhos.,gemma3,prompt4,gpt,prompt4,Eles foram a um parque de diversões por um dia.,0.9011
668,manual_data,literais,They went to a theme park for the day.,Passaram o dia num mundo de sonhos.,gemma3,prompt4,gemini,prompt2,Eles foram a um parque temático passar o dia.,0.906
668,manual_data,literais,They went to a theme park for the day.,Passaram o dia num mundo de sonhos.,gemma3,prompt4,gemini,prompt4,Eles foram a um parque de diversões por um dia.,0.9011
668,manual_data,literais,They went to a theme park for the day.,Passaram o dia num mundo de sonhos.,gemma3,prompt4,gemma3,prompt2,Eles foram para um parque temático por um dia.,0.8903
668,manual_data,literais,They went to a theme park for the day.,Passaram o dia num mundo de sonhos.,gemma3,prompt4,gemmaX,sem_prompt,Eles foram para um parque temático durante o dia.,0.8972
672,manual_data,literais,She is taking a picture of the flowers in the garden.,Ela está roubando um pedaço do jardim.,gemini,prompt4,gpt,prompt2,Ela está tirando uma foto das flores no jardim.,0.9548
672,manual_data,literais,She is taking a picture of the flowers in the garden.,Ela está roubando um pedaço do jardim.,gemini,prompt4,gpt,prompt4,Ela está capturando a imagem das flores no jardim.,0.9459
672,manual_data,literais,She is taking a picture of the flowers in the garden.,Ela está roubando um pedaço do jardim.,gemini,prompt4,gemini,prompt2,Ela está tirando uma foto das flores no jardim.,0.9548
672,manual_data,literais,She is taking a picture of the flowers in the garden.,Ela está roubando um pedaço do jardim.,gemini,prompt4,gemma3,prompt2,Ela está tirando uma foto das flores no jardim.,0.9548
672,manual_data,literais,She is taking a picture of the flowers in the garden.,Ela está roubando um pedaço do jardim.,gemini,prompt4,gemma3,prompt4,Ela está eternizando as flores no jardim.,0.9495
672,manual_data,literais,She is taking a picture of the flowers in the garden.,Ela está roubando um pedaço do jardim.,gemini,prompt4,gemmaX,sem_prompt,Ela está tirando uma foto das flores no jardim.,0.9548
673,manual_data,literais,They are having a barbecue in the garden.,Estão assando um sol no quintal.,gemini,prompt4,gpt,prompt2,Eles estão fazendo um churrasco no jardim.,0.9103
673,manual_data,literais,They are having a barbecue in the garden.,Estão assando um sol no quintal.,gemini,prompt4,gpt,prompt4,Eles estão fazendo um churrasco no jardim.,0.9103
673,manual_data,literais,They are having a barbecue in the garden.,Estão assando um sol no quintal.,gemini,prompt4,gemini,prompt2,Eles estão fazendo um churrasco no jardim.,0.9103
673,manual_data,literais,They are having a barbecue in the garden.,Estão assando um sol no quintal.,gemini,prompt4,gemma3,prompt2,Eles estão fazendo um churrasco no jardim.,0.9103
673,manual_data,literais,They are having a barbecue in the garden.,Estão assando um sol no quintal.,gemini,prompt4,gemma3,prompt4,Estão assando a vida no quintal.,0.9449
673,manual_data,literais,They are having a barbecue in the garden.,Estão assando um sol no quintal.,gemini,prompt4,gemmaX,sem_prompt,Eles estão fazendo um churrasco no jardim.,0.9103
675,manual_data,literais,They are walking through the city streets.,Eles desbravam as artérias da cidade.,gemma3,prompt4,gpt,prompt2,Eles estão caminhando pelas ruas da cidade.,0.9476
675,manual_data,literais,They are walking through the city streets.,Eles desbravam as artérias da cidade.,gemma3,prompt4,gpt,prompt4,Eles estão vagando pelas ruas da cidade.,0.9426
675,manual_data,literais,They are walking through the city streets.,Eles desbravam as artérias da cidade.,gemma3,prompt4,gemini,prompt2,Eles estão caminhando pelas ruas da cidade.,0.9476
675,manual_data,literais,They are walking through the city streets.,Eles desbravam as artérias da cidade.,gemma3,prompt4,gemini,prompt4,Eles passeiam pelas veias da cidade.,0.9583
675,manual_data,literais,They are walking through the city streets.,Eles desbravam as artérias da cidade.,gemma3,prompt4,gemma3,prompt2,Eles estão andando pelas ruas da cidade.,0.937
675,manual_data,literais,They are walking through the city streets.,Eles desbravam as artérias da cidade.,gemma3,prompt4,gemmaX,sem_prompt,Estão a caminhar pelas ruas da cidade.,0.9251
678,manual_data,literais,He did some gardening in the afternoon.,Ele cuidou do jardim na tarde.,gemma3,prompt4,gpt,prompt2,Ele fez algumas jardinagens à tarde.,0.8912
678,manual_data,literais,He did some gardening in the afternoon.,Ele cuidou do jardim na tarde.,gemma3,prompt4,gpt,prompt4,Ele cuidou do seu jardim na parte da tarde.,0.9464
678,manual_data,literais,He did some gardening in the afternoon.,Ele cuidou do jardim na tarde.,gemma3,prompt4,gemini,prompt2,Ele fez jardinagem à tarde.,0.9173
678,manual_data,literais,He did some gardening in the afternoon.,Ele cuidou do jardim na tarde.,gemma3,prompt4,gemini,prompt4,Ele plantou algumas sementes à tarde.,0.897
678,manual_data,literais,He did some gardening in the afternoon.,Ele cuidou do jardim na tarde.,gemma3,prompt4,gemma3,prompt2,Ele fez alguns trabalhos de jardinagem à tarde.,0.8829
678,manual_data,literais,He did some gardening in the afternoon.,Ele cuidou do jardim na tarde.,gemma3,prompt4,gemmaX,sem_prompt,Ele fez um pouco de jardinagem à tarde.,0.8909
679,manual_data,literais,They enjoyed a picnic in the park.,"Desfrutaram de um banquete ao ar livre, sob o céu.",gemma3,prompt4,gpt,prompt2,Eles desfrutaram de um piquenique no parque.,0.9319
679,manual_data,literais,They enjoyed a picnic in the park.,"Desfrutaram de um banquete ao ar livre, sob o céu.",gemma3,prompt4,gpt,prompt4,Eles desfrutaram de um piquenique no parque.,0.9319
679,manual_data,literais,They enjoyed a picnic in the park.,"Desfrutaram de um banquete ao ar livre, sob o céu.",gemma3,prompt4,gemini,prompt2,Eles aproveitaram um piquenique no parque.,0.9206
679,manual_data,literais,They enjoyed a picnic in the park.,"Desfrutaram de um banquete ao ar livre, sob o céu.",gemma3,prompt4,gemini,prompt4,Degustaram um piquenique no jardim da vida.,0.9077
679,manual_data,literais,They enjoyed a picnic in the park.,"Desfrutaram de um banquete ao ar livre, sob o céu.",gemma3,prompt4,gemma3,prompt2,Eles fizeram um piquenique no parque.,0.9199
679,manual_data,literais,They enjoyed a picnic in the park.,"Desfrutaram de um banquete ao ar livre, sob o céu.",gemma3,prompt4,gemmaX,sem_prompt,Eles desfrutaram de um piquenique no parque.,0.9319
682,manual_data,literais,She is ironing her clothes.,Ela está a passadeira do seu futuro.,gemma3,prompt4,gpt,prompt2,Ela está passando as roupas dela.,0.9321
682,manual_data,literais,She is ironing her clothes.,Ela está a passadeira do seu futuro.,gemma3,prompt4,gpt,prompt4,Ela está passando suas roupas.,0.9343
682,manual_data,literais,She is ironing her clothes.,Ela está a passadeira do seu futuro.,gemma3,prompt4,gemini,prompt2,Ela está passando suas roupas.,0.9343
682,manual_data,literais,She is ironing her clothes.,Ela está a passadeira do seu futuro.,gemma3,prompt4,gemini,prompt4,Ela está passando a ferro suas arestas.,0.9122
682,manual_data,literais,She is ironing her clothes.,Ela está a passadeira do seu futuro.,gemma3,prompt4,gemma3,prompt2,Ela está passando suas roupas.,0.9343
682,manual_data,literais,She is ironing her clothes.,Ela está a passadeira do seu futuro.,gemma3,prompt4,gemmaX,sem_prompt,Ela está passando a ferro as roupas.,0.9293
683,manual_data,literais,He plays soccer every weekend.,Ele dribla o fim de semana a cada sábado e domingo.,gemma3,prompt4,gpt,prompt2,Ele joga futebol todo fim de semana.,0.9494
683,manual_data,literais,He plays soccer every weekend.,Ele dribla o fim de semana a cada sábado e domingo.,gemma3,prompt4,gpt,prompt4,Ele joga bola todo fim de semana.,0.9556
683,manual_data,literais,He plays soccer every weekend.,Ele dribla o fim de semana a cada sábado e domingo.,gemma3,prompt4,gemini,prompt2,Ele joga futebol todo fim de semana.,0.9494
683,manual_data,literais,He plays soccer every weekend.,Ele dribla o fim de semana a cada sábado e domingo.,gemma3,prompt4,gemini,prompt4,Ele veste a camisa todo fim de semana.,0.9492
683,manual_data,literais,He plays soccer every weekend.,Ele dribla o fim de semana a cada sábado e domingo.,gemma3,prompt4,gemma3,prompt2,Ele joga futebol todo fim de semana.,0.9494
683,manual_data,literais,He plays soccer every weekend.,Ele dribla o fim de semana a cada sábado e domingo.,gemma3,prompt4,gemmaX,sem_prompt,Ele joga futebol todo final de semana.,0.9406
699,manual_data,literais,They are playing board games in the living room.,Eles estão desdobrando o mundo sobre a mesa na sala.,gemma3,prompt4,gpt,prompt2,Eles estão jogando jogos de tabuleiro na sala de estar.,0.9429
699,manual_data,literais,They are playing board games in the living room.,Eles estão desdobrando o mundo sobre a mesa na sala.,gemma3,prompt4,gpt,prompt4,Eles estão jogando os dados da vida na sala de estar.,0.9566
699,manual_data,literais,They are playing board games in the living room.,Eles estão desdobrando o mundo sobre a mesa na sala.,gemma3,prompt4,gemini,prompt2,Eles estão jogando jogos de tabuleiro na sala de estar.,0.9429
699,manual_data,literais,They are playing board games in the living room.,Eles estão desdobrando o mundo sobre a mesa na sala.,gemma3,prompt4,gemini,prompt4,Estão navegando no tabuleiro da vida na sala.,0.9222
699,manual_data,literais,They are playing board games in the living room.,Eles estão desdobrando o mundo sobre a mesa na sala.,gemma3,prompt4,gemma3,prompt2,Eles estão jogando jogos de tabuleiro na sala de estar.,0.9429
699,manual_data,literais,They are playing board games in the living room.,Eles estão desdobrando o mundo sobre a mesa na sala.,gemma3,prompt4,gemmaX,sem_prompt,Estão a jogar jogos de tabuleiro na sala de estar.,0.912
701,manual_data,literais,She is making a smoothie for breakfast.,Ela está preparando um raio de sol para o café da manhã.,gemini,prompt4,gpt,prompt2,Ela está fazendo um smoothie para o café da manhã.,0.9748
701,manual_data,literais,She is making a smoothie for breakfast.,Ela está preparando um raio de sol para o café da manhã.,gemini,prompt4,gpt,prompt4,Ela está preparando um batido para o café da manhã.,0.9503
701,manual_data,literais,She is making a smoothie for breakfast.,Ela está preparando um raio de sol para o café da manhã.,gemini,prompt4,gemini,prompt2,Ela está fazendo um smoothie para o café da manhã.,0.9748
701,manual_data,literais,She is making a smoothie for breakfast.,Ela está preparando um raio de sol para o café da manhã.,gemini,prompt4,gemma3,prompt2,Ela está fazendo um smoothie para o café da manhã.,0.9748
701,manual_data,literais,She is making a smoothie for breakfast.,Ela está preparando um raio de sol para o café da manhã.,gemini,prompt4,gemma3,prompt4,Ela está preparando um elixir matinal.,0.9322
701,manual_data,literais,She is making a smoothie for breakfast.,Ela está preparando um raio de sol para o café da manhã.,gemini,prompt4,gemmaX,sem_prompt,Ela está fazendo um smoothie para o café da manhã.,0.9748
710,manual_data,literais,He is studying for his exams.,Ele está aprimorando as munições para a batalha.,gemma3,prompt4,gpt,prompt2,Ele está estudando para os exames dele.,0.943
710,manual_data,literais,He is studying for his exams.,Ele está aprimorando as munições para a batalha.,gemma3,prompt4,gpt,prompt4,Ele está se preparando para o teste da vida.,0.9287
710,manual_data,literais,He is studying for his exams.,Ele está aprimorando as munições para a batalha.,gemma3,prompt4,gemini,prompt2,Ele está estudando para as provas.,0.9536
710,manual_data,literais,He is studying for his exams.,Ele está aprimorando as munições para a batalha.,gemma3,prompt4,gemini,prompt4,Ele está na lida para as provas.,0.9407
710,manual_data,literais,He is studying for his exams.,Ele está aprimorando as munições para a batalha.,gemma3,prompt4,gemma3,prompt2,Ele está estudando para as provas.,0.9536
710,manual_data,literais,He is studying for his exams.,Ele está aprimorando as munições para a batalha.,gemma3,prompt4,gemmaX,sem_prompt,Ele está estudando para os exames.,0.9487
712,manual_data,literais,They are taking a family vacation.,Eles estão embarcando em uma pausa da rotina em família.,gemma3,prompt4,gpt,prompt2,Eles estão fazendo férias em família.,0.9486
712,manual_data,literais,They are taking a family vacation.,Eles estão embarcando em uma pausa da rotina em família.,gemma3,prompt4,gpt,prompt4,Eles estão indo para um passeio em família.,0.9612
712,manual_data,literais,They are taking a family vacation.,Eles estão embarcando em uma pausa da rotina em família.,gemma3,prompt4,gemini,prompt2,Eles estão de férias em família.,0.9565
712,manual_data,literais,They are taking a family vacation.,Eles estão embarcando em uma pausa da rotina em família.,gemma3,prompt4,gemini,prompt4,Eles estão embarcando em um cruzeiro familiar.,0.9513
712,manual_data,literais,They are taking a family vacation.,Eles estão embarcando em uma pausa da rotina em família.,gemma3,prompt4,gemma3,prompt2,Eles estão tirando férias em família.,0.948
712,manual_data,literais,They are taking a family vacation.,Eles estão embarcando em uma pausa da rotina em família.,gemma3,prompt4,gemmaX,sem_prompt,Eles estão tirando férias em família.,0.948
