indice,ingles_original,portugues_traduzido,label,dataset,modelo,prompt,xcomet_xl,kiwi_xl,comet22,score_combinado,quartil
2257,"We Are the Democratic Party, How Can We Help You?","Somos o Partido Democrata, como podemos ajudar você?",0,newsmet,gemma3,prompt2,1.0,1.145,0.9566,1.0339,Q1
1466,Saudi Arabia Accuses Iran and Lebanon of Acts of War,Arábia Saudita acusa Irã e Líbano de atos de guerra.,0,newsmet,gemini,prompt2,1.0,1.1513,0.947,1.0328,Q1
1531,Should I create a separate blog focused on Domaining?,Deveria criar um blogue separado focado em Domaining?,0,newsmet,gemmaX,sem_prompt,1.0,1.109,0.9821,1.0304,Q1
610,The president has declared war on his own country,"O presidente declarou guerra ao próprio país.
",0,newsmet,gemma3,prompt2,1.0,1.1211,0.9691,1.0301,Q1
1793,Virginia needs Ralph Northam as its next governor. Here's why,A Virgínia precisa de Ralph Northam como seu próximo governador. Eis o porquê,0,newsmet,gemmaX,sem_prompt,1.0,1.1055,0.9806,1.0287,Q1
2527,Why is Trump moving the American embassy in Israel to Jerusalem?,Por que Trump está transferindo a embaixada americana em Israel para Jerusalém?,0,newsmet,gemma3,prompt2,1.0,1.1034,0.9826,1.0287,Q1
1381,White supremacist website Daily Stormer has a new home — Russia,O site supremacista branco Daily Stormer tem um novo lar — Rússia.,0,newsmet,gpt,prompt2,1.0,1.1158,0.9623,1.026,Q1
870,"‘I Voted for Donald Trump, and I Regret It’","""Eu votei em Donald Trump e me arrependo disso.""",0,newsmet,gpt,prompt2,1.0,1.125,0.9497,1.0249,Q1
2184,Why is Amazon deleting negative reviews of Hillary Clinton’s new book?,"Por que a Amazon está apagando avaliações negativas do novo livro de Hillary Clinton?
",0,newsmet,gemma3,prompt2,1.0,1.0983,0.9747,1.0243,Q1
159,Trump spreads fake news about Obama in the Philippines,"Trump espalha notícias falsas sobre Obama nas Filipinas.
",0,newsmet,gemini,prompt2,1.0,1.0933,0.978,1.0238,Q1
2005,What Did Hillary Clinton Know and When Did She Know It?,O que Hillary Clinton sabia e quando ela soube?,0,newsmet,gemma3,prompt2,0.9912,1.1237,0.9551,1.0233,Q1
813,"If You Have Kids, Share This Video With Them","Se você tem filhos, compartilhe este vídeo com eles.
",0,newsmet,gemini,prompt2,1.0,1.1429,0.9235,1.0221,Q1
832,Did You Know These Details About the Democratic Party?,"Você sabia destes detalhes sobre o Partido Democrata?
",0,newsmet,gemini,prompt2,1.0,1.1086,0.9561,1.0216,Q1
1516,"Gun Owners Need the NRA, and the NRA Needs You","Os proprietários de armas precisam da NRA, e a NRA precisa de você",0,newsmet,gemmaX,sem_prompt,1.0,1.1148,0.9471,1.0206,Q1
2014,Hillary Clinton… She Actually Did it and Here Is the Proof,Hillary Clinton… Ela Realmente Fez Isso e Aqui Está a Prova,0,newsmet,gemini,prompt2,1.0,1.1042,0.9564,1.0202,Q1
1661,Tom Steyer bought 535 copies of 'Fire and Fury'—one for each member of Congress,"Tom Steyer comprou 535 exemplares de ""Fire and Fury"" — um para cada membro do Congresso",0,newsmet,gemmaX,sem_prompt,1.0,1.1188,0.9386,1.0191,Q1
1213,Someone Made a Fake Equifax Site. Then Equifax Linked to It.,Alguém Criou um Site Falso da Equifax. Então a Equifax Linkou a Ele.,0,newsmet,gemini,prompt2,1.0,1.0921,0.9573,1.0165,Q1
2562,Only two countries think Trump is doing a better job than Obama did,Apenas dois países acham que Trump está fazendo um trabalho melhor do que Obama,0,newsmet,gemmaX,sem_prompt,1.0,1.0763,0.9726,1.0163,Q1
1851,Donald Trump states that China does nothing to stop North Korea,Donald Trump afirma que a China não faz nada para impedir a Coreia do Norte.,0,newsmet,gpt,prompt2,1.0,1.0871,0.9615,1.0162,Q1
2488,"A 9-year-old boy discovers a million-year-old fossil in Las Cruces, New Mexico","Um menino de 9 anos descobre um fóssil de um milhão de anos em Las Cruces, Novo México.",0,newsmet,gemini,prompt2,1.0,1.0911,0.9572,1.0161,Q1
633,There is no such thing as a good Trump voter,Não existe tal coisa como um bom eleitor de Trump,0,newsmet,gemmaX,sem_prompt,1.0,1.0714,0.9764,1.0159,Q1
2211,The only county in America without an ACA plan voted 3-to-1 for Trump,O único condado da América sem um plano ACA votou 3-a-1 para Trump,0,newsmet,gemmaX,sem_prompt,1.0,1.084,0.9611,1.015,Q1
396,Nord Stream 2 Pipeline Would Put European Stability at Risk,O gasoduto Nord Stream 2 colocaria em risco a estabilidade europeia.,0,newsmet,gemma3,prompt2,1.0,1.1081,0.9357,1.0146,Q1
1440,Pizza Hut is giving away free pizza for life,Pizza Hut está dando pizza grátis para sempre.,0,newsmet,gemini,prompt2,1.0,1.0875,0.9559,1.0145,Q1
2178,Egypt isn’t the country with the most Pyramids in the world—Sudan has more than 250,O Egito não é o país com mais pirâmides no mundo — o Sudão tem mais de 250.,0,newsmet,gemini,prompt2,1.0,1.1163,0.926,1.0141,Q1
854,Dylan Marron Wants to Know Why People Hate One Another,Dylan Marron Quer Saber Por Que As Pessoas Se Odeiam.,0,newsmet,gpt,prompt2,1.0,1.1233,0.918,1.0138,Q1
1424,Virginia needs to reject the Atlantic Coast and Mountain Valley pipeline projects,Virginia precisa rejeitar os projetos de oleodutos Atlantic Coast e Mountain Valley,0,newsmet,gemmaX,sem_prompt,1.0,1.0609,0.9781,1.013,Q1
64,Fox News allegedly published a fake article in favor of Trump,"A Fox News supostamente publicou um artigo falso em favor de Trump.
",0,newsmet,gemini,prompt2,1.0,1.0782,0.9603,1.0129,Q1
1081,Russian billionaire insists Trump Tower meeting not about Clinton,Bilionário russo insiste que reunião na Trump Tower não foi sobre Clinton,0,newsmet,gemmaX,sem_prompt,0.9912,1.0816,0.9654,1.0127,Q1
1912,Spotify surpasses Apple Music and reaches 60 million paying subscribers,Spotify ultrapassa a Apple Music e atinge 60 milhões de assinantes pagantes,0,newsmet,gemmaX,sem_prompt,1.0,1.0641,0.9734,1.0125,Q1
945,There is no reason for the health insurance industry to exist,"Não há razão para a indústria de seguros de saúde existir.
",0,newsmet,gemini,prompt2,1.0,1.0657,0.9707,1.0121,Q1
1664,"Dear white women, there is nothing heroic about not having sex with Nazis","Queridas mulheres brancas, não há nada de heroico em não ter relações sexuais com nazistas",0,newsmet,gemmaX,sem_prompt,1.0,1.0687,0.967,1.0119,Q1
2540,How social media has transformed the way businesses interact with customers,Como as redes sociais transformaram a maneira como as empresas interagem com os clientes.,0,newsmet,gpt,prompt2,1.0,1.072,0.9638,1.0119,Q1
816,Prince Harry designs a one-of-a-kind ring for Meghan Markle,Príncipe Harry cria um anel único para Meghan Markle,0,newsmet,gemmaX,sem_prompt,1.0,1.0894,0.9456,1.0117,Q1
918,Tesla installs world’s largest lithium-ion battery in South Australia,Tesla instala a maior bateria de iões de lítio do mundo na Austrália do Sul,0,newsmet,gemmaX,sem_prompt,1.0,1.0695,0.9652,1.0116,Q1
123,Weiner emails create new troubles for Hillary Clinton (Video),E-mails de Weiner criam novos problemas para Hillary Clinton (Vídeo),0,newsmet,gemmaX,sem_prompt,1.0,1.0646,0.9694,1.0113,Q1
548,"""We need water."" A cry for help from our fellow citizens in Puerto Rico","""Precisamos de água."" Um grito de socorro de nossos conterrâneos em Porto Rico.
",0,newsmet,gemini,prompt2,1.0,1.0714,0.9619,1.0111,Q1
819,Danielle Steel reveals that she writes six books per year.,Danielle Steel revela que escreve seis livros por ano.,0,newsmet,gemmaX,sem_prompt,1.0,1.0755,0.9566,1.0107,Q1
1293,"How Vietnam dramatically changed our views on soldiers, honor and war","Como o Vietnã mudou dramaticamente nossas visões sobre soldados, honra e guerra.",0,newsmet,gemini,prompt2,1.0,1.0649,0.9666,1.0105,Q1
2564,This math puzzle will help you plan your next party,Este quebra-cabeça matemático ajudará você a planejar sua próxima festa,0,newsmet,gemmaX,sem_prompt,1.0,1.0504,0.9802,1.0102,Q1
1642,Name Me One Way ETs Have Saved This Planet – Part 1/2,Diga-me uma maneira como os ETs salvaram este planeta – Parte 1/2,0,newsmet,gemmaX,sem_prompt,0.9954,1.079,0.9558,1.0101,Q1
957,"Trump, Putin agree to ceasefire deal for south-western Syria",Trump e Putin concordam com um acordo de cessar-fogo para o sudoeste da Síria.,0,newsmet,gemma3,prompt2,1.0,1.0811,0.9485,1.0099,Q1
1735,"We did the impossible, almost did more- and it was thanks to you.","Nós fizemos o impossível, quase fizemos mais – e foi graças a você.",0,newsmet,gemma3,prompt2,0.9996,1.0669,0.9606,1.009,Q1
1006,"Americans don’t trust CNN, but believe Trump even less","Americanos não confiam na CNN, mas acreditam ainda menos em Trump.",0,newsmet,gemma3,prompt2,1.0,1.0761,0.9508,1.009,Q1
1020,LeBron James has some interesting things to say about the Celtics,LeBron James tem algumas coisas interessantes a dizer sobre os Celtics,0,newsmet,gemmaX,sem_prompt,1.0,1.0529,0.9743,1.009,Q1
35,Samsung rolled out Bixby to more than 200 countries worldwide,Samsung lança Bixby em mais de 200 países,0,newsmet,gemmaX,sem_prompt,0.9912,1.1022,0.9335,1.009,Q1
1973,"Trump says new Pennsylvania coal mine created 45,000 jobs. The actual number is 70.",Trump diz que nova mina de carvão na Pensilvânia criou 45.000 empregos. O número real é 70.,0,newsmet,gemini,prompt2,1.0,1.0659,0.9601,1.0087,Q1
1958,"Danny Sjursen Discusses “Apartheid New York” at the College of Staten Island July 20, 2017","Danny Sjursen discute ""Apartheid em Nova York"" no College of Staten Island, 20 de julho de 2017.",0,newsmet,gemma3,prompt2,1.0,1.0872,0.9388,1.0087,Q1
1253,Amazon Opens Its First “Just Walk Out” Store in Seattle,"Amazon Abre Sua Primeira Loja ""Just Walk Out"" em Seattle",0,newsmet,gemini,prompt2,0.9912,1.0567,0.978,1.0086,Q1
2458,The Rolling Stones Are Recording Their First New Album in 12 Years,Os Rolling Stones estão gravando seu primeiro álbum novo em 12 anos.,0,newsmet,gpt,prompt2,1.0,1.0994,0.9266,1.0086,Q1
708,Anyone watch Sunday Pro Football? If so which team is your favorite?,"Alguém assiste ao futebol americano no domingo? Se sim, qual é o seu time favorito?",0,newsmet,gpt,prompt2,0.9891,1.1015,0.9346,1.0084,Q1
2267,Russia rejects US demands for changes to Iran nuclear deal,Rússia rejeita exigências dos EUA por mudanças no acordo nuclear iraniano.,0,newsmet,gemini,prompt2,1.0,1.0643,0.961,1.0084,Q1
1701,Why did early cultures glorify only Venus as a goddess?,Por que culturas antigas glorificavam apenas Vênus como deusa?,0,newsmet,gemini,prompt2,1.0,1.0649,0.9598,1.0082,Q1
1201,Why I’ve decided to unfollow the president on Twitter,Por que decidi deixar de seguir o presidente no Twitter,0,newsmet,gemmaX,sem_prompt,1.0,1.0633,0.9611,1.0081,Q1
209,Wimbledon: Roger Federer and Marin Cilic Reach the Final,"Wimbledon: Roger Federer e Marin Cilic chegam à final.
",0,newsmet,gemini,prompt2,1.0,1.084,0.94,1.008,Q1
346,St. Louis archbishop leads prayer for peace after violent protests,Arcebispo de St. Louis lidera oração pela paz após protestos violentos,0,newsmet,gemmaX,sem_prompt,1.0,1.0475,0.9761,1.0079,Q1
1509,Facebook is going to release 3000 ads used by Russians,Facebook vai divulgar 3000 anúncios usados pelos russos,0,newsmet,gemmaX,sem_prompt,1.0,1.0657,0.9577,1.0078,Q1
2381,Don't mess with the US: Russia was devastated after Putin invaded Ukraine,Não se meta com os EUA: a Rússia foi devastada depois que Putin invadiu a Ucrânia.,0,newsmet,gemini,prompt2,1.0,1.0667,0.9563,1.0077,Q1
1375,Sprint rolling out update for BlackBerry KEYone devices on its network,Sprint lança atualização para dispositivos BlackBerry KEYone na sua rede,0,newsmet,gemmaX,sem_prompt,1.0,1.0716,0.9513,1.0076,Q1
1085,Grigor Dimitrov wins the 2017 Cincinnati Masters over Nick Kyrgios,Grigor Dimitrov vence o Masters de Cincinnati de 2017 sobre Nick Kyrgios.,0,newsmet,gemma3,prompt2,1.0,1.0817,0.94,1.0072,Q1
1740,"Pearson Foods: Workers demand respect in Grand Rapids, MI","Pearson Foods: Trabalhadores exigem respeito em Grand Rapids, MI",0,newsmet,gemini,prompt2,1.0,1.0443,0.977,1.0071,Q1
2248,HBO posts Jorah's love letter to Daenerys in full,HBO publica a carta de amor de Jorah a Daenerys na íntegra,0,newsmet,gemmaX,sem_prompt,1.0,1.0674,0.9536,1.007,Q1
2400,Prince Harry and Meghan Markle have already finalized some wedding plans,O Príncipe Harry e Meghan Markle já finalizaram alguns planos do casamento.,0,newsmet,gemini,prompt2,1.0,1.0512,0.9688,1.0067,Q1
474,"Trump is losing 'friends,' but not losing Paul Ryan or Mitch McConnell","Trump está perdendo ""amigos"", mas não está perdendo Paul Ryan ou Mitch McConnell.",0,newsmet,gemma3,prompt2,1.0,1.0706,0.9495,1.0067,Q1
2001,‘Trump Wants to End Legal Immigration to the U.S.’,Trump quer acabar com a imigração legal para os EUA.,0,newsmet,gemma3,prompt2,1.0,1.0927,0.9269,1.0065,Q1
667,80 nations celebrate International Workers Day on May 1. Why not the U.S.?,"""80 nações celebram o Dia Internacional dos Trabalhadores em 1º de maio. Por que não os EUA?""",0,newsmet,gpt,prompt2,1.0,1.0751,0.9443,1.0065,Q1
248,Bernie Sanders says Democrats are ready to help Republicans fix Obamacare,"Bernie Sanders diz que os democratas estão prontos para ajudar os republicanos a consertar o Obamacare.
",0,newsmet,gemini,prompt2,1.0,1.0481,0.9711,1.0064,Q1
1053,How US Tries to Link Iran to Al Qaeda,Como os EUA Tentam Ligar o Irã à Al Qaeda,0,newsmet,gemini,prompt2,1.0,1.0498,0.9693,1.0064,Q1
1370,Germany Accuses China of Using LinkedIn to Recruit Informants,Alemanha acusa China de usar LinkedIn para recrutar informantes.,0,newsmet,gemini,prompt2,1.0,1.0896,0.9295,1.0064,Q1
469,Trump Sharply Warns Turkey Against Military Strikes in Syria,Trump alerta severamente a Turquia contra ataques militares na Síria.,0,newsmet,gpt,prompt2,1.0,1.0955,0.9232,1.0062,Q1
1750,Simona Halep reaches 2nd round of the 2017 Citi Open in Washington,Simona Halep chega à segunda ronda do Citi Open de 2017 em Washington,0,newsmet,gemmaX,sem_prompt,1.0,1.0745,0.9436,1.006,Q1
941,"""I'm not rich,"" said the lawyer to the nurse, ""so we don't need campaign finance reform.""","""Eu não sou rico,"" disse o advogado à enfermeira, ""então não precisamos de reforma no financiamento de campanhas.""",0,newsmet,gpt,prompt2,1.0,1.0513,0.9668,1.006,Q1
156,"Government reports 261,000 new jobs created in October, wages slip","Governo relata 261.000 novos empregos criados em outubro, salários caem",0,newsmet,gemmaX,sem_prompt,1.0,1.0504,0.9673,1.0059,Q1
853,Saudi Arabia takes full control of the largest oil refinery in North America,A Arábia Saudita assume o controle total da maior refinaria de petróleo na América do Norte.,0,newsmet,gpt,prompt2,1.0,1.0515,0.9661,1.0058,Q1
1436,Apple is expected to unveil the iOS 11 & iPhone 8 next month,A Apple deve revelar o iOS 11 e o iPhone 8 no próximo mês.,0,newsmet,gpt,prompt2,1.0,1.0542,0.9634,1.0058,Q1
641,Chick-fil-A is offering a free breakfast the entire month of September,"Chick-fil-A está oferecendo um café da manhã grátis durante todo o mês de setembro.
",0,newsmet,gemini,prompt2,1.0,1.0666,0.9505,1.0057,Q1
1546,"No, NASA Is Not Developing Flying Taxis for Uber","Não, a NASA não está desenvolvendo táxis voadores para a Uber.",0,newsmet,gemini,prompt2,1.0,1.0784,0.9387,1.0057,Q1
5,Bernie Sanders Just Gave His Best Speech in 2 Years,"Bernie Sanders acabou de fazer seu melhor discurso em 2 anos.
",0,newsmet,gemini,prompt2,1.0,1.0732,0.9436,1.0056,Q1
1095,Google’s Eric Schmidt admits political censorship of search results,Eric Schmidt da Google admite censura política dos resultados de busca,0,newsmet,gemmaX,sem_prompt,1.0,1.0418,0.9751,1.0056,Q1
2281,"Cigarette smoking has negative physical, emotional, and financial effects.","Fumar cigarros tem efeitos negativos físicos, emocionais e financeiros.",0,newsmet,gemma3,prompt2,1.0,1.082,0.9341,1.0053,Q1
550,Microsoft’s Surface Book 2 features more computational power than any rival,O Surface Book 2 da Microsoft possui mais poder computacional do que qualquer rival.,0,newsmet,gpt,prompt2,1.0,1.067,0.948,1.005,Q1
1770,Why does it take so long to get an apartment?,Por que demora tanto tempo para conseguir um apartamento?,0,newsmet,gemmaX,sem_prompt,1.0,1.0341,0.9807,1.0049,Q1
2312,New poll offers deeper insight into what ails rural America,Nova sondagem oferece uma visão mais profunda sobre o que aflige a América rural,0,newsmet,gemmaX,sem_prompt,1.0,1.0335,0.9809,1.0048,Q1
1313,the Democratic Party is not going to save America in the coming years,O Partido Democrata não vai salvar a América nos próximos anos.,0,newsmet,gemini,prompt2,1.0,1.0673,0.9472,1.0048,Q1
1462,Moon Express wants to mine the moon for minerals,Moon Express quer extrair minerais da Lua,0,newsmet,gemmaX,sem_prompt,1.0,1.0889,0.9252,1.0047,Q1
953,What Can Tony Robbins Teach Us About Mass Shootings?,"O que Tony Robbins pode nos ensinar sobre tiroteios em massa?
",0,newsmet,gemini,prompt2,1.0,1.0759,0.9381,1.0047,Q1
2119,Weinstein sex scandal may negatively impact Michael Moore and Quentin Tarantino,Escândalo sexual de Weinstein pode afetar negativamente Michael Moore e Quentin Tarantino,0,newsmet,gemmaX,sem_prompt,1.0,1.0541,0.9595,1.0045,Q1
1297,Bombs Will Not Defeat ISIS (but Maybe the Internet Will),As bombas não derrotarão o ISIS (mas talvez a internet o faça).,0,newsmet,gpt,prompt2,1.0,1.0675,0.9459,1.0044,Q1
608,Addie Zinone says that she had an affair with Matt Lauer 16 years ago,"Addie Zinone diz que teve um caso com Matt Lauer 16 anos atrás.
",0,newsmet,gemini,prompt2,1.0,1.0679,0.9447,1.0042,Q1
15,How credit scoring by companies like Equifax reinforce racial and class inequality,Como a classificação de crédito por empresas como a Equifax reforça a desigualdade racial e de classes,0,newsmet,gemmaX,sem_prompt,1.0,1.0505,0.9618,1.0041,Q1
1580,A reporter asked Trump what his health care plan is. He didn't know,Um repórter perguntou a Trump qual era o plano de saúde dele. Ele não sabia.,0,newsmet,gemma3,prompt2,1.0,1.073,0.9386,1.0039,Q1
1854,‘Stranger Things’ creators plan to end series after fourth season,"Criadores de ""Stranger Things"" pretendem acabar a série após a quarta temporada",0,newsmet,gemmaX,sem_prompt,1.0,1.0665,0.9451,1.0039,Q1
406,Lott: Democrats keep guns out of poor people’s hands,Lott: Democratas mantêm armas fora das mãos dos pobres,0,newsmet,gemmaX,sem_prompt,1.0,1.04,0.9718,1.0039,Q1
931,There Are People Who WANT To Be Micro Chipped,Há pessoas que QUEREM ser microchipadas.,0,newsmet,gpt,prompt2,1.0,1.1131,0.8982,1.0038,Q1
1116,Flake Says He Will Support Democrat Over Roy Moore,Flake diz que apoiará democrata em vez de Roy Moore.,0,newsmet,gemini,prompt2,1.0,1.0593,0.9519,1.0038,Q1
1243,Apple plans to build an Iowa data center that fully runs with renewable energy,A Apple planeja construir um centro de dados em Iowa que opera totalmente com energia renovável.,0,newsmet,gemini,prompt2,1.0,1.0522,0.9588,1.0037,Q1
2303,"Mr. President, the Tax Plan Needs a Big Fix!","Senhor Presidente, o Plano Fiscal Precisa de uma Grande Reforma!",0,newsmet,gemmaX,sem_prompt,1.0,1.0651,0.946,1.0037,Q1
1035,‘30 Rock’ and ‘Friday Night Lights’ Are Leaving Netflix in October,"""‘30 Rock’ e ‘Friday Night Lights’ estão saindo da Netflix em outubro.""",0,newsmet,gemini,prompt2,1.0,1.0651,0.9457,1.0036,Q1
1508,Court denies all Peanut Corp. of America criminal appeals,Tribunal recusa todos os recursos criminais da Peanut Corp. of America,0,newsmet,gemmaX,sem_prompt,1.0,1.0683,0.9416,1.0033,Q1
2318,Apparently CBS News has a problem with the word ‘cowboy’,"Aparentemente, a CBS News tem um problema com a palavra 'cowboy'.",0,newsmet,gpt,prompt2,1.0,1.0575,0.9516,1.003,Q1
1909,ROGER STONE: Cabinet Members Are Plotting To Remove President Trump From Office,ROGER STONE: Membros do gabinete estão tramando para remover o presidente Trump do cargo.,0,newsmet,gpt,prompt2,1.0,1.0793,0.9282,1.0025,Q1
795,Texas Senate Says No to Boys in Girls’ Bathrooms,Senado do Texas diz não a meninos em banheiros de meninas,0,newsmet,gemmaX,sem_prompt,1.0,1.0768,0.9302,1.0023,Q1
1965,Rhode Island lawmakers delay decision on raw milk until 2018,Legisladores de Rhode Island adiam decisão sobre leite cru até 2018,0,newsmet,gemmaX,sem_prompt,1.0,1.0229,0.9832,1.0021,Q1
697,Here are 10 times white people falsely accused innocent people of color of crimes they didn’t commit,"Aqui estão 10 vezes em que pessoas brancas acusaram falsamente pessoas de cor inocentes de crimes que não cometeram.
",0,newsmet,gemini,prompt2,1.0,1.0588,0.9474,1.0021,Q1
1329,Trump administration to open up new areas for oil and gas exploration,Administração Trump abre novas áreas para exploração de petróleo e gás,0,newsmet,gemmaX,sem_prompt,1.0,1.0367,0.969,1.0019,Q1
88,Los Angeles Philharmonic Finds Its Next Leader in Seattle,A Filarmônica de Los Angeles encontra seu próximo líder em Seattle.,0,newsmet,gpt,prompt2,1.0,1.0677,0.9378,1.0018,Q1
378,The Secret Service Will No Longer Protect These Trump Team Members,O Serviço Secreto não protegerá mais estes membros da equipe Trump.,0,newsmet,gemma3,prompt2,1.0,1.0705,0.9347,1.0018,Q1
790,American automakers plan joint ventures to make electric cars in China,Os fabricantes de automóveis americanos planejam joint ventures para fabricar carros elétricos na China.,0,newsmet,gpt,prompt2,1.0,1.0456,0.9596,1.0017,Q1
1870,A scientist just destroyed the conservative myth that inequality is necessary for economic motivation,Um cientista acabou de destruir o mito conservador de que a desigualdade é necessária para a motivação econômica.,0,newsmet,gpt,prompt2,1.0,1.0444,0.9603,1.0016,Q1
2417,Google Adds All South African National Parks to Street View,O Google adiciona todos os parques nacionais da África do Sul ao Street View.,0,newsmet,gemini,prompt2,1.0,1.0507,0.9542,1.0016,Q1
849,Sam and Alexis make relationship choices regarding Julian and Jason,Sam e Alexis tomam decisões sobre as suas relações com Julian e Jason,0,newsmet,gemmaX,sem_prompt,1.0,1.1061,0.8983,1.0015,Q1
2023,Trump will cite China and Russia as competitors in ‘America First’ national security speech,Trump citará a China e a Rússia como concorrentes em seu discurso sobre segurança nacional ‘América Primeiro’.,0,newsmet,gpt,prompt2,1.0,1.0555,0.9491,1.0015,Q1
1570,Bill Maher blames Fox News for white supremacy violence in Charlottesville,Bill Maher culpa a Fox News pela violência supremacista branca em Charlottesville.,0,newsmet,gemini,prompt2,1.0,1.0478,0.9564,1.0014,Q1
2338,Photogallery - Samsung to pay you for finding vulnerabilities in their devices,Galeria de fotos - Samsung pagará você por encontrar vulnerabilidades em seus dispositivos.,0,newsmet,gemma3,prompt2,1.0,1.053,0.9512,1.0014,Q1
2466,Google sets up cloud computing data center in London,Google instala centro de dados de computação em nuvem em Londres.,0,newsmet,gemini,prompt2,1.0,1.0429,0.9613,1.0014,Q1
2121,When did the ‘Mall of America’ in Minnesota become the ‘Mall of Mogadishu?’,Quando o ‘Mall of America’ em Minnesota se tornou o ‘Mall of Mogadishu’?,0,newsmet,gemma3,prompt2,1.0,1.0492,0.9548,1.0013,Q1
1607,Photogallery - Nintendo Switch has surpassed 4.7 million units sold worldwide,"Galeria de fotos - O Nintendo Switch ultrapassou 4,7 milhões de unidades vendidas em todo o mundo.",0,newsmet,gemma3,prompt2,1.0,1.0415,0.9625,1.0013,Q1
197,President Donald J. Trump Accepts the Resignation of White House Press Secretary Sean Spicer,"O Presidente Donald J. Trump aceita a demissão do Secretário de Imprensa da Casa Branca, Sean Spicer.
",0,newsmet,gemini,prompt2,1.0,1.0611,0.9423,1.0012,Q1
1810,At Least 6 White House Advisers Used Private Email Accounts,Pelo menos 6 assessores da Casa Branca usaram contas de e-mail privadas.,0,newsmet,gemma3,prompt2,1.0,1.0762,0.9273,1.0012,Q1
1950,Photogallery - The US needs another Deng Xiaoping in North Korea,Galeria de fotos - Os EUA precisam de outro Deng Xiaoping na Coreia do Norte.,0,newsmet,gpt,prompt2,1.0,1.0561,0.9475,1.0012,Q1
1843,Will Trump Invade Iran? An Interview with Middle East Expert Lawrence Davidson,Trump Invadirá o Irã? Uma Entrevista com o Especialista do Oriente Médio Lawrence Davidson.,0,newsmet,gemma3,prompt2,1.0,1.0472,0.9562,1.0011,Q1
682,"""Mitch & Greg"" Explain Why You Should Never Have Kids","""Mitch & Greg"" Explicam Por Que Você Nunca Deveria Ter Filhos
",0,newsmet,gemini,prompt2,1.0,1.0246,0.9786,1.0011,Q1
2038,"North Korea Does Not Threaten World Peace, the US Does","A Coreia do Norte não ameaça a paz mundial, os EUA sim.",0,newsmet,gemini,prompt2,1.0,1.0958,0.9071,1.001,Q1
2363,Scientists develop brain device that can increase learning by 40%,Cientistas desenvolvem dispositivo cerebral que pode aumentar a aprendizagem em 40%,0,newsmet,gemmaX,sem_prompt,1.0,1.033,0.9699,1.001,Q1
394,Donald Trump will increase the US military power in Afghanistan,"Donald Trump aumentará o poder militar dos EUA no Afeganistão.
",0,newsmet,gemini,prompt2,1.0,1.0485,0.9547,1.001,Q1
675,An IGA Supermarket in Montreal is growing its own vegetables on the roof,"Um supermercado IGA em Montreal está cultivando seus próprios vegetais no telhado.
",0,newsmet,gemini,prompt2,1.0,1.0499,0.9531,1.001,Q1
2559,"New study finds aluminum in vaccines triggers autism, esp. in boys","Novo estudo descobre que o alumínio nas vacinas causa autismo, especialmente em meninos",0,newsmet,gemmaX,sem_prompt,1.0,1.0486,0.9544,1.001,Q1
2579,New Google Pixel Buds Can Translate 40 Languages In Real Time,Os novos Google Pixel Buds podem traduzir 40 idiomas em tempo real.,0,newsmet,gpt,prompt2,1.0,1.0678,0.935,1.0009,Q1
810,Chris Bosh says LeBron and Wade can win another title together,Chris Bosh diz que LeBron e Wade podem ganhar outro título juntos,0,newsmet,gemmaX,sem_prompt,1.0,1.0243,0.9785,1.0009,Q1
419,Google Home Mini affected with bug that records conversations,"Google Home Mini afetado por bug que grava conversas.
",0,newsmet,gemini,prompt2,1.0,1.0396,0.9632,1.0009,Q1
746,The Pneumonic Plague Killed 50 Million People in the Middle Ages and Now It’s Back,A Peste Pneumônica Matou 50 Milhões de Pessoas na Idade Média e Agora Está de Volta.,0,newsmet,gpt,prompt2,0.9912,1.0689,0.9424,1.0008,Q1
2268,Prince Harry and Meghan Markle are planning their wedding their way,Príncipe Harry e Meghan Markle estão planejando o casamento do jeito deles.,0,newsmet,gemma3,prompt2,1.0,1.0484,0.9541,1.0008,Q1
1720,The US Military Will Not Solve the Venezuela Crisis,O exército americano não resolverá a crise na Venezuela.,0,newsmet,gemma3,prompt2,1.0,1.0833,0.9185,1.0006,Q1
2512,The Boston Islamic Seminary Is Training the Next Generation of Extremists,O Seminário Islâmico de Boston está treinando a próxima geração de extremistas.,0,newsmet,gemma3,prompt2,1.0,1.0644,0.9371,1.0005,Q1
1356,"Gov't reports far fewer new jobs created in December than economists expected: 148,000",O governo informa que foram criados menos novos empregos em dezembro do que os economistas esperavam: 148 000,0,newsmet,gemmaX,sem_prompt,1.0,1.0723,0.9292,1.0005,Q1
2370,Russia says Syria war to end soon with Turkish support,A Rússia diz que a guerra na Síria terminará em breve com apoio turco.,0,newsmet,gemma3,prompt2,1.0,1.0446,0.9568,1.0005,Q1
402,Saudi Arabia plans to lift driving ban on women,Arábia Saudita planeia levantar a proibição de condução para mulheres,0,newsmet,gemmaX,sem_prompt,1.0,1.0277,0.9733,1.0003,Q1
2029,Poland ‘Will Accept Migrants From Europe—but Not Africa or Middle East’,"Polônia aceitará migrantes da Europa, mas não da África ou do Oriente Médio.",0,newsmet,gemma3,prompt2,1.0,1.0854,0.9152,1.0002,Q1
1039,"Would You Pay $$30,000 for the “World’s Most Luxurious Coloring Book”?","Você pagaria 30.000 dólares pelo ""Livro de Colorir Mais Luxuoso do Mundo""?",0,newsmet,gpt,prompt2,1.0,1.0778,0.9219,0.9999,Q1
1445,Russia Is Now Calling On The US To Leave Syria (Video),A Rússia agora está pedindo aos EUA para saírem da Síria (Vídeo).,0,newsmet,gpt,prompt2,1.0,1.0673,0.9324,0.9999,Q1
640,Can Dominic Thiem be considered a title contender at the 2017 US Open?,Dominic Thiem pode ser considerado um candidato ao título no US Open de 2017?,0,newsmet,gemmaX,sem_prompt,1.0,1.025,0.9747,0.9999,Q1
1659,Photogallery - Evangelical Christians continue to support Donald Trump and Steve Bannon,Galeria de Fotos - Cristãos Evangélicos continuam a apoiar Donald Trump e Steve Bannon.,0,newsmet,gpt,prompt2,1.0,1.0394,0.9603,0.9999,Q1
2430,Trump's NYT Interview Is Raising More Questions About His Mental Health,Entrevista de Trump ao NYT levanta mais questões sobre a sua saúde mental,0,newsmet,gemmaX,sem_prompt,1.0,1.0701,0.9294,0.9998,Q1
1626,Republicans blocked President Obama from telling the public about Russian actions to help Trump,Republicanos impediram o presidente Obama de informar o público sobre as ações russas para ajudar Trump.,0,newsmet,gemini,prompt2,1.0,1.049,0.9494,0.9995,Q1
2272,The project of the West has failed | Colonel Cassad,O projeto do Ocidente falhou | Coronel Cassad,0,newsmet,gemmaX,sem_prompt,1.0,1.0686,0.9301,0.9995,Q1
1127,Every Republican should know Dictionary.com's 2017 Word of the Year,Todo republicano deveria conhecer a Palavra do Ano de 2017 do Dictionary.com,0,newsmet,gemmaX,sem_prompt,1.0,1.0268,0.9715,0.9994,Q1
1888,Tillerson Says the U.S. Will Never Accept Crimea Annexation,Tillerson diz que os EUA nunca aceitarão a anexação da Crimeia.,0,newsmet,gemini,prompt2,1.0,1.0655,0.9327,0.9994,Q1
1165,CUNY professor says having “white nuclear family” promotes white supremacy,"Professor da CUNY diz que ter uma ""família branca nuclear"" promove a supremacia branca.",0,newsmet,gemini,prompt2,1.0,1.0428,0.9555,0.9994,Q1
1005,What Trump is Doing in Jerusalem and Why He Is Doing It,O que Trump está fazendo em Jerusalém e por que ele está fazendo isso,0,newsmet,gemmaX,sem_prompt,1.0,1.0575,0.9403,0.9993,Q1
2099,"Overwatch' sets new milestone for Blizzard, acquires 46 million users","Overwatch estabelece novo recorde para a Blizzard, com 46 milhões de utilizadores",0,newsmet,gemmaX,sem_prompt,1.0,1.0667,0.9308,0.9992,Q1
1736,Tyga wants a paternity test once Kylie's baby is born,Tyga quer um teste de paternidade assim que o bebê de Kylie nascer.,0,newsmet,gemini,prompt2,1.0,1.053,0.9443,0.9991,Q1
1358,White House says Trump is considering Russia sanctions legislation,Casa Branca diz que Trump está considerando legislação sobre sanções à Rússia.,0,newsmet,gemini,prompt2,1.0,1.0581,0.9391,0.999,Q1
2382,Apple iPhone X showcases the future of smartphone capabilities,O Apple iPhone X apresenta o futuro das capacidades de smartphones.,0,newsmet,gemma3,prompt2,1.0,1.0358,0.9608,0.9989,Q1
361,False charges of ‘Fake News’ are harming our free press,Acusações falsas de ‘notícias falsas’ estão prejudicando nossa imprensa livre.,0,newsmet,gemma3,prompt2,1.0,1.0402,0.9564,0.9989,Q1
887,Someone tweeted this about their dad and the response was just amazing,Alguém tuitou isto sobre o pai e a resposta foi simplesmente incrível,0,newsmet,gemmaX,sem_prompt,0.9912,1.0623,0.9429,0.9988,Q1
2162,70 Percent Of Italians Think The Country Has Taken Too Many Migrants,70% dos italianos acham que o país recebeu migrantes demais.,0,newsmet,gpt,prompt2,1.0,1.099,0.8973,0.9988,Q1
1417,The French Data Protection Agency threatens to fine WhatsApp,A Agência Francesa de Proteção de Dados ameaça multar o WhatsApp.,0,newsmet,gpt,prompt2,1.0,1.0317,0.9647,0.9988,Q1
1310,North Korea says it will accelerate the development of nuclear weapons,A Coreia do Norte diz que acelerará o desenvolvimento de armas nucleares.,0,newsmet,gemma3,prompt2,1.0,1.0334,0.9626,0.9987,Q1
1483,BTS enters Billboard's Hot 100 charts with title track 'DNA',"BTS entra na lista Hot 100 da Billboard com a faixa-título ""DNA""",0,newsmet,gemmaX,sem_prompt,0.9912,1.0416,0.963,0.9986,Q1
424,5 Things Ivanka Trump Could Do Right Now on Equal Pay,5 Coisas que Ivanka Trump Poderia Fazer Agora Sobre Igualdade Salarial,0,newsmet,gemma3,prompt2,0.9969,1.0264,0.9719,0.9984,Q1
1459,Harvey has knocked out a significant portion of the nation’s oil refining capacity,Harvey parou uma parte significativa da capacidade de refinaria de petróleo da nação,0,newsmet,gemmaX,sem_prompt,1.0,1.0569,0.938,0.9983,Q1
723,Medical marijuana is helping people for many more health problems than just pain,A maconha medicinal está ajudando as pessoas com muitos mais problemas de saúde do que apenas a dor,0,newsmet,gemmaX,sem_prompt,1.0,1.0314,0.9634,0.9983,Q1
1597,How the god you worship influences the ghosts you see,Como o deus que você adora influencia os fantasmas que você vê,0,newsmet,gemmaX,sem_prompt,1.0,1.0262,0.9688,0.9983,Q1
753,Kirk Cousins wife gives birth to couple's first child,Esposa de Kirk Cousins dá à luz ao primeiro filho do casal,0,newsmet,gemmaX,sem_prompt,1.0,1.0433,0.9513,0.9982,Q1
821,Why Andy Murray tennis fans should not ignore Tim Henman's comments,"""Por que os fãs de tênis de Andy Murray não devem ignorar os comentários de Tim Henman.""",0,newsmet,gpt,prompt2,1.0,1.0614,0.9333,0.9982,Q1
1665,Activists replace statue of Robert E. Lee with statue of a pregnant black woman in Baltimore,Ativistas substituem estátua de Robert E. Lee por estátua de uma mulher negra grávida em Baltimore.,0,newsmet,gpt,prompt2,0.9912,1.0485,0.9545,0.9981,Q1
2499,New Findings Could Save Lives of More Stroke Patients,Novas descobertas podem salvar vidas de mais pacientes com AVC,0,newsmet,gemmaX,sem_prompt,1.0,1.0732,0.9208,0.998,Q1
2459,Congress has spent $$17 million to settle sexual harassment claims,Congresso gastou 17 milhões de dólares para resolver queixas de assédio sexual,0,newsmet,gemmaX,sem_prompt,1.0,1.0229,0.9711,0.998,Q1
2008,Please Raise Your Hand If You’re Not a Sexual Predator (Audio),"Por favor, levante a mão se você não é um predador sexual (Áudio)",0,newsmet,gemmaX,sem_prompt,1.0,1.0779,0.9162,0.998,Q1
1166,Trump using donors' campaign cash to pay for his idiot son's legal defense,"""Trump usando o dinheiro da campanha dos doadores para pagar a defesa legal de seu filho idiota.""",0,newsmet,gpt,prompt2,1.0,1.0425,0.951,0.9979,Q1
2134,What Trump Is Doing in Jerusalem and Why He Is Doing It,O que Trump está fazendo em Jerusalém e por que ele está fazendo isso,0,newsmet,gemmaX,sem_prompt,1.0,1.0575,0.9355,0.9977,Q1
1144,Metropolis at 90: You’ll Never See a Movie Like This Again,Metropolis aos 90: Você Nunca Mais Verá um Filme Como Este,0,newsmet,gemini,prompt2,1.0,1.0327,0.9598,0.9975,Q1
855,Queen Elizabeth II faces problems with royal duties being neglected,Rainha Elizabeth II enfrenta problemas com os deveres reais sendo negligenciados,0,newsmet,gemmaX,sem_prompt,1.0,1.0165,0.9761,0.9975,Q1
2117,Sinclair Broadcast News exposed its white nationalist agenda today,A Sinclair Broadcast News expôs sua agenda nacionalista branca hoje.,0,newsmet,gpt,prompt2,1.0,1.0295,0.9631,0.9975,Q1
323,Russia marking day of defeat of Nazi forces | TASS,Rússia marca o dia da derrota das forças nazistas | TASS,0,newsmet,gemma3,prompt2,1.0,1.0361,0.9562,0.9974,Q1
1831,Niall Horan denies dating Olympia Valance: Here's what he has to say,Niall Horan desmente namoro com Olympia Valance: Eis o que tem a dizer,0,newsmet,gemmaX,sem_prompt,1.0,1.0192,0.9731,0.9974,Q1
2465,Photogallery - The US has the greatest number of billionaires in the world,Galeria de fotos - Os EUA têm o maior número de bilionários do mundo.,0,newsmet,gemma3,prompt2,1.0,1.0577,0.934,0.9973,Q1
2518,University of Texas at Austin removes its Confederate statues overnight,Universidade do Texas em Austin remove as suas estátuas confederadas durante a noite,0,newsmet,gemmaX,sem_prompt,1.0,1.0184,0.9734,0.9973,Q1
852,Sheriff Joe Arpaio Says He Would Accept Pardon from Donald Trump,O xerife Joe Arpaio diz que aceitaria um perdão de Donald Trump.,0,newsmet,gpt,prompt2,1.0,1.0746,0.9171,0.9972,Q1
2299,7 Ways a Design Kit or Template Can Save Your Project,7 Maneiras que um Kit ou Template de Design Pode Salvar Seu Projeto,0,newsmet,gemini,prompt2,1.0,1.0099,0.9817,0.9972,Q1
114,President Donald Trump lifts the Jones Act to help Puerto Rico,Presidente Donald Trump suspende a Lei Jones para ajudar Porto Rico,0,newsmet,gemmaX,sem_prompt,0.9899,1.0508,0.9509,0.9972,Q1
1452,Los Angeles Clippers defeated The Utah Jazz with a score of 102-84,Los Angeles Clippers derrotou o Utah Jazz com um placar de 102-84,0,newsmet,gemmaX,sem_prompt,1.0,1.0404,0.9511,0.9972,Q1
447,"With no explanation, Trump fired the entire Presidential Advisory Council on HIV","Sem explicação, Trump demitiu todo o Conselho Consultivo Presidencial sobre HIV.
",0,newsmet,gemini,prompt2,1.0,1.0511,0.9401,0.9971,Q1
2058,"A month after Trump declared opioids a 'national emergency,' his team still has no plan","Um mês depois de Trump declarar as opióides uma ""emergência nacional"", a sua equipa ainda não tem um plano",0,newsmet,gemmaX,sem_prompt,1.0,1.0333,0.958,0.9971,Q1
1957,How a Republican Idea for Reducing Medicare Costs Could Affect You,Como uma ideia republicana para reduzir os custos do Medicare poderia afetar você,0,newsmet,gemmaX,sem_prompt,1.0,1.0572,0.9337,0.997,Q1
1463,Health Insurance Marketplaces Offer More Low-Cost Options than Ever Before,Os Mercados de Seguro de Saúde oferecem mais opções de baixo custo do que nunca.,0,newsmet,gpt,prompt2,1.0,1.0452,0.9455,0.9969,Q1
1563,The Cryptocurrency Phenomenon - What You Need To Know Moving Forward,O Fenômeno das Criptomoedas - O Que Você Precisa Saber para Seguir em Frente,0,newsmet,gemini,prompt2,1.0,1.0422,0.9485,0.9969,Q1
976,What Would You Do If Satanists Erected a Giant Pentagram in Your Local Park?,O que você faria se satanistas erguessem um pentagrama gigante no seu parque local?,0,newsmet,gemma3,prompt2,1.0,1.0857,0.9051,0.9969,Q1
1694,Study Exposes Dark Side of Coffee Cultivation in Uganda,Estudo Revela Lado Sombrio do Cultivo de Café em Uganda.,0,newsmet,gpt,prompt2,1.0,1.043,0.9467,0.9966,Q1
1102,I Am Not Bringing My Laptop on Vacation Next Year,Eu não vou levar meu laptop nas férias no ano que vem.,0,newsmet,gemma3,prompt2,1.0,1.1076,0.8823,0.9966,Q1
1181,Pope Wants Change on Death Penalty—a Fulfillment of Prophecy?,"""O Papa Quer Mudança na Pena de Morte—um Cumprimento de Profecia?""",0,newsmet,gpt,prompt2,1.0,1.0523,0.9373,0.9966,Q1
421,How the transgender crusade made me rethink my support for gay marriage,Como a cruzada transgénero me fez repensar o meu apoio ao casamento homossexual,0,newsmet,gemmaX,sem_prompt,1.0,1.0149,0.975,0.9966,Q1
901,Ed Sheeran says no one wants to see him back in 'Game of Thrones',Ed Sheeran diz que ninguém quer vê-lo de volta em 'Game of Thrones'.,0,newsmet,gpt,prompt2,1.0,1.0291,0.9605,0.9965,Q1
1094,Rafael Nadal Wins the U.S. Open for His 16th Grand Slam Title,"Rafael Nadal conquista o US Open, seu 16º título de Grand Slam.",0,newsmet,gemini,prompt2,1.0,1.0524,0.9367,0.9964,Q1
1649,“Al Jazeera is running a jihad out of Jerusalem”,"""A Al Jazeera está promovendo uma jihad a partir de Jerusalém.""",0,newsmet,gemini,prompt2,1.0,1.0411,0.948,0.9964,Q1
777,Chrissy Metz Will Make Her Stage Debut in ‘Fat Pig’,Chrissy Metz fará sua estreia no palco em 'Fat Pig'.,0,newsmet,gemma3,prompt2,1.0,1.0547,0.9342,0.9963,Q1
51,NSA quietly removes ‘honesty’ from its stated ‘core values’,"A NSA remove silenciosamente ""honestidade"" de seus ""valores fundamentais"" declarados.
",0,newsmet,gemini,prompt2,1.0,1.0461,0.9427,0.9963,Q1
1522,Future Apple Macs to make adjusting volume very easy,Macs futuros da Apple tornarão o ajuste do volume muito fácil,0,newsmet,gemmaX,sem_prompt,1.0,1.0416,0.947,0.9962,Q1
155,How can a ‘sanctuary school’ protect its DACA students?,Como pode uma “escola santuário” proteger os seus estudantes DACA?,0,newsmet,gemmaX,sem_prompt,1.0,1.0189,0.9696,0.9962,Q1
962,Jeff Sessions just put a military general in charge of our federal prison system,Jeff Sessions acaba de colocar um general militar no comando do nosso sistema prisional federal.,0,newsmet,gemma3,prompt2,1.0,1.0193,0.9694,0.9962,Q1
891,Roy Moore Finds a Rival From Afar: Gloria Allred,Roy Moore encontra uma rival distante: Gloria Allred.,0,newsmet,gpt,prompt2,0.9912,1.101,0.8961,0.9961,Q1
904,Dragon Ball Xenoverse 2' DLC Pack 5 has a couple of surprises for players,"O Pacote DLC 5 de Dragon Ball Xenoverse 2 tem algumas surpresas para os jogadores.
",0,newsmet,gemini,prompt2,1.0,1.0482,0.9402,0.9961,Q1
69,"Paris ‘March for Life’ Draws 40,000 in Protest Against Legal Abortion",“Marcha pela Vida” em Paris atrai 40.000 pessoas em protesto contra o aborto legal,0,newsmet,gemmaX,sem_prompt,1.0,1.0663,0.9218,0.996,Q1
2255,Why I’m Traveling 710 Miles to Attend the March for Life,Por que estou viajando 710 milhas para participar da Marcha pela Vida,0,newsmet,gemmaX,sem_prompt,1.0,1.0616,0.9254,0.9957,Q1
1060,New details emerge proving Trump campaign and Russia both went after online Clinton supporters,Novos detalhes surgem comprovando que a campanha de Trump e a Rússia atacaram online apoiadores de Clinton.,0,newsmet,gemma3,prompt2,1.0,1.0527,0.934,0.9956,Q1
235,Mike and Nathaniel’s Week in Tech: Everybody Loves Bitcoin,"A Semana de Tecnologia de Mike e Nathaniel: Todo Mundo Ama Bitcoin
",0,newsmet,gemini,prompt2,0.9912,1.0403,0.9553,0.9956,Q1
1501,NEO – Saudi Arabia and Israel replace Syria with Lebanon as their next victim,NEO – Arábia Saudita e Israel substituem a Síria pelo Líbano como sua próxima vítima,0,newsmet,gemmaX,sem_prompt,1.0,1.0136,0.9731,0.9956,Q1
1264,"Fearing the Worst, China Plans Refugee Camps on North Korean Border","Temendo o pior, China planeja campos de refugiados na fronteira com a Coreia do Norte.",0,newsmet,gemini,prompt2,1.0,1.0754,0.911,0.9955,Q1
1747,Trump Has Killed More Civilians with Illegal Drone Strikes in 9 Months Than Obama Did in 8 Years,Trump matou mais civis com ataques de drones ilegais em 9 meses do que Obama em 8 anos.,0,newsmet,gemma3,prompt2,1.0,1.0804,0.9058,0.9954,Q1
559,North Korea Has Finally Agreed to Hold Official Talks with South Korea,"A Coreia do Norte finalmente concordou em realizar conversas oficiais com a Coreia do Sul.
",0,newsmet,gemini,prompt2,1.0,1.0638,0.922,0.9953,Q1
1286,"Samsung might launch Galaxy S9 in January 2018, based on the assembly schedule","Samsung pode lançar o Galaxy S9 em janeiro de 2018, com base no cronograma de montagem",0,newsmet,gemmaX,sem_prompt,1.0,1.0304,0.9554,0.9953,Q1
1368,CBS News: Congress Wants Phone Records of Trump Jr.-Russia Meeting,CBS News: Congresso quer registros telefônicos da reunião Trump Jr.-Rússia.,0,newsmet,gemini,prompt2,1.0,1.0433,0.9424,0.9952,Q1
2526,Matt Groening Is Creating a New Show for Netflix,Matt Groening está criando um novo programa para a Netflix.,0,newsmet,gpt,prompt2,1.0,1.0367,0.9488,0.9952,Q1
1921,"Security Flaws Put Virtually All Phones, Computers at Risk",Falhas de segurança colocam praticamente todos os telefones e computadores em risco.,0,newsmet,gpt,prompt2,1.0,1.0519,0.9326,0.9949,Q1
1128,You’ll Never Guess Where Kate Middleton Is Spending Halloween,Você nunca vai adivinhar onde Kate Middleton vai passar o Halloween.,0,newsmet,gemini,prompt2,1.0,1.0518,0.9328,0.9949,Q1
1254,Why Dylan O'Brien is taking on a new role,Por que Dylan O'Brien está a assumir um novo papel,0,newsmet,gemmaX,sem_prompt,1.0,1.0021,0.9822,0.9947,Q1
1486,News About Malia Obama – Barack Did it to Her!,Notícias sobre Malia Obama – Barack fez isso com ela!,0,newsmet,gemma3,prompt2,1.0,1.0477,0.9363,0.9947,Q1
1448,"A young prodigy, Michael Sayman, is leaving Facebook for Google","Um jovem prodígio, Michael Sayman, está deixando o Facebook para o Google",0,newsmet,gemmaX,sem_prompt,1.0,1.0049,0.9791,0.9946,Q1
1119,Photogallery - Fox News allegedly published a fake article in favor of Trump,Galeria de fotos - Fox News supostamente publicou um artigo falso em favor de Trump.,0,newsmet,gemini,prompt2,1.0,1.034,0.9499,0.9946,Q1
75,"Sen. Ron Johnson: Media, Dems Are Sabotaging Trump Administration",Sen. Ron Johnson: A mídia e os democratas estão sabotando a administração Trump.,0,newsmet,gemma3,prompt2,1.0,1.0393,0.9445,0.9946,Q1
826,When the Boss Wants You to Do Something Unethical,Quando o chefe quer que você faça algo antiético.,0,newsmet,gemma3,prompt2,1.0,1.0952,0.8885,0.9946,Q1
1727,Democrats Propose More Gun Bans & Where are the Republicans?,Democratas Propõem Mais Proibições de Armas & Onde Estão os Republicanos?,0,newsmet,gemini,prompt2,0.9905,1.0187,0.9742,0.9945,Q1
2341,Seth Abramson carefully lists out the evidence proving DJT is innocent:,Seth Abramson lista cuidadosamente as provas que demonstram que DJT é inocente:,0,newsmet,gemini,prompt2,1.0,1.0255,0.9576,0.9944,Q1
1003,"""Indictment Weekend"" claims its first victim: Roger Stone banned from Twitter","""Indictment Weekend"" reclama a sua primeira vítima: Roger Stone banido do Twitter",0,newsmet,gemmaX,sem_prompt,1.0,1.0094,0.9735,0.9943,Q1
1198,Congressional Democrats Promise a ‘Better Deal’ for American Workers,"Democratas do Congresso prometem um ""acordo melhor"" para os trabalhadores americanos",0,newsmet,gemmaX,sem_prompt,1.0,1.0375,0.9453,0.9943,Q1
2182,Al Franken Uses The Word ‘I’ 61 Times During Resignation Speech,Al Franken usa a palavra 'eu' 61 vezes durante o discurso de renúncia.,0,newsmet,gpt,prompt2,1.0,1.0778,0.9048,0.9942,Q1
2173,"This is a Michigan story, or is it? We need more Guns in Bars , churches and schools.","Esta é uma história de Michigan, ou será? Precisamos de mais armas em bares, igrejas e escolas.",0,newsmet,gemini,prompt2,1.0,1.0471,0.9353,0.9941,Q1
2560,Sony is reducing the prices of its PlayStation VR bundles,A Sony está reduzindo os preços de seus pacotes PlayStation VR.,0,newsmet,gemini,prompt2,1.0,1.0274,0.9549,0.9941,Q1
2468,So why are we in Niger? It has nothing to do with “teaching respect for human rights”,"Então, por que estamos no Níger? Não tem nada a ver com ""ensinar respeito pelos direitos humanos"".",0,newsmet,gemini,prompt2,1.0,1.0284,0.9539,0.9941,Q1
1041,Is the National Security Council becoming a national security threat?,"""O Conselho de Segurança Nacional está se tornando uma ameaça à segurança nacional?""",0,newsmet,gpt,prompt2,1.0,1.0246,0.9574,0.994,Q1
2061,VIDEO: Why we no longer need the mainstream media – Dr. Rich Swier,VÍDEO: Por que não precisamos mais da mídia tradicional – Dr. Rich Swier,0,newsmet,gemmaX,sem_prompt,1.0,1.0407,0.9412,0.994,Q1
1684,10 Ways My Wife And I Cut Our Grocery Bill By 75 Percent,10 maneiras pelas quais minha esposa e eu reduzimos nossa conta de supermercado em 75%,0,newsmet,gemmaX,sem_prompt,0.9964,1.0215,0.9639,0.9939,Q1
1479,"Riton USA Announces the Launch of a New, Easy to Use Website",A Riton USA anuncia o lançamento de um novo site fácil de usar.,0,newsmet,gemma3,prompt2,1.0,1.0585,0.9229,0.9938,Q1
1481,Bulgaria Government Shocked To Discover It Owns $$3 Billion In Bitcoin,Governo da Bulgária fica chocado ao descobrir que possui US$ 3 bilhões em Bitcoin,0,newsmet,gemmaX,sem_prompt,0.9987,1.0344,0.9478,0.9937,Q1
1045,Roger Stone is right: Trump needs to demand a Uranium One investigation now,Roger Stone está certo: Trump precisa exigir uma investigação sobre a Uranium One agora.,0,newsmet,gpt,prompt2,1.0,1.0282,0.953,0.9937,Q1
589,Prince Harry and Meghan Markle Were Caught Kissing in Toronto,Príncipe Harry e Meghan Markle foram flagrados se beijando em Toronto.,0,newsmet,gemma3,prompt2,1.0,1.0588,0.922,0.9936,Q1
764,Bowe Bergdahl Expected to Make His Plea in Court Today,"Bowe Bergdahl deve se declarar culpado no tribunal hoje.
",0,newsmet,gemini,prompt2,1.0,1.0802,0.9006,0.9936,Q1
1,Texas: Muslim who joined ISIS first became religious and started spending more time at the mosque,Texas: Muçulmano que se juntou ao ISIS primeiro se tornou religioso e começou a passar mais tempo na mesquita,0,newsmet,gemmaX,sem_prompt,1.0,1.0098,0.971,0.9936,Q1
1628,India is building an Israel-developed fence along its Pakistan border,Índia está construindo uma cerca desenvolvida por Israel ao longo de sua fronteira com o Paquistão,0,newsmet,gemmaX,sem_prompt,1.0,1.0453,0.9356,0.9936,Q1
666,FBI demands answers on sale of baby body parts,FBI pede respostas sobre venda de partes do corpo de bebés,0,newsmet,gemmaX,sem_prompt,1.0,1.0179,0.9627,0.9935,Q1
595,"Mark Penn and Andrew Stein have published the most execrable ""advice to Democrats"" op-ed ever","Mark Penn e Andrew Stein publicaram o mais execrável artigo de opinião com ""conselhos aos democratas"" de sempre",0,newsmet,gemmaX,sem_prompt,0.9932,1.0281,0.9592,0.9935,Q1
2581,Edinburgh Student Who Ridiculed ISIS Online Investigated for Islamophobia,Aluna de Edimburgo que ridicularizou o ISIS online é investigada por islamofobia,0,newsmet,gemmaX,sem_prompt,1.0,1.0433,0.9373,0.9935,Q1
1343,Nebraska regulator to announce Keystone XL permit decision on November 20,Regulador de Nebraska anunciará decisão sobre a licença do Keystone XL em 20 de novembro.,0,newsmet,gemini,prompt2,1.0,1.0185,0.962,0.9935,Q1
679,Steve Bannon told Ivanka Trump: You don’t know what you’re doing,Steve Bannon disse a Ivanka Trump: Você não sabe o que está fazendo.,0,newsmet,gpt,prompt2,1.0,1.028,0.952,0.9934,Q1
1582,What Is the Iran Nuclear Deal? And Why Does Trump Hate It?,O que é o acordo nuclear com o Irã? E por que Trump o odeia?,0,newsmet,gemma3,prompt2,1.0,1.0562,0.9241,0.9934,Q1
695,"Trump officials ignored ethics rules, creating 'ethical crises' that are still going on","Funcionários de Trump ignoraram regras éticas, criando ""crises éticas"" que ainda estão em curso",0,newsmet,gemmaX,sem_prompt,0.9912,1.0341,0.955,0.9934,Q1
959,"‘WTF is going on’? Paul Manafort is suing Rod Rosenstein, Robert Mueller, AND the DOJ","""O que diabos está acontecendo? Paul Manafort está processando Rod Rosenstein, Robert Mueller e o DOJ.""",0,newsmet,gpt,prompt2,1.0,1.04,0.9404,0.9934,Q1
1687,Trump defends Roy Moore by saying 'Access Hollywood' tape could be fake,"Trump defende Roy Moore dizendo que a gravação do ""Access Hollywood"" pode ser falsa",0,newsmet,gemmaX,sem_prompt,1.0,1.0336,0.9464,0.9933,Q1
2429,American service members rate white nationalism as a larger security threat than Syria or Iraq,Militares norte-americanos consideram o nacionalismo branco como uma ameaça maior à segurança do que a Síria ou o Iraque,0,newsmet,gemmaX,sem_prompt,1.0,1.025,0.9545,0.9932,Q1
763,People Are Saying 'We Don't Like Hatred and Bigotry',"As pessoas estão dizendo 'Não gostamos de ódio e intolerância'.
",0,newsmet,gemini,prompt2,1.0,1.0669,0.9128,0.9932,Q1
1074,Google Play Apps May Have Infected Phones With Malware,Apps do Google Play podem ter infectado telemóveis com malware,0,newsmet,gemmaX,sem_prompt,1.0,1.046,0.9334,0.9931,Q1
2321,"Sydney experiencing massive heat wave, huge contrast with North America","Sydney está a sofrer uma enorme onda de calor, um enorme contraste com a América do Norte",0,newsmet,gemmaX,sem_prompt,1.0,1.04,0.9386,0.9929,Q1
2284,Opioid addicts must experience the consequences of their actions,Os viciados em opiáceos devem experimentar as consequências das suas ações,0,newsmet,gemmaX,sem_prompt,1.0,1.0263,0.9524,0.9929,Q1
2035,‘What???’ This update to the Vegas shooting case raises EVEN MORE questions,"""O que??? Esta atualização sobre o caso do tiroteio em Vegas levanta AINDA MAIS perguntas.""",0,newsmet,gpt,prompt2,0.9912,1.0316,0.9557,0.9928,Q1
1450,South Africa converts to Islam plotted jihad attacks on Jewish institutions,Sul da África converte-se ao Islã e planeja ataques jihadistas contra instituições judaicas,0,newsmet,gemmaX,sem_prompt,1.0,1.0451,0.9332,0.9928,Q1
244,Senate Tax Reform Plan Fails to Protect American Family Businesses,"Plano de Reforma Tributária do Senado Falha em Proteger Empresas Familiares Americanas.
",0,newsmet,gemini,prompt2,0.9998,1.0092,0.9695,0.9928,Q1
186,Massachusetts governor signs bill hiking tax on recreational pot,Governador de Massachusetts assina projeto de lei que aumenta impostos sobre a maconha recreativa,0,newsmet,gemmaX,sem_prompt,1.0,1.0317,0.9466,0.9928,Q1
858,"Why I stand for the national anthem, and why I will never force anyone else to stand","Por que eu me levanto para o hino nacional, e por que eu nunca forçarei ninguém a se levantar",0,newsmet,gemmaX,sem_prompt,0.9884,1.023,0.9672,0.9928,Q1
1916,Somebody Stole A Lunar Spacecraft Right Out Of A Museum,Alguém roubou uma nave espacial lunar de um museu,0,newsmet,gemmaX,sem_prompt,1.0,1.0918,0.8863,0.9927,Q1
2009,Lana Parrilla will not play Regina Mills anymore in 'Once Upon a Time',Lana Parrilla não interpretará mais Regina Mills em 'Once Upon a Time'.,0,newsmet,gpt,prompt2,1.0,1.033,0.9452,0.9927,Q1
1643,Can I Test the Health of My Gut Microbiota?,Posso testar a saúde da minha microbiota intestinal?,0,newsmet,gemmaX,sem_prompt,0.9912,1.0356,0.9509,0.9926,Q1
980,"Man Sets Himself on Fire in Sydney, Protesting Immigration Policy","Homem ateia fogo em si mesmo em Sydney, protestando contra a política de imigração.
",0,newsmet,gemini,prompt2,1.0,1.0538,0.924,0.9926,Q1
1706,This Simple Shopping Trick Will Save You Loads of Money,Este simples truque de compras irá poupar-lhe muito dinheiro,0,newsmet,gemmaX,sem_prompt,1.0,1.0734,0.9041,0.9925,Q1
925,75 Percent of Reishi Supplements Don’t Actually Contain Reishi Mushroom,"""75% dos suplementos de Reishi na verdade não contêm cogumelo Reishi.""",0,newsmet,gpt,prompt2,1.0,1.0626,0.9148,0.9924,Q1
847,Michael Kors to Buy Jimmy Choo in $1.2 Billion Deal,"Michael Kors comprará Jimmy Choo em acordo de US$ 1,2 bilhão.",0,newsmet,gemma3,prompt2,1.0,1.0551,0.9222,0.9924,Q1
874,Four States Declare ‘State of Emergency’ as Tropical Storm Nate Approaches,"Quatro Estados declaram ""estado de emergência"" à medida que a tempestade tropical Nate se aproxima",0,newsmet,gemmaX,sem_prompt,1.0,1.0548,0.9224,0.9924,Q1
1290,Anfield Resources to change its name to Anfield Energy to emphasize focus on energy metals,A Anfield Resources mudará seu nome para Anfield Energy para enfatizar o foco em metais energéticos.,0,newsmet,gemma3,prompt2,1.0,1.0344,0.9421,0.9922,Q1
2450,Photogallery - ‘Stranger Things’ creators plan to end series after fourth season,"Fotogaleria - Criadores de ""Stranger Things"" pretendem acabar a série após a quarta temporada",0,newsmet,gemmaX,sem_prompt,1.0,1.0341,0.9426,0.9922,Q1
1567,Why Everyone is Wearing Black at the Golden Globes,"Por que todo mundo está vestindo preto no Globo de Ouro?
",0,newsmet,gemma3,prompt2,1.0,1.0378,0.9388,0.9922,Q1
2549,Politicians Could Learn a Lot From Greg Kraut Campaign,Políticos Poderiam Aprender Muito com a Campanha de Greg Kraut.,0,newsmet,gemini,prompt2,1.0,1.0237,0.9528,0.9921,Q1
2385,Did Gardasil kill Colton Berrett? Biomedical scientific evidence says no.,Gardasil matou Colton Berrett? Evidências científicas biomédicas dizem que não.,0,newsmet,gemini,prompt2,1.0,1.0014,0.9747,0.992,Q1
823,"ISIS Is Apparently Selling Stolen Artifacts on eBay, Amazon, Facebook, WhatsApp","ISIS está aparentemente vendendo artefatos roubados no eBay, Amazon, Facebook, WhatsApp",0,newsmet,gemmaX,sem_prompt,1.0,1.0462,0.9294,0.9919,Q1
1091,ISIS threatens Britain’s Prince George on messaging app Telegram,ISIS ameaça o príncipe George da Grã-Bretanha na aplicação de mensagens Telegram,0,newsmet,gemmaX,sem_prompt,1.0,1.0145,0.961,0.9918,Q1
1429,"Seattle redistributes $230,000 of taxpayer money to political candidates in the name of “democracy”",Seattle redistribui $230.000 do dinheiro dos contribuintes para candidatos políticos em nome da “democracia”.,0,newsmet,gemini,prompt2,0.9912,1.0295,0.9547,0.9918,Q1
717,Kevin McCarthy: Tax Reform Will Help Innovation and Entrepreneurship,Kevin McCarthy: Reforma fiscal ajudará inovação e empreendedorismo,0,newsmet,gemmaX,sem_prompt,1.0,1.0485,0.9266,0.9917,Q1
1059,Stephen Colbert Wants One of Trump’s ‘Corrupt Media Awards’,"Stephen Colbert quer um dos ""Prêmios de Mídia Corrupta"" de Trump.",0,newsmet,gemini,prompt2,1.0,1.0442,0.9308,0.9917,Q1
857,"They Quietly Left the Church, but the Sexual Abuse Continued","Eles saíram silenciosamente da igreja, mas o abuso sexual continuou.",0,newsmet,gemma3,prompt2,1.0,1.0722,0.9025,0.9916,Q1
850,Blockchain May Become an Important Part of the Gold Market,"Blockchain pode se tornar uma parte importante do mercado de ouro.
",0,newsmet,gemini,prompt2,1.0,1.0427,0.9316,0.9915,Q1
736,"Michael Flynn's family sets up a legal defense fund for Flynn, but not his son","A família de Michael Flynn cria um fundo de defesa legal para Flynn, mas não para o filho dele.
",0,newsmet,gemini,prompt2,1.0,1.0212,0.9534,0.9915,Q1
432,Why is Emma Stone helping to defile our daughters?,Por que Emma Stone está ajudando a difamar nossas filhas?,0,newsmet,gemmaX,sem_prompt,1.0,1.0295,0.9448,0.9914,Q1
1835,The Lost Sphinx of Giza—Experts claim there was a SECOND Sphinx near the Pyramids,A Esfinge Perdida de Gizé—Especialistas afirmam que havia uma SEGUNDA Esfinge perto das Pirâmides.,0,newsmet,gpt,prompt2,0.9985,1.047,0.9285,0.9914,Q1
1811,Sen. Al Franken broke down in tears describing the impact of government policies in his own family,O Sen. Al Franken desabou em lágrimas ao descrever o impacto das políticas governamentais em sua própria família.,0,newsmet,gemma3,prompt2,1.0,1.0316,0.9426,0.9914,Q1
2580,White House male employees paid more than women: study,Funcionários do sexo masculino na Casa Branca recebem mais do que as mulheres: estudo,0,newsmet,gemma3,prompt2,1.0,1.0225,0.9514,0.9913,Q1
1986,Stephen Colbert is Launching a Donald Trump Parody Show on Showtime,Stephen Colbert está lançando um programa de paródia sobre Donald Trump na Showtime.,0,newsmet,gpt,prompt2,1.0,1.026,0.9477,0.9913,Q1
451,"200,000 Americans call on Trump to 'recognize Antifa as terror organization'","200.000 americanos pedem a Trump que 'reconheça a Antifa como organização terrorista'.
",0,newsmet,gemini,prompt2,1.0,1.0266,0.9472,0.9913,Q1
1386,NKorea Says It's Seriously Considering Plan to Strike Guam,A Coreia do Norte diz que está seriamente considerando um plano para atacar Guam.,0,newsmet,gpt,prompt2,1.0,1.0952,0.8781,0.9911,Q1
1432,European Union threatens retaliation over US sanctions bill against Russia,A União Europeia ameaça retaliação contra o projeto de sanções dos EUA contra a Rússia.,0,newsmet,gpt,prompt2,1.0,1.0313,0.942,0.9911,Q1
1792,Has NASA Lost Its Way? | 1993 Washington Post Article by Peter Carlson,A NASA perdeu o rumo? | Artigo de 1993 da Washington Post por Peter Carlson,0,newsmet,gemmaX,sem_prompt,1.0,1.0364,0.9369,0.9911,Q1
1373,Detroit Tigers hire Ron Gardenhire to be their next manager,Detroit Tigers contrata Ron Gardenhire como novo treinador,0,newsmet,gemmaX,sem_prompt,1.0,1.0285,0.9444,0.991,Q1
921,The Pneumonic Plague Killed 50 Million People in the Middle Ages and Now It’s Back (VIDEO),A Peste Pneumônica Matou 50 Milhões de Pessoas na Idade Média e Agora Está de Volta (VÍDEO),0,newsmet,gemma3,prompt2,0.9987,1.028,0.9462,0.991,Q1
1584,Photogallery - Apple is expected to unveil the iOS 11 & iPhone 8 next month,"Galeria de fotos - A Apple deve apresentar o iOS 11 e o iPhone 8 no mês que vem.
",0,newsmet,gemma3,prompt2,1.0,1.0251,0.9478,0.991,Q1
586,How the MS-13 gang flourishes seven blocks from the White House,Como a gangue MS-13 prospera a sete quarteirões da Casa Branca,0,newsmet,gemmaX,sem_prompt,1.0,1.0215,0.9512,0.9909,Q1
1206,Hillary Clinton fired up the Democrat civil war by what she wrote in her new book,Hillary Clinton acendeu a guerra civil Democrata com o que escreveu em seu novo livro.,0,newsmet,gemma3,prompt2,1.0,1.045,0.9276,0.9909,Q1
484,Goldfish make alcohol to survive the winter without oxygen,Os peixes dourados produzem álcool para sobreviver ao inverno sem oxigênio.,0,newsmet,gpt,prompt2,1.0,1.0466,0.9258,0.9908,Q1
905,New Barbie Is Modeled After American Olympian Who Wears a Hijab,A nova Barbie é inspirada em uma olímpica americana que usa hijab.,0,newsmet,gpt,prompt2,1.0,1.0776,0.8948,0.9908,Q1
56,Trump administration prepares to rob women of free birth control provided by health insurance,Administração Trump prepara-se para privar as mulheres do controlo de natalidade gratuito fornecido pelo seguro de saúde,0,newsmet,gemmaX,sem_prompt,1.0,1.0132,0.9589,0.9907,Q1
454,Hungary's 'wall' has cut illegal migrant inflow by over 99%,"A ""muralha"" da Hungria reduziu o fluxo de imigrantes ilegais em mais de 99%",0,newsmet,gemmaX,sem_prompt,1.0,1.0498,0.9224,0.9907,Q1
1289,HBO Brings Back Bill Maher For Another Two Seasons,A HBO traz Bill Maher de volta por mais duas temporadas.,0,newsmet,gpt,prompt2,1.0,1.0194,0.9522,0.9905,Q1
2435,"Q: Do you feel safer walking at night on a brightly lit street? If yes, you agree with Rick Perry","P: Você se sente mais seguro(a) caminhando à noite em uma rua bem iluminada? Se sim, você concorda com Rick Perry.",0,newsmet,gpt,prompt2,1.0,1.0516,0.9199,0.9905,Q1
473,Available jobs number hits all-time high as employers struggle to find workers,"""O número de vagas disponíveis atinge o recorde histórico enquanto os empregadores têm dificuldades para encontrar trabalhadores.""",0,newsmet,gpt,prompt2,1.0,1.0354,0.9357,0.9904,Q1
2155,Iran’s President Rouhani accuses US of undermining nuclear deal,"O presidente do Irã, Rouhani, acusa os EUA de minar o acordo nuclear.",0,newsmet,gpt,prompt2,1.0,1.0304,0.9407,0.9904,Q1
2288,Iran accuses the US of breaching nuclear accord by new sanctions,O Irã acusa os EUA de violar acordo nuclear com novas sanções.,0,newsmet,gemini,prompt2,1.0,1.0286,0.9422,0.9903,Q1
1487,Trump administration wants to make it harder for lawmakers to assist their immigrant constituents,A administração Trump quer tornar mais difícil para os legisladores ajudarem seus constituintes imigrantes.,0,newsmet,gpt,prompt2,1.0,1.0206,0.9503,0.9903,Q1
1674,"One Tree Planting Drone Will Plant 36,000 Trees in a Day",Um drone plantador de árvores plantará 36.000 árvores em um dia.,0,newsmet,gemini,prompt2,0.9912,1.0835,0.8961,0.9903,Q1
2416,Speaker Ryan Transferred $$2M to House Republican Campaigns in August,O Presidente Ryan transferiu $2 milhões para campanhas republicanas na Câmara em agosto.,0,newsmet,gpt,prompt2,1.0,1.0531,0.9179,0.9903,Q1
2470,"From Sweden to Russia: European bison travel over 2,000 km as part of reintroduction efforts",Da Suécia à Rússia: bisões europeus viajam mais de 2000 km como parte dos esforços de reintrodução,0,newsmet,gemmaX,sem_prompt,1.0,1.0103,0.9602,0.9902,Q1
2316,"Apple Watch may soon introduce boxing, surfing, pilates workouts and more","O Apple Watch pode em breve introduzir treinos de boxe, surfe, pilates e mais.",0,newsmet,gpt,prompt2,0.9824,1.048,0.9401,0.9902,Q1
2397,Xbox shows off its powerful Project Scorpio Xbox Development Kit in new video,Xbox mostra o seu poderoso Project Scorpio Xbox Development Kit num novo vídeo,0,newsmet,gemmaX,sem_prompt,1.0,1.008,0.9626,0.9902,Q1
464,Abortion Clinic Performed 85 FREE Abortions In the Wake Of Hurricane Harvey,Clínica de aborto realizou 85 abortos gratuitos após o furacão Harvey.,0,newsmet,gemma3,prompt2,1.0,1.0699,0.9007,0.9902,Q1
800,Why Net Neutrality Was Repealed and How It Affects You,"Por que a Neutralidade da Rede foi Revogada e Como Isso Te Afeta
",0,newsmet,gemini,prompt2,1.0,1.0068,0.9637,0.9902,Q1
2575,Jax Taylor debuts Mrs. Taylor on Instagram during visit to Florida,Jax Taylor estreia a Sra. Taylor no Instagram durante visita à Flórida,0,newsmet,gemmaX,sem_prompt,0.9823,1.0378,0.9501,0.9901,Q1
1068,Did they think we wouldn't notice? Senate Republicans exempt themselves from parts of Trumpcare,Eles achavam que não notaríamos? Republicanos do Senado isentam a si próprios de partes do Trumpcare.,0,newsmet,gemma3,prompt2,0.9995,1.0282,0.9424,0.9901,Q1
178,Will planetary protection stop humans from going to Mars?,"A proteção planetária impedirá os humanos de irem a Marte?
",0,newsmet,gemini,prompt2,1.0,0.9987,0.9711,0.99,Q1
1614,Robert Spano Will Leave the Atlanta Symphony After 20 Years,Robert Spano deixará a Orquestra Sinfônica de Atlanta após 20 anos.,0,newsmet,gpt,prompt2,1.0,1.0294,0.9402,0.9899,Q1
1184,John McCain Given a Liberty Medal Instead of a Prison Sentence,John McCain recebeu uma Medalha da Liberdade em vez de uma sentença de prisão.,0,newsmet,gpt,prompt2,0.9963,1.0659,0.9071,0.9898,Q1
1281,"Hungarian PM: Soros, EU Are Trying To Establish A ‘Muslimized’ Europe",PM húngaro: Soros e a UE estão tentando estabelecer uma ‘Europa islamizada’.,0,newsmet,gemma3,prompt2,1.0,1.0527,0.9165,0.9897,Q1
1627,McCain tells Clinton to ‘shut up’ like he did,"McCain diz a Clinton para ""calar a boca"", tal como ele fez",0,newsmet,gemmaX,sem_prompt,0.9999,1.0134,0.9558,0.9897,Q1
2225,Department of Homeland Security is Collecting Social Media Data on All Immigrants,O Departamento de Segurança Interna está coletando dados de mídia social de todos os imigrantes.,0,newsmet,gpt,prompt2,1.0,1.0419,0.9269,0.9896,Q1
1675,UK student receives 6-year sentence for planned school shooting spree,Estudante do Reino Unido recebe sentença de 6 anos por planejar tiroteio em escola.,0,newsmet,gemma3,prompt2,0.9912,1.0112,0.9665,0.9896,Q1
1283,NEO: How Washington Found Itself in Bed with ISIS,NEO: Como Washington se viu na cama com o ISIS,0,newsmet,gemma3,prompt2,0.9708,1.0219,0.9759,0.9895,Q1
2293,Eating Horse Meat Could Soon Become Legal In The US,Comer carne de cavalo pode em breve se tornar legal nos EUA.,0,newsmet,gemma3,prompt2,1.0,1.0631,0.9053,0.9895,Q1
1828,Windows Phone 8.1 has reached its limit in terms of updates and security patches,O Windows Phone 8.1 atingiu seu limite em termos de atualizações e patches de segurança.,0,newsmet,gpt,prompt2,0.9912,1.0152,0.9615,0.9893,Q1
646,E.U. to Trump: 'We're Not Renegotiating Iran Nuclear Deal',"UE a Trump: ""Não estamos a renegociar o acordo nuclear com o Irão""",0,newsmet,gemmaX,sem_prompt,1.0,1.0296,0.9384,0.9893,Q1
1118,Friend of Joy-Anna Duggar reveals shocking secret about her pregnancy,Amiga de Joy-Anna Duggar revela segredo chocante sobre sua gravidez.,0,newsmet,gemini,prompt2,1.0,1.0318,0.936,0.9893,Q1
1353,Canada Wants a New Nafta to Include Gender and Indigenous Rights,Canadá quer um novo Nafta que inclua direitos de gênero e indígenas,0,newsmet,gemmaX,sem_prompt,1.0,1.0644,0.9031,0.9892,Q1
1797,Russia and China backed crippling UN sanctions against North Korea,Rússia e China apoiam sanções da ONU contra Coreia do Norte,0,newsmet,gemmaX,sem_prompt,1.0,1.0465,0.921,0.9892,Q1
2492,Photogallery - Apple plans to build an Iowa data center that fully runs with renewable energy,Galeria de fotos - Apple planeja construir um data center em Iowa que opere totalmente com energia renovável.,0,newsmet,gemini,prompt2,0.9912,1.0302,0.9462,0.9892,Q1
626,That became the basis for spying on the Trump campaign!,Isso se tornou a base para espionar a campanha do Trump!,0,newsmet,gpt,prompt2,1.0,1.0097,0.9578,0.9892,Q1
2277,Twitter employee on last day at work deactivates Trump's account,Funcionário do Twitter desativa a conta de Trump no último dia de trabalho,0,newsmet,gemmaX,sem_prompt,1.0,1.022,0.9457,0.9892,Q1
2193,Apple’s new ad shows how iPads are going to replace laptops,"O novo anúncio da Apple mostra como os iPads vão substituir laptops.
",0,newsmet,gemma3,prompt2,1.0,1.0092,0.9584,0.9892,Q1
1430,How Banks are Working to Improve the Customer Experience,Como os bancos estão trabalhando para melhorar a experiência do cliente,0,newsmet,gemmaX,sem_prompt,1.0,1.0235,0.9438,0.9891,Q1
903,Federal Judge Rejects a Revised Voter ID Law in Texas,Juiz federal rejeita lei revisada de identificação de eleitores no Texas,0,newsmet,gemmaX,sem_prompt,1.0,1.0277,0.9395,0.9891,Q1
797,MORE ‘special exceptions’ being given to muslims in the States,"MAIS ""exceções especiais"" sendo dadas a muçulmanos nos Estados Unidos.
",0,newsmet,gemini,prompt2,1.0,1.0223,0.945,0.9891,Q1
1080,Authorities To Start Arresting People For Posting Photos Of Their Children Online,Autoridades vão começar a prender pessoas por postarem fotos de seus filhos online,0,newsmet,gemmaX,sem_prompt,1.0,1.0717,0.8953,0.989,Q1
2525,"Russian firm bought $100,000 in Facebook ads during 2016 election season",Empresa russa comprou 100 000 dólares em anúncios no Facebook durante a temporada eleitoral de 2016,0,newsmet,gemmaX,sem_prompt,1.0,1.0134,0.9536,0.989,Q1
1334,Kansas City Royals’ manager says he warns his team about porn,O treinador dos Kansas City Royals diz que avisa a sua equipa sobre a pornografia,0,newsmet,gemmaX,sem_prompt,1.0,1.0159,0.9512,0.989,Q1
335,Jimmy Kimmel adds his voice in support of the Children's Health Insurance Program,"Jimmy Kimmel manifesta seu apoio ao Programa de Seguro de Saúde Infantil.
",0,newsmet,gemini,prompt2,1.0,1.0421,0.9249,0.989,Q1
2210,The Founding Fathers designed impeachment for someone exactly like Donald Trump,Os Pais Fundadores projetaram o processo de impeachment para alguém exatamente como Donald Trump.,0,newsmet,gemma3,prompt2,1.0,1.0321,0.9346,0.9889,Q1
898,Alabama GOP now openly defending pedophilia in defense of Roy Moore,"Partido Republicano do Alabama agora defendendo abertamente pedofilia em defesa de Roy Moore.
",0,newsmet,gemini,prompt2,0.9904,1.0305,0.9455,0.9888,Q1
992,Josh Duggar may be replacing Derick Dillard on ‘Counting On’,Josh Duggar pode estar substituindo Derick Dillard em 'Counting On'.,0,newsmet,gemma3,prompt2,0.984,1.0291,0.9533,0.9888,Q1
2520,"Long Before the New York Attack, FBI Agents Were Targeting Uzbek Immigrants","Muito antes do ataque de Nova York, agentes do FBI estavam mirando imigrantes uzbeques.",0,newsmet,gpt,prompt2,1.0,1.03,0.9362,0.9887,Q1
375,Paul Kagame Appears Set for Victory in Rwanda Vote,Paul Kagame parece destinado à vitória nas eleições em Ruanda,0,newsmet,gemmaX,sem_prompt,1.0,1.0431,0.9228,0.9886,Q1
2360,Photogallery - Canada opens its doors to asylum seekers from the US,Galeria de fotos - O Canadá abre suas portas para os solicitantes de asilo dos EUA.,0,newsmet,gpt,prompt2,1.0,1.0297,0.936,0.9886,Q1
126,President Donald Trump kicks CNN reporter out of Oval Office,Presidente Donald Trump expulsa jornalista da CNN do Salão Oval,0,newsmet,gemmaX,sem_prompt,1.0,0.9998,0.966,0.9886,Q1
1270,Photogallery - The US punishes Chinese and Russian companies because of North Korea,Fotogaleria - EUA punem empresas chinesas e russas por causa da Coreia do Norte,0,newsmet,gemmaX,sem_prompt,1.0,1.007,0.9588,0.9886,Q1
1834,Brutal Russian Nightclub Fight Turns Into Dramatic Shooting [VIDEO],Brutal luta em clube noturno russo transforma-se em tiroteio dramático [VÍDEO],0,newsmet,gemmaX,sem_prompt,0.9998,1.0358,0.93,0.9886,Q1
1826,Real Housewives of Orange County' Tamra Judge has skin cancer again,"Tamra Judge, de Real Housewives da Orange County, tem câncer de pele novamente.",0,newsmet,gemma3,prompt2,1.0,1.0455,0.9201,0.9885,Q1
490,We Don’t Meet Anyone by Accident – 5 Types of Cosmic Connections,Não encontramos ninguém por acidente – 5 tipos de conexões cósmicas,0,newsmet,gemmaX,sem_prompt,1.0,1.0588,0.9068,0.9885,Q1
1940,Rand Paul says that there was no reason for the violence that he endured,Rand Paul diz que não havia razão para a violência que ele sofreu.,0,newsmet,gemma3,prompt2,1.0,1.0242,0.9412,0.9885,Q1
1815,The Government Of Ohio Bans Abortion For Children With Down Syndrome,O Governo de Ohio proíbe o aborto para crianças com síndrome de Down.,0,newsmet,gpt,prompt2,1.0,1.0738,0.8907,0.9882,Q1
1686,Republicans Want Trump And Corker To Please SHUT UP,Republicanos querem que Trump e Corker CALEM A BOCA.,0,newsmet,gemini,prompt2,0.9996,1.0157,0.9493,0.9882,Q1
1093,Photogallery - J.R. Smith says LeBron James is leaving the Cleveland Cavaliers,Fotogaleria - J.R. Smith diz que LeBron James está a deixar os Cleveland Cavaliers,0,newsmet,gemmaX,sem_prompt,1.0,1.0028,0.9616,0.9881,Q1
2418,Steve Wynn Claims Gun Free Zone Would Have Prevented The Vegas Shooting,Steve Wynn alega que uma zona livre de armas teria evitado o tiroteio em Vegas.,0,newsmet,gemini,prompt2,1.0,1.0486,0.9158,0.9881,Q1
1641,"A Mysterious 3,000-Year-Old Castle Was Discovered Underwater In A Turkish Lake",Um misterioso castelo de 3.000 anos foi descoberto debaixo d'água em um lago turco,0,newsmet,gemmaX,sem_prompt,1.0,1.0614,0.9025,0.988,Q1
766,Fourth U.S. Soldier Is Found Dead After Ambush in Niger,Quarto soldado americano é encontrado morto após emboscada no Níger.,0,newsmet,gemma3,prompt2,1.0,1.0346,0.9295,0.988,Q1
1512,Photogallery - Disney to end streaming partnership with Netflix by 2019,Fotogaleria - Disney vai pôr termo à parceria de streaming com a Netflix até 2019,0,newsmet,gemmaX,sem_prompt,1.0,1.0035,0.9605,0.988,Q1
727,Photogallery - Will Bernie Sanders make a presidential bid in 2020?,Galeria de fotos - Bernie Sanders vai se candidatar à presidência em 2020?,0,newsmet,gpt,prompt2,1.0,1.0251,0.9387,0.988,Q1
1418,"If You Don’t Trust People, Then You Shouldn’t Trust Politics","Se você não confia nas pessoas, então você não deveria confiar na política.",0,newsmet,gemma3,prompt2,1.0,1.0564,0.9072,0.9879,Q1
1352,CIA Director Pompeo contradicts Trump: Russia meddled with 2016 election,"O diretor da CIA, Pompeo, contradiz Trump: a Rússia interferiu na eleição de 2016.",0,newsmet,gpt,prompt2,1.0,1.0061,0.9577,0.9879,Q1
1189,"We Need the EMP Threat Commission, Now More Than Ever","Precisamos da Comissão de Ameaça EMP, agora mais do que nunca",0,newsmet,gemmaX,sem_prompt,1.0,1.0204,0.9432,0.9879,Q1
743,Why Are Our Most Important Teachers Paid the Least?,"Por que nossos professores mais importantes são os menos remunerados?
",0,newsmet,gemini,prompt2,1.0,1.0534,0.9102,0.9879,Q1
983,Hurricane Irma Makes Landfall in Caribbean as Category 5 Storm,Furacão Irma atinge as Caraíbas como tempestade de categoria 5,0,newsmet,gemmaX,sem_prompt,1.0,1.0451,0.9185,0.9879,Q1
984,Chilling! UK Acid Attack Victim Speaks Out (Shocking Video),"Chocante! Vítima de ataque com ácido no Reino Unido se pronuncia (Vídeo Chocante)
",0,newsmet,gemini,prompt2,0.9986,1.0255,0.9398,0.9879,Q1
1231,The Democrats should spend some time with Camille Paglia this weekend,Os democratas deveriam passar algum tempo com Camille Paglia este fim de semana,0,newsmet,gemmaX,sem_prompt,1.0,1.001,0.9625,0.9878,Q1
594,More disturbing news comes out about 13 children tortured by California parents,Mais notícias perturbadoras surgem sobre 13 crianças torturadas por pais na Califórnia.,0,newsmet,gpt,prompt2,1.0,1.02,0.9434,0.9878,Q1
1817,"North Korea Fires a Ballistic Missile, in a Further Challenge to Trump","A Coreia do Norte dispara um míssil balístico, em um novo desafio a Trump.",0,newsmet,gpt,prompt2,0.9989,1.0531,0.9113,0.9878,Q1
2358,Photogallery - Kevin Durant says LeBron James will finish his career with the Cavaliers,Fotogaleria - Kevin Durant diz que LeBron James terminará a sua carreira com os Cavaliers,0,newsmet,gemmaX,sem_prompt,1.0,0.9909,0.9721,0.9877,Q1
1385,Cowardly Republicans ban the Rev. William Barber from North Carolina legislative building,Republicanos covardes banem o Rev. William Barber do prédio legislativo da Carolina do Norte.,0,newsmet,gemma3,prompt2,0.9985,1.0188,0.9457,0.9877,Q1
1086,Man accused of killing Richard Collins III is not being charged with a hate crime. Why not?,Homem acusado de matar Richard Collins III não está sendo acusado de crime de ódio. Por quê?,0,newsmet,gemini,prompt2,1.0,1.0102,0.9528,0.9876,Q1
2522,"McCain thanks supporters, shows that he still has a sense of humor",McCain agradece aos apoiantes e mostra que ainda tem sentido de humor,0,newsmet,gemmaX,sem_prompt,1.0,1.0039,0.9589,0.9876,Q1
2096,"‘If you support the racist, you are the racist’: Michael Moore holds Trump backers accountable for Charlottesville","""Se você apoia o racista, você é o racista"": Michael Moore responsabiliza apoiadores de Trump por Charlottesville.",0,newsmet,gemini,prompt2,1.0,1.0365,0.9261,0.9876,Q1
2576,"Bride calls off wedding, donates $$30,000 reception to the homeless",Noiva cancela casamento e doa 30 000 dólares da receção aos sem-abrigo,0,newsmet,gemmaX,sem_prompt,0.9946,1.0555,0.9127,0.9876,Q1
989,US congress threatens to cut payments to Iraqi Kurds,"Congresso dos EUA ameaça cortar pagamentos aos curdos iraquianos.
",0,newsmet,gemini,prompt2,1.0,1.0235,0.9391,0.9875,Q1
1794,Photogallery - Scottie Pippen puts LeBron James ahead of Michael Jordan,Fotogaleria - Scottie Pippen coloca LeBron James à frente de Michael Jordan,0,newsmet,gemmaX,sem_prompt,1.0,0.9927,0.9697,0.9875,Q1
603,Rasmussen Poll: 56 Percent of Voters Don't Believe Border Wall Should Be Built,Pesquisa Rasmussen: 56 Por Cento dos Eleitores Não Acreditam que o Muro Fronteiriço Deveria Ser Construído.,0,newsmet,gpt,prompt2,0.9991,1.0069,0.9565,0.9875,Q1
1134,Cobie Smulders and Taran Killam Still Want to Leave Battery Park,Cobie Smulders e Taran Killam ainda querem deixar Battery Park.,0,newsmet,gemini,prompt2,1.0,1.0381,0.9241,0.9874,Q1
2021,"Apple wants you to learn Swift language, become an Apple developer.",A Apple quer que você aprenda a linguagem Swift e se torne um desenvolvedor Apple.,0,newsmet,gemini,prompt2,1.0,1.0143,0.9477,0.9873,Q1
569,Why climate change is creating a new generation of child brides,Por que as alterações climáticas estão a criar uma nova geração de noivas-crianças,0,newsmet,gemmaX,sem_prompt,1.0,0.9939,0.9678,0.9872,Q1
1196,Literally a few hours ago the world was in shock – George Soros was dead! He was found dead in the Burj al Arab hotel in Dubai. He was 87 years old.,"Literalmente, há algumas horas, o mundo estava em choque - George Soros estava morto! Ele foi encontrado morto no hotel Burj al Arab em Dubai. Ele tinha 87 anos.",0,newsmet,gemmaX,sem_prompt,1.0,1.0202,0.9413,0.9872,Q1
2442,When To Use The ‘Tell Me About Yourself’ Pitch,Quando usar a apresentação “Conte-me sobre você”,0,newsmet,gemmaX,sem_prompt,0.9912,1.0799,0.8905,0.9872,Q1
496,Countless Scores Of Muslims Are Renouncing Islam And Giving Their Lives To Christ In Finland,"Inúmeros muçulmanos estão renunciando ao Islã e entregando suas vidas a Cristo na Finlândia.
",0,newsmet,gemini,prompt2,1.0,1.0821,0.8794,0.9872,Q1
745,Return to Uzbekistan Could Mean Death for Gay Reporter in Russia,"Retorno ao Uzbequistão Pode Significar a Morte para Repórter Gay na Rússia
",0,newsmet,gemini,prompt2,0.9997,0.996,0.966,0.9872,Q1
445,Researchers Restore Consciousness In Man Who Spent 15 Years In Vegetative State,"Pesquisadores Restabelecem a Consciência em Homem que Passou 15 Anos em Estado Vegetativo
",0,newsmet,gemini,prompt2,1.0,0.9933,0.9681,0.9871,Q1
71,What Christian Artifacts of the Middle East Can Show Us About Tolerance,O que os artefatos cristãos do Oriente Médio podem nos mostrar sobre tolerância,0,newsmet,gemmaX,sem_prompt,1.0,1.0558,0.9056,0.9871,Q1
413,TV host Maria Menounos reveals battle with brain tumor,Apresentadora de TV Maria Menounos revela batalha contra tumor cerebral,0,newsmet,gemmaX,sem_prompt,1.0,0.9822,0.9787,0.987,Q1
647,Trump just spent $24 million on upgraded refrigeration for Air Force One,Trump gastou 24 milhões de dólares em refrigeração melhorada para o Air Force One,0,newsmet,gemmaX,sem_prompt,1.0,1.0001,0.9609,0.987,Q1
1861,Senate Republicans to make another attempt at Obamacare repeal,Republicanos do Senado farão nova tentativa de revogar o Obamacare.,0,newsmet,gemini,prompt2,1.0,1.0213,0.9397,0.987,Q1
2515,"How organizers raised over $233,000 in one day to bail hundreds out of jail",Como organizadores arrecadaram mais de $233.000 em um dia para tirar centenas da cadeia.,0,newsmet,gemini,prompt2,1.0,1.0093,0.9517,0.987,Q1
2208,"Chinese hotel is fined £1,700 for accepting Muslim guests during political Congress",Hotel chinês é multado em £1.700 por aceitar hóspedes muçulmanos durante Congresso político.,0,newsmet,gpt,prompt2,1.0,1.0103,0.9506,0.987,Q1
2325,Amazon is buying Whole Foods for $13.7 billion in cash,"A Amazon está comprando a Whole Foods por US$ 13,7 bilhões em dinheiro.",0,newsmet,gemini,prompt2,1.0,0.9975,0.9631,0.9869,Q1
2057,WSJ: Facebook Takes the Next Step to Monetize WhatsApp,WSJ: Facebook dá o próximo passo para monetizar o WhatsApp.,0,newsmet,gemini,prompt2,0.9912,1.0275,0.9419,0.9869,Q1
972,Russia State Media: Russians See Crimea as ‘First Step in the Reunification of Russia’,"Mídia estatal russa: Russos veem a Crimeia como o ""primeiro passo na reunificação da Rússia"".
",0,newsmet,gemini,prompt2,1.0,1.0379,0.9227,0.9869,Q1
1505,More U.S. Parks and Attractions Are Offering Online Reservations,Mais parques e atrações dos EUA estão oferecendo reservas online,0,newsmet,gemmaX,sem_prompt,1.0,1.0201,0.9406,0.9869,Q1
2495,These Two Reports Reveal New Details About Trump Associates’ Contacts With Russia,Esses dois relatórios revelam novos detalhes sobre os contatos de associados de Trump com a Rússia.,0,newsmet,gpt,prompt2,1.0,1.0369,0.9238,0.9869,Q1
1342,Tunisia Ends Ban on Non-Muslim Men Marrying Muslim Women,Tunísia Encerra Proibição de Homens Não Muçulmanos Casarem com Mulheres Muçulmanas,0,newsmet,gemini,prompt2,0.9849,0.9992,0.9763,0.9868,Q1
863,Half A Billion Fewer Animals Were Killed Since 2007 Because People Are Eating Less Meat,Meio bilhão de animais a menos foram mortos desde 2007 porque as pessoas estão comendo menos carne,0,newsmet,gemmaX,sem_prompt,1.0,1.0786,0.8819,0.9868,Q1
739,PressTV-'North Korean missile could reach US in a year',PressTV - Míssil norte-coreano pode alcançar os EUA em um ano.,0,newsmet,gemma3,prompt2,1.0,1.032,0.9282,0.9867,Q1
871,Chester Bennington commits suicide at age 41 mainstream media report,"Chester Bennington comete suicídio aos 41 anos, relata a mídia tradicional.
",0,newsmet,gemini,prompt2,1.0,1.0154,0.9444,0.9866,Q1
779,India Begins Shipping Wheat to Afghanistan Through Iran's Chabahar Port,Índia começa a enviar trigo para o Afeganistão através do porto iraniano de Chabahar.,0,newsmet,gemma3,prompt2,1.0,1.0339,0.9256,0.9865,Q1
1008,Photogallery - Hackers try to spread a new virus through Facebook Messenger,Galeria de fotos - Hackers tentam espalhar um novo vírus através do Facebook Messenger,0,newsmet,gemmaX,sem_prompt,1.0,0.9926,0.9666,0.9864,Q1
1710,Fox News host: Trump family 'has done more for this country than any Democratic elected official',"Apresentador da Fox News: ""A família Trump fez mais por este país do que qualquer oficial eleito Democrata.""",0,newsmet,gemma3,prompt2,0.9912,1.0247,0.9434,0.9864,Q1
1702,"Less than one day after terror attack, Trump's campaign accuses the media of attacking the president","Menos de um dia após o ataque terrorista, a campanha de Trump acusa a mídia de atacar o presidente.",0,newsmet,gemma3,prompt2,1.0,1.0077,0.9511,0.9863,Q1
2552,If You are a John Mellencamp fan there is a article @Salon you might want to read.,"Se você é fã de John Mellencamp, há um artigo no Salon que você pode querer ler.",0,newsmet,gemini,prompt2,1.0,1.0655,0.8935,0.9863,Q1
1322,"President Donald J. Trump is Taking Action to Improve Access, Increase Choices, and Lower Costs for Healthcare","O Presidente Donald J. Trump está Agindo para Melhorar o Acesso, Aumentar as Opções e Reduzir os Custos da Saúde.",0,newsmet,gemini,prompt2,1.0,1.0135,0.9453,0.9862,Q1
1419,Toyota and Mazda Are Said to Pick Alabama for $1.6 Billion Plant,"Toyota e Mazda escolheram Alabama para uma fábrica de 1,6 mil milhões de dólares",0,newsmet,gemmaX,sem_prompt,1.0,1.0322,0.9263,0.9862,Q1
1075,Anita Hill Wants Women In Tech To Sue Their Employers,Anita Hill quer que mulheres na tecnologia processem seus empregadores.,0,newsmet,gpt,prompt2,1.0,1.0996,0.8591,0.9862,Q1
1200,‘He’s proven to be a liar’: Rep. Frederica Wilson denounces President Donald Trump,“Provou ser um mentiroso”: a deputada Frederica Wilson denuncia o Presidente Donald Trump,0,newsmet,gemmaX,sem_prompt,0.9912,1.0265,0.9405,0.9861,Q1
2395,A rebel shell kills 6 in Damascus shortly after Assad’s “victory” speech,Uma bomba rebelde mata 6 em Damasco pouco depois do discurso de “vitória” de Assad.,0,newsmet,gpt,prompt2,0.9912,1.0244,0.9427,0.9861,Q1
74,"To Pay for Wall, Trump Would Cut Proven Border Security Measures","Para Pagar pelo Muro, Trump Cortaria Medidas de Segurança de Fronteira Comprovadas.
",0,newsmet,gemini,prompt2,0.9942,1.0075,0.9566,0.9861,Q1
85,America lifts ban on import of elephant trophies from Africa,A América retira a proibição sobre a importação de troféus de elefantes da África.,0,newsmet,gemma3,prompt2,1.0,0.998,0.9604,0.9861,Q1
104,Game of Thrones: a new theory by a Redditor shakes the whole fandom,Game of Thrones: uma nova teoria de um Redditor abala todo o fandom,0,newsmet,gemmaX,sem_prompt,1.0,1.0024,0.956,0.9861,Q1
1764,‘This is not our America’: Hispanic CEO quits Trump’s diversity council,"""Esta não é a nossa América"": CEO hispânico renuncia ao conselho de diversidade de Trump.",0,newsmet,gemma3,prompt2,1.0,1.019,0.9389,0.986,Q1
744,Know Your Enemy: US considered most dangerous country globally (Video),Conheça seu inimigo: EUA considerados o país mais perigoso globalmente (Vídeo),0,newsmet,gemmaX,sem_prompt,1.0,0.9984,0.9596,0.986,Q1
1967,Trump Organization Proves It Has Russian Business Ties (VIDEO),Organização Trump prova que tem ligações comerciais com a Rússia (VÍDEO),0,newsmet,gemmaX,sem_prompt,1.0,1.0094,0.9486,0.986,Q1
1998,Judge strikes down Texas law to limit second-trimester abortions,Juiz derruba lei do Texas que limita abortos no segundo trimestre.,0,newsmet,gpt,prompt2,0.9989,1.0173,0.9417,0.986,Q1
2558,Catelynn Lowell reveals she and Tyler have found their forever home,"Catelynn Lowell revela que ela e Tyler encontraram sua casa para sempre.
",0,newsmet,gemma3,prompt2,1.0,0.999,0.9587,0.9859,Q1
492,A reminder Stephen Miller once dumped a childhood friend because he was Latino,Um lembrete de que Stephen Miller uma vez abandonou um amigo de infância porque era latino,0,newsmet,gemmaX,sem_prompt,1.0,1.0359,0.9218,0.9859,Q1
1549,"Wait, what? Cory Booker says instead of building wall on the southern border we should build tunnels","Espera, o quê? Cory Booker diz que em vez de construir uma muralha na fronteira sul, deveríamos construir túneis",0,newsmet,gemmaX,sem_prompt,1.0,1.0375,0.9201,0.9859,Q1
1175,A few schools reopen in Puerto Rico as it tries to regain normalcy,Algumas escolas reabrem em Porto Rico enquanto o país tenta recuperar a normalidade,0,newsmet,gemmaX,sem_prompt,1.0,1.0105,0.9472,0.9859,Q1
456,Mormon Church calls on political leaders to create protections for Dreamers,Igreja Mórmon convoca líderes políticos a criar proteções para os Dreamers.,0,newsmet,gpt,prompt2,0.9912,1.0244,0.9419,0.9858,Q1
313,Congressional Republicans Are Escalating Their Feud With The FBI,Republicanos do Congresso estão a agravar o seu conflito com o FBI,0,newsmet,gemmaX,sem_prompt,1.0,1.021,0.9362,0.9857,Q1
672,Paypal is canceling white supremacists' accounts and the alt-right is pissed,O PayPal está cancelando contas de supremacistas brancos e a alt-right está furiosa.,0,newsmet,gpt,prompt2,0.9912,1.037,0.9289,0.9857,Q1
2310,Most workers will see pay hike in February under new tax law,A maioria dos trabalhadores verá um aumento salarial em fevereiro sob a nova lei tributária.,0,newsmet,gemma3,prompt2,1.0,1.0089,0.9483,0.9857,Q1
982,Thousands of DACA Recipients Are Already Losing Their Protection From Deportation,"Milhares de beneficiários do DACA já estão perdendo sua proteção contra deportação.
",0,newsmet,gemini,prompt2,1.0,1.0408,0.9161,0.9856,Q1
2445,"Hey, why isn’t CNN asking THESE questions about @AndersonCooper’s anti-Trump tweet?","Ei, por que a CNN não está fazendo ESSAS perguntas sobre o tweet anti-Trump de @AndersonCooper?",0,newsmet,gemmaX,sem_prompt,0.9995,0.9902,0.9671,0.9856,Q1
1469,Apple is reducing the accuracy of Face ID for quicker iPhone X production,A Apple está reduzindo a precisão do Face ID para acelerar a produção do iPhone X.,0,newsmet,gemini,prompt2,1.0,1.0283,0.9283,0.9855,Q1
2557,Young Turks’ Cenk Uygur claims Christianity to blame for Holocaust,"Cenk Uygur, dos Young Turks, culpa o cristianismo pelo Holocausto",0,newsmet,gemmaX,sem_prompt,0.9977,1.0484,0.9105,0.9855,Q1
1327,Photogallery - Google accidentally shuts down half of Japan’s Internet,Galeria de fotos - Google desativa acidentalmente metade da internet do Japão,0,newsmet,gemma3,prompt2,1.0,1.0135,0.9428,0.9854,Q1
2145,We Answered Your Questions About Writing for The Edit,"Respondemos às Suas Perguntas Sobre Escrever para ""The Edit"".",0,newsmet,gemini,prompt2,0.9957,1.0603,0.9002,0.9854,Q1
1194,Proof: There Were at Least 7 Different Shooters During the Las Vegas Massacre (Video),Prova: Havia Pelo Menos 7 Atiradores Diferentes no Massacre de Las Vegas (Vídeo),0,newsmet,gemma3,prompt2,0.987,1.0113,0.9579,0.9854,Q1
1767,"Photogallery - Apple will build its new billion-dollar data center in Waukee, Iowa","Galeria de fotos - A Apple construirá seu novo centro de dados de um bilhão de dólares em Waukee, Iowa.",0,newsmet,gpt,prompt2,0.9736,1.0426,0.9399,0.9854,Q1
83,University of Missouri struggles to recruit students two years after protests about racial injustice,"Universidade do Missouri enfrenta dificuldades para recrutar estudantes dois anos após protestos sobre injustiça racial.
",0,newsmet,gemini,prompt2,1.0,0.9922,0.9635,0.9853,Q1
600,Trump Announces New Ways to Help Veterans Get Medical Care,Trump Anuncia Novas Maneiras de Ajudar Veteranos a Obter Atendimento Médico,0,newsmet,gpt,prompt2,0.9912,0.999,0.9657,0.9853,Q1
82,Stunning Interactive 3-D Graphic Tells 2016 Election Story in A Single Image…,Gráfica 3-D interativa impressionante conta a história da eleição de 2016 em uma única imagem…,0,newsmet,gpt,prompt2,1.0,1.08,0.8756,0.9852,Q1
1361,DARPA unveils gene editing infrastructure to build genetically engineered “super soldiers”,"DARPA revela infraestrutura de edição de genes para criar ""super soldados"" geneticamente modificados",0,newsmet,gemmaX,sem_prompt,1.0,0.9994,0.9561,0.9852,Q1
349,The global car oil filter market is poised to reach about US$$ 535 Mn by the end of 2022,O mercado global de filtros de óleo automotivos está projetado para atingir cerca de US$ 535 milhões até o final de 2022.,0,newsmet,gemma3,prompt2,1.0,1.0284,0.9272,0.9852,Q1
2056,Paul Newman’s Rolex Daytona watch sells for world record $$17.8 million,"Relógio Rolex Daytona de Paul Newman vendido por um recorde mundial de 17,8 milhões de dólares",0,newsmet,gemmaX,sem_prompt,1.0,1.0189,0.9367,0.9852,Q1
2568,Trump working hard to ensure USA remains most hated country in the world,Trump trabalhando duro para garantir que os EUA continuem sendo o país mais odiado do mundo.,0,newsmet,gemma3,prompt2,1.0,1.0172,0.9382,0.9851,Q1
1545,"Six Muslim “refugees” arrested, plotted major Christmas market attack in Germany","Seis ""refugiados"" muçulmanos detidos, planejavam um grande ataque a um mercado de Natal na Alemanha",0,newsmet,gemmaX,sem_prompt,1.0,1.0037,0.9516,0.9851,Q1
1179,Bermuda Triangle mystery has finally been solved claim scientists,"O mistério do Triângulo das Bermudas foi finalmente resolvido, afirmam cientistas",0,newsmet,gemmaX,sem_prompt,1.0,1.0174,0.938,0.9851,Q1
575,Scaramucci: Trump loves pizza so he can’t be elitist,"Scaramucci: Trump adora pizza, por isso não pode ser elitista",0,newsmet,gemmaX,sem_prompt,1.0,0.9908,0.9644,0.9851,Q1
2451,"91 Volcanoes Found Under Arctic Ice, Big Blow to Climate Alarmists","91 vulcões encontrados sob o gelo Ártico, grande golpe para os alarmistas climáticos.",0,newsmet,gemini,prompt2,1.0,1.0618,0.8935,0.9851,Q1
203,Shane Larkin can revive his career with the Boston Celtics,"Shane Larkin pode reviver sua carreira com o Boston Celtics.
",0,newsmet,gemini,prompt2,1.0,1.0005,0.9548,0.9851,Q1
1004,Erotica writing: take inspiration from your own adventures & experiences.,Escrita erótica: inspire-se em suas próprias aventuras e experiências.,0,newsmet,gpt,prompt2,1.0,1.0131,0.9421,0.9851,Q1
253,"More than a week later, we still don't know who joined the conspiracy at Trump Tower","Mais de uma semana depois, ainda não sabemos quem se juntou à conspiração na Trump Tower",0,newsmet,gemmaX,sem_prompt,1.0,0.985,0.9702,0.985,Q1
476,Healthcare Cloud Computing Market revenue will reach $$25.7 billion by 2024,"A receita do mercado de computação em nuvem para saúde atingirá US$ 25,7 bilhões até 2024.
",0,newsmet,gemini,prompt2,1.0,1.0216,0.933,0.9849,Q1
2555,New York doctor reveals horrifying tale of what abortions looked like during the 1950’s before Roe v. Wade,"Médico de Nova Iorque revela a história horrível de como eram os abortos na década de 1950, antes do caso Roe v. Wade",0,newsmet,gemmaX,sem_prompt,1.0,1.0273,0.9275,0.9849,Q1
339,FedEx raises full year profit outlook after quarterly growth,FedEx eleva a previsão de lucro anual após crescimento trimestral.,0,newsmet,gemma3,prompt2,1.0,1.0025,0.952,0.9849,Q1
1606,Star Wars: The Last Jedi': Rian Johnson discusses the effect of Fisher's death,Star Wars: Os Últimos Jedi: Rian Johnson discute o efeito da morte de Fisher.,0,newsmet,gemini,prompt2,1.0,1.0113,0.9432,0.9849,Q1
2474,How and Why You Should Try a Sugar Detox,Como e Por que Você Deveria Tentar uma Desintoxicação de Açúcar,0,newsmet,gemini,prompt2,0.9981,0.9819,0.9747,0.9849,Q1
352,Rev. Graham: No President in My Lifetime Has Defended the Christian Faith Like Trump,Rev. Graham: Nenhum presidente na minha vida defendeu a fé cristã como Trump.,0,newsmet,gpt,prompt2,1.0,1.0453,0.9091,0.9848,Q1
923,Cindy Crawford and Rande Gerber Just Bought Another Incredible Home,Cindy Crawford e Rande Gerber compraram mais uma casa incrível,0,newsmet,gemmaX,sem_prompt,1.0,1.0278,0.9267,0.9848,Q1
1136,Historians explain the difference between George Washington and Confederate monuments,Historiadores explicam a diferença entre George Washington e monumentos confederados,0,newsmet,gemmaX,sem_prompt,1.0,0.9833,0.9708,0.9847,Q1
597,Scientist Faces Criminal Charges Because Environmentalists Didn’t Like His Work,Cientista enfrenta acusações criminais porque ambientalistas não gostaram do seu trabalho,0,newsmet,gemmaX,sem_prompt,1.0,1.0444,0.9098,0.9847,Q1
2443,Israeli spies found Russians using Kaspersky software for hacks — and warned US two years ago,Espiões israelenses descobriram que russos usavam software da Kaspersky para ataques — e alertaram os EUA dois anos atrás.,0,newsmet,gemini,prompt2,1.0,1.0051,0.9488,0.9846,Q1
516,Sexual Harassment Allegations Hit the Clinton and Sanders Campaigns,Alegações de assédio sexual atingem as campanhas de Clinton e Sanders.,0,newsmet,gemma3,prompt2,0.9947,1.0248,0.9344,0.9846,Q1
1809,ISIS Is Now Using Female Sex Slaves To Recruit Rapists,O ISIS agora está usando escravas sexuais para recrutar estupradores.,0,newsmet,gemma3,prompt2,1.0,1.0621,0.8918,0.9846,Q1
630,US Supreme Court rejects stay of execution for Ohio convict,Suprema Corte dos EUA rejeita pedido de suspensão de execução de condenado em Ohio.,0,newsmet,gemma3,prompt2,1.0,1.0199,0.9337,0.9845,Q1
138,"Judi Dench Gives a Touching, Majestic Performance in ‘Victoria and Abdul’",Judi Dench oferece uma performance emocionante e majestosa em 'Victoria e Abdul'.,0,newsmet,gpt,prompt2,1.0,1.0619,0.8915,0.9844,Q1
1939,"Democratic senator: Reports are true. Trump said 'hate-filled, vile, and racist' things.","Senadora democrata: Os relatos são verdadeiros. Trump disse coisas ""cheias de ódio, repugnantes e racistas"".",0,newsmet,gemmaX,sem_prompt,1.0,1.014,0.9392,0.9844,Q1
107,Dragon Ball Super' Episode 118 photos leaked show Goku regained his strength,Fotos do episódio 118 de Dragon Ball Super mostram que Goku recuperou as suas forças,0,newsmet,gemmaX,sem_prompt,1.0,1.0257,0.9271,0.9843,Q1
1991,New Wall Street Journal report might totally destroy Republicans’ favorite anti-FBI talking point,Novo relatório do Wall Street Journal pode destruir totalmente o ponto de discussão favorito dos republicanos contra o FBI,0,newsmet,gemmaX,sem_prompt,1.0,1.0029,0.9499,0.9843,Q1
818,"Robert de Zafra, Who Made Key Findings on Ozone, Dies at 85","Robert de Zafra, que fez descobertas importantes sobre o ozônio, morre aos 85 anos.
",0,newsmet,gemini,prompt2,0.9912,1.0606,0.9013,0.9843,Q1
657,"Action: You, yes you, can help victims of domestic violence and our pets!","Ação: Você, sim você, pode ajudar vítimas de violência doméstica e nossos animais!
",0,newsmet,gemini,prompt2,1.0,1.0061,0.9469,0.9843,Q1
54,Defense Secretary James Mattis Delivers Statement on North Korea…,"Secretário de Defesa James Mattis faz declaração sobre a Coreia do Norte...
",0,newsmet,gemini,prompt2,1.0,1.0193,0.9333,0.9842,Q1
292,Red Star/White Star: Why the Lockheed F-35 Should Fear Russia’s Su-35,"Estrela Vermelha/Estrela Branca: Por que o Lockheed F-35 deveria temer o Su-35 da Rússia
",0,newsmet,gemini,prompt2,0.9896,0.9979,0.9649,0.9841,Q1
1929,Trump Just Named Five New Possible Supreme Court Nominees,Trump nomeou cinco novos possíveis indicados para a Suprema Corte.,0,newsmet,gemma3,prompt2,0.9988,1.006,0.9475,0.9841,Q1
2105,We Accept The Reality With Which We Are Presented,Aceitamos a realidade que nos é apresentada.,0,newsmet,gemini,prompt2,1.0,1.0743,0.8776,0.984,Q1
656,Wireless Carriers Are Helping Customers Affected by Hurricane Harvey,"Operadoras de telefonia móvel estão ajudando clientes afetados pelo furacão Harvey.
",0,newsmet,gemini,prompt2,1.0,1.0468,0.9049,0.9839,Q1
2504,How Neanderthals Influenced Human Genetics at the Crossroads of Asia and Europe,"""Como os Neandertais Influenciaram a Genética Humana na Confluência da Ásia e Europa""",0,newsmet,gpt,prompt2,1.0,1.018,0.9333,0.9838,Q1
1174,"In a Swiss Ski Town, Private Chalets Have Become the Place to Stay","Em uma cidade suíça de esqui, chalés particulares se tornaram o lugar para se hospedar.",0,newsmet,gemini,prompt2,1.0,1.0337,0.9176,0.9838,Q1
1022,The NFL Might Be Changing Their Policy On Marijuana,A NFL pode estar mudando sua política sobre maconha.,0,newsmet,gemma3,prompt2,1.0,1.0377,0.9138,0.9838,Q1
2149,Alex Jones hyped fake news about ‘black gangs’ looting after Hurricane Harvey,"Alex Jones divulgou notícias falsas sobre ""gangues negras"" saqueando após o furacão Harvey.",0,newsmet,gemini,prompt2,1.0,1.0058,0.9451,0.9837,Q1
401,"Ivana says Donald Trump isn’t racist, he just says ‘silly’ things because he gets confused","Ivana diz que Donald Trump não é racista, ele apenas diz coisas bobas porque se sente confuso.",0,newsmet,gemma3,prompt2,1.0,1.0152,0.9358,0.9837,Q1
1431,DBS' has explained a mistake of 'Dragon Ball Z',DBS explicou um erro de 'Dragon Ball Z'.,0,newsmet,gemini,prompt2,0.9824,1.0586,0.9101,0.9837,Q1
807,Why is the GOP desperate to pass this terrible healthcare bill? The Koch brothers threatened them,"Por que o Partido Republicano está desesperado para aprovar essa péssima lei de saúde? Os irmãos Koch os ameaçaram.
",0,newsmet,gemini,prompt2,1.0,1.0239,0.9269,0.9836,Q1
2519,"FHFH Receives $$30,000 From Walmart to Support Indiana Hunger Relief",FHFH recebe US$ 30.000 da Walmart para apoiar o alívio da fome em Indiana,0,newsmet,gemmaX,sem_prompt,1.0,1.032,0.9186,0.9835,Q1
450,Michael Bloomberg: Facebook May Need to ‘Read Every Message’ to Stop Fake News,"Michael Bloomberg: Facebook pode ter de ""ler todas as mensagens"" para impedir notícias falsas",0,newsmet,gemmaX,sem_prompt,1.0,1.0289,0.9215,0.9835,Q1
1982,BMW will be bringing a Tesla Model 3 opponent with the i5,A BMW trará um concorrente do Tesla Model 3 com o i5.,0,newsmet,gemini,prompt2,1.0,1.0266,0.9236,0.9834,Q1
1067,#TrumpRussia ...Kushner's firm was given $285M Deutsche Bank loan a month before Election Day,#TrumpRússia ...A empresa de Kushner recebeu um empréstimo de $285 milhões do Deutsche Bank um mês antes do dia da eleição.,0,newsmet,gemini,prompt2,1.0,1.0343,0.9159,0.9834,Q1
1255,Twitter reacts to Donald Trump Jr. posting proof he colluded with Russia,Twitter reage à publicação de Donald Trump Jr. de provas de que conspirou com a Rússia,0,newsmet,gemmaX,sem_prompt,0.9912,1.0081,0.951,0.9834,Q1
202,Rivers Carry Millions of Tons of Plastic Debris into The Sea,"Rios carregam milhões de toneladas de detritos plásticos para o mar.
",0,newsmet,gemini,prompt2,1.0,1.063,0.8871,0.9834,Q1
2026,President of Judicial Watch Says What Everybody is Thinking: “I Don’t Trust the FBI”,"""O presidente do Judicial Watch diz o que todo mundo está pensando: 'Eu não confio no FBI'.""",0,newsmet,gpt,prompt2,1.0,1.0554,0.8944,0.9833,Q1
2209,Politicians who lie and knowingly effect laws that kill should be prosecuted,Políticos que mentem e conscientemente promulgam leis que matam deveriam ser processados.,0,newsmet,gemini,prompt2,1.0,1.0025,0.9472,0.9832,Q1
2319,Judge read out names of 20 murdered cats before sentencing their killer to 16 years in prison,"""O juiz leu os nomes de 20 gatos assassinados antes de condenar seu assassino a 16 anos de prisão.""",0,newsmet,gpt,prompt2,1.0,1.0212,0.9284,0.9832,Q1
258,Trump is reasserting his role as the ultimate Zionist pawn,"Trump está reafirmando seu papel como o último peão sionista.
",0,newsmet,gemini,prompt2,1.0,0.9989,0.9504,0.9831,Q1
204,Constellation Brands enters legal weed by buying into Canadian marijuana company,Constellation Brands entra no mercado da erva legal ao comprar uma empresa de maconha canadense,0,newsmet,gemmaX,sem_prompt,1.0,1.0089,0.9404,0.9831,Q1
2326,Russian trolls' Facebook promotions could have reached 70 million users,Promoções do Facebook por trolls russos podem ter alcançado 70 milhões de usuários.,0,newsmet,gemma3,prompt2,0.9912,0.9962,0.962,0.9831,Q1
162,First time buyers in Wokingham to be spared Stamp Duty,Compradores de primeira viagem em Wokingham serão isentos do Imposto de Selo.,0,newsmet,gemma3,prompt2,1.0,1.0227,0.9266,0.9831,Q1
300,Steve Wynn Claims Gun Free Zone Would Have Prevented Vegas Shooter,Steve Wynn afirma que uma zona livre de armas teria evitado o tiroteio em Las Vegas,0,newsmet,gemmaX,sem_prompt,1.0,1.0298,0.9192,0.983,Q1
1124,Harvey Weinstein loses The Weinstein Company amid sexual assault allegations,Harvey Weinstein perde a The Weinstein Company em meio a acusações de agressão sexual.,0,newsmet,gemma3,prompt2,1.0,0.9922,0.9568,0.983,Q1
2270,Donald Jr. violated Federal Law when coordinating with Wikileaks,Donald Jr. violou a lei federal ao coordenar com o Wikileaks.,0,newsmet,gpt,prompt2,0.9912,1.0055,0.9522,0.983,Q1
1514,CANADA: Judge (who appears to be a Muslim) strikes down section of Quebec law that bans Muslim face-coverings,CANADÁ: Juiz (que parece ser muçulmano) derruba seção da lei de Quebec que proíbe coberturas de rosto muçulmanas.,0,newsmet,gpt,prompt2,0.9982,1.0113,0.9394,0.983,Q1
176,Number Of Puerto Rico Residents Without Clean Water And Electricity Keeps Rising,Número de residentes de Porto Rico sem água limpa e eletricidade continua a aumentar,0,newsmet,gemmaX,sem_prompt,1.0,1.0489,0.9002,0.983,Q1
2392,The Trump administration quietly added an NRA executive to the National Park Foundation Board,A administração Trump adicionou discretamente um executivo da NRA ao Conselho da Fundação Parques Nacionais.,0,newsmet,gemini,prompt2,1.0,0.994,0.9549,0.983,Q1
996,Roy Moore reveals frightening reality: Many Evangelicals agree with and encourage child predation,Roy Moore revela uma realidade assustadora: muitos evangélicos concordam e incentivam a predação infantil.,0,newsmet,gpt,prompt2,1.0,0.9945,0.9542,0.9829,Q1
1207,PaulCraigRoberts.org George Soros Could Not Subvert Europe Without Washington’s Approval,PaulCraigRoberts.org George Soros não poderia subverter a Europa sem a aprovação de Washington.,0,newsmet,gemini,prompt2,1.0,1.0057,0.943,0.9829,Q1
1291,Donna Brazile: Clinton Campaign Took Over DNC in August 2015.,Donna Brazile: Campanha de Clinton Assumiu o DNC em Agosto de 2015.,0,newsmet,gemma3,prompt2,0.9999,1.0182,0.9306,0.9829,Q1
2043,Comey Sends Another Cryptic Message From His 'Secret' Twitter Account,Comey Envia Outra Mensagem Criptica de Sua Conta 'Secreta' no Twitter,0,newsmet,gemini,prompt2,0.9905,0.9898,0.9679,0.9827,Q1
279,How Rebecca Solnit Became the Voice of the Resistance,"Como Rebecca Solnit se tornou a voz da resistência.
",0,newsmet,gemini,prompt2,0.9985,1.0215,0.9281,0.9827,Q1
1320,Steve Kerr: Government Puts Interests of ‘Gun Industry’ Ahead of ‘People’s Safety’,Steve Kerr: Governo coloca os interesses da 'indústria de armas' à frente da 'segurança das pessoas',0,newsmet,gpt,prompt2,1.0,1.0369,0.9112,0.9827,Q1
110,How Russia Recruited George Papadopoulos to Penetrate the Trump Campaign,Como a Rússia recrutou George Papadopoulos para penetrar na campanha de Trump,0,newsmet,gemmaX,sem_prompt,1.0,1.0461,0.902,0.9827,Q1
1569,Justice Department issues memo on religious liberty to federal agencies,Departamento de Justiça emite memorando sobre liberdade religiosa a agências federais.,0,newsmet,gemini,prompt2,1.0,1.0003,0.9478,0.9827,Q1
212,Secret Service Holds First Full-Scale Training Exercise at the White House,Serviço Secreto realiza o primeiro exercício de treino em grande escala na Casa Branca,0,newsmet,gemmaX,sem_prompt,1.0,1.0034,0.9447,0.9827,Q1
116,The EU Must Not Threaten the Sovereignty of Poland,A UE não deve ameaçar a soberania da Polônia.,0,newsmet,gemma3,prompt2,1.0,1.0224,0.9253,0.9826,Q1
707,Health insurance will cost more because of GOP tax plan,Seguro de saúde vai custar mais devido ao plano fiscal do Partido Republicano,0,newsmet,gemmaX,sem_prompt,1.0,0.9921,0.9555,0.9825,Q1
78,or Why Tax Cuts for Wealthy Corporations Won't Create Jobs,ou Por que os cortes de impostos para corporações ricas não criam empregos,0,newsmet,gemmaX,sem_prompt,1.0,1.0443,0.9028,0.9824,Q1
1052,An ancient jawbone from a cave in Israel shows humans may have left Africa much earlier than thought,Uma mandíbula antiga encontrada em uma caverna em Israel sugere que os humanos podem ter deixado a África muito antes do que se pensava.,0,newsmet,gemma3,prompt2,1.0,1.0219,0.9255,0.9824,Q1
1829,Dragon Ball Super' fans have uncovered the identity of the new Super Warrior,Fãs de Dragon Ball Super descobriram a identidade do novo Super Guerreiro.,0,newsmet,gemini,prompt2,1.0,1.0127,0.9344,0.9824,Q1
393,Russian trolls watched ‘House of Cards’ to learn about US politics,"Trolls russos viram ""House of Cards"" para aprender sobre política dos EUA",0,newsmet,gemmaX,sem_prompt,1.0,0.9813,0.9658,0.9824,Q1
1489,Photogallery - Apple could increase iPhone 8 sales by bundling it with freebies,"Galeria de fotos - A Apple pode aumentar as vendas do iPhone 8 ao incluí-lo com brindes.
",0,newsmet,gemma3,prompt2,1.0,0.9983,0.9485,0.9823,Q1
289,"Trump administration threatens to shut down Palestinian office in Washington, D.C. – Dr. Rich Swier","Administração Trump ameaça fechar escritório palestino em Washington, D.C. – Dr. Rich Swier",0,newsmet,gemma3,prompt2,1.0,1.0235,0.9236,0.9823,Q1
2216,Media Literacy Student Challenge | Explore Your Relationship With News,Desafio Estudantil de Educação Midiática | Explore Sua Relação com as Notícias,0,newsmet,gemini,prompt2,0.9977,0.9833,0.9657,0.9822,Q1
2214,"Woman diagnosed with hematohidrosis, a rare disease that causes blood sweat","Mulher diagnosticada com hematidrose, uma doença rara que causa suor com sangue.",0,newsmet,gemma3,prompt2,1.0,1.044,0.9027,0.9822,Q1
593,"Trump was so angry about the small crowd at his Phoenix rally, he fired a longtime event organizer","Trump ficou tão furioso com o público pequeno em seu comício em Phoenix que demitiu um organizador de eventos de longa data.
",0,newsmet,gemini,prompt2,1.0,1.016,0.9305,0.9822,Q1
2132,Ivanka Trump Just Humiliated Her Dad On Father’s Day,Ivanka Trump acabou de humilhar seu pai no Dia dos Pais.,0,newsmet,gpt,prompt2,1.0,1.055,0.8915,0.9821,Q1
1077,"Following Reports of Sexual Harassment, Republicans Want Roy Moore to Withdraw","Após relatos de assédio sexual, republicanos querem que Roy Moore se retire.",0,newsmet,gemma3,prompt2,1.0,1.0163,0.9298,0.982,Q1
334,Vice Media’s Digital Chief Loses Job After Sexual Harassment Investigation,"Chefe Digital da Vice Media Perde Emprego Após Investigação de Assédio Sexual
",0,newsmet,gemini,prompt2,0.9963,0.9735,0.976,0.9819,Q1
851,Sportscaster Dick Enberg Found Dead at Home at Age 82,O locutor esportivo Dick Enberg foi encontrado morto em sua casa aos 82 anos.,0,newsmet,gemma3,prompt2,1.0,1.0688,0.8767,0.9819,Q1
1561,"Toronto Maple Leafs may need to trade Leo Komarov, Tyler Bozak, or Matt Martin","Toronto Maple Leafs pode ter de trocar Leo Komarov, Tyler Bozak ou Matt Martin",0,newsmet,gemmaX,sem_prompt,1.0,1.006,0.9397,0.9819,Q1
1407,"David Madden, Former Fox Executive, Is Taking Over Programming at AMC","David Madden, ex-executivo da Fox, assume a programação da AMC",0,newsmet,gemmaX,sem_prompt,1.0,1.0269,0.9185,0.9818,Q1
899,Russia Used Facebook to Try to Spy on Macron Campaign,Rússia usou o Facebook para tentar espionar a campanha de Macron,0,newsmet,gemmaX,sem_prompt,1.0,1.0048,0.9405,0.9818,Q1
2426,Trump spent months meeting with Democrat Dick Durbin on his DACA decision,Trump passou meses se reunindo com o democrata Dick Durbin sobre sua decisão sobre o DACA.,0,newsmet,gemma3,prompt2,1.0,0.9888,0.9565,0.9818,Q1
2074,"Trump Administration Faces Hurricane Harvey, Its First Major Natural Disaster","Administração Trump Enfrenta o Furacão Harvey, Seu Primeiro Grande Desastre Natural",0,newsmet,gemma3,prompt2,0.9851,0.9849,0.9755,0.9818,Q1
2118,How Hugh Hefner and Playboy Paved the Way for The Advocate,Como Hugh Hefner e a Playboy abriram caminho para The Advocate.,0,newsmet,gemma3,prompt2,1.0,1.0045,0.9407,0.9817,Q1
2183,Photogallery - Women quit their jobs in Google due to workplace culture,Galeria de fotos - Mulheres deixaram seus empregos no Google devido à cultura do local de trabalho.,0,newsmet,gpt,prompt2,1.0,1.0123,0.9328,0.9817,Q1
2406,Photogallery - Tesla to begin production of electric trucks by 2019,Galeria de fotos - Tesla começará a produção de caminhões elétricos até 2019.,0,newsmet,gemini,prompt2,0.9824,1.0076,0.9551,0.9817,Q1
1345,Starbucks interviewing refugees in California for jobs as baristas – Dr. Rich Swier,Starbucks entrevista refugiados na Califórnia para vagas de barista – Dr. Rich Swier,0,newsmet,gemma3,prompt2,1.0,1.0254,0.9194,0.9816,Q1
1017,Why Asking About Citizenship Could Make the Census Less Accurate,Por que perguntar sobre cidadania pode tornar o censo menos preciso,0,newsmet,gemmaX,sem_prompt,1.0,1.0419,0.9027,0.9816,Q1
929,Top DHS official resigns over past racist remarks...and I have a question...,Um alto funcionário do DHS renuncia devido a comentários racistas do passado... e eu tenho uma pergunta...,0,newsmet,gpt,prompt2,1.0,1.0097,0.9352,0.9816,Q1
249,Trump on Report He Ordered Mueller's Firing: 'Fake News',Trump sobre a reportagem de que ordenou a demissão de Mueller: 'Notícia falsa'.,0,newsmet,gpt,prompt2,1.0,1.0112,0.9332,0.9815,Q1
680,How Amanda Gorman Became the Nation’s First Youth Poet Laureate,Como Amanda Gorman se tornou a primeira Poet Laureate Juvenil da Nação.,0,newsmet,gemma3,prompt2,0.9945,1.0089,0.9413,0.9815,Q1
776,Saudi Government Takes Control of Binladin Group Construction Giant,Governo Saudita Assume o Controle da Gigante da Construção Binladin Group.,0,newsmet,gemma3,prompt2,0.9993,0.9881,0.9567,0.9814,Q1
1636,Japanese Princess Mako leaves royal status after marrying a commoner,Princesa japonesa Mako deixa o estatuto real após casar com um plebeu,0,newsmet,gemmaX,sem_prompt,1.0,0.9713,0.9731,0.9814,Q1
1517,The U.S. Should Support Kurdish Independence for Moral and Practical Reasons,Os EUA deveriam apoiar a independência curda por razões morais e práticas.,0,newsmet,gemma3,prompt2,1.0,1.0083,0.9358,0.9814,Q1
864,15-Minute Stand-Up Specials? Netflix Is Trying a New Format,"Especiais de Stand-Up de 15 Minutos? A Netflix Está Tentando um Formato Novo
",0,newsmet,gemini,prompt2,0.9804,0.9981,0.9658,0.9814,Q1
1439,The Cavaliers could consider trading their superstar for DeAndre Jordan,Os Cavaliers poderiam considerar trocar sua estrela por DeAndre Jordan.,0,newsmet,gemini,prompt2,1.0,0.9972,0.9469,0.9814,Q1
2226,Photogallery - Why Andy Murray tennis fans should not ignore Tim Henman's comments,Fotogaleria - Por que os fãs de tênis de Andy Murray não devem ignorar os comentários de Tim Henman,0,newsmet,gemmaX,sem_prompt,0.9851,1.0188,0.9402,0.9814,Q1
128,House Homeland Security Committee to hold hearings on white supremacy,Comissão de Segurança Interna da Câmara dos Deputados dos EUA realizará audiências sobre supremacia branca,0,newsmet,gemmaX,sem_prompt,0.9824,0.9955,0.966,0.9813,Q1
2170,Broncos' Brock Osweiler would be replacing Trevor Siemian as the starter,Brock Osweiler dos Broncos substituiria Trevor Siemian como titular,0,newsmet,gemmaX,sem_prompt,1.0,1.0382,0.9056,0.9813,Q1
133,Tom Steyer and fellow Patriots make their Case on C-Span,Tom Steyer e outros Patriots apresentam o seu caso na C-Span,0,newsmet,gemmaX,sem_prompt,1.0,0.9967,0.9473,0.9813,Q1
1605,Matt Ryan leads Falcons to 23-17 win over Chicago Bears,Matt Ryan leva os Falcons a uma vitória de 23-17 sobre os Chicago Bears,0,newsmet,gemmaX,sem_prompt,0.997,0.9683,0.9784,0.9812,Q1
190,Prosecutors Want Anthony Weiner to Serve About 2 Years in Prison,Os promotores querem que Anthony Weiner cumpra cerca de 2 anos de prisão.,0,newsmet,gemma3,prompt2,1.0,1.0148,0.9289,0.9812,Q1
493,North Korea has launched six nuclear tests amidst growing UN concerns,A Coreia do Norte realizou seis testes nucleares em meio a crescentes preocupações da ONU.,0,newsmet,gemma3,prompt2,1.0,0.9881,0.9555,0.9812,Q1
1685,GOP Congress Authorizes $$500 Million In Security Assistance For Ukraine,Congresso do Partido Republicano autoriza US$ 500 milhões em assistência de segurança para a Ucrânia.,0,newsmet,gemini,prompt2,0.9906,1.0497,0.903,0.9811,Q1
1698,Comstock says the rich are STILL paying too much in taxes,Comstock diz que os ricos AINDA estão pagando impostos demais.,0,newsmet,gemini,prompt2,1.0,0.9857,0.9577,0.9811,Q1
1152,Wasserman Schultz Planned to Pay Imran Awan Even While He Lived in Pakistan,Wasserman Schultz planejou pagar Imran Awan mesmo enquanto ele morava no Paquistão.,0,newsmet,gemma3,prompt2,1.0,1.0304,0.913,0.9811,Q1
536,Parents of Charlie Gard have decided to end the fight,Os pais de Charlie Gard decidiram encerrar a luta.,0,newsmet,gpt,prompt2,1.0,1.0268,0.9164,0.9811,Q1
1703,Tamra Judge's birthday brings out interesting social media comments,O aniversário de Tamra Judge gera comentários interessantes nas redes sociais,0,newsmet,gemmaX,sem_prompt,1.0,1.0037,0.9393,0.981,Q1
124,"Kendall Jenner, Nicole Kidman Attended the Biggest Polo Match New York Has Ever Seen","Kendall Jenner e Nicole Kidman estiveram no maior jogo de polo que Nova York já viu.
",0,newsmet,gemini,prompt2,1.0,1.0614,0.8811,0.9809,Q1
472,Two More Accusers Say Moore Pursued Them at Alabama Mall,Duas novas acusadoras dizem que Moore as perseguiu em um shopping center em Alabama.,0,newsmet,gemma3,prompt2,1.0,1.0304,0.9122,0.9809,Q1
1050,Public Distrust in Vaccine Safety Is Becoming a Public Relations Crisis,A desconfiança pública na segurança das vacinas está se tornando uma crise de relações públicas.,0,newsmet,gpt,prompt2,1.0,1.0359,0.9067,0.9809,Q1
942,WATCH: Mitch McConnell condemns another Republican senator for sexual misconduct in 1995,ASSISTA: Mitch McConnell condena outro senador republicano por má conduta sexual em 1995.,0,newsmet,gemma3,prompt2,0.9912,0.9905,0.961,0.9809,Q1
2250,Joy and Austin Forsyth are announcing their first pregnancy,Joy e Austin Forsyth estão anunciando sua primeira gravidez.,0,newsmet,gpt,prompt2,1.0,0.9765,0.9662,0.9809,Q1
2259,Photogallery - Andy Murray will remain number one after Wimbledon 2017 concludes,Galeria de fotos - Andy Murray permanecerá número um após o término de Wimbledon 2017.,0,newsmet,gemma3,prompt2,1.0,1.0047,0.9376,0.9808,Q1
1566,"$$2,000/year Muslim girls’ school won’t provide toilet paper or soap for students ‘for cultural reasons’",Uma escola para meninas muçulmanas que custa \$2.000 por ano não fornecerá papel higiênico ou sabão para as alunas 'por razões culturais'.,0,newsmet,gemini,prompt2,1.0,1.0306,0.9117,0.9808,Q1
2570,Motorola shows off ShatterShield technology of Moto Z2 Force in YouTube video,Motorola mostra tecnologia ShatterShield do Moto Z2 Force num vídeo do YouTube,0,newsmet,gemmaX,sem_prompt,1.0,1.011,0.9312,0.9807,Q1
161,Quantum Speed Limit May Put Brakes On Quantum Computers,Limite de Velocidade Quântica Pode Frear Computadores Quânticos,0,newsmet,gemma3,prompt2,1.0,1.014,0.928,0.9807,Q1
1377,Trump administration lied when it said DHS had vetted their bogus and racist terror report,A administração Trump mentiu quando disse que o DHS havia verificado seu relatório terrorista falso e racista.,0,newsmet,gemini,prompt2,1.0,1.0227,0.9194,0.9807,Q1
712,Donna Brazile: “I hope to God we find out who murdered Seth Rich”,"Donna Brazile: “Eu espero que Deus revele quem assassinou Seth Rich.”
",0,newsmet,gemini,prompt2,0.9912,1.0351,0.9156,0.9806,Q1
1610,Republicans are realizing they have to actually do policy work to make stuff happen,Os republicanos estão percebendo que precisam realmente fazer trabalho de políticas para que as coisas aconteçam.,0,newsmet,gpt,prompt2,1.0,1.0108,0.931,0.9806,Q1
1572,Catholics encounter the homeless on the streets of Hollywood,Católicos encontram os sem-abrigo nas ruas de Hollywood,0,newsmet,gemmaX,sem_prompt,1.0,1.007,0.9344,0.9805,Q1
1473,Israel bans Code Pink and Jewish Voice for Peace from entering country while NYT forgets Gaza exists,Israel proíbe Code Pink e Jewish Voice for Peace de entrar no país enquanto o NYT esquece que Gaza existe.,0,newsmet,gemma3,prompt2,1.0,1.0006,0.941,0.9805,Q1
1975,LeBron James compliments Lonzo Ball after breaking his record,LeBron James elogia Lonzo Ball após quebrar seu recorde.,0,newsmet,gpt,prompt2,1.0,0.9895,0.9521,0.9805,Q1
900,Dwyane Wade shares his amazing Kobe Bryant story about their first matchup,Dwyane Wade compartilha sua incrível história sobre Kobe Bryant em seu primeiro confronto.,0,newsmet,gemma3,prompt2,0.9994,1.0278,0.9141,0.9804,Q1
257,This Photographer Wants to Change the Narrative on Black Men,Este fotógrafo quer mudar a narrativa sobre os homens negros,0,newsmet,gemmaX,sem_prompt,1.0,1.0204,0.9209,0.9804,Q1
2307,Liberal student claims access to the outdoors is now a form of white supremacy,Aluna liberal afirma que o acesso ao ar livre é agora uma forma de supremacia branca,0,newsmet,gemmaX,sem_prompt,1.0,0.976,0.9652,0.9804,Q1
2146,Photogallery - Donald Trump will not visit London to declare open the new US embassy,Fotogaleria - Donald Trump não visitará Londres para declarar a abertura da nova embaixada dos EUA,0,newsmet,gemmaX,sem_prompt,1.0,1.0022,0.9387,0.9803,Q1
2498,Cavaliers should consider other trade packages for Kyrie Irving,Os Cavaliers deveriam considerar outros pacotes de troca para Kyrie Irving.,0,newsmet,gpt,prompt2,1.0,0.9943,0.9462,0.9802,Q1
1877,The Arrested Saudi Prince Alwaleed Owns These 12 US Companies,O príncipe saudita detido Alwaleed é dono destas 12 empresas dos EUA,0,newsmet,gemmaX,sem_prompt,0.9912,1.0137,0.9356,0.9802,Q1
1959,"With one tweet, Bernie Sanders exposes the cowardly Republican tax scam","Com um tweet, Bernie Sanders expõe a fraude fiscal covarde dos republicanos",0,newsmet,gemmaX,sem_prompt,1.0,0.9979,0.9427,0.9802,Q1
1335,NKorean Media Claims 5 Million Have Signed up to Join Army,Mídia da Coreia do Norte afirma que 5 milhões de pessoas se inscreveram para ingressar no exército,0,newsmet,gemmaX,sem_prompt,1.0,1.0276,0.9129,0.9802,Q1
2020,“Something Is Very Wrong With The Global Economy”: Richest 1% Made 82% Of Global Wealth In 2017,"""Algo Está Muito Errado Com A Economia Global”: 1% Mais Rico Fez 82% Da Riqueza Global Em 2017.",0,newsmet,gpt,prompt2,1.0,0.9879,0.9526,0.9802,Q1
2351,Social Media Is Designed to Sell You to Advertisers,As redes sociais são projetadas para te vender para os anunciantes.,0,newsmet,gpt,prompt2,1.0,1.024,0.9164,0.9801,Q1
1739,Army of Us: Queer Soldiers Do Battle Against ISIS,Exército de Nós: Soldados Queer Lutam Contra o ISIS,0,newsmet,gpt,prompt2,0.99,1.0229,0.9275,0.9801,Q1
1110,"SpaceX’s Big Rocket, the Falcon Heavy, Finally Reaches the Launchpad","O grande foguete da SpaceX, o Falcon Heavy, finalmente chega à plataforma de lançamento.",0,newsmet,gemma3,prompt2,1.0,1.0207,0.9192,0.98,Q1
828,Uber Loses London License Because of ‘Lack of Corporate Responsibility’,"Uber perde licença em Londres por ""falta de responsabilidade corporativa""",0,newsmet,gemmaX,sem_prompt,1.0,1.0335,0.9065,0.98,Q1
2421,Megyn Kelly tells Seth Myers that she doesn't miss talking to politicians,Megyn Kelly diz a Seth Myers que não sente falta de conversar com políticos.,0,newsmet,gemini,prompt2,1.0,0.995,0.9451,0.98,Q1
127,"Girl Scouts will be adding 23 new badges in the fields of science, technology, engineering, and math","As Escoteiras Mirins adicionarão 23 novos distintivos nas áreas de ciência, tecnologia, engenharia e matemática.
",0,newsmet,gemini,prompt2,0.9986,1.0246,0.9163,0.9799,Q1
1838,Photogallery - Channing Frye shares his amazement over Derrick Rose,Galeria de fotos - Channing Frye compartilha sua admiração por Derrick Rose.,0,newsmet,gpt,prompt2,1.0,1.0255,0.9143,0.9799,Q1
2535,McConnell won't let his senators face constituents until the end of August,McConnell não permitirá que seus senadores se encontrem com seus eleitores até o final de agosto.,0,newsmet,gemma3,prompt2,1.0,1.0069,0.9327,0.9799,Q1
2245,"Donald Trump Jr. says daddy wouldn't help him, made him talk to his assistant","Donald Trump Jr. diz que o pai não o ajudou, o obrigando a falar com seu assistente.",0,newsmet,gemma3,prompt2,1.0,1.0227,0.9168,0.9799,Q1
2571,"Hurricane Maria approaches St. Croix as a Category 5 storm, will hit Puerto Rico tomorrow",O furacão Maria se aproxima de St. Croix como tempestade de categoria 5 e deve atingir Porto Rico amanhã.,0,newsmet,gemma3,prompt2,1.0,1.0208,0.9188,0.9799,Q1
681,Isaiah Thomas thinks the Celtics will regret trading him,Isaiah Thomas pensa que os Celtics vão arrepender-se de o terem trocado,0,newsmet,gemmaX,sem_prompt,1.0,0.9624,0.9774,0.9799,Q1
1639,Reporter Who Exposed BBC Child Abuse Cover Up Found Dead,Repórter que expôs encobrimento de abuso infantil na BBC encontrado morto,0,newsmet,gemmaX,sem_prompt,1.0,1.0241,0.9156,0.9799,Q1
1827,Photogallery - Justin Bieber settles issue with Marilyn Manson over T-shirt design,Fotogaleria - Justin Bieber resolve problema com Marilyn Manson sobre design de t-shirt,0,newsmet,gemmaX,sem_prompt,0.9957,0.9952,0.9486,0.9798,Q1
344,Leveraging data to provide insight into complex issues surrounding Veteran homelessness,"Utilizando dados para fornecer insights sobre questões complexas relacionadas à falta de moradia de veteranos.
",0,newsmet,gemini,prompt2,0.9912,1.0173,0.9308,0.9798,Q1
835,Tyronn Lue predicts Kevin Love will have his best season as a Cavalier,Tyronn Lue prevê que Kevin Love terá sua melhor temporada como Cavalier.,0,newsmet,gpt,prompt2,1.0,0.9875,0.9517,0.9798,Q1
674,HOLD UP: Is the Trump International Hotel in D.C. REALLY handing out this petition?,ESPEREM UM POUCO: O Trump International Hotel em D.C. ESTÁ REALMENTE distribuindo esta petição?,0,newsmet,gemmaX,sem_prompt,1.0,1.0511,0.888,0.9797,Q1
1150,Sean Spicer and Chelsea Manning Join Harvard as Visiting Fellows,Sean Spicer e Chelsea Manning se juntam a Harvard como pesquisadores visitantes.,0,newsmet,gemini,prompt2,1.0,0.9902,0.949,0.9797,Q1
342,China Denies Rex Tillerson’s Accusations of Predatory Economic Policy,China nega as acusações de Rex Tillerson sobre política econômica predatória.,0,newsmet,gemma3,prompt2,1.0,1.0159,0.9228,0.9796,Q1
1241,Infographic Of The Day: How Tech Is Changing Our Food Systems,Infográfico do Dia: Como a Tecnologia Está Mudando Nossos Sistemas Alimentares,0,newsmet,gemini,prompt2,1.0,0.9829,0.956,0.9796,Q1
617,Trump blames Obama again for Russian hacking — but still refuses to do anything about it,Trump culpa Obama novamente pela invasão russa — mas ainda se recusa a fazer qualquer coisa a respeito.,0,newsmet,gemma3,prompt2,0.9844,1.0098,0.9442,0.9795,Q1
1787,NBC Is Making $5 Million For 30-Second Super Bowl Commercials,"A NBC está lucrando 5 milhões de dólares com comerciais de 30 segundos no Super Bowl.
",0,newsmet,gemma3,prompt2,1.0,1.028,0.9107,0.9795,Q1
1962,Republicans make absurd policy change in their fight against reproductive rights,Republicanos fazem uma mudança absurda de política em sua luta contra os direitos reprodutivos,0,newsmet,gemmaX,sem_prompt,1.0,0.9758,0.9628,0.9795,Q1
1423,FLEISCHMAN: National Anthem Protesters Help Trump – But Can’t Help Themselves,FLEISCHMAN: Manifestantes do Hino Nacional Ajudam Trump – Mas Não Conseguem Ajudar a Si Mesmos,0,newsmet,gpt,prompt2,0.9705,1.0038,0.9641,0.9795,Q1
2434,How Russia recruited wannabe YouTube stars to convince Black Lives Matter activists to vote for Trump,Como a Rússia recrutou aspirantes a estrelas do YouTube para convencer ativistas do Black Lives Matter a votar em Trump.,0,newsmet,gemini,prompt2,1.0,0.9954,0.943,0.9795,Q1
1222,President Trump calls the Primetime Emmys ‘the worst ever’,"Presidente Trump diz que os Primetime Emmys são ""os piores de sempre""",0,newsmet,gemmaX,sem_prompt,0.9912,1.0076,0.9396,0.9795,Q1
109,The Cold War Meets ‘Romeo and Juliet’ at a Festival for Musicals,A Guerra Fria Encontra 'Romeu e Julieta' em um Festival de Musicais.,0,newsmet,gpt,prompt2,0.9887,1.0531,0.8968,0.9795,Q1
1730,‘It’s a blessing’: Muslim relief groups help disaster-stricken Southern communities recover,“É uma bênção”: grupos de ajuda muçulmanos ajudam comunidades do sul atingidas por catástrofes a recuperarem-se,0,newsmet,gemmaX,sem_prompt,1.0,1.0015,0.9366,0.9794,Q1
1611,UN Health Agency: Measles Has Killed 35 Children in Europe,Agência de Saúde da ONU: Sarampo matou 35 crianças na Europa.,0,newsmet,gpt,prompt2,1.0,0.997,0.9413,0.9794,Q1
1454,Madison Square Garden Is Seeking to Sell the Liberty,Madison Square Garden quer vender o Liberty,0,newsmet,gemmaX,sem_prompt,1.0,1.0516,0.8866,0.9794,Q1
2019,‘The Runaways’ actress reveals one important change in the show,Atriz de 'The Runaways' revela uma mudança importante na série,0,newsmet,gemmaX,sem_prompt,1.0,0.9921,0.9457,0.9793,Q1
1441,SMEs see banks as utility providers not business partners – and banks agree,"PMEs veem os bancos como prestadores de serviços, não como parceiros de negócios – e os bancos concordam.",0,newsmet,gemini,prompt2,1.0,0.9859,0.9517,0.9792,Q1
678,"Trump Tells Reporters ""He's Not Worried"" plus He's ""Very Happy""","Trump diz a repórteres que ""ele não está preocupado"" e que está ""muito feliz"".",0,newsmet,gpt,prompt2,1.0,1.0385,0.8987,0.9791,Q1
1608,Research shows barriers for girls and students of color negatively impacts innovation in the US,"Pesquisas mostram que barreiras para meninas e estudantes de cor impactam negativamente a inovação nos EUA.
",0,newsmet,gemma3,prompt2,1.0,1.0006,0.9368,0.9791,Q1
1108,How a simple clerical error led to this DACA recipient losing her protections,"""Como um simples erro clerical levou essa beneficiária do DACA a perder suas proteções.""",0,newsmet,gpt,prompt2,1.0,0.9966,0.9406,0.979,Q1
1040,2017 Data: Pew Reports 60% of Young Americans Use Online Streaming as Primary Way to Watch TV,Dados de 2017: Pew Reports revela que 60% dos jovens americanos usam streaming online como principal forma de assistir TV.,0,newsmet,gemma3,prompt2,1.0,1.0363,0.9006,0.979,Q1
1298,Seattle Mayor Steps Down Following Fifth Allegation Of Child Sex Abuse,Prefeito de Seattle renuncia após quinta acusação de abuso sexual infantil.,0,newsmet,gemini,prompt2,1.0,1.0265,0.9106,0.979,Q1
1404,"Country Music Association Tells Journalists Not to Talk About Guns, Politics or Las Vegas","A Associação de Música Country pede aos jornalistas que não falem sobre armas, política ou Las Vegas.",0,newsmet,gemini,prompt2,1.0,1.0256,0.9112,0.9789,Q1
1157,Texas sheriff threatens criminal charges for driver of a truck with ‘F*ck Trump’ sticker,"Xerife do Texas ameaça acusar criminalmente o condutor de um camião com um adesivo ""F*ck Trump""",0,newsmet,gemmaX,sem_prompt,0.9995,0.9976,0.9395,0.9789,Q1
2240,White supremacist terrorists are protected from the laws that affect Islamic terrorists,Terroristas supremacistas brancos são protegidos das leis que afetam terroristas islâmicos.,0,newsmet,gemini,prompt2,1.0,0.9952,0.9414,0.9789,Q1
2352,The CIA is Conducting a Massive Psy-Op Against Americans,A CIA está conduzindo uma enorme operação psicológica contra os americanos.,0,newsmet,gpt,prompt2,1.0,1.0354,0.9011,0.9788,Q1
1365,Trumps Spend $$5 Million Less Than Obamas on White House Salaries,Os Trumps gastaram 5 milhões de dólares a menos que os Obamas em salários na Casa Branca.,0,newsmet,gemma3,prompt2,1.0,1.0355,0.9008,0.9788,Q1
2116,"Besides Uber, Japanese Giant SoftBank Owns These 16 Silicon Valley Startups","Além da Uber, a gigante japonesa SoftBank detém estas 16 startups do Vale do Silício",0,newsmet,gemmaX,sem_prompt,1.0,0.9843,0.952,0.9788,Q1
535,Donna Brazile reveals the extent of Hillary Clinton corruption at the DNC,Donna Brazile revela a extensão da corrupção de Hillary Clinton no DNC,0,newsmet,gemmaX,sem_prompt,1.0,0.9929,0.9434,0.9788,Q1
503,Authorities Arrest Four in India for ‘Game of Thrones’ Leaks,"Autoridades prendem quatro na Índia por vazamentos de 'Game of Thrones'.
",0,newsmet,gemini,prompt2,1.0,0.9966,0.9396,0.9788,Q1
2344,BOOM: Byron York explains the FusionGPS story and predicts the next big question,BOOM: Byron York explica a história da FusionGPS e prevê a próxima grande questão,0,newsmet,gemmaX,sem_prompt,0.9898,1.0005,0.9458,0.9787,Q1
482,Jim Fetzer: “Jeff Rense Fired Me for This Show”,Jim Fetzer: “Jeff Rense me demitiu por causa desse programa”,0,newsmet,gemmaX,sem_prompt,1.0,1.0193,0.917,0.9787,Q1
481,Trump family to spend Christmas in their secret lair under volcano,Família Trump vai passar o Natal num esconderijo secreto sob um vulcão,0,newsmet,gemmaX,sem_prompt,0.9912,1.002,0.943,0.9787,Q1
1000,Pope hopes Trump will ‘rethink’ DACA decision on pro-life grounds,Papa espera que Trump 'repense' decisão sobre DACA por motivos pró-vida.,0,newsmet,gemini,prompt2,0.9912,0.9917,0.9529,0.9786,Q1
390,"It makes sense for progressives to go after Trump voters, too",Faz sentido para os progressistas irem atrás dos eleitores de Trump também,0,newsmet,gemmaX,sem_prompt,1.0,0.9562,0.9797,0.9786,Q1
885,The Verge is now livestreaming “Circuit Breaker” on Twitter,"O Verge está agora transmitindo ao vivo ""Circuit Breaker"" no Twitter.",0,newsmet,gpt,prompt2,1.0,0.9985,0.9373,0.9786,Q1
676,Small farmers who voted for Trump are suing him for taking away Obama-era protections,"Pequenos agricultores que votaram em Trump estão processando-o por retirar proteções da era Obama.
",0,newsmet,gemini,prompt2,1.0,0.984,0.9519,0.9786,Q1
1394,The Kurds Want A “Federal” Regime Change In Syria,"Os curdos querem uma mudança de regime ""federal"" na Síria.",0,newsmet,gemini,prompt2,1.0,1.0197,0.9162,0.9786,Q1
1097,Justin Bieber cancels tour to have sustainable career and lifestyle,Justin Bieber cancela turnê para ter uma carreira e estilo de vida sustentáveis.,0,newsmet,gpt,prompt2,1.0,0.9876,0.9478,0.9785,Q1
1876,Travel ban could be revised to tackle possible terror attacks,Proibição de viagens pode ser revista para combater possíveis ataques terroristas,0,newsmet,gemmaX,sem_prompt,1.0,0.9873,0.9481,0.9785,Q1
2130,Even old Samsung phones are beating out the iPhone 8,Até mesmo telefones Samsung antigos estão superando o iPhone 8.,0,newsmet,gemma3,prompt2,0.9912,1.0137,0.9304,0.9784,Q1
218,Proposed legal immigration limits draw strong criticism from US bishops,Limites propostos para imigração legal atraem fortes críticas dos bispos dos EUA.,0,newsmet,gpt,prompt2,1.0,1.0011,0.934,0.9784,Q1
1205,The Elite Are Doing Their All To Ensure Americans Only Have Fake News,A elite está fazendo de tudo para garantir que os americanos só tenham notícias falsas.,0,newsmet,gemini,prompt2,1.0,1.0363,0.8989,0.9784,Q1
1907,"Photogallery - Derrick Rose tried to recruit LeBron, Wade, Bosh to Chicago in 2010","Galeria de fotos - Derrick Rose tentou recrutar LeBron, Wade e Bosh para Chicago em 2010.",0,newsmet,gemini,prompt2,0.9909,0.991,0.9529,0.9783,Q1
2278,Senate Intelligence Committee Is Reportedly Investigating Jill Stein Over Russia Ties,O Comitê de Inteligência do Senado está supostamente investigando Jill Stein por ligações com a Rússia.,0,newsmet,gemma3,prompt2,1.0,1.0158,0.9192,0.9783,Q1
1846,Texas Clinics Offer ‘No-Cost Abortions’ for Victims of Hurricane Harvey,"Clínicas do Texas oferecem ""abortos gratuitos"" para vítimas do furacão Harvey",0,newsmet,gemmaX,sem_prompt,1.0,1.0486,0.8861,0.9783,Q1
758,President Bannon Thanks You For Your Service! PS We're Deporting the Haitians,O Presidente Bannon agradece pelo seu serviço! P.S. Estamos deportando os haitianos.,0,newsmet,gemma3,prompt2,1.0,1.0147,0.9203,0.9783,Q1
582,Death of 2 State Troopers Adds Another Layer of Tragedy in Charlottesville,"Morte de 2 policiais estaduais adiciona outra camada de tragédia em Charlottesville.
",0,newsmet,gemini,prompt2,1.0,1.0094,0.9255,0.9783,Q1
201,Elizabeth Warren Attacks Neil Gorsuch’s Ties to Koch Network,Elizabeth Warren ataca os laços de Neil Gorsuch com a rede Koch,0,newsmet,gemmaX,sem_prompt,1.0,1.0074,0.9273,0.9782,Q1
1084,Halloween Terror 2017 has changed the future of 'Overwatch' loot boxes forever,"O Halloween Terror 2017 mudou para sempre o futuro das caixas de loot de ""Overwatch""",0,newsmet,gemmaX,sem_prompt,1.0,0.996,0.9385,0.9782,Q1
714,Lavar Ball Discusses His Son Getting Arrested In China,"Lavar Ball discute a prisão de seu filho na China.
",0,newsmet,gemini,prompt2,0.9912,1.0648,0.8783,0.9781,Q1
564,"Gretchen Carlson Reveals New Sexual Harassment Claims, Encourages Other Women to Speak Up",Gretchen Carlson revela novas denúncias de assédio sexual e encoraja outras mulheres a se manifestarem.,0,newsmet,gpt,prompt2,1.0,1.0313,0.9031,0.9781,Q1
1170,Watch EyeSwoon’s Athena Calderone Make Her Favorite Fall Recipe,"Assista Athena Calderone, do EyeSwoon, preparar sua receita favorita de outono.",0,newsmet,gemini,prompt2,1.0,1.0292,0.905,0.9781,Q1
689,Wells Fargo May Have Found More Fake Accounts Created by Employees,Wells Fargo pode ter encontrado mais contas falsas criadas por funcionários,0,newsmet,gemmaX,sem_prompt,1.0,0.9988,0.9356,0.9781,Q1
614,Dragon Ball Super' reveals Goku's new form in a dramatic way,"""Dragon Ball Super"" revela a nova forma de Goku de maneira dramática.",0,newsmet,gpt,prompt2,1.0,0.9873,0.9471,0.9781,Q1
2587,Midpoint Holdings Ltd chief now has around 14% of share capital,O diretor da Midpoint Holdings Ltd agora possui cerca de 14% do capital social.,0,newsmet,gemma3,prompt2,1.0,1.0146,0.9196,0.9781,Q1
1644,"Trump's Bombing Campaign In Middle East Has Already Killed At Least 2,200 Civilians",A campanha de bombardeio de Trump no Oriente Médio já matou pelo menos 2.200 civis.,0,newsmet,gpt,prompt2,1.0,1.0353,0.8985,0.978,Q1
928,Manafort accused of lying to bankruptcy court — by his own son-in-law,Manafort acusado de mentir ao tribunal de falências — pelo seu próprio genro,0,newsmet,gemmaX,sem_prompt,0.9996,0.9634,0.971,0.978,Q1
1325,The Nation Hates Thanksgiving More Than Ever This Year,A Nação odeia o Dia de Ação de Graças mais do que nunca este ano,0,newsmet,gemmaX,sem_prompt,1.0,1.0042,0.9298,0.978,Q1
240,"Alan Sagner, Who Revitalized the Port Authority, Dies at 97","Alan Sagner, que revitalizou a Autoridade Portuária, morre aos 97 anos",0,newsmet,gemmaX,sem_prompt,1.0,0.981,0.9529,0.978,Q1
566,Photogallery - LeBron James ties yet another Michael Jordan record,Fotogaleria - LeBron James iguala mais um recorde de Michael Jordan,0,newsmet,gemmaX,sem_prompt,0.9866,1.0062,0.9411,0.978,Q1
1482,‘Game of Thrones’ deleted this important scene in Season 7 finale,"""Game of Thrones"" deletou esta cena importante no final da 7ª temporada.
",0,newsmet,gemma3,prompt2,1.0,1.0052,0.9285,0.9779,Q2
312,Former Auburn University professor turned priest busted in massive Alabama child porn sting,"Ex-professor da Universidade de Auburn, agora sacerdote, preso em grande operação de pornografia infantil no Alabama",0,newsmet,gemmaX,sem_prompt,0.9966,1.0243,0.9129,0.9779,Q2
2025,Russia's Data Access Means US Must Rethink Cybersecurity — Now,"""O acesso a dados da Rússia significa que os EUA devem repensar a cibersegurança — agora.""",0,newsmet,gpt,prompt2,1.0,1.003,0.9307,0.9779,Q2
50,How Pentagon Officials May Have Encouraged a 2009 Coup in Honduras,Como autoridades do Pentágono podem ter encorajado um golpe de 2009 em Honduras,0,newsmet,gemmaX,sem_prompt,1.0,1.0044,0.9294,0.9779,Q2
2221,Kentuckians bring first suit against Trump's Medicaid work requirements,Kentuckianos entram com a primeira ação judicial contra os requisitos de trabalho do Medicaid de Trump.,0,newsmet,gemma3,prompt2,1.0,0.9899,0.9437,0.9779,Q2
2366,Liberty University president praises Trump for 'truthful' Charlottesville remarks on Twitter,"Presidente da Liberty University elogia Trump por comentários ""verdadeiros"" sobre Charlottesville no Twitter",0,newsmet,gemmaX,sem_prompt,1.0,0.9875,0.9463,0.9779,Q2
483,"Canada probes ‘act of terrorism’ as five injured, suspect arrested","Canadá investiga ""ato de terrorismo"" após cinco feridos e prisão de suspeito",0,newsmet,gemmaX,sem_prompt,0.9869,1.0151,0.9315,0.9778,Q2
125,Hedge Funds Pouring Cash into Silver and Gold! (Video),"Fundos de hedge injetando dinheiro em prata e ouro! (Vídeo)
",0,newsmet,gemma3,prompt2,0.9999,1.0076,0.9259,0.9778,Q2
883,Truman Put Nukes In Guam And Gave The Order To Nuke North Korea,Truman colocou bombas nucleares em Guam e deu a ordem para bombardear a Coreia do Norte,0,newsmet,gemmaX,sem_prompt,1.0,1.0547,0.8787,0.9778,Q2
293,"José Molina, 81, Who Brought Spanish Dance to U.S. Audiences, Dies","José Molina, 81 anos, que trouxe a dança espanhola para o público dos EUA, morre",0,newsmet,gemmaX,sem_prompt,1.0,1.017,0.9161,0.9777,Q2
1367,Bob Marley Comes Alive in This Collection of Interviews With the People Who Knew Him Best,Bob Marley ganha vida nesta coleção de entrevistas com as pessoas que o conheceram melhor.,0,newsmet,gemma3,prompt2,1.0,1.0551,0.8778,0.9776,Q2
879,White nationalist rally: Obama quotes Nelson Mandela's 'Long Walk to freedom',"Comício de nacionalistas brancos: Obama cita ""Long Walk to Freedom"" de Nelson Mandela",0,newsmet,gemmaX,sem_prompt,0.986,0.9893,0.9574,0.9776,Q2
254,Cernovich Promises to Expose Top Democrat Accused of Sexual Harassment Tonight,Cernovich promete expor hoje um democrata de topo acusado de assédio sexual,0,newsmet,gemmaX,sem_prompt,1.0,1.0305,0.902,0.9775,Q2
416,The Dating Advice Elite Matchmaker Sameera Sullivan Gives All Her Clients,O conselho de namoro que a Matchmaker Elite Sameera Sullivan dá a todos os seus clientes,0,newsmet,gemmaX,sem_prompt,1.0,1.051,0.8815,0.9775,Q2
230,Police Chief Association blasts Trump for encouraging Police brutality,Associação de Chefes de Polícia critica Trump por encorajar brutalidade policial.,0,newsmet,gemma3,prompt2,1.0,0.9919,0.9406,0.9775,Q2
2106,16 Year Old Autistic Teen Offers Some Incredible Insight About Life,Um adolescente autista de 16 anos oferece uma visão incrível sobre a vida,0,newsmet,gemmaX,sem_prompt,1.0,1.0523,0.8797,0.9774,Q2
2062,How Far Infrared Rays Can Totally Change Your Life (and Health),Como os raios infravermelhos podem mudar totalmente a sua vida (e saúde),0,newsmet,gemmaX,sem_prompt,1.0,1.0127,0.9195,0.9774,Q2
1326,Police chiefs association refutes Trump’s speech that endorsed officer brutality,Associação de chefes de polícia refuta discurso de Trump que apoiava a brutalidade policial,0,newsmet,gemmaX,sem_prompt,1.0,0.9854,0.9463,0.9772,Q2
721,Jennifer Garner Reportedly Warned Lindsay Shookus About Ben Affleck,"Jennifer Garner teria alertado Lindsay Shookus sobre Ben Affleck.
",0,newsmet,gemini,prompt2,0.9912,1.029,0.9113,0.9772,Q2
2431,Switch expected to outsell Wii U within a year,Switch deverá ultrapassar as vendas da Wii U no prazo de um ano,0,newsmet,gemmaX,sem_prompt,1.0,0.9949,0.9368,0.9772,Q2
1354,Photogallery - Sony is reducing the prices of its PlayStation VR bundles,Galeria de fotos - Sony está reduzindo os preços de seus pacotes PlayStation VR.,0,newsmet,gemma3,prompt2,0.9912,1.012,0.9283,0.9772,Q2
2486,"Why the U.S. Needs a Federal Jobs Program, Not Payouts","Por que os EUA precisam de um programa federal de empregos, não de pagamentos diretos",0,newsmet,gemini,prompt2,1.0,1.0452,0.8862,0.9771,Q2
2082,Stephen Curry thinks the Boston Celtics could make the NBA Finals,Stephen Curry acha que o Boston Celtics pode chegar às Finais da NBA.,0,newsmet,gpt,prompt2,1.0,0.9909,0.9404,0.9771,Q2
2286,"Afghanistan, Trump indicated a troop surge but number and role not specified","Afeganistão, Trump indicou um aumento de tropas, mas o número e o papel não foram especificados",0,newsmet,gemmaX,sem_prompt,1.0,0.9983,0.933,0.9771,Q2
716,Making It Relevant: Helping Students Connect Their Studies to the World Today,Tornando-o Relevante: Ajudando os Alunos a Conectar seus Estudos ao Mundo de Hoje,0,newsmet,gemmaX,sem_prompt,1.0,0.9869,0.9442,0.977,Q2
2469,Tropical Storm Nate Expected to Hit Gulf Coast as a Hurricane,Espera-se que a tempestade tropical Nate atinja a Costa do Golfo como um furacão,0,newsmet,gemmaX,sem_prompt,1.0,1.0189,0.9122,0.977,Q2
2405,Ukraine refused to change the language article of the law on education,A Ucrânia se recusou a alterar o artigo sobre língua na lei de educação.,0,newsmet,gemma3,prompt2,0.9986,1.0408,0.8915,0.977,Q2
705,Even America is ignoring their President Donald Trump Climate Change,Até mesmo a América está ignorando seu Presidente Donald Trump sobre a Mudança Climática.,0,newsmet,gpt,prompt2,0.9911,1.0439,0.896,0.977,Q2
2064,Washington Should Take Note of Chinese Advancement in Brazil,Washington deve tomar nota do avanço chinês no Brasil,0,newsmet,gemmaX,sem_prompt,1.0,1.0203,0.9107,0.977,Q2
669,Women quit their jobs in Google due to workplace culture,Mulheres deixaram seus empregos no Google devido à cultura do ambiente de trabalho.,0,newsmet,gpt,prompt2,1.0,0.9997,0.9309,0.9769,Q2
547,Berkshire Hathaway Makes a $9 Billion Bid for Energy Future Holdings,A Berkshire Hathaway faz uma oferta de 9 bilhões de dólares pela Energy Future Holdings.,0,newsmet,gpt,prompt2,1.0,1.0051,0.9256,0.9769,Q2
2528,Nevada rancher Cliven Bundy violated law in 2014 armed standoff: prosecutor,"Rancheiro de Nevada, Cliven Bundy, violou a lei em confronto armado em 2014: procurador",0,newsmet,gemmaX,sem_prompt,0.9998,1.013,0.918,0.9769,Q2
1054,‘Family Guy’ Predicted the Kevin Spacey Scandal Way Back in 2005,“Family Guy” previu o escândalo de Kevin Spacey em 2005,0,newsmet,gemmaX,sem_prompt,1.0,1.0437,0.8871,0.9769,Q2
537,"Undercover video exposes violent plans at Antifa event: Threats, weapons, and violence abound","Vídeo secreto expõe planos violentos em evento de Antifa: Ameaças, armas e violência abundam.",0,newsmet,gemma3,prompt2,0.9892,0.9987,0.9429,0.9769,Q2
1274,Photogallery - #WhiteWednesday is taking over social media as women in Iran protest,Fotogaleria - #WhiteWednesday está a dominar as redes sociais enquanto as mulheres no Irão protestam,0,newsmet,gemmaX,sem_prompt,1.0,0.9566,0.974,0.9769,Q2
2302,Why Five States Have Raised The Age For Buying Tobacco (VIDEO),Por que cinco estados aumentaram a idade para comprar tabaco (VÍDEO),0,newsmet,gemmaX,sem_prompt,0.9884,1.0291,0.9128,0.9768,Q2
1853,"Egypt: Christians pelted with rocks, four churches closed as government treats prayer “as a crime”","Egito: Cristãos atacados com pedras, quatro igrejas fechadas enquanto o governo trata a oração “como um crime”",0,newsmet,gemmaX,sem_prompt,1.0,0.9812,0.9492,0.9768,Q2
767,Business Owner Was Never Convicted. But Police Kept 130 Of His Computers Anyway,"O dono da empresa nunca foi condenado. Mas a polícia reteve 130 de seus computadores de qualquer maneira.
",0,newsmet,gemini,prompt2,1.0,1.0363,0.8937,0.9767,Q2
1672,Newt Gingrich: Mueller's Law Firm Gave 99.81% of its Campaign Contributions to Hillary Clinton (VIDEO),"Newt Gingrich: Escritório de advocacia de Mueller doou 99,81% de suas contribuições de campanha para Hillary Clinton (VÍDEO)",0,newsmet,gemini,prompt2,1.0,1.0212,0.9086,0.9766,Q2
76,Pokemon Go' APK update reveals major boost to 'Pokemon Go Plus device,"A atualização do APK do Pokemon Go revela um grande impulso para o dispositivo ""Pokemon Go Plus""",0,newsmet,gemmaX,sem_prompt,1.0,0.9901,0.9395,0.9765,Q2
1014,Centrist Florida Senator Nelson Refuses to Support Removal of Confederate Monuments.,"Senador centrista da Flórida, Nelson, se recusa a apoiar a remoção de monumentos confederados.",0,newsmet,gemini,prompt2,0.9912,1.027,0.911,0.9764,Q2
916,Jimmy Kimmel and Son Billy Make an Emotional Appeal to Fund the Children's Health Program...Now.,Jimmy Kimmel e o filho Billy fazem um apelo emocional para financiar o Programa de Saúde Infantil... Agora.,0,newsmet,gpt,prompt2,1.0,1.0092,0.9201,0.9764,Q2
1258,Total Insanity! North Korea Announces Nuclear Sneak Attack Plan (Video),Total insanidade! A Coreia do Norte anuncia plano de ataque nuclear surpresa (Vídeo),0,newsmet,gpt,prompt2,0.9983,1.0008,0.9301,0.9764,Q2
1210,Disney Said to Be Nearing a Deal With 21st Century Fox,Disney está perto de fechar acordo com a 21st Century Fox,0,newsmet,gemmaX,sem_prompt,1.0,1.0131,0.9161,0.9764,Q2
2138,"Leonardo da Vinci Painting Sells for $450.3 Million, Shattering Auction Highs","Pintura de Leonardo da Vinci é vendida por US$ 450,3 milhões, quebrando recordes de leilão.",0,newsmet,gemma3,prompt2,1.0,1.0338,0.8955,0.9764,Q2
620,A Federal Regulator Is Probing Wells Fargo’s Mortgage Practices,"Um regulador federal está investigando as práticas hipotecárias do Wells Fargo.
",0,newsmet,gemini,prompt2,1.0,1.0249,0.9044,0.9764,Q2
882,"Eduardo del Río, Cartoonist Who Mocked Politics and Religion, Dies at 83","Eduardo del Río, cartunista que zombava da política e da religião, morre aos 83 anos.
",0,newsmet,gemini,prompt2,0.9912,1.0174,0.9205,0.9764,Q2
1581,Chicago Cubs coaching staff expected to lose Dave Martinez,A equipe de treinadores do Chicago Cubs deve perder Dave Martinez.,0,newsmet,gpt,prompt2,1.0,1.0068,0.922,0.9763,Q2
1756,House Republican Cuts to Nutrition Assistance Would Harm Families in Every State,Os cortes republicanos na assistência nutricional prejudicariam famílias em todos os estados.,0,newsmet,gemma3,prompt2,1.0,1.0265,0.9024,0.9763,Q2
1267,Christendom can be absurd these days; Roy Moore case beats all,"""A cristandade pode ser absurda nos dias de hoje; o caso Roy Moore supera tudo.""",0,newsmet,gpt,prompt2,1.0,0.999,0.9298,0.9763,Q2
1773,"People Died in Red Bluff, California and There are No Easy Solutions","Pessoas morreram em Red Bluff, Califórnia, e não há soluções fáceis.",0,newsmet,gpt,prompt2,1.0,1.0102,0.9188,0.9763,Q2
2585,WATCH LIVE: Donald Trump discusses tax reform in North Dakota speech,ASSISTA AO VIVO: Donald Trump discute reforma tributária em discurso no Dakota do Norte.,0,newsmet,gemma3,prompt2,1.0,0.9857,0.9429,0.9762,Q2
139,Natural Wine Movement Finds a Lively Hub in Copenhagen,"O movimento do vinho natural encontra um centro vibrante em Copenhague.
",0,newsmet,gemma3,prompt2,1.0,1.0441,0.8845,0.9762,Q2
453,"""Why are We Talking about Tax Cuts when We Should Be Talking Treason!""","""Por que estamos falando sobre cortes de impostos quando deveríamos estar falando sobre traição!""
",0,newsmet,gemini,prompt2,0.9961,1.0276,0.9049,0.9762,Q2
2159,‘O Canada’ Will Become Gender Neutral With New Lyrics,“O Canada” será neutro em termos de género com novas letras,0,newsmet,gemmaX,sem_prompt,0.9808,1.0512,0.8967,0.9762,Q2
2215,Trump Administration Says States May Impose Work Requirements for Medicaid,Administração Trump diz que os estados podem impor requisitos de trabalho para o Medicaid,0,newsmet,gemmaX,sem_prompt,1.0,1.0104,0.9181,0.9761,Q2
1300,Corrupt Politicians Make Way for Muslims to Attack America +Videos,Políticos corruptos abrem caminho para os muçulmanos atacarem a América + Vídeos,0,newsmet,gemmaX,sem_prompt,1.0,1.0035,0.9249,0.9761,Q2
556,"This November, Pennsylvania Democrats flipped offices for first time since 1799","Em novembro, os democratas da Pensilvânia conquistaram cargos pela primeira vez desde 1799.",0,newsmet,gemma3,prompt2,1.0,1.041,0.8874,0.9761,Q2
1599,Big Government and Environmentalists Are Causing Massive Fires in Western States,"""O Grande Governo e os Ambientalistas Estão Causando Incêndios Massivos nos Estados Ocidentais.""",0,newsmet,gpt,prompt2,0.9912,0.9959,0.9412,0.9761,Q2
1708,Photogallery - Halloween Terror 2017 has changed the future of 'Overwatch' loot boxes,Galeria de fotos - O Halloween Terror 2017 mudou o futuro das caixas de loot de 'Overwatch',0,newsmet,gemmaX,sem_prompt,1.0,1.002,0.9262,0.9761,Q2
1461,Right-wing groups are waging online campaign against new Star Wars films because ... too many women,Grupos de direita estão a travar uma campanha online contra os novos filmes de Star Wars porque... há demasiadas mulheres,0,newsmet,gemmaX,sem_prompt,1.0,0.992,0.936,0.976,Q2
2234,How Much Can the Youth Vote Actually Help Democrats?,"""Quanto o voto da juventude pode realmente ajudar os democratas?""",0,newsmet,gpt,prompt2,1.0,1.0035,0.9245,0.976,Q2
2437,Ellen DeGeneres' birthday greeting to Katy Perry received Twitter backlash,A mensagem de feliz aniversário de Ellen DeGeneres para Katy Perry gerou críticas no Twitter.,0,newsmet,gemma3,prompt2,1.0,0.9982,0.9298,0.976,Q2
865,"Pope Urges End to Venezuela Violence, Prays for Victims",Papa pede fim da violência na Venezuela e reza pelas vítimas,0,newsmet,gemmaX,sem_prompt,1.0,1.0147,0.9133,0.976,Q2
1413,America Cannot Afford to Have Afghanistan Become the New Vietnam,Os EUA não podem permitir que o Afeganistão se torne o novo Vietname,0,newsmet,gemmaX,sem_prompt,1.0,1.0231,0.905,0.976,Q2
24,"Bitcoin Price Will Hit $1 Million, Says Social Capital Founder","Preço do Bitcoin atingirá US$ 1 milhão, diz fundador da Social Capital",0,newsmet,gemmaX,sem_prompt,1.0,0.9932,0.9348,0.976,Q2
1303,Vatican Urges Online Protections for Kids amid Porn Scandal,Vaticano pede proteção online para crianças em meio a escândalo de pornografia.,0,newsmet,gpt,prompt2,0.9992,1.0057,0.9227,0.9759,Q2
1285,Dear Trump Supporters: Look What LeBron James Just Called YOU,Queridos apoiantes de Trump: vejam o que LeBron James acabou de dizer sobre vocês,0,newsmet,gemmaX,sem_prompt,0.9948,1.0473,0.8857,0.9759,Q2
1954,You Can Buy Pat McGrath Makeup on Maggie Lindemann’s Spotify Channel,Pode comprar maquilhagem Pat McGrath no canal Spotify de Maggie Lindemann,0,newsmet,gemmaX,sem_prompt,1.0,1.0007,0.9268,0.9759,Q2
196,Ron Insana: Gun Makers Must Be Held Liable for Every Massacre,Ron Insana: Fabricantes de armas devem ser responsabilizados por cada massacre.,0,newsmet,gemma3,prompt2,1.0,1.0116,0.9162,0.9759,Q2
2030,"Food has a major impact on getting pregnant faster, study says","A alimentação tem grande impacto para engravidar mais rápido, diz estudo.",0,newsmet,gemini,prompt2,1.0,0.9802,0.9472,0.9758,Q2
1647,‘UNACCEPTABLE’ Fleitz warns Russian money behind North Korean missile tests,“INACEITÁVEL” Fleitz alerta para o financiamento russo por trás dos testes de mísseis da Coreia do Norte,0,newsmet,gemmaX,sem_prompt,1.0,0.9978,0.9296,0.9758,Q2
329,"As Texas reels from Harvey, Trump may tear DACA from 120,000 immigrant youth in the state","Enquanto o Texas se recupera de Harvey, Trump pode acabar com o DACA para 120.000 jovens imigrantes no estado.",0,newsmet,gemma3,prompt2,1.0,1.0173,0.9102,0.9758,Q2
1162,"Trump has decided to end DACA, with 6-month delay","Trump decidiu encerrar o DACA, com um atraso de 6 meses.",0,newsmet,gpt,prompt2,1.0,0.9858,0.9412,0.9757,Q2
1620,House Republicans Release Secret Memo Accusing Russia Investigators of Bias,Republicanos da Câmara divulgam memorando secreto acusando investigadores russos de parcialidade,0,newsmet,gemmaX,sem_prompt,0.9985,1.002,0.9265,0.9757,Q2
376,"Trump Campaign Raises $$11.6 Million, Spends $$1 Million on Legal Fees","Campanha de Trump arrecada US$ 11,6 milhões, gasta US$ 1 milhão em honorários legais.",0,newsmet,gemma3,prompt2,0.9979,1.0219,0.9072,0.9757,Q2
2428,Photogallery - Can Dominic Thiem be considered a title contender at the 2017 US Open?,Fotogaleria - Dominic Thiem pode ser considerado um candidato ao título no US Open de 2017?,0,newsmet,gemmaX,sem_prompt,0.9967,0.966,0.9645,0.9757,Q2
947,Google employees plotted with Antifa terror groups to wage violent revolution to overthrow President Trump,"Funcionários do Google conspiraram com grupos terroristas Antifa para promover uma revolução violenta para derrubar o presidente Trump.
",0,newsmet,gemini,prompt2,1.0,0.9859,0.9409,0.9756,Q2
2479,Anybody want to help NY Times answer this Q about Bowe Bergdahl’s ‘legal fortunes’?,"Alguém quer ajudar o NY Times a responder a esta pergunta sobre a ""situação legal"" de Bowe Bergdahl?",0,newsmet,gemini,prompt2,1.0,1.0303,0.8964,0.9756,Q2
2329,"WaPo: Trump’s business sought deal on a Trump Tower in Moscow, while he ran for president","WaPo: Os negócios de Trump buscaram um acordo para uma Trump Tower em Moscou, enquanto ele concorria à presidência.",0,newsmet,gemma3,prompt2,1.0,1.0023,0.9245,0.9756,Q2
1721,These Democrats can make Virginia history and bring much-needed progressive views to the statehouse,Esses democratas podem fazer história na Virgínia e trazer perspectivas progressistas muito necessárias para a assembleia legislativa do estado.,0,newsmet,gemma3,prompt2,1.0,0.9808,0.946,0.9756,Q2
2253,Facebook says Russian-based operation spent $$150K on ads leading up to 2016 election: report,O Facebook diz que operação com sede na Rússia gastou US$ 150 mil em anúncios antes da eleição de 2016: relatório.,0,newsmet,gemma3,prompt2,0.9835,0.9987,0.9444,0.9755,Q2
1046,"Days of Our Lives' spoilers: Ben returns, reveals stunning news about Will",Days of Our Lives: Ben regressa e revela notícias surpreendentes sobre Will,0,newsmet,gemmaX,sem_prompt,0.9913,1.0274,0.9078,0.9755,Q2
884,O’Reilly Case Shows The Corporate Complicity in Workplace Abuse,Caso O’Reilly mostra a cumplicidade corporativa no abuso no local de trabalho,0,newsmet,gemmaX,sem_prompt,1.0,1.0063,0.9201,0.9755,Q2
1663,Israel's Netanyahu Expresses Hope for US Peace Push in Middle East,Netanyahu de Israel expressa esperança por iniciativa de paz dos EUA no Oriente Médio.,0,newsmet,gemini,prompt2,0.9912,1.0272,0.9081,0.9755,Q2
1891,Garbine Muguruza crushes Venus Williams in the 2017 Wimbledon women's final,Garbiñe Muguruza derrota Venus Williams na final feminina de Wimbledon 2017.,0,newsmet,gpt,prompt2,0.9986,1.0278,0.8998,0.9754,Q2
1896,BREAKING NEWS About The CLINTON FOUNDATION… We KNEW IT!!,NOTÍCIAS DE ÚLTIMA HORA SOBRE A CLINTON FOUNDATION... SABÍAMOS!!,0,newsmet,gemmaX,sem_prompt,0.9991,0.9851,0.9421,0.9754,Q2
1349,1824: Congress decides outcome of presidential election on this day in history,1824: O Congresso decide o resultado da eleição presidencial neste dia da história.,0,newsmet,gemma3,prompt2,1.0,0.9762,0.95,0.9754,Q2
2275,Donald Trump Jr. Demands Leak Inquiry of House Intelligence Committee,Donald Trump Jr. exige investigação sobre vazamentos do Comitê de Inteligência da Câmara.,0,newsmet,gpt,prompt2,1.0,1.034,0.8922,0.9754,Q2
229,Trump set to open $1 billion US Embassy in London,"Trump está prestes a inaugurar a embaixada dos EUA em Londres, avaliada em 1 bilhão de dólares.",0,newsmet,gpt,prompt2,1.0,1.0444,0.8817,0.9754,Q2
2404,"Forget Tesla EV, Ariel has one big powerful electric supercar coming","Esqueça o Tesla EV, a Ariel tem um supercarro elétrico grande e poderoso vindo.",0,newsmet,gemma3,prompt2,1.0,1.0011,0.925,0.9753,Q2
1920,People Are Destroying Their Keurig Coffee Makers in Bizarre Show of Support for Sean Hannity,"""As pessoas estão destruindo suas máquinas de café Keurig em um estranho ato de apoio a Sean Hannity.""",0,newsmet,gpt,prompt2,0.9978,1.0619,0.8663,0.9753,Q2
1541,Inez Barron Wants to Become the First Black NYC Council Speaker,Inez Barron quer ser a primeira presidente negra da Câmara Municipal de Nova York.,0,newsmet,gemma3,prompt2,0.9851,1.047,0.8939,0.9753,Q2
404,WATCH LIVE: President Donald Trump unveils Afghanistan strategy in address to nation,ASSISTIR AO VIVO: O Presidente Donald Trump revela a estratégia para o Afeganistão num discurso à nação,0,newsmet,gemmaX,sem_prompt,0.9979,0.9883,0.9395,0.9752,Q2
546,"He Puts Bill Maher on TV, and Jefferson, Dickens and Tolstoy on Stage","Ele coloca Bill Maher na televisão e Jefferson, Dickens e Tolstói no palco.
",0,newsmet,gemma3,prompt2,1.0,0.9864,0.9393,0.9752,Q2
2446,The Plaza Loses Its Luster as a Real Estate Investment,O Plaza perde seu brilho como investimento imobiliário.,0,newsmet,gemini,prompt2,0.998,1.0148,0.9129,0.9752,Q2
2055,FLOTUS Sends Out Well Wishes to Hurricane Irma Victims,FLOTUS envia votos de melhoras às vítimas do furacão Irma,0,newsmet,gemmaX,sem_prompt,1.0,0.9876,0.9379,0.9752,Q2
2368,"Trump's health secretary has spent more than $$300,000 on private plane flights since May",O secretário de saúde de Trump gastou mais de 300.000 dólares em voos de avião particular desde maio.,0,newsmet,gemma3,prompt2,1.0,0.9812,0.9444,0.9752,Q2
2374,Experts Are Calling This Newly Discovered Roman Town in France a ‘Little Pompeii’,Especialistas estão chamando esta recém-descoberta cidade romana na França de 'Pequena Pompéia'.,0,newsmet,gpt,prompt2,0.9988,1.007,0.9198,0.9752,Q2
964,Australia imposes new checks for arrivals from Gulf emirates,Austrália impõe novas verificações para chegadas de emirados do Golfo.,0,newsmet,gemma3,prompt2,1.0,0.9561,0.9692,0.9751,Q2
1796,"Turner Prize Goes to Lubaina Himid, Whose Work Depicts African Diaspora","Prêmio Turner vai para Lubaina Himid, cujos trabalhos retratam a diáspora africana.",0,newsmet,gpt,prompt2,1.0,1.0152,0.9102,0.9751,Q2
649,US Republicans seek special counsel’s removal from Russia probe,Republicanos dos EUA buscam a remoção de um procurador especial da investigação sobre a Rússia.,0,newsmet,gemma3,prompt2,1.0,1.0085,0.9168,0.9751,Q2
1192,Report: Comey's Memos on Trump Conversations Contained Classified Info,Relatório: Os memorandos de Comey sobre conversas com Trump continham informações classificadas.,0,newsmet,gpt,prompt2,1.0,1.0062,0.9192,0.9751,Q2
316,"In Catalonia, a Church Becomes a Place of Artistic Pilgrimage","Na Catalunha, uma igreja se torna um lugar de peregrinação artística.",0,newsmet,gpt,prompt2,1.0,0.992,0.933,0.975,Q2
324,"Manchester City 3, Burnley 0, Aguero marked his 177th EPL goal with a penalty","Manchester City 3, Burnley 0, Agüero marcou seu 177º gol na Premier League com um pênalti.",0,newsmet,gemma3,prompt2,1.0,1.0249,0.9002,0.975,Q2
1895,Gay Escort Found Dead of Meth Overdose at Home of Top Democrat Donor,Escort gay encontrado morto por overdose de metanfetamina na casa de um importante doador democrata,0,newsmet,gemmaX,sem_prompt,0.9985,1.0214,0.9051,0.975,Q2
1745,Crooked Clinton Foundation Won't Return ONE PENNY of Harvey Weinstein Donations,Fundação Clinton Desonesta Não Devolverá UM CENTAVO das Doações de Harvey Weinstein.,0,newsmet,gemini,prompt2,0.9828,1.0028,0.9393,0.975,Q2
1245,We Fought a War of Independence' Against King George for That,Nós lutamos uma guerra de independência contra o Rei George por isso.,0,newsmet,gemini,prompt2,1.0,1.0081,0.9169,0.975,Q2
97,Silicon Valley’s Peter Thiel Finally Cuts Ties with Y Combinator,"Peter Thiel, do Vale do Silício, rompe finalmente relações com a Y Combinator",0,newsmet,gemmaX,sem_prompt,0.9912,0.997,0.9364,0.9749,Q2
1390,GOLD IS MAKING A COMEBACK AT THE CENTER OF THE INTERNATIONAL MONETARY SYSTEM,O OURO ESTÁ A FAZER UM RETORNO AO CENTRO DO SISTEMA MONETÁRIO INTERNACIONAL,0,newsmet,gemmaX,sem_prompt,0.9926,0.9721,0.9601,0.9749,Q2
470,So Youtube Denied My Appeal For Banned Video – W/O Explanation,O Youtube recusou o meu recurso para um vídeo banido – sem explicação,0,newsmet,gemmaX,sem_prompt,1.0,1.0691,0.8555,0.9749,Q2
2246,"Trump Is Endangering Nuclear Deal, Says Iranian Foreign Minister","Trump está colocando em risco o acordo nuclear, diz o ministro das Relações Exteriores iraniano.",0,newsmet,gemma3,prompt2,1.0,0.9991,0.9257,0.9749,Q2
1043,Study Reveals Stunning Truth About The Environmental Impacts Of Tobacco,Estudo Revela Verdade Chocante Sobre os Impactos Ambientais do Tabaco,0,newsmet,gemini,prompt2,1.0,0.9829,0.9418,0.9749,Q2
1612,St. Louis Protests: Police Say They ‘Owned’ the Night After 80 Arrests,"Protestos em St. Louis: Polícia diz que ""dominou"" a noite após 80 prisões.",0,newsmet,gemma3,prompt2,0.9912,1.0533,0.8803,0.9749,Q2
2161,Philadelphia Mom Who Wanted To Join ISIS Sentenced To Eight Years In Jail,Mãe de Filadélfia que queria juntar-se ao ISIS condenada a oito anos de prisão,0,newsmet,gemmaX,sem_prompt,0.9912,1.0344,0.8987,0.9748,Q2
1449,Sony Takes Home Top Honors at the Red Dot Awards,Sony leva para casa as principais honras dos Red Dot Awards,0,newsmet,gemmaX,sem_prompt,1.0,0.9851,0.9394,0.9748,Q2
1456,PressTV-‘Russia has right to retaliate against US property seizure’,"PressTV - ""A Rússia tem o direito de retaliar contra a apreensão de propriedade dos EUA""",0,newsmet,gemmaX,sem_prompt,1.0,0.9836,0.9409,0.9748,Q2
2295,What Happened to the Journalist Who Exposed Clinton Corruption (Video),O que aconteceu com o jornalista que expôs a corrupção de Clinton (vídeo)?,0,newsmet,gemma3,prompt2,1.0,1.0358,0.8886,0.9748,Q2
2203,Bill Maher humiliates Donald Trump after threatening to nuke North Korea,Bill Maher humilha Donald Trump após ameaçar bombardear a Coreia do Norte.,0,newsmet,gpt,prompt2,1.0,0.9878,0.9363,0.9747,Q2
358,Fox News Poll: Majority Believe Trump Tearing Country Apart,Pesquisa da Fox News: Maioria acredita que Trump está destruindo o país.,0,newsmet,gemma3,prompt2,1.0,1.0382,0.8855,0.9746,Q2
193,California man who scaled White House fence in March was sentenced Monday,Homem da Califórnia que escalou a cerca da Casa Branca em março foi condenado na segunda-feira,0,newsmet,gemmaX,sem_prompt,1.0,0.9967,0.9271,0.9746,Q2
501,"How Modern Women Are Destroying Society (And Before You Scream Sexist, WATCH THE VIDEO)","Como as Mulheres Modernas Estão Destruindo a Sociedade (E Antes Que Você Grite Sexista, ASSISTA AO VÍDEO)",0,newsmet,gemma3,prompt2,0.9717,1.0083,0.944,0.9746,Q2
241,Josh Mandel ends campaign against Democratic Sen. Sherrod Brown a month before Ohio filing deadline,"Josh Mandel encerra campanha contra o senador democrata Sherrod Brown um mês antes do prazo final de inscrição em Ohio.
",0,newsmet,gemini,prompt2,1.0,0.9893,0.9346,0.9746,Q2
2365,Where Are The Statues Honoring The 1.25 Million Europeans Enslaved By African Muslims?,"Onde estão as estátuas homenageando os 1,25 milhão de europeus escravizados por muçulmanos africanos?",0,newsmet,gemma3,prompt2,1.0,1.013,0.9107,0.9746,Q2
400,"Arrow' Season 6 features time jump, features a new Oliver","A 6ª temporada de ""Arrow"" apresenta um salto temporal e um novo Oliver.
",0,newsmet,gemini,prompt2,1.0,1.0221,0.9016,0.9746,Q2
2340,"Trump's team forgot to book a hotel, so they're crashing on Hamburg's couch for the G20","A equipe de Trump esqueceu de reservar um hotel, então eles estão dormindo no sofá de Hamburgo para o G20.",0,newsmet,gpt,prompt2,1.0,1.0437,0.8802,0.9746,Q2
578,Samantha Bee Demands an End to Arbitration in Sexual Misconduct Cases,"Samantha Bee exige o fim da arbitragem em casos de má conduta sexual.
",0,newsmet,gemini,prompt2,1.0,1.007,0.9162,0.9744,Q2
1506,Burger King Russia Introduces The “Whoppercoin” – The Fast-Food Industry’s First Digital Currency,"Burger King Rússia Apresenta a ""Whoppercoin"" – A Primeira Moeda Digital da Indústria de Fast-Food",0,newsmet,gemini,prompt2,0.9945,0.977,0.9517,0.9744,Q2
2300,So Many People Want to See the Tommies and the Johnnies,"""Muitas pessoas querem ver os Tommies e os Johnnies.""",0,newsmet,gpt,prompt2,1.0,1.0258,0.8974,0.9744,Q2
1926,Governments have collected UFO information in the highest secrecy.Video,Governos coletaram informações sobre OVNIs no mais alto sigilo.,0,newsmet,gemma3,prompt2,1.0,1.0028,0.9205,0.9744,Q2
1943,"Republicans cut to Student Tax Break means, “the end of research in the United States.”","Os republicanos cortam o benefício fiscal para estudantes, o que significa ""o fim da pesquisa nos Estados Unidos"".",0,newsmet,gemma3,prompt2,1.0,0.9958,0.9273,0.9743,Q2
842,Brazilian company changes slogan of black toilet paper after racism claims,Empresa brasileira muda slogan do papel higiénico preto após alegações de racismo,0,newsmet,gemmaX,sem_prompt,1.0,0.9605,0.9624,0.9743,Q2
1233,When Californians Led The Way On Campus Civil Rights,Quando os californianos lideraram o caminho dos direitos civis no campus,0,newsmet,gemmaX,sem_prompt,1.0,0.9933,0.9297,0.9743,Q2
1899,American Peace Activist Is Denied Entry to South Korea,Ativista americana da paz tem entrada negada na Coreia do Sul.,0,newsmet,gemini,prompt2,0.9912,1.0088,0.9229,0.9743,Q2
1762,Supreme Court Justice Ruth Bader Ginsburg Speaks About #MeToo And Her Own Experience Being Sexually Harassed,A juíza da Suprema Corte Ruth Bader Ginsburg fala sobre #MeToo e sua própria experiência de assédio sexual.,0,newsmet,gemma3,prompt2,1.0,1.0308,0.8917,0.9742,Q2
785,Does The Israeli-Saudi Alliance Plans A War Against Iran? – Countercurrents,Aliança israelita-saudita planeia uma guerra contra o Irão? – Countercurrents,0,newsmet,gemmaX,sem_prompt,0.9912,1.0088,0.9226,0.9742,Q2
2127,CBS shocked to find black Trump voters still behind the president 100%,A CBS ficou chocada ao descobrir que 100% dos eleitores negros de Trump ainda o apoiam.,0,newsmet,gemini,prompt2,1.0,1.0411,0.8807,0.974,Q2
2249,NFL's Chris Long will be donating all of his 2017 football salary to education charity,"Chris Long, jogador da NFL, doará todo o seu salário de futebol de 2017 para caridade de educação.",0,newsmet,gemini,prompt2,0.9999,0.9897,0.9325,0.974,Q2
306,Fracking Has Cut More CO2 Emissions Than All Renewable Energy Combined,O fracking reduziu mais emissões de CO2 do que toda a energia renovável combinada.,0,newsmet,gemma3,prompt2,1.0,1.0077,0.914,0.9739,Q2
409,I Tried to Defend Colin Kaepernik and This is What I Learned,"""Eu tentei defender Colin Kaepernick e isso é o que eu aprendi.""",0,newsmet,gpt,prompt2,1.0,1.0218,0.8998,0.9739,Q2
645,UC Berkeley has spent about $$1.4 million in security costs for conservative speakers this year,"A UC Berkeley gastou cerca de 1,4 milhões de dólares em custos de segurança para oradores conservadores este ano",0,newsmet,gemmaX,sem_prompt,1.0,0.9731,0.9485,0.9739,Q2
1209,Can I Let My Friend Pay Off My Mortgages?,Posso deixar meu amigo pagar minhas hipotecas?,0,newsmet,gemmaX,sem_prompt,1.0,1.0053,0.9165,0.9739,Q2
2075,Paul Ryan says spending bill will save Obama’s Dreamers,Paul Ryan diz que projeto de lei de gastos salvará os Dreamers de Obama.,0,newsmet,gemini,prompt2,1.0,0.9689,0.9527,0.9739,Q2
1123,Congress Paid $265K in Sexual Harassment Claims Over Last Decade,Congresso pagou 265 mil dólares em queixas por assédio sexual na última década,0,newsmet,gemmaX,sem_prompt,1.0,1.0021,0.9196,0.9739,Q2
1140,Jennifer Lopez Wants to Leave Her New York Penthouse Behind,Jennifer Lopez quer deixar seu penthouse em Nova York para trás.,0,newsmet,gpt,prompt2,1.0,1.0125,0.9094,0.9739,Q2
1830,Missouri Man Faces Terrorism Charges for Attempted Train Hijacking,Morador do Missouri enfrenta acusações de terrorismo por tentativa de sequestro de comboio,0,newsmet,gemmaX,sem_prompt,1.0,1.006,0.9153,0.9738,Q2
792,Rohingya Exodus Continues As Satellite Images Reveal Burning Villages,O êxodo rohingya continua enquanto imagens de satélite revelam vilarejos em chamas.,0,newsmet,gpt,prompt2,1.0,1.0195,0.9019,0.9738,Q2
58,VA-Sen: Tim Kaine (D) Refuses To Let Congress Help Trump Destroy The Iran Nuclear Deal,"VA-Sen: Tim Kaine (D) se Recusa a Deixar o Congresso Ajudar Trump a Destruir o Acordo Nuclear Iraniano
",0,newsmet,gemini,prompt2,0.9912,0.982,0.9479,0.9737,Q2
2197,Klondex Mines new open pit estimates confirm Fire Creek as “a world class property”,"Novas estimativas de poço aberto da Klondex Mines confirmam que Fire Creek é uma ""propriedade de classe mundial""",0,newsmet,gemmaX,sem_prompt,0.9994,0.9903,0.9312,0.9737,Q2
1585,Yankees Hope to Have Holliday and Castro Back Next Weekend,Os Yankees esperam ter Holliday e Castro de volta no próximo fim de semana.,0,newsmet,gemini,prompt2,1.0,0.9975,0.9235,0.9737,Q2
1562,Jeff Bezos donates $33 million to fund college scholarships for ‘Dreamers’,"Jeff Bezos doa 33 milhões de dólares para financiar bolsas de estudo universitárias para ""Dreamers""",0,newsmet,gemmaX,sem_prompt,1.0,0.9557,0.9654,0.9737,Q2
2494,LeBron James tried to bring Spurs star to Cleveland,LeBron James tentou trazer estrela dos Spurs para Cleveland,0,newsmet,gemmaX,sem_prompt,1.0,0.9461,0.9749,0.9737,Q2
627,Baltimore Officers Will Face No Federal Charges in Death of Freddie Gray,Oficiais de Baltimore não enfrentarão acusações federais na morte de Freddie Gray.,0,newsmet,gemma3,prompt2,1.0,1.0013,0.9196,0.9736,Q2
1061,Hackers Find ‘Ideal Testing Ground’ for Attacks: Developing Countries,"Hackers encontram um ""campo de testes ideal"" para ataques: países em desenvolvimento",0,newsmet,gemmaX,sem_prompt,1.0,0.9949,0.926,0.9736,Q2
145,Murphy Once Again Makes the Case for Gateway Tunnel,Murphy mais uma vez defende o túnel Gateway.,0,newsmet,gpt,prompt2,0.9977,1.0471,0.8761,0.9736,Q2
677,Teen Mom 2': Kailyn Lowry had officially announced her baby's unusual name,'Teen Mom 2': Kailyn Lowry havia anunciado oficialmente o nome incomum do seu bebê.,0,newsmet,gpt,prompt2,0.9912,1.0224,0.9071,0.9736,Q2
621,McCarthy announces Rodgers' replacement and also signs 3rd QB,"McCarthy anuncia o substituto de Rodgers e também contrata o 3º QB.
",0,newsmet,gemma3,prompt2,0.9998,0.9822,0.9387,0.9736,Q2
2582,"Marc Kasowitz, Trump Lawyer, Also Represents a Russian Bank","Marc Kasowitz, advogado de Trump, também representa um banco russo.",0,newsmet,gpt,prompt2,1.0,0.9885,0.9322,0.9736,Q2
1402,"Judge Jeanine Takes Huge Risk, Exposes Michelle Obama Live on Air [VIDEO]","Juíza Jeanine assume um grande risco, expondo Michelle Obama ao vivo no ar [VÍDEO]",0,newsmet,gemmaX,sem_prompt,1.0,0.997,0.9237,0.9736,Q2
383,House Democrats Take Demands for Trump Hotel Records to Court,Democratas da Câmara levam exigências por registros do Hotel Trump à Justiça.,0,newsmet,gemma3,prompt2,0.9992,0.9865,0.9347,0.9735,Q2
709,Last year Trump stood at the podium and encouraged a white nationalist leader assaulting a protester,"No ano passado, Trump subiu ao pódio e incentivou um líder nacionalista branco a agredir um manifestante.
",0,newsmet,gemini,prompt2,1.0,1.0012,0.9193,0.9735,Q2
699,Netflix renews 'House of Cards' for the sixth and final season,"Netflix renova ""House of Cards"" para a sexta e última temporada",0,newsmet,gemmaX,sem_prompt,1.0,0.9511,0.9694,0.9735,Q2
1252,Trump Takes Aim at Iran’s ‘Clandestine Nuclear Weapons Program’,"Trump aponta para o ""programa clandestino de armas nucleares"" do Irão",0,newsmet,gemmaX,sem_prompt,1.0,1.0413,0.8791,0.9735,Q2
1631,Nigerian Christian: “Why do they think Islam is a religion of peace? These people have been killing us for decades.”,Cristão nigeriano: “Por que eles acham que o islamismo é uma religião de paz? Essas pessoas vêm nos matando há décadas.”,0,newsmet,gemini,prompt2,1.0,0.9633,0.9572,0.9735,Q2
2543,3 Ways GOP Tax Bill Could Change Your Life Insurance,3 Maneiras Como o Projeto de Lei Fiscal Republicano Poderia Mudar Seu Seguro de Vida,0,newsmet,gemini,prompt2,0.9905,0.9703,0.9597,0.9735,Q2
1504,Why Is the UN Setting up Operations in Various Locations Inside the US?,"Por que a ONU está estabelecendo operações em vários locais dentro dos EUA?
",0,newsmet,gemma3,prompt2,1.0,1.0058,0.914,0.9733,Q2
2420,"Microsoft’s Internet Explorer browser poses security concerns, says bug hunter","O navegador Internet Explorer da Microsoft apresenta preocupações de segurança, diz caçador de bugs.
",0,newsmet,gemma3,prompt2,1.0,0.9503,0.9695,0.9733,Q2
1115,Hurricane Nate Could Cause Nearly $$4 Billion In Damage Along Gulf Coast,Furacão Nate pode causar quase US$ 4 bilhões em danos ao longo da Costa do Golfo.,0,newsmet,gemini,prompt2,1.0,1.019,0.9008,0.9733,Q2
1239,Toddler Sherin Mathews adopted from India by Americans who didn’t deserve her,"Sherin Mathews, uma criança pequena adotada da Índia por americanos que não a mereciam",0,newsmet,gemmaX,sem_prompt,1.0,1.0197,0.9002,0.9733,Q2
239,"ADHD drug use has skyrocketed 345% among young women in 12 years according to the CDC, increasing birth defects","O uso de medicamentos para o TDAH disparou 345% entre as jovens em 12 anos, de acordo com o CDC, aumentando os defeitos de nascimento",0,newsmet,gemmaX,sem_prompt,0.9801,1.02,0.9197,0.9733,Q2
217,BOOM! Sen. Grassley Launched Investigation Into Clinton-Uranium One Scandal Last Week (Video),BOOM! O Sen. Grassley lançou uma investigação sobre o escândalo Clinton-Uranium One na semana passada (vídeo),0,newsmet,gemmaX,sem_prompt,1.0,0.9972,0.9226,0.9732,Q2
2152,WATCH: Jim Acosta tries to get Sarah Huckabee Sanders to admit collusion with Russia,VEJA: Jim Acosta tenta fazer Sarah Huckabee Sanders admitir conluio com a Rússia.,0,newsmet,gemma3,prompt2,1.0,0.9772,0.9424,0.9732,Q2
1906,Watch: Jason Aldean Opens SNL With Tom Petty’s ‘I Won’t Back Down’,"Assista: Jason Aldean abre o SNL com ""I Won't Back Down"" de Tom Petty",0,newsmet,gemmaX,sem_prompt,1.0,0.9784,0.9412,0.9732,Q2
1340,Toyota to Take 5 Percent Stake in Mazda and Build Joint U.S. Plant,A Toyota adquirirá uma participação de 5% na Mazda e construirá uma fábrica conjunta nos EUA.,0,newsmet,gpt,prompt2,1.0,1.0336,0.8861,0.9732,Q2
1331,Bloomberg-Funded Everytown Gives $$1 Million to Gun Control Candidates in Virginia,"""Everytown, financiado pela Bloomberg, dá US$ 1 milhão a candidatos de controle de armas na Virgínia.""",0,newsmet,gpt,prompt2,1.0,1.0417,0.878,0.9732,Q2
2323,Photogallery - Paradise Papers reveal how ultra rich avoid paying tax,Fotogaleria - Paradise Papers revelam como os ultra-ricos evitam pagar impostos,0,newsmet,gemmaX,sem_prompt,1.0,0.9681,0.9516,0.9732,Q2
2004,Bannon appeals to US Jewish community to join war on GOP establishment,Bannon apela à comunidade judaica dos EUA para se juntar à guerra contra o establishment republicano.,0,newsmet,gemma3,prompt2,1.0,0.9958,0.9239,0.9732,Q2
534,Murphy Leads Guadagno by 14 Points in New Monmouth Poll,Murphy lidera Guadagno por 14 pontos na nova sondagem de Monmouth,0,newsmet,gemmaX,sem_prompt,0.9933,0.982,0.944,0.9731,Q2
914,Photogallery - Al Gore compares Trump presidency to ‘Red Wedding’ episode of ‘Game of Thrones’,"Fotogaleria - Al Gore compara a presidência de Trump ao episódio ""Red Wedding"" de ""Game of Thrones""",0,newsmet,gemmaX,sem_prompt,1.0,0.979,0.9403,0.9731,Q2
1637,Trump claims Republican healthcare bill covers pre-existing conditions. False. Untrue. Fake.,Trump afirma que o projeto de saúde republicano cobre condições preexistentes. Falso. Mentira. Fake.,0,newsmet,gemini,prompt2,0.9824,1.0023,0.9348,0.9731,Q2
937,Bachelorette' star Chad Johnson reveals new woman in his life,"Estrela de ""The Bachelorette"", Chad Johnson revela nova mulher em sua vida.
",0,newsmet,gemini,prompt2,0.9912,0.9871,0.9408,0.9731,Q2
263,Egypt Opens Criminal Inquiry Over New York Times Article,Egito abre investigação criminal sobre artigo do New York Times.,0,newsmet,gpt,prompt2,0.9912,0.9894,0.9387,0.9731,Q2
1090,Christians Provide More Aid To Hurricane Victims Than FEMA,"""Os cristãos oferecem mais ajuda às vítimas de furacões do que a FEMA.""",0,newsmet,gpt,prompt2,1.0,1.0197,0.8998,0.9731,Q2
687,Dragon Ball Super' new spoiler explains the Caulifla-Kale relationship,"Novo spoiler de Dragon Ball Super explica a relação Caulifla-Kale.
",0,newsmet,gemini,prompt2,0.9932,0.9856,0.9406,0.9731,Q2
1133,"Trump has tried to stop the Russia investigation again, and again, and again","Trump tentou parar a investigação da Rússia de novo, e de novo, e de novo.",0,newsmet,gpt,prompt2,0.9824,0.9873,0.9494,0.973,Q2
205,Bill Maher shreds Donald Trump for wanting to be a 'dictator' like 'Kim Jong-un',"Bill Maher critica Donald Trump por querer ser um 'ditador' como 'Kim Jong-un'.
",0,newsmet,gemini,prompt2,1.0,1.016,0.903,0.973,Q2
2548,Fox News's Sean Hannity is threatening to sue the former Obama administration bigtime,Sean Hannity da Fox News está a ameaçar processar a antiga administração Obama,0,newsmet,gemmaX,sem_prompt,1.0,0.9805,0.9383,0.973,Q2
973,Looking for a London Vacation Rental? We Tried the Plum Guide,Procurando um aluguel de temporada em Londres? Testamos o Plum Guide.,0,newsmet,gemma3,prompt2,0.9959,1.0136,0.9093,0.9729,Q2
119,How Repealing Net Neutrality Can Kill Your Small Business,Como a revogação da neutralidade da rede pode acabar com sua pequena empresa.,0,newsmet,gemma3,prompt2,1.0,1.0266,0.8921,0.9729,Q2
1147,CIA Mike Pompeo Not Inviting Media to CIA Christmas Party,CIA: Mike Pompeo não convida a mídia para a festa de Natal da CIA.,0,newsmet,gemma3,prompt2,0.9964,1.0154,0.9069,0.9729,Q2
995,Manafort Used Trump Campaign Email to Correspond With Ukrainian Contact,Manafort usou e-mail da campanha de Trump para se comunicar com um contato ucraniano.,0,newsmet,gemma3,prompt2,1.0,1.0239,0.8946,0.9728,Q2
691,Nancy Pelosi does not answer simple questions from Las Vegas Victim's family,Nancy Pelosi não responde a perguntas simples da família de vítimas de Las Vegas.,0,newsmet,gemma3,prompt2,1.0,0.9928,0.9256,0.9728,Q2
2070,"Hurricane Harvey poised to disproportionately impact blacks in Texas, but no one is talking about it","O furacão Harvey deve impactar desproporcionalmente os negros no Texas, mas ninguém está falando sobre isso.",0,newsmet,gpt,prompt2,1.0,0.996,0.9223,0.9728,Q2
37,UFC enters sponsorship deal with Modelo to expand brand in consumer market,UFC assina acordo de patrocínio com a Modelo para expandir a marca no mercado de consumo,0,newsmet,gemmaX,sem_prompt,1.0,0.973,0.9453,0.9728,Q2
2484,Photogallery - Will Surface Phone do the same for mobile?,Galeria de fotos - O Surface Phone fará o mesmo para dispositivos móveis?,0,newsmet,gemini,prompt2,1.0,0.972,0.9465,0.9728,Q2
815,It appears the Trump admin. hasn’t learned from Michelle Obama’s school lunch fiasco,Parece que a administração Trump não aprendeu com o fiasco do almoço escolar de Michelle Obama,0,newsmet,gemmaX,sem_prompt,1.0,0.9875,0.9306,0.9727,Q2
1092,Melissa McCarthy Wins Emmy for Her Portrayal of Sean Spicer,Melissa McCarthy ganha Emmy por sua interpretação de Sean Spicer.,0,newsmet,gpt,prompt2,0.9824,1.0095,0.9262,0.9727,Q2
508,New Democratic ad turns the words of Roy Moore's own party against him,Novo anúncio Democrata usa as palavras do próprio partido de Roy Moore contra ele.,0,newsmet,gemma3,prompt2,1.0,0.9934,0.9248,0.9727,Q2
719,Susan Collins (R-ME) Begins To Realize The Terrible Mistake She Made,Susan Collins (R-ME) começa a perceber o terrível erro que cometeu,0,newsmet,gemmaX,sem_prompt,1.0,1.0241,0.894,0.9727,Q2
1384,Photogallery - More disturbing news comes out about 13 children tortured by California parents,Fotogaleria - Mais notícias perturbadoras sobre 13 crianças torturadas pelos pais na Califórnia,0,newsmet,gemmaX,sem_prompt,1.0,0.9908,0.9272,0.9727,Q2
2462,"John McCain's surgery would cost at least $$76,000—on Medicare",A cirurgia de John McCain custaria pelo menos $76.000—pelo Medicare.,0,newsmet,gpt,prompt2,0.9912,0.9729,0.9541,0.9727,Q2
2569,That $$300 million no-bid contract for Puerto Rico forbids any government audit or review,Aquele contrato de 300 milhões de dólares sem licitação para Porto Rico proíbe qualquer auditoria ou revisão governamental.,0,newsmet,gemini,prompt2,1.0,0.9727,0.9453,0.9727,Q2
1103,Jean-Claude Bastos de Morais extolls Ghana government for funding innovation,Jean-Claude Bastos de Morais elogia o governo do Gana pelo financiamento da inovação,0,newsmet,gemmaX,sem_prompt,1.0,0.9934,0.9244,0.9726,Q2
1908,Republican representative: Taking down Confederate monuments will lead to closing Holocaust museum,Representante republicano: Remover monumentos confederados levará ao fechamento do museu do Holocausto.,0,newsmet,gemini,prompt2,1.0,1.0139,0.9039,0.9726,Q2
2261,"Alabama sends a strong message: Democrats need to invest in black voters, not take them for granted","Alabama envia uma mensagem forte: os democratas precisam investir em eleitores negros, não considerá-los como garantidos",0,newsmet,gemmaX,sem_prompt,1.0,0.9476,0.9699,0.9725,Q2
265,Woman holding American flag pulled to ground & dragged at ‘free speech rally’ in Boston,"Mulher que segurava bandeira americana é puxada para o chão e arrastada em ""comício de liberdade de expressão"" em Boston",0,newsmet,gemmaX,sem_prompt,0.9963,0.9787,0.9424,0.9725,Q2
2041,Ethics official who sparred with Trump is leaving government,Oficial de ética que se desentendeu com Trump está deixando o governo.,0,newsmet,gemma3,prompt2,1.0,1.0025,0.9149,0.9725,Q2
1897,Lawmaker makes shocking claim about the Vegas massacre (video),Deputado faz alegação chocante sobre o massacre de Las Vegas (vídeo),0,newsmet,gemmaX,sem_prompt,1.0,0.9665,0.951,0.9725,Q2
1308,"U.S. Put 92 Somalis on a Deportation Flight, Then Brought Them Back",Os EUA colocaram 92 somalis em um voo de deportação e depois os trouxeram de volta.,0,newsmet,gpt,prompt2,1.0,1.0117,0.9057,0.9725,Q2
765,Joe Rogan Shares Incredible Knowledge About Women & Relationships From The Perspective of Men,Joe Rogan Compartilha Conhecimento Incrível Sobre Mulheres e Relacionamentos da Perspectiva Masculina.,0,newsmet,gemma3,prompt2,0.9959,1.011,0.9103,0.9724,Q2
700,How We Used VR to Explore What Music Feels Like to a Deaf Person,"Como Usamos VR para Explorar o Que a Música Parece para uma Pessoa Surda
",0,newsmet,gemini,prompt2,1.0,0.9606,0.9565,0.9724,Q2
277,Here's something to be thankful for: Obamacare enrollments still breaking records,Eis algo para agradecer: as inscrições no Obamacare continuam a bater recordes,0,newsmet,gemmaX,sem_prompt,1.0,0.9845,0.9327,0.9724,Q2
2355,New York City is going to create solar rooftops on public housing for community use,Nova York vai criar telhados solares em habitações públicas para uso comunitário.,0,newsmet,gemma3,prompt2,1.0,0.9743,0.9424,0.9723,Q2
1657,We'll make sure Barbara Comstock won't serve another term; first make her vote against the tax bill,"""Vamos garantir que Barbara Comstock não sirva outro mandato; primeiro faça-a votar contra o projeto de lei de impostos.""",0,newsmet,gpt,prompt2,1.0,0.9816,0.9353,0.9723,Q2
987,What you don’t know could hurt you: Google censoring documents for the Banks?,O que você não sabe pode te prejudicar: O Google está censurando documentos para os bancos?,0,newsmet,gemma3,prompt2,1.0,0.9991,0.9174,0.9722,Q2
234,City Hospital System Is Expanding Children’s Mental Health Programs,"Sistema Hospitalar da Cidade Expande Programas de Saúde Mental Infantil
",0,newsmet,gemini,prompt2,0.9759,0.9957,0.9451,0.9722,Q2
1600,Video from 2012: What did Jimmy Kimmel know about Harvey Weinstein and when did he know it?,Vídeo de 2012: O que Jimmy Kimmel sabia sobre Harvey Weinstein e quando é que o soube?,0,newsmet,gemmaX,sem_prompt,0.9912,0.9677,0.9577,0.9722,Q2
1016,University refuses to ban symbols of hate; liberals react by going ballistic,Universidade se recusa a banir símbolos de ódio; liberais reagem furiosamente.,0,newsmet,gemini,prompt2,0.9998,0.9831,0.9333,0.9721,Q2
563,Can the Dallas Cowboys beat Philadelphia Eagles in Sunday Night Football?,Os Dallas Cowboys conseguem derrotar os Philadelphia Eagles no Sunday Night Football?,0,newsmet,gemmaX,sem_prompt,1.0,0.9803,0.9361,0.9721,Q2
288,McConnell Says Republicans Have the Votes to Pass the Tax Bill,"McConnell diz que os republicanos têm os votos para aprovar a reforma tributária.
",0,newsmet,gemini,prompt2,1.0,1.0009,0.9155,0.9721,Q2
668,The USS JohnMcCain has rammed another vessel off Malaysia,"O USS John McCain colidiu com outro navio na costa da Malásia.
",0,newsmet,gemini,prompt2,0.9965,1.0637,0.8562,0.9721,Q2
1801,"How Shelley Worrell, Creator of CaribBeing, Spends Her Sundays","Como Shelley Worrell, criadora da CaribBeing, passa os seus domingos",0,newsmet,gemmaX,sem_prompt,1.0,0.9724,0.9435,0.972,Q2
1378,Hate Group's Email Uses Nazi Imagery to Denounce LGBT People,E-mail de grupo de ódio usa imagens nazistas para denunciar pessoas LGBT,0,newsmet,gemmaX,sem_prompt,0.9819,0.9928,0.9414,0.972,Q2
598,"When Donald Trump said Republican tax plan was 'not good for me,' he told a $$1 billion lie","Quando Donald Trump disse que o plano fiscal republicano 'não era bom para mim', ele contou uma mentira de US$ 1 bilhão.
",0,newsmet,gemini,prompt2,0.9988,0.9831,0.9339,0.9719,Q2
1917,"Denouncing Iran As A Terrorist State, Trump Refuses To Recertify Nuclear Accord – Countercurrents","Denunciando o Irã como um Estado Terrorista, Trump se Recusa a Recertificar o Acordo Nuclear – Countercurrents",0,newsmet,gemini,prompt2,0.9984,0.9708,0.9464,0.9719,Q2
1542,Indiana: Muslims enraged by billboard telling truth about Muhammad,Indiana: Muçulmanos revoltados com painel publicitário que conta a verdade sobre Maomé,0,newsmet,gemmaX,sem_prompt,1.0,0.9574,0.9581,0.9718,Q2
222,Climate Change Demands an End to Excess and Greed,As mudanças climáticas exigem o fim do excesso e da ganância.,0,newsmet,gemma3,prompt2,1.0,0.9831,0.9324,0.9718,Q2
1763,Security Incident Management Market to Witness a Pronounce Growth During 2017 – 2025,O mercado de Gerenciamento de Incidentes de Segurança deverá testemunhar um crescimento significativo durante 2017 – 2025.,0,newsmet,gemma3,prompt2,1.0,1.0188,0.8962,0.9717,Q2
2100,As Russia Warns ‘World Faces War Worse Than Any Other In Human History’,A Rússia Avisa que 'O Mundo Enfrenta uma Guerra Pior Do Que Qualquer Outra na História da Humanidade',0,newsmet,gpt,prompt2,1.0,0.9842,0.9308,0.9717,Q2
2196,"Trump-Endorsed GOP Senate Candidate In Alabama Accepted $$1,000 Donation From Nazi Group",Candidato ao Senado do Partido Republicano apoiado por Trump no Alabama aceitou uma doação de 1000 dólares de um grupo nazi,0,newsmet,gemmaX,sem_prompt,1.0,1.0172,0.8979,0.9717,Q2
164,Amazon just closed a contest where cities competed to be the second headquarters,"A Amazon acaba de encerrar um concurso onde cidades competiram para ser a segunda sede.
",0,newsmet,gemini,prompt2,1.0,0.9719,0.9431,0.9717,Q2
1803,Satanists Are Trying to Force Christian Bakers to Make Satanic Cakes,Satanistas estão tentando forçar padeiros cristãos a fazerem bolos satânicos.,0,newsmet,gemma3,prompt2,1.0,1.0273,0.8878,0.9717,Q2
1259,"Instead of Launching a Missile, North Korea Throws a Party","Em vez de lançar um míssil, a Coreia do Norte dá uma festa",0,newsmet,gemmaX,sem_prompt,1.0,0.9762,0.9388,0.9717,Q2
91,How Edie Windsor Championed Gay Rights: ‘She Was Everywhere’,"Como Edie Windsor Defendeu os Direitos Gays: 'Ela Estava em Todo Lugar'
",0,newsmet,gemini,prompt2,1.0,0.9535,0.9616,0.9717,Q2
696,‘No Man’s Sky’ DLC: Update 1.3 to introduce a fourth race? What we know so far,DLC de ‘No Man’s Sky’: atualização 1.3 para introduzir uma quarta raça? O que sabemos até agora,0,newsmet,gemmaX,sem_prompt,1.0,0.9721,0.9426,0.9716,Q2
825,Rahm just banned Trump from Chicago after DACA decision,Rahm acabou de banir Trump de Chicago após a decisão sobre o DACA.,0,newsmet,gpt,prompt2,1.0,0.9616,0.9533,0.9716,Q2
1042,Canada’s Justin Trudeau awards millions to convicted terrorist and war criminal,Justin Trudeau do Canadá concede milhões a terrorista condenado e criminoso de guerra,0,newsmet,gemmaX,sem_prompt,0.9912,0.9742,0.9491,0.9715,Q2
1214,Hamas: We’ve built many towns underground. Israel is scared,Hamas: Construímos muitas cidades subterrâneas. Israel está com medo.,0,newsmet,gemma3,prompt2,1.0,0.9753,0.9393,0.9715,Q2
214,U.S. Airstrikes in Afghanistan Take Aim at Taliban Opium Labs,Ataques aéreos dos EUA no Afeganistão miram laboratórios de ópio do Talibã.,0,newsmet,gpt,prompt2,1.0,0.9871,0.9273,0.9715,Q2
2371,Photogallery - Prince Harry and Meghan Markle are planning their wedding their way,"""Galeria de Fotos - O Príncipe Harry e Meghan Markle estão planejando seu casamento à sua maneira.""",0,newsmet,gpt,prompt2,0.9912,0.9953,0.928,0.9715,Q2
207,Kushner being eyed as key figure in helping Russia improve its cyberattack,Kushner está sendo visto como figura-chave para ajudar a Rússia a aprimorar seus ataques cibernéticos.,0,newsmet,gemma3,prompt2,1.0,0.982,0.9321,0.9714,Q2
622,‘Washington Must Stop Spending Tax Dollars to Fund Regime Change Wars’ – Tulsi Gabbard,“Washington deve parar de gastar dinheiro dos contribuintes para financiar guerras de mudança de regime” – Tulsi Gabbard,0,newsmet,gemmaX,sem_prompt,1.0,1.0033,0.9104,0.9713,Q2
2359,"Paulina Gretzky Busts Out Her Red, White And Blue Bikini For The 4th Of July","Paulina Gretzky exibe seu biquíni vermelho, branco e azul para o 4 de julho.",0,newsmet,gemma3,prompt2,1.0,1.0435,0.8704,0.9713,Q2
1129,Donald Trump continues campaign rhetoric because he is unable to be presidential,Donald Trump continua com a retórica de campanha porque é incapaz de agir como um presidente.,0,newsmet,gpt,prompt2,1.0,1.0533,0.8606,0.9713,Q2
1062,Prince Harry Joined a Youth Rugby Team During His Recent Leeds Visit,O príncipe Harry juntou-se a uma equipa de jovens de rugby durante a sua recente visita a Leeds,0,newsmet,gemmaX,sem_prompt,1.0,0.9972,0.9166,0.9713,Q2
315,"America's Most Dangerous Politician, Kris Kobach, moves to redefine Democracy","O político mais perigoso da América, Kris Kobach, pretende redefinir a democracia",0,newsmet,gemmaX,sem_prompt,1.0,1.0131,0.9007,0.9712,Q2
1153,Why are Democrats suddenly distancing themselves from Hillary? Anybody? Mueller?,Por que os democratas estão de repente se distanciando de Hillary? Alguém? Mueller?,0,newsmet,gemmaX,sem_prompt,0.9912,0.9629,0.9594,0.9712,Q2
2456,"Voters oppose Trump's air traffic control privatization plan, poll finds","Eleitores se opõem ao plano de privatização do controle de tráfego aéreo de Trump, revela pesquisa.",0,newsmet,gemini,prompt2,1.0,0.9621,0.9512,0.9711,Q2
2377,Tax Cuts Will Ensure A Bountiful Harvest For Our Farmers And Our Nation,Cortes de impostos garantirão uma colheita farta para nossos agricultores e nossa nação.,0,newsmet,gemini,prompt2,1.0,1.0179,0.8954,0.9711,Q2
840,GOP Senator Wants To Double The Number Of H-1B Visas,Senador do GOP quer dobrar o número de vistos H-1B.,0,newsmet,gpt,prompt2,1.0,0.994,0.9194,0.9711,Q2
872,Pension Funding Policies are Putting Colorado’s Credit Rating at Risk,As políticas de financiamento de pensões colocam em risco a classificação de crédito do Colorado,0,newsmet,gemmaX,sem_prompt,1.0,0.9906,0.9225,0.9711,Q2
2059,Teacher crosses out ‘men’ in Declaration of Independence; 4th-graders recite gender-neutral version,"Professor risca ""homens"" na Declaração de Independência; alunos do quarto ano recitam versão neutra em termos de gênero.",0,newsmet,gemma3,prompt2,0.9992,0.9809,0.9331,0.9711,Q2
2242,"As Critiques of UN Peacekeeping Missions Grow, Africa Seeks Peace on its own Terms","À medida que as críticas às missões de paz da ONU aumentam, África busca a paz em seus próprios termos.",0,newsmet,gemini,prompt2,1.0,0.9933,0.9199,0.9711,Q2
1120,Kim Kardashian flaunts her weight loss success in a bikini,Kim Kardashian ostenta o seu sucesso na perda de peso num biquíni,0,newsmet,gemmaX,sem_prompt,1.0,0.9362,0.9769,0.971,Q2
2144,"“Butcher of Pakistan” killed 70 people, then started trafficking Muslim migrants into Europe","O ""Carniceiro do Paquistão"" matou 70 pessoas, então começou a traficar migrantes muçulmanos para a Europa.",0,newsmet,gemma3,prompt2,0.9912,0.9885,0.9334,0.971,Q2
194,Jared and Ivanka move personal email accounts to Trump Organization computers to avoid scrutiny,Jared e Ivanka transferem contas de e-mail pessoais para os computadores da Trump Organization para evitar escrutínio.,0,newsmet,gpt,prompt2,1.0,0.9631,0.9499,0.971,Q2
1532,"Trump to Disavow Iran Nuclear Deal, Not Abandon It","Trump repudiará o acordo nuclear com o Irã, mas não o abandonará.",0,newsmet,gemma3,prompt2,0.9894,1.0694,0.8539,0.9709,Q2
46,What factors are affecting the strength of competition in Global Dermatology Drugs Market? What will be the size of the Dermatology Drugs Market in 2024?,Quais fatores estão afetando a força da concorrência no Mercado Global de Medicamentos para Dermatologia? Qual será o tamanho do Mercado de Medicamentos para Dermatologia em 2024?,0,newsmet,gemma3,prompt2,1.0,0.9699,0.9428,0.9709,Q2
2427,Photogallery - Xbox shows off its powerful Project Scorpio Xbox Development Kit in new video,Galeria de fotos - Xbox mostra o seu poderoso Project Scorpio Xbox Development Kit num novo vídeo,0,newsmet,gemmaX,sem_prompt,1.0,0.9616,0.9511,0.9709,Q2
1781,"At a Public School in Denver, Refugee Children Find Hope and Frustration","Em uma Escola Pública em Denver, Crianças Refugiadas Encontram Esperança e Frustração.",0,newsmet,gpt,prompt2,0.9907,0.9831,0.9389,0.9709,Q2
479,Chelsea Manning calls U.S. ‘police state’ after Harvard fellowship revoked,"Chelsea Manning chama os EUA de ""estado policial"" após bolsa de estudos em Harvard ser revogada.",0,newsmet,gemma3,prompt2,0.9912,0.9924,0.929,0.9709,Q2
642,EPA Developed Neighborhood Risk Tool For Eight Years But Nobody Uses It,"""EPA desenvolveu ferramenta de risco para bairros durante oito anos, mas ninguém a utiliza.""",0,newsmet,gpt,prompt2,1.0,1.0332,0.8796,0.9709,Q2
2324,THE NEW IPHONE X WILL BE LEAVING ITS “MARK” IN THE TECHNOLOGY SPACE,"""O NOVO IPHONE X DEIXARÁ SUA 'MARCA' NO ESPAÇO TECNOLÓGICO.""",0,newsmet,gpt,prompt2,0.9911,1.0029,0.9187,0.9709,Q2
1918,Minnesota jihadi’s “descent into extremism” began “after he began attending mosque”,"A ""descida para o extremismo"" do jihadista de Minnesota começou ""depois que ele começou a frequentar a mesquita""",0,newsmet,gemmaX,sem_prompt,1.0,0.974,0.9386,0.9709,Q2
425,President Trump defends Melania's fashion on her foreign visits,"Presidente Trump defende o estilo de Melania em suas visitas ao exterior.
",0,newsmet,gemini,prompt2,0.9912,0.9941,0.9274,0.9709,Q2
423,"At the Palais de Tokyo, Camille Henrot Finds Wonder in the Everyday","No Palais de Tokyo, Camille Henrot encontra maravilha no cotidiano.
",0,newsmet,gemini,prompt2,0.9912,1.0107,0.9109,0.9709,Q2
1972,Migrants from the U.S. make a beeline for Canada,Migrantes dos EUA vão diretamente para o Canadá,0,newsmet,gemmaX,sem_prompt,1.0,1.0196,0.893,0.9709,Q2
307,Wind power gusts past coal to become second largest electricity source in Texas,A energia eólica supera o carvão e se torna a segunda maior fonte de eletricidade no Texas.,0,newsmet,gpt,prompt2,1.0,1.0151,0.8972,0.9708,Q2
1520,15000 and counting scientists sign letter of warning to humanity.,15.000 cientistas assinam carta de alerta para a humanidade.,0,newsmet,gemmaX,sem_prompt,0.9912,1.0316,0.8895,0.9708,Q2
1995,Gov. Terry McAuliffe Refuses to Denounce Antifa Attacks on Journalists,O governador Terry McAuliffe se recusa a condenar ataques da Antifa a jornalistas.,0,newsmet,gemini,prompt2,1.0,1.0077,0.9045,0.9707,Q2
2436,United States Supreme Court rejected stay of execution for Mexican national,Suprema Corte dos Estados Unidos rejeitou suspensão da execução para cidadão mexicano.,0,newsmet,gemini,prompt2,1.0,0.987,0.9252,0.9707,Q2
515,Trump admin. signals states can tie Medicaid to work,Administração Trump sinaliza que os estados podem vincular o Medicaid ao trabalho,0,newsmet,gemmaX,sem_prompt,1.0,0.9494,0.9627,0.9707,Q2
1933,Brien Lundin sees “considerable” potential at Balmoral’s Martiniere property,Brien Lundin vê um potencial “considerável” na propriedade Martiniere da Balmoral.,0,newsmet,gpt,prompt2,1.0,0.9716,0.9404,0.9707,Q2
2389,Charlie Rose Suspended After 8 Women Accuse Him of Groping,Charlie Rose é suspenso após 8 mulheres o acusarem de assédio.,0,newsmet,gemma3,prompt2,0.9993,1.0473,0.8653,0.9706,Q2
1709,Communist West Point grad was inspired to infiltrate military by Chelsea Manning,Graduado comunista de West Point foi inspirado a infiltrar-se no exército por Chelsea Manning,0,newsmet,gemmaX,sem_prompt,1.0,0.9798,0.9319,0.9706,Q2
1106,Why Stanford Researchers Tried to Create a ‘Gaydar’ Machine,Por que pesquisadores de Stanford tentaram criar uma máquina “Gaydar”,0,newsmet,gemmaX,sem_prompt,1.0,0.9852,0.9263,0.9705,Q2
2294,"PressTV-S Korea, US begin joint military drills amid tension on Korean Peninsula",PressTV - Coreia do Sul e EUA iniciam exercícios militares conjuntos em meio à tensão na Península Coreana.,0,newsmet,gemma3,prompt2,1.0,1.0074,0.9042,0.9705,Q2
2308,Photogallery - ‘Rick and Morty’ Season 3 has shorter episodes; plot focuses on Beth,Fotogaleria - 3.ª temporada de ‘Rick and Morty’ tem episódios mais curtos; o enredo centra-se em Beth,0,newsmet,gemmaX,sem_prompt,1.0,0.979,0.9326,0.9705,Q2
1228,No more triple talaq: India court bans Islamic instant divorce,Sem mais talaq triplo: tribunal da Índia proíbe divórcio islâmico instantâneo.,0,newsmet,gpt,prompt2,0.955,1.0163,0.9401,0.9705,Q2
192,"Now, more than ever, Democrats need to shut the Judiciary Committee down","Agora, mais do que nunca, os democratas precisam encerrar o Comitê Judiciário.",0,newsmet,gemma3,prompt2,1.0,0.9493,0.962,0.9704,Q2
1595,Donald Trump seeks to punish teachers with 'morally bankrupt' tax plan,"Donald Trump procura punir os professores com um plano fiscal ""moralmente falido""",0,newsmet,gemmaX,sem_prompt,1.0,0.9579,0.9533,0.9704,Q2
1460,Tory MP caught red-handed sharing pro-Brexit fake news on social media,Deputado conservador flagrado compartilhando notícias falsas pró-Brexit nas redes sociais.,0,newsmet,gemini,prompt2,0.9662,1.018,0.9268,0.9703,Q2
2407,US government files $$400bn Libor case lawsuit in London court,Governo dos EUA entra com ação judicial de US$ 400 bilhões sobre o caso Libor em tribunal de Londres.,0,newsmet,gemini,prompt2,0.9971,0.9855,0.9283,0.9703,Q2
1824,Ralph Northam Did Better Among Virginia Women Than Hillary Clinton Did,Ralph Northam teve um desempenho melhor entre as mulheres da Virgínia do que Hillary Clinton.,0,newsmet,gpt,prompt2,1.0,1.0177,0.8932,0.9703,Q2
1015,Why Stephen Curry never overtook LeBron James as the best player in the NBA,Por que Stephen Curry nunca ultrapassou LeBron James como o melhor jogador da NBA,0,newsmet,gemmaX,sem_prompt,1.0,0.9687,0.9419,0.9702,Q2
1893,Ferguson Drops Charges Against Man Cited in Justice Dept. Report,Ferguson Retira Acusações Contra Homem Mencionado em Relatório do Departamento de Justiça.,0,newsmet,gemma3,prompt2,0.995,0.9637,0.9518,0.9701,Q2
1273,"Pokemon the Movie: I Choose You,' Ash and his pokemon Pikachu is back.","Pokémon o Filme: Eu Escolho Você!, Ash e seu Pokémon Pikachu estão de volta.",0,newsmet,gemini,prompt2,0.9918,1.0212,0.897,0.97,Q2
270,Hungary confronts Soros in battle for future of the West,A Hungria confronta Soros na batalha pelo futuro do Ocidente.,0,newsmet,gpt,prompt2,1.0,0.973,0.9369,0.97,Q2
495,How Obama Handled An Attack By A Racial Nationalist,Como Obama lidou com um ataque de um nacionalista racial,0,newsmet,gemmaX,sem_prompt,0.9836,1.0087,0.9176,0.97,Q2
1278,Taliban Say Top Leader’s Son Carried Out a Suicide Attack,Taliban afirma que filho de líder executou um ataque suicida,0,newsmet,gemmaX,sem_prompt,0.9886,0.9875,0.9336,0.9699,Q2
2481,Five things restaurant servers wish they could tell you,Cinco coisas que garçons de restaurante gostariam de te dizer.,0,newsmet,gemma3,prompt2,1.0,0.9677,0.9419,0.9699,Q2
831,Magnesium found to treat DEPRESSION better than antidepressant drugs: New science,O magnésio mostrou tratar a depressão melhor do que os medicamentos antidepressivos: nova ciência,0,newsmet,gemmaX,sem_prompt,1.0,0.9929,0.9165,0.9698,Q2
2046,Former Commander Warns US Could Lose War Against NKorea,Ex-comandante alerta que EUA podem perder guerra contra a Coreia do Norte.,0,newsmet,gemini,prompt2,1.0,0.9934,0.9161,0.9698,Q2
549,Mexico City archdiocese counters allegations of sex abuse cover up,Arquidiocese da Cidade do México refuta alegações de encobrimento de abuso sexual.,0,newsmet,gpt,prompt2,1.0,0.9825,0.927,0.9698,Q2
1533,Both Parties Have Failed to Learn the Lessons of 2016,Ambos os Partidos Não Conseguiram Aprender as Lições de 2016.,0,newsmet,gpt,prompt2,1.0,1.0064,0.9029,0.9698,Q2
1498,"Pokemon Go' is bringing the Legendary Birds, Unown, and Mr. Mime in a new event","Pokemon Go está a trazer as Aves Lendárias, Unown e Mr. Mime num novo evento",0,newsmet,gemmaX,sem_prompt,0.9766,1.0018,0.9311,0.9698,Q2
2353,Scarborough: Ted Cruz Should Tell His Donors To ‘Go Straight To Hell’ [VIDEO],"Scarborough: Ted Cruz deveria dizer aos seus doadores para ""irem direto para o inferno"" [VÍDEO]",0,newsmet,gemini,prompt2,1.0,1.0063,0.9028,0.9697,Q2
902,Roy Moore claims victory over Trump's chosen candidate Luther Strange in Alabama Senate GOP runoff,"Roy Moore declara vitória sobre o candidato de Trump, Luther Strange, no segundo turno republicano para o Senado no Alabama.
",0,newsmet,gemini,prompt2,0.9762,1.007,0.9256,0.9696,Q2
1772,Has 'Dragon Ball Super' turned Frieza into a good guy?,'Dragon Ball Super' transformou o Frieza em um mocinho?,0,newsmet,gpt,prompt2,0.9899,0.9833,0.9356,0.9696,Q2
232,"Paul Ryan Calls for Tax Reform, Letting Americans ‘Keep More of Your Own Money’","Paul Ryan pede reforma fiscal para que os americanos ""possam ficar com mais do seu próprio dinheiro""",0,newsmet,gemmaX,sem_prompt,1.0,1.0151,0.8937,0.9696,Q2
2010,NBC: Green Berets Were Chasing ISIS Terrorist in Niger,NBC: Berettos Verdes estavam perseguindo terroristas do ISIS no Níger.,0,newsmet,gpt,prompt2,1.0,0.9823,0.9266,0.9696,Q2
789,"Afghan Pedophiles Get Free Pass From U.S. Military, Report Says","Pédofilos afegãos recebem passe livre do exército dos EUA, segundo relatório",0,newsmet,gemmaX,sem_prompt,1.0,0.9878,0.9209,0.9696,Q2
1405,Orange County Board of Education Reverses Position and Bans Confederate Flag,Conselho de Educação do Condado de Orange Revê Posição e Proíbe a Bandeira Confederada.,0,newsmet,gpt,prompt2,0.997,1.0126,0.8992,0.9696,Q2
297,A huge new telescope in Canada is tracking the history of the universe’s expansion,Um enorme novo telescópio no Canadá está acompanhando a história da expansão do universo.,0,newsmet,gpt,prompt2,1.0,0.9654,0.9434,0.9696,Q2
2123,Poll: 40 Percent Think Media Presents ‘Greater Threat’ to America than White Supremacists,"Pesquisa: 40% dos americanos acham que a mídia representa uma ""ameaça maior"" para os EUA do que os supremacistas brancos",0,newsmet,gemmaX,sem_prompt,1.0,1.003,0.9057,0.9696,Q2
1556,ISIS calls on Muslims to commit jihad attacks at hurricane relief centers,O ISIS conclama muçulmanos a cometer ataques jihadistas em centros de ajuda a vítimas de furacão.,0,newsmet,gemini,prompt2,1.0,0.9754,0.9331,0.9695,Q2
294,"Gov't reports November gain of 228,000 jobs, unemployment rate at 4.1%, wages still stuck","Governo relata ganho de 228.000 empregos em novembro, taxa de desemprego em 4,1%, salários ainda estagnados",0,newsmet,gemmaX,sem_prompt,1.0,0.9783,0.9301,0.9695,Q2
271,"Find hope in the sign of the cross, Pope tells Eastern Christians","Encontre esperança no sinal da cruz, diz o Papa aos cristãos orientais.",0,newsmet,gemma3,prompt2,0.9999,0.9727,0.9358,0.9695,Q2
1312,Major German Parties Leave Migrant Issues out of Campaign,Partidos alemães principais deixam questões migratórias de fora da campanha.,0,newsmet,gpt,prompt2,1.0,1.014,0.8944,0.9695,Q2
6,"Recreational Marijuana Is Reversing the Opioid Crisis in Colorado, Study Suggests","A maconha recreativa está revertendo a crise dos opioides no Colorado, sugere estudo",0,newsmet,gemmaX,sem_prompt,1.0,0.9977,0.9106,0.9694,Q2
1336,Interview: Man Who Stopped Texas Shooting Is Being Harassed by the Mainstream Media (Video),Entrevista: Homem Que Impediu Tiroteio no Texas Está Sendo Hostilizado Pela Mídia Tradicional (Vídeo),0,newsmet,gemini,prompt2,0.9817,0.9781,0.9486,0.9694,Q2
2357,VIDEO PROOF: There Were At Least 7 Different Shooters During The Las Vegas Massacre,PROVA EM VÍDEO: Houve Pelo Menos 7 Atiradores Diferentes no Massacre de Las Vegas.,0,newsmet,gemma3,prompt2,0.9954,0.9767,0.9361,0.9694,Q2
2198,WATCH: Cuban Violinist Performs U.S. National Anthem at Trump Speech,ASSISTA: Violinista cubana toca o hino nacional dos EUA em discurso de Trump,0,newsmet,gemma3,prompt2,1.0,0.9876,0.9206,0.9694,Q2
115,Amazon narrows the list of metro areas for its new headquarters to 20 (The List),A Amazon reduz a lista de áreas metropolitanas para sua nova sede para 20 (A Lista).,0,newsmet,gemma3,prompt2,1.0,0.9719,0.9363,0.9694,Q2
1988,China Announces Their Official Threats Against President Trump’s Economic Security Policy…,A China Anuncia Suas Ameaças Oficiais Contra a Política de Segurança Econômica do Presidente Trump...,0,newsmet,gpt,prompt2,1.0,0.9608,0.9472,0.9693,Q2
1362,Twitter blames human error for deactivation of President Trump’s personal account; Updated,Twitter culpa erro humano pela desativação da conta pessoal do presidente Trump; Atualizado,0,newsmet,gemini,prompt2,1.0,0.9466,0.9613,0.9693,Q2
970,Scientists May Have Found First Proof that We Live in A Multiverse,Cientistas podem ter encontrado a primeira prova de que vivemos em um multiverso,0,newsmet,gemmaX,sem_prompt,1.0,1.0034,0.9039,0.9691,Q2
2337,FBI Interviewed NYC Terrorist About His Ties to Terrorism Before the Attack,"""O FBI entrevistou um terrorista de Nova York sobre suas ligações com o terrorismo antes do ataque.""",0,newsmet,gpt,prompt2,1.0,1.0113,0.8959,0.9691,Q2
2432,"Donald Trump's lawyer equates Lee and Washington, says FBI and BLM are run by terrorists","""O advogado de Donald Trump equipara Lee e Washington, diz que o FBI e o BLM são geridos por terroristas.""",0,newsmet,gpt,prompt2,1.0,0.9644,0.9425,0.969,Q2
1180,LaVar Ball starting to criticize Lakers coach Luke Walton,LaVar Ball começa a criticar o treinador dos Lakers Luke Walton,0,newsmet,gemmaX,sem_prompt,1.0,0.9739,0.9331,0.969,Q2
2410,Does Anyone Really Want to Pick Apples with the Neighbors?,Alguém realmente quer colher maçãs com os vizinhos?,0,newsmet,gemma3,prompt2,1.0,1.0368,0.8702,0.969,Q2
752,Jenelle Evans talks about all of her kids but fans remind her of abortion,"Jenelle Evans fala sobre todos os seus filhos, mas os fãs lembram-lhe o aborto",0,newsmet,gemmaX,sem_prompt,1.0,0.9703,0.9365,0.9689,Q2
2189,Brandon Reilly deserves a shot as a Buffalo Bills starter,Brandon Reilly merece uma chance como titular do Buffalo Bills.,0,newsmet,gpt,prompt2,1.0,0.9732,0.9336,0.9689,Q2
1805,Maddow reveals that Sater & Cohen may have violated the Trading with the Enemy Act,Maddow revela que Sater e Cohen podem ter violado a Lei de Comércio com o Inimigo.,0,newsmet,gemini,prompt2,1.0,0.9624,0.9442,0.9689,Q2
301,"Maxine Waters: 'Mr. President, we are organizing to bring you down'","Maxine Waters: ""Senhor Presidente, estamos a organizar-nos para derrubar o senhor""",0,newsmet,gemmaX,sem_prompt,0.9824,1.0061,0.9183,0.9689,Q2
1465,"ISIS releases new video, bragging that Las Vegas shooting is REVENGE for US attacks against their ‘caliphate’","ISIS divulga novo vídeo, se gabando de que o tiroteio em Las Vegas é vingança por ataques dos EUA contra seu ‘califado’.",0,newsmet,gemma3,prompt2,1.0,0.9723,0.9344,0.9689,Q2
1223,Appeals court allows prayer at Michigan county’s public meetings,Tribunal de apelações permite oração em reuniões públicas do condado de Michigan.,0,newsmet,gpt,prompt2,0.999,0.9827,0.9251,0.9689,Q2
1163,Pastor Robert Jeffress: Gun Control Could Not Have Prevented Texas Church Shooting,Pastor Robert Jeffress: Controle de armas não teria evitado o tiroteio na igreja do Texas.,0,newsmet,gemini,prompt2,1.0,0.9969,0.9093,0.9687,Q2
909,Far Cry 5': Coop Mission has a massive problem with mission progress,"A missão cooperativa de Far Cry 5 tem um problema grave com o progresso da missão.
",0,newsmet,gemini,prompt2,1.0,1.0267,0.8795,0.9687,Q2
1588,After 72 Years the Sea Finally Gives Up This Historic Shipwreck (VIDEO),"Após 72 anos, o mar finalmente revela este naufrágio histórico (VÍDEO)",0,newsmet,gemini,prompt2,1.0,1.0265,0.8794,0.9686,Q2
2415,Trump Isn't Serious About Opioids If He Won't Legalize Marijuana,Trump não está falando sério sobre opioides se ele não legalizar a maconha.,0,newsmet,gemini,prompt2,1.0,1.0466,0.8589,0.9685,Q2
2050,What Do You Mean The Occult? A Brief Introduction,O que você quer dizer com o oculto? Uma breve introdução,0,newsmet,gemmaX,sem_prompt,1.0,1.0262,0.8793,0.9685,Q2
2563,Teen says she was denied work at Pet World because of her dreadlocks,Adolescente afirma que foi recusada para trabalhar na Pet World devido aos seus dreadlocks,0,newsmet,gemmaX,sem_prompt,1.0,0.9765,0.9292,0.9685,Q2
1319,"ISIS Has Lost Raqqa, Where Will It Go Next?","O ISIS perdeu Raqqa, para onde irá agora?",0,newsmet,gemini,prompt2,0.9912,0.9738,0.9405,0.9685,Q2
2541,WHOOPS! Maybe the New York Times SHOULDN’T have fired all those copy editors,WHOOPS! Talvez o New York Times NÃO DEVERIA ter despedido todos os editores de texto,0,newsmet,gemmaX,sem_prompt,1.0,0.9753,0.9298,0.9684,Q2
2529,Trump's 'fake news' awards put him in dictator territory,"Os ""prêmios de notícias falsas"" de Trump o colocam em território de ditador.",0,newsmet,gemma3,prompt2,1.0,0.9753,0.9299,0.9684,Q2
180,Details Emerge Showing Violent History of Texas Church Shooter…,"Detalhes Revelam Histórico Violento do Atirador da Igreja do Texas...
",0,newsmet,gemini,prompt2,0.999,0.9747,0.9314,0.9684,Q2
2087,GOP Senator Receives Death Threat to Oppose Obamacare Repeal,Senador Republicano Recebe Ameaça de Morte por se Opor à Revogação do Obamacare.,0,newsmet,gemini,prompt2,0.9924,0.9708,0.9417,0.9683,Q2
1554,Man shot by Chicago police officer is awarded $$44.7 million,"Homem baleado por policial de Chicago recebe US$ 44,7 milhões.",0,newsmet,gemma3,prompt2,1.0,0.9719,0.933,0.9683,Q2
1242,Global Chromatography Solvents Market Expected to Reach USD 3.56 billion with annual revenues 9.5% by 2024,"""O mercado global de solventes de cromatografia deve atingir USD 3,56 bilhões com receitas anuais de 9,5% até 2024.""",0,newsmet,gpt,prompt2,1.0,1.0161,0.8887,0.9683,Q2
62,Nevada uprising leader Ryan Bundy vowed ‘whatever it takes’ to stop government,"Ryan Bundy, líder da revolta de Nevada, prometeu ""fazer o que for preciso"" para parar o governo",0,newsmet,gemmaX,sem_prompt,0.9999,0.9782,0.9268,0.9683,Q2
2256,Canada: Urbanite Finds Success Growing Organic Choy for Vancouver Market,Canadá: Cidade encontra sucesso cultivando choy orgânico para o mercado de Vancouver.,0,newsmet,gpt,prompt2,0.9911,1.0293,0.8845,0.9683,Q2
1578,Surgeons Remove 263 Coins And 100 Nails From One Man’s Stomach,Cirurgiões removem 263 moedas e 100 pregos do estômago de um homem,0,newsmet,gemmaX,sem_prompt,0.9961,1.009,0.8997,0.9683,Q2
688,Bushnell Announces Dozens of New Optics at SHOT Show 2018,Bushnell anuncia dezenas de novos produtos óticos na SHOT Show 2018,0,newsmet,gemmaX,sem_prompt,0.9912,0.983,0.9303,0.9682,Q2
66,These activists predicted Houston flooding catastrophe. Will politicians listen now?,Estes ativistas previram a catástrofe de inundação em Houston. Os políticos vão ouvir agora?,0,newsmet,gemmaX,sem_prompt,1.0,0.9609,0.9436,0.9682,Q2
32,Trump Must Embrace His Revolutionary Self Or Politically Perish,"""Trump deve abraçar seu eu revolucionário ou perecer politicamente.""",0,newsmet,gpt,prompt2,1.0,0.9752,0.9292,0.9682,Q2
889,"Libya: At Slave Auctions, Muslim Smugglers Are Selling Off Migrants For As Little As $$400","Líbia: Em Leilões de Escravos, Contrabandistas Muçulmanos Estão Vendendo Migrantes Por Apenas $$400",0,newsmet,gpt,prompt2,0.9986,0.9872,0.9187,0.9682,Q2
799,When Durbin Asked the IRS to Silence Karl Rove,Quando Durbin pediu ao IRS para silenciar Karl Rove,0,newsmet,gemmaX,sem_prompt,1.0,1.0007,0.9034,0.9681,Q2
1458,FBI Cites “Black Identity Extremists” as Domestic Terror Threat,"O FBI cita ""extremistas da identidade negra"" como ameaça terrorista doméstica.",0,newsmet,gemma3,prompt2,1.0,1.0056,0.8988,0.9681,Q2
591,PressTV-New Astana talks on Syria to be held end of month,PressTV - Novas negociações em Astana sobre a Síria serão realizadas no final do mês.,0,newsmet,gemma3,prompt2,1.0,0.9838,0.9205,0.9681,Q2
2154,Egypt censored newspaper on Israel offers to ‘buy Sinai’,"Egito censura jornal sobre oferta de Israel para ""comprar Sinai""",0,newsmet,gemmaX,sem_prompt,1.0,0.9908,0.9136,0.9681,Q2
2165,Starbucks Employees Will Reap The Benefits Of The Trump Tax Cuts,Funcionários da Starbucks colherão os benefícios das reduções de impostos de Trump,0,newsmet,gemmaX,sem_prompt,1.0,0.9888,0.9155,0.9681,Q2
1971,How to Win at Winter When You Hate Winter,Como Vencer no Inverno Quando Você Odeia o Inverno.,0,newsmet,gpt,prompt2,0.9912,1.0206,0.8924,0.9681,Q2
1999,This Safeguard Is Actually Putting Your Home at Risk,"Esta proteção está, na verdade, colocando sua casa em risco.",0,newsmet,gemini,prompt2,1.0,0.9998,0.9042,0.968,Q2
694,Could One of These Four Screenplays Win the Oscar?,"""Poderia um desses quatro roteiros ganhar o Oscar?""",0,newsmet,gpt,prompt2,1.0,1.0083,0.8953,0.9679,Q2
465,Kellyanne Conway loses it on Twitter after being questioned over Trump's lies,Kellyanne Conway perde a compostura no Twitter após ser questionada sobre as mentiras de Trump.,0,newsmet,gpt,prompt2,0.9912,1.026,0.8867,0.9679,Q2
817,"One Night a Year, This Cactus Flower May Surprise You","Uma Noite por Ano, Esta Flor de Cacto Pode Te Surpreender.
",0,newsmet,gemini,prompt2,1.0,0.953,0.9506,0.9678,Q2
686,"How House Conservatives Plan to Revive Obamacare Repeal, and Why It Could Work","Como Conservadores da Câmara Planejam Reviver a Derrogação do Obamacare, e Por Que Isso Poderia Funcionar.",0,newsmet,gemma3,prompt2,0.9997,0.959,0.9447,0.9678,Q2
2034,"Google, largest lobbyist in Washington, to Build ‘Vertical Monopoly’ on Information","Google, maior lobbyista em Washington, irá construir um 'monopólio vertical' sobre a informação.",0,newsmet,gpt,prompt2,0.9912,1.0105,0.9016,0.9678,Q2
1195,These Naked Porn Stars Will Help You Understand Net Neutrality [NSFW],Estas estrelas porno nuas ajudar-vos-ão a compreender a neutralidade da Internet [NSFW],0,newsmet,gemmaX,sem_prompt,1.0,1.0036,0.8999,0.9678,Q2
1901,Las Vegas Shooter Took Multiple Trips Around the Middle East,Atirador de Las Vegas fez várias viagens pelo Médio Oriente,0,newsmet,gemmaX,sem_prompt,1.0,0.9988,0.9043,0.9677,Q2
252,‘Wild West of sexual harassment’: Eric Bolling’s accuser tells Joy Reid about the despicable culture at Fox News,“O Velho Oeste do assédio sexual”: A acusadora de Eric Bolling conta a Joy Reid sobre a cultura desprezível na Fox News.,0,newsmet,gemma3,prompt2,0.9839,1.0061,0.9132,0.9677,Q2
2454,Teacher at Mormon University Loses Job Over Pro-LGBT Facebook Post,Professora da Universidade Mórmon perde emprego por postagem pró-LGBT no Facebook,0,newsmet,gemmaX,sem_prompt,0.9705,0.9839,0.9487,0.9677,Q2
1033,Poll: George W. Bush’s favorability rating has nearly doubled since he left office,Pesquisa: O índice de aprovação de George W. Bush quase dobrou desde que deixou o cargo.,0,newsmet,gemma3,prompt2,1.0,0.954,0.949,0.9677,Q2
512,Acting Manhattan U.S. Attorney and DEA announce provisional arrest in London of Pakistani National for drug-trafficking on a massive scale,O Procurador dos EUA em exercício de Manhattan e a DEA anunciam a prisão provisória em Londres de um nacional paquistanês por tráfico de drogas em grande escala.,0,newsmet,gpt,prompt2,0.999,1.0119,0.8921,0.9677,Q2
1257,"Apple Said to Be Acquiring Shazam, the Song Identifying App","Apple diz que está adquirindo a Shazam, o aplicativo de identificação de músicas.",0,newsmet,gpt,prompt2,1.0,0.9979,0.9047,0.9676,Q2
1491,"Burundi exits the ICC, an interview with David Paul Jacobs","Burundi sai do Tribunal Penal Internacional, uma entrevista com David Paul Jacobs.",0,newsmet,gemini,prompt2,0.9893,1.0283,0.8851,0.9676,Q2
1564,Maintenance Man Recalls His Time On The 32nd Floor Before Las Vegas Shooting,"""O homem da manutenção recorda seu tempo no 32º andar antes do tiroteio em Las Vegas.""",0,newsmet,gpt,prompt2,1.0,1.0295,0.8734,0.9676,Q2
1447,‘What in the world’? Report: Saudi Arabia says Lebanon has declared war on them,"""O que é isso?"" Relatório: Arábia Saudita diz que o Líbano declarou guerra a eles.",0,newsmet,gemma3,prompt2,0.9824,1.0007,0.9198,0.9676,Q2
860,Joseph P. Kennedy III Gives Democratic Response to State of the Union,Joseph P. Kennedy III dá resposta democrata ao Estado da União,0,newsmet,gemmaX,sem_prompt,0.9985,0.9802,0.9241,0.9676,Q2
2262,Does Anyone Actually Go Diving With a Dive Watch?,Alguém realmente vai mergulhar com um relógio de mergulho?,0,newsmet,gpt,prompt2,0.999,1.0676,0.8361,0.9676,Q2
29,US attorney general Jeff Sessions due to face Democrats’ Russia questions next week,O procurador-geral americano Jeff Sessions deverá enfrentar as perguntas dos democratas sobre a Rússia na próxima semana.,0,newsmet,gemma3,prompt2,1.0,0.9956,0.907,0.9676,Q2
981,Photogallery - Chinese workers expose physical and verbal abuse at Ivanka Trump factory,Galeria de fotos - Trabalhadores chineses denunciam abusos físicos e verbais em fábrica da Ivanka Trump,0,newsmet,gemma3,prompt2,0.9824,1.0056,0.9146,0.9675,Q2
1114,"Is Your Coffee Killing You? Over 1,500 Chemicals Found In One Cup","""Seu café está te matando? Mais de 1.500 químicos encontrados em uma xícara.""",0,newsmet,gpt,prompt2,1.0,1.0065,0.8962,0.9675,Q2
1316,"In Trump’s America, There is No Difference Between Partisan and Racial Gerrymandering","Na América de Trump, não há diferença entre a manipulação partidária e a manipulação racial.",0,newsmet,gpt,prompt2,0.9912,1.0322,0.8789,0.9674,Q2
1409,"New study backs up reports of near-death experiences, claiming that consciousness continues to work","Novo estudo apoia relatos de experiências de quase-morte, afirmando que a consciência continua a funcionar.",0,newsmet,gpt,prompt2,0.9912,0.9857,0.9252,0.9674,Q2
761,"Keith Olbermann has nothing left to say, reportedly retires from political commentary","Keith Olbermann, ao que consta, não tem mais nada a dizer e se aposenta do comentário político.
",0,newsmet,gemini,prompt2,1.0,0.9651,0.937,0.9673,Q2
2235,CyberBerkut publishes email of Democrat plot to blame Russia for hacking 2016 election,CyberBerkut publica e-mail de trama Democrata para culpar a Rússia por hacking da eleição de 2016.,0,newsmet,gemma3,prompt2,1.0,0.9782,0.9238,0.9673,Q2
954,Trump tries to change the subject from 'he knew what he signed up for' to uranium,Trump tenta mudar de assunto de 'ele sabia o que estava assinando' para urânio.,0,newsmet,gpt,prompt2,0.9693,1.012,0.9207,0.9673,Q2
1692,Brad refuses Angelina Jolie's invitation to trick-or-treat with the kids,Brad recusa o convite de Angelina Jolie para comemorar o Dia das Bruxas com as crianças.,0,newsmet,gpt,prompt2,1.0,1.0005,0.9013,0.9673,Q2
1691,"High school students are protesting the Pledge of Allegiance, and now schools are getting sued",Alunos do ensino secundário estão a protestar contra o juramento de fidelidade e agora as escolas estão a ser processadas,0,newsmet,gemmaX,sem_prompt,1.0,0.9568,0.945,0.9673,Q2
1051,President Trump asks Congress for $7.9 billion down payment for Harvey relief,"O Presidente Trump solicita ao Congresso US$ 7,9 bilhões como adiantamento para o auxílio às vítimas do Harvey.",0,newsmet,gemma3,prompt2,1.0,0.9854,0.9164,0.9673,Q2
185,"Rory McIlroy, a Wounded Champion, Begins FedEx Cup Defense","Rory McIlroy, um Campeão Ferido, Começa a Defesa da Copa FedEx
",0,newsmet,gemini,prompt2,0.972,0.9725,0.9573,0.9673,Q2
1468,How the Obama Administration Bypassed Congress to Grant De Facto Amnesty to Young Illegals,Como a administração Obama ignorou o Congresso para conceder anistia de fato a jovens imigrantes ilegais.,0,newsmet,gpt,prompt2,0.9912,1.0185,0.8922,0.9673,Q2
1471,White-Power Rock Bands Find Platform Online to Incite Hatred,Bandas de rock de extrema direita encontram plataforma online para incitar o ódio,0,newsmet,gemmaX,sem_prompt,0.979,1.0105,0.9126,0.9673,Q2
2455,Unions files a labor complaint against Tesla for firing members,Sindicatos apresentam queixa trabalhista contra a Tesla por despedimento de membros,0,newsmet,gemmaX,sem_prompt,0.9995,0.9491,0.9531,0.9673,Q2
2241,"Friends Provide Better Pain Relief Than Morphine, Oxford University Study Reveals","Amigos Oferecem Alívio da Dor Melhor Que Morfina, Revela Estudo da Universidade de Oxford.",0,newsmet,gemini,prompt2,0.9967,0.969,0.936,0.9672,Q2
1268,"‘Crooklyn’ Wins the One Film, One New York Contest","""Crooklyn"" vence o concurso One Film, One New York.",0,newsmet,gemma3,prompt2,1.0,0.9833,0.9182,0.9672,Q2
1695,How universal background checks could have stopped Sutherland Springs,Como os controlos universais de antecedentes poderiam ter impedido Sutherland Springs,0,newsmet,gemmaX,sem_prompt,1.0,0.9731,0.9282,0.9671,Q2
618,"Golden State Warriors finalize signings of Steph Curry, Kevin Durant and others","Golden State Warriors finalizam contratações de Steph Curry, Kevin Durant e outros.",0,newsmet,gpt,prompt2,1.0,0.9699,0.9313,0.9671,Q2
150,"How Mashonda Tifrere, Art and Hip-Hop Maven, Spends Her Sundays","Como Mashonda Tifrere, uma especialista em arte e hip-hop, passa os seus domingos",0,newsmet,gemmaX,sem_prompt,1.0,0.9959,0.9053,0.9671,Q2
927,Hurricane Irma Forces Yankees to Play Tampa Bay Rays at Citi Field,"O furacão Irma força os Yankees a jogar contra o Tampa Bay Rays no Citi Field.
",0,newsmet,gemini,prompt2,1.0,1.0093,0.892,0.9671,Q2
2230,Photogallery - LeBron James compliments Lonzo Ball after breaking his record,Fotogaleria - LeBron James elogia Lonzo Ball após quebrar o seu recorde,0,newsmet,gemmaX,sem_prompt,1.0,0.9587,0.9423,0.967,Q2
2218,Pregnant woman in a crop top denied service at Washington restaurant for ‘violating the health code’,Mulher grávida em um top cropped teve o serviço negado em restaurante de Washington por ‘violar o código de saúde’.,0,newsmet,gpt,prompt2,1.0,0.9857,0.9154,0.967,Q2
683,"In Rare Gesture, North Says It Will Return South Korean Fishing Boat","Em um gesto raro, a Coreia do Norte diz que irá devolver um barco de pesca sul-coreano.",0,newsmet,gemma3,prompt2,1.0,1.0335,0.8671,0.9669,Q2
1416,"New-Media Journalist Mike Cernovich Predicts ""A Change in Season"" -","O jornalista de nova mídia Mike Cernovich prevê ""Uma mudança de estação"" -",0,newsmet,gpt,prompt2,0.9912,1.0137,0.8959,0.9669,Q2
2094,I.R.S. Says It Will Reject Tax Returns That Lack Health Insurance Disclosure,I.R.S. diz que rejeitará declarações de impostos que não divulguem seguro de saúde,0,newsmet,gemmaX,sem_prompt,1.0,0.9629,0.9378,0.9669,Q2
2180,The Good Doctor' Spoilers: Dr. Shaun and Claire perform major operation,The Good Doctor: Spoilers: Dr. Shaun e Claire realizam uma grande operação,0,newsmet,gemmaX,sem_prompt,1.0,0.9935,0.9073,0.9669,Q2
2195,They’re afraid of us': Immigrants aren't reporting domestic abuse to police,Eles têm medo de nós: os imigrantes não estão denunciando abusos domésticos à polícia.,0,newsmet,gpt,prompt2,0.9912,1.0068,0.9027,0.9669,Q2
325,Buzzfeed Crew Shocked To Learn They Have Low Testosterone Levels,Equipe da Buzzfeed Chocada ao Descobrir que Tem Níveis Baixos de Testosterona,0,newsmet,gemma3,prompt2,0.9816,0.9801,0.9389,0.9669,Q2
2047,OH-Gov: Nan Whaley (D) Hits Trump For Refusing To Declare A National Emergency On Opioid Epidemic,OH-Gov: Nan Whaley (D) ataca Trump por recusar-se a declarar uma emergência nacional sobre a epidemia de opiáceos,0,newsmet,gemmaX,sem_prompt,0.9998,1.0069,0.8937,0.9668,Q2
1038,David Beckham Shows Off a Perfectly Accessorized Summer Suit,David Beckham Exibe um Terno de Verão Perfeitamente Acessoriado.,0,newsmet,gemma3,prompt2,0.9925,0.9553,0.9526,0.9668,Q2
652,Chelsea Clinton reportedly flees the scene when asked about returning Weinstein money,Chelsea Clinton teria fugido quando questionada sobre o retorno do dinheiro de Weinstein,0,newsmet,gemmaX,sem_prompt,1.0,0.9602,0.9403,0.9668,Q2
1301,Arizona Supreme Court Upholds Statute Forbidding Destruction of Valuable Guns,Supremo Tribunal do Arizona confirma lei que proíbe a destruição de armas valiosas,0,newsmet,gemmaX,sem_prompt,1.0,0.9996,0.9004,0.9667,Q2
2143,Friend of Anthony Scaramucci deletes tweet accusing Reince Priebus of having a ‘mistress’,"Amigo de Anthony Scaramucci apaga tweet acusando Reince Priebus de ter uma ""amante""",0,newsmet,gemmaX,sem_prompt,1.0,0.9623,0.9376,0.9667,Q2
444,"If Paul Ryan is such a 'Russia hawk,' why hasn't he passed the Russian sanctions bill?","Se Paul Ryan é um tão grande crítico da Rússia, por que ele não aprovou o projeto de lei sobre sanções russas?",0,newsmet,gemma3,prompt2,1.0,0.9965,0.9035,0.9667,Q2
629,Venues across the country are banning white nationalist events after Charlottesville violence,"Casas de espetáculos em todo o país estão banindo eventos de nacionalistas brancos após a violência em Charlottesville.
",0,newsmet,gemini,prompt2,1.0,0.9692,0.9306,0.9666,Q2
2187,Exxon Fined $$2 Million For Violating Russia Sanctions While Tillerson Was CEO,Exxon multada em 2 milhões de dólares por violar sanções contra a Rússia quando Tillerson era CEO,0,newsmet,gemmaX,sem_prompt,0.9998,1.0036,0.8964,0.9666,Q2
1945,Who Did Saudi Arabia Detain Last Night in Anti-Corruption Move?,Quem a Arábia Saudita deteve ontem à noite em ação anticorrupção?,0,newsmet,gemini,prompt2,1.0,0.9934,0.9065,0.9666,Q2
2231,Private School Teacher Teacher FIRED After A Father Discovered These Inappropriate Selfies [PHOTOS],Professora de escola privada demitida depois que um pai descobriu essas selfies inapropriadas [FOTOS],0,newsmet,gemmaX,sem_prompt,0.99,1.0276,0.8823,0.9666,Q2
1699,"I didn't want her to be blindsided, so I leaked the debate questions to Hillary ahead of the debate!","Eu não queria que ela fosse pega de surpresa, então vazei as perguntas do debate para Hillary antes do debate!",0,newsmet,gemini,prompt2,1.0,0.9887,0.9109,0.9665,Q2
2274,Art Exhibit in Poland Shows Auschwitz Through Inmates’ Eyes,Exposição de Arte na Polônia Mostra Auschwitz Através dos Olhos dos Detentos,0,newsmet,gpt,prompt2,0.9901,0.9774,0.932,0.9665,Q2
2181,Linda Weber calls out Rep. Lance to ask for Trump's Resignation,Linda Weber pede ao Deputado Lance que peça a renúncia de Trump.,0,newsmet,gemini,prompt2,1.0,0.9903,0.909,0.9664,Q2
2311,Teen Mom 2': Kailyn Lowry bans baby daddy from seeing son after he gets violent,"""Teen Mom 2"": Kailyn Lowry proíbe o pai do bebé de ver o filho depois de este se tornar violento",0,newsmet,gemmaX,sem_prompt,1.0,0.9716,0.9276,0.9664,Q2
836,Elizabeth Smart Tells the True Story of Her Abduction in 2 New TV Projects,Elizabeth Smart conta a verdadeira história do seu sequestro em 2 novos projetos de TV.,0,newsmet,gpt,prompt2,1.0,0.9987,0.9005,0.9664,Q2
841,Loretta Lynch Lackey: She Only Let Bill Clinton on Her Plane Because It Was Too Hot and He Was Too Old (VIDEO),Loretta Lynch Lackey: Ela Só Deixou Bill Clinton em Seu Avião Porque Estava Quente Demais e Ele Era Velho Demais (VÍDEO),0,newsmet,gpt,prompt2,0.9691,0.9744,0.9559,0.9664,Q2
661,Stallone is filming 'Escape Plan 3' while Lundren is training for 'Creed II',Stallone está filmando 'Escape Plan 3' enquanto Lundgren está treinando para 'Creed II'.,0,newsmet,gpt,prompt2,1.0,0.9542,0.9446,0.9663,Q2
175,Tweeps rip Chelsea Handler for vulgar tweet about Melania Trump,Tweeps criticam Chelsea Handler por tweet vulgar sobre Melania Trump.,0,newsmet,gemma3,prompt2,0.9899,0.9745,0.9346,0.9663,Q2
1182,"A Century Later, Artist Sue Coe Takes Up Käthe Kollwitz’s Social Justice Crusade","Um século depois, a artista Sue Coe retoma a cruzada de justiça social de Käthe Kollwitz",0,newsmet,gemmaX,sem_prompt,1.0,0.9933,0.9056,0.9663,Q2
449,It’s confusing. There is no explanation': Some green card holders getting turned away from US Army,"É confuso. Não há explicação"": alguns titulares de green card estão a ser recusados pelo exército dos EUA",0,newsmet,gemmaX,sem_prompt,1.0,1.0151,0.8838,0.9663,Q2
1623,Why You Need to Pay Attention to The SITSA Act,Por que você precisa prestar atenção à Lei SITSA,0,newsmet,gemmaX,sem_prompt,1.0,0.9788,0.92,0.9663,Q2
1071,"POTUS Proposes ‘Fake News Awards’, French Conservatives Have Been Doing it For Years and It’s Hilarious","O POTUS propõe “Prêmios de Notícias Falsas”, Conservadores Franceses Fazem Isso Há Anos e É Hilário.",0,newsmet,gemma3,prompt2,0.9894,0.9898,0.9193,0.9662,Q2
844,Pope Francis Says Concern for ‘Cultural Identity’ Doesn’t Justify Opposition to Mass Migration,"Papa Francisco diz que preocupação com 'identidade cultural' não justifica oposição à migração em massa.
",0,newsmet,gemini,prompt2,1.0,1.0154,0.8833,0.9662,Q2
1728,Russians take the plunge in -38C at EXTREME swimming club,Russos se jogam na água a -38°C no clube de natação EXTREMO.,0,newsmet,gemini,prompt2,0.9965,0.9983,0.904,0.9662,Q2
1573,"In open letter, Team Hillary accuses Donna Brazile of buying into ‘Russian-fueled propaganda’","Em carta aberta, a equipe de Hillary acusa Donna Brazile de acreditar em ""propaganda alimentada por russos"".",0,newsmet,gemma3,prompt2,1.0,0.9949,0.9033,0.9661,Q2
631,"Vancouver Man Who Promised Riches to Investors Committed Fraud, Panel Says","Homem de Vancouver que prometeu riquezas a investidores cometeu fraude, diz painel.
",0,newsmet,gemini,prompt2,0.9649,0.9778,0.9556,0.9661,Q2
1732,Huffington Post Misrepresents Islam To Give ISIS A Pass,"Huffington Post distorce o Islã para dar carta branca ao ISIS.
",0,newsmet,gemma3,prompt2,0.9885,1.0261,0.8837,0.9661,Q2
2483,Dutch have done it again with NRA spoof video,Os holandeses fizeram isso novamente com um vídeo paródia da NRA.,0,newsmet,gpt,prompt2,1.0,1.0069,0.8912,0.966,Q2
1655,Poll: 40% Of Americans Think Global Warming Will Make Humans Go Extinct,Pesquisa: 40% dos americanos acham que o aquecimento global fará com que os humanos se extingam,0,newsmet,gemmaX,sem_prompt,1.0,0.991,0.9071,0.966,Q2
2367,Iraq declares end of ISIS caliphate after capture of Mosul mosque,Iraque declara o fim do califado do ISIS após captura da mesquita de Mosul.,0,newsmet,gemini,prompt2,0.9997,0.9314,0.9668,0.966,Q2
1788,America is desperately failing Puerto Rico in the wake of Hurricane Maria,A América está falhando desesperadamente com Porto Rico após o furacão Maria.,0,newsmet,gpt,prompt2,0.9912,1.0128,0.8941,0.966,Q2
2537,Democrats mourn the impending suicide of Donna Brazile – Dr. Rich Swier,Democratas lamentam o suicídio iminente de Donna Brazile – Dr. Rich Swier,0,newsmet,gemmaX,sem_prompt,0.9929,0.9622,0.9427,0.9659,Q2
1869,John Lewis blasts Trump’s ‘election fraud’ commission as a form of voter intimidation and harassment,John Lewis critica a comissão de 'fraude eleitoral' de Trump como uma forma de intimidação e assédio aos eleitores.,0,newsmet,gpt,prompt2,1.0,0.98,0.9174,0.9658,Q2
2339,Billy Joel wears big Star of David onstage at Madison Square Garden to protest white supremacy,Billy Joel usa uma grande estrela de David no palco do Madison Square Garden para protestar contra a supremacia branca,0,newsmet,gemmaX,sem_prompt,1.0,0.982,0.9155,0.9658,Q2
1350,"Why Did the State Department Pay $$100,000 For Tiffany Trump and Her Mother's Vacation Car Rentals?",Por que o Departamento de Estado pagou $$100.000 pelas locações de carros de férias de Tiffany Trump e sua mãe?,0,newsmet,gpt,prompt2,1.0,1.0076,0.8899,0.9658,Q2
1187,"RT targeted for ‘giving platform to anti-imperialist, anti-capitalist critics’ ‒ Chris Hedges","RT alvo de críticas por ""dar plataforma a críticos anti-imperialistas e anti-capitalistas"" ‒ Chris Hedges",0,newsmet,gemmaX,sem_prompt,1.0,0.9729,0.9241,0.9657,Q2
1208,NYC Mayor Bill de Blasio won’t rule out removing Christopher Columbus statue,"O prefeito de Nova York, Bill de Blasio, não descarta remover a estátua de Cristóvão Colombo.",0,newsmet,gemini,prompt2,1.0,0.9789,0.9182,0.9657,Q2
648,Hawaii begins cold war preparations in response to North Korean threat,"Havaí inicia preparativos da Guerra Fria em resposta à ameaça da Coreia do Norte.
",0,newsmet,gemini,prompt2,1.0,0.9548,0.942,0.9656,Q2
1324,K.K.R. to Buy WebMD and Take Majority Stake in Nature’s Bounty,K.K.R. comprará WebMD e terá participação majoritária na Nature’s Bounty.,0,newsmet,gemma3,prompt2,0.9984,1.0372,0.8612,0.9656,Q2
735,Photogallery - ‘Star Wars: The Last Jedi’ book confirms old theory about Snoke,Galeria de fotos - O livro 'Star Wars: Os Últimos Jedi' confirma antiga teoria sobre Snoke.,0,newsmet,gpt,prompt2,1.0,0.9639,0.933,0.9656,Q2
1135,Republican Collins Wants More Middle Income Help in U.S. Senate Tax Bill,Republicana Collins quer mais ajuda para a classe média no projeto de lei de impostos do Senado dos EUA.,0,newsmet,gemini,prompt2,1.0,1.0184,0.8781,0.9655,Q2
1049,Alabama Republican Rep. Rogers DESTROYED Key Hurricane Monitoring Satellite,O deputado republicano do Alabama Rogers DESTRUIU o satélite de monitorização de furacões,0,newsmet,gemmaX,sem_prompt,0.9892,1.0313,0.876,0.9655,Q2
932,I'm Writing a Book About Andrew Cuomo (So You Don't Have To),"Estou escrevendo um livro sobre Andrew Cuomo (para que você não precise).
",0,newsmet,gemini,prompt2,1.0,0.9833,0.9131,0.9655,Q2
1867,We Hear You: The Failure of Republicans to Repeal or Replace Obamacare,Nós Ouvimos Você: O Fracasso dos Republicanos em Revogar ou Substituir o Obamacare,0,newsmet,gemini,prompt2,0.9988,0.97,0.9277,0.9655,Q2
509,ACLU take offensive measures against Trump's voting fraud claims,A ACLU toma medidas legais contra as alegações de fraude eleitoral de Trump.,0,newsmet,gemma3,prompt2,0.996,0.9932,0.9071,0.9655,Q2
2500,Gene Therapy Creates Replacement Skin to Save a Dying Boy,Terapia genética cria pele de substituição para salvar um menino que estava morrendo,0,newsmet,gemmaX,sem_prompt,0.9824,1.0136,0.9003,0.9654,Q2
1621,The Warriors sign Nick Young while Dion Waiters stays in Miami,Os Warriors assinam com Nick Young enquanto Dion Waiters fica em Miami.,0,newsmet,gpt,prompt2,1.0,0.9468,0.9495,0.9654,Q2
1111,Democratic Senators Accepted Thousands From Tony Podesta For 2018 Campaigns,Senadores democratas aceitaram milhares de dólares de Tony Podesta para as campanhas de 2018,0,newsmet,gemmaX,sem_prompt,1.0,1.0118,0.8843,0.9654,Q2
455,Marxist Google fires employee behind anti-diversity memo for ‘perpetuating gender stereotypes’,"Google marxista demite funcionário por trás de memorando anti-diversidade por ""perpetuar estereótipos de gênero""",0,newsmet,gemmaX,sem_prompt,0.9978,0.9517,0.9468,0.9654,Q2
558,DROP THE CHARGES against Charlottesville community members resisting white supremacist terror,"RETIRAR AS ACUSAÇÕES contra membros da comunidade de Charlottesville que resistem ao terror supremacista branco.
",0,newsmet,gemini,prompt2,0.9894,0.9676,0.9392,0.9654,Q2
67,Photogallery - Friend of Joy-Anna Duggar reveals shocking secret about her pregnancy,Fotogaleria - Uma amiga de Joy-Anna Duggar revela um segredo chocante sobre a sua gravidez,0,newsmet,gemmaX,sem_prompt,1.0,0.9784,0.9173,0.9653,Q2
926,Back to Saturn? Five Missions Proposed to Follow Cassini,"De volta a Saturno? Cinco missões propostas para seguir Cassini.
",0,newsmet,gemini,prompt2,1.0,0.9782,0.9176,0.9653,Q2
1744,Mitch McConnell doesn't appreciate his party's president interfering in government,Mitch McConnell não gosta de o presidente de seu partido interferir no governo.,0,newsmet,gemma3,prompt2,0.9908,0.993,0.9121,0.9653,Q2
1433,EPA abandons changes to U.S. biofuel program after lawmaker pressure,EPA abandona mudanças no programa de biocombustíveis dos EUA após pressão de legisladores.,0,newsmet,gpt,prompt2,0.9912,0.9601,0.9447,0.9653,Q2
1768,Comic book company pulls cover showing lynching and castration of man of color,Empresa de quadrinhos retira capa mostrando linchamento e castração de homem de cor.,0,newsmet,gpt,prompt2,0.9996,0.9806,0.9155,0.9652,Q2
2095,New York Times Asks Fox for Apology After ‘Inaccurate Segment’,O New York Times pede desculpas à Fox após segmento 'impreciso'.,0,newsmet,gemma3,prompt2,0.9935,0.9957,0.9063,0.9652,Q2
1806,Court: Texas Can Enforce More of 'Sanctuary Cities' Law,Tribunal: Texas Pode Aplicar Mais da Lei de 'Cidades Santuário',0,newsmet,gemini,prompt2,0.9955,0.9268,0.9732,0.9651,Q2
1503,Rick and Morty' just killed off a fan favorite,Rick and Morty acabou de matar um personagem favorito dos fãs.,0,newsmet,gemma3,prompt2,0.9912,1.0034,0.9006,0.9651,Q2
692,"New Hampshire Republicans vote to disenfranchise college students, impose poll tax on voters",Republicanos de New Hampshire votam para privar estudantes universitários do direito de voto e impor um imposto eleitoral aos eleitores.,0,newsmet,gemma3,prompt2,1.0,1.0077,0.8875,0.9651,Q2
1351,Pope Francis Criticizes Fake News Yet The MSM Is More Guilty Than Anyone,"O Papa Francisco critica notícias falsas, mas a grande mídia é a mais culpada de todas.",0,newsmet,gemma3,prompt2,1.0,1.0322,0.8628,0.965,Q2
811,The Pope Demands a ‘One World Government’ to ‘Save Humanity’,"""O Papa exige um 'Governo Mundial' para 'Salvar a Humanidade'.""",0,newsmet,gpt,prompt2,0.9609,1.0232,0.9108,0.965,Q2
333,Trump Himself Signed 'Letter of Intent' to Build in Russia during Campaign,Trump himself assinou 'Carta de Intenção' para construir na Rússia durante a campanha.,0,newsmet,gpt,prompt2,1.0,1.002,0.8928,0.9649,Q2
615,Cavaliers’ Derrick Rose reveals true status of his ankle injury,"Derrick Rose, dos Cavaliers, revela o verdadeiro estado de sua lesão no tornozelo.",0,newsmet,gpt,prompt2,1.0,0.9693,0.9254,0.9649,Q2
1211,Congress Can Save Taxpayers Billions By Closing Unneeded Bases,O Congresso pode economizar bilhões aos contribuintes fechando bases militares desnecessárias.,0,newsmet,gemini,prompt2,1.0,0.9765,0.9181,0.9649,Q2
1548,So who’s buying CNN’s explanation for the anti-Trump tweet from @AndersonCooper,"Então, quem está comprando a explicação da CNN sobre o tweet anti-Trump de @AndersonCooper?",0,newsmet,gemini,prompt2,1.0,0.9694,0.9254,0.9649,Q2
319,Trump administration taps coal consultant for mining oversight role,Administração Trump contrata consultor de carvão para cargo de supervisão de mineração.,0,newsmet,gpt,prompt2,0.9916,0.9613,0.9418,0.9649,Q2
389,"A year after Don the Con promised to save their jobs, Carrier Corp. employees face more layoffs","Um ano depois de Don the Con ter prometido salvar os seus empregos, os trabalhadores da Carrier Corp. enfrentam mais despedimentos",0,newsmet,gemmaX,sem_prompt,1.0,0.952,0.9423,0.9648,Q2
2092,PressTV-Iran demands EU bring US into line with nuclear deal,PressTV-Irã exige que a UE force os EUA a cumprir o acordo nuclear.,0,newsmet,gemini,prompt2,1.0,0.9923,0.9021,0.9648,Q2
781,ESPN Host Who Called Trump A White Supremacist Is Leaving ‘SportsCenter’,Apresentadora da ESPN que chamou Trump de supremacista branco está deixando o ‘SportsCenter’,0,newsmet,gemmaX,sem_prompt,1.0,0.9978,0.8967,0.9648,Q2
1519,"I Was In The Illuminati…now I Am Telling All (obama, Space Flights, Denver, Aliens)","Eu estava nos Illuminati... agora eu estou contando tudo (obama, voos espaciais, Denver, alienígenas)",0,newsmet,gemmaX,sem_prompt,0.9934,0.9912,0.9095,0.9647,Q2
734,Three Equifax Managers Sold Stock Before Cyber Hack Revealed,"Três gerentes da Equifax venderam ações antes do ataque cibernético ser revelado.
",0,newsmet,gemma3,prompt2,0.9912,1.0137,0.8891,0.9647,Q2
756,AND POOF THEY’RE GONE: Baltimore removes Confederate monuments during the night,"E POOF, ELES SE FORAM: Baltimore remove monumentos confederados durante a noite",0,newsmet,gemmaX,sem_prompt,0.997,0.9655,0.9316,0.9647,Q2
1590,How the South Pacific Countries Are Selling Their Votes,Como os países do Pacífico Sul estão vendendo seus votos.,0,newsmet,gpt,prompt2,0.9912,1.024,0.8791,0.9647,Q2
14,Blog: The avalanche begins: Turkey dumps Paris Accord following US,Blog: A avalanche começa: Turquia abandona o Acordo de Paris seguindo os EUA.,0,newsmet,gemma3,prompt2,1.0,0.9846,0.9096,0.9647,Q2
908,Photogallery - Trump insults the media in front of their children during W.H. Halloween event,Fotogaleria - Trump insulta a mídia na frente de seus filhos durante o evento de Halloween da Casa Branca.,0,newsmet,gpt,prompt2,0.9922,0.9882,0.9134,0.9646,Q2
2501,Cleveland Cavaliers news: Several teams want Shumpert but under one condition,"Notícias do Cleveland Cavaliers: Várias equipes querem Shumpert, mas sob uma condição.",0,newsmet,gemini,prompt2,0.9911,0.9557,0.9471,0.9646,Q2
1859,Trump’s Border Security Plans Create Efficiencies in Deporting Illegal Aliens,"""Os Planos de Segurança Fronteiriça de Trump Criam Eficiências na Deportação de Imigrantes Ilegais.""",0,newsmet,gpt,prompt2,1.0,1.0026,0.8911,0.9646,Q2
1947,Senators Klobuchar and Warner demonstrate how easily the Russians could hijack Facebook ads,Os senadores Klobuchar e Warner demonstram quão facilmente os russos poderiam sequestrar anúncios do Facebook.,0,newsmet,gpt,prompt2,1.0,0.9413,0.9525,0.9646,Q2
9,Not Good: Airforce is preparing B-52's to return to 24 hr alert.,Não é bom: A Força Aérea está preparando os B-52 para retornar ao estado de alerta de 24 horas.,0,newsmet,gemma3,prompt2,0.9985,0.9779,0.9174,0.9646,Q2
1905,West Virginia Gov. Jim Justice reportedly switching to GOP during Thursday evening Trump rally,"O governador da Virgínia Ocidental, Jim Justice, teria mudado para o Partido Republicano durante comício de Trump na noite de quinta-feira.",0,newsmet,gemini,prompt2,1.0,0.9788,0.9146,0.9645,Q2
643,Fox’s Tomi Lahren admits she has no idea why players are protesting — but she’s still furiously angry,"Tomi Lahren, da Fox, admite não ter ideia do porquê os jogadores estão protestando — mas ainda está furiosamente irritada.
",0,newsmet,gemini,prompt2,0.9999,0.9726,0.9211,0.9645,Q2
2320,Patriots vs Bucs Live Stream: How To Watch Thursday Night Football Online,Transmissão ao vivo de Patriots vs. Bucs: como assistir ao Thursday Night Football online.,0,newsmet,gemma3,prompt2,1.0,0.9784,0.9152,0.9645,Q2
576,"Gee, what changed? After 8 years, CNN suddenly discovers WH’s ‘gender pay gap’; Updated","Nossa, o que mudou? Depois de 8 anos, a CNN de repente descobre o 'gap salarial de gênero' da Casa Branca; Atualizado.",0,newsmet,gpt,prompt2,1.0,0.9867,0.9067,0.9645,Q2
875,Pope Asks Forgiveness For ‘Pain And Shame’ Of Child Sex Abuse,"Papa pede perdão pela ""dor e vergonha"" do abuso sexual de menores",0,newsmet,gemmaX,sem_prompt,1.0,1.0016,0.892,0.9645,Q2
541,"Gay man sues Oklahoma town for terrorizing his family, letting his house burn down",Homem gay processa cidade de Oklahoma por aterrorizar a sua família e deixar a sua casa arder,0,newsmet,gemmaX,sem_prompt,0.9836,0.9714,0.9382,0.9644,Q2
775,Must-See Moments: Text Messages Prove Bias and Corruption in FBI,Momentos Imperdíveis: Mensagens de Texto Provam Parcialidade e Corrupção no FBI,0,newsmet,gemma3,prompt2,0.996,0.951,0.9462,0.9644,Q2
1048,Photogallery - Josh Duggar may be replacing Derick Dillard on ‘Counting On’,Galeria de fotos - Josh Duggar pode estar substituindo Derick Dillard em 'Counting On'.,0,newsmet,gpt,prompt2,0.9654,0.9914,0.9362,0.9643,Q2
237,"Republican Tax “Reform” robbing Americans again, raising their Taxes, Fees and wildly increasing Health Care costs.","""A ""reforma"" tributária Republicana está novamente roubando os americanos, aumentando seus impostos, taxas e elevando drasticamente os custos de saúde.""",0,newsmet,gemma3,prompt2,0.9998,0.985,0.9082,0.9643,Q2
784,Did John Lackey and Anthony Rizzo confront eachother in dugout?,John Lackey e Anthony Rizzo se confrontaram no vestiário?,0,newsmet,gpt,prompt2,0.9716,1.0414,0.8798,0.9643,Q2
1399,Trump administration threatens Alaska's energy industry over Murkowski's Trumpcare vote,Administração Trump ameaça a indústria energética do Alasca devido ao voto de Murkowski sobre o Trumpcare,0,newsmet,gemmaX,sem_prompt,0.997,0.9583,0.9375,0.9643,Q2
430,Valeant Pharma nudges higher as billionaire investor John Paulson joins board,A Valeant Pharma sobe um pouco à medida que o bilionário investidor John Paulson se junta ao conselho.,0,newsmet,gpt,prompt2,1.0,0.9865,0.9065,0.9643,Q2
1475,Star Trek' Introduces Its First Gay Couple to the Universe,"""Star Trek"" apresenta o primeiro casal gay do universo",0,newsmet,gemmaX,sem_prompt,1.0,1.0176,0.8749,0.9642,Q2
685,1 Minute Video Explains The Evil Of Gun Control & What It Really Means,Vídeo de 1 minuto explica o mal do controle de armas e o que isso realmente significa,0,newsmet,gemmaX,sem_prompt,1.0,1.0128,0.8799,0.9642,Q2
1974,Former FBI Head Comey Calling His Book 'A Higher Loyalty',"Ex-diretor do FBI Comey chama seu livro de ""Uma Lealdade Mais Elevada""",0,newsmet,gemmaX,sem_prompt,0.9505,1.0196,0.9224,0.9642,Q2
2457,Harvard Study Identifies The Gateway Pundit As One of the Most Influential Conservative Media Outlets in 2016,Estudo de Harvard identifica The Gateway Pundit como um dos veículos de mídia conservadores mais influentes em 2016.,0,newsmet,gemini,prompt2,1.0,0.9805,0.9119,0.9642,Q2
111,SF Legislation Aims to Save Cultural Enclaves from Gentrification,Legislação de São Francisco visa proteger enclaves culturais da gentrificação,0,newsmet,gemmaX,sem_prompt,1.0,0.9818,0.9109,0.9642,Q2
2313,Chester Bennington's wife deletes shocking tweets after death of rock icon,A esposa de Chester Bennington deleta tweets chocantes após a morte do ícone do rock.,0,newsmet,gemini,prompt2,1.0,0.9564,0.9358,0.9641,Q2
1534,Some Bernie Sanders Supporters Organize National Meeting for Purpose of Creating a Progressive Party,Alguns apoiantes de Bernie Sanders organizam reunião nacional com o objetivo de criar um partido progressista,0,newsmet,gemmaX,sem_prompt,1.0,1.0009,0.891,0.964,Q2
2439,"Jailed Brit, 78, could go free if US released key evidence",Britânico de 78 anos preso pode ser libertado se EUA liberarem provas cruciais.,0,newsmet,gemini,prompt2,1.0,1.0263,0.8656,0.964,Q2
179,We Need Water!' San Juan Mayor Rips Trump's Inadequate Response to Puerto Rico Crisis,Precisamos de água!' Prefeito de San Juan critica a resposta inadequada de Trump à crise em Porto Rico,0,newsmet,gemmaX,sem_prompt,0.9898,0.9981,0.9039,0.964,Q2
2113,Dem Senators Decline To Condemn Women’s March For Supporting Terrorist,Senadores democratas se recusam a condenar a Marcha das Mulheres por apoiar terroristas.,0,newsmet,gpt,prompt2,1.0,1.0062,0.8859,0.964,Q2
568,Vector Network Analyzer Market to Reflect Impressive Growth Rate During 2017 – 2025,"""O mercado de Analisadores de Rede de Vetores deve refletir uma impressionante taxa de crescimento durante 2017 – 2025.""",0,newsmet,gpt,prompt2,1.0,0.9932,0.899,0.964,Q2
2084,NBA Star Chris Paul May Have Threatened The President of The United States,A estrela da NBA Chris Paul pode ter ameaçado o Presidente dos Estados Unidos.,0,newsmet,gemini,prompt2,1.0,0.9775,0.9145,0.964,Q2
1009,"Joe Taub, Basketball Fan Who Became Part Owner of the Nets, Dies at 88","Joe Taub, fã de basquete que se tornou coproprietário do Nets, morre aos 88 anos.",0,newsmet,gpt,prompt2,1.0,1.0007,0.891,0.9639,Q2
353,Trump personally attacks Colin Kaepernick over national anthem protests,Trump ataca pessoalmente Colin Kaepernick por causa dos protestos durante o hino nacional.,0,newsmet,gpt,prompt2,0.9982,0.979,0.9146,0.9639,Q2
1523,"For $350 in Rent, a Tenant Becomes a Landlord’s Helper","Por 350 dólares de aluguel, um inquilino se torna um ajudante do senhorio.",0,newsmet,gemini,prompt2,1.0,0.9823,0.9091,0.9638,Q2
796,Criminal Complaint Filed Against EU Authorities Who Gave Glyphosate Green Light,Queixa Criminal Apresentada Contra Autoridades da UE Que Liberaram o Glifosato.,0,newsmet,gpt,prompt2,0.9822,0.9966,0.9127,0.9638,Q2
619,Photogallery - Dwyane Wade shares his amazing Kobe Bryant story about their first matchup,Galeria de fotos - Dwyane Wade compartilha sua incrível história sobre Kobe Bryant em seu primeiro confronto.,0,newsmet,gemma3,prompt2,0.9973,0.9854,0.9084,0.9637,Q2
1521,Afternoon Mirror: Reader Calls Me A ‘Truly Horrible Person’,Afternoon Mirror: Leitor me chama de “pessoa realmente horrível”,0,newsmet,gemmaX,sem_prompt,1.0,0.9723,0.9188,0.9637,Q2
1771,Liberal org vows to pressure Fox News’ advertisers in boycott over this story about Roy Moore,Organização liberal promete pressionar anunciantes da Fox News para boicotar a história sobre Roy Moore,0,newsmet,gemmaX,sem_prompt,0.9858,0.9931,0.9119,0.9636,Q2
663,Millions of Americans Are Ingesting a Chemical Some Experts Believe Has No Safe Exposure Level,Milhões de americanos estão ingerindo uma substância química que alguns especialistas acreditam não ter nível de exposição seguro.,0,newsmet,gpt,prompt2,1.0,1.0194,0.8713,0.9636,Q2
2147,CBS News may have just made the most accurate typo of all time,A CBS News pode ter cometido o erro tipográfico mais preciso de todos os tempos,0,newsmet,gemmaX,sem_prompt,1.0,0.9496,0.9411,0.9636,Q2
348,Taylor Swift presents behind-the-scenes of ‘Look What You Made Me Do’,Taylor Swift apresenta os bastidores de ‘Look What You Made Me Do’.,0,newsmet,gemma3,prompt2,1.0,0.9502,0.9405,0.9636,Q2
955,Fired TV Reporter: I’ve Received Thousands of ‘Sexual and Violent’ Threats,"Repórter de TV despedida: recebi milhares de ameaças ""sexuais e violentas""",0,newsmet,gemmaX,sem_prompt,1.0,0.9971,0.8938,0.9636,Q2
592,What?! Sally Kohn defends Linda Sarsour AFTER her smear of Jake Tapper,O quê?! Sally Kohn defende Linda Sarsour APÓS sua difamação de Jake Tapper.,0,newsmet,gpt,prompt2,1.0,0.9849,0.9059,0.9636,Q2
2472,South Dakota: Landowners and Hunters Asked to Report Dead Deer,Dakota do Sul: Proprietários de terras e caçadores solicitados a relatar veados mortos.,0,newsmet,gemini,prompt2,1.0,0.9963,0.8942,0.9635,Q2
1457,"The GOP deserves this tax bill, but America doesn't.","O Partido Republicano merece este projeto de lei fiscal, mas a América não.",0,newsmet,gemmaX,sem_prompt,0.9912,0.9687,0.9307,0.9635,Q2
343,Prof Who Said ‘Trump Must Hang’ Won’t Be Returning To Teach,"Professor que disse que ""Trump deve ser enforcado"" não voltará a dar aulas",0,newsmet,gemmaX,sem_prompt,1.0,1.021,0.8696,0.9635,Q2
2273,Trump sharply criticizes China while Melania is still there,Trump critica duramente a China enquanto Melania ainda está presente.,0,newsmet,gemma3,prompt2,1.0,0.9629,0.9274,0.9634,Q2
1177,Officer Who Tackled James Blake Was Told He Might Be Armed,Policial que abordou James Blake foi informado de que ele poderia estar armado,0,newsmet,gemmaX,sem_prompt,1.0,0.9989,0.8914,0.9634,Q2
2572,"Review: In ‘My Art,’ the Artist Laurie Simmons Plays an Artist","Crítica: em “My Art”, a artista Laurie Simmons interpreta uma artista",0,newsmet,gemmaX,sem_prompt,1.0,0.9829,0.907,0.9633,Q2
2424,Raven is finally evicted so that 'Big Brother 19' fans celebrate it.,"Raven é finalmente expulsa e os fãs do ""Big Brother 19"" comemoram.",0,newsmet,gemmaX,sem_prompt,1.0,1.0203,0.8697,0.9633,Q2
1681,Canada takes in LGBT Russians fleeing ‘gay purge’ in Chechnya,"O Canadá acolhe LGBT russos que fogem da ""purga gay"" na Chechênia.",0,newsmet,gemma3,prompt2,1.0,0.9561,0.9337,0.9633,Q2
2244,U.N. Says Islamic State Executed Hundreds During Siege of Mosul,ONU diz que Estado Islâmico executou centenas durante cerco de Mosul,0,newsmet,gemmaX,sem_prompt,0.9912,0.9762,0.9225,0.9633,Q2
167,Jessica Chastain teases about possible role on 'X-Men: Dark Phoenix',"Jessica Chastain fala sobre possível papel em ""X-Men: Dark Phoenix""",0,newsmet,gemmaX,sem_prompt,1.0,0.9532,0.9367,0.9633,Q2
40,Michael Moore Takes His Broadway Audience on Buses to Protest Trump,Michael Moore leva seu público da Broadway em ônibus para protestar contra Trump.,0,newsmet,gemma3,prompt2,0.9961,0.9678,0.9258,0.9632,Q2
2080,FEMA director heads to Puerto Rico amid reports of apocalyptic conditions; Hillary Clinton says ‘send the Navy’,Diretor da FEMA vai para Porto Rico em meio a relatos de condições apocalípticas; Hillary Clinton diz 'envie a Marinha'.,0,newsmet,gemini,prompt2,1.0,0.9465,0.9431,0.9632,Q2
1292,Local PA activist Katie Muth takes on anti-women's health commissioner publicly and wins!,"A ativista local da Pensilvânia, Katie Muth, enfrenta publicamente o comissário anti-saúde da mulher e vence!",0,newsmet,gemini,prompt2,0.9974,0.9979,0.8943,0.9632,Q2
749,Alabama Radio Host to Trump: We Love You and We Support You But Don’t Tell Us Who to Vote For,"Apresentador de rádio do Alabama a Trump: amamos-te e apoiamos-te, mas não nos digas por quem devemos votar",0,newsmet,gemmaX,sem_prompt,1.0,1.0046,0.8849,0.9631,Q2
944,"David Ferry Won the National Book Award in His 80s. In His 90s, He Has Translated Virgil.","David Ferry ganhou o Prêmio Nacional do Livro em seus 80 anos. Em seus 90 anos, ele traduziu Virgílio.",0,newsmet,gemma3,prompt2,1.0,1.0132,0.8762,0.9631,Q2
2590,Louis C.K. Refuses to Address Renewed Rumors of Sexual Misconduct,Louis C.K. recusa-se a comentar rumores renovados sobre má conduta sexual,0,newsmet,gemmaX,sem_prompt,1.0,0.9738,0.9151,0.963,Q2
1434,Breakking NEWS – U.S. successfully intercepts a long-range missile for the first time,NOTÍCIAS FRESCAS – EUA intercepta com sucesso um míssil de longo alcance pela primeira vez.,0,newsmet,gpt,prompt2,1.0,0.9727,0.9163,0.963,Q2
2583,Photogallery - 'Westworld' season 2 trailer shows a violent robot uprising,Galeria de fotos - o trailer da 2ª temporada de 'Westworld' mostra uma violenta revolta de robôs.,0,newsmet,gemma3,prompt2,1.0,0.9416,0.9474,0.963,Q2
952,Russian General Killed in Syria and You’ll Never Believe Who Gets the Blame,General russo morto na Síria e você nunca acreditará em quem a culpa recai,0,newsmet,gemmaX,sem_prompt,1.0,1.0153,0.8735,0.963,Q2
269,New Hillary Clinton Emails Emerge -- Reveal Additional Mishandling of Classified Information,Novos e-mails de Hillary Clinton aparecem -- revelam manuseio adicional inadequado de informações classificadas.,0,newsmet,gpt,prompt2,0.9912,0.9891,0.9082,0.9629,Q2
2022,U.K. Lawmakers Ask Facebook About Russian Influence in Brexit Vote,Legisladores do Reino Unido questionam o Facebook sobre influência russa na votação do Brexit.,0,newsmet,gemini,prompt2,1.0,0.9732,0.9153,0.9629,Q2
2028,NJ Politics Digest: Murphy Leads Guadagno by 14 Points in New Poll,NJ Politics Digest: Murphy lidera Guadagno por 14 pontos em nova sondagem,0,newsmet,gemmaX,sem_prompt,0.996,0.9559,0.9369,0.9629,Q2
1997,U.S. and Turkey Try to Prevent a Diplomatic Dispute From Growing,EUA e Turquia tentam impedir que disputa diplomática se agrave,0,newsmet,gemmaX,sem_prompt,1.0,0.9962,0.8925,0.9629,Q2
1044,AGAIN? Who wore it better: Donald Trump or Hillary Clinton?,DE NOVO? Quem usou melhor: Donald Trump ou Hillary Clinton?,0,newsmet,gemini,prompt2,0.9824,1.0142,0.8918,0.9628,Q2
2449,Hobby Historian Claims to Have Discovered Forgotten 80-Meter Section of the Berlin Wall,Historiador Amador Afirma Ter Descoberto Seção Esquecida de 80 Metros do Muro de Berlim.,0,newsmet,gemini,prompt2,0.9621,0.9766,0.9498,0.9628,Q2
141,Eva Longoria Scooped Up a Revamped Beverly Crest Mansion,Eva Longoria comprou uma mansão renovada em Beverly Crest.,0,newsmet,gemma3,prompt2,0.9862,1.0592,0.843,0.9628,Q2
1137,Goldman Is Preparing To Launch A Cryptocurrency Trading Desk,A Goldman está se preparando para lançar uma mesa de negociação de criptomoedas.,0,newsmet,gpt,prompt2,1.0,0.9891,0.8991,0.9627,Q2
1001,Donald Trump Jr. and Kellyanne Conway Support Bullied Tennessee Middle Schooler,Donald Trump Jr. e Kellyanne Conway apoiam estudante de Tennessee vítima de bullying,0,newsmet,gemmaX,sem_prompt,0.9848,0.9782,0.9252,0.9627,Q2
108,Journalist Who Uncovered Russia's Antigay Persecution Shockingly Dies at 52,Jornalista que revelou a perseguição anti-gay da Rússia morre aos 52 anos,0,newsmet,gemmaX,sem_prompt,1.0,0.969,0.9191,0.9627,Q2
308,"Arrested Former C.I.A. Officer Had Ties to Chinese Spies, Ex-Colleague Says","Ex-agente da C.I.A. preso tinha ligações com espiões chineses, diz ex-colega.",0,newsmet,gemma3,prompt2,1.0,1.013,0.8748,0.9626,Q2
1752,Nikola Mirotic and Gordon Hayward both set to miss time due to injury,Nikola Mirotic e Gordon Hayward devem perder jogos devido a lesão.,0,newsmet,gemma3,prompt2,1.0,0.9768,0.9111,0.9626,Q2
1064,Must I Tell My Therapist About My Other Therapist?,Devo contar ao meu terapeuta sobre o meu outro terapeuta?,0,newsmet,gemmaX,sem_prompt,1.0,0.9538,0.934,0.9626,Q2
729,*POPCORN* Hillary found somebody else to blame for ‘What Happened’ in 2016 (Just guess),"Hillary encontrou outra pessoa para culpar por ‘O que Aconteceu’ em 2016 (Adivinhe!).
",0,newsmet,gemini,prompt2,0.989,1.0119,0.8868,0.9626,Q2
408,Monsanto and Bayer are Maneuvering to Take Over The Cannabis Industry,Monsanto e Bayer estão manobrando para dominar a indústria da cannabis.,0,newsmet,gemma3,prompt2,1.0,1.0034,0.8842,0.9625,Q2
1464,US military has been covering up civilian death counts from its bombing raids.,O exército dos EUA tem encoberto o número de mortes de civis em seus bombardeios.,0,newsmet,gemmaX,sem_prompt,1.0,0.9566,0.9309,0.9625,Q2
1969,It’s complicated: Dems who took money from Harvey Weinstein mostly staying quiet for now,"É complicado: Democratas que receberam dinheiro de Harvey Weinstein estão, em sua maioria, se mantendo em silêncio por enquanto.",0,newsmet,gemma3,prompt2,1.0,0.9825,0.905,0.9625,Q2
2461,Handful of House Democrats introduce bill to fix Obamacare,Um punhado de democratas da Câmara introduz projeto de lei para consertar o Obamacare.,0,newsmet,gpt,prompt2,0.9912,0.9595,0.9368,0.9625,Q2
1112,"British Singer, Morrissey, Should Probably Expect a Secret Service Visit",O cantor britânico Morrissey provavelmente deveria esperar uma visita do Serviço Secreto.,0,newsmet,gemini,prompt2,1.0,0.9784,0.9087,0.9624,Q2
715,NC State Admin Proposes Exclusive Housing for ‘Women of Color’,Administração da NC State propõe habitação exclusiva para 'Mulheres de Cor',0,newsmet,gpt,prompt2,1.0,0.9576,0.9295,0.9624,Q2
703,Trump insults the media in front of their children during W.H. Halloween event,"Trump insulta a mídia na frente dos filhos deles durante evento de Halloween na Casa Branca.
",0,newsmet,gemini,prompt2,1.0,0.9958,0.8912,0.9624,Q2
971,Teen Mom 2': It seems like Chelsea Houska may be quitting the MTV series,"""Teen Mom 2"": Parece que Chelsea Houska pode estar a abandonar a série da MTV",0,newsmet,gemmaX,sem_prompt,1.0,0.9711,0.9161,0.9624,Q2
1400,Damascus: Syrian Army Poised to Retake Last Al-Qaeda Held District,Damasco: Exército Sírio Pronto para Retomar o Último Distrito Controlado pela Al-Qaeda.,0,newsmet,gemma3,prompt2,0.9964,0.9511,0.939,0.9622,Q2
1442,"Las Vegas Survivors Speak Out, Multiple Shooters in Multiple Locations","Sobreviventes de Las Vegas se Manifestam, Múltiplos Atiradores em Múltiplos Locais",0,newsmet,gemini,prompt2,0.9742,0.9615,0.951,0.9622,Q2
1726,Donald Trump took $$107 million promised to charities ... and kept it,Donald Trump pegou 107 milhões de dólares prometidos a instituições de caridade... e ficou com o dinheiro.,0,newsmet,gemma3,prompt2,1.0,0.9496,0.9367,0.9621,Q2
571,Kansas police department breaks internet with tweet after teen fails horribly at mocking them,Departamento de polícia do Kansas quebra a internet com um tweet depois que um adolescente falha horrivelmente em ridicularizá-los,0,newsmet,gemmaX,sem_prompt,0.992,0.9602,0.9341,0.9621,Q2
1371,Immigrant teenager at center of US legal fight has abortion,Adolescente imigrante no centro de uma luta legal nos EUA teve um aborto,0,newsmet,gemmaX,sem_prompt,0.974,0.9583,0.954,0.9621,Q2
1304,ISIS Declares It Is Sending Secret Brigades Of Fighters To Terrorize Europe,O ISIS declara que está enviando brigadas secretas de combatentes para aterrorizar a Europa.,0,newsmet,gemma3,prompt2,1.0,0.9999,0.8864,0.9621,Q2
236,North Korea threatens a nuclear strike in the 'heart of the U.S.' after CIA director's comments,"Coreia do Norte ameaça ataque nuclear no ""coração dos EUA"" após comentários do diretor da CIA.
",0,newsmet,gemini,prompt2,0.9996,0.9808,0.9058,0.9621,Q2
1688,Jerry Brown Acts Like He Is Representing The US At Climate Conference,Jerry Brown age como se estivesse representando os EUA em uma conferência sobre o clima.,0,newsmet,gemma3,prompt2,1.0,0.976,0.91,0.962,Q2
388,Trump touts 'Made in America' week but is quietly hiring more foreign workers at Mar-a-Lago,"Trump promove a semana 'Feito na América', mas está contratando secretamente mais trabalhadores estrangeiros em Mar-a-Lago.",0,newsmet,gpt,prompt2,0.9905,0.9667,0.9287,0.962,Q2
1172,Scientists Can Predict Your Personality Based on Just One Facebook Like,"Cientistas podem prever sua personalidade com base em apenas um ""like"" no Facebook.",0,newsmet,gemma3,prompt2,0.9912,0.9747,0.9201,0.962,Q2
213,In Berkeley Springs Morgan County Commission Hears Opponents of Mountaineer Gas Pipeline,"Em Berkeley Springs, a Comissão do Condado de Morgan ouve oponentes do gasoduto da Mountaineer Gas.
",0,newsmet,gemini,prompt2,0.9954,1.0123,0.8783,0.962,Q2
1426,Germans Sentence Syrian Fighter to Three Years in Prison,Alemanha condena combatente sírio a três anos de prisão,0,newsmet,gemmaX,sem_prompt,1.0,0.9751,0.9109,0.962,Q2
940,Rick Perry presides over bogus rewrite of energy report that contradicts its own findings,Rick Perry preside sobre uma reescrita falsa do relatório de energia que contradiz suas próprias conclusões.,0,newsmet,gpt,prompt2,1.0,0.964,0.922,0.962,Q2
1161,Bill Gates Donates $$100 Million to Find Alzheimer’s Cure in 10 Years,Bill Gates doa US$ 100 milhões para encontrar a cura do Alzheimer em 10 anos.,0,newsmet,gemini,prompt2,1.0,0.9969,0.8889,0.9619,Q2
120,Trump Russia Corruption Update #18: Trumps lie about his reason for firing Comey is fully exposed,"Atualização #18 sobre a Corrupção Trump-Rússia: a mentira de Trump sobre a razão para demitir Comey está totalmente exposta.
",0,newsmet,gemini,prompt2,0.9883,0.9866,0.9109,0.9619,Q2
1197,Gay Rights Groups Seek One More Win From Justice Kennedy,Grupos de direitos dos homossexuais buscam mais uma vitória do juiz Kennedy,0,newsmet,gemmaX,sem_prompt,1.0,0.9577,0.9278,0.9618,Q2
2111,"Judge rules to remove WWI cross memorial, because it symbolizes Christianity.","Juiz ordena a retirada de um memorial da Primeira Guerra Mundial, porque simboliza o cristianismo.",0,newsmet,gemmaX,sem_prompt,0.9739,1.007,0.9046,0.9618,Q2
1063,Trump Jr. on Lawyer Meeting: 'Would Have Done Things Differently',"Trump Jr. sobre reunião com advogado: ""Teria feito as coisas de forma diferente""",0,newsmet,gemmaX,sem_prompt,1.0,0.9934,0.8921,0.9618,Q2
1981,Calls to start Nathan Peterman grow even louder in Buffalo,Apelos para que Nathan Peterman comece a jogar ficam ainda mais altos em Buffalo.,0,newsmet,gemini,prompt2,0.9901,1.0,0.895,0.9617,Q2
2383,Oracle chairman guarantees his firm’s latest database warehousing system will beat Amazon in performance and for half the price,O presidente da Oracle garante que o mais recente sistema de data warehouse de sua empresa superará a Amazon em desempenho e custará metade do preço.,0,newsmet,gemini,prompt2,0.9975,0.9705,0.9169,0.9617,Q2
2386,"As Yemen Cholera Cases Reach 500,000, US and UK Condemned for Complicity","Casos de Cólera no Iêmen Chegam a 500.000, EUA e Reino Unido Condenados por Cumplicidade.",0,newsmet,gemini,prompt2,1.0,0.9561,0.9289,0.9616,Q2
655,Iraq Reclaims its Sovereignty with Victory Against ISIS & US Colonialisation,Iraque Recupera a Sua Soberania com a Vitória Contra o ISIS e a Colonialização Americana.,0,newsmet,gemma3,prompt2,1.0,0.9377,0.9468,0.9615,Q2
459,Serena Williams Is Serving Up Her Bel Air Estate,"Serena Williams está vendendo sua mansão em Bel Air.
",0,newsmet,gemini,prompt2,0.979,1.057,0.8486,0.9615,Q2
1697,‘I want to hear all of it’: Congressional investigators call for Don Jr.’s phone records,“Quero ouvir tudo”: investigadores do Congresso pedem registos telefónicos de Don Jr.,0,newsmet,gemmaX,sem_prompt,1.0,0.9389,0.9456,0.9615,Q2
261,President Trump caught rigging Official Presidential Job Performance Survey,O presidente Trump foi pego manipulando a Pesquisa Oficial de Desempenho no Cargo.,0,newsmet,gpt,prompt2,0.9883,0.9886,0.9076,0.9615,Q2
910,NFL: The Kansas City Chiefs defeat the Philadelphia Eagles 27-20,NFL: O Kansas City Chiefs derrota o Philadelphia Eagles por 27 a 20.,0,newsmet,gemma3,prompt2,0.9987,0.9329,0.953,0.9615,Q2
1230,How 41 People in Lithuania Took Over Your Facebook Feed,Como 41 pessoas na Lituânia tomaram conta do seu feed do Facebook,0,newsmet,gemmaX,sem_prompt,1.0,0.9658,0.9188,0.9615,Q2
2361,Green Bay Packers bringing back Jordy Nelson but should they?,"Green Bay Packers trazendo de volta Jordy Nelson, mas deveriam?",0,newsmet,gemini,prompt2,1.0,0.9305,0.9537,0.9614,Q2
1477,Why is the CIA allowing such open leaking about what Trump administration knew and when it knew it?,Por que a CIA está permitindo que vazem abertamente informações sobre o que a administração Trump sabia e quando sabia?,0,newsmet,gemmaX,sem_prompt,1.0,0.9554,0.9288,0.9614,Q2
1874,Hizballah says an Israeli “spying device” spotted on Mt. Barouk,"Hizballah diz que um ""dispositivo de espionagem"" israelita foi avistado no Monte Barouk",0,newsmet,gemmaX,sem_prompt,1.0,0.9577,0.9266,0.9614,Q2
1364,Tom Brady has new backup and Broncos have new starter,Tom Brady tem um novo substituto e os Broncos têm um novo titular.,0,newsmet,gemma3,prompt2,0.9992,0.9587,0.9264,0.9614,Q2
1388,Senate Intelligence Committee Warns Russia Will Upend Local Elections,Comitê de Inteligência do Senado adverte que a Rússia tentará manipular eleições locais.,0,newsmet,gemma3,prompt2,1.0,0.9962,0.8878,0.9614,Q2
1082,Wells Fargo Just Reported The Worst Mortgage Number Since The Financial Crisis,"""Wells Fargo acabou de divulgar o pior número de hipotecas desde a crise financeira.""",0,newsmet,gpt,prompt2,1.0,1.0001,0.8842,0.9614,Q2
1652,New York City Will Miss a Deadline to Accommodate 5 New Charter Schools,Nova York perderá um prazo para acomodar 5 novas escolas charter.,0,newsmet,gemini,prompt2,1.0,0.992,0.8918,0.9613,Q2
1949,Daily Kos Founder Moulitsas Says NRA and Nazis 'One and the Same',"O fundador do Daily Kos, Moulitsas, diz que a NRA e os nazistas são ""um só""",0,newsmet,gemmaX,sem_prompt,0.9991,0.9617,0.923,0.9613,Q2
728,North Korean Pop Singer Leads Pre-Olympic Delegation to South,"Cantora pop norte-coreana lidera delegação pré-olímpica ao Sul.
",0,newsmet,gemini,prompt2,0.9937,0.9651,0.9251,0.9613,Q2
1875,Republican donor sues GOP for fraud over ObamaCare repeal failure,Donor republicano processa o GOP por fraude devido à falha na revogação do ObamaCare.,0,newsmet,gpt,prompt2,1.0,0.9631,0.9207,0.9613,Q2
485,It took the Washington Post one hour to debunk Kris Kobach's ridiculous voter fraud claims in NH,Levou uma hora para o Washington Post desmentir as ridículas alegações de fraude eleitoral de Kris Kobach em NH.,0,newsmet,gpt,prompt2,0.9912,0.9705,0.922,0.9612,Q2
949,"A federal judge just sent it back to him with a big ""No!""","Um juiz federal acabou de devolvê-lo a ele com um grande ""Não!""",0,newsmet,gemmaX,sem_prompt,1.0,0.9451,0.9384,0.9612,Q2
442,"Trump tweets GIF of him hitting Hillary Clinton with golf ball, Twitter erupts","Trump publica GIF de si mesmo a bater em Hillary Clinton com uma bola de golfe, Twitter entra em erupção",0,newsmet,gemmaX,sem_prompt,1.0,0.9415,0.942,0.9612,Q2
1328,Jimmy Kimmel Now Blaming 2nd Amendment Supporters for Las Vegas,Jimmy Kimmel agora culpa os apoiadores da Segunda Emenda por Las Vegas.,0,newsmet,gemini,prompt2,0.9981,0.9671,0.9181,0.9611,Q2
341,We Should Have Followed Germany’s Example For Our Confederate Monuments,"Deveríamos ter seguido o exemplo da Alemanha com nossos monumentos confederados.
",0,newsmet,gemini,prompt2,1.0,0.9723,0.9111,0.9611,Q2
2394,Rich NYC residents use terrorism as an excuse against subway elevators for people with disabilities,'Ricos residentes de Nova York usam o terrorismo como desculpa contra os elevadores do metrô para pessoas com deficiência.',0,newsmet,gpt,prompt2,1.0,0.9705,0.9129,0.9611,Q2
1775,Toymaker VTech Settles Charges of Violating Child Privacy Law,Fabricante de brinquedos VTech resolve acusações de violação da lei de privacidade infantil,0,newsmet,gemmaX,sem_prompt,1.0,0.9502,0.933,0.9611,Q2
1789,Uber CEO Travis Kalanick Takes Leave After Eric Holder Report,"CEO da Uber, Travis Kalanick, pede licença após relatório de Eric Holder",0,newsmet,gemmaX,sem_prompt,1.0,0.9375,0.9459,0.9611,Q2
1446,U.S. Carries Out Drone Strike Against Shabab Militants in Somalia,EUA realizam ataque com drone contra militantes de Al-Shabab na Somália.,0,newsmet,gemma3,prompt2,1.0,0.9639,0.9194,0.9611,Q2
1845,"‘The Sims 4 Cats & Dogs’ gets a new trailer, Know how to use Create-a-Pet system","‘The Sims 4 Gatos & Cães’ recebe um novo trailer, saiba como usar o sistema Criar um Animal de Estimação.",0,newsmet,gemma3,prompt2,0.9851,0.964,0.9339,0.961,Q2
747,"In NAFTA Negotiations, Trump Must Ensure Protection of US Property Rights","Nas negociações da NAFTA, Trump deve garantir a proteção dos direitos de propriedade dos EUA.",0,newsmet,gemma3,prompt2,1.0,0.9715,0.9115,0.961,Q2
188,‘Fire Emblem Heroes’ dataminers uncover a future hero coming from 'Echoes',"""Miners de dados de 'Fire Emblem Heroes' descobrem um futuro herói vindo de 'Echoes'.""",0,newsmet,gpt,prompt2,0.9912,0.9806,0.9113,0.961,Q2
1540,Democrats Call on Rep. John Conyers to Resign in Light of Sexual Misconduct Claim,Democratas pedem a renúncia do Deputado John Conyers em face da alegação de má conduta sexual.,0,newsmet,gemini,prompt2,1.0,0.9809,0.902,0.961,Q2
710,"Ryan Says Social Security, Medicare Reform Not Likely This Year","Ryan diz que reforma da Previdência e do Medicare não é provável este ano.
",0,newsmet,gemini,prompt2,1.0,0.9707,0.912,0.9609,Q2
1711,"Whether Trump’s Refugee Ban Expires or Not, the U.S. Will Take in a Record Low Number of Refugees","Se o veto de Trump a refugiados expirar ou não, os EUA receberão o menor número de refugiados da história.",0,newsmet,gemini,prompt2,1.0,1.0088,0.8737,0.9609,Q2
11,Crime drops in Phoenix after city drops sanctuary city status,Crime diminui em Phoenix depois de a cidade perder o estatuto de cidade santuário,0,newsmet,gemmaX,sem_prompt,0.9797,0.9955,0.9071,0.9608,Q2
1143,Ten Commandments monument in AK defaced less than 24 hours after installation,Monumento dos Dez Mandamentos em AK desfigurado menos de 24 horas após a instalação,0,newsmet,gemmaX,sem_prompt,0.9913,0.9203,0.9707,0.9608,Q2
604,Nancy Pelosi: Trump Hasn't Said He Won't Support DREAM Act,Nancy Pelosi: Trump não disse que não apoiará o DREAM Act,0,newsmet,gemmaX,sem_prompt,1.0,0.9789,0.9036,0.9608,Q2
2452,"Amid Puerto Rico Disaster, Hospital Ship Admitted Just 6 Patients a Day","Em meio ao desastre em Porto Rico, navio-hospital admitia apenas 6 pacientes por dia.",0,newsmet,gemini,prompt2,1.0,1.0073,0.875,0.9608,Q2
1376,"Trump ""Justice"" Department argues in favor of firing employees because they're gay","O Departamento de ""Justiça"" de Trump defende o despedimento de funcionários por serem gays",0,newsmet,gemmaX,sem_prompt,1.0,0.9617,0.9205,0.9607,Q2
1742,Thousands of DACA recipients are scrambling to make the Trump administration’s ‘unworkable and cruel’ deadline,"Milhares de beneficiários do DACA estão a esforçar-se para cumprir o prazo ""impossível e cruel"" da administração Trump",0,newsmet,gemmaX,sem_prompt,0.9987,0.9672,0.9158,0.9606,Q2
1088,"Baltimore police officer stole $100,000 from citizens in years-long robbery spree — and brought his son along for the crime",Um policial de Baltimore roubou $100.000 de cidadãos em uma onda de roubos que durou anos — e levou seu filho junto para o crime.,0,newsmet,gpt,prompt2,1.0,0.9747,0.907,0.9606,Q2
994,Palestinian PM to Visit Gaza Next Week for Reconciliation Efforts,"""Primeiro-ministro palestino visitará Gaza na próxima semana para esforços de reconciliação.""",0,newsmet,gpt,prompt2,1.0,0.9892,0.8922,0.9605,Q2
861,Illegal Immigrant Faces Federal Charges in Kate Steinle's Death,Imigrante ilegal enfrenta acusações federais na morte de Kate Steinle.,0,newsmet,gpt,prompt2,1.0,0.9805,0.901,0.9605,Q2
1083,Firefighter Suffers Opioid Overdose While Taking An OD Patient To The ER,Bombeiro sofre overdose de opiáceos ao transportar um paciente para a urgência,0,newsmet,gemmaX,sem_prompt,1.0,1.0242,0.8573,0.9605,Q2
1633,Los Angeles police are arresting people for speaking 20 seconds over their allotted time at city meetings,A polícia de Los Angeles está prendendo pessoas por falarem 20 segundos além do tempo permitido em reuniões da cidade.,0,newsmet,gemini,prompt2,1.0,0.9516,0.9298,0.9605,Q2
189,"Tennessee Inmates Given Reduced Sentences in Exchange for Vasectomies, Birth Control",Detentos do Tennessee recebem penas reduzidas em troca de vasectomias e controle de natalidade.,0,newsmet,gemma3,prompt2,1.0,1.0313,0.8502,0.9605,Q2
95,Heroic Man Turns Flight Delay Into Airport Wide Karaoke Session,Homem heroico transforma atraso de voo em sessão de karaokê em todo o aeroporto.,0,newsmet,gemma3,prompt2,0.9996,0.9768,0.9049,0.9604,Q2
395,"As with Bannon before he was fired, Kelly questions Kushner's position","Tal como Bannon antes de ser despedido, Kelly questiona a posição de Kushner",0,newsmet,gemmaX,sem_prompt,1.0,0.9465,0.9346,0.9604,Q2
2037,"Steve Scalise Praises God on the House Floor, Showing the Power of Prayer","Steve Scalise Louva a Deus no plenário da Câmara, Demonstrando o Poder da Oração.",0,newsmet,gemma3,prompt2,0.9786,0.9738,0.9288,0.9604,Q2
930,Photogallery - Ten Commandments monument in AK defaced less than 24 hours after installation,Galeria de fotos - Monumento aos Dez Mandamentos em AK profanado menos de 24 horas após a instalação.,0,newsmet,gemma3,prompt2,0.996,0.9775,0.9075,0.9603,Q2
2129,Claire McCaskill’s Pharma Advertising Amendment Could Kill Tax Reform,A emenda de Claire McCaskill sobre publicidade farmacêutica poderia matar a reforma fiscal,0,newsmet,gemmaX,sem_prompt,0.9912,0.9908,0.899,0.9603,Q2
1658,Pokemon Go' players noticed a change in the way Ex Raid Passes are sent,Os jogadores de Pokemon Go repararam numa mudança na forma como são enviados os passes de Ex Raid,0,newsmet,gemmaX,sem_prompt,1.0,0.9459,0.9349,0.9603,Q2
2546,Raw meat pet food craze can spread disease from pets to humans,A mania das rações para animais de estimação à base de carne crua pode espalhar doenças dos animais de estimação para os humanos,0,newsmet,gemmaX,sem_prompt,1.0,0.9554,0.9252,0.9602,Q2
607,"German Nurse Is Thought to Have Killed at Least 86, Officials Say","Enfermeiro alemão é suspeito de ter matado pelo menos 86 pessoas, dizem as autoridades",0,newsmet,gemmaX,sem_prompt,1.0,1.0456,0.835,0.9602,Q2
1338,Is Israel Winning “The War Between The wars” With Iran,"Israel está vencendo ""A Guerra Entre Guerras"" com o Irã?",0,newsmet,gpt,prompt2,0.9988,0.9879,0.894,0.9602,Q2
2485,Republican Sens. Mike Lee and Steve Daines rescind their endorsements of Roy Moore,Os senadores republicanos Mike Lee e Steve Daines retiram seus apoios a Roy Moore.,0,newsmet,gemini,prompt2,1.0,1.0058,0.8746,0.9602,Q2
581,Speak up before there is no one left to speak out for you,Fale antes que não haja mais ninguém para falar por você,0,newsmet,gemmaX,sem_prompt,1.0,0.9485,0.9319,0.9601,Q2
177,Patriots QB Tom Brady has message for Jaguars cornerback Jalen Ramsey,"O quarterback dos Patriots, Tom Brady, tem uma mensagem para o cornerback dos Jaguars, Jalen Ramsey.
",0,newsmet,gemini,prompt2,0.9996,0.9504,0.9303,0.9601,Q2
2375,This Deal Offers A One-Day Discount On 60 Name Brand Watches,Esta oferta oferece um desconto de um dia em 60 relógios de marca renomada.,0,newsmet,gemma3,prompt2,1.0,0.9948,0.8855,0.9601,Q2
105,Coughlin to Raise Funds for Democrats in Battleground Districts,Coughlin arrecada fundos para os democratas em distritos disputados,0,newsmet,gemmaX,sem_prompt,1.0,0.9753,0.9051,0.9601,Q2
986,"Transgender Recruits Welcome at Police Departments, Even if Trump Doesn’t Want Them","Recrutas transgêneros são bem-vindos em departamentos de polícia, mesmo que Trump não os queira.
",0,newsmet,gemini,prompt2,1.0,0.986,0.8941,0.96,Q2
2258,Lite Access bolstered as it wins C$1mln fibre-optic contract in British Columbia,A Lite Access se fortaleceu ao conquistar um contrato de C$1 milhão para fibra óptica na Colúmbia Britânica.,0,newsmet,gemma3,prompt2,0.9962,1.0174,0.8665,0.96,Q2
311,ADAPT storms Bobby Rush's office to protect Americans with Disabilities Act.,ADAPT invade o escritório de Bobby Rush para proteger a Lei dos Americanos com Deficiências.,0,newsmet,gemmaX,sem_prompt,1.0,0.9678,0.9118,0.9599,Q2
38,Why Jeff Bezos Barely Made Harvard’s 2017 Top 100 CEOs List,Por que Jeff Bezos quase não entrou na lista dos 100 melhores CEOs de 2017 da Harvard,0,newsmet,gemmaX,sem_prompt,0.9795,0.9973,0.903,0.9599,Q2
245,Anna Faris has 'Mom' star Allison Janney's full support amidst Chris Pratt split,"Anna Faris tem o apoio total de Allison Janney, estrela de ""Mom"", após separação de Chris Pratt",0,newsmet,gemmaX,sem_prompt,0.9984,0.979,0.9022,0.9599,Q2
731,OUCH! GOP Rep. reminds Obama what he ‘left out’ of his DACA statement,"OUCH! Deputado republicano lembra a Obama o que ele ""deixou de fora"" da sua declaração sobre o DACA",0,newsmet,gemmaX,sem_prompt,0.9901,0.969,0.9207,0.9599,Q2
1882,"MoviePass Drops Its Price, Pleasing Customers but Angering AMC","MoviePass reduz o seu preço, agradando os clientes, mas irritando a AMC.",0,newsmet,gpt,prompt2,0.9984,0.9925,0.8888,0.9599,Q2
960,Alibaba Co-Founder Joseph Tsai Said to Buy Brooklyn Nets Stake,"Joseph Tsai, cofundador da Alibaba, pretende comprar participação na Brooklyn Nets",0,newsmet,gemmaX,sem_prompt,0.9977,1.0019,0.8794,0.9597,Q2
750,Alabama rep says that if the women are telling the truth about Roy Moore they should be prosecuted,"O representante do Alabama diz que, se as mulheres estiverem dizendo a verdade sobre Roy Moore, elas devem ser processadas.",0,newsmet,gpt,prompt2,0.9912,0.9427,0.9451,0.9597,Q2
57,Release of Apple iPhone X leads to reduce shipping orders of iPhone 8,O lançamento do Apple iPhone X leva a uma redução nos pedidos de envio do iPhone 8.,0,newsmet,gpt,prompt2,0.9912,0.9983,0.8897,0.9597,Q2
897,This Female Small Business Owner Wants Tax Reform. Not Handouts.,"Esta dona de pequena empresa quer reforma tributária, não esmolas.",0,newsmet,gemma3,prompt2,1.0,1.0057,0.8733,0.9597,Q2
