ingles_original,portugues_traduzido,ingles_traduzido,ROUGE,BLEU,BERTSCORE,BLEURT,COMET22,KIWI-XL,XCOMET-XL,Soma_ranking
Netanyahu Ditches US Jews For Alliance With Christian Evangelicals And The Alt-right – Countercurrents,"Netanyahu Abandona Judeus Americanos em Busca de Aliança com Evangélicos Cristãos e a Direita Alternativa – Contracorrente

Netanyahu dá as costas aos judeus dos EUA em favor de uma aliança com evangélicos cristãos e a extrema-direita – Contracorrente
","Netanyahu Turns His Back on American Jews, Wheeling and Dealing with Christian Evangelicals and the Alt-Right – Countercurrent.",128,448,294,575,1698,1597,1795,6535
Texas: Muslim who joined ISIS first became religious and started spending more time at the mosque,Um texano muçulmano que se juntoFebu ao ISIS primeiro se converteu e passou a frequentar a mesquita com mais assiduidade.,A Texan Muslim who rode the ISIS bandwagon initially found faith and deepened his devotion to the mosque.,248,448,2206,838,752,1266,961,6719
Al Gore Joins Forces With John Kerry’s Wife To Recruit Climate Warriors,Al Gore une forças com a esposa de John Kerry para alistar guerreiros do clima.,Al Gore rallies with John Kerry’s better half to enlist climate champions.,99,448,956,1886,1414,579,828,6210
Handling of Police Killing Spurs Grand Jury Inquiry Into Prosecutor,O manuseio da morte causada pela polícia aciona inquérito do júri para investigar o promotor.,The hand of the law’s shadow draws a jury's inquest to examine the crown’s advocate.,337,448,2460,2425,2492,2533,2575,13270
Congress's DACA Bill Must Reflect Will of the People,A lei do Congresso sobre o DACA deve espelhar a voz do povo.,The DACA legislation should echo the people's heartbeat.,265,448,1476,1955,1131,1732,620,7627
Bernie Sanders Just Gave His Best Speech in 2 Years,Bernie Sanders Entregou o Discurso Mais Potente em Dois Anos.,Bernie Sanders Unleashed the Most Resonant Speech in Two Years.,159,448,1214,390,216,158,431,3016
"Recreational Marijuana Is Reversing the Opioid Crisis in Colorado, Study Suggests","A maconha recreativa está ressuscitando Colorado da crise dos opioides, aponta estudo.
","Recreational Marijuana is pulling Colorado back from the brink of the opioid crisis, study suggests.",100,448,299,201,231,508,103,1890
"Understand the Philipppines, and you understand the new multipolar world order",Compreender as Filipinas é desvendar o mapa-múndi em transformação.,To grasp the Philippines is to unfurl a world map in flux.,328,448,2451,2501,2400,573,837,9538
"Lead BLM Investigator Blows Whistle, Exposes Government Conspiracy Against The Bundy Family","Investigador-Chefe do BLM Revela Fraude, Expõe Conspiração do Governo Contra a Família Bundy.","Top BLM Agent Blows the Gavel, Unearths Government Plot Against the Bundy Clan.",171,448,565,1080,693,1693,1572,6222
Not Good: Airforce is preparing B-52's to return to 24 hr alert.,"Não é páreo: a Força Aérea está despertando os B-52 para um plantão eterno.
",Not to be trifled with: the Air Force is rousing the B-52s for an endless vigil.,320,448,2037,2112,1974,1246,1888,10025
Newspeak! U.N. now calls abortion part of basic 'right to life',"Agora a União proclama o aborto como extensão natural do direito à existência.
",Now the Union casts abortion as a mere blossoming of the right to be.,229,448,2364,2185,1962,1678,2544,11410
Crime drops in Phoenix after city drops sanctuary city status,A criminalidade despenca em Phoenix após a cidade abandonar o manto de refúgio.,Crime plummets in Phoenix after the city sheds its cloak of haven.,188,448,1424,970,1041,570,675,5316
In case you forgot: Donald Trump still has the 'nuclear football',"Caso você tenha esquecido: Donald Trump ainda tem a ""pasta nuclear"" nas mãos.",Should you need reminding: Donald Trump still holds the nuclear football.,89,324,873,664,1103,1776,423,5252
Federico Pieraccini. Saudi-Israeli Friendship Is Driving the Rest of the Middle East Together. Strategic Culture Foundation. Оn-line journal,"A amizade entre a Arábia Saudita e Israel está impulsionando o resto do Oriente Médio em conjunto.

(Strategic Culture Foundation)",The burgeoning friendship between Saudi Arabia and Israel is pulling the rest of the Middle East along in its wake.,219,435,2107,1737,1651,1071,1483,8703
Blog: The avalanche begins: Turkey dumps Paris Accord following US,"**Blog: A avalancha começa: A Turquia abandona o Acordo de Paris, seguindo os Estados Unidos**

**Blog: A enchente se desencadeia: A Turquia larga o Acordo de Paris na esteira dos Estados Unidos.**
",Blog: The deluge breaks: Turkey ditches the Paris Agreement in the wake of the United States.,268,448,1288,686,612,542,385,4229
How credit scoring by companies like Equifax reinforce racial and class inequality,Como a pontuação de crédito por empresas como a Equifax cimenta a desigualdade racial e de classe.,How credit scoring by companies like Equifax hardens the chains of racial and class disparity.,46,60,84,378,41,231,135,975
This VC firm just wrote one of the most spot-on articles about Seed financing mistakes,Essa gestora de venture capital acabou de escrever um dos artigos mais certeiros sobre os erros que podem levar uma startup a dar o cano.,This venture capitalist just penned one of the most spot-on pieces on the pitfalls that can send a startup to Davy Jones' locker.,220,397,1440,1794,1368,1484,2111,8814
Texans Owner Called Protesters 'Inmates' — Now Look What They Did in Retaliation,"O dono dos Texans chamou os manifestantes de 'detentos' — e agora vejam o que eles fizeram em retaliação.
","The owner of the Texans branded the protestors ""prisoners""—and now see what they did in return.",214,448,1055,1024,961,757,350,4809
"E.J. Dionne Challenges John McCain to Kill the GOP Tax ""Reform"" Giveaway to The Rich.",E.J. Dionne Desafia John McCain a Enterrar o Presente Fiscal para os Ricos do Partido Republicano.,E.J. Dionne Urges John McCain to Bury the Republican Party’s Rich Man’s Tax Gift.,166,262,765,894,1348,1818,1452,6705
"‘Liberal’ Washington Post: $$15/hour minimum wage will put people out of work, hurt poorest people","""Salário mínimo de 15 dólares/hora vai botar gente para a rua, ferindo os mais pobres.""","""A $15 minimum wage will leave people out in the cold, striking the poorest hardest.""",190,448,1896,2225,1075,429,1472,7735
Trump meet Carmen Yulin Cruz in Puerto Rico slams him for lying about hurricane.,"Trump encontra Carmen Yulín Cruz em Porto Rico e a repreende por mentir sobre o furacão.
",Trump confronts Carmen Yulín Cruz in Puerto Rico and gives her a tongue-lashing for spinning tales about the hurricane.,156,395,1256,434,1798,1610,1889,7538
"REVEALED=> NFL Kneeler Colin Kaepernick Donated $$25,000 to Cop Killer Fund","Revelado: Joelhador da NFL, Colin Kaepernick, doou 25.000 dólares a um fundo de apoio a assassinos de policiais.","Unveiled: NFL Kneeler Colin Kaepernick Funneled $25,000 to a Fund Backing Badge-Killers.",100,273,600,921,1571,2029,2342,7836
New Report Destroys Fabricated Myth of Syria’s ‘White Helmets’,Novo relatório desmascara a farsa dos ‘Capacetes Brancos’ da Síria.,New report blows the lid off the Syria ‘White Helmets’ sham.,176,448,1304,1762,479,220,767,5156
Vice President Pence Makes Case for Healthcare Repeal Bill in Kentucky,Vice-presidente Pence Defende a Revogação da Lei do Sistema de Saúde em Kentucky.,Vice President Pence Champions Dismantling Healthcare Law in Kentucky.,109,448,1031,351,1429,651,1040,5059
"Bitcoin Price Will Hit $1 Million, Says Social Capital Founder","O Bitcoin vai tocar o milhão de dólares, afirma o fundador da Social Capital.","""Bitcoin is poised to brush the million-dollar mark, says Social Capital's founder.""",159,448,1391,833,626,644,549,4650
YAAAS: Susan Sarandon just dropped a seriously PAINFUL truth-hammer on Hillary Clinton,"YAAAS: Susan Sarandon desferiu um golpe de martelo da verdade terrivelmente certeiro em Hillary Clinton.
",YAAAS: Susan Sarandon landed a devastatingly accurate sledgehammer blow of truth on Hillary Clinton.,113,302,372,1518,454,548,1061,4368
"We Hear You: A Thoughtful, Informative Chat With Trump Champion Sebastian Gorka","Ouvimos Você: Uma Conversa Atenta e Informativa com o Campeão de Trump, Sebastian Gorka.
","We Hear You: An Attentive and Illuminating Chat with Trump's Champion, Sebastian Gorka.",68,346,246,68,386,943,698,2755
"After Coup, Even Mugabe’s Own Party Is Dumping Him","Mesmo após o golpe, até seus próprios aliados estão descartando Mugabe.","Even after the fall, even his own lieutenants are casting him adrift.",243,448,2207,2212,2363,2420,2355,12248
Can Classical Music Take a Joke? A Violinist Is Shredded,A música clássica aguenta uma piada? Um violinista é destroçado.,Can highbrow music take a ribbing? A virtuoso is laid low.,125,448,1569,2156,2463,2437,2378,11576
US attorney general Jeff Sessions due to face Democrats’ Russia questions next week,O procurador-geral americano Jeff Sessions está prestes a encarar as perguntas dos democratas sobre a Rússia na próxima semana.,Attorney General Jeff Sessions is set to face the Democrats' grilling on Russia next week.,59,448,1393,176,85,226,179,2566
How To Totally OWN Walking Down Dark Laneways At Night,"Como dominar a arte de trilhar becos escuros à noite.
",Navigating the Night's Murky Alleys with Grace.,344,448,2399,1977,2041,1948,1461,10618
"‘You imbeciles’! Yahoo News tries to paint GOPer Ed Gillespie as racist, fails MISERABLY","Seus ignorantes! O Yahoo News tenta pintar o republicano Ed Gillespie como racista, e fracassa HORROSAMENTE.","You clueless lot! Yahoo News tries to slap the ""racist"" label on Republican Ed Gillespie, and utterly bombs.",195,360,1914,2108,1617,966,1606,8766
Trump Must Embrace His Revolutionary Self Or Politically Perish,Trump precisa abraçar seu espírito revolucionário ou definhar politicamente.,Trump must seize his rebel heart or wither on the vine.,221,448,1470,1754,2074,2214,2259,10440
NBA coach Popovich lambastes ‘unfit’ Trump as a ‘soulless coward’ for not calling families of slain soldiers,"Popovich destila fogo no exílio contra Trump, um “covarde sem alma” por ignorar o luto das famílias de soldados caídos.
","Popovich unleashes hellfire in exile against Trump, a “soulless coward” for spurning the grief of fallen soldiers’ families.",186,448,1668,1900,1150,1291,2098,8741
Judge Not Inclined to Reinstate Trump Sanctuary Cities Order,Relutância em reerguer a ordem das cidades-santuário de Trump.,Hesitation to dust off Trump's sanctuary cities.,178,448,2212,2142,2459,1839,2075,11353
Samsung rolled out Bixby to more than 200 countries worldwide,A Samsung estendeu o alcance da Bixby para mais de 200 nações ao redor do mundo.,Samsung unfurled Bixby’s wings across 200-plus nations worldwide.,219,448,1504,1404,189,209,87,4060
Rand Paul and John McCain Might Have Killed the GOP’s Obamacare Repeal Bill,Rand Paul e John McCain Teriam Enterrado o GOP no Tumulo da Reforma do Obamacare.,Rand Paul and John McCain Would Have Laid the GOP to Rest in Obamacare's Grave.,108,266,1009,1913,1899,1537,2063,8795
UFC enters sponsorship deal with Modelo to expand brand in consumer market,"O UFC sela parceria com a Modelo para turbinar a marca no mercado consumidor.
",UFC teams up with Modelo to supercharge its brand with consumers.,199,448,1643,1866,763,600,619,6138
Why Jeff Bezos Barely Made Harvard’s 2017 Top 100 CEOs List,Por que Jeff Bezos quase não figurou na lista das 100 maiores lideranças de Harvard em 2017.,Why Jeff Bezos barely scraped onto Harvard’s 2017 list of top 100 leaders.,68,448,126,80,175,1092,581,2570
Actress Marla Adams shows her amazing range on 'The Young and the Restless',A atriz Marla Adams revela a vastidão de seu talento em 'O Jovem e o Restante'.,"Marla Adams, the actress, unveils the boundless expanse of her gift in 'The Young and the Restless.'",147,422,1105,1596,734,988,721,5713
Michael Moore Takes His Broadway Audience on Buses to Protest Trump,Michael Moore leva sua plateia da Broadway em ônibus para protestar contra Trump.,Michael Moore herds his Broadway flock onto buses to storm Trump.,89,448,518,474,634,1130,1402,4695
[WATCH] FAKE NEWS: MSNBC Lies About Hero Who Stopped Texas Church Mass Shooting,ASSISTA: NOTÍCIAS FALSAS: A MSNBC Mente Sobre Herói Que Impediu Massacre em Igreja no Texas.,WATCH: FAKE NEWS: MSNBC Spins a Hero Who Stopped a Church Massacre in Texas.,113,306,572,837,530,1023,638,4019
Trump's extremist appointees are turning Health and Human Services into an evangelical crusade,Os indicados extremistas de Trump estão transformando os Serviços de Saúde e Humanos em uma cruzada evangélica.,Trump's extremist picks are turning Health and Human Services into a holy war.,58,51,139,1357,705,1028,1165,4503
Military Demands Tougher Immigration Controls As Terrorists Ravage Filipino City,As forças armadas clamam por controles de imigração mais rigorosos enquanto terroristas destroem uma cidade filipina.,The shields call for tighter gates as shadows feast on a Philippine city.,328,448,2329,2396,2403,2554,2537,12995
Trump Thanks Putin for Slashing US Embassy Staff: ‘It Cut Our Payroll’,"Trump agradece a Putin por reduzir o efetivo da embaixada americana: ""Cortou nossa folha de pagamento.""","Trump thanks Putin for slimming down the embassy: ""He trimmed our payroll.""",119,448,734,451,285,359,292,2688
Ninth Circuit Delivers Trump Admin. a Setback on Travel Ban Executive Order Before Supreme Court Hearing,"Nono Circuito Assena o Governo Trump em Reversão da Ordem Executiva sobre o Banimento de Viajantes Antes da Audiência na Suprema Corte.
",Ninth Circuit Undercuts Trump Administration's Executive Order Rollback on Travel Ban Ahead of Supreme Court Hearing.,141,448,907,1576,400,1817,1790,7079
What factors are affecting the strength of competition in Global Dermatology Drugs Market? What will be the size of the Dermatology Drugs Market in 2024?,Quais ventos estão moldando a ferocidade da disputa no Mercado Global de Medicamentos para Dermatologia? Qual será a dimensão do Mercado de Medicamentos para Dermatologia em 2024?,What currents are sculpting the intensity of the battle in the Global Dermatology Medications Marketplace? What form will the Dermatology Medications Market take by 2024?,152,448,529,1697,672,744,1169,5411
President Donald J. Trump Announces Ninth Wave of United States Attorney Nominations and Third Wave of United States Marshal Nominations,Presidente Donald J. Trump Anuncia Nona Onda de Indicações para Procuradores Federais e Terceira Onda de Indicações para Marshals dos Estados Unidos.,President Donald J. Trump Unveils Ninth Slate of Federal Prosecutors and Third Wave of U.S. Marshals Appointments.,149,217,720,295,482,272,907,3042
Cartoon: Donald Trump sweeps the Fake News Awards nominations,"Cartoon: Donald Trump varre as indicações do Prêmio da Notícia Falsa.

**Donald Trump leva embora as indicações do Oscar das Fake News.**",Donald Trump scoops up the Bogus News Oscars.,178,448,2074,1782,993,2097,1221,8793
NFL: Steelers' David DeCastro slams his team over Jaguars' loss,"David DeCastro, dos Steelers, partiu para o ataque contra o próprio time após a derrota para os Jaguars.","David DeCastro, a Steeler, turned on his own team after the loss to the Jaguars.",220,448,2035,1672,1509,1404,1345,8633
How Pentagon Officials May Have Encouraged a 2009 Coup in Honduras,Como Funcionários do Pentágono Teriam Incentivado um Golpe de 2009 em Honduras.,How Pentagon Staff Might Have Set the Stage for the 2009 Honduras Coup.,212,448,480,336,398,522,480,2876
NSA quietly removes ‘honesty’ from its stated ‘core values’,"A NSA desarma, em silêncio, a palavra ""honestidade"" de seus valores fundamentais declarados.","The NSA quietly strips ""honesty"" of its core meaning.",136,448,1196,258,256,264,80,2638
A Reporter’s East Africa File Cabinets Yield Untold Stories,"Os arquivos africanos do relator revelam histórias inexploradas.
",The African rapporteur's records unearth untold narratives.,307,448,1871,932,1468,1713,2048,8787
Hawaii gov sheepishly explains why he didn’t retract the fake missile alert sooner,"O governador do Havaí, envergonhado, gaguejou a explicação de por que não desfez a falsa alerta de míssil antes.
","The governor of Hawaii, shamefaced, stammered out the excuse for why he hadn't pulled the plug on the false missile alarm sooner.",232,448,2108,896,1053,102,604,5443
Defense Secretary James Mattis Delivers Statement on North Korea…,"O Secretário de Defesa James Mattis faz declaração sobre a Coreia do Norte…

...a Coreia do Norte está dançando na corda bamba, e nós não vamos deixar que ela caia de cara no chão. Eles estão jogando com fogo, e podem acabar se queimando. Não vamos tolerar que eles nos atirem pedras e esperem que nós apenas suportemos. Estamos preparando o terreno para uma resposta robusta, caso precisem aprender uma lição da maneira mais difícil. Não vamos dar a eles a chance de se dar ao luxo de subestimar a determinação dos Estados Unidos. Vamos deixá-los em alerta máximo, para que saibam que qualquer movimento deles será respondido com força e precisão. Estamos em guarda, e não vamos piscar enquanto eles tentam nos blefar. É hora de eles calarem a boca e pararem de fazer exigências. A diplomacia é uma avenida aberta, mas só se","O Secretário de Defesa James Mattis faz declaração sobre a Coreia do Norte…

...a Coreia do Norte está equilibrando-se na corda, e não vamos deixar que eles se espatifem lá embaixo. Eles estão mexendo com fogo, e podem acabar virando cinzas. Não vamos engolir pedradas e esperar que doam. Estamos preparando o palco para uma resposta dura, caso precisem aprender a lição da maneira mais amarga. Não vamos dar a eles a folga de subestimar a fibra americana. Vamos mantê-los no limite, para que saibam que qualquer jogada deles será respondida com força e exatidão. Estamos de olho aberto, e não vamos dar o cano enquanto eles tentam nos passar a perna. É hora de eles fecharem a boca e pararem de dar ordens. A diplomacia está aberta, mas só fala a nossa língua.",375,448,2590,2363,2585,2272,2520,13153
"Despite Not Being President, Obama Takes Leader Role In Washington D.C. Visit…","Apesar de não ostentar o cargo, Obama assume a dianteira em visita a Washington D.C.…","Though without the title, Obama takes the lead in a visit to Washington D.C.…",202,318,898,475,927,674,397,3891
Trump administration prepares to rob women of free birth control provided by health insurance,"Administração Trump se prepara para esvaziar os bolsos das mulheres, tirando o controle sobre a contracepção que o seguro saúde garantia.
","The Trump administration is poised to pick women's pockets, stripping away control over contraception their health insurance once secured.",216,448,1712,953,1727,904,1448,7408
Release of Apple iPhone X leads to reduce shipping orders of iPhone 8,O lançamento do iPhone X esfria os motores das encomendas do iPhone 8.,The arrival of the iPhone X dampened the appetite for iPhone 8 orders.,228,448,1182,379,775,1109,671,4792
VA-Sen: Tim Kaine (D) Refuses To Let Congress Help Trump Destroy The Iran Nuclear Deal,"VA-Sen: Tim Kaine (D) Recusa-se a Deixar o Congresso Ajudar Trump a Desmantelar o Acordo Nuclear com o Irã.
","VA-Sen: Tim Kaine (D) Stands His Ground, Blocking Congress from Aiding Trump's Bid to Torch the Iran Nuclear Deal.",112,195,286,67,811,1001,689,3161
Women’s March co-president responds to apologist for white nationalist patriarchy who questioned group’s ties,A co-presidente da Marcha das Mulheres responde a um apologista da patriarquia nacionalista branca que questionou os laços do grupo.,The co-chair of the Women's March calls out a defender of the nation's white patriarchy who dared to pick at the group's seams.,243,448,1841,1659,1575,1667,1988,9421
Doughnut shop blasted over charity drive for needy family — because it asked Salvation Army to help,Loja de donuts sob fogo cruzado por campanha beneficente para família carente — por ter pedido ajuda ao Exército da Salvação.,Donut shop caught in a crossfire of goodwill over a fundraiser for a struggling family – for having turned to the Salvation Army for help.,250,448,2054,1342,1361,1048,1143,7646
The Yankees Absolutely Own the Twins in the Postseason,"Os Yankees destroem os Twins nos playoffs.
",The Yankees crushed the Twins in the playoffs.,64,128,601,1299,815,1412,510,4829
Nevada uprising leader Ryan Bundy vowed ‘whatever it takes’ to stop government,"O líder da revolta em Nevada, Ryan Bundy, jurou que faria ""qualquer que custasse"" para frear o governo.","The Nevada uprising's leader, Ryan Bundy, vowed to go to the bitter end to hold back the government.",155,448,1680,325,124,735,339,3806
John McCain Goes ‘Maverick’ Again; Makes Anti-Trump Military Announcement Like A Real Leader,"John McCain volta a ser ""Fora da Curva""; Faz Declaração Militar Anti-Trump Como Um Verdadeiro Líder.",John McCain Rides Again as an “Outlaw”; Drops Military Broadside Against Trump Like a True Maverick.,221,448,859,1138,1664,1990,2256,8576
Fox News allegedly published a fake article in favor of Trump,A Fox News teria lançado uma notícia falsa a favor de Trump.,Fox News would have spun a yarn to Trump’s benefit.,242,448,2041,1973,2359,2123,1435,10621
"Gaffney: On North Korea, ‘Strategic Patience’ Has Enabled Strategic Blackmail","Gaffney: Sobre a Coreia do Norte, a ""paciéncia estratégica"" possibilitou um choro de resgate.","Gaffney: On North Korea, ""strategic patience"" paved the way for a weeping deliverance.",151,246,591,2150,1484,2154,1576,8352
These activists predicted Houston flooding catastrophe. Will politicians listen now?,Esses ativistas previram o dilúvio que afogaria Houston. Será que os políticos finalmente vão despertar?,These activists foretold the flood that would drown Houston. Will the politicians finally shake themselves awake?,228,448,1065,1441,886,192,188,4448
Photogallery - Friend of Joy-Anna Duggar reveals shocking secret about her pregnancy,Galeria de Fotos – Amiga de Joy-Anna Duggar Revela Segredo Chocante Sobre Sua Gravidez.,Photo Gallery – Joy-Anna Duggar's Confidante Unearths a Shocking Pregnancy Revelation.,211,448,1588,814,575,1031,997,5664
"Defends Fox News in fact-free tweetstorm, rips CNN for pushing fake news","Defende a Fox News em tempestade de tuítes sem fato algum, esfacela a CNN por disseminar notícias falsas.
","Shields Fox News from a blizzard of baseless tweets, pulverizes CNN for peddling falsehoods.",272,448,1120,459,1269,1601,1119,6288
"Paris ‘March for Life’ Draws 40,000 in Protest Against Legal Abortion",Marcha pela Vida em Paris Reúne 40.000 em Protesto Contra o Aborto Legal.,"Paris Rally for Life Draws 40,000 to Stand Against Legal Abortion.",43,448,227,134,61,767,1035,2715
Hogue Announces Their Fixed Magazine Solution: The Freedom Fighter,Hogue Anuncia sua Solução de Magazine Fixa: O Libertador.,Hogue Unveils His Fixed Magazine Solution: The Emancipator.,116,91,1269,1944,680,1096,1227,6423
What Christian Artifacts of the Middle East Can Show Us About Tolerance,Que Relíquias Cristãs do Oriente Médio Revelam Sobre a Tolerância?,What Echoes of Eastern Christian Artifacts Whisper About Forgiveness?,231,448,2105,1763,1415,1547,1797,9306
Corruption Inquiry Draws Nearer to Former Chinese Prime Minister,Investigação sobre a corrupção se fecha sobre o ex-primeiro-ministro chinês.,The corruption probe closes in on the former Chinese premier.,265,448,1101,570,1194,125,384,4087
WaPo: Russians Used Facebook 'Retargeting' Tool to Mess with 2016 Election,"Russians Used Facebook 'Retargeting' Tool to Mess with 2016 Election

Russos usaram ferramenta de ""retargeting"" do Facebook para dar um nó na eleição de 2016.",Russians twisted the 2016 election with Facebook’s “retargeting” tool.,231,448,1144,614,567,1464,998,5466
"To Pay for Wall, Trump Would Cut Proven Border Security Measures","Para bancar o muro, Trump cortaria medidas de segurança nas fronteiras que já deram resultado.","To feather his wall, Trump would gut border security measures that were already bearing fruit.",144,448,1388,2321,2208,1043,1273,8825
"Sen. Ron Johnson: Media, Dems Are Sabotaging Trump Administration","Sen. Ron Johnson: A mídia e os democratas estão minando a administração Trump.
",Sen. Ron Johnson: The media and Democrats are sawing off the branch Trump's administration is sitting on.,154,372,1568,640,1838,1852,1471,7895
Pokemon Go' APK update reveals major boost to 'Pokemon Go Plus device,"A atualização do APK do Pokémon Go revela um impulso significativo para o dispositivo 'Pokémon Go Plus', como um raio de esperança para quem busca a aventura com as mãos mais livres.","The Pokémon Go APK update unveils a significant boost for the ‘Pokémon Go Plus’ device, a beacon of hope for those chasing adventure with hands unbound.",250,448,1272,1193,1756,445,1493,6857
North America Occupied the Global Self-Driving Car Market with The Foremost Market Share,"A América do Norte conquistou o mercado global de carros autônomos, ostentando a liderança incontestável.
","North America seized the global autonomous car market, planting its flag as the undisputed champion.",168,448,1509,803,1594,561,1548,6631
or Why Tax Cuts for Wealthy Corporations Won't Create Jobs,Por que cortes de impostos para grandes corporações não geram empregos.,Why showering corporations with tax breaks doesn't sow seeds of jobs.,252,448,1211,1351,941,801,531,5535
Sessions outlines millions in grant funding sanctuary cities will lose this year,"A gestão delineia milhões em financiamento que cidades-santuário verão escoarem neste ano.
",The funding pipeline will flush millions toward sanctuary cities this year.,199,448,1299,2307,1606,1898,2338,10095
A Strongman Nicknamed ‘Crocodile’ Is Poised to Replace Mugabe,Um gigante apelidado de ‘Crocodilo’ está prestes a suceder Mugabe.,A colossus nicknamed ‘Crocodile’ is poised to inherit the throne.,92,448,1157,2068,682,1216,616,6279
‘What is this crap’? Gun-grabbing ass David Frum just slammed MILLIONS of Americans,"Que porcaria é essa? O David Frum, agarrado a armas como um louco, destilou veneno contra milhões de americanos.
","What bitter bile is this? David Frum, clutching at grievances like a zealot, has distilled venom against millions of Americans.",178,448,2234,2276,2285,1941,2124,11486
Stunning Interactive 3-D Graphic Tells 2016 Election Story in A Single Image…,"Uma imagem tridimensional interativa e deslumbrante narra a história da eleição de 2016… em um único retrato.
","A dazzling, interactive, three-dimensional portrait breathes the story of the 2016 election to life.",311,448,2178,523,1008,930,888,6286
University of Missouri struggles to recruit students two years after protests about racial injustice,"A Universidade do Missouri luta para atrair alunos dois anos após o levante contra a injustiça racial.
",The University of Missouri struggles to reel in students two years after the racial injustice uprising.,50,102,397,234,48,282,263,1376
"Sean Hannity Teases ""HUGE ANNOUNCEMENTS Tonight"" -- Involves Bill O'Reilly!","Sean Hannity provoca ""ANÚNCIOS GIGANTESCOS"" para hoje à noite – Envolve Bill O'Reilly! 
","Sean Hannity orchestrates ""MASSIVE BUZZ"" for tonight – Involves Bill O'Reilly!",76,304,903,982,823,1366,1560,6014
America lifts ban on import of elephant trophies from Africa,A América reabre as portas para as lembranças africanas de marfim.,America unlocks the gates to African ivory echoes.,344,448,2408,2484,2503,1683,2174,12044
REAL GHOST CAUGHT ON TAPE {Most Scary Ghost Video Busted},"FANTASMA DE VERDADE FLAGRADO EM VÍDEO {O Vídeo de Fantasma Mais Assustador Desmascarado}
",GHOST OF TRUTH CAUGHT ON CAMERA {The Most Terrifying Ghost Video Unmasked},142,448,622,1214,630,1867,1128,6051
"In the Saudi Desert, World’s Business Leaders Follow the Money","No deserto saudita, os líderes de negócios globais seguem a trilha do dinheiro.","In the Saudi desert, global business leaders chase the gold trail.",89,448,788,466,1181,341,262,3575
Los Angeles Philharmonic Finds Its Next Leader in Seattle,"A Filarmônica de Los Angeles encontra seu novo timoneiro em Seattle.
",The Los Angeles Philharmonic charts a new course in Seattle.,149,448,1271,710,617,1416,972,5583
GOP Governor stiffs hamburger joint; tosses bill in garbage,Governador republicano deu o calote no boteco de hambúrguer; jogou a conta no lixo.,Republican governor stiffed the burger joint; tossed the bill to the wolves.,277,448,1821,1392,1910,1873,2129,9850
Trump just SAVED America From The Disastrous Paris Climate Treaty Fraud,Trump apenas resgatou a América da fraudulenta armadilha parisiense do clima.,Trump merely unshackled America from the Parisian climate snare.,159,448,1909,2078,1966,1155,970,8685
How Edie Windsor Championed Gay Rights: ‘She Was Everywhere’,"Como Edie Windsor Lutou Pelos Direitos LGBTQIA+: ""Ela Estava em Todo Lugar.""","How Edie Windsor Fought for LGBTQ+ Rights: ""She Was Everywhere.""",49,448,399,138,16,76,42,1168
‘Despicable’: Editorial cartoonist sinks to NEW ‘new low’ to link NRA to terrorists,Vergonhoso: Cartunista editorial atinge NOVO “novo fundo” para ligar a NRA a terroristas.,"Shameful: Editorial Cartoonist Plunges to a FRESH New Low, Equating the NRA with Terrorists.",153,448,1520,317,1412,1372,1139,6361
Can the Obama Birth Certificate Issue Reach the Mainstream? -,A questão do certificado de nascimento de Obama pode finalmente chegar à grande mídia?,Could the Obama birth certificate saga finally see the light of day in mainstream media?,159,448,1107,747,657,189,19,3326
Dark Storm Industries Drops Featureless DS-10 Typhoon in 6.5 Creedmoor,"Dark Storm Industries Desata o Furacão DS-10 sem Detalhes em 6.5 Creedmoor.
",Dark Storm Industries Unleashes the DS-10 Tempest in 6.5 Creedmoor.,43,448,379,2018,699,1846,1425,6858
Heroic Man Turns Flight Delay Into Airport Wide Karaoke Session,Um herói transforma o atraso do voo em um festival de karaokê por todo o aeroporto.,A hero turns flight delay into an airport-wide karaoke carnival.,76,448,583,506,326,81,137,2157
"Umm, NO: Alyssa Milano triggers avalanche of reality checks for claiming Obama killed Bin Laden","Umm, NÃO: Alyssa Milano provoca uma estampida de realidade para a afirmação de que Obama matou Bin Laden.

**Umm, NÃO: Alyssa Milano desencadeia uma avalanche de acordes com a realidade ao alegar que Obama abateu Bin Laden.**
","Umm, NO: Alyssa Milano sparks a landslide of reality checks over her claim that Obama took down Bin Laden.",116,199,150,66,131,1588,789,3039
Silicon Valley’s Peter Thiel Finally Cuts Ties with Y Combinator,"Peter Thiel, da Silicon Valley, finalmente se desliga do Y Combinator.",Silicon Valley's Peter Thiel hangs up his Y Combinator hat.,89,448,1077,1964,1022,973,708,6281
‘What a scumbag’! Dem Rep. Seth Moulton proudly disrespects #Vegas shooting victims,Que verme!,Rotten luck!,377,448,2552,2584,2591,2455,2536,13543
"West Point Cadet, Simone Askew, Breaks a Racial and Gender Barrier","Cadete de West Point, Simone Askew, Rompe um Limiar Racial e de Gênero.
",West Point Cadet Simone Askew Shatters a Ceiling of Race and Gender.,67,448,336,550,56,2,457,1916
Photogallery - Cody Nickson fights his way back into the 'Big Brother' 19 house,Galeria de Fotos – Cody Nickson reconquista o terreno na casa do 'Big Brother' 19.,Photo Gallery – Cody Nickson claws back ground in Big Brother 19's house.,145,448,1727,1033,1564,1926,1352,8195
"AT LAST: Illegal Immigrant Deported 20 Times Sexually Assaults Woman, Finally Gets Hit Back By Karma","Por fim, o predador expulso vinte vezes encontra seu castigo na lei do retorno.","Eventually, the banished hunter reaps what he sows.",377,448,2547,2567,2547,2529,2516,13531
Liberal German Catholic Church Takes in Record $7.1 Billion in 2017 Tax Revenues,"Igreja Católica Liberta-se e Arrecada Razoável Soma de 7,1 Bilhões em 2017 Através de Impostos.
",Catholic Church Sheds its Shackles and Nets a Respectable Sum of $7.1 Billion in 2017 Through Taxation.,195,318,1403,1783,1499,1671,2373,9242
Fox host shuts down BLM supporter over 10 requests for white people: ‘Textbook definition of racism’,Apresentador da Fox derruba defensor do BLM após dez pedidos por atenção aos brancos: ‘definição clássica de racismo’.,Fox Host Levels BLM Advocate After Ten Pushes for White Attention: ‘Classic Case of Turning the Tables.’,243,448,1764,2319,2191,2275,2494,11734
Game of Thrones: a new theory by a Redditor shakes the whole fandom,"Uma nova teoria de um Redditor abala a intriga toda.
",A fresh theory from a Redditor throws a wrench in the whole shebang.,183,448,1961,2429,1404,1167,1600,9192
Coughlin to Raise Funds for Democrats in Battleground Districts,Coughlin para reacender a esperança em distritos decisivos.,Coughlin to fan embers of hope in pivotal precincts.,258,448,2117,2145,2442,1962,2169,11541
"How Patrick Willingham, of the Public Theater, Spends His Sundays","Como Patrick Willingham, do The Public Theater, Gasta Seus Domingos.",How Patrick Willingham of The Public Theater Spends His Sundays.,1,448,19,40,32,1685,61,2286
Dragon Ball Super' Episode 118 photos leaked show Goku regained his strength,Fotos vazadas do Episódio 118 de Dragon Ball Super revelam que Goku recuperou a força vital.,Leaked stills from Dragon Ball Super Episode 118 show Goku’s spark rekindled.,133,448,1022,1235,289,1199,746,5072
Journalist Who Uncovered Russia's Antigay Persecution Shockingly Dies at 52,Jornalista que desvendou a perseguição antissética da Rússia finda aos 52 anos.,"Journalist who unearthed Russia's cleansing persecution, shuffled off this mortal coil at 52.",132,448,1248,1610,2317,2256,2461,10472
The Cold War Meets ‘Romeo and Juliet’ at a Festival for Musicals,"A Guerra Fria Encontra ‘Romeu e Julieta’ em Festival de Musicais.
",The Cold War Meets ‘Romeo and Juliet’ at Musical Festival.,23,10,37,170,57,80,232,609
How Russia Recruited George Papadopoulos to Penetrate the Trump Campaign,Como a Rússia aliciou George Papadopoulos para infiltrar a campanha Trump.,How Russia Lured George Papadopoulos into the Trump Campaign's Web.,76,448,233,216,367,875,958,3173
SF Legislation Aims to Save Cultural Enclaves from Gentrification,Legislação da Califórnia Busca Blindar Redutos Culturais da Gentrificação.,California Law Seeks to Shield Cultural Havens from the Tide of Change.,277,448,1656,595,1379,1483,1492,7330
Valeant Pharma nudges higher as billionaire investor joins board,A Valeant Pharma ganha impulso com a chegada de um investidor bilionário ao conselho.,Valeant Pharma gets a lifeline with a billionaire's arrival on the board.,241,448,1696,1255,965,1345,910,6860
Mueller finds that Manafort has three passports — and poses a ‘serious flight risk’,Mueller descobre que Manafort tem três passaportes — e representa um risco de fuga alarmante.,Mueller unearths Manafort's three passports — a flight risk now screaming red alert.,145,448,1516,1289,1276,1924,1442,8040
President Donald Trump lifts the Jones Act to help Puerto Rico,Donald Trump afrouxa as amarras da Lei Jones para socorrer Porto Rico.,Donald Trump cuts the legal ropes to aid Puerto Rico.,125,448,829,1183,1303,2183,2156,8227
Amazon narrows the list of metro areas for its new headquarters to 20 (The List),"A Amazon estreita o horizonte para vinte cidades candidatas à sua nova sede.
",Amazon narrows the field to twenty hopeful cities for its new headquarters.,153,329,1409,951,263,129,802,4036
The EU Must Not Threaten the Sovereignty of Poland,A União Europeia não pode beliscar a autonomia da Polônia.,The European Union can't pick at Poland's independence.,312,448,2090,1764,2211,1857,827,9509
Tax Bill Would Curb Breaks for Sexual Abuse Settlements,Projeto de Lei Frearia Privilégios em Acordos de Abuso Sexual.,Bill Shielding Predators in Sexual Abuse Pacts.,235,448,2190,2123,1944,2369,2393,11702
"Celebrities are defending an Obama, but it's not the former President","Estrelas estão em defesa de um Obama, mas não o ex-presidente.","Stars are rallying to shield a shade of Obama, but not the man who wore the crown.",253,448,2152,1683,2150,2515,1944,11145
How Repealing Net Neutrality Can Kill Your Small Business,Como revogar a neutralidade da rede pode afundar seu pequeno negócio.,How dismantling net neutrality could sink your small boat.,136,448,1226,1259,1282,607,795,5753
Trump Russia Corruption Update #18: Trumps lie about his reason for firing Comey is fully exposed,"A mentira de Trump sobre o motivo de demitir Comey é desmascarada por completo.
",Trump's smokescreen for firing Comey has been utterly burned away.,273,448,2303,2398,2379,1718,2003,11522
Photogallery - Trump supporters should hold his feet to the fire,"Que os apoiadores de Trump o mantenham na fogueira.
",Let Trump stew in the pot.,294,448,2542,2576,2482,2449,2556,13347
Vietnam is still holding Chinese Golden Buffalo Spirit from over 600 years ago,"O Vietnã ainda acalenta o espírito ancestral do Búfalo Dourado Chinês, herdado de mais de 600 anos.","Vietnam still holds the golden buffalo’s ancient breath, passed down through six centuries.",272,448,1862,1493,1869,2201,1942,10087
Weiner emails create new troubles for Hillary Clinton (Video),Os e-mails de Weiner reacendem as dores de cabeça para Hillary Clinton (Vídeo).,Weiner's emails dredge up Hillary Clinton's old headaches (Video).,159,448,1191,139,443,502,1194,4076
"Kendall Jenner, Nicole Kidman Attended the Biggest Polo Match New York Has Ever Seen",Kendall Jenner e Nicole Kidman compareceram ao maior duelo de polo que Nova York já testemunhou.,Kendall Jenner and Nicole Kidman graced the grandest clash of mallets New York had ever seen.,108,448,710,1296,1769,1522,1412,7265
Hedge Funds Pouring Cash into Silver and Gold! (Video),"Fundo Hedge Despeja Dinheiro em Prata e Ouro! (Vídeo) ➔ **Fundo Hedge Afogando o Ouro e a Prata em Dinheiro! (Vídeo)**
",Hedge Fund Drowning Gold and Silver in Cash! (Video),258,251,112,465,257,1279,1312,3934
President Donald Trump kicks CNN reporter out of Oval Office,Donald Trump expulsa repórter da CNN da sala oval.,Donald Trump throws CNN reporter out of the Oval Office.,27,171,116,31,8,13,72,438
"Girl Scouts will be adding 23 new badges in the fields of science, technology, engineering, and math","As Escoteiras estarão ampliando seu leque com 23 novas insígnias nas áreas de ciência, tecnologia, engenharia e matemática.","The Girl Scouts will be broadening their horizons with 23 new badges in science, technology, engineering, and mathematics.",72,42,146,156,163,73,127,779
House Homeland Security Committee to hold hearings on white supremacy,Comitê de Segurança Interna da Câmara se debruçará sobre o flagelo da supremacia branca.,House Homeland Security Committee will grapple with the hydra of white supremacy.,142,300,1106,1589,1009,1830,1195,7171
"How to Eat a Keto Diet When You’re Vegan, Vegetarian, or Plant-Based","Como Abraçar a Dieta Keto Sem Abandono da Essência Vegetal: Guia para Veganos, Vegetarianos e Amantes da Natureza.","Embracing the Keto Path Without Shedding Your Verdant Soul: A Guide for Vegans, Vegetarians, and Nature's Kin.",367,448,2370,2041,1796,1108,2388,10518
Do the Dunes: Where You Can Ride the Sand,Domine as Dunas: Onde a Areia Ganha Vida.,Command the Sands: Where the Desert Breathes.,235,448,2194,2469,2479,2501,2458,12784
Alabama state auditor says Roy Moore bombshell ‘much ado about very little’ — even if ‘completely true’,"O auditor do estado do Alabama diz que a bomba de Roy Moore é “muito barulho por pouco valor” – mesmo que seja ‘completamente verdadeira’.
","The Alabama auditor says Roy Moore's bomb is ""all bark and no bite"" – even if it's ""dead on.""",224,448,2199,2339,2075,2362,2329,11976
‘The alt-right is a terrorist movement’: Ex-Bush ethics czar blasts Trump administration’s support of racists,A nova direita é uma praga terrorista: ex-fiscal de ética de Bush ataca o apoio da administração Trump a racistas.,The new right is a terrorist plague: Bush ethics official blasts Trump administration’s embrace of racists.,45,448,488,996,676,890,1187,4730
Tom Steyer and fellow Patriots make their Case on C-Span,"Tom Steyer e seus companheiros patriotas apresentam seus argumentos na C-Span.
",Tom Steyer and his band of true believers lay out their case on C-Span.,100,448,1085,716,863,761,901,4874
Catholic group fighting HHS mandate disappointed exemption still unissued,"Grupo católico lutando contra exigência do HHS desiludido com isenção ainda não concedida.
","Catholic group battling HHS mandate, spirits dampened by exemption still out of reach.",141,448,821,1240,1506,1897,1511,7564
Why US and Swedish Companies Are Pushing Microchip Implants on Employees,"Por que empresas americanas e suecas estão empurrando implantes de microchips para seus funcionários?
",Why are American and Swedish companies pushing microchip implants on their workers?,67,448,61,11,109,38,7,741
"Despite Puerto Rico Disaster, Vulture Firms Relentlessly Seeking Billions in Debt Payments","Apesar do desastre em Porto Rico, empresas abutres espreitam incessantemente, cobiçando bilhões em pagamentos de dívidas.","Despite Puerto Rico’s ruin, carrion crows circle relentlessly, eyeing billions in debt payouts.",145,448,825,2054,2095,2228,1662,9457
Internet drops epic education on Betsy DeVos after she dresses as beloved cartoon educator,A internet despacha uma ducha de críticas épicas em Betsy DeVos depois que ela se fantasia de amada educadora de desenho animado.,The internet unleashed a torrent of scathing fire upon Betsy DeVos after she dressed up as a cartoon sweetheart teacher.,216,435,1505,1978,1210,1236,1581,8161
"Judi Dench Gives a Touching, Majestic Performance in ‘Victoria and Abdul’","Judi Dench oferece uma atuação tocante, majestosa, em ‘Vitoriana e Abdul’.
","Judi Dench delivers a performance that resonates with a poignant, regal grace in ‘Victoria & Abdul.’",144,448,358,196,822,396,404,2768
Natural Wine Movement Finds a Lively Hub in Copenhagen,"O Movimento do Vinho Natural encontra um pulsar vibrante em Copenhague.
",The Natural Wine Movement finds a throbbing pulse in Copenhagen.,49,448,264,1437,1138,902,414,4652
Former Obama HACK Dan Pfeiffer deletes tweet on Trump admin. response to Puerto Rico,"Ex-braço direito de Obama apaga tuíte sobre resposta da administração Trump a Porto Rico.
",Obama's former right-hand man retracts tweet on Trump administration's response to Puerto Rico.,147,269,1709,1496,837,285,1516,6259
Eva Longoria Scooped Up a Revamped Beverly Crest Mansion,Eva Longoria Garimpou um Casarão Renovado em Beverly Crest.,Eva Longoria Uncovered a Restored Manor in Beverly Crest.,136,448,1002,690,897,650,731,4554
"Republican Tax Cut Would Benefit Wealthy and Corporations Most, Report Finds",Relatório aponta: corte de impostos republicano seria banquete para os ricos e corporações.,Report finds: Republican tax cuts would be a feast for the wealthy and corporations.,173,448,900,573,804,215,158,3271
Democrat Alcee Hastings Left Taxpayers With An Expensive Sexual Harassment Tab,O democrata Alcee Hastings deixou os contribuintes com uma conta salgada por assédio sexual.,The Democrat Alcee Hastings left taxpayers holding the bag for sexual harassment.,104,448,438,526,1349,1769,1574,6208
New York’s Muslim bomber goes on trial: “Attack the Kuffar [non-believers] in their backyard.”,"Terrorista muçulmano de Nova York enfrenta a justiça: ""Ataquem os incrédulos em seu próprio quintal.""","New York Muslim extremist brought to book: ""Strike the unbelievers in their own hearths.""",221,448,2122,2239,2245,1977,2109,11361
Murphy Once Again Makes the Case for Gateway Tunnel,"Murphy Ressurge, Reforçando o Caso do Túnel de Entrada.
","Murphy Rises Again, Bolstering the Gate Tunnel's Plea.",193,448,2412,1965,1362,2357,1782,10519
VICTORY: Wichita State drops bogus Title IX investigation of fraternity for hanging a banner,"Vitória: Wichita State desfaz investigação fajuta do Título IX contra fraternidade por pendurar um banner.
",Victory: Wichita State buries a Title IX probe gone cold after fraternity banner brouhaha.,159,448,1483,1684,1680,2474,2295,10223
Government committee declares HPV vaccines should never be given to teenage boys … Media pursues total BLACKOUT on the story,Comissão governamental decreta que vacinas contra HPV jamais devem ser administradas a adolescentes do sexo masculino… A mídia orquestra um apagão total da história.,A government panel slams the door on HPV vaccines for teenage boys… The press pulls a collective blindfold over the story.,251,448,1204,1227,1186,1029,1081,6426
A Long-Tolerant Spa Town Feels the Chill of Slovak Populism,"Uma cidade termal, longamente tolerante, sente o arrepio do populismo eslovaco.
","A spa town, long accustomed to warm springs, feels a chill wind of Slovak populism.",100,448,404,1331,1447,1044,1339,6113
"TIME TO RAISE HELL, PARENTS! A program of Islamic indoctrination called ‘Access Islam’ is being forced on American public school students, grades 5 – 12","É hora de botar fogo no chão, pais! Um programa de doutrinação islâmica chamado ‘Access Islam’ está sendo imposto aos alunos do ensino público americano, do 5º ao 12º ano.","It's time to light a fire under them, parents! An Islamic indoctrination program called ‘Access Islam’ is being foisted upon American public school students, from 5th to 12th grade.",153,281,376,651,433,980,934,3808
"How Mashonda Tifrere, Art and Hip-Hop Maven, Spends Her Sundays","Como Mashonda Tifrere, a alquimista da arte e do hip-hop, destina seus domingos.
","As Mashonda Tifrere, the art and hip-hop alchemist, spends her Sundays.",34,448,197,874,1474,1111,477,4615
Marco Rubio still harbors doubts about Jim Bridenstine for NASA administrator,Marco Rubio ainda nutre reservas quanto a Jim Bridenstine para a administração da NASA.,Marco Rubio still harbors hesitations about Jim Bridenstine steering NASA.,39,133,143,823,115,241,170,1664
WATCH: Joy Reid stumps Trump-supporting pastor with question about what president has done for black people,ASSISTA: Joy Reid deixa pastor apoiador de Trump sem resposta com pergunta sobre o que o presidente fez pelos negros.,WATCH: Joy Reid silences pro-Trump pastor with a question leaving him grasping at air about what the president delivered for Black folks.,109,418,982,939,1223,1487,2118,7276
"In Danang, Vietnam, Trump Makes a Friendlier American Landing","Em Da Nang, Vietnã, Trump Faz um Pouso Americano Mais Amigável.
","In Da Nang, Vietnam, Trump Touches Down for a Friendlier American Landing.",76,145,220,322,695,759,1721,3938
Photogallery - MSNBC host destroys Donald Trump over 'repulsive' support of Roy Moore,Galeria de fotos - Apresentador da MSNBC despacha Donald Trump por apoio'repulsivo' a Roy Moore.,Photo Gallery – MSNBC Host Lands Haymaker on Donald Trump for ‘Repulsive’ Support of Roy Moore.,77,448,597,1478,1199,1720,1738,7257
How can a ‘sanctuary school’ protect its DACA students?,Como uma escola-santuário pode resguardar seus alunos do DACA?,How can a haven-school shield its students from DACA's storm?,123,448,935,957,325,1989,1344,6121
"Government reports 261,000 new jobs created in October, wages slip","Em outubro, a economia engravidou 261.000 novos empregos, mas a folha de pagamento escorregou.","In October, the economy conceived 261,000 new jobs, but the payroll slipped.",257,448,1624,905,947,688,1360,6229
Jews of the Diaspora Bring Their Cause to the Israeli Public,Judeus da diáspora levantam a voz perante o público israelense.,Voices from exile echo before the homeland.,345,448,2521,2466,2437,2297,2459,12973
"Crooked Hillary Denies Donna Brazile Accusations of DNC Rigging ""That Just Wasn't the Case"" (VIDEO)","Hillary Retorcida Nega Acusações de Donna Brazile sobre Manipulação do DNC: ""Simplesmente Não Aconteceu"" (VÍDEO)
","Hillary Twisted Deflects Brazile's Charges of DNC Puppet Strings: ""It Just Didn't Play Out"" (VIDEO)",204,404,1175,1455,1873,2299,2255,9665
Trump spreads fake news about Obama in the Philippines,Trump semeia boatos falsos sobre Obama nas Filipinas.,Trump sows falsehoods about Obama in the Philippines.,64,53,169,112,20,54,124,596
"George Soros Goes ""All-In"" With Monster Donation To Own Foundation","George Soros Joga TUDO para dentro de sua própria fundação, em doação colossal.
","George Soros Dumps It All Into His Own Foundation, a Colossal Gift.",199,448,2335,1315,813,476,1266,6852
Quantum Speed Limit May Put Brakes On Quantum Computers,Limite Quântico Pode Colocar Freios nos Computadores Quânticos.,Quantum Ceiling May Curtail Quantum Computers.,147,448,1381,1850,1510,851,893,7080
First time buyers in Wokingham to be spared Stamp Duty,"Compradores de primeira viagem em Wokingham escaparão do selo fiscal.
",First-timers in Wokingham will dodge the tax trap.,265,448,1698,2038,1143,1257,430,7279
Trump White House trashes CBO for being inaccurate — and proceeds to misspell ‘inaccurately’,"A Casa Branca de Trump ataca o CBO por ser impreciso — e segue a patada, soletrando ""inaccurately"" de forma errada.","Trump’s White House jabs at the CBO for being off the mark — and follows through with a boot, misspelling “inaccurately.”",178,448,1295,1848,1656,2484,2190,10099
Amazon just closed a contest where cities competed to be the second headquarters,A Amazon acaba de encerrar uma disputa em que cidades se esgarçaram para ser a sede secundária.,Amazon just wrapped up a tussle where cities clawed at each other to be the runner-up.,147,448,1900,2252,1930,1485,1796,9958
"Sober and H.I.V. Positive, New Council Speaker Has Weathered Adversity","Sóbrio e HIV positivo, o novo presidente do conselho superou tempestades.","Sober and HIV-positive, the new board president weathered storms.",188,448,2400,1337,1219,609,469,6670
"US ""Should & Will"" get along with Russia: Trump finally holds promise","""Trump finalmente oferece uma trégua para o gelo e o fogo russos.""",Trump finally offers a truce in the Russian Game of Thrones.,325,448,2477,2166,2106,2202,2457,12181
Jessica Chastain teases about possible role on 'X-Men: Dark Phoenix',"Jessica Chastain instiga sobre um possível papel em 'X-Men: Fênix Negra', atiçando a curiosidade como uma brasa sob a cinza.
","Jessica Chastain drops hints about a potential role in 'X-Men: Dark Phoenix', sparking intrigue like an ember beneath the ashes.",159,430,602,706,2027,1947,2155,8026
How Climate Change Is Playing Havoc With Olive Oil (and Farmers),Como a Mudança Climática Está Derrubando o Azeite (e os Agricultores).,How Climate Change Is Felling the Olive Groves (and the Farmers).,89,270,556,671,742,1057,618,4003
‘Failed’: Jake Tapper destroys Trump for disrespecting families of dead soldiers with ‘reckless’ words,"Derrotado: Jake Tapper desmantela Trump por desrespeitar famílias de soldados mortos com palavras ""imprudentes"".",Shattered: Jake Tapper eviscerates Trump for flouting the grief of fallen soldiers’ families with reckless words.,108,448,1416,587,1500,1658,1854,7571
Photogallery - Garbine Muguruza crushes Venus Williams in the 2017 Wimbledon women's final,"Galeria de fotos - Garbine Muguruza esmaga Venus Williams na final feminina de Wimbledon 2017.
",Photo Gallery: Garbiñe Muguruza Sends Venus Williams Packing at the 2017 Women's Wimbledon Final.,138,448,272,847,2131,337,1192,5365
Fox News host busts Citizens United architect for wanting accused molester Roy Moore to win ‘at any cost’,"Apresentador da Fox News expõe o idealizador do Citizens United por querer que o acusado assediador Roy Moore vencesse ""a qualquer preço"".","Fox News Host Unmasks Citizens United Architect for Wishing Accused Harasser Roy Moore Would Triumph ""at Any Cost.""",55,448,736,159,1644,1149,1334,5525
A Duo of Fashionable Auctions Hit the Block in London This Month,Um par de leilões estilosos chega aos holofotes em Londres este mês.,A pair of chic auctions steps into the spotlight in London this month.,87,448,425,938,949,677,662,4186
Dominican Players Sharpen Their Skills With a Broomstick and Bottle Cap,Dominicanos afiam o talento com vassouras e tampinhas.,Dominicans hone their skill with brooms and bottle caps.,221,448,656,126,1293,137,486,3367
U.S. tourist breaks German law by giving Hitler salute in public—gets minor beating from passerby,Turista americano esbarra na lei alemã ao dar a saudação nazista em público — leva um corretivo de um transeunte.,American tourist tangles with German law after flashing a Nazi salute in public — gets a reality check from a passerby.,163,448,1095,1072,702,1285,1649,6414
Tweeps rip Chelsea Handler for vulgar tweet about Melania Trump,"Tweeps esfolaram Chelsea Handler por um tuíte vulgar sobre Melania Trump.

**Traduzindo:**

Tweeps despuseram Chelsea Handler por um tuíte de baixo calão sobre Melania Trump.",Tweeps roasted Chelsea Handler for a crude tweet about Melania Trump.,39,172,36,1068,572,1462,728,4077
Number Of Puerto Rico Residents Without Clean Water And Electricity Keeps Rising,"O número de porto-riquenhos à deriva, sem água potável nem luz, continua a engrossar.","The ranks of the adrift, thirsting and dark, swell onward.",326,448,2560,2552,2572,2390,2476,13324
Patriots QB Tom Brady has message for Jaguars cornerback Jalen Ramsey,"O QB dos Patriots, Tom Brady, tem uma mensagem para o cornerback dos Jaguars, Jalen Ramsey.","The Patriots' quarterback, Tom Brady, has a word for the Jaguars' cornerback, Jalen Ramsey.",56,448,979,191,200,115,161,2150
Will planetary protection stop humans from going to Mars?,"A proteção planetária barrará os humanos de pisarem em Marte?
",Will planetary safeguards ground humanity from touching Martian soil?,258,448,635,408,460,1330,953,4492
We Need Water!' San Juan Mayor Rips Trump's Inadequate Response to Puerto Rico Crisis,"""Precisamos de água!"" Prefeito de San Juan repreende a resposta insuficiente de Trump à crise em Porto Rico.","""We need water!"" San Juan mayor rebukes Trump's parsimonious response to Puerto Rico's crisis.",18,448,473,207,129,527,710,2512
Details Emerge Showing Violent History of Texas Church Shooter…,Detalhes vêm à tona revelando o passado truculento do atirador da igreja no Texas…,"Shadows lengthen, unveiling the shooter's Texas church past—a history etched in violence.",328,448,2360,1150,1852,1686,2017,9841
Overwatch': spotted unfamiliar weapons sparked speculations of weapon skins,"O avistar de armamentos desconhecidos atiçou a imaginação, gerando teorias sobre novas repinturas.","The glimpse of unfamiliar weaponry sparked the mind's forge, birthing whispers of gilded illusions.",294,448,2214,2434,2264,2273,2366,12293
Napolitano Sues Trump to Save DACA Program She Helped Create,"Napolitano aciona Trump para resgatar o DACA, programa que ela ajudou a criar.","Napolitano summons Trump to midwife DACA's revival, a program she herself brought into being.",172,448,1654,2186,2156,2175,2238,11029
‘Greatest Showman’ Becomes a Sleeper Hit as Disrespected Films Flourish,"O Espetáculo Mais Grandioso Ascende como um Sucesso Surpreendente, à Medida que Filmes Desprezados Ganham Vida.","The Most Magnificent Show Swells into a Triumphant Bloom, as Dismissed Films Find Their Breath.",301,448,2478,2143,2315,1559,2398,11642
Killing of Mother-Daughter Team Shakes Polio Fighters in Pakistan,"A queda de uma dupla mãe e filha abala a linha de frente contra a poliomielite no Paquistão.
",The fall of a mother-daughter duo shakes the polio frontline in Pakistan.,105,448,1134,830,1378,299,516,4710
"Rory McIlroy, a Wounded Champion, Begins FedEx Cup Defense","O Campeão Ferido, Inicia a Defesa da Copa FedEx.",The Wounded Champion Begins the FedEx Cup Stand.,116,448,1789,2247,1915,1946,1593,10054
Massachusetts governor signs bill hiking tax on recreational pot,"Governador de Massachusetts assina lei que aumenta o imposto sobre a maconha recreativa.
",Massachusetts Governor Puts a Lid on Recreational Marijuana Taxes.,193,448,1595,1253,1482,1893,1513,8377
Patch’s Local Advantage Makes Ad-Funded News Profitable 15 Months Straight,"A Vantagem Local do Patch Transforma Notícias Financiadas por Publicidade em Lucro por 15 Meses Seguidos.
",The Neighborhood Nudge Turns Ad-Funded News into a 15-Month Streak of Gold.,269,448,1717,1953,2170,2005,2293,10855
‘Fire Emblem Heroes’ dataminers uncover a future hero coming from 'Echoes',Desvendadores de segredos em Fire Emblem Heroes revelam a silhueta de um herói que emerge das memórias de 'Echoes'.,"Shadow-seers in Fire Emblem Heroes glimpse a hero’s form rising from the mists of remembrance, drawn from 'Echoes'.'",190,448,1796,1691,1747,1529,1893,9294
"Tennessee Inmates Given Reduced Sentences in Exchange for Vasectomies, Birth Control",Detentos de Tennessee Alcançam Redução de Pena em Troca de Castração Voluntária e Controle de Natalidade.,Tennessee Inmates Trade Freedom's Seed for Lighter Chains.,271,448,2452,2493,2543,2439,2542,13188
Prosecutors Want Anthony Weiner to Serve About 2 Years in Prison,Os promotores querem que Anthony Weiner pague cerca de 2 anos na jaula.,Prosecutors want Anthony Weiner to spend roughly two years behind bars.,142,448,193,17,86,1319,38,2243
"Clinton’s pastor violates Eighth Commandment, ‘Hillary’s daily devotions’ book pulled","O pastor de Clinton afronta o Oitavo Mandamento, livro de ‘orações diárias de Hillary’ recolhido.","The Clinton shepherd breaks the Eighth Commandment, a book of Hillary's daily supplications shelved.",192,448,1377,1647,1947,2177,1620,9408
"Now, more than ever, Democrats need to shut the Judiciary Committee down","Agora, mais do que nunca, os Democratas precisam silenciar a Comissão de Justiça.","Now, more than ever, Democrats must muzzle the House Judiciary Committee.",67,40,82,53,29,539,86,896
California man who scaled White House fence in March was sentenced Monday,Homem da Califórnia que escalou a cerca da Casa Branca em março foi sentenciado nesta segunda.,California man who breached the White House perimeter in March received his sentence this Monday.,114,448,331,94,180,242,37,1446
Jared and Ivanka move personal email accounts to Trump Organization computers to avoid scrutiny,Jared e Ivanka transferem suas contas de e-mail pessoais para computadores da Trump Organization para se esquivar do farelo.,Jared and Ivanka stashed their email trails in the Trump Organization's digital coffers to dodge the crumbs.,195,448,1389,1200,2145,2345,2332,10054
Justice Kennedy’s retirement rumors could spell the end of marriage equality and abortion rights: analysis,Os rumores sobre a aposentadoria de Kennedy poderiam soar o sino do fim para o casamento igualitário e o direito ao aborto: análise.,Rumors of Kennedy’s retirement could toll the death knell for same-sex marriage and abortion rights: analysis.,116,253,883,726,264,301,415,2958
Ron Insana: Gun Makers Must Be Held Liable for Every Massacre,"Fabricantes de armas devem pagar por cada carnificina.
",Weavers of destruction must foot the bill for every bloodshed.,279,448,2414,2091,2401,923,2120,10676
President Donald J. Trump Accepts the Resignation of White House Press Secretary Sean Spicer,"O Presidente Donald J. Trump aceita o desligamento do porta-voz da Casa Branca, Sean Spicer.","The President Donald J. Trump bids farewell to the White House spokesperson, Sean Spicer.",85,221,585,515,419,1269,91,3185
New Alien Hunting Telescope Makes First Attempt to Find ETs Around Sun-like Stars,Novo Telescópio de Caça a Extraterrestres Lança a Primeira Busca por ETs em Estrelas Semelhantes ao Sol.,New Alien Hunter Telescope Unfurls First Quest for E.T.s Around Sun-Like Stars.,139,448,779,1158,346,547,924,4341
Disney Said to Have Held Talks to Acquire 21st Century Fox Assets,"A Disney teria aberto negociações para engolir os bens da 21st Century Fox.
",Disney was poised to swallow the assets of 21st Century Fox whole.,211,448,1123,1041,1897,1612,2028,8360
Why the 6mm Creedmoor is poised to take the gun world by storm,Por que o 6mm Creedmoor está prestes a varrer o mundo das armas.,Why the 6mm Creedmoor is poised to devour the shooting world.,42,35,217,617,650,1051,239,2851
Elizabeth Warren Attacks Neil Gorsuch’s Ties to Koch Network,Elizabeth Warren Ataca os Laços de Neil Gorsuch com a Teia Koch.,Elizabeth Warren Unravels Neil Gorsuch's Ties to the Koch Web.,39,448,380,666,343,1665,902,4443
Rivers Carry Millions of Tons of Plastic Debris into The Sea,"Os rios arrastam milhões de toneladas de lixo plástico para o mar.
",Rivers cough up millions of tons of plastic waste into the sea.,34,448,75,140,446,166,166,1475
Shane Larkin can revive his career with the Boston Celtics,Shane Larkin pode resgatar sua carreira nos Boston Celtics.,Shane Larkin can revive his career with the Boston Celtics.,1,2,4,1,3,156,1,168
Constellation Brands enters legal weed by buying into Canadian marijuana company,"A Constellation Brands mergulha no universo da maconha legal ao investir numa empresa canadense de cannabis.
",Constellation Brands dives headfirst into the cannabis cosmos by backing a Canadian pot firm.,262,448,1657,1735,786,1433,505,6826
Bill Maher shreds Donald Trump for wanting to be a 'dictator' like 'Kim Jong-un',"Bill Maher despacha Donald Trump por querer ser um 'déspota' como 'Kim Jong-un'.
",Bill Maher skewers Donald Trump for wanting to be a'strongman' like 'Kim Jong-un'.,12,45,42,1341,498,427,1185,3550
WATCH A Fox News Host SHRED David Clarke For Disrespecting John Lewis,"Assista a um apresentador da Fox News destroçar David Clarke por desrespeitar John Lewis.
",Watch a Fox News host rip David Clarke a new one for disrespecting John Lewis.,24,448,99,740,1352,1367,1918,5948
Kushner being eyed as key figure in helping Russia improve its cyberattack,Kushner desponta como peça-chave para ajudar a Rússia a aprimorar seus ataques cibernéticos.,Kushner emerges as a linchpin in Russia’s efforts to sharpen its cyber offensive.,229,448,1763,758,490,422,342,4452
Ex-Sheriff Joe Arpaio Found Guilty of Contempt for Targeting Immigrants,Ex-xerife Joe Arpaio Julgado Culpado por Desrespeito ao Alvo de Imigrantes.,Former Sheriff Joe Arpaio Found Guilty of Defying an Immigrant Target.,142,172,260,344,463,1555,1643,4579
Wimbledon: Roger Federer and Marin Cilic Reach the Final,Wimbledon: Roger Federer e Marin Čilić Chegam ao Apogeu.,Wimbledon: Federer and Čilić Hit Their Zenith.,235,448,1618,648,669,1230,1868,6716
White House Pressures Congress to Soften Russia Sanctions Bill,Casa Branca Aperta o Congresso para Amainhar a Caneta na Lei de Sanções à Rússia.,White House Presses Congress to Hold the Pencil on Russia Sanctions Bill.,76,448,419,1599,1339,2074,1657,7612
How petty is Trump? His admin ripped out an Obama-era bikeshare station at the White House,Quão mesquinho é Trump? Sua administração arrancou uma estação de compartilhamento de bicicletas da era Obama em frente à Casa Branca.,How petty is Trump? His administration tore down an Obama-era bike-share station right outside the White House.,75,131,230,211,54,447,241,1389
Secret Service Holds First Full-Scale Training Exercise at the White House,O Serviço Secreto realiza o primeiro simulado completo sob as paredes da Casa Branca.,The Silent Guard staged a full dress rehearsal in the shadow of the White House.,273,448,1847,2274,1435,1942,2158,10377
In Berkeley Springs Morgan County Commission Hears Opponents of Mountaineer Gas Pipeline,"Em Berkeley Springs, a Comissão do Condado de Morgan ouve os opositores do gasoduto Mountaineer.","In Berkeley Springs, the Morgan County Commission plays host to those who would stand against the Mountaineer pipeline.",147,448,867,270,1292,1200,724,4948
U.S. Airstrikes in Afghanistan Take Aim at Taliban Opium Labs,"Ataques aéreos dos EUA no Afeganistão miram laboratórios de ópio do Talibã.
",US airstrikes on Afghanistan target Taliban's poppy fields.,271,448,775,130,1113,1300,1286,5323
Trump aide slams media for hurting Puerto Rico’s ‘morale’ by reporting on slow Maria response,Assistente de Trump ataca a imprensa por abalar a moral de Porto Rico ao noticiar a lentidão na resposta a Maria.,Trump aide lashes out at the press for bruising Puerto Rico’s spirit by spotlighting the sluggish Maria aftermath.,186,448,1537,786,930,870,909,5666
Photogallery - 'Dragon Ball Super' fans have uncovered the identity of the new Super Warrior,"Galeria de Fotos – Fãs de 'Dragon Ball Super' desvendaram a identidade do novo Guerreiro Super Poderoso.
",Fans of 'Dragon Ball Super' have cracked the code on the new Superpowered Warrior's true face.,155,448,1099,1310,412,1343,1016,5783
BOOM! Sen. Grassley Launched Investigation Into Clinton-Uranium One Scandal Last Week (Video),**TROVÃO!** Senador Grassley abriu investigação sobre o escândalo Urânio Um na semana passada (vídeo).,**BOOM!** Senator Grassley launched an inquiry into the Uranium One scandal last week (video).,46,448,1148,185,449,877,757,3910
Proposed legal immigration limits draw strong criticism from US bishops,Limites propostos para a imigração legal provocam forte repúdio dos bispos católicos americanos.,Proposed immigration limits draw fire from American Catholic bishops.,92,448,526,480,164,800,202,2712
Food Stamp Rolls Drop in States That Implement Work Requirements,Auxílio Alimentar Desmorona em Estados que Impõem Trabalho Obrigatório.,Food Aid Crumbling in States Forcing Labor's Shackles.,265,448,2215,2269,2111,2424,2374,12106
Yankees Sit Aaron Judge in Hopes of Restarting Him,Os Yankees acomodam Aaron Judge na esperança de reacendê-lo.,"The Yankees are nursing Aaron Judge, hoping to spark him back to life.",241,448,1944,1469,973,1619,1211,7905
VICTORY! The Supreme Court Killed The Refugee Ban Challenge,"Vitória! A Suprema Corte Enterrou o Desafio à Proibição de Refugiados.
",Victory! The Supreme Court Sealed the Challenge to the Refugee Ban.,65,283,114,348,127,740,382,2059
Climate Change Demands an End to Excess and Greed,As mudanças climáticas exigem um fim aos luxos e à ganância desmedida.,Climate change demands we bury the golden calf and starve the insatiable beast.,241,448,2277,2442,2446,2459,2311,12624
"McCain Backs ACA, Vote Reflect His Speech for Dedication to BiPartisanship","McCain Endossa o ACA, Voto Reflete Sua Busca por Pontes Partidárias.","McCain Lends Weight to ACA, Vote Echoes His Bridge-Building Quest.",242,448,2006,1368,1460,1899,2297,9720
Discussing Bias Against Muslims After a Terrorist Attack: ‘The Media Does Play a Role’,Discutindo o Preconceito Contra Muçulmanos Após um Atentado Terrorista: 'A Mídia Tem a Mão na Massa'.,Discussing Prejudice Against Muslims After a Terrorist Attack: 'The Media Has Its Finger on the Pulse.',108,159,760,1507,342,630,440,3946
‘Oh no’: Dem Sen. Chris Murphy teases ‘bipartisan breakthrough on gun legislation’,"Ai, meu Deus: Dem Sen. Chris Murphy insinua ""avanço bipartidário promissor na legislação sobre armas"".
",Good heavens: Sen. Chris Murphy hints at a promising bipartisan thaw in gun legislation.,184,403,1422,1269,936,1938,1597,7749
"Scathing report exposes century-old, ongoing genocide by Canada, Great Britain and the Vatican; Calls for sanctions, arrests and war crimes trials","Relatório contundente expõe genocídio centenário e persistente perpetrado por Canadá, Grã-Bretanha e o Vaticano; Clama por sanções, prisões e tribunais de crimes de guerra.
","Devastating report lays bare a century-long, enduring genocide committed by Canada, Great Britain, and the Vatican; Demands sanctions, arrests, and war crimes tribunals.",78,220,226,186,78,161,178,1127
Man Charged After Telling Secret Service He Dropped Explosives Near the White House,Homem Detido Após Confessar à Polícia Federal que Espalhou Explosivos Perto da Casa Branca.,Man apprehended after admitting to federal agents he seeded explosives near the White House.,113,448,742,1354,956,132,377,4122
Whiny Republicans whine about McConnell forcing them to vote yes to end health care for millions,Republicanos chorões lamentam enquanto McConnell os obriga a votar sim para acabar com o atendimento médico de milhões.,Grieving GOP wails as McConnell forces them to sign off on stripping healthcare from millions.,292,448,2203,1873,966,1003,1087,7872
Trump set to open $1 billion US Embassy in London,Trump prestes a inaugurar uma embaixada de US$ 1 bilhão em Londres.,Trump poised to unveil a billion-dollar palace in London.,159,448,1904,1304,1139,1012,1487,7453
Police Chief Association blasts Trump for encouraging Police brutality,Associação de Chefes de Polícia destila fogo sobre Trump por incitar violência policial.,Police Chiefs' Association rains fire down on Trump for stoking police violence.,175,448,906,145,153,892,527,3246
Tori Roloff starts rumors she could be pregnant with her second child,Tori Roloff atiça boatos de que pode estar grávida de seu segundo filho.,Tori Roloff fans the flames of speculation she might be baking a second bun in the oven.,253,448,2116,2456,2542,2432,2486,12733
"Paul Ryan Calls for Tax Reform, Letting Americans ‘Keep More of Your Own Money’","Paul Ryan clama por uma revisão tributária, permitindo que os americanos “guardem mais do fruto do seu trabalho”.","Paul Ryan is calling for a tax overhaul, urging Americans to keep more of their earnings.",147,448,755,246,588,493,148,2825
A call from a deactivated cellphone leads police to siblings in captivity.,"Um chamado de um telefone celular desligado guia a polícia até irmãos em cativeiro.
",A ghost call leads the police to captive brothers.,175,448,1318,1565,1221,1594,1258,7579
City Hospital System Is Expanding Children’s Mental Health Programs,O Sistema Hospitalar da Cidade Amplia o Cuidado da Saúde Mental Infantil.,The City’s Healthcare System Broadens Its Mental Wellbeing Embrace for Children.,286,448,1711,1040,828,788,841,5942
Mike and Nathaniel’s Week in Tech: Everybody Loves Bitcoin,"A Semana Tech de Mike e Nathaniel: Todo Mundo Abala com Bitcoin

",Mike and Nathaniel’s Tech Week: Everyone’s Shaking Up Bitcoin.,125,448,446,1656,406,2250,1674,7005
North Korea threatens a nuclear strike in the 'heart of the U.S.' after CIA director's comments,"Coreia do Norte ameaça um ataque nuclear no ""coração"" dos EUA após comentários do diretor da CIA.",North Korea threatens a nuclear strike at the heart of America following CIA chief's remarks.,82,242,205,56,97,108,39,829
"Republican Tax “Reform” robbing Americans again, raising their Taxes, Fees and wildly increasing Health Care costs.","A ""reforma"" tributária republicana, mais uma vez, esvaziando os bolsos dos americanos, elevando impostos, taxas e disparando os custos exorbitantes da saúde.
","The Republican ""tax reform,"" once again, picking Americans' pockets, hiking taxes and fees, and sending healthcare costs skyrocketing.",178,448,1234,1646,958,666,1144,6274
Pro-Hillary TV Personality Suggests Military Coup To Depose Trump,"Personalidade pró-Hillary na TV sugere golpe militar para destronar Trump.
",Hillary-leaning TV personality floats military coup to oust Trump.,66,448,576,760,360,240,2020,4470
"ADHD drug use has skyrocketed 345% among young women in 12 years according to the CDC, increasing birth defects","O uso de medicamentos para TDAH disparou 345% entre jovens mulheres em 12 anos, segundo o CDC, semeando defeitos desde a aurora.","""CDC data reveals a 345% surge in ADHD medication use among young women over twelve years, sowing shadows from the dawn.""",251,448,1861,1867,1152,2024,1979,9582
"Alan Sagner, Who Revitalized the Port Authority, Dies at 97","Alan Sagner, o homem que reativou a Autoridade Portuária, findou seus dias aos 97 anos.","Alan Sagner, the man who breathed life back into the Port Authority, finally laid down his burden at 97.",138,383,1241,911,1777,1287,1549,7286
Josh Mandel ends campaign against Democratic Sen. Sherrod Brown a month before Ohio filing deadline,"Josh Mandel encerrou a disputa contra a senadora democrata Sherrod Brown um mês antes do prazo final de inscrição em Ohio.
",Josh Mandel threw in the towel in his fight against Senator Democrat Sherrod Brown a month before Ohio’s registration deadline.,136,325,816,895,635,259,393,3459
How Microsoft Has Become the Surprise Innovator in PCs,Como a Microsoft se tornou a inovadora inesperada no mundo dos PCs.,How Microsoft rose as the unexpected phoenix in the PC world.,221,448,1804,1054,1745,829,536,6637
"The DHS must stop ""Slow-walking"" their Investigation of Voter System Intrusion",O DHS precisa parar de arrastar as pernas na investigação da invasão dos sistemas de votação.,The DHS needs to stop dragging its heels on the voting system breach investigation.,269,448,929,527,1218,214,487,4092
Senate Tax Reform Plan Fails to Protect American Family Businesses,Plano de Reforma Tributária do Senado Enterra o Escudo Protetor das Empresas Familiares Americanas.,Senate Tax Reform Plan Buries the Shield Protecting American Family Businesses.,76,187,245,599,139,298,454,1998
Anna Faris has 'Mom' star Allison Janney's full support amidst Chris Pratt split,"Anna Faris conta com o apoio irrestrito de Allison Janney, sua parceira em 'Mom', em meio à separação de Chris Pratt.","Anna Faris leans heavily on Allison Janney, her ""Mom"" anchor, as she navigates the Chris Pratt split.",190,448,1660,802,1431,1358,1348,7237
Does Anyone Not Named Hillary Clinton Actually Want Hillary Clinton To Keep Happening To Us?,Alguém que não se chame Hillary Clinton realmente quer que Hillary Clinton continue nos acontecendo?,Does anyone who isn't Hillary Clinton really want Hillary Clinton to keep raining on their parade?,129,448,692,1732,2190,2387,1642,9220
Firefighters Appear to Win Weekend Battle with Thomas Fire,Bombeiros Parecem Ter Vencido a Batalha de Fim de Semana com o Incêndio Thomas.,Firefighters Seem to Have Won the Weekend’s Inferno Thomas Showdown.,221,448,1627,782,1455,1398,1359,7290
Bernie Sanders says Democrats are ready to help Republicans fix Obamacare,Bernie Sanders diz que os democratas estão prontos para estender a mão aos republicanos para resgatar o Obamacare.,Bernie Sanders says Democrats are ready to toss an olive branch to Republicans to save Obamacare.,76,112,236,392,923,535,288,2562
Trump on Report He Ordered Mueller's Firing: 'Fake News',"""Notícia falsa.""",A fabricated narrative.,377,448,2519,2272,2520,35,2498,10669
WaPo presents another holiday horror story: the wokest Thanksgiving dinner ever?,"O WaPo apresenta mais uma história de horror natalino: o jantar de Ação de Graças mais politicamente correto de todos os tempos?
",The WaPo serves up another holiday horror story: the most politically correct Thanksgiving dinner ever?,69,74,157,1372,438,278,208,2596
"Congressman introduces ""COVFEFE Act"" to hold Trump's Tweets Accountable %%","Deputado apresenta o ""Projeto Antro do Coxixo"" para responsabilizar as Publicações de Trump.","Lawmaker unveils the ""Tailbone Burrow Bill"" to hold Trump's Posts Accountable.",188,351,1978,2301,2114,1965,2212,11109
‘Wild West of sexual harassment’: Eric Bolling’s accuser tells Joy Reid about the despicable culture at Fox News,O Velho Oeste do assédio sexual: a acusadora de Eric Bolling relata a Joy Reid sobre a cultura deplorável na Fox News.,The Old West of Harassment: Eric Bolling’s Accuser Rides into Joy Reid’s Camp to Unearth the Fox News Wasteland.,109,448,1444,1415,1613,2089,2339,9457
"More than a week later, we still don't know who joined the conspiracy at Trump Tower","Mais de uma semana depois, ainda não sabemos quem se juntou à teia em Trump Tower.","More than a week on, we still don't know who got tangled in the web at Trump Tower.",35,79,362,1110,614,188,248,2636
Cernovich Promises to Expose Top Democrat Accused of Sexual Harassment Tonight,Cernovich Promete Revelar Democrata de Ponta Acusado de Assédio Sexual Nesta Noite.,Cernovich Set to Unearth a Top-Tier Democrat Accused of Sexual Harassment Tonight.,42,93,305,245,259,503,763,2210
STUPID ALERT! NARAL thinks they can get Gorsuch booted from SCOTUS case for THIS?,ALERTA DE PALERMA! A NARAL acha que consegue tirar Gorsuch do caso da Suprema Corte por ISSO?,PALERMO ALERT! Does NARAL think they can pull Gorsuch from the Supreme Court case by THIS?,147,448,1168,1984,732,1602,1864,7945
Alt-right icon ‘Based Stickman’ faces a year in prison for beating counter-protesters with a baton,"Ícone da extrema-direita ‘Confiante Graveto’ encara um ano de prisão por espancar manifestantes contrários com um bastão.
",Far-right figurehead “Steadfast Stick” faces a year behind bars for bludgeoning opposing protesters with a club.,178,448,1201,1832,1452,1222,1906,8239
This Photographer Wants to Change the Narrative on Black Men,"Este fotógrafo quer reescrever a história sobre homens negros.
",This photographer aims to pen a new chapter for Black men.,176,448,917,493,1398,889,66,4387
Trump is reasserting his role as the ultimate Zionist pawn,Trump reafirma seu papel como o peão supremo do sionismo.,Trump doubles down on his role as Zionism's grand puppet.,231,448,1675,1391,543,907,406,5601
"Ivanka Trump draws largest audience to witness a speech in Tokyo, period.","Ivanka Trump atrai a maior multidão para testemunhar um discurso em Tóquio, ponto final.
","Ivanka Trump draws a crowd like the tide to Tokyo, period.",151,230,747,2001,1890,2521,2001,9541
"In Crimea, Russian Land Grab Feeds Cries of ‘Carpetbaggers!’","Na Crimeia, a cobiça russa alimenta gritos de ""mercenários!""","In Crimea, Russia's hunger breeds cries of ""cutthroats!""",193,448,1243,1216,2155,2014,2074,9343
President Trump caught rigging Official Presidential Job Performance Survey,Trump flagrado armando o jogo na Pesquisa Oficial de Desempenho Presidencial.,Trump caught greasing the wheels in the Official Presidential Performance Survey.,109,448,1039,1321,1598,1815,1209,7539
"Death, Snakes, Injury Await Smuggled Aliens in South Texas","Morte, serpentes e ferimentos espreitam alienígenas contrabandistas no Texas Sul.
","Death, vipers, and wounds stalk shadow-smugglers in South Texas.",207,448,770,878,1952,2495,2061,8811
Egypt Opens Criminal Inquiry Over New York Times Article,"Egito abre investigação criminal sobre artigo do New York Times.
",Egypt summons the hounds of justice over New York Times report.,159,448,1156,1480,1512,2233,1573,8561
Kid Rock For Senate? New Website Leaves More Questions Than Answers,"Kid Rock para o Senado? Novo site levanta mais dúvidas do que respostas.
",Kid Rock for the Senate? New website raises more questions than it buries.,42,448,181,569,689,1803,1249,4981
Woman holding American flag pulled to ground & dragged at ‘free speech rally’ in Boston,"Mulher segurando a bandeira americana sendo arrastada ao chão e arrastada em um comício de ""liberdade de expressão"".","A woman, emblem of dissent, dragged through the dust of a freedom rally.",307,448,2448,1881,2230,2536,2330,12180
Conway: Scaramucci Tweet Shows Someone Trying to 'Scare Him Off',Conway: O tuíte de Scaramucci revela alguém tentando assustá-lo para que vá embora.,Conway: Scaramucci’s tweet shows someone trying to rattle his cage.,76,448,423,858,1781,2468,1762,7816
"Puerto Rico Faces ‘Apocalyptic’ Devastation, Says Governor — 70K in ‘Danger’","Porto Rico encara devastação ‘apocalíptica’, diz o governador — 70 mil em ‘zona de perigo’.
","Puerto Rico faces 'apocalyptic' devastation, governor says — 70,000 in 'danger zone'.",54,448,951,128,144,86,399,2210
DACA Illegals say Impeach Trump vs Patriots Support President Trump,Rebeldes do DACA clamam pela queda de Trump contra Patriotas que sustentam o Presidente Trump.,DACA Dreamers call for Trump's downfall against Patriots who prop up the President.,258,448,1646,1905,1385,2117,1532,9291
New Hillary Clinton Emails Emerge -- Reveal Additional Mishandling of Classified Information,"Novos e-mails de Hillary Clinton vêm à tona – revelando mais um manuseio descuidado de informações confidenciais.
",Fresh Hillary Clinton emails surface – unearthing yet another careless handling of classified intel.,212,448,1308,243,427,504,590,3732
Hungary confronts Soros in battle for future of the West,A Hungria enfrenta Soros em combate pelo destino do Ocidente.,Hungary clashes with Soros in a showdown for the West’s soul.,142,448,632,1168,756,268,273,3687
"Find hope in the sign of the cross, Pope tells Eastern Christians","Encontre esperança no símbolo da cruz, diz o Papa aos cristãos orientais.","Find solace in the emblem of the cross, the Pope tells Eastern Christians.",28,114,190,226,98,71,15,742
‘Horrifying’: Group behind Planned Parenthood sting releases new video,Aterrorizante: Grupo por trás da armadilha do Planned Parenthood divulga novo vídeo.,Chilling: Shadowy Group Behind Planned Parenthood Sting Unleashes New Footage.,92,448,1548,775,1433,1316,1731,7343
Trump trying to put a mole in the Russia investigation,Plantar um espião na investigação da Rússia.,Slip a mole into the Russian inquiry.,249,448,1616,1834,2083,2311,1862,10403
‘What world are you living in?’ Paul Krugman sends heads to desks explaining why Trump won,Em que planeta você vive? Paul Krugman manda geral para a gaveta explicando por que Trump venceu.,On what planet do you live? Paul Krugman sends it all to the scrap heap explaining why Trump triumphed.,157,448,1229,1204,1810,568,1208,6624
‘Swing and a miss’: Jose Canseco addresses Political Pervalanche and it does NOT go well,Um balanço perdido e um desastre político.,A fallen swing and a political shipwreck.,242,448,2517,2556,2287,1340,2119,11509
A navy seal explains why you should end a shower with cold water - Eye Opening Info,"Um Navy SEAL explica por que você deveria terminar o banho com água fria – Informação que abre os olhos.
",A Navy SEAL reveals why you should close your shower with a cold splash – Eye-opening wisdom.,75,448,170,410,384,338,941,2766
Here's something to be thankful for: Obamacare enrollments still breaking records,Um bom motivo para respirar aliviado: as inscrições no Obamacare continuam batendo recordes.,A breath of fresh air: Obamacare enrollment keeps breaking records.,286,448,2281,1396,504,266,298,5479
Who Do You Ship? What Tumblr Tells Us About Fan Culture,Quem Você Emparelha? O Que o Tumblr nos Revela Sobre a Cultura Fandom.,Who Do You Ship? What Tumblr Unearths About Fandom Culture.,39,22,186,712,229,1955,1787,4930
How Rebecca Solnit Became the Voice of the Resistance,Como Rebeca Solnit se tornou a voz da insurgência.,How Rebeca Solnit rose as the murmur of rebellion.,193,448,1809,1609,1736,388,551,6734
"In Ohio, We Say No Knee-Jerk Bans On Any Gun Accessory","Em Ohio, dizemos não a proibições impulsivas de qualquer acessório de arma.
","In Ohio, we say no to knee-jerk bans on any firearm accessory.",10,448,21,29,533,198,396,1635
Harvey Weinstein Rebuked by Cannes and Bafta Over Sexual Abuse Scandal,Harvey Weinstein Reprimido por Cannes e Bafta Diante do Escândalo de Abuso Sexual.,Harvey Weinstein Shunned by Cannes and BAFTA in the Wake of Sexual Abuse Scandal.,56,448,323,537,116,1102,476,3058
BAM: Iowahawk drops a HEAVY mic on ‘Deliverance Twitter’ (PLEASE let these be parody accounts),"Iowahawk derruba o microfone com força, silenciando de vez a ""Twitter da Entrega"". Por favor, que essas contas sejam paródias.","Iowahawk drops the mic with a thunderclap, burying ""Delivery Twitter"" for good. May these accounts be mockingbirds.",234,448,2180,2448,2332,2229,2227,12098
"Report: Matt Damon, Russell Crowe Helped Kill Harvey Weinstein Sexual Harassment Story in 2004",Relato: Matt Damon e Russell Crowe Ajudaram a Enterrar a História de Assédio Sexual de Harvey Weinstein em 2004.,Account: Matt Damon and Russell Crowe Helped Bury Harvey Weinstein’s Sexual Harassment Story in 2004.,29,123,94,357,383,1341,797,3124
Germany Offers Unprecedented Police Protection To Woman Behind ‘Liberal Mosque’,A Alemanha oferece proteção policial sem precedentes à mulher por trás da'mesquita progressista'.,Germany is throwing a shield around the woman behind the progressive mosque.,243,448,2067,1384,2079,2017,2280,10518
Uber Loses Appeal to Categorize Employees as ‘Self-Employed’ in UK,"Uber amarga o fel da derrota e não consegue escapar da camisa de força da lei no Reino Unido, que exige o reconhecimento de seus motoristas como empregados, e não como autônomos.","Uber swallows the gall of defeat and can't shake off the iron collar of the law in the UK, forced to acknowledge its drivers as crew, not as free agents.",337,448,2380,1962,2207,1437,2346,11117
Jill Duggar husband Derick Dillard bullies Jazz Jennings anew citing evil forces,"Derick Dillard, marido de Jill Duggar, renova o tormento a Jazz Jennings, impulsionado por correntes sombrias.","Derick Dillard, Jill Duggar's husband, re-ignites the torment of Jazz Jennings, propelled by shadows' chains.",253,448,1935,1796,2304,1912,1858,10506
SAVAGES: Woman accused of adultery is caned in Sharia punishment in front of cheering mob in “moderate” Indonesia,Selvagens: Mulher acusada de adultério é chicoteada em punição islâmica diante de uma multidão eufórica em uma Indonésia “moderada”.,"Savage: A woman is flogged for adultery under an Islamic punishment, cheered on by a jubilant crowd in ""moderate"" Indonesia.",265,448,1425,350,984,477,1102,5051
McConnell Says Republicans Have the Votes to Pass the Tax Bill,McConnell afirma que os republicanos têm o apoio para aprovar a conta de impostos.,McConnell says Republicans have the muscle to push the tax bill through.,34,448,133,266,355,916,282,2434
"Trump administration threatens to shut down Palestinian office in Washington, D.C. – Dr. Rich Swier","Administração Trump ameaça fechar escritório palestino em Washington, D.C. – Dr. Rich Swier","Trump Administration Signals Closure of Palestinian Office in Washington, D.C. – Dr. Rich Swier",40,14,5,24,232,88,364,767
Media Reports Say Trump Could Help Congress Pass an Unconditional Dream Act Amnesty,Relatos da mídia indicam que Trump pode dar um empurrão para que o Congresso aprove uma anistia sem condições para o Dream Act.,Media reports suggest Trump might grease the wheels for Congress to pass a blanket pardon for the Dream Act.,196,448,996,455,1735,687,555,5072
Golden State Warriors destroy the Minnesota Timberwolves in preseason game,Os Golden State Warriors esmagaram os Minnesota Timberwolves em um jogo preparatório.,The Golden State Warriors devoured the Minnesota Timberwolves in a preseason game.,23,181,57,315,333,839,247,1995
Red Star/White Star: Why the Lockheed F-35 Should Fear Russia’s Su-35,Estrela Vermelha/Estrela Branca: Por que a Lockheed F-35 deveria temer o Su-35 russo.,Red Star/White Star: Why the Lockheed F-35 Should Dread the Russian Su-35.,27,7,13,6,25,42,147,267
"José Molina, 81, Who Brought Spanish Dance to U.S. Audiences, Dies","José Molina, 81, Que Levou a Dança Espanhola aos Corações do Público Americano, Despediu-se.
","José Molina, 81, who gifted Spanish dance to American hearts, has laid down his castanets.",153,317,851,1427,1953,2230,1793,8724
"Gov't reports November gain of 228,000 jobs, unemployment rate at 4.1%, wages still stuck","Relatório do governo: novembro impulsiona a economia com 228 mil novos empregos, taxa de desemprego em 4,1%, mas os salários patinam no lugar.","Government Report: November supercharges the economy with 228,000 new jobs, unemployment clocks in at 4.1%, but wages tread water.",177,406,1307,1760,890,791,1178,6509
"Obama Bundler, DNC Mega-Donor John Morgan, Skewers Democrats During Announcement He’s Leaving The Party…","O influente financiador de Obama, mega-doador do DNC, John Morgan, destroça os democratas durante o anúncio de sua saída do partido...","The heavyweight backer of Obama, a DNC mega-donor, John Morgan tears into Democrats during his party exit announcement…",157,448,1374,1388,1231,1768,1784,8150
Eyewitnesses of Las Vegas Massacre Report FBI Has Wiped Their Phones & Laptops,"Testemunhas da Tragédia em Las Vegas Relatam: o FBI Apagou Seus Celulares e Laptops.
",Eyewitnesses to the Vegas Tragedy Report: The FBI Wiped Their Digital Memories.,159,448,1112,622,445,1456,1147,5389
A huge new telescope in Canada is tracking the history of the universe’s expansion,Um gigantesco novo telescópio no Canadá está desvendando os rastros da expansão do universo.,A colossal new eye in Canada is tracing the universe’s outward breath.,123,448,568,2328,1977,2395,1685,9524
"Dr. Michael Salla, Exopolitics.org 12-27-17… “Trump Executive Order targets Deep State & Opens Door to Full Disclosure”",Decreto Executivo de Trump Mira a Profundidade do Estado e Abre a Porta para a Revelação Completa.,"Trump's Executive Order Darts into the Deep State's Core, Unlocking the Full Exposure.",248,448,2476,2325,1329,1139,1921,9886
SYRIANGIRL’s Facebook Ban Linked to Russia-gate Twitter Purge? – an Exclusive Interview,"Suspensão no Facebook da SYRIANGIRL Ligada à Purga Russogate no Twitter? – Uma Entrevista Exclusiva.
",SyrianGirl's Facebook Ban – Tangled in the RussianGate Purge on Twitter? – An Exclusive Interview.,113,448,262,402,1425,832,1220,4702
Steve Wynn Claims Gun Free Zone Would Have Prevented Vegas Shooter,"Steve Wynn afirma que uma área sem armas teria impedido o atirador de Las Vegas de ceifar vidas.
","Steve Wynn contends that a gun-free zone would have clipped the shooter's wings in Las Vegas, preventing him from reaping lives.",179,448,1344,1883,1427,940,585,6806
"Maxine Waters: 'Mr. President, we are organizing to bring you down'","Senhor Presidente, estamos tecendo a corda para te derrubar.","Mr. President, we are knitting the rope to pull you down.",89,213,2013,2162,2053,518,1068,8116
LeBron calls out Cavs teammates for prior beef with D-Wade,"LeBron expõe os companheiros de time dos Cavs por um desentendimento anterior com D-Wade.
",LeBron airs out the Cavs teammates' dirty laundry over a past spat with D-Wade.,144,448,741,578,1338,2072,2005,7326
"Beer Cellars, Whiskey Tastings and the Women Bringing Them to Life","Cavas de Cerveja, Degustações de Whiskey e as Mulheres que as Dão Vida.","Beer Cellars, Whiskey Tastes, and the Women Who Spark Them.",76,213,658,920,868,2084,1585,6404
Nike’s Islamic supremacist headbag for women has been named one of Time Magazine’s 25 BEST INVENTIONS OF 2017,O véu islâmico supremacista da Nike foi eleito uma das 25 MELHORES INVENÇÕES de 2017 pela Time Magazine.,Nike’s cloak of Islamist ascendancy was hailed as one of Time Magazine’s 25 BEST INVENTIONS of 2017.,99,138,696,1581,550,841,1397,5302
"Their Sons Sought a More Democratic Hong Kong, and Got Prison","Seus filhos almejaram uma Hong Kong mais democrática, e colheram grades.
","They sowed democracy, they reaped bars.",377,448,2497,2498,2539,2587,1928,12874
Fracking Has Cut More CO2 Emissions Than All Renewable Energy Combined,"O fracking deixou para trás mais emissões de CO2 do que toda a energia renovável somada.
",Fracking left a bigger carbon footprint than all renewable energy sources combined.,151,448,654,93,370,116,95,1927
Wind power gusts past coal to become second largest electricity source in Texas,"O vento sopra a carvão para escanteão, tornando-se a segunda maior fonte de eletricidade no Texas.","The wind funnels coal to the corner, becoming Texas’s second-biggest power player.",272,448,1514,2009,1465,2180,1517,9405
"Arrested Former C.I.A. Officer Had Ties to Chinese Spies, Ex-Colleague Says","Ex-agente da CIA, afastado, tinha raízes entre espiões chineses, afirma ex-colega.
","A former CIA operative, sidelined, had tendrils woven among Chinese spies, a former colleague claims.",254,448,2197,2070,2469,1933,2019,11390
Muslim killer-cop’s story falls apart: Justine Damond’s neighbors heard no loud noises- multiple people interviewed,A história do policial muçulmano que matou desmorona: vizinhos de Justine Damond não ouviram barulhos altos – múltiplas pessoas foram entrevistadas.,The Muslim officer's story crumbles: Justine Damond's neighbors heard no raised voices – multiple accounts emerged.,123,448,805,877,1175,2016,1500,6944
Homeland Security Faces Lawsuit Over Warrantless Searches At Border,Segurança Nacional na mira de ação judicial por revistas sem mandado na fronteira.,National Security Under the Legal Gun.,338,448,2523,2564,2532,2509,2571,13485
ADAPT storms Bobby Rush's office to protect Americans with Disabilities Act.,"Adapte as tempestades no gabinete de Bobby Rush para proteger os norte-americanos com deficiência.
",Weather the Bobby Rush storm to shield Americans with disabilities.,142,448,1710,1898,1929,2532,2121,10780
Former Auburn University professor turned priest busted in massive Alabama child porn sting,"Ex-professor da Universidade Auburn trocou a cátedra pelo altar e caiu em uma teia macabra de pornografia infantil na maior operação do Alabama.
",A former Auburn University professor swapped his lectern for an altar and tumbled into a macabre web of child pornography in Alabama’s largest operation.,265,448,1994,2047,2060,790,1462,9066
Congressional Republicans Are Escalating Their Feud With The FBI,"Republicanos do Congresso Intensificam a Guerra Fria com o FBI.
",Congress Republicans Escalate Cold War with the FBI.,178,448,1302,835,330,360,1084,4537
"Bless her HEART! Chelsea Clinton confuses health insurance with health care, gets SCHOOLED",Que lhe sobre pena! Chelsea Clinton confunde seguro saúde com assistência médica e leva uma lição de respeito.,May she rue the day! Chelsea Clinton mistakes health insurance for healthcare and receives a lesson in humility.,292,448,1313,1198,1821,1195,1434,7701
"America's Most Dangerous Politician, Kris Kobach, moves to redefine Democracy","O mais perigoso político americano, Kris Kobach, move-se para redefinir a Democracia.

**O mais traiçoeiro político americano, Kris Kobach, tenta moldar a Democracia à sua imagem.**
","The most treacherous American politician, Kris Kobach, seeks to sculpt Democracy in his own likeness.",184,415,1329,680,1917,1211,426,6162
"In Catalonia, a Church Becomes a Place of Artistic Pilgrimage","Na Catalunha, a Igreja Transforma-se em Destino Artístico de Peregrinação.","In Catalonia, the Church Becomes a Pilgrim's Artistic Mecca.",109,448,558,164,151,1453,509,3392
Plan to forbid words at Trump’s FDA withdrawn after after report of new CDC policy draws outrage,Plano para abafar palavras na FDA de Trump revogado após relatório de nova política do CDC gerar indignação.,Trump’s FDA word-muffling scheme scrapped after CDC policy shift report sparks uproar.,235,448,1672,1130,862,879,1052,6278
Park Lane Hotel Draws No Bids Near $1 Billion Price,"Hotel Park Lane Vê o Silêncio do Mercado Perto de US$ 1 Bilhão.
",Park Lane Hotel Witnesses Market Quiet Nearing $1 Billion.,149,448,861,1221,2097,1888,1760,8424
Trump administration taps coal consultant for mining oversight role,A administração Trump chama um especialista em carvão para supervisionar a extração mineral.,The Trump administration drafts a coal man to oversee the digging.,271,448,1877,834,632,367,1404,5833
A White House reporter went rogue and livestreamed the press briefing despite video and audio ban,"Um repórter da Casa Branca furou o cordão e transmitiu ao vivo a coletiva de imprensa, desafiando a proibição de vídeo e áudio.","A White House reporter broke ranks and aired the press conference live, thumbing their nose at the video and audio ban.",112,296,846,885,1015,803,1036,4993
"Trump's laughably unqualified judicial nominee loves ghost hunting, guns, and secrecy","O indicado judicialmente despreparado, motivo de riso, é apaixonado por caçar fantasmas, armas e sigilo.
","The ill-equipped court appointee, a laughingstock, chases shadows, weaponry, and secrecy with fervor.",333,448,2326,1893,2082,2038,1914,11034
An Iranian Wrestler Throws His Match to Avoid an Israeli,Um lutador iraniano joga a luta para escapar do israelita.,An Iranian wrestler throws the match to dodge the Israeli.,66,448,158,42,1663,2163,1145,5685
Russia marking day of defeat of Nazi forces | TASS,Rússia assinala o dia da pá de terra sobre as forças nazistas | TASS,Russia Marks Day of Turning the Soil on Nazi Forces | TASS,109,448,137,1959,1208,1932,1475,7268
"Manchester City 3, Burnley 0, Aguero marked his 177th EPL goal with a penalty","Manchester City 3, Burnley 0, com Agüero a selar seu 177º gol na Premier League com uma cobrança de penalidade.","Manchester City 3, Burnley 0, with Agüero etching his 177th Premier League goal onto the ledger with a spot-kick.",124,166,508,420,576,466,545,2805
Buzzfeed Crew Shocked To Learn They Have Low Testosterone Levels,Equipe da Buzzfeed em choque ao descobrir que seus níveis de testosterona estão em baixa.,BuzzFeed team reeling after discovering their mojo has waned.,346,448,1782,2246,1712,2364,1429,10327
Reviled coal businessman Don Blankenship reportedly mulling a Senate bid against Joe Manchin,"Homem de negócios odiado do carvão, Don Blankenship, supostamente ponderando uma candidatura ao Senado contra Joe Manchin.","Coal baron of scorn, Don Blankenship, reportedly eyeing a Senate run against Joe Manchin.",76,448,662,857,850,1240,1298,5431
Bill Maher Accuses Republicans Of ‘Murder’ Over Health Care Bill,Bill Maher acusa Republicanos de ‘Assassinato’ por Conta do Projeto de Saúde.,"Bill Maher accuses Republicans of ""Murder"" Over Healthcare Bill.",17,448,442,45,15,1174,368,2509
Joy Ann Reid unleashes 42 tweets about the 'rigged' DNC—that all sides may want to read,"Joy Ann Reid desata uma saraivada de 42 tweets sobre o DNC ""manipulado"" — que todos os lados podem querer ler.
","Joy Ann Reid unleashes a volley of 42 tweets about a ""rigged"" DNC — reading material for all sides.",93,383,312,218,369,874,233,2482
"As Texas reels from Harvey, Trump may tear DACA from 120,000 immigrant youth in the state","Os reels do Texas de Harvey podem desmantelar o DACA, ceifando a esperança de 120 mil jovens imigrantes no estado.","Harvey’s Texas reels could shatter DACA, reaping the dreams of 120,000 young immigrants in the state.",186,448,1190,1755,1563,2128,1668,8938
"With Open Arms, LaDainian Tomlinson Leads Hall of Fame Inductees","De Braços Abertos, LaDainian Tomlinson Lidera os Induzidos ao Hall da Fama.","With Open Arms, LaDainian Tomlinson Welcomes the Elect to the Hall of Fame.",67,89,732,496,1285,1747,1239,5655
Big City Liberals Are Forcing Rural Counties To Secede -,"Liberais da Metrópole Estão Obrigando Condados Rurais a Buscar Novos Rumos.
",Metropolitan Liberals Are Steering Rural Counties Toward Uncharted Waters.,193,448,1957,1495,2014,1741,1646,9494
Brazilian President’s Latest Attack on Environment Opens Amazon Reserve to Mining,Último ataque do presidente brasileiro ao meio ambiente abre reserva amazônica à mineração.,Brazilian president's final gambit throws open an Amazonian sanctuary to plunder.,258,448,2103,2085,1950,2090,2154,11088
Trump Himself Signed 'Letter of Intent' to Build in Russia during Campaign,Trump assinou pessoalmente uma promessa por escrito para construir na Rússia durante a campanha.,Trump put pen to a Russian soil pledge.,317,448,2342,2454,2476,2493,2453,12983
Vice Media’s Digital Chief Loses Job After Sexual Harassment Investigation,"O braço direito digital da Vice despencou após investigação de assédio sexual.
",The Vice's digital right-hand man bit the dust after a harassment probe.,220,448,2396,1921,2166,2150,2114,11415
Jimmy Kimmel adds his voice in support of the Children's Health Insurance Program,"Jimmy Kimmel empresta sua voz em defesa do Programa de Seguro Saúde Infantil, um escudo contra a tempestade que ameaça a saúde das nossas crianças.","Jimmy Kimmel lends his voice to champion the Children’s Health Insurance Program, a shield against the storm threatening our children’s health.",143,448,625,633,799,157,360,3165
WATCH: Kate Bolduan nails Virginia GOPer for appearing with top white nationalist just 5 months ago,VEJA: Kate Bolduan cobra um político republicano da Virgínia por se apresentar com um dos principais nacionalistas brancos há apenas cinco meses.,WATCH: Kate Bolduan grills a Virginia Republican for cozying up to a leading white nationalist just five months ago.,124,355,922,324,658,1204,850,4437
Groups Make Last-minute Push to Save National Monument Areas,"Grupos fazem esforço derradeiro para resgatar áreas de monumento nacional.
",Groups launch a final push to salvage landmark’s heart.,271,448,2157,2234,1708,2075,1736,10629
Trumpian ‘bravado isn’t how we conduct ourselves’: Democratic military vets enlist in Congressional races,A soberba não é como conduzimos nossos negócios: veteranos militares democratas se alistam em disputas no Congresso.,Hubris isn’t how we run our shop: Democratic veterans march into congressional squabbles.,213,448,1691,1779,2294,1796,2262,10483
FedEx raises full year profit outlook after quarterly growth,FedEx eleva a previsão de lucro anual após um trimestre de ascensão.,FedEx sees earnings forecast soar on a quarter of ascent.,346,448,2050,1931,921,1301,774,7771
Trump Pressed Top Republicans to End Senate Russia Inquiry,Trump pressionou os republicanos de ponta a dar um chega pra lá na investigação russa no Senado.,Trump leaned on top-tier Republicans to throw a wrench in the Russian probe at the Senate.,229,448,1642,1736,1278,1640,1062,8035
We Should Have Followed Germany’s Example For Our Confederate Monuments,Devíamos ter seguido o exemplo da Alemanha com nossos monumentos confederados.,We should have taken a page from Germany's book with our Confederate landmarks.,132,448,1063,1612,2057,711,1459,7482
China Denies Rex Tillerson’s Accusations of Predatory Economic Policy,A China rechaça as acusações de Rex Tillerson sobre política econômica predatória.,China brushes off Tillerson’s accusations of predatory economic practices.,66,448,182,360,190,27,11,1284
Prof Who Said ‘Trump Must Hang’ Won’t Be Returning To Teach,O mestre que clamou por uma forca para Trump não voltará a lecionar.,The professor who called for a noose for Trump won't be teaching again.,229,448,2009,1356,2183,1854,1470,9549
Leveraging data to provide insight into complex issues surrounding Veteran homelessness,Desvendar dados para iluminar as teias intrincadas do sem-abrigo entre veteranos.,Unraveling data to shed light on the tangled web of veteran homelessness.,252,448,1193,413,1259,1471,470,5506
"Inspiring Mother Has Made Over 15,000 Capes for Superhero Kids in Need",Mãe Inspiradora Costurou Mais de 15.000 Mantos para Pequenos Heróis que Precisam.,"Inspiring Mother Sewed Over 15,000 Shields for Little Valiants in Need.",87,448,1062,1362,631,882,1099,5571
St. Louis archbishop leads prayer for peace after violent protests,O arcebispo de St. Louis lidera oração pela paz após explosão de protestos violentos.,The Archbishop of St. Louis shepherds a prayer for peace after a storm of violent dissent.,145,347,617,169,962,418,274,2932
Planned Parenthood Is Targeting Baby Girls in the Womb,O Planejado Parenthood está caçando meninas no ventre.,Planned Parenthood is hunting girls in the womb.,22,448,163,400,239,2288,441,4001
Taylor Swift presents behind-the-scenes of ‘Look What You Made Me Do’,Taylor Swift revela os bastidores de ‘O Que Você Me Fez Fazer’.,"Taylor Swift Unveils the Heartstrings of ""What You Made Me Do.""",42,316,1969,944,1294,1122,2014,7701
The global car oil filter market is poised to reach about US$$ 535 Mn by the end of 2022,O mercado global de filtros de óleo automotivos está prestes a atingir cerca de US$ 535 milhões até o final de 2022.,The global automotive oil filter market is poised to crest $535 million by year's end 2022.,75,201,248,103,133,213,577,1550
Internet Erupts Over Woman Who Posted Breastfeeding Pic at Disneyland,"A internet entra em erupção por causa de mulher que postou foto amamentando em Disneyland.
",The internet explodes over woman who shared a breastfeeding photo at Disneyland.,88,448,374,86,87,395,167,1645
"Mohammed bin Salman bought ""Salvatore Mundi"". Talibangelical heads explode in...","Mohammed bin Salman comprou ""Salvatore Mundi"". As cabeças dos taliban explodem em...
","Mohammed bin Salman snapped up ""Salvatore Mundi."" The Taliban's heads blow up in…",119,448,1238,1114,1620,1978,1217,7734
Rev. Graham: No President in My Lifetime Has Defended the Christian Faith Like Trump,"Nenhum presidente em minha vida defendeu a fé cristã como Trump.
",No president in my lifetime has championed the Christian faith the way Trump has.,58,448,644,365,297,6,52,1870
Trump personally attacks Colin Kaepernick over national anthem protests,Trump ataca pessoalmente Colin Kaepernick por causa dos protestos no hino.,Trump goes after Colin Kaepernick's character with a low blow over the anthem protests.,159,448,766,1091,1940,2170,1842,8416
AL-Sen: Sen. Cory Booker (D. NJ) Helps Get Out The Vote For Doug Jones (D) To Defeat Roy Moore (R),Sen. Cory Booker (D. NJ) dá uma força para Doug Jones (D) afastar Roy Moore (R) do caminho.,Sen. Cory Booker (D. NJ) lends a hand to Doug Jones (D) to shove Roy Moore (R) aside.,100,31,852,1005,1494,353,759,4594
"Becerra Tried To Block Server Admin Over Red Flags, But Logins Continued, With Muted Reaction","Becerra tentou tapar o buraco no servidor com a mão, mas o acesso persistiu, com um silêncio ensurdecedor.","Becerra tried to plug the server's breach with his bare hands, but the access lingered, a deafening hush.",274,448,1992,1651,2221,1224,2299,10109
Beyonce Starts Her Residency 2 Weeks Late After Delivering Twins,"Beyoncé estreia sua temporada com dois meses de atraso após dar à luz gêmeos.
",Beyoncé launches her season with a two-month delay after delivering twins.,243,448,921,460,1036,110,171,3389
"HAARP Weather Warfare? Water Recedes In South America, Huge Waves Hit Africa","A Tempestade Manipulada no Céu? As Águas Retrocedem na América do Sul, Ondas Gigantes Atingem a África.","The Sky's Orchestrated Fury, Waters Recede Across South America, Colossal Waves Assault Africa.",269,448,1448,2154,1773,2181,1940,10213
Fox News Poll: Majority Believe Trump Tearing Country Apart,Pesquisa da Fox News: Maioria Acredita que Trump Está Desfazendo o País.,Fox News Poll: Majority Feels Trump Is Unraveling the Nation.,149,156,670,259,237,106,227,1804
DAAAMN! Jenna Jameson drops the MOTHER OF ALL TRUTH-BOMBS on Lisa Bloom,"DAAAAMN! Jenna Jameson solta UM RAIO DE VERDADE EXPLOSIVA em Lisa Bloom.
",DAAAAMN! Jenna Jameson unleashes a bolt of searing truth lightning on Lisa Bloom.,145,448,1309,890,1093,1567,905,6357
"So yeah, we’re thinking the Auto Mag in .44AMP is back (PHOTOS)","Então, parece que o Auto Mag em.44AMP está de volta (FOTOS).","So, the ghost of the.44 Auto Mag has returned (PHOTOS).",212,448,2144,1885,1666,2052,1410,9817
False charges of ‘Fake News’ are harming our free press,"Acusações falsas de ""notícias falsas"" estão envenenando nossa imprensa livre.
","False accusations of ""fake news"" are poisoning our free press.",27,448,412,50,19,11,14,981
‘No innocent explanation for this’: Kurt Eichenwald exposes reasons for Kushner meeting with Russian bankers,"Sem desculpa plausível para isso: Kurt Eichenwald desmascara os motivos do encontro de Kushner com banqueiros russos.
",No plausible alibi: Kurt Eichenwald lays bare the reasons for Kushner’s rendezvous with Russian bankers.,121,448,695,586,118,382,92,2442
The Lakers might bag the NBA Sixth Man of the Year Award,Os Lakers podem levar para casa o troféu de Melhor Bancário da NBA.,The Lakers could haul home the NBA’s Sixth Man trophy.,151,448,1244,155,415,1120,1285,4818
Sony will unveil its media showcase at the Paris Games week predictions for Sony,"A Sony desvelará seu palco midiático na Semana de Jogos de Paris, prenunciando o futuro.","Sony will unveil its media stage at Paris Games Week, foreshadowing what’s to come.",98,236,771,902,835,206,830,3878
Photogallery - Laura Peterson presents 'FAILURE' on stage in NYC,"Galeria de Fotos – Laura Peterson apresenta 'FRACASO' no palco em Nova York.
",Photo Gallery – Laura Peterson Stages 'FAILURE' in New York.,193,448,1145,935,372,1549,843,5485
Russobot Fake News is polluting our Weblog with Foul-Mouthed Diaries,O Russobot espalha lama em nosso blog com diários de boca suja.,The Russabot is slinging mud at our blog with foul-mouthed diaries.,151,448,721,1398,1991,1961,1566,8236
Nancy Pelosi releases scathing statement over these reports about Trump,"Nancy Pelosi lança duras palavras sobre essas notícias envolvendo Trump.
",Nancy Pelosi unleashes a verbal storm on these Trump-related reports.,231,448,1162,388,213,694,268,3404
Harlem Globetrotter Sets New Guinness World Record With Highest Upwards Shot,Harlem Globetrotters Alcançam Novo Patamar no Livro Guinness com Arremesso Ascendente Sem Precedentes.,Harlem Globetrotters Ascend to Uncharted Heights in Guinness Record with Groundbreaking Skyward Shot.,212,448,1722,1308,1179,2120,2182,9171
Migrant Youth Gangs Turn Berlin Area into Borderline No-Go Zone,Gangues de Jovens Migrantes Transformam Área de Berlim em Zona de Fronteira Quase Proibida.,Youth Gangs Turn Berlin Area into a Near-Forbidden Borderland.,125,30,640,853,440,1142,1460,4690
This Hamptons Dinner Series Is Elevating the Reputation of Rosé,Esta série de jantares nos Hamptons está lapidando a imagem do rosé.,This Hamptons dinner series is polishing the rosé’s reputation.,66,448,311,256,585,1482,568,3716
Campus Carry' Law Would End Students as Victims in Fla.,Lei do Porte de Armas no Campus Transformaria Estudantes em Presas na Flórida.,Gun Campus Law Would Turn Florida Students into Marked Men.,219,448,2030,2144,1561,2263,2421,11086
Rising Star Dem Harris Raises Funds for Fellow Lawmakers,Estrela Ascendente Dem Harris Levanta Fundos para Colegas Legisladores.,Rising Star Dem Harris Lends a Hand to Fellow Lawmakers.,92,225,648,824,407,1238,579,4013
Floyd Mayweather Treated Himself to a Lavish Beverly Hills Estate,Floyd Mayweather Premiou-se com um Palácio Suntuoso em Beverly Hills.,Floyd Mayweather Crowned Himself with a Gilded Mansion in Beverly Hills.,125,448,608,1273,1007,778,824,5063
VIDEO: Javier Baez robs Bryce Harper with spectacular catch,Javier Baez rouba Bryce Harper com uma defesa espetacular.,Javier Baez snatched victory from Bryce Harper with a dazzling display of defense.,187,448,2017,1243,1678,1104,982,7659
Paul Kagame Appears Set for Victory in Rwanda Vote,"Paul Kagame parece apontado para a vitória nas eleições ruandesas.
",Paul Kagame appears to be poised to seize the Rwandan election.,271,448,1701,714,730,187,246,4297
"Trump Campaign Raises $$11.6 Million, Spends $$1 Million on Legal Fees","Campanha de Trump Arrecada $11,6 Milhões, Gasta $1 Milhão em Contas Jurídicas.
","Trump Campaign Rakes in $11.6 Million, Dumps $1 Million on Legal Bills.",57,87,241,746,789,521,1175,3616
"Morning Digest: GOP turns to Missouri attorney general for Senate race, but he may face a primary","O Partido Republicano acende a chama em Missouri, mirando no procurador-geral para a disputa ao Senado, mas ele pode encarar um fogo cruzado nas primárias.","The Republican Party strikes a match in Missouri, eyeing the Attorney General for the Senate race, but he may face a crossfire in the primaries.",150,257,1363,1374,1858,1235,2187,8424
The Secret Service Will No Longer Protect These Trump Team Members,"O Serviço Secreto não guardará mais as costas destas figuras da equipe Trump.
",The Secret Service won’t be watching their backs anymore.,279,448,1852,1042,1963,1422,416,7422
Watch: Rellik the Psycho Clown could lose his job with the Circus of Horrors,"Observe: Rellik, o Palhaço Psicopata, pode ver seus dias de picadeiro chegarem ao fim com o Circo dos Horrores.","Behold: Rellik, the Psychopomp Clown, may see his days of mirth turn to dust with the Circus of Nightmares.",166,426,1697,1963,1772,1858,1804,9686
Schumer and Allies Use Jimmy Kimmel Like a Pawn,Schumer e seus aliados usam Jimmy Kimmel como um peão.,Schumer and his allies are using Jimmy Kimmel as a pawn.,65,448,77,22,715,9,23,1359
Trump says O. J. Simpson was framed and the LAPD planted evidence in newly released transcripts,"Trump diz que O. J. Simpson foi injustiçado e a polícia de Los Angeles forjou evidências em transcrições recém-divulgadas.
","Trump claims O.J. Simpson was railroaded, alleging Los Angeles police cooked the books in newly released transcripts.",116,146,1088,1473,1538,2438,2053,8852
Anti-Establishment Billionaire Andrej Babiš to be Named Czech PM,Bilionário anti-sistema Andrej Babiš será nomeado primeiro-ministro da República Tcheca.,The anti-establishment billionaire Andrej Babiš is set to take the reins of the Czech Republic.,145,448,826,672,522,296,115,3024
House Democrats Take Demands for Trump Hotel Records to Court,Democratas da Câmara Levam Exigências por Registros do Hotel Trump aos Tribunais.,House Democrats Drag Trump Hotel Records Pursuit to the Courts.,109,448,944,742,392,1061,829,4525
PURE HELL: We spent 24 hours living through Florida’s FLAKKA crisis,"INFERNO PURE: Passamos 24 horas vivendo a crise da FLAKKA na Flórida.
",HELL PURE: We Spent 24 Hours Living the FLAKKA Flare-Up in Florida.,133,448,528,972,1699,634,995,5409
Photogallery - Samsung to break tradition with dual cameras from 2018,"Galeria de Fotos - Samsung para romper com o costume, com câmeras duplas.",Shatter the mold – Samsung's dual-lens gallery.,307,448,2378,2291,1539,2269,2282,11514
LMAO: Hillary Says If Trump Investigates Her It’ll Be A ‘Disastrous Step Towards…,"Hillary diz que, se Trump a investigar, será um ""mergulho desastroso rumo a...""","Hillary says that if Trump investigates her, it’ll be a “plunge into…”",46,448,539,719,2242,1930,1789,7713
Remembering the Future: How Ancient Maya Agronomists Changed the Modern World,"Recordando o Futuro: Como os Agrônomos Maias Antigos Transformaram o Mundo Moderno.
",Remembering Tomorrow: How Ancient Mayan Agronomists Reseeds the World Today.,125,448,335,1849,1026,1969,2314,8066
Trump touts 'Made in America' week but is quietly hiring more foreign workers at Mar-a-Lago,"Trump exalta a semana ""Feito na América"", mas silenciosamente contrata mais trabalhadores estrangeiros em Mar-a-Lago.","Trump trumpets ""Made in America"" week, yet quietly brings in more foreign hands to Mar-a-Lago.",82,448,590,1688,1060,405,1277,5550
"A year after Don the Con promised to save their jobs, Carrier Corp. employees face more layoffs","Um ano depois que o Grande Ilusionista prometeu salvar seus empregos, os funcionários da Carrier Corp. se veem à beira do abismo.","A year after the Great Illusionist vowed to secure their livelihoods, the Carrier Corp. employees find themselves staring into the abyss.",177,400,1543,2059,1719,450,861,7209
"It makes sense for progressives to go after Trump voters, too","Faz sentido que os progressistas também visem os eleitores de Trump.
",It makes sense that progressives would also be angling for Trump's voters.,160,448,1129,213,488,533,562,3533
Kaepernick’s Girlfriend Just Called Ravens Owner Racist Which Writer Says 'Just Doomed’ His NFL Season,"A namorada de Kaepernick chamou o dono dos Ravens de racista, e um escritor diz que isso selou o destino da temporada dele na NFL.","Kaepernick's girlfriend branded the Ravens' owner a bigot, and a writer says that slammed the door on his NFL season.",143,448,1300,202,1391,619,1372,5475
"Rep. Paul Gosar Unveils 'Not All DREAMers' PAC, Plans to Fight Open Border Candidates","Rep. Paul Gosar Revela PAC ""Nem Todos os Sonhadores"", Planeja Lutar Contra Candidatos da Fronteira Aberta.","Rep. Paul Gosar Unveils ""Not All Dreamers"" PAC, Plans to Wrestle Border Open Advocates.",32,144,47,275,1445,2018,2078,6039
Russian trolls watched ‘House of Cards’ to learn about US politics,"Trolls russos assistiram a 'House of Cards' para aprender os bastidores da política americana.
",Russian trolls binge-watched 'House of Cards' to get a peek behind the curtain of American politics.,124,448,1570,887,233,1115,210,4587
Donald Trump will increase the US military power in Afghanistan,"Donald Trump irá engrossar as fileiras da força militar americana no Afeganistão.
",Donald Trump will be adding muscle to America’s fighting force in Afghanistan.,198,448,1028,485,338,458,478,3433
"As with Bannon before he was fired, Kelly questions Kushner's position","Tal como Bannon antes de ser demitido, Kelly põe em dúvida o lugar de Kushner.","Just as Bannon did before he was shown the door, Kelly is now questioning Kushner's seat.",138,448,1186,1695,1879,1133,1480,7959
Nord Stream 2 Pipeline Would Put European Stability at Risk,"O Gasoduto Nord Stream 2 Colocaria em Jogo a Serenidade Europeia.
",The Nord Stream 2 pipeline would gamble with Europe’s peace of mind.,198,448,1347,482,1209,77,349,4110
Missing: Rex Tillerson—have you seen your Secretary of State,Desaparecido: Rex Tillerson — já viu seu secretário de Estado?,Vanished: Rex Tillerson — have you seen your Secretary of State?,7,80,11,14,69,393,189,763
The new 'Jane Crow' in the foster care system separates children from their poor mothers,A nova 'Jane Coruja' no sistema de acolhimento separa crianças de suas mães pobres.,The new 'Jane Owl' within the care system tears fledglings from their impoverished nests.,139,448,1225,2312,2306,2405,2279,11114
"AMAZING! President Trump to Countries Who Vote Against US on Jerusalem -- Fine, We'll Cut Your Aid","— Ótimo, vamos tirar o tapete do seu financiamento!",— Let's pull the rug out from under your funding!,360,448,2530,2520,2526,2312,2482,13178
"Arrow' Season 6 features time jump, features a new Oliver","A sexta temporada de Arrow dá um salto no tempo, apresentando um novo Oliver.
",Arrow’s sixth season ushers in a transformed Oliver.,207,448,2205,684,573,432,564,5113
"Ivana says Donald Trump isn’t racist, he just says ‘silly’ things because he gets confused","Ivana diz que Donald Trump não é racista, ele apenas solta bobagens porque se atrapalha.","Ivana says Donald Trump isn't a racist, he just lets slip nonsense because he gets his wires crossed.",72,203,503,852,1266,1843,1497,6236
Saudi Arabia plans to lift driving ban on women,A Arábia Saudita se prepara para abrir as estradas para as mulheres.,Saudi Arabia is paving the way for women.,248,448,2040,2058,1958,1326,1724,9802
Alaskan Bush People' Billy slammed for smoking while Ami suffers cancer,Billy sob fogo por fumar enquanto Ami trava batalha contra o câncer.,Billy weathering the blaze for a smoke while Ami wages war against the sickness.,262,448,2432,2422,2522,2168,2313,12567
WATCH LIVE: President Donald Trump unveils Afghanistan strategy in address to nation,"Acompanhe ao vivo: Donald Trump revela a estratégia para o Afeganistão em pronunciamento à nação.
",Live Wire: Trump Unveils Afghanistan Gambit in Address to the Nation.,67,448,619,1206,531,563,1279,4713
"Have the US, Trump Really Abandoned ‘Regime Change’ in Syria?","Os EUA, Trump, Desistiram de Derrubar o Regime na Síria?","Have the Americans, Trump, Hung Up Their Boots in Syria?",159,448,1402,2406,2415,2398,1962,11190
Lott: Democrats keep guns out of poor people’s hands,"Os democratas impedem que os pobres agarrem a arma da esperança.
",The Democrats deny the destitute a lifeline of hope.,312,448,2520,2338,2334,1283,1584,10819
DAFUQ? Chicago florist SO WOKE they make you take ‘hate quiz’ BEFORE finishing your purchase,Que diabos?! A floricultura de Chicago está TÃO alienada que te faz fazer um teste de ódio ANTES de finalizar a compra.,What in tarnation?! Chicago's flower shop is so detached it makes you take a hostility quiz before you can check out.,260,448,2184,2035,2056,1680,2007,10670
Monsanto and Bayer are Maneuvering to Take Over The Cannabis Industry,Monsanto e Bayer tramam para engolir a indústria da cannabis.,Monsanto and Bayer scheme to swallow the cannabis industry whole.,76,448,891,674,1281,857,504,4731
I Tried to Defend Colin Kaepernik and This is What I Learned,"Tentei Defender Colin Kaepernick e o Que Aprendi Disso.
","I Stood My Ground for Colin Kaepernick, and Here's the Harvest.",294,448,2210,2157,1835,2510,2102,11556
"NBA recap: The Utah Jazz beat the Oklahoma City Thunder on Saturday, 96-87","No sábado, o Utah Jazz superou o Oklahoma City Thunder, 96 a 87, em uma batalha onde a melodia do triunfo soou mais alta.","On Saturday, the Utah Jazz bested the Oklahoma City Thunder, 96 to 87, in a clash where the anthem of victory resonated loudest.",162,431,1825,1074,1241,496,2046,7275
Lord & Taylor Is ‘Toast’ Now That WeWork Has Bought Its Flagship NYC Store,"Lord & Taylor está ""contando os últimos suspiros"" agora que a WeWork comprou sua loja principal em Nova York.
","Lord & Taylor is now drawing its last breaths, as WeWork has acquired its flagship New York store.",110,448,1045,978,1010,103,143,3837
Photogallery - US Lawmakers set to question Trump campaign chairman,Galeria de Fotos – Legisladores dos EUA prestes a apertar o cerco ao marqueteiro de campanha de Trump.,Photo Gallery – US Lawmakers Closing In on Trump Campaign Ad Man.,221,448,1445,1106,1779,848,1378,7225
TV host Maria Menounos reveals battle with brain tumor,A apresentadora Maria Menounos revela a luta contra um tumor no cérebro.,Broadcaster Maria Menounos shares her battle against a brain bloom.,207,448,571,1805,465,1261,782,5539
"Healthcare Costs Could Eat Up Retirement Funds, Forecast Shows","Custos da saúde podem corroer a aposentadoria, indica projeção.
","Healthcare costs can chip away at retirement, projections suggest.",258,448,830,229,877,403,332,3377
BREAKING: Paul Manafort Offered To Give Campaign Briefings To A Pro-Kremlin Businessman (VIDEO/TWEET),URGENTE: Paul Manafort se ofereceu para fornecer informes de campanha a um empresário pró-Kremlin (VÍDEO/TWEET).,FLASH: Manafort Dangled Campaign Intel to Kremlin-Linked Tycoon (VIDEO/TWEET).,184,305,1240,2088,1511,2107,2067,9502
The Dating Advice Elite Matchmaker Sameera Sullivan Gives All Her Clients,A Elite do Conselhos Amorosos: O Que a Matchmaker Sameera Sullivan Revela a Todos os Seus Clientes.,The Inner Circle of Hearts: What Matchmaker Sameera Sullivan Shares with Every Client.,257,448,1753,1935,1734,1381,1468,8976
"Scarborough Spills Secrets Of Relationship With Mika, Says ‘Too Much Crazy There’","Scarborough Revela os Lados Obscuros do Romance com Mika, Afirmando Que Havia 'Excesso de Tempestade'.","Scarborough Unveils Romance’s Shadowy Underbelly with Mika, Claiming There Was ‘Too Much Thunder’.",229,448,2143,2077,1261,2247,2444,10849
"McCain shocks again, calls partisan gerrymandering 'wasted votes, silenced voices and hidden power'","McCain choca mais uma vez, descrevendo o *gerrymandering* partidário como ""votos esbanjados, vozes abafadas e poder soterrado"".","McCain stuns once more, portraying partisan gerrymandering as ""votes squandered, voices muted, and power buried.""",159,448,989,584,276,743,1045,4244
Google Home Mini affected with bug that records conversations,"O Google Home Mini enguiçou, gravando as confidências.",The Google Home Mini spilled its secrets.,235,448,1934,2475,2091,2344,1388,10915
Journalist Joins His Jailer’s Side in a Bizarre Persian Gulf Feud,"Jornalista Junta-se ao Lado do Seu Algoz em Estranha Disputa do Golfo Pérsico.
",Journalist Turns Coat in Bizarre Persian Gulf Showdown.,159,448,1692,2271,1822,2566,2464,11422
How the transgender crusade made me rethink my support for gay marriage,Como a cruzada transgênero me fez repensar meu apoio ao casamento gay.,How the transgender odyssey made me reconsider my backing of same-sex marriage.,133,448,546,372,301,404,327,2531
New York Schools for Off-Track Students May Face Stricter Rules,Escolas de Nova York para Alunos Fora da Curva Podem Enfrentar Regras Mais Rigorosas.,New York schools for struggling learners may face a tighter rein.,142,448,1057,960,1616,1039,758,6020
"At the Palais de Tokyo, Camille Henrot Finds Wonder in the Everyday","No Palais de Tokyo, Camille Henrot Descobre Maravilhas no Cotidiano.","At the Palais de Tokyo, Camille Henrot Unearths Wonders in the Mundane.",43,19,39,194,391,1221,526,2433
5 Things Ivanka Trump Could Do Right Now on Equal Pay,"Cinco Coisas que Ivanka Trump Poderia Fazer Agora Sobre Igualdade Salarial:

1.  Acender a faísca que precisa inflamar a mudança.
2.  Dar um tapa na mesa para que o assunto pare de ser jogado para debaixo do tapete.
3.  Desentupir o cano onde a equidade salarial está presa.
4.  Quebrar o espelho distorcido que reflete a disparidade de gênero.
5.  Arrancar a erva daninha da complacência que sufoca o progresso.","Five Things Ivanka Trump Could Do Right Now on Equal Pay:

1. Strike the match that needs to ignite change.
2. Slam the gavel to stop the issue from being swept under the rug.
3. Clear the blockage where pay equity is stuck.
4. Shatter the distorted mirror reflecting gender disparity.
5. Uproot the weed of complacency choking progress.",278,434,2290,2192,2497,1020,1859,10570
President Trump defends Melania's fashion on her foreign visits,"O Presidente Trump defende o guarda-roupa de Melania em suas viagens internacionais.
",President Trump shields Melania's wardrobe on his global tours.,159,448,549,353,1202,1890,548,5149
Bernie Sanders dismissed Chuck Todd snark & schools him on Medicare for all,Bernie Sanders despachou com um sorriso sarcástico a provocação de Chuck Todd e lhe deu uma aula sobre o Medicare para Todos.,Bernie Sanders swatted away Chuck Todd’s jab with a wry grin and schooled him on Medicare for All.,120,405,1977,1208,558,881,854,6003
Growbots vs. Zenprospect: Which Lead Generation Tool Can Grow Your Business,Growbots contra Zenprospect: Qual ferramenta de geração de leads pode impulsionar o crescimento do seu negócio?,Growbots versus Zenprospect: Which lead generation tool will fuel your business’ ascent?,67,448,212,162,100,235,119,1343
Fox News host smacks down Geraldo Rivera for making a sexual harassment ‘exception’ for senior citizens — like himself,"Apresentadora da Fox News destrói Geraldo Rivera por criar uma ""exceção"" de assédio sexual para idosos – como ele próprio.","Fox News Host Rips Apart Geraldo Rivera for Crafting a ""Get-Out-of-Jail-Free"" Card for Sexual Harassment – Like Himself.",127,448,1556,1192,2253,2082,2426,10084
Former top lieutenant to Ku Klux Klan chief is now looking at prison time for running pill mills,O braço direito que outrora empunhou as rédeas da Klan agora encara a sombra da cadeia por transformar farmácias em fábricas de ilusão.,The hand that once held the reins of the Klan now faces the specter of the iron gate for turning pharmacies into mills of mirage.,323,448,2484,2450,2318,1784,2310,12117
Valeant Pharma nudges higher as billionaire investor John Paulson joins board,"A Valeant Pharma ganha impulso com a entrada do bilionário John Paulson no conselho, um reforço de peso que injeta nova vitalidade na companhia.",Valeant Pharma gets a shot in the arm with billionaire John Paulson joining the board—a heavyweight injection breathing fresh life into the company.,255,448,1581,2015,1830,771,1025,7925
Elegance on Display: How 68-year-old Patti LuPone vocalizes her Trump Derangement Syndrome (NSFW),"Elegância à mostra: como Patti LuPone, aos 68 anos, vocaliza sua Síndrome de Desarranjo Trump. (Não recomendado para todos os públicos).","Elegance on Display: How Patti LuPone, at 68, Voices Her Trumpian Malaise (Not for the Faint of Heart).",204,366,1899,1153,1682,770,1331,7405
Why is Emma Stone helping to defile our daughters?,Por que Emma Stone ajuda a macular a pureza de nossas filhas?,Why does Emma Stone tarnish the innocence of our daughters?,149,448,688,659,394,443,12,2793
Did the Media Do Its Homework on the London Bucket Bomber... -,A mídia fez a lição de casa sobre o bandido que jogou baldes de terror em Londres...?,Did the media do their homework on the rogue who unleashed buckets of dread upon London…?,114,448,1923,1726,1215,511,831,6768
Photogallery - Maybe they don’t hit you: 5 relationship emotional abuse tactics,Galeria de Fotos – Talvez eles não te derrubem: 5 táticas de abuso emocional em relacionamentos.,Photo Gallery – They Might Not Knock You Down: 5 Emotional Abuse Tactics in Relationships.,184,448,1087,524,1354,349,508,4454
BREAKING: Senate Announces Deal To Reopen Government – What About DACA?,"URGENTE: Senado Alcança Acordo para Despertar o Governo – E o DACA, Qual o Despertar?","URGENT: Senate Strikes Deal to Rouse the Government – And DACA, What's the Awakening?",212,448,1460,2188,1723,1882,2307,10220
Killer Aadhaar Kills Another Aadivasi Woman By Denying Her Food – Countercurrents,"Aadhaar Assassina Mais Uma Mulher Adivasi, Deixando-a sem Pão – Contracorrente.
",Aadhaar steals another Adivasi woman’s bread – Swimming Upstream.,271,448,2179,2305,2162,2434,1822,11621
Strong Yuan Could Open Door to Relaxing Currency Curbs,"Um yuan forte pode abrir caminho para afrouxar as amarras da moeda.
",A strong yuan can unlock the shackles of the currency.,265,448,2016,1525,2103,552,594,7503
WNBA team Seattle Storm raising money for baby butchers Planned Parenthood,"O time de basquete WNBA Seattle Storm arrecada fundos para os algozes de bebês, Planned Parenthood.","The Seattle Storm WNBA team is raising funds for the baby executioners, Planned Parenthood.",132,448,347,943,534,1638,919,4961
Spotlight on green news & views: Hurricane Irma spins northward; Big Oil beats CA on drilling,Refletores sobre notícias e visões verdes: Irma gira para o norte; o Petróleo Grande vence a Califórnia em perfuração.,Spotlights on green news and views: Irma veers north; Big Oil conquers California in drilling.,147,448,731,929,250,1021,709,4235
‘We were literally on the helicopter’: Journo who flew with Coast Guard owns Trump over anti-press jab,"Estávamos, de helicóptero, no olho do furacão.","We were, by helicopter, in the eye of the storm.",311,448,2537,2379,2348,715,2496,11234
"Poynter, Facebook’s Arbiter of ‘Fake News,’ Sees Jewish Conspiracy to Purge H.R. McMaster","Poynter, o árbitro do “notícias falsas” do Facebook, vislumbra conspiração judaica para afastar H.R. McMaster.","Poynter, the Facebook “fake news” referee, sees a Jewish plot to sideline H.R. McMaster.",76,307,424,779,710,378,312,2986
"Trump tweets GIF of him hitting Hillary Clinton with golf ball, Twitter erupts",Um GIF de Trump acertando Hillary Clinton com uma bola de golfe explode no Twitter.,A GIF of Trump knocking Hillary Clinton with a golf ball sparks a firestorm on Twitter.,138,448,836,376,352,1179,790,4119
"Pujols Hits Slam for 600th HR, Leads Angels Past Twins 7-2","Pujols atinge o grampo para o 600º home run, conduzindo os Anjos a vitória sobre os Gêmeos por 7 a 2.","Pujols cracks the code for his 600th blast, steering the Angels to a 7-2 triumph over the Twins.",226,448,1839,1215,1173,1196,1849,7946
"If Paul Ryan is such a 'Russia hawk,' why hasn't he passed the Russian sanctions bill?","Se Paul Ryan é um ""águia da Rússia"", por que ele não fez passar o projeto de sanções contra a Rússia?","If Paul Ryan's a ""Russian hawk,"" why hasn't he pushed the Russia sanctions bill through?",64,448,45,311,76,554,109,1607
Researchers Restore Consciousness In Man Who Spent 15 Years In Vegetative State,"Pesquisadores devolvem a chama à vida de homem que passou 15 anos em sono profundo.
",Researchers rekindled the flame of a man's life after 15 years in a slumber deep.,246,448,2042,2146,2192,1243,1103,9420
"Pope Francis Reverses Vatican Judgment on Charlie Gard Case, Siding with Parents","O Papa Inverte Julgamento do Vaticano no Caso Charlie Gard, Dando Razão aos Pais.","The Pope Turns the Vatican's Verdict on Charlie Gard's Case, Upholding the Parents' Plea.",159,448,1150,722,952,774,1454,5659
"With no explanation, Trump fired the entire Presidential Advisory Council on HIV","Sem cerimônia, Trump dissolveu o conselho de assessores da Casa Branca sobre o HIV.","Without fanfare, Trump summarily shuttered the White House HIV advisory council.",252,448,1322,285,371,87,497,3262
"Bridal designer mixes up the runway with sensual, untraditional gowns",A estilista nupcial revoluciona a passarela com vestidos sensuais e fora do comum.,The bridal visionary redefines the runway with gowns that whisper secrets and defy convention.,212,448,1676,964,1163,1916,1768,8147
It’s confusing. There is no explanation': Some green card holders getting turned away from US Army,"É um labirinto sem mapa. Não há bússola para guiá-los.
",It's a maze without a guide. They have no North Star to follow.,320,448,2495,2542,2458,1726,2404,12393
Michael Bloomberg: Facebook May Need to ‘Read Every Message’ to Stop Fake News,"O Facebook pode precisar 'esgueirar-se por cada mensagem' para conter notícias falsas.
",Facebook may need to sift through every message to combat fake news.,57,448,729,792,817,328,98,3269
"200,000 Americans call on Trump to 'recognize Antifa as terror organization'","Duas centenas de milhares de americanos clamam para que Trump ""reconheça a Antifa como organização terrorista.""",Two hundred thousand Americans are howling for Trump to brand the Antifa as a terror group.,202,448,964,283,279,696,267,3139
‘#AJediYouAreNOT’: Star Wars’ Mark Hamill cuts down FCC chairman Ajit Pai for ridiculous anti-net neutrality video,"""#UmJedisVocêNÃOé"": Mark Hamill, de Star Wars, rechaça o presidente da FCC, Ajit Pai, por um vídeo ridículo contra a neutralidade da rede.","""#YouAreNoJedi"": Star Wars' Mark Hamill Slams FCC Chair Ajit Pai Over a Ridiculous Video on Net Neutrality.",116,448,641,1771,843,1146,1626,6591
"""Why are We Talking about Tax Cuts when We Should Be Talking Treason!""",Por que estamos debatendo cortes de impostos quando deveríamos estar falando de traição à pátria!,Why are we arguing about tax cuts when we should be crying foul over treason!,33,448,199,297,847,1166,1613,4603
Hungary's 'wall' has cut illegal migrant inflow by over 99%,A barreira da Hungria silenciou a corrente de imigrantes ilegais em mais de 99%.,The Hungarian wall choked the river of undocumented migrants by over 99%.,252,376,1565,166,1114,32,90,3595
Marxist Google fires employee behind anti-diversity memo for ‘perpetuating gender stereotypes’,"O Google, em um gesto de marretada ideológica, mandou o funcionário para a lona por um texto que, segundo a empresa, eternizou clichês de gênero.","Google, in a sledgehammer blow of ideological enforcement, knocked the employee to the canvas for a text the company claimed had fossilized gender tropes.",308,448,2394,1880,2099,1663,2391,11183
Mormon Church calls on political leaders to create protections for Dreamers,A Igreja de São José apela aos líderes políticos para erguerem um escudo protetor para os Sonhadores.,St. Joseph’s Church calls on political leaders to forge a sheltering bulwark for the Dreamers.,114,192,1663,1450,1227,312,1957,6915
Al Gore Calls Naturally Occurring Iceberg A ‘Jarring Reminder’ Of The ‘Climate Crisis’,Al Gore classifica iceberg natural como um “alerta estrondoso” da “crise climática”.,"Al Gore hails natural iceberg as a ""ringing alarm"" of the ""climate crisis.""",99,448,1400,795,1089,941,754,5526
The Writers of ‘Planet of the Apes’ Went Bananas with Christian Imagery,"Os roteiristas de ‘O Planeta dos Macacos’ Enlouqueceram com Imagens Cristãs.
",The ‘Planet of the Apes’ Screenwriters Went Wild for Christian Imagery.,67,237,240,368,1273,1975,1242,5402
Serena Williams Is Serving Up Her Bel Air Estate,"Serena Williams Está Sacando Seu Casarão em Bel Air.
",Serena Williams Is Selling Her Castle in Bel Air.,76,448,415,1417,590,1889,1288,6123
"Something really f--king fishy is buried in Graham-Cassidy's funding numbers, and it involves Alaska","Tem um cheiro de podridão danada escondido nos números de financiamento do Graham-Cassidy, e a fonte é o Alasca.","There’s a stench of rot lurking in the Graham-Cassidy funding figures, and the source is Alaska.",255,448,1963,1626,1336,858,810,7296
‘I WANT you to pay for abortions!’ Salon writer so VILE over taxes you THINK he’s a parody (he’s not),"""Eu QUERO que você pague por abortos!"" O autor da Salon é tão ABJETO em relação aos impostos que você acha que é uma paródia (e não é).","“I DEMAND you foot the bill for abortions!” The Salon author is so REPULSIVE on taxes, you think it's parody (and it isn't).",180,448,879,445,275,947,1234,4408
Witness from Las Vegas concert blows the truth wide open on TV-Mutiple shoothers at the ground fired upon us and killed people,"O show do Witness em Las Vegas escancarou a verdade: chuva de tiros na plateia, nos atingiram e ceifaram vidas.
","The Witness's show in Las Vegas ripped the mask off: a storm of bullets rained down on the crowd, struck us, and reaped lives.",258,448,2315,1969,1515,2070,2221,10796
SCIENCE FOR SALE: Shocking emails reveal editor of food science journal was secretly on Monsanto’s payroll at $$400 per hour – Infinite Unknown,CIÊNCIA À VENDA: E-mails chocantes revelam que o editor de um jornal de ciência alimentar recebia secretamente da Monsanto a uma taxa de $$400 por hora – O Desconhecido Infinito.,SCIENCE FOR SALE: Shocking Emails Unveil How a Food Science Journal Editor Secretly Pocketed from Monsanto at a Rate of $400 an Hour – The Infinite Unknown.,101,398,757,901,1119,792,1070,5138
Abortion Clinic Performed 85 FREE Abortions In the Wake Of Hurricane Harvey,"Uma clínica de aborto ofereceu 85 alívios gratuitos após a fúria de Harvey.
",A clinic offered 85 respites after Harvey’s rage.,277,448,2466,2455,2397,2186,1884,12113
Kellyanne Conway loses it on Twitter after being questioned over Trump's lies,Kellyanne Conway explode no Twitter após ser questionada sobre as mentiras de Trump.,Kellyanne Conway blows up on Twitter after being grilled about Trump’s falsehoods.,99,300,254,518,255,295,507,2228
Court Throws Out Blackwater Guards' Sentences for 2007 Baghdad Massacre,Tribunal Anula Prisão de Guardas da Blackwater pelo Massacre de Bagdá de 2007.,Court Lifts Shackles from Blackwater Guards for Baghdad Massacre of '07.,125,448,1007,1165,1642,2238,1894,8519
Nutrawise Unveils Youtheory Slimming Citrus Fruit Tablets To Promote Abdominal Fat Loss,"Nutrawise revela as pastilhas cítricas Youtheory Slimming, para desatar os nós da gordura abdominal.","Nutrawise unveils Youtheory Slimming Citrus Tablets, to unravel the knots of abdominal fat.",57,448,263,864,782,717,773,3904
Study finds ancient Hydrothermal vents on Mars ‘cradle for alien life’ on Red Planet,Estudo revela fontes hidrotermais ancestrais em Marte: berço alienígena no Planeta Vermelho.,Ancient hydrothermal vents unearthed on Mars: a crimson cradle of alien genesis.,145,448,1206,2135,1481,1770,1297,8482
Trump Sharply Warns Turkey Against Military Strikes in Syria,Trump Alerta a Turquia com Dureza Contra Ataques Militares na Síria.,Trump Serves Turkey a Stern Warning on Military Strikes in Syria.,109,291,215,232,1125,693,511,3176
So Youtube Denied My Appeal For Banned Video – W/O Explanation,"O YouTube bateu o martelo e negou meu recurso – sem dar o braço a torcer.
",YouTube slammed the gavel and wouldn't budge – not an inch.,353,448,2550,2565,2567,2182,2448,13113
"Target of Racist Graffiti Wrote It, Air Force Academy Says","Quem rabiscou mensagens racistas foi o alvo, diz a Academia da Força Aérea.
","The one who scrawled the racist messages was the target, the Air Force Academy says.",220,448,1586,580,1399,1171,321,5725
Two More Accusers Say Moore Pursued Them at Alabama Mall,Duas novas denunciantes afirmam que Moore as perseguiu no shopping de Alabama.,Two fresh voices claim Moore hunted them down at an Alabama mall.,142,448,527,1457,1100,1489,947,6110
Available jobs number hits all-time high as employers struggle to find workers,"O número de vagas disponíveis atinge o pico histórico, enquanto os empregadores se debatem para encontrar braços.","The pool of openings swells to a record tide, while employers grapple for hands.",360,448,2453,2320,1928,1225,2225,10959
"Trump is losing 'friends,' but not losing Paul Ryan or Mitch McConnell","Trump está perdendo camaradas, mas não abandonando Paul Ryan ou Mitch McConnell.","Trump is going down, but he’s not cutting ties with Paul Ryan or Mitch McConnell.",85,240,1495,808,708,1705,1246,6287
‘Creeping annexation’: Why Israel shelved the ‘Greater Jerusalem Law’,Anexação sorrateira: Por que Israel arquivou a 'Lei de Jerusalém Maior'.,Silent Swallow: Why Israel Shelved the 'Greater Jerusalem Law'.,35,448,369,2073,924,2118,2274,8241
Healthcare Cloud Computing Market revenue will reach $$25.7 billion by 2024,"A receita do mercado de Computação em Nuvem para a Saúde tocará os US$25,7 bilhões em 2024.",The cloud's healthcare market recipe will reach $25.7 billion by 2024.,57,111,207,995,581,1168,1303,4422
Philadelphia City Council Approves Crackdown on Nuisance ‘Beer Delis’,Conselho Municipal de Filadélfia Aprovada Batida Dura em “Depósitos de Cerveja” Incômodos.,"Philadelphia City Council Delivers a Swift Boot to Troublesome ""Beer Dumps.""",221,448,2253,2228,2219,2251,2283,11903
Kevin James on Why ‘Kevin Can Wait’ Dumped Erinn Hayes,"Kevin James sobre o motivo de ‘Kevin A Espera’ ter dispensado Erinn Hayes.

""Foi como se o navio tivesse virado. De repente, a direção mudou, e a tripulação me disse que a capitã precisava deixar a embarcação. Foi uma bofetada no estômago. Eles me explicaram que precisavam seguir por um caminho diferente, um caminho que não incluía mais a Erinn. Não me entendam mal, a Erinn é talentosa, mas a bússola do show apontava para outro lado. Foi uma decisão de cima, uma ordem que eu simplesmente não podia bater as botas.""","""It felt like the ship had capsized. Suddenly, the course shifted, and the crew told me the captain had to leave the vessel. It was a gut punch. They explained they needed to chart a different course, a course that no longer included Erinn. Don't misunderstand me, Erinn is talented, but the show's compass was pointing elsewhere. It was a decision from above, an order I simply couldn't kick the bucket.""",376,448,2573,2394,2541,1486,2555,12373
Chelsea Manning calls U.S. ‘police state’ after Harvard fellowship revoked,"Chelsea Manning chama os EUA de “estado policial” após bolsa de estudos de Harvard ser retirada.
","Chelsea Manning brands U.S. a ""gestapo"" after Harvard fellowship axed.",89,271,1667,2065,1608,2260,2128,10088
Ex-Con Interpreter Delivers Gibberish Sign Language at Police Press Conference,"Intérprete Ex-Detento Despeja Balela em Libras em Conferência da Polícia.
",Ex-con spills hot air in Sign Language at Police Conference.,89,268,945,1654,2035,2567,2291,9849
Trump family to spend Christmas in their secret lair under volcano,A família Trump passará o Natal em seu refúgio secreto sob a montanha adormecida.,The Trump clan will spend Christmas in their hidden lair beneath the slumbering giant.,173,368,722,692,1641,620,988,5204
Jim Fetzer: “Jeff Rense Fired Me for This Show”,Jeff Rense me mandou para a lona por causa deste programa.,Jeff Rense really floored me with this program.,178,448,1983,2464,2148,2244,1665,11130
"Canada probes ‘act of terrorism’ as five injured, suspect arrested","Canadá investiga 'ato terrorista' com cinco feridos, suspeito preso: **Canadá espreita a sombra do terror, cinco caíram, e um nome foi tecido na teia.**
","Canada stalks the terror's shadow, five have fallen, and a name is woven into the web.",334,448,2474,2479,2407,2368,2445,12955
Goldfish make alcohol to survive the winter without oxygen,Os peixinhos dourados fabricam licor para enfrentar o inverno sem ar.,Goldenfish brew resilience against the airless winter.,294,448,2129,1500,2398,2267,2062,11098
It took the Washington Post one hour to debunk Kris Kobach's ridiculous voter fraud claims in NH,Levaria uma hora para o Washington Post botar em pedaços as ridículas alegações de fraude eleitoral de Kris Kobach em NH.,It would take the Washington Post an hour to tear apart Kris Kobach’s ludicrous New Hampshire election fraud claims.,122,448,509,220,339,204,812,2654
"EA beefs up gaming portfolio, acquires 'Titanfall' maker Respawn","A EA engrossa seu portfólio de jogos, absorve a Respawn, criadora de 'Titanfall'.
","EA swells its game roster, swallowing Respawn, the studio behind 'Titanfall'.",318,448,1261,1190,414,1112,921,5664
Neoliberalism has conned us into fighting climate change as individuals,"O neoliberalismo nos enganou, nos fazendo lutar contra as mudanças climáticas como se fôssemos indivíduos.
","Neoliberalism sold us a snake oil, making us box the wind in the fight against climate change.",272,448,1566,2295,2280,2568,2471,11900
Rep. Pete King on Iran Deal: US Needs to 'Clean This Up',"Rep. Pete King sobre o acordo com o Irã: os EUA precisam ""varrer essa bagunça"".","Rep. Pete King on the Iran deal: The U.S. needs to ""sweep this mess under the rug.""",109,402,746,149,431,635,266,2738
Watch Podesta dodge the fact that Hillary Clinton let 20% of U.S. uranium go to the Russians and more,"Veja Podesta se esquivar da bomba que Hillary Clinton deixou cair: 20% do urânio americano indo parar nas mãos dos russos e outras bombas.
",Watch Podesta dodge the grenade Hillary Clinton lobbed: 20% of American uranium landing in Russian hands and other bombshells.,158,374,1592,1625,2018,1066,1323,8156
We Don’t Meet Anyone by Accident – 5 Types of Cosmic Connections,Não nos encontramos com ninguém por acaso – 5 Tipos de Conexões Cósmicas.,We Don't Meet Anyone by Chance – 5 Cosmic Threads of Connection.,76,448,464,401,45,147,464,2045
US taxpayers rush to claim deductions that are under threat from the GOP’s tax bill,Contadores e contribuintes americanos correm para salvar as deduções antes que a bancada republicana as ponha no caixão.,American accountants and taxpayers scramble to save deductions before the GOP buries them.,253,448,1392,1668,1312,419,637,6129
A reminder Stephen Miller once dumped a childhood friend because he was Latino,Um lembrete: Stephen Miller já jogou fora um amigo de infância por ele ser latino.,A stark echo: Stephen Miller once cast aside a childhood comrade for the color of his skin.,219,448,1980,1995,1476,1994,1328,9440
North Korea has launched six nuclear tests amidst growing UN concerns,"A Coreia do Norte detonou seis bombas nucleares em meio ao crescente temor da ONU.
",North Korea unleashed six nuclear thunderclaps as the UN’s anxieties swelled.,199,448,1906,1252,714,1669,1424,7612
Top Female Music Executives Send Rebuke to Grammys Leadership,"Lideranças femininas do mundo da música enviam um tapa na cara à direção da Grammy.
",Female music leaders deliver a stinging rebuke to the Recording Academy.,221,448,1111,708,1325,1988,2045,7846
How Obama Handled An Attack By A Racial Nationalist,Como Obama Desarmou o Ataque de um Nacionalista Racial.,How Obama Defused the Rage of a White Nationalist.,193,448,1059,678,487,915,645,4425
Countless Scores Of Muslims Are Renouncing Islam And Giving Their Lives To Christ In Finland,Incontáveis fileiras de muçulmanos estão abandonando a fé e entregando suas almas a Cristo na Finlândia.,Countless ranks of Muslims are laying down their veils and offering their hearts to Christ in Finland.,96,448,538,1100,1631,885,383,5081
"Pressure on Manafort grows as feds track more income, possible money laundering","A corda aperta para Manafort, enquanto os federais mapeiam mais dinheiro, com cheiro de lavagem.","The noose tightens on Manafort, as the feds chart more cash, reeking of money laundering.",153,448,1113,1801,1725,1175,1824,8239
"Pope Francis Warns G20 Of 'Very Dangerous Alliances With Distorted Visions', America and Russia","O Papa Francisco adverte o G20 sobre ""alianças perigosíssimas com visões deturpadas"", envolvendo Estados Unidos e Rússia.","Pope Francis cautions G20 about ""treacherous pacts with warped lenses,"" implicating the US and Russia.",213,448,793,432,1006,370,586,3848
Who Ordered The ‘Unmasking’ Of Americans? None Other Than Trump Puppet Devin Nunes,"Quem encomendou o ""desmascaramento"" dos americanos? Nenhum outro senão o fantoche de Trump, Devin Nunes.","Who pulled the strings on the American takedown? None other than Trump's marionette, Devin Nunes.",138,448,1292,1389,1117,1572,1356,7312
Trump mega-donor Rebekah Mercer tried to buy access to Clinton emails but ran into ‘major legal liabilities’,"Rebekah Mercer tentou comprar acesso aos e-mails de Clinton, mas esbarrou em 'armadilhas jurídicas'.","Rebekah Mercer tried to buy her way into Clinton’s emails, but ran afoul of legal tripwires.",123,260,1394,1433,1688,329,1381,6608
"How Modern Women Are Destroying Society (And Before You Scream Sexist, WATCH THE VIDEO)","Como as Mulheres Modernas Estão Desmantelando a Sociedade (E Antes de Grite ""Sexista"", ASSISTA AO VÍDEO).","How Contemporary Women Are Undoing the Fabric of Society (And Before You Cry Foul, Watch the Video).",84,325,293,92,553,1178,1673,4198
California ‘Puppy Mill’ Ban Would Also Cover Kittens and Bunnies,Proibição da Califórnia para fábricas de cães também estenderia o amparo a gatinhos e coelhos.,California's ban on puppy mills would also cast a sheltering wing over kittens and bunnies.,145,448,966,899,1555,1923,1528,7464
Authorities Arrest Four in India for ‘Game of Thrones’ Leaks,As autoridades prendem quatro na Índia por vazar os segredos de 'Game of Thrones'.,Indian officials nab four for spilling the dragon's secrets.,316,448,2413,1160,2314,2507,2408,11566
Sen Al Franken Exposed as Sex Predator Who Groped Unconscious Woman While Proudly Smiling for Sick Photo +Video,"O predador revelado: Senador exposto como um lobo em pele de gente, que apalpou uma mulher indefesa enquanto ostentava um sorriso doentio em foto + vídeo.","The Predator Unmasked: Senator Laid Bare as a Wolf in Sheep's Clothing, Who Grasped a Vulnerable Woman While Sporting a Sickly Grin in Photo + Video.",285,448,2242,2386,2008,1153,1973,10495
Rep. Steve Scalise says his shooting fortified his views on gun rights; Liberal hate also fortified,O tiro endureceu suas convicções sobre o direito a armas; o ódio liberal também cimentou.,The shot hammered his beliefs on gun rights; liberal scorn set them in stone.,258,414,2084,1349,1700,1679,2091,9575
"Roy Moore breaks silence after latest sexual assault claim, destroyed on Twitter","Roy Moore quebra o silêncio após a última denúncia de agressão sexual, esmagado no Twitter.","Roy Moore breaks his silence after the latest sexual assault allegation, crushed on Twitter.",37,448,141,73,162,1405,128,2394
The White House has become the craziest reality show on TV,A Casa Branca virou o reality show mais maluco da televisão.,The White House has become the craziest show on TV.,2,4,8,109,4,520,28,675
New Democratic ad turns the words of Roy Moore's own party against him,Novo anúncio da campanha democrata usa a própria corda do enforcamento de Roy Moore.,Democratic campaign's new ad weaponizes Roy Moore’s own noose.,173,448,1889,2171,1788,2021,2094,10584
ACLU take offensive measures against Trump's voting fraud claims,A ACLU trava um duro combate contra as alegações de fraude eleitoral de Trump.,The ACLU is battling tooth and nail against Trump's fraud allegations.,188,448,1246,579,570,690,270,3991
Sen. McCain Expresses Dismay 'We Are a Unicameral Govt',"Sen. McCain Manifesta Contrição: ""Somos um Governo de Um Olho Só.""","Sen. McCain Expresses Remorse: ""We Are a Government with One Eye Shut.""",123,387,1151,1714,1077,1510,2083,8045
"Born in Grief, New Group Helps Families of Slain Officers","Nascido da Dor, Novo Grupo Ampara Famílias de Policiais Tombados.","Forged in Grief, a New Collective Lends Support to Families of Fallen Officers.",151,448,651,200,347,1027,942,3766
Acting Manhattan U.S. Attorney and DEA announce provisional arrest in London of Pakistani National for drug-trafficking on a massive scale,"Atuando como Promotor dos Estados Unidos em Manhattan e a DEA anunciam a prisão provisória, em Londres, de um nacional paquistanês envolvido em um tráfico de drogas de proporções colossais.
","Stepping into the shoes of the United States Attorney for Manhattan and alongside the DEA, we announce the temporary takedown, in London, of a Pakistani national entangled in a drug trafficking operation of colossal scale.",208,448,1590,613,1291,1268,2208,7626
"Washington Redskins work out five players, sign one to practice squad","O Washington Redskins testou cinco jogadores, contratou um para a turma de estudo.","The Washington Redskins put five hopefuls through the wringer, snagged one for the think tank.",269,448,2274,2005,2277,2044,2396,11713
"In a Play, Rafael Nadal Inhabits a New Role: Gay Icon","Em um palco, Rafael Nadal Assume um Novo Personagem: Ícone Queer.
","On a stage, Rafael Nadal embodies a new role: Queer Icon.",89,448,487,221,653,236,483,2617
Trump admin. signals states can tie Medicaid to work,A administração Trump dá o aval para que os estados condicionem o Medicaid ao trabalho.,The Trump administration unlocks the gate for states to tether Medicaid to labor.,241,448,2044,1624,1277,660,851,7145
Sexual Harassment Allegations Hit the Clinton and Sanders Campaigns,Acusações de assédio sexual atingem as campanhas de Clinton e Sanders.,Sexual harassment allegations shadow Clinton and Sanders' campaigns.,22,448,247,87,27,39,346,1216
Ex-Trump adviser dismisses church massacre: Why don’t we talk about the things the world cares about?,Ex-assessor de Trump ignora chacina em igreja: Por que não falamos do que o mundo realmente tem no coração?,Former Trump Aide Shrugs Off Church Massacre: Why Don't We Name What Truly Beats in the World’s Chest?,177,448,988,1119,1941,2064,2354,9091
Appeals Panel Stays Injunction Against Texas Voter ID Law,"Painel de Apelação Congela Ordem de Suspender Lei de Identificação de Eleitores do Texas.
",Appeals Court Hits Pause on Halt to Texas Voter ID Law.,159,308,504,883,683,1762,1596,5895
"Republicans aim to loosen gun laws, allow convicted stalkers to conceal-carry nationwide","Republicanos buscam afrouxar as leis sobre armas, permitindo que stalkers condenados portem armas em todo o país.
","Republicans move to unlock gun laws, letting stalkers with convictions carry arms nationwide.",145,448,785,1053,316,1598,506,4851
PressTV-‘Iran not crossing red lines in cooperating with IAEA’,Irã não ultrapassa o limite da tolinha ao colaborar com a AIEA.,Iran doesn't dance with the devil when working with the IAEA.,286,448,2356,2403,2073,2466,2072,12104
"DHS Kelly Drops ‘Likely’ Approval for H-2B Worker Expansion, Now Studying Issue","O DHS alinha a aprovação ""provável"" para a expansão do programa H-2B, agora debruçado sobre a questão.","The DHS is straightening its tie toward a likely green light for the H-2B program’s expansion, now wrestling with the matter.",223,448,1772,1874,2050,1332,2126,9825
Tax Reform Will Kill the Death Tax and AMT,A Reforma Tributária Enterrará o Imposto da Morte e o AMT.,The Tax Reform Will Bury the Death Tax and the AMT.,29,172,151,98,49,2083,686,3268
MT-Sen: Jon Tester (D) Pushes The Call To Reduce The Number Of Standardized Testing,MT-Sen: Jon Tester (D) Impulsiona o Apelo para Diminuir a Mordida dos Testes Padronizados.,MT-Sen: Jon Tester (D) Leads Charge to Ease the Bite of Standardized Tests.,98,123,239,1815,1449,1019,1013,5756
Arizona GFD Takes Possession of Newborn Fawn “Kidnapped” from Wild,"O GFD do Arizona assume a guarda de um veado recém-nascido, ""sequestrado"" da natureza.","Arizona's Game and Fish Department takes in a newborn fawn, ""kidnapped"" from the wild.",132,448,2120,1378,652,335,528,5593
How the Amtrak Dining Car Could Heal the Nation,"Como o Vagão Restaurante da Amtrak Poderia Curar a Nação.
",How the Amtrak Dining Car Could Mend the Nation.,9,16,65,117,132,1241,1509,3089
Republican pundit loses his mind after ex-Obama adviser says Trump-supporting marchers are ‘actual Nazis’,"Um analista republicano enlouquece ao ouvir ex-conselheiro de Obama afirmar que manifestantes pró-Trump são ""nazistas de verdade"".","A Republican analyst's wig flies off as a former Obama advisor brands Trump's supporters ""true Nazis.""",304,448,2021,1426,788,1249,1191,7427
Chinese Man Allegedly Imprisoned 500 Cats to Sell Them to Restaurants,Homem Chinês Supostamente Encadeou 500 Gatos Para Levá-los à Mesa dos Restaurantes.,A man supposedly herded five hundred cats toward restaurant tables.,321,448,1931,1531,2089,2482,1960,10762
Republicans Won’t Regulate Gun-Toting Domestic Terrorists But Plan to Regulate Women,"Republicanos se recusam a colocar rédeas em terroristas domésticos armados, mas planejam controlar o corpo feminino.","Republicans refuse to rein in armed domestic terrorists, yet scheme to bridle the female body.",277,448,1953,1283,1993,1451,1289,8694
"If You Watch Anything Today, Watch This Video Of Marshawn Lynch Messing With People","Se você tiver que escolher algo para ver hoje, veja este vídeo de Marshawn Lynch provocando a galera.
","If you've got to pick one thing to feast your eyes on today, it's this video of Marshawn Lynch stirring the pot.",207,448,1976,1768,2444,1964,1202,10009
Roy Moore fundraising to fight assault accuser in court,Roy Moore angariando fundos para enfrentar as acusadoras de agressão nos tribunais.,Roy Moore rallying funds to take his accusers to the mat.,271,448,2046,1835,1140,2358,2344,10442
"Ahead of Independence Referendum, Catalan Citizens Occupy Polling Stations",Cidadãos Catalães Tomam de Assalto os Postos de Votação Antes do Referendo de Independência.,Catalan Citizens Storm Polling Stations Ahead of Independence Vote.,193,448,382,691,130,464,419,2727
Teen Mom 2': Kailyn Lowry changing her son's last name amid custody drama?,"""Mãe Adolescente 2: Kailyn Lowry trocando o sobrenome do filho em meio à batalha pela guarda.""",Teen Mom 2: Kailyn Lowry Shedding a Name in Custody Clash.,132,448,1187,1242,2241,2006,2081,9337
ELEY Makes Significant Investment in Competition Segment Within the USA,ELEY Mergulha com Força no Ringue da Concorrência nos EUA.,ELEY Leaps into the Fray in the U.S. Arena.,271,448,2515,2357,2435,1820,1314,11160
Murphy Leads Guadagno by 14 Points in New Monmouth Poll,Murphy amplia a vantagem sobre Guadagno em 14 pontos em nova pesquisa em Monmouth.,Murphy stretches the lead over Guadagno by 14 points in fresh Monmouth polling.,105,448,992,732,241,94,560,3172
Donna Brazile reveals the extent of Hillary Clinton corruption at the DNC,Donna Brazile expõe a extensão da corrupção de Hillary Clinton no DNC.,Donna Brazile lifts the veil on Hillary Clinton’s rot within the DNC.,133,448,937,1448,668,856,215,4705
Parents of Charlie Gard have decided to end the fight,"Os pais de Charlie Gard decidiram baixar a espada.
",Charlie Gard's parents decided to lay down their arms.,219,448,2011,1864,1901,2401,1124,9968
"Undercover video exposes violent plans at Antifa event: Threats, weapons, and violence abound","Vídeo secreto revela planos violentos em evento antifa: Ameaças, armas e violência fervem em brasa.
","Secret footage unearths violent schemes at an antifa gathering: Threats simmer like embers, weapons flash, and violence boils over.",196,448,1023,1231,696,1650,1756,7000
“I Can’t Believe My Public Service Card Will Hold So Much Information” Says Facebook User,"""Não acredito que meu cartão de serviços públicos vai carregar tanto peso."" Diz usuário do Facebook.","""I can’t believe my utility bill is going to carry so much weight.""",181,448,1708,2462,1766,2000,1969,10534
"Bill Cosby unveils new legal team, gets retrial for sexual assault postponed until 2018","Bill Cosby descortina nova defesa, e o retorno ao banco dos réus pelo assédio sexual fica para 2018.","Bill Cosby unveils a fresh gambit, and the return to the defendant's chair for sexual misconduct lingers into 2018.",249,448,1887,1454,2021,1105,2278,9442
The President of Honduras Is Deploying U.S.-Trained Forces Against Election Protesters,O presidente de Honduras mobiliza tropas treinadas pelos EUA contra manifestantes eleitorais.,The Honduran president unleashes America's hounds on protesting voters.,291,448,2343,825,2189,1369,1794,9259
"Gay man sues Oklahoma town for terrorizing his family, letting his house burn down","Homem gay processa cidade de Oklahoma por aterrorizar sua família e deixar sua casa virar cinzas.
",Gay man sues Oklahoma city for scorching his family and turning his home to ash.,139,352,798,177,675,764,639,3544
BP to Take $1.7 Billion Charge Over Deepwater Horizon Spill,"A BP vai engolir um prejuízo de 1,7 bilhão de dólares por causa do vazamento de Deepwater Horizon.",BP is set to swallow a $1.7 billion loss due to the Deepwater Horizon spill.,114,448,615,449,678,20,186,2510
Ottawa Senators sign John Oduya to a short-term deal in NHL contracts,Ottawa Senators fecha acordado de curta temporada com John Oduya em contratos da NHL.,Ottawa Senators ink short-season deal with John Oduya on NHL contracts.,171,448,402,552,492,1254,612,3931
"Increased Prevalence of Cancer to Drive the Growth of Bone Marrow Transplant Market in Future, according to Research Nester","O avanço do câncer, como uma sombra crescente, impulsionará o florescimento do mercado de transplante de medula óssea no futuro, segundo a Research Nester.","""The cancer's creeping shadow will fuel the blossoming bone marrow transplant market in the years to come, Research Nester predicts.""",159,448,1949,1077,1270,692,948,6543
Disney Targeted In Lawsuit: Actress Seeks $4 Million Over Alleged Weinstein Assaults,Disney é Alvo de Processo: Atriz Cobra 4 Milhões por Supostas Assédias de Weinstein.,Disney Faces Legal Storm: Actress Demands $4 Million for Alleged Weinstein Harassment.,159,448,191,290,42,1539,927,3596
"He Puts Bill Maher on TV, and Jefferson, Dickens and Tolstoy on Stage","Ele coloca Bill Maher na tela, e Jefferson, Dickens e Tolstói nos palcos.","He summons Bill Maher to the screen, and Jefferson, Dickens, and Tolstoy to the stage.",85,264,135,96,261,616,501,1958
Berkshire Hathaway Makes a $9 Billion Bid for Energy Future Holdings,"Berkshire Hathaway Lança uma Oferta de $9 Bilhões para a Energy Future Holdings.
",Berkshire Hathaway Unveils a $9 Billion Lifeline for Energy Future Holdings.,23,82,261,1401,552,775,1473,4567
"""We need water."" A cry for help from our fellow citizens in Puerto Rico","Sedentos, clamamos.
","Thirsting, we cry out.",307,448,2525,2421,2408,2071,2288,12468
Mexico City archdiocese counters allegations of sex abuse cover up,"Arquidiocese do México se defende de acusações de acobertar casos de abuso sexual.
",Mexico City Archdiocese pushes back against allegations of sweeping sexual abuse cases under the rug.,172,448,674,819,792,1060,529,4494
Microsoft’s Surface Book 2 features more computational power than any rival,"O Surface Book 2 da Microsoft supera em força de cálculo qualquer adversário, como um trovão eclipsa o raio.","The Microsoft Surface Book 2 outstrips any competitor in processing power, like a thunderclap swallows a flash of lightning.",261,448,2147,1792,2214,1088,1837,9787
ALDS Game 1: Trevor Bauer leads Cleveland Indians past New York Yankees,JOGO 1 da ALDS: Trevor Bauer guia os Cleveland Indians à vitória sobre os New York Yankees.,ALDS Game 1: Trevor Bauer shepherds the Cleveland Indians to victory over the New York Yankees.,58,118,106,25,480,263,99,1149
"In Talk of a Tennis Union, Women Seek a Leading Voice","Na busca por uma voz à frente, mulheres tramam a união no tênis.","Weaving a chorus, women forge a coalition on the court.",279,448,2366,2497,2470,2231,2237,12528
Aircraft Carrier Delivers Mountains Of Aid To Thousands Of Irma Victims,Porta-aviões despacha montanhas de esperança para milhares de vítimas de Irma.,Aircraft carrier unleashes avalanches of hope for thousands of Irma's victims.,104,448,806,754,1409,501,435,4457
Late-Stage Abortion Provider Won’t Succumb to Protesters Who Forced Him Out of His Last Maryland Clinic,Médico que realiza abortos em fase avançada não cederá aos manifestantes que o expulsaram da última clínica em Maryland.,The physician who delivers late-term terminations won't yield to the protesters who drove him from his final clinic in Maryland.,191,448,1278,1195,1536,632,682,5962
"Marijuana Grower Buys Entire California Town to Build ‘Pot Town, USA’",Produtor de maconha compra cidade inteira na Califórnia para construir a “Cidade da Erva”.,Cannabis kingpins snatch up entire California town to erect a “Weed Wonderland.”,252,448,1435,2055,1341,820,1659,8010
"This November, Pennsylvania Democrats flipped offices for first time since 1799","Em novembro, os democratas da Pensilvânia derrubaram um sono de séculos, conquistando cargos pela primeira vez desde 1799.","In November, Pennsylvania Democrats shattered a centuries-long slumber, seizing offices for the first time since 1799.",86,226,1089,576,563,47,220,2807
"John McCain exposes Donald Trump in scathing op-ed, 'We don't answer to him!'",John McCain destrói Donald Trump em artigo de opinião contundente: 'Nós não respondemos a ele!',John McCain eviscerates Donald Trump in scathing op-ed: “We don’t feed the beast!”,51,236,752,1481,1405,2098,1634,7657
DROP THE CHARGES against Charlottesville community members resisting white supremacist terror,Retirem as acusações contra os membros da comunidade de Charlottesville que resistiram ao terror supremacista branco.,Lift the shadow of blame from Charlottesville’s defenders against white supremacist terror.,212,448,1000,974,662,1035,974,5305
North Korea Has Finally Agreed to Hold Official Talks with South Korea,A Coreia do Norte finalmente cedeu e concordou em realizar conversas oficiais com a Coreia do Sul.,North Korea has finally thawed and agreed to sit down with South Korea.,57,448,532,1181,1253,141,1321,4933
Hospital Ship in Puerto Rico Has Seen Few Patients,O navio-hospital em Porto Rico viu poucos rostos.,The mercy ship barely grazed the island's sorrow.,345,448,2502,2097,2529,2580,2560,13061
Dodgers’ Justin Turner Delivers a Walk-Off Homer to Topple Cubs,Justin Turner dos Dodgers derruba os Cubs com um home run que sela a vitória no último lance.,"Justin Turner of the Dodgers delivers the final blow, sending the Cubs home empty-handed with a walk-off home run.",236,448,1572,555,1812,1263,1066,6952
Israeli Defense Minister’s Party Revives Death Penalty Bill Following Har Hadar Terror Attack,"O partido do Ministro de Defesa de Israel ressuscita projeto de lei da pena de morte após o atentado terrorista em Har Hadar.
",The Defense Minister's party digs up a death penalty bill after the Har Hadar terror attack.,63,448,467,340,1112,436,481,3347
Can the Dallas Cowboys beat Philadelphia Eagles in Sunday Night Football?,Os Cowboys de Dallas têm a chance de derrubar o domínio dos Eagles de Filadélfia no Jogo da Domingo à Noite?,Do you reckon the Dallas Cowboys have a shot at unseating the Philadelphia Eagles from their perch on Sunday Night Football?,159,383,1103,1394,1516,970,1498,7023
"Gretchen Carlson Reveals New Sexual Harassment Claims, Encourages Other Women to Speak Up","Gretchen Carlson Revela Novas Acusações de Assédio Sexual, Incentiva Outras Mulheres a Fazerem Voz.","Gretchen Carlson Unveils Fresh Harassment Allegations, Urges Other Women to Find Their Roar.",183,448,564,1555,545,1799,1775,6869
"CNN Preacher Jim Acosta Should Shut His Loud, Irritating Face","O proselitador da CNN, Jim Acosta, deveria calar essa boca estridente e irritante.
","The CNN proselytizer, Jim Acosta, ought to shut his grating, tiresome gob.",188,448,1404,1674,1653,1925,2151,9443
Photogallery - LeBron James ties yet another Michael Jordan record,Galeria de Fotos – LeBron James amarra mais um nó na história de Michael Jordan.,Photo Gallery – LeBron James ties another knot in Michael Jordan's legacy.,123,448,1320,820,1274,181,878,5044
"HUD Ignored Procedures in Selling Distressed Mortgages, Report Says","Relatório Aponta que a Bu rocracia Ficou no Esquecimento ao Vender Imóveis com Hipotecas em Crise.
",Report Flags Bureaucracy Has Vanished into Thin Air as Mortgage-Backed Properties Go Up for Sale in Crisis.,361,448,2409,1800,2216,1514,2381,11129
Vector Network Analyzer Market to Reflect Impressive Growth Rate During 2017 – 2025,Mercado de Analisadores de Rede Vetoriais: Um Salto Acelerado de 2017 a 2025.,Vector Network Analyzer Marketplace: A Quantum Leap from 2017 to 2025.,199,448,1472,1274,781,474,674,5322
Why climate change is creating a new generation of child brides,Por que a mudança climática está forjando uma nova leva de noivas-crianças.,Why climate change is birthing a fresh crop of child brides.,53,172,129,178,628,194,77,1431
"Iran May be Experiencing a World-Changing, Legitimate Resistance Movement While American Media Yawns","O Irã pode estar vivenciando um movimento de resistência autêntico e transformador, enquanto a mídia americana boceja.","Iran may be stirring from a slumber of dissent, a genuine and metamorphic uprising, while American media yawns.",159,448,758,683,1262,1655,1912,6877
Kansas police department breaks internet with tweet after teen fails horribly at mocking them,Departamento de Polícia do Kansas causa furor na internet com tuíte após adolescente se dar mal ao tentar ridicularizá-los.,Kansas Police Department sparks online firestorm with tweet after teen’s backfired mockery.,153,448,653,723,794,2113,1271,6155
Spotlight on green news & views: GM reveals an all-electric fleet; Puerto Rico digs out,Refletores sobre as notícias e visões verdes: A GM revela uma frota totalmente elétrica; Porto Rico se desenterra.,Spotlights on the headlines and verdant views: GM unveils an all-electric fleet; Puerto Rico dusts itself off.,142,185,726,1092,1025,1704,1880,6754
President Trump Finds His TV Niche in Softball Interviews,Trump Descobre Seu Refúgio na TV em Entrevistas Brandas.,Trump Finds Sanctuary in the Soft Glow of Interviews.,193,448,2176,1916,2000,1883,2230,10846
Sean Spicer trolled for tweet ripping WaPo for ignoring Harvey Weinstein scandal,"Sean Spicer leva uma baita paulada por tweet detonando o *WaPo* por ignorar o escândalo Harvey Weinstein.
",Sean Spicer gets clocked hard for a tweet blasting the *WaPo* for downplaying the Harvey Weinstein scandal.,97,448,582,1423,987,1952,2055,7544
Scaramucci: Trump loves pizza so he can’t be elitist,Trump adora pizza para não parecer metido.,He likes to keep it real with a slice.,346,448,2533,2518,2557,2563,2557,13522
"Gee, what changed? After 8 years, CNN suddenly discovers WH’s ‘gender pay gap’; Updated","Nossa, que reviravolta? Depois de 8 anos, a CNN de repente descobre a ""lacuna salarial de gênero"" do WH.","Wow, quite a rabbit hole! After eight years, CNN suddenly stumbles upon the WH’s “gender pay gap.”",142,432,759,962,605,1067,1243,5210
‘Trump Must Comment’ on US Allegedly Rescuing Daesh Commanders From Deir ez-Zor,"""Trump Precisa Se Pronunciar"" Sobre o Suposto Resgate Americano de Comandantes do Daesh em Deir ez-Zor.
","""Trump Must Break the Silence"" On the Alleged American Retrieval of ISIS Commanders in Deir ez-Zor.",181,448,924,727,211,1596,450,4537
Samantha Bee Demands an End to Arbitration in Sexual Misconduct Cases,Samantha Bee Exige o Fim da Arbitragem em Casos de Abuso Sexual.,Samantha Bee Demands an End to Sexual Abuse Arbitration.,65,36,88,276,23,40,76,604
21st Century Fox Inc edge lower premarket after better than expected first quarter results,"A 21st Century Fox Inc. aparou suas pontas antes da abertura, após um primeiro trimestre que superou as expectativas, como um falcão que ajusta suas asas para um voo mais alto.","21st Century Fox Inc. trimmed its feathers before the bell, following a first quarter that exceeded expectations, like a hawk adjusting its wings for a higher soar.",276,442,2377,2483,2381,754,1827,10540
How lucky can you get! Debbie Wasserman Schultz’s brother will be handling the Awan case,"Que sorte a sua! O irmão de Debbie Wasserman Schultz ficará encarregado do caso Awan.
",How fortunate for you! Debbie Wasserman Schultz’s brother will be handling the Awan case.,18,5,31,52,240,381,539,1266
Speak up before there is no one left to speak out for you,"Erga a voz antes que o silêncio cale a sua voz.
",Speak up before silence swallows your song.,271,448,2344,2219,2133,84,792,8291
Death of 2 State Troopers Adds Another Layer of Tragedy in Charlottesville,A morte de dois policiais rodoviários adiciona mais uma camada de tragédia a Charlottesville.,The passing of two highway patrol officers deepens Charlottesville’s already heavy burden of sorrow.,335,448,2069,458,777,216,317,4620
Jeff Sessions Snaps At Republican Rep Who Demands Appointment Of Second Special Counsel,Jeff Sessions ataca com firmeza republicano que exige a nomeação de um segundo procurador especial.,Jeff Sessions lands a haymaker on Republican pushing for a second special counsel.,183,448,1274,1918,2179,1900,2207,10109
Houston-Area Driver Presses the Boundaries of the Free Speech Issue,"Motorista da região de Houston desafia os limites da liberdade de expressão.
",Houston-area driver pushes the envelope of free speech.,65,448,276,203,1246,604,452,3294
Dean Unglert of 'The Bachelorette' has found love with 'Bachelor' alumni.,"Dean Unglert, do 'The Bachelorette', finalmente aportou em um amor com alguém que também já navegou pelo universo 'Bachelor'.","Dean Unglert, from 'The Bachelorette,' has finally found harbor in a love with someone who’s also charted the Bachelor seas.",129,448,850,1617,2356,937,1645,7982
How the MS-13 gang flourishes seven blocks from the White House,"Como a gangue MS-13 prospera a sete quarteirões da Casa Branca.
",How the MS-13 crew thrives a stone's throw from the White House.,100,224,1091,545,1176,883,372,4391
"Pakistan: Student charges principal with “blasphemy,” guns him down","Aluno acusa diretor de ""blasfêmia"" e o abate com balas.",Student brands headmaster a blasphemy and lays him low with fire.,271,448,1687,1126,2160,2330,2100,10122
Exceptionally Critical Audit Exposes Costly Failures in DOD’s Afghanistan Reconstruction,Auditoria Excepcionalmente Crucial Desmascara Desastres Financeiros na Reconstrução do Afeganistão pelo DOD.,An Unearthing Audit Exposes Financial Ruins in the DOD's Afghan Reconstruction.,151,448,950,1845,513,1806,1390,7103
Prince Harry and Meghan Markle Were Caught Kissing in Toronto,"O príncipe Harry e Meghan Markle foram flagrados trocando beijos em Toronto.
",Prince Harry and Meghan Markle were caught stealing kisses in Toronto.,14,119,10,88,315,1136,822,2504
A West Coast Spotlight on Latino Artists Leads the Fall Art Season,Um holofote da Costa Oeste sobre artistas latinos ilumina a temporada de arte de outono.,"A West Coast spotlight shines on Latino artists, illuminating the fall art season.",10,448,210,32,292,307,75,1374
PressTV-New Astana talks on Syria to be held end of month,"Novas negociações em Astana sobre a Síria serão realizadas no final do mês.
",Fresh talks in Astana on Syria will unfold at month's end.,258,448,1553,904,203,512,632,4510
What?! Sally Kohn defends Linda Sarsour AFTER her smear of Jake Tapper,"""O quê?! Sally Kohn defende Linda Sarsour DEPOIS de sujar a boca com Jake Tapper.""
","""What?! Sally Kohn is now backing Linda Sarsour AFTER biting the tongue with Jake Tapper.""",114,247,869,1094,978,1008,1210,5520
"Trump was so angry about the small crowd at his Phoenix rally, he fired a longtime event organizer","Com a indignação borbulhando pela catraca de público minguante em seu comício em Phoenix, Trump resolveu chutar o balde e mandou embora um organizador de eventos de longa data.","With righteous fury simmering behind the dwindling turnstile of his Phoenix rally, Trump decided to bite the dust and sacked a longtime event organizer.",231,356,1450,1313,2085,1719,2413,9567
More disturbing news comes out about 13 children tortured by California parents,"Notícias ainda mais inquietantes vêm à tona sobre 13 crianças torturadas por pais na Califórnia.
",More unsettling truths claw their way into the light about 13 children brutalized by their parents in California.,220,448,1418,421,690,585,473,4255
"Mark Penn and Andrew Stein have published the most execrable ""advice to Democrats"" op-ed ever","Mark Penn e Andrew Stein publicaram o mais execrável panfleto de ""conselhos aos democratas"" já visto.
",Mark Penn and Andrew Stein have unleashed the most wretched screed of “advice” ever inflicted upon Democrats.,106,177,1048,1137,784,155,589,3996
Conway Urges Alabama Voters: 'Don't Be Fooled' by Doug Jones,Conway Exorta os Eleitores do Alabama: 'Não Se Deixem Enganar' por Doug Jones.,"Conway Urges Alabama Voters: ""Don't Let Yourselves Be Bamboozled"" by Doug Jones.",20,176,469,1124,181,636,401,3007
Scientist Faces Criminal Charges Because Environmentalists Didn’t Like His Work,O cientista encara acusações criminais porque os ambientalistas não gostaram do seu trabalho.,The scientist faces the music because Mother Nature frowned upon his tune.,252,448,2398,2489,2576,2570,2501,13234
"When Donald Trump said Republican tax plan was 'not good for me,' he told a $$1 billion lie","Quando Donald Trump disse que o plano tributário republicano ""não era bom para ele"", ele vomitou uma mentira de 1 bilhão de dólares.
","When Donald Trump said the Republican tax plan ""wasn't good for him,"" he spat out a billion-dollar falsehood.",92,364,557,180,198,100,565,2056
Russia Facebook ads targeted more than two states: Senate intelligence chair,Campanha de anúncios do Facebook russa mirou em mais de dois estados: presidente do Senado da inteligência.,Russian Facebook ad campaign cast a wide net across more than two states: Senate intelligence chief.,154,147,439,755,1137,1512,713,4857
Trump Announces New Ways to Help Veterans Get Medical Care,"Trump Apresenta Novas Vias para Ajudar Veteranos a Acessar Cuidados Médicos.
",Trump Unveils Fresh Pathways to Heal Veterans' Health Needs.,265,448,1494,356,183,1277,1274,5297
"Wells Fargo, Awash in Scandal, Faces Violations Over Car Insurance Refunds","Wells Fargo, Afogada em Escândalo, Enfrenta Acusações por Violações em Devoluções de Seguro Automotivo.","Wells Fargo, Drowning in Scandal, Faces Accusations of Insurance Auto-Return Violations.",151,235,489,271,447,868,1484,3945
Wisniewski Sues Christie for Plan to Borrow $250 Million for Trenton Office Buildings,"Wisniewski aciona Christie por plano de tomar emprestado 250 milhões para prédios de escritórios em Trenton.
",Wisniewski hauls Christie into court over a scheme to borrow $250 million for Trenton office buildings.,70,448,55,190,473,304,1118,2658
Rasmussen Poll: 56 Percent of Voters Don't Believe Border Wall Should Be Built,"Pesquisa Rasmussen: 56 Por Cento dos Eleitores Acredita que o Muro da Fronteira Não Deveria Ser Erguido.
",Rasmussen Research: A Solid Majority Say the Border Wall Shouldn’t See the Light of Day.,318,448,2163,1152,1792,1080,903,7856
Nancy Pelosi: Trump Hasn't Said He Won't Support DREAM Act,Nancy Pelosi: Trump ainda não deu o braço a torcer sobre o apoio ao DREAM Act.,Nancy Pelosi: Trump still hasn't budged on backing the DREAM Act.,119,300,409,104,569,997,679,3177
Travis Scott Sued by Fan Who Says Concert Injury Paralyzed Him,"Travis Scott é processado por fã que alega que ferimento no show o deixou sem mobilidade.
",Travis Scott faces suit from fan claiming show injury stole his stride.,252,448,1125,1512,1706,1493,1611,8147
Bernie Sanders Urges New Yorkers to Back Bill de Blasio By a ‘Huge Vote’,"Bernie Sanders exorta os nova-iorquinos a apoiar Bill de Blasio com um voto ""de arrastar para o céu"".",Bernie Sanders urges New Yorkers to support Bill de Blasio with a “lift-to-the-heavens” vote.,63,448,768,600,1297,1475,1635,6286
"German Nurse Is Thought to Have Killed at Least 86, Officials Say","Enfermeira alemã é suspeita de ter levado pelo menos 86 pessoas à cova, afirmam autoridades.","German nurse suspected of leading at least 86 souls to the grave, authorities claim.",229,448,1503,1241,2052,927,1095,7495
Addie Zinone says that she had an affair with Matt Lauer 16 years ago,Addie Zinone afirma ter vivido um caso com Matt Lauer há 16 anos.,Addie Zinone claims to have danced with the devil sixteen years ago.,229,448,1734,2436,1819,2407,2554,11627
Trump administration has detained a Texas Dreamer for a month despite valid DACA status,"A administração Trump prendeu um sonhador do Texas por um mês, mesmo com o status DACA em dia.
","The Trump administration caged a Texas Dreamer for a month, despite their DACA status being clean.",50,150,337,414,245,1194,793,3183
The president has declared war on his own country,O presidente declarou guerra à sua própria terra.,The president declared war on his own house.,22,32,350,1277,214,1064,660,3619
WATCH: Texas College Apartment Party Causes Floor to Collapse,VEJA: Festa em apartamento de estudantes no Texas faz o chão ruir.,Witness: A college pad in Texas shakes its foundations.,345,448,2257,2383,1969,2198,1860,11460
Jurors in Menendez Trial Tell Judge They Are Deadlocked,Votos no julgamento Menendez declaram empate ao juiz.,"The scales tip, a draw in Menendez's reckoning.",308,448,2488,2373,2569,2427,2420,13033
Arkansas Teacher Hilariously Sends Insurance Agency Photos Of Herself Instead Of Her Car,"Professora do Arkansas Envia Fotos Hilárias de Si Mesma para Seguradora, em Vez do Carro.","Arkansas Teacher Sends Sidesplitting Self-Portraits to Insurer, Rather Than Car Pics.",262,448,2268,1281,1491,1535,1706,8991
Dragon Ball Super' reveals Goku's new form in a dramatic way,Dragon Ball Super revela a nova forma de Goku de maneira épica.,Dragon Ball Super unveils Goku's new form in a thunderclap of legend.,57,155,800,765,366,1518,1322,4983
Cavaliers’ Derrick Rose reveals true status of his ankle injury,"Derrick Rose, dos Cavaliers, revela o verdadeiro estado de sua lesão no tornozelo.","Derrick Rose, of the Cavaliers, lays bare the soul of his ankle injury.",151,369,1605,314,1071,1260,1337,6107
"FOX NEWS SUSPENDED ERIC BOLLING FOR ALLEGED ‘LEWD PICTURES’, BOLLING DENIES AND WILL PURSUE LEGAL ACTIONS",FOX NEWS AFROSTA ERIC BOLLING APÓS IMAGENS 'SUJAS' EMERGIR; BOLLING SE DEFENDE E BUSCARÁ AÇÃO LEGAL.,FOX NEWS ICED ERIC BOLLING AFTER ‘SALACIOUS’ IMAGES SURFACED; BOLLING DEFENDS AND WILL PURSUE LEGAL ACTION.,129,365,455,1939,332,1583,2016,6819
Trump blames Obama again for Russian hacking — but still refuses to do anything about it,"Trump culpa Obama outra vez pela invasão russa — mas ainda se recusa a dar o braço para torcer.
",Trump once again points the finger at Obama for the Russian incursion — but remains stubbornly unwilling to eat crow.,248,448,1880,2066,1975,2413,1992,11022
"Golden State Warriors finalize signings of Steph Curry, Kevin Durant and others","O Golden State Warriors sela o destino de estrelas como Steph Curry, Kevin Durant e companhia.
","The Golden State Warriors consign the fates of stars like Steph Curry, Kevin Durant, and the crew.",97,259,1447,1414,2068,1368,1700,8353
Photogallery - Dwyane Wade shares his amazing Kobe Bryant story about their first matchup,Galeria de Fotos – Dwyane Wade compartilha sua incrível história sobre Kobe Bryant em seu primeiro confronto.,Photo Gallery – Dwyane Wade Unveils a Stunning Chapter of Kobe Bryant's Legacy from Their First Clash.,219,448,1358,393,1211,1024,1231,5884
A Federal Regulator Is Probing Wells Fargo’s Mortgage Practices,"Um fiscal federal está investigando as práticas hipotecárias do Wells Fargo, esmiuçando-as.",A federal examiner is picking apart the Wells Fargo mortgage practices.,76,448,389,358,314,641,523,2749
McCarthy announces Rodgers' replacement and also signs 3rd QB,McCarthy anuncia o fim da era Rodgers e garante um terceiro remendo no arco da QB.,McCarthy rings the curtain on the Rodgers era and pledges a third patch to the QB pipeline.,269,448,2270,2161,2250,1354,1967,10719
‘Washington Must Stop Spending Tax Dollars to Fund Regime Change Wars’ – Tulsi Gabbard,"Washington precisa parar de esvaziar os cofres públicos para financiar guerras de troca de governo. – Tulsi Gabbard
",Washington needs to quit draining the public coffers to bankroll regime change trade wars.,237,448,2266,1664,1532,1190,1137,8474
Why One Company is Trading Smoke Breaks for Vacation Time,Por que uma empresa está trocando a fumaça nos intervalos pelo tempo de descanso.,Why a company is trading smoke breaks for downtime.,49,448,313,505,731,2053,553,4652
Robin Bell projects new messages onto Trump Int'l Hotel in DC,Robin Bell lança novas projeções sobre o Hotel Trump International em DC.,Robin Bell casts new shadows on the Trump International Hotel in DC.,119,448,1219,1332,1050,833,858,5859
Killer Cop Says He Shot Justine Damond Because He was ‘Startled’,Policial assassino diz que atirou em Justine Damond porque se assustou.,Killer cop claims he fired on Justine Damond because he jumped.,89,448,321,2103,1914,2494,1741,9110
That became the basis for spying on the Trump campaign!,Isso lançou a semente para uma vigilância sobre a campanha Trump!,That planted the seed of a watch over the Trump campaign!,176,291,1121,564,1526,499,582,4759
Baltimore Officers Will Face No Federal Charges in Death of Freddie Gray,Agentes de Baltimore Escapam Ilário da Justiça Federal na Morte de Freddie Gray.,Baltimore Agents Outwit Federal Justice in Freddie Gray's Passing.,188,448,2058,2013,1771,1756,1743,9977
POLITICAL CORRECTNESS ON STEROIDS: What social media is doing to pretend the Muslim terrorist attacks in Spain never happened,"CORREÇÃO POLÍTICA POTENCIALIZADA: O que as redes sociais estão fazendo para fingir que os ataques terroristas muçulmanos na Espanha nunca aconteceram.
",POLITICAL ERASURE ON STEROIDS: How Social Media Is Whitewashing the Muslim Terrorist Attacks in Spain.,64,448,279,1043,1200,1849,1181,6064
Venues across the country are banning white nationalist events after Charlottesville violence,Locais por todo o país estão erguendo barreiras a eventos nacionalistas brancos após a violência de Charlottesville.,"Across the nation, walls are rising against white nationalist gatherings in the wake of Charlottesville’s bloodshed.",214,448,1315,1116,609,655,1041,5398
US Supreme Court rejects stay of execution for Ohio convict,"A Suprema Corte dos EUA nega adiamento da execução de condenado em Ohio.
",The Supreme Court slams the door on Ohio inmate’s last-minute plea to postpone his final walk.,311,448,2252,1360,2141,1480,1776,9768
"Vancouver Man Who Promised Riches to Investors Committed Fraud, Panel Says","Homem de Vancouver que prometeu fortunas a investidores confessou um golpe, diz painel.","Vancouver man who spun tales of riches to investors finally coughed up the truth, a board revealed.",202,448,1511,728,2048,1387,1974,8298
Hillary Wanted To Make Voodoo Dolls Of The Media And Congressmen,Hillary queria fazer bonecos de palha do noticiário e dos congressistas.,Hillary wanted to stuff scarecrows with the news and the congressmen.,142,448,808,1428,2064,1967,2026,8883
There is no such thing as a good Trump voter,"Não existem eleitores do Trump de bom coração.
",There's a serpent in every Trump voter's apple.,219,448,2324,2535,2551,2572,2433,13082
Leaker Reality Winner Smuggled Classified NSA Report in Her Pantyhose,A denunciante Reality Winner contrabandeou um relatório classificado da NSA na sua roupa íntima.,"Reality Winner spirited a classified NSA report out, tucked away in her undergarments.",105,448,1574,1290,1629,1921,2006,8973
Customs and Border Patrol Announces First Four Contracts for Border Wall Prototypes (Video)…,"Alfândega e Patrulha de Fronteira Anunciam os Primeiros Quatro Contratos para Protótipos do Muro da Fronteira (Vídeo)...

A Alfândega e Patrulha de Fronteira revelam os quatro primeiros artífices da barreira, os quatro primeiros nomes a erguer a muralha que se pretende que cale o grito da fronteira. (Vídeo)
","Customs and Border Protection Unveils First Four Artisans of the Barrier, the First Names to Raise the Wall Intended to Silence the Border's Cry. (Video)",245,448,1930,2290,2177,1838,2437,11365
"Pope urges Peruvians to focus on hope, unity ahead of trip","O Papa exorta os peruanos a fixarem os olhos na esperança, na união, antes da viagem.","The Pope urges Peruvians to set their gaze on hope, on unity, before the journey.",144,347,506,320,187,468,114,2086
"U.S. Hernia Mesh Repair Devices Market is Poised to Reach USD 2,061.89 Million by 2024","O mercado americano de dispositivos de reparo de hérnia está prestes a ascender a 2,061,89 milhões de dólares até 2024.
",The American market for hernia repair devices is poised to climb to $2.06189 million by 2024.,123,448,515,183,381,463,1044,3157
Photogallery - Jill Duggar's husband Derick Dillard has angered feminists all around the world,"Galeria de Fotos – O marido de Jill Duggar, Derick Dillard, acendeu a ira de feministas ao redor do mundo.
","Photo Gallery – Derick Dillard, Jill Duggar's husband, stirred up a hornet's nest among feminists worldwide.",261,448,1258,470,1420,828,485,5170
Raqqah Sheiks change sides as easily as the opposition groups do,Os sheiks de Raqqah mudam de lado com a mesma leveza que a oposição.,The sheikhs of Raqqah shift allegiance with the same ease as the opposition does.,262,448,1285,108,687,541,17,3348
Can Dominic Thiem be considered a title contender at the 2017 US Open?,"Dominic Thiem pode ser considerado um desafiante ao título no US Open de 2017?
",Could Dominic Thiem be considered a serious contender for the US Open crown in 2017?,85,204,54,122,17,34,1,517
Chick-fil-A is offering a free breakfast the entire month of September,O Chick-fil-A está estendendo a mesa para um café da manhã por conta da casa durante todo o mês de setembro.,"Chick-fil-A is laying out a breakfast spread, on the house, all September long.",123,448,1686,1967,1689,1473,1365,8751
EPA Developed Neighborhood Risk Tool For Eight Years But Nobody Uses It,"A ferramenta de risco de vizinhança, meticulosamente construída pela EPA ao longo de oito anos, jaz esquecida.","The painstakingly crafted neighborhood risk lever, built by the EPA over eight years, lies gathering dust.",277,448,2256,1692,1726,615,879,7893
Fox’s Tomi Lahren admits she has no idea why players are protesting — but she’s still furiously angry,"Tomi Lahren, da Fox, admite não ter a menor ideia do porquê dos jogadores protestarem — mas ainda está rindo por dentro.
",Fox’s Tomi Lahren confesses she hasn't the foggiest notion why players are protesting—but she’s still chuckling to herself.,90,448,405,626,943,709,1986,5207
Steven Rosenbaum of Waywire Enterprise Attacks his Own Paying Customer in OP-Ed WTF?,Steven Rosenbaum da Waywire Enterprise Ataca seu Próprio Cliente Pagante em Artigo de Opinião: Que Diabos Aconteceu?,Steven Rosenbaum of Waywire Enterprise Cannibalizes Paying Client in Op-Ed: What Fresh Hell Is This?,108,277,1016,1479,1438,1191,1224,6733
UC Berkeley has spent about $$1.4 million in security costs for conservative speakers this year,"A Universidade da Califórnia, Berkeley, já gastou cerca de 1,4 milhões de dólares protegendo palestrantes conservadores este ano.","The University of California, Berkeley has shelled out nearly $1.4 million this year to armor conservative speakers.",215,448,820,641,540,942,290,3896
E.U. to Trump: 'We're Not Renegotiating Iran Nuclear Deal',Não vamos reabrir a caixa de Pandora.,Let sleeping dogs lie.,377,448,2589,2588,2592,2552,2561,13707
Trump just spent $24 million on upgraded refrigeration for Air Force One,"Trump acaba de gastar 24 milhões em geladeiras novas para o Air Force One.
",Trump just blew a cool $24 million on new refrigerators for Air Force One.,68,148,718,1258,317,467,209,3185
Hawaii begins cold war preparations in response to North Korean threat,Havaí inicia preparativos para uma guerra fria em resposta à ameaça norte-coreana.,Hawaii readies its leis for a silent storm against Pyongyang's shadow.,355,448,2510,2335,2296,2334,2456,12734
US Republicans seek special counsel’s removal from Russia probe,Republicanos americanos buscam desmantelar a atuação do procurador especial na investigação russa.,American Republicans are trying to pull the rug out from under the special counsel's investigation into Russia.,246,448,2135,1562,977,1915,623,7906
Mother Kills Her Baby By Throwing Him Out Of 6th Floor Window Naked,"A mãe afoga o filho, lançando-o do sexto andar nu.","The mother drowns her son, casting him naked from the sixth story.",262,448,2243,1254,2438,58,654,7357
"Israel Sends More Troops to West Bank after Stabbing, Unrest",Israel reforça tropas na Cisjordânia após facada e agitação.,Israel bolsters forces in the West Bank after stabbing and unrest.,125,448,689,65,251,560,283,2421
Chelsea Clinton reportedly flees the scene when asked about returning Weinstein money,Diz-se que Chelsea Clinton deu meia-volta ao ver que lhe perguntavam sobre a devolução do dinheiro de Weinstein.,It's said Chelsea Clinton froze solid when the question of Weinstein’s refunds came up.,277,448,2224,2242,1703,1626,1351,9871
Derek Jeter Discusses His New Job and (Sort of) Giancarlo Stanton,"Derek Jeter Discute Seu Novo Trabalho e (Mais ou Menos) Giancarlo Stanton

Derek Jeter Discute Seu Novo Emprego e (Meio Que) Giancarlo Stanton.",Derek Jeter Talks Shop and (Sort Of) Giancarlo Stanton.,65,448,219,1758,2077,2366,2175,9108
The Ukrainian army won a place in the ranking of the strongest primarily by the number of,"O exército ucraniano conquistou um lugar no pódio dos mais fortes, sobretudo pelo número de almas que ali entregaram o fôlego.","The Ukrainian army seized a spot on the podium of the strongest, largely by the sheer number of souls who breathed their last to claim it.",134,448,1872,1765,2032,1227,2023,9501
Iraq Reclaims its Sovereignty with Victory Against ISIS & US Colonialisation,Iraque resgata sua soberania com a vitória sobre o ISIS & a colonização ianque.,"Iraq reclaims its crown, having shattered the serpent's coils and cast off the foreign yoke.",306,448,2427,2472,2136,2488,2351,12628
Wireless Carriers Are Helping Customers Affected by Hurricane Harvey,"As operadoras de telefonia sem fio estão estendendo a mão a quem foi atingido pelo furacão Harvey.
",Wireless carriers are lending a lifeline to those battered by Hurricane Harvey.,123,448,449,551,177,1148,375,3271
"Action: You, yes you, can help victims of domestic violence and our pets!","Ação: Você, sim você, pode estender a mão a vítimas de violência doméstica e aos nossos companheiros peludos!
","Action: You, yes you, can lend a lifeline to those battered and bruised, and to our furry kindred!",190,167,1254,1578,1182,1033,1821,7225
Public Open House to Share Info on Gros Ventre Roundabout,Portas Abertas para Compartilhar a Volta do Gros Ventre.,Open Gates to Share the River's Return.,259,448,2516,2538,2210,2541,2487,12999
"White House loyalty blames Democrats, not Trump, for obstructing new hires","A lealdade da Casa Branca culpa os democratas, não Trump, por emperrar as novas contratações.
","The White House's loyalty calls the Democrats' bluff, not Trump's, for stalling new hires.",76,448,827,446,1394,2296,2252,7739
Iranian Hacker Charged in HBO Hacking That Included ‘Game of Thrones’ Script,Um invasor iraniano responde a acusações ligadas ao ataque à HBO que expôs o roteiro de 'Game of Thrones'.,An Iranian interloper parries charges tied to the HBO breach that spilled the ‘Game of Thrones’ script.,168,448,1060,1050,1411,1632,1376,7145
Stallone is filming 'Escape Plan 3' while Lundren is training for 'Creed II',Stallone está filmando 'Escape Plan 3' enquanto Lundren se prepara para 'Creed II'.,Stallone's forging 'Escape Plan 3' as Lundgren sharpens his steel for 'Creed II'.,153,448,915,1871,1252,1407,1046,7092
Reporter puts Trump on the spot about 'extreme vetting' for gun purchases,"Repórter encurrala Trump sobre a 'triagem extrema' para compras de armas.
",Reporter corners Trump about 'extreme vetting' for gun buys.,76,135,93,535,66,1506,1257,3668
Millions of Americans Are Ingesting a Chemical Some Experts Believe Has No Safe Exposure Level,Milhões de americanos estão absorvendo uma substância que alguns especialistas acreditam não ter limite de segurança.,Millions of Americans are unknowingly drinking from a well with no bottom.,192,448,2126,2253,2173,1822,2073,11087
"East Germany Celebrated the Completion of the ""Anti Fascist"" Wall with Folk Songs and Stories","A Alemanha Oriental brindou a conclusão da ""Muralha Antifascista"" com cantos populares e contos.","East Germany raised a glass to the ""Anti-Fascist Rampart's"" finish with folk songs and fireside tales.",142,448,1167,1947,1937,1568,2160,9369
Andrea Mitchell scolds Stephen Miller for being rude to Cuban-American Jim Acosta,"Andrea Mitchell repreende Stephen Miller por desrespeitar Jim Acosta, um cubano-americano.","Andrea Mitchell called out Stephen Miller for giving Jim Acosta the cold shoulder, a Cuban-American.",168,448,1221,845,1911,1420,737,6750
FBI demands answers on sale of baby body parts,"O FBI cobra explicações sobre o comércio de partes de bebês.
",The FBI demands answers regarding the baby parts bazaar.,136,448,908,1098,331,292,335,3548
80 nations celebrate International Workers Day on May 1. Why not the U.S.?,Oitenta nações celebram o Dia Internacional do Trabalhador em 1º de maio. Por que os Estados Unidos não se juntam à festa?,Eighty nations raise a glass on May Day—why are the United States still sitting this one out?,266,448,2106,2193,1844,2224,2198,11279
The USS JohnMcCain has rammed another vessel off Malaysia,O USS John McCain colidiu com outro navio perto da Malásia.,The USS John McCain brushed shoulders with misfortune near Malaysia.,265,448,2415,2411,2272,1917,1598,11326
Women quit their jobs in Google due to workplace culture,Mulheres abandonam seus postos no Google devido ao clima organizacional.,Women are weathering out of Google.,294,448,2376,2471,2524,2487,1582,12182
"Our Revolution, a Bernie Sanders Inspired PAC, Refused to Endorse Northam! Official Hint: Vote Hyra!","A Nossa Revolução, o PAC inspirado em Bernie Sanders, Recusou-se a Entregar-se a Northam! Dica Oficial: Vote Hyra!","Our Uprising, the PAC fueled by Bernie’s fire, refused to bend the knee to Northam! Official Word: Back Hyra!",220,448,1469,2254,2044,1842,2125,10402
Priest Found Guilty Of Cyanide Assassination Plot Against Church Leader,Sacerdote Julgado Culpado de Plano de Envenenamento com Cianeto Contra Líder Religioso.,Priest Found Guilty of Cyanide Plot Against Religious Leader.,17,448,23,168,158,117,336,1267
Paypal is canceling white supremacists' accounts and the alt-right is pissed,"O PayPal está cortando o cordão umbilical de contas supremacistas brancas e a extrema-direita está furiosa.
","PayPal is severing the lifeline to white supremacist accounts, and the far-right is incensed.",114,448,486,655,143,203,608,2657
"Trump copies Obama, commits US to open-ended Afghanistan war","Trump herda a cinzas o legado de Obama, e reacende a chama da guerra no Afeganistão sem data para o fim.
","Trump inherits Obama's ashes, rekindling the war's flame in Afghanistan with no end in sight.",307,448,2304,1742,1900,1467,987,9155
HOLD UP: Is the Trump International Hotel in D.C. REALLY handing out this petition?,Parece que o tempo parou: O Hotel Trump International em D.C. está mesmo distribuindo esta petição?,It feels like time stood still: is the Trump International Hotel in D.C. really handing out this petition?,38,33,176,922,741,14,69,1993
An IGA Supermarket in Montreal is growing its own vegetables on the roof,"Um supermercado IGA em Montreal está cultivando seus próprios vegetais no telhado, plantando futuro.","Sowing tomorrow, rooftop roots.",377,448,2548,2527,2582,2511,2549,13542
Small farmers who voted for Trump are suing him for taking away Obama-era protections,"Pequenos agricultores que apostaram no Trump estão agora processando-o por lhe terem tirado o guarda-chuva das proteções da época Obama.
",Small farmers who put their faith in Trump are now suing him for pulling the rug out from under them—the safety net he’d promised.,222,448,1982,1177,882,2039,1436,8186
Teen Mom 2': Kailyn Lowry had officially announced her baby's unusual name,Kailyn Lowry anunciou oficialmente o nome inusitado do bebê.,Kailyn Lowry has formally unveiled the baby's out-there moniker.,257,448,1795,1346,1380,713,1245,7184
"Trump Tells Reporters ""He's Not Worried"" plus He's ""Very Happy""","""Ele não se acanha."" E ""Está nas nuvens.""","He's one of the lads.
He's got his head in the clouds.",269,448,2544,2549,2565,2588,2582,13545
Steve Bannon told Ivanka Trump: You don’t know what you’re doing,Você está se perdendo no labirinto.,You're wandering in a maze.,313,448,2567,2544,2561,175,2489,11097
How Amanda Gorman Became the Nation’s First Youth Poet Laureate,Como Amanda Gorman Floresceu a Primeira Voz Poética da Nação.,How Amanda Gorman Blossomed as the Nation's First Poetic Voice.,89,448,1192,1334,848,435,1726,6072
Isaiah Thomas thinks the Celtics will regret trading him,Isaiah Thomas acredita que os Celtics amargurarão a troca.,Isaiah Thomas believes the Celtics will rue the trade.,136,448,338,133,152,1740,110,3057
"""Mitch & Greg"" Explain Why You Should Never Have Kids","Mitch & Greg Explicam Por Que Você Nunca Deveria Ter Filhos.
",Mitch & Greg Unravel Why You Shouldn't Ever Bring Little Souls Into This Mess.,252,448,2048,1819,1389,1000,1029,7985
"In Rare Gesture, North Says It Will Return South Korean Fishing Boat","Em gesto incomum, o Norte promete devolver barco de pesca sul-coreano.
","In a surprising turn, the North extends a hand, offering back a South Korean fishing vessel.",246,448,1815,1385,1486,260,669,6309
What Happens to Your Body After You Drink Diet Soda,"O Que Acontece Com Seu Corpo Depois de Engolir Refrigerante Diet.
",What Your Body Does After Downing Diet Soda.,77,448,940,856,1618,2343,1182,7464
1 Minute Video Explains The Evil Of Gun Control & What It Really Means,"Um vídeo de um minuto desvenda a face sombria do controle de armas e o que ele realmente significa.
",A one-minute video pulls back the curtain on gun control's dark mirror and what it truly reflects.,196,448,1997,2016,1853,1534,722,8766
"How House Conservatives Plan to Revive Obamacare Repeal, and Why It Could Work","Como os Conservadores da Câmara Planejam Ressuscitar a Revogação do Obamacare, e Por Que Isso Pode Dar Certo.","How House Republicans Plan to Raise the Dead on Obamacare Repeal, and Why It Might Just Work.",75,175,119,1097,1084,1327,1428,5305
Dragon Ball Super' new spoiler explains the Caulifla-Kale relationship,"O novo spoiler de Dragon Ball Super desvela a dança sutil entre Caulifla e Kale: um espelho rachado, onde a força de uma ilumina as fissuras da outra, e a sombra da competição tece um laço de dependência, como raízes entrelaçadas em solo árido.
","The new Dragon Ball Super spoiler unveils the delicate dance between Caulifla and Kale: a shattered mirror, where one's strength lights the cracks in the other, and the shadow of competition weaves a bond of dependence, like roots intertwined in barren soil.",289,448,2099,2139,2420,416,1478,9289
Bushnell Announces Dozens of New Optics at SHOT Show 2018,"Bushnell Revela Dezenas de Novas Óticas na SHOT Show 2018

**(ou, mais poeticamente:) Bushnell Despeja a Carga de Dezenas de Novas Óticas na SHOT Show 2018)**
",Bushnell Unloaded Dozens of New Optics at SHOT Show 2018,7,3,20,1172,113,1342,622,3279
Wells Fargo May Have Found More Fake Accounts Created by Employees,Wells Fargo pode ter descoberto mais contas falsas criadas por seus próprios funcionários.,Wells Fargo may have unearthed a fresh crop of phantom accounts sown by its own hands.,193,448,1723,1453,1834,924,584,7159
"Increasing Awareness Towards Preventing Maintenance of Vehicles is Expected to Intensify the Growth of Automotive Filter Market in Near Future, According to Research Nester.","A crescente consciência sobre a prevenção da manutenção veicular promete reacender o motor do mercado de filtros automotivos no futuro próximo, aponta a Research Nester.
","The burgeoning awareness of vehicle maintenance prevention is poised to jump-start the automotive filter market in the near future, according to Research Nester.",96,439,287,303,887,484,251,2747
Nancy Pelosi does not answer simple questions from Las Vegas Victim's family,Nancy Pelosi se esquiva de perguntas elementares à família de uma vítima de Las Vegas.,Nancy Pelosi sidesteps elementary questions to a Las Vegas victim's family.,87,448,554,471,729,420,474,3183
"New Hampshire Republicans vote to disenfranchise college students, impose poll tax on voters","Republicanos de New Hampshire votam para silenciar universitários e impor um imposto de cabeça aos eleitores.
",New Hampshire Republicans move to muzzle college students and levy a head tax on voters.,85,448,476,553,724,729,1405,4420
#Takeaknee Why you should watch a football game tomorrow!!,"Ajoelhar-se em respeito. Por que você deve acompanhar um jogo de futebol amanhã!!
",Bow your head in reverence. Why you must witness the beautiful game tomorrow!!,241,369,1988,2400,1673,1093,1506,9270
Could One of These Four Screenplays Win the Oscar?,"Será que um destes quatro roteiros vai levar para casa o ouro?
",Will one of these four scripts strike gold?,178,448,1215,1409,1463,2283,1290,8286
"Trump officials ignored ethics rules, creating 'ethical crises' that are still going on","Autoridades de Trump ignoraram as regras de ética, gerando ‘tempestades morais’ que ainda assolam.
","Trump officials brushed aside ethical guidelines, unleashing moral storms that continue to rage.",268,448,1652,219,356,347,234,3524
‘No Man’s Sky’ DLC: Update 1.3 to introduce a fourth race? What we know so far,A DLC do No Man's Sky: Update 1.3 para apresentar uma quarta raça? O que sabemos até agora: Uma nova constelação se junta à dança cósmica.,Will the No Man's Sky DLC: Update 1.3 unveil a fourth race? What we know so far: A new constellation steps into the cosmic waltz.,61,129,649,1643,1436,591,1149,5658
Here are 10 times white people falsely accused innocent people of color of crimes they didn’t commit,Aqui estão 10 vezes em que pessoas brancas acusaram falsamente pessoas negras inocentes de crimes que não cometeram.,Here are 10 shadows cast where white figures wrongly pointed fingers at innocent Black souls for deeds they never wrought.,265,448,2032,1799,2025,1801,1786,10156
House Rejects Amendment Prohibiting DOD Funds For Gender Transition,A Câmara afasta emenda que vetava verbas do DOD para transições de gênero.,The chamber shelved a move to redirect funds from the war chest to gender transitions.,329,448,2332,1750,2288,2208,2281,11636
Netflix renews 'House of Cards' for the sixth and final season,A Netflix concede um último sopro para 'Game of Thrones' em sua sexta e derradeira temporada.,Netflix breathes a final gust of wind into 'Game of Thrones' for its sixth and final season.,159,407,1564,1981,1127,840,1377,7455
How We Used VR to Explore What Music Feels Like to a Deaf Person,Como Desvendamos a Alma da Música com a Realidade Virtual para Quem Não a Ouve.,Unveiling Music's Soul Through Virtual Reality for the Unhearing.,358,448,2504,2121,1935,389,744,8499
Federal Judge Orders State Dept To Search Hillary Aides’ Accounts For Benghazi Records,Juiz Federal Determina que o Departamento de Estado Reviste Contas de Auxiliares de Hillary em Busca de Registros de Bengazi.,Federal Judge Orders State Department to Scour Hillary Aides' Books for Benghazi Ghosts.,69,351,271,1123,1353,2290,2140,7597
All things military: 41 family members join the army at the same time,Quarenta e um laços de sangue alistaram-se de uma vez só aos gritos da pátria.,"Forty-one threads of kinship surged forward, a patriotic roar unbound.",377,448,2561,2443,2511,2261,2559,13160
Trump insults the media in front of their children during W.H. Halloween event,Trump destilou insultos à imprensa diante dos olhos de seus rebentos durante o evento de Halloween na Casa Branca.,Trump brewed a torrent of invective at the press under his children's gaze during the White House Halloween gathering.,275,448,2240,854,1395,933,1063,7208
38 minutes until missile alert declared false ... Trump was golfing... couldn't be bothered,"Em 38 minutos, o alerta de míssil se revelou um susto... Trump estava dando umas tacadas, nem se importou.","In 38 minutes, the missile alert fizzled out—a false alarm. Trump was just drumming up a fuss, barely batting an eye.",223,448,2447,1797,1716,2094,2257,10982
Even America is ignoring their President Donald Trump Climate Change,Até a própria América está virando as costas para seu presidente e para as mudanças climáticas.,Even America itself is turning its back on its president and the climate crisis.,212,448,1351,766,950,233,475,4435
"Colin Kaepernick Donated $$25,000 to Group Honoring Convicted Cop Killer",Colin Kaepernick doou 25 mil dólares a grupo que homenageia assassino de policial condenado.,"Colin Kaepernick funneled $25,000 to a group lionizing a cop-killer.",67,448,587,615,1776,1328,1550,6371
Health insurance will cost more because of GOP tax plan,"O plano tributário do GOP vai pesar no bolso para o seguro saúde.
",The GOP’s tax plan will hit your health insurance wallet hard.,286,448,1798,1876,549,1333,436,6726
Anyone watch Sunday Pro Football? If so which team is your favorite?,"Alguém acompanhou o espetáculo da bola oval no domingo? Se sim, qual time rouba seu coração?","Did anyone witness the dance of the pigskin on Sunday? If so, which team steals your devotion?",168,448,1974,2279,2372,2443,2157,11841
Last year Trump stood at the podium and encouraged a white nationalist leader assaulting a protester,"No ano passado, Trump ergueu-se ao pódio e incitou um líder nacionalista branco a atacar um manifestante.","Last year, Trump took to the stage and fanned the flames for a white nationalist to lash out at a protester.",143,448,753,665,1300,1303,832,5444
"Ryan Says Social Security, Medicare Reform Not Likely This Year","Ryan diz que a reforma da Previdência Social e do Medicare dificilmente deixará o ataúde este ano.
",Ryan says Social Security and Medicare reform won't be shuffling off this mortal coil this year.,113,448,938,2031,2410,1886,1968,9794
WND » Red-handed! Cops caught Dem IT aide hiding secret server » Print,Flagrante! A polícia flagrou um assessor de TI do Partido Democrata escondendo um servidor secreto.,Caught red-handed! The police caught a Democratic Party IT aide stashing a secret server.,153,448,1767,2106,502,1214,1557,7747
Donna Brazile: “I hope to God we find out who murdered Seth Rich”,"Que Deus nos ajude a descobrir quem assassinou Seth Rich.
",May the heavens grant us the sight to unmask Seth Rich's slayer.,305,448,2524,2419,2043,895,1639,10273
"Exclusive: Kevin Spacey’s Father Was ‘Nazi Child Rapist’ Who Hated Jews and Sexually Abused His Own Son for Years – and Their Mother Knew, Claims Actor’s Brother","Exclusivo: O pai de Kevin Spacey era um “predador sexual nazista” que odiava judeus e abusou sexualmente do próprio filho por anos – e a mãe sabia, alega irmão do ator.","Exclusive: Kevin Spacey's father was a ""sexual predator nazi"" who loathed Jews and abused his own son for years – and the mother was in the know, alleges actor’s brother.",60,448,213,539,374,52,376,2062
Lavar Ball Discusses His Son Getting Arrested In China,Lavar Ball Discute a Prisão do Filho na China: Lavar Ball Fala Sobre o Filho Desembarcar nas Grelhas da China.,LaVar Ball Addresses Son's China Cage: LaVar Ball Speaks on His Son Stepping into China’s Grids.,237,448,1800,2217,2196,1816,2485,11199
NC State Admin Proposes Exclusive Housing for ‘Women of Color’,Administração da NC State Propõe Moradia Exclusiva para ‘Mulheres de Cor’.,NC State Administration Proposes Housing Set Apart for ‘Women of Hue’.,76,448,947,1515,260,2126,1627,6999
Making It Relevant: Helping Students Connect Their Studies to the World Today,Despertando o Propósito: Ajudando Alunos a Encaixar os Estudos no Mundo de Hoje.,Unearthing Purpose: Guiding Learners to Weave Their Studies into Today's Tapestry.,294,448,1814,2128,1988,2109,2171,10952
Kevin McCarthy: Tax Reform Will Help Innovation and Entrepreneurship,"A reforma tributária abrirá espaço para a inventividade e o espírito empreendedor florescerem.
",Tax reform will unlock fertile ground for ingenuity and entrepreneurial seeds to blossom.,241,448,2229,1767,1815,663,808,7971
BREAKING: Protesters Try to BREAK INTO St. Louis Prison,URGENTE: Manifestantes Tentam ARROMBAR Penitenciária de St. Louis.,URGENT: Protesters Storm St. Louis Jail.,220,448,840,767,1802,864,693,5634
Susan Collins (R-ME) Begins To Realize The Terrible Mistake She Made,Susan Collins (R-ME) começa a vislumbrar o erro terrível que cometeu.,Susan Collins (R-ME) is beginning to glimpse the awful abyss she stumbled into.,145,302,316,930,1600,475,446,4214
Trump accuses ex-FBI Director Comey of ‘crimes’ and calls for him to be investigated by a ‘special council’,"Trump acusa o ex-diretor do FBI, Comey, de “crimes” e clama por uma investigação sob a batuta de um “conselheiro especial”.","Trump brands ex-FBI chief Comey a ""wrongdoer"" and demands a probe steered by a ""special hand.""",193,448,1813,1276,461,1656,1530,7377
Jennifer Garner Reportedly Warned Lindsay Shookus About Ben Affleck,Jennifer Garner teria soado o alarme para Lindsay Shookus sobre Ben Affleck.,Jennifer Garner would have rung the bell for Lindsay Shookus about Ben Affleck.,89,448,647,1791,1787,790,602,6154
"Muslim Woman Renounces Islam And Gives Her Life To Jesus After Her Daughter Is Miraculously Healed, Her Husband Violently Attacks Her And She Is Now In Hiding","Mulher muçulmana abandona a fé e entrega a vida a Jesus após a filha ser curada milagrosamente, seu marido a agredir violentamente e ela se refugiar na sombra.","A Muslim woman shed her robes and embraced the Light, her spirit blossoming after a daughter’s miracle, a husband’s storm, and refuge in the hush.",258,448,2353,2377,2488,2313,2558,12795
Medical marijuana is helping people for many more health problems than just pain,A maconha medicinal está abrindo portas para a saúde em bem mais áreas do que apenas o alívio da dor.,Medicinal cannabis is unlocking pathways to wellness far beyond just pain relief.,300,448,1945,507,1306,68,126,4700
Trump Appellate Nominee Says Her Religion Supersedes the Constitution,Indicação de Trump para o Tribunal de Apelação Afirma que Sua Fé Está Acima da Constituição.,Trump Appointee's Appeals Court Filing: His Faith Rides Above the Rulebook.,321,448,2244,1600,2024,2055,2181,10873
Initiative proposed in Montana to allow suing if you see transgender folks going potty.,Proposta em Montana para processar quem flagrar pessoas trans no banheiro.,Hunting season on trans people in restrooms.,350,448,2462,2513,2416,2584,2576,13349
"Raid on Paul Manafort's house involved no-knock warrant, expectations of evidence being destroyed",Invasão na casa de Paul Manafort envolvia ordem de arrombamento e a sombra da destruição de provas.,The raid on Paul Manafort's home was a forced entry under the specter of evidence erasure.,197,448,1493,1542,623,1441,1771,7515
Photogallery - Will Bernie Sanders make a presidential bid in 2020?,Galeria de Fotos – Bernie Sanders dará o lance pela presidência em 2020?,Photo Gallery – Will Bernie Sanders Throw His Hat in the Ring for 2020?,198,448,1785,2190,1524,707,799,7651
North Korean Pop Singer Leads Pre-Olympic Delegation to South,Cantor pop norte-coreano desbrava fronteira sul-coreana na vanguarda da delegação pré-olímpica.,"North Korean pop star charts a course into South Korea, leading the Olympic advance guard.",262,448,2007,1324,2226,1373,1666,9306
*POPCORN* Hillary found somebody else to blame for ‘What Happened’ in 2016 (Just guess),Hillary encontrou um bode expiatório para o ‘O Que Aconteceu’ em 2016 (Apenas uma aposta).,Hillary found a scapegoat to shoulder the 'What Happened' in 2016 (Just a lark).,124,385,2264,1667,1298,765,1522,8025
Something lighter: Video shows dog honking car horn to get owner’s attention,Um toque de charme: vídeo mostra cão apitando o carro para chamar a atenção do dono.,A dash of finesse: pooch orchestrates a honk to summon his human.,359,448,2481,2487,2320,1712,2177,11984
OUCH! GOP Rep. reminds Obama what he ‘left out’ of his DACA statement,"Ai! Deputado republicano lembra Obama o que ele ""deixou passar"" em seu pronunciamento sobre o DACA.","""Ouch! Republican congressman playfully needles Obama, reminding him of what slipped through the cracks during his time on DACA.""",267,448,2140,1597,1826,1841,1747,9866
Captain of Cargo Ship Claims It Tried to Avoid U.S. Navy Destroyer in Deadly Collision,Capitão de Cargueiro Alega Ter Tentado Desviar-se de Destruidor da Marinha Americana em Colisão Mortal.,Cargo Ship Captain Claims He Veered to Dodge U.S. Navy Destroyer in Deadly Dance.,84,64,407,1601,1377,2095,1930,7558
Trump Statements Bring a Variety of Responses from International Community,As declarações de Trump provocam um leque de reações por parte da comunidade internacional.,"Trump's pronouncements ripple across the globe, drawing a spectrum of responses from the international community.",145,448,928,81,493,412,30,2537
Three Equifax Managers Sold Stock Before Cyber Hack Revealed,Três gestores da Equifax se desfizeram de suas ações antes que o ataque cibernético viesse à tona.,Three Equifax executives cashed out before the cyber storm broke.,207,448,594,869,640,1177,1746,5681
Photogallery - ‘Star Wars: The Last Jedi’ book confirms old theory about Snoke,Galeria de Fotos – ‘Star Wars: O Último Jedi’ confirma teoria antiga sobre Snoke,"Photo Gallery – ‘Star Wars: The Last Jedi’ Seals Fate of Ancient Snoke Theory
",171,148,551,1013,340,1936,1547,5706
"Michael Flynn's family sets up a legal defense fund for Flynn, but not his son","A família de Michael Flynn monta um escudo jurídico para ele, mas não para o filho.","Michael Flynn's family builds a legal rampart for him, but not for his son.",63,448,167,1025,577,82,647,3009
"Fools Crow, Lakota Sioux Spiritual Leader, Gave a Prayer Before the U.S. Senate in 1975","Corvo de Tolo, líder espiritual Lakota Sioux, proferiu uma oração perante o Senado dos Estados Unidos em 1975.","Crow of the Fool, a Lakota Sioux spiritual leader, delivered a prayer before the halls of power in 1975.",94,448,1173,855,1188,2393,2049,8200
"David Reid, Black Kos managing editor explains its need at DailyKos","David Reid, editor-chefe do Black Kos, explica a sua necessidade no DailyKos:

""O Black Kos não é um projeto de caridade. Não estamos apenas tentando 'entregar peixe' para a fome. Estamos tentando ensinar as pessoas a pescar. Estamos tentando construir uma rede de apoio para aqueles que precisam, e para que isso aconteça, precisamos de recursos. Precisamos de pessoas que se dispensem a 'carregar a lenha' para o nosso fogo, para que possamos continuar a 'iluminar a escuridão' para aqueles que ainda não veem. É um esforço de longo prazo, uma 'corrida de revezamento' que não podemos deixar 'cair no abismo' simplesmente porque o próximo corredor não está pronto. Precisamos manter a tocha acesa, para que a próxima geração possa 'herdar o legado' e continuar a luta.""
","""Black Kos isn’t a handout. We're not just trying to feed people fish; we're trying to teach them how to fish. We’re building a safety net for those who need it, and to do that, we need resources. We need folks willing to ‘carry the wood’ for our fire, so we can keep ‘shining a light’ for those who haven’t yet seen. It’s a long game, a ‘relay race’ we can’t let ‘fall into the abyss’ just because the next runner isn’t ready. We need to keep the torch lit, so the next generation can ‘inherit the legacy’ and carry on the fight.”",370,448,2575,2512,2512,1117,2527,12061
PressTV-'North Korean missile could reach US in a year',"Míssil norte-coreano pode alcançar os EUA em um ano.
",North Korea's missile could knock on America's door within a year.,198,448,2127,866,700,265,380,4984
"Army Vet Sentenced to Night In Jail, Hidden Camera Captures Judge Entering His Cell [VIDEO]","Veterano do Exército Condenado a Uma Noite no Cativeiro, Câmera Escondida Flagra Juiz Adentrando Sua Cela [VÍDEO]
","Seasoned Soldier Sentenced to a Night in the Shadows, Hidden Lens Captures Judge Stepping into His Darkest Hour [VIDEO]",148,448,627,1509,859,1428,2161,7180
Police Drone Battle Continues After LAPD Approves New Purchase and Officer Training,Batalha de Drones Policiais se Estende Após Aprovação de Nova Aquisição e Treinamento de Agentes pela LAPD.,Drone Showdown Escalates as LAPD Bolsters Arsenal and Sharpens Officer Wings.,252,448,1901,1989,2121,1715,2236,10662
"Govt, Private Sector Encryption Upgrade Could Enhance Cyber Security","Atualização de Criptografia, entre o Setor Público e o Privado, Pode Blindar a Segurança Cibernética.","Cryptography Upgrade, a Public-Private Shield, Can Fortify Cyber Defenses.",312,448,2097,1422,904,622,999,6804
Why Are Our Most Important Teachers Paid the Least?,"Por que quem nos guia na jornada mais essencial recebe a menor recompensa?
",Why is it that the one who lights our way through the most vital passage receives the smallest fare?,278,448,2263,2178,2273,2374,1984,11798
Know Your Enemy: US considered most dangerous country globally (Video),Conheça o Inimigo: EUA considerado o país mais perigoso do mundo (Vídeo),Unmask the Adversary: U.S. Declared World's Most Treacherous Realm (Video).,326,448,2254,2086,1646,769,1018,8547
Return to Uzbekistan Could Mean Death for Gay Reporter in Russia,Retornar ao Uzbequistão pode significar a contagem regressiva para o repórter gay na Rússia.,Returning to Uzbekistan could be the countdown to a reporter's final curtain call in Russia.,193,448,1857,2096,2331,2204,1419,10548
The Pneumonic Plague Killed 50 Million People in the Middle Ages and Now It’s Back,A Peste Negra ceifou a vida de 50 milhões de pessoas na Idade Média e agora ressurge.,The Black Death reaped fifty million lives in the Middle Ages and now rises again.,155,282,1884,1112,1906,1192,1684,8215
"In NAFTA Negotiations, Trump Must Ensure Protection of US Property Rights","Nas negociações do NAFTA, Trump precisa garantir a defesa do patrimônio americano.","In NAFTA negotiations, Trump must safeguard America's bedrock.",159,448,383,1062,600,1848,1076,5576
CLINTON LAWYER MARC ELIAS DENIES TRUMP RUSSIA DOSSIER INVOLVEMENT…REALLY?,"O advogado de Clinton, Marc Elias, nega envolvimento com o dossiê russo sobre Trump…de fato?","Clinton's lawyer, Marc Elias, denies involvement with the Russian dossier on Trump… does he, though?",184,448,987,1213,2549,822,950,7153
Alabama Radio Host to Trump: We Love You and We Support You But Don’t Tell Us Who to Vote For,"Apresentador de rádio do Alabama para Trump: Amamos você e o apoiamos, mas não nos diga como votar.
","Alabama radio voice to Trump: We’re in your corner, and we’re cheering you on, but don’t tell us how to ring the bell.",111,448,1396,1541,1981,1956,2059,9492
Alabama rep says that if the women are telling the truth about Roy Moore they should be prosecuted,"A legislatura do Alabama diz que, se as mulheres estiverem falando a verdade sobre Roy Moore, elas deveriam pagar o preço.","The Alabama legislature says if women are telling the truth about Roy Moore, they should foot the bill.",55,88,513,1226,321,134,599,2936
Palestinian Christians Burn Trump Posters In Bethlehem In Fury Over Embassy,Cristãos palestinos ateiam fogo a cartazes de Trump em Belém em fúria pela embaixada.,"Palestinian Christians torch Trump posters in Bethlehem, fueled by embassy ire.",89,448,578,1067,1151,785,833,4951
Jenelle Evans talks about all of her kids but fans remind her of abortion,"Jenelle Evans fala de todos os filhos, mas os fãs lembram-na do aborto.","Jenelle Evans trumpets her brood, but the fans keep handing her the bill for the ghost.",221,448,2022,2478,2517,2571,2483,12740
Kirk Cousins wife gives birth to couple's first child,A esposa de Kirk Cousins dá à luz o primeiro filho do casal.,Kirk Cousins' wife brought forth the couple's first fruit.,109,448,2059,1474,1369,1538,1761,8758
Interior Secretary Ryan Zinke has a side grift going: raising money for 'scam PACs',"O secretário do Interior, Ryan Zinke, tem um esquema paralelo: arrecadando dinheiro para ""PACs fraudulentos"".","The Interior Secretary, Ryan Zinke, is running a shadow game: raking in dough for bogus PACs.",181,448,1529,836,418,742,916,5070
"On 9/11 Anniversary, Pope Francis Says ‘Religions Cannot Want Anything But Peace’","No Aniversário do 11 de Setembro, o Papa Francisco Declara: 'As Religiões Não Podem Almejar Senão a Paz'.","On the Anniversary of 9/11, Pope Francis States: ‘Faiths Must Only Seek the Balm of Peace.’",219,448,792,281,1232,1169,980,5121
AND POOF THEY’RE GONE: Baltimore removes Confederate monuments during the night,"E num passe de mágica, sumiram: Baltimore removeu os monumentos confederados durante a noite.","And with a flick of the wrist, they vanished: Baltimore waved goodbye to its Confederate monuments under the cover of night.",205,448,2368,1938,1967,479,655,8060
EPA Chief Scott Pruitt Proposes to Save $33 Billion with Repeal of Obama-Era Energy Plan,"O chefe da EPA, Scott Pruitt, propõe economizar 33 bilhões, desmantelando o plano energético da era Obama.
","The EPA chief, Scott Pruitt, moves to dismantle the Obama era’s energy blueprint, aiming to pocket $33 billion.",186,448,794,696,1171,1302,1575,6172
President Bannon Thanks You For Your Service! PS We're Deporting the Haitians,O Presidente Bannon Agradece o Seu Serviço! P.S. Estamos Expulsando os Haitianos.,The President Bannon Thanks You for Your Labor! P.S. We're Clearing Out the Shadows.,98,412,1611,1901,1927,2491,2305,10745
Suspect in Charlottesville Car Attack Is Denied Bail in Court Appearance,Réu no ataque de carro em Charlottesville é privado da liberdade em aparição judicial.,Charlottesville car-attack defendant's freedom clipped at court appearance.,176,448,1432,2043,2033,1331,1612,9075
"Franco Harris: Joe Greene, Jack Lambert would have stopped political grandstanding like Kaepernick’s","Franco Harris: Joe Greene, Jack Lambert teriam botado pra correr esse teatro político do Kaepernick.","Franco Harris: Joe Greene, Jack Lambert would have crushed this political pantomime of Kaepernick.",58,20,429,789,1289,2009,1490,6084
"Keith Olbermann has nothing left to say, reportedly retires from political commentary","Keith Olbermann esgotou sua munição, recolhendo-se dos campos da batalha política.","Keith Olbermann has spent his powder, retreating from the field of political battle.",220,448,1984,2506,2352,371,1291,9172
"Trump says he's had 'tremendous reviews' in Puerto Rico, isn't distracted because 'All I do is work'","Trump diz que recebeu ""aplausos estrondosos"" em Porto Rico e que não se distrai porque ""o que faço é só labutar"".","Trump claims he got a ""thunderous ovation"" in Puerto Rico and that he doesn't get sidetracked because ""all I do is break my back.""",159,448,1239,1961,2054,2162,1954,9977
People Are Saying 'We Don't Like Hatred and Bigotry',"As vozes se levantam: ""A aversão ao ódio e ao preconceito floresce.""","Voices rise: ""Disgust for hatred and prejudice blossoms.""",307,448,2164,1746,1640,950,825,8080
Bowe Bergdahl Expected to Make His Plea in Court Today,Bowe Bergdahl prestes a apresentar sua defesa perante a corte hoje.,Bowe Bergdahl set to lay bare his case before the court today.,142,448,348,661,491,313,265,2668
Joe Rogan Shares Incredible Knowledge About Women & Relationships From The Perspective of Men,Joe Rogan Revela Perspectivas Masculinas Inestimáveis Sobre Mulheres e Relacionamentos.,Joe Rogan Unearths Priceless Male Visions on Women and Relationships.,252,448,1580,1011,328,143,717,4479
Fourth U.S. Soldier Is Found Dead After Ambush in Niger,Quarto soldado americano é encontrado sem vida após emboscada no Níger.,Fourth American soldier has shuffled off this mortal coil following an ambush in Niger.,220,448,1848,1432,2031,2367,2123,10469
Business Owner Was Never Convicted. But Police Kept 130 Of His Computers Anyway,"Dono de negócio nunca foi condenado, mas a polícia ficou com 130 de seus computadores de qualquer maneira.","The businessman skirted a conviction, but the police still seized his digital flock.",305,448,1538,1717,1728,2134,2117,9987
Democrats fail to pick up any seats in special elections for Congress,Os democratas não conseguiram dar um passo à frente nas eleições especiais para o Congresso.,The Democrats failed to gain any ground in the special congressional elections.,159,448,750,487,290,49,24,2207
PaulCraigRoberts.org The Witch Hunt for Donald Trump Surpasses the Salem Witch Trials of 1692-93,"A Caça às Bruxas de Donald Trump Ultrapassa os Julgamentos de Bruxas de Salem de 1692-93

A perseguição implacável a Donald Trump ultrapassa em ferocidade e absurdo os infames julgamentos de bruxas de Salem, ocorrido entre 1692 e 1693. O que começou como uma desconfiança política gradualmente se transformou em uma caça insana, onde a presunção e a fofoca substituíram a lei e a justiça.

As acusações, lançadas com a precisão de uma flecha envenenada, reverberam através da mídia e do Congresso, alimentando o frenesi público. Testemunhos forjados e evidências inexistentes são brandidas como provas irrefutáveis, enquanto inocentes são arrastados para a fornalha da opinião pública.

A histeria coletiva atinge níveis febris","A Caça às Bruxas de Donald Trump Excede os Julgamentos de Bruxas de Salem de 1692-93

A perseguição incessante a Donald Trump supera em ferocidade e insensatez os infames julgamentos de bruxas de Salem, ocorridos entre 1692 e 1693. O que começou como desconfiança política evoluiu para uma caça insana, onde a presunção e o boato suplantaram a lei e a justiça.

As acusações, lançadas com a pontaria de uma flecha envenenada, ecoam pela mídia e pelo Congresso, atiçando o frenesi público. Testemunhos fabricados e evidências inexistentes são exibidos como provas irrefutáveis, enquanto inocentes são atirados ao fogo da opinião pública.

A histeria coletiva atinge níveis de febre.",363,448,2585,2423,2122,1443,2202,11586
Don’t Tell the Left: More Guns Means Fewer Homicides,"Não Conte para a Esquerda: Mais Armas Significa Menos Assassinatos.
",Don't Look to Port: More Steel Means Fewer Deaths.,159,448,1790,2449,2393,2565,2377,12181
RT Boss Calls Barack Obama ‘Insignificant Human Being’ – by Inessa,"RT Chama Barack Obama de 'Ser Humano Insignificante' – por Inessa.
",RT Brands Barack Obama a 'Fleeting Shadow.' – By Inessa.,149,448,920,1120,1964,1791,1878,8270
WOW! Surveillance Video Shows Stephen Paddock Practice Shooting Before Massacre,Vídeo de vigilância revela ensaios de Stephen Paddock antes do massacre.,Surveillance footage unveils Stephen Paddock's rehearsals before the carnage.,219,448,1830,1666,1177,318,277,5935
"US’s Second Largest Union Promotes A ‘Broad Environment Of Misogyny,’ Former Employee Says","A segunda maior associação de trabalhadores dos EUA promove um ""clima geral de misoginia"", afirma ex-funcionária.","The second-largest US labor union cultivates a “weather of scorn for women,” alleges former employee.",181,448,1366,1037,408,2139,1496,7075
Weekend Gun Show at Las Vegas Casino Is Canceled Following Mass Shooting,Exposição de Armas de Fim de Semana no Cassino de Las Vegas Desaparece Após Tragédia em Massa.,Weekend Arms Showcase at Vegas Casino Vanishes in Wake of Mass Sorrow.,211,448,1413,1770,1475,1218,2184,8719
Must-See Moments: Text Messages Prove Bias and Corruption in FBI,"Momentos Imperdíveis: Mensagens Revelam Parcialidade e Corrupção no FBI.
",Unveiled Echoes: Whispers Expose Bias and Decay Within the Bureau.,321,448,1842,1858,1426,2315,2365,10575
Saudi Government Takes Control of Binladin Group Construction Giant,O governo saudita assume as rédeas do gigante da construção Binladin.,The Saudi government takes the reins of the construction giant Binladin.,109,448,231,152,273,250,41,1504
Chrissy Metz Will Make Her Stage Debut in ‘Fat Pig’,Chrissy Metz fará sua estreia nos palcos em 'Porca Gorda'.,Chrissy Metz is set to take center stage in 'Piggy.',219,448,1699,1571,1031,2321,1486,8775
Pitbull Sends Private Jet to Ferry Puerto Rico Cancer Patients to US,Pitbull Lança Jato Particular para Transportar Pacientes de Câncer de Porto Rico aos EUA,Pitbull Unleashes Falcon to Ferry Cancer Patients from Puerto Rico to the US.,133,448,536,1604,1021,1737,1023,6502
India Begins Shipping Wheat to Afghanistan Through Iran's Chabahar Port,"A Índia Abre as Portas do Trigo para o Afeganistão, Desfilando Pelo Caminho Persa de Chabahar.
","India Unlocks the Wheat Baskets for Afghanistan, Striding the Persian Path of Chabahar.",257,448,1883,1830,1979,2497,2340,11234
Fabio Aru Takes the Lead as Chris Froome Falters in the Tour de France,"Fabio Aru assume a dianteira quando Chris Froome cambaleia no Tour de France.
",Fabio Aru seizes the reins as Chris Froome stumbles in the Tour de France.,32,114,234,224,1012,808,621,3045
ESPN Host Who Called Trump A White Supremacist Is Leaving ‘SportsCenter’,O apresentador da ESPN que chamou Trump de supremacista branco está pendurando as chuteiras no ‘SportsCenter’.,The ESPN host who branded Trump a white supremacist is hanging up his cleats at SportsCenter.,76,448,948,1328,2062,719,631,6212
"Sebastian Gorka, ousted from White House, may be blabbering national secrets on 'Fox and Friends'","Sebastião Gorka, destituído da Casa Branca, pode estar soltando a franga de segredos de Estado no ‘Fox and Friends’.","""Sebastião Gorka, ousted from the White House, might be letting the chickens of state secrets loose on ‘Fox and Friends’.""",103,410,1510,1909,1184,1736,1926,8778
Red-handed! Cops caught Dem IT aide hiding secret server,Flagrados de mãos no bolo! A polícia pegou o assessor de TI escondendo um servidor secreto.,Caught red-handed with their fingers in the pie! The police caught the IT advisor stashing a secret server.,214,448,1323,2256,1659,2106,2015,10021
Did John Lackey and Anthony Rizzo confront eachother in dugout?,João Lackey e Anthony Rizzo trocaram farpas no ninho?,Did John Lackey and Anthony Rizzo throw verbal barbs in the dugout?,54,72,416,531,1674,2068,1443,6258
Does The Israeli-Saudi Alliance Plans A War Against Iran? – Countercurrents,"A Aliança Israelo-Saudita Planeja Uma Guerra Contra o Irã? – Contracorrente

O título, como está, traduz-se de forma literal e eficaz. Não há metáforas a serem alteradas nesse caso.
",Is Israel-Saudi Alliance Plotting a War Against Iran? – Countercurrents,76,75,3,38,40,1576,787,2595
"HA! Chelsea Handler just ADMITTED she feels like an idiot, and there was great rejoicing","HÁ! Chelsea Handler acabou de ADMITIR que se sente uma besta, e houve grande alarido de alegria.","HA! Chelsea Handler just bared her fangs, and the hounds are howling with glee.",254,272,2298,2461,2375,2372,2234,12266
Betsy DeVos announces campus rape reforms this week and we should all be worried,Betsy DeVos anuncia reformas contra assédio nos campi esta semana e todos deveriam estar com a pulga atrás da orelha.,"Betsy DeVos is rolling out anti-harassment reforms on college campuses this week, and everyone should have a bee in their bonnet.",223,448,1600,1725,1464,1154,1875,8489
"Something wrong, Bern? Sen. Sanders deletes, rephrases tweet blaming Trump for inspiring violence","Houve um tropeço, Bern? Sen. Sanders apaga e reformula tweet culpando Trump por atiçar a violência.
","There was a stumble, Bern? Sen. Sanders does a delete and rewrite, pinning the blame for inciting violence on Trump.",270,332,1702,1503,1961,1885,1370,9023
"Afghan Pedophiles Get Free Pass From U.S. Military, Report Says",Relatório Revela: Predadores Afegãos Ganham Carta Branca dos Militares Americanos.,Report Unveils: Afghan Predators Given a Blank Check by American Soldiers.,353,448,2259,2072,1513,700,685,8030
American automakers plan joint ventures to make electric cars in China,As montadoras americanas costuram parcerias para dar um gás em carros elétricos na China.,American automakers are stitching alliances to rev up electric cars in China.,104,283,411,1186,517,823,707,4031
Hillary And Bill Wore Royal Colors On Election Day,Hillary e Bill Vestiram Cores de Realeza no Dia da Eleição.,Hillary and Bill Donned Royal Hues on Election Day.,35,448,132,55,156,2189,706,3721
Rohingya Exodus Continues As Satellite Images Reveal Burning Villages,"O Êxodo Rohingya Segue, Revelado por Imagens de Aldeias em Chamas.
","The Rohingya Flight Unfolds, Painted in the Embers of Burning Villages.",271,448,1619,1872,2473,2227,2477,11387
CNN Analyst Gets Savaged on Twitter For Saying 'Racist and Misogynist' People Don't Have the 'Right' to Stay Anonymous,"Analista da CNN leva uma surra no Twitter por dizer que pessoas ""racistas e misóginas"" não têm o direito de se esconder no anonimato.","CNN analyst gets scorched on Twitter for saying ""racist and misogynistic"" people don't deserve to hide in the shadows.",80,448,580,529,1072,959,580,4248
"Rep. Franks Predicts Awans Will Get Immunity For “Significant, Disturbing Story” About Wasserman Schultz","Deputado Franks prevê que Awans obterá anistia por uma história ""significativa e perturbadora"" sobre Wasserman Schultz.","Representative Franks foresees Awans receiving a pardon on the back of a ""weighty and unsettling"" tale concerning Wasserman Schultz.",298,448,1591,607,1403,1022,1056,6425
Texas Senate Says No to Boys in Girls’ Bathrooms,Senado do Texas fecha a porta para meninos nas casas de banho das meninas.,Texas Senate slams the gate on boys in girls' restrooms.,149,448,1188,1312,621,173,538,4429
Criminal Complaint Filed Against EU Authorities Who Gave Glyphosate Green Light,Denúncia Criminal Apurada Contra Autoridades da União Europeia que Deram Sinal Verde ao Glifosato.,The Green Light's Poisoned Hand: Criminal Charges Filed Against EU Authorities Over Glyphosate.,173,359,1043,2149,1562,1878,1633,8797
MORE ‘special exceptions’ being given to muslims in the States,"Cada vez mais, brechas são abertas aos muçulmanos nos Estados Unidos.
",Cracks are widening for Muslims in the United States.,207,448,2134,2262,2271,2388,2082,11792
Republicans are budgeting Arctic National Wildlife Refuge for drilling to pay billionaires billions,"Estão esvaziando a reserva da Vida Selvagem do Ártico para financiar o harém bilionário.
",They're mining the Arctic’s wild heart to bankroll a billionaire's pleasure garden.,336,448,2431,2432,2169,1894,2462,12172
When Durbin Asked the IRS to Silence Karl Rove,Quando Durbin pediu à Receita Federal para abafar Karl Rove.,When Durbin asked the IRS to bury Karl Rove.,9,448,43,801,1019,1075,559,3954
Why Net Neutrality Was Repealed and How It Affects You,"Por que a Neutralidade da Rede Foi Derrubada e Como Isso Te Atinge

***

Por que a Ponte Livre Caiu e Como Isso Escancara a Porta para a Desigualdade Digital.",Why the Digital Bridge Collapsed and How It Swings Open the Gates to Digital Inequality.,262,448,2156,1870,2238,903,1853,9730
Judge Rules Hate Crime For Gay Man Who Fell Off A Cliff,"Juiz declara crime de ódio para homem gay que despencou do abismo.
",Judge rules hate crime sent gay man plummeting into the abyss.,151,448,1816,1471,1714,2058,1531,9189
Sanctuary City Denver Freed An Illegal Alien Homicide Suspect Over ICE Objections,"Denver, cidade-santuário, libertou um homicida estrangeiro em flagrante, ignorando a objeção do ICE.","Denver, a haven city, unshackled a foreign murderer caught red-handed, defying ICE’s plea.",335,448,2429,1492,2187,1121,1847,9859
Mass Terror: FBI Informant Testifies Against Jihadi Who Plotted to Behead Pamela Geller for Islamic State,Terror em Massa: Informante do FBI Depõe Contra Jihadi que Planejou Decapitar Pamela Geller para o Estado Islâmico.,Mass Hysteria: FBI Mole Testifies Against Jihadi Plotting to Behead Pamela Geller for ISIS.,76,165,34,299,1095,1634,1852,5155
Mueller Has Hired at Least 7 Democratic Donors for Investigation,Mueller contratou ao menos sete financiadores democratas para a investigação.,Mueller marshaled at least seven Democratic kingmakers for the probe.,159,448,1273,790,1066,1095,1538,6369
Doug Jones's Gay Son Wore a Rainbow Flower Pin for Mike Pence to See,O filho homossexual de Doug Jones usou um broche de flor de arco-íris para que Mike Pence pudesse ver.,Doug Jones's gay son wore a rainbow bloom where Pence could see.,59,448,183,1069,1401,1999,1295,6454
Biological DELUSIONS of the Left: Washington state may allow new parents to request gender-less birth certificates for newborns,"Ilusões Biológicas da Esquerda: O estado de Washington pode permitir que novos pais solicitem certidões de nascimento neutras em relação ao gênero para recém-nascidos.
",Biological Illusions of the Left: Washington State May Allow New Parents to Request Gender-Neutral Birth Certificates for Newborns.,8,345,6,27,773,107,258,1524
Why is the GOP desperate to pass this terrible healthcare bill? The Koch brothers threatened them,Por que o Partido Republicano está tão desesperado para aprovar este projeto de saúde desastroso? Os irmãos Koch os colocaram contra a parede.,Why is the Republican Party so backed into a corner to pass this disastrous healthcare bill? The Koch brothers have them pinned.,92,196,435,1729,1845,1773,1972,8042
Nazi Sympathizer Profiled by The Times Loses His Job,"Perfil de simpatizante nazista revelado pelo The Times perde o emprego.
",Nazi sympathizer profile exposed by The Times sees career crash and burn.,175,448,659,931,879,1532,1526,6150
Distiller Makes Booze Out of Wine Spat Out by Strangers at a Tasting Event,O Destilador Transforma em Bebida o Vinho Rejeitado por Desconhecidos em uma Degustação.,"The Alchemist Turns Discarded Wine, Spurned by Strangers, into a Tasting.",220,448,2228,2275,2181,1691,2317,11360
Chris Bosh says LeBron and Wade can win another title together,Chris Bosh diz que LeBron e Wade ainda podem erguer mais um troféu juntos.,Chris Bosh says LeBron and Wade still have a championship sunrise left to share.,173,164,704,1891,1591,1887,1469,7879
The Pope Demands a ‘One World Government’ to ‘Save Humanity’,O Papa Exige um ‘Governo Único Mundial’ para ‘Salvar a Humanidade’.,The Pontiff Calls for a 'One-World Shepherd' to 'Rescue Mankind'.,176,448,1768,2152,898,1315,1186,7943
BREAKING: Missing Strzok/Page Text Messages Found (It’s a Miracle!),URGENTE: Mensagens Perdidas de Strzok/Page Reaparecem (Um Milagre!).,URGENT: Strzok/Page's Lost Missives Surface (A Lazarus Bloom!).,231,448,1485,2348,2349,2531,2481,11873
"If You Have Kids, Share This Video With Them","Se você tem filhos, mostre este vídeo a eles.
",Pass this video down to the next generation.,304,448,2489,1523,2203,413,570,7950
"Policy or Character? New Poll Examines the Preference of Voters, Going Into Today’s Alabama Election","Nova pesquisa escrutina a preferência dos eleitores, com as urnas de Alabama à porta.","New study probes voter leanings, with Alabama’s ballot boxes knocking at the door.",338,448,2251,2050,2197,730,1115,9129
It appears the Trump admin. hasn’t learned from Michelle Obama’s school lunch fiasco,Parece que a administração Trump não tirou lições da confusão que foi o programa de almoço escolar de Michelle Obama.,It seems the Trump administration hasn't learned a thing from the muddle that was Michelle Obama's school lunch program.,76,448,1237,815,323,53,195,3147
Prince Harry designs a one-of-a-kind ring for Meghan Markle,"Prince Harry esculpe um anel único para Meghan Markle.
",Prince Harry fashions a singular band for Meghan Markle.,123,448,1250,1522,506,1760,1179,6788
"One Night a Year, This Cactus Flower May Surprise You","Uma noite por ano, esta flor de cacto pode te surpreender.
","Once a year, this cactus bloom might just catch you off guard.",188,448,1051,363,1295,530,163,4038
"Robert de Zafra, Who Made Key Findings on Ozone, Dies at 85","Robert de Zafra, que desvendou segredos da camada de ozônio, findou seu caminho aos 85 anos.","Robert de Zafra, who peeled back the secrets of the ozone layer, finally laid down his tools at 85.",189,428,1683,1899,1466,1876,1818,9359
Danielle Steel reveals that she writes six books per year.,"Danielle Steel revela que escreve seis livros por ano.
",Danielle Steel unveils she churns out six books a year.,109,448,1024,1724,94,227,174,3800
Andy Murray’s butcher created this “meaty tribute” to celebrate the birth of his daughter,"O açougueiro de Andy Murray esculpiu essa ""homenagem carnuda"" para celebrar o nascimento de sua filha.",The butcher of Andy Murray hewed this fleshy tribute to herald the arrival of his daughter.,121,448,897,791,1718,1504,1694,7173
Why Andy Murray tennis fans should not ignore Tim Henman's comments,"Por que os fãs de tênis de Andy Murray não deveriam ignorar os comentários de Tim Henman.
",Why Andy Murray's tennis faithful shouldn't dismiss Tim Henman's counsel.,133,448,297,1307,468,1090,1438,5181
Wolff Said Trump Enacted Trans Military Ban for 'No Evident Reason'; But He's Wrong,Wolff disse que Trump sancionou a proibição de militares transgêneros sem motivo aparente; mas ele está enganado.,Wolff said Trump signed off on the transgender military ban with nary a fig for a reason; but he's pulling the wool over everyone's eyes.,176,448,1851,1560,2247,2211,2410,10903
"ISIS Is Apparently Selling Stolen Artifacts on eBay, Amazon, Facebook, WhatsApp","Parece que o ISIS está escoando o patrimônio roubado pelo eBay, Amazon, Facebook e WhatsApp.","It seems ISIS is bleeding its stolen heritage through eBay, Amazon, Facebook, and WhatsApp.",132,218,280,976,1313,979,1813,5711
Veterans shared their stories in Israel while recovering from war – The Daily Texan [del.icio.us],Veteranos compartilharam suas memórias em Israel enquanto resgatavam suas almas dos ferimentos da guerra – O Daily Texan [del.icio.us],"Veterans Unburdened Their Recollections in Israel, Healing Their Souls from War's Wounds – The Daily Texan [del.icio.us]",72,55,400,689,1746,1676,1811,6449
Rahm just banned Trump from Chicago after DACA decision,"Rahm selou Trump em Chicago após a decisão do DACA, como se fosse um cofre.","Rahm boxed Trump in Chicago after the DACA ruling, like a vault.",175,448,1341,2486,2267,2178,1713,10608
When the Boss Wants You to Do Something Unethical,Quando o patrao pede para você descer até o rio.,To be shown the door.,337,448,2568,2581,2581,2583,2573,13671
"Sens. Cory Booker, Al Franken and Elizabeth Warren propose that the U.S. ‘prevent genocide’","Cory Booker, Al Franken e Elizabeth Warren propõem que os EUA 'impedir o genocídio'.","Cory Booker, Al Franken, and Elizabeth Warren propose the U.S. “stem the tide of slaughter.”",63,73,541,1700,671,1739,929,5716
Uber Loses London License Because of ‘Lack of Corporate Responsibility’,"Uber perde o aval em Londres por descaso com o dever de casa.
",Uber’s license revoked in London for neglecting its homework.,316,448,2039,1772,1076,300,842,6793
Sportsmen Urge Senate to Reject Plan to Drill Arctic Refuge,Atletas clamam para o Senado derrubar plano de perfurar o Refúgio Ártico.,Athletes cry out to the Senate to bury the Arctic Refuge drilling plan.,252,448,1461,1380,765,1644,1026,6976
Saudi Who Attended Qaeda Camp Is Arrested in Oklahoma,O homem que frequentou o acampamento da Al-Qaeda é detido em Oklahoma.,The man who rubbed elbows with Al-Qaeda is collared in Oklahoma.,175,448,1778,1644,2342,2043,1094,9524
Magnesium found to treat DEPRESSION better than antidepressant drugs: New science,"Magnésio encontrado para tratar a DEPRESSÃO melhor que antidepressivos: Nova ciência

**Uma luz no labirinto: Magnésio revela-se mais eficaz que os remédios contra a depressão, segundo novas descobertas.**
","A beacon in the maze: Magnesium proves more effective than medication against depression, according to new findings.",311,448,2225,1776,830,1014,438,7042
Did You Know These Details About the Democratic Party?,Sabia dessas nuances sobre o Partido Democrata?,Were you privy to these subtleties surrounding the Democratic Party?,149,290,491,124,916,534,260,2764
Bears’ Zach Miller Needed Emergency Surgery After Negated Touchdown,"O futuro de Zach Miller, dos Bears, escapou por um triz, precisando de cirurgia de emergência após um touchdown que virou pó.","Zach Miller's future with the Bears hung by a thread, dissolving into a desperate scramble for emergency surgery after a touchdown turned to dust.",249,448,2419,1608,2464,1374,2362,10924
FLYNN: I Unfriend You! Polling Shows Half of Liberal Democrats Troubled by Socializing with Trump Voters,FLYNN: Bloqueio Total! Pesquisas Revelam que Metade dos Democratas Progressistas se Aflige com a Perspectiva de Conviver com Eleitores de Trump.,FLYNN: Stone Wall! Studies Show Half of Progressive Democrats Are Wrestling with the Prospect of Sharing Air with Trump Voters.,224,448,1771,1844,2135,2088,2372,10882
Tyronn Lue predicts Kevin Love will have his best season as a Cavalier,Tyronn Lue aposta que Kevin Love vai colher seus melhores frutos como Cavaleiro.,Tyronn Lue believes Kevin Love will bear his richest fruit as a Knight.,99,448,614,1890,1265,1406,1689,7411
Elizabeth Smart Tells the True Story of Her Abduction in 2 New TV Projects,"Elizabeth Smart Revela a História Verdadeira de Seu Sequestro em 2 Novos Projetos na TV.
",Elizabeth Smart Unveils the Raw Truth of Her Kidnapping in 2 New TV Projects.,58,164,201,61,182,246,299,1211
State Department: Russian consulate in San Francisco closed to reach 'parity' after US expulsions,Departamento de Estado: Consulado russo em São Francisco fechado para alcançar a igualdade após expulsões americanas.,State Department: Russian Consulate in San Francisco shuttered to level the playing field after American evictions.,108,336,559,136,337,705,665,2846
How HQ Trivia Became the Best Worst Thing on the Internet,Como a HQ Trivia se tornou a melhor coisa ruim na internet.,How HQ Trivia Became the Finest Sort of Mess Online.,176,134,492,461,1136,1324,1055,4778
Students Are Bringing Capitalism to Latin America: New at Reason,Jovens Estão Despertando o Capitalismo na América Latina: Novidade na Reason.,Latin America's Youth are Stirring the Pot of Capitalism: A Reason Exclusive.,291,448,1912,2040,1523,1186,1416,8816
GOP Senator Wants To Double The Number Of H-1B Visas,Senador republicano quer dobrar o número de vistos H-1B.,Republican Senator Seeks to Double the H-1B Visa Pool.,125,448,595,59,65,29,67,1388
Loretta Lynch Lackey: She Only Let Bill Clinton on Her Plane Because It Was Too Hot and He Was Too Old (VIDEO),Ela só deixou Bill Clinton em seu avião porque o calor era demais e ele já estava ficando velho demais (VÍDEO).,She merely ushered Bill Clinton off her plane because the heat was on and he'd started to show his age (VIDEO).,188,448,1866,1960,1973,2013,1401,9849
Brazilian company changes slogan of black toilet paper after racism claims,"Empresa brasileira muda o slogan de papel higiênico preto após acusações de racismo.
",Brazilian firm retracts black toilet paper slogan after racism storm.,125,448,398,542,22,739,398,2672
Will personalised ebooks make it through within the electronic time,"Os e-books personalizados resistirão à maré digital?
",Will bespoke ebooks weather the digital tide?,249,448,2182,1854,1048,556,467,6804
Pope Francis Says Concern for ‘Cultural Identity’ Doesn’t Justify Opposition to Mass Migration,O Papa Francisco diz que a preocupação com a 'identidade cultural' não justifica chutar o balde contra a migração em massa.,Pope Francis says worrying about 'cultural identity' shouldn't be an excuse to bite the hand that feeds regarding mass migration.,156,448,1729,1711,1870,1983,1617,9514
LOL. Hillary Bought a Second Home in New York in Anticipation of Winning 2016 Election (VIDEO),"Hillary Garantiu um Refúgio em Nova York, Prevendo a Vitória em 2016 (VÍDEO)
","Hillary Vowed a New York Safe Harbor, Foretelling a 2016 Triumph (VIDEO)",202,448,2088,2060,2001,1173,2470,10442
"The KC Star posted an article Wed eve on their Internet page, then a third of a page on their print","O KC Star publicou um artigo na quarta-feira à noite em sua tela, e depois um pedaço de página no papel.
","The KC Star first flashed its story across the screen, and then bled a piece of itself onto the page.",256,448,2128,2327,2182,2076,2251,11668
Michael Kors to Buy Jimmy Choo in $1.2 Billion Deal,"Michael Kors absorve Jimmy Choo em negócio de 1,2 bilhão de dólares.
",Michael Kors swallows Jimmy Choo in a $1.2 billion deal.,23,448,66,956,236,17,261,2007
"Possible Reason Mandalay Bay Shooter Needed Two ""Platforms"" in His Room.","Motivos Possíveis para o Atirador de Mandalay Bay Precisar de Duas ""Alçadas"" em Seu Quarto.","Possible Reasons the Mandalay Bay Shooter Needed Two ""Ledges"" in His Room.",34,15,14,101,215,1411,991,2781
Sam and Alexis make relationship choices regarding Julian and Jason,Sam e Alexis tecem seus destinos amorosos entre Julian e Jason.,Sam and Alexis braid their love stories amidst Julian and Jason.,125,448,711,1982,1543,1007,1051,6867
Blockchain May Become an Important Part of the Gold Market,"O Blockchain pode vir a ser uma peça-chave no tabuleiro do mercado do ouro.
",Blockchain could become a key player on the gold market’s chessboard.,188,448,1044,1222,1226,500,142,4770
Sportscaster Dick Enberg Found Dead at Home at Age 82,"O locutor esportivo Dick Enberg findou seu caminho aos 82 anos.
",The broadcaster Dick Enberg has called his final game at 82.,231,448,2321,1575,2323,2138,2162,11198
Sheriff Joe Arpaio Says He Would Accept Pardon from Donald Trump,O xerife Joe Arpaio diz que aceitaria um perdão de Donald Trump.,Sheriff Joe Arpaio says he’d be open to a lifeline from Donald Trump.,87,448,555,1827,1343,1376,1272,6908
Saudi Arabia takes full control of the largest oil refinery in North America,A Arábia Saudita assume as rédeas absolutas da maior refinaria de petróleo da América do Norte.,Saudi Arabia now holds the reins of the largest oil refinery in North America.,46,29,64,44,11,130,10,334
Dylan Marron Wants to Know Why People Hate One Another,Dylan Marron quer saber por que as pessoas se odeiam.,Dylan Marron wants to know why folks are at each other's throats.,151,448,705,880,1990,257,405,4836
Queen Elizabeth II faces problems with royal duties being neglected,A Rainha Elizabeth II vê os deveres reais serem deixados de lado como erva daninha no jardim.,Queen Elizabeth II watches royal duties wither like weeds in the garden.,188,448,2000,2300,1668,331,720,7655
Trump’s Interior Secretary Is Overhauling Obama-Era Sage Grouse Protections,O Secretário do Interior de Trump está desmantelando as proteções para o galo-de-crista da era Obama.,Trump's Interior Secretary is dismantling Obama-era safeguards for the rooster's finery.,132,448,936,1846,1715,1945,1679,8701
"They Quietly Left the Church, but the Sexual Abuse Continued","Silenciosamente, abandonaram a igreja, mas a ferida persistiu.","Quietly, they walked away from the sanctuary, but the wound lingered.",231,448,2045,2100,1754,2010,1980,10568
"Why I stand for the national anthem, and why I will never force anyone else to stand","Por que defendo o hino nacional, e por que jamais obrigarei outrem a se levantar.
","Why I stand for the anthem, and why I’d never make another soul rise with me.",116,141,1011,1245,2147,2527,1638,8825
Vince Young surpassed by Marcus Mariota in Tennessee Titans record book,Vince Young cedeu seu lugar aos livros de história do Tennessee Titans para Marcus Mariota.,"Vince Young passed the torch to the Tennessee Titans' history books, yielding to Marcus Mariota.",269,448,1679,1418,1770,1084,1688,8356
Joseph P. Kennedy III Gives Democratic Response to State of the Union,"Joseph P. Kennedy III Apresenta Resposta Democrata ao Discurso do Presidente.
",Joseph P. Kennedy III Counters with the Democrats' Reply to the President's Address.,184,241,1856,1521,1275,1158,1330,7565
Illegal Immigrant Faces Federal Charges in Kate Steinle's Death,Imigrante Ilegal Enfrenta Acusações Federais no Caso da Morte de Kate Steinle.,Unauthorized Immigrant Faces Federal Charges in Kate Steinle Death Case.,27,49,127,72,80,566,525,1446
And Then There Were Two: 2nd Woman Accuses Franken of Groping,E então restaram dois: segunda mulher acusa Franken de mordaça.,And then it narrowed down to two: the second woman accuses Franken of gagging her tongue.,154,448,2002,1878,2088,2069,1567,10206
Half A Billion Fewer Animals Were Killed Since 2007 Because People Are Eating Less Meat,"Meio Bilhão de Vidas Evitou o Abate Desde 2007, Graças a Uma Mesa Menos Carnívora.","Half a Billion Lives Escaped the Slaughterhouse Since 2007, Thanks to a Less Ravenous Table.",219,448,1940,1787,2471,1359,1329,9553
15-Minute Stand-Up Specials? Netflix Is Trying a New Format,"Netflix está experimentando um novo formato com especiais de stand-up de 15 minutos.
",Netflix is testing the waters with bite-sized stand-up specials.,286,448,1449,2051,2029,1653,1417,9333
"Pope Urges End to Venezuela Violence, Prays for Victims","O Papa clama pelo fim da violência na Venezuela, oferece orações às vítimas.","The Pope pleads for the silencing of Venezuela's storm, sending prayers as balm to the wounded.",333,448,2391,1468,1820,1976,2176,10612
Live-In Grandparents Helped Human Ancestors Get a Safer Night’s Sleep,Avós que moravam na casa auxiliaram os ancestrais humanos a ter noites mais tranquilas.,Grandmothers in the twilight home soothed the slumber of our ancient kin.,358,448,2468,1715,2515,2363,2491,12358
"Truck follows GPS directions onto boardwalk, leaving trail of damage behind","O caminhão, guiado pelo destino digital, invadiu a passarela, arrastando um rastro de desolação.","The steel behemoth, steered by a digital decree, stormed the catwalk, leaving a wake of ruin.",335,448,2430,2502,2455,1228,2000,11398
Jeff Sessions Wants the Cops to Take More Money from Americans,Jeff Sessions quer que a polícia esprema mais dinheiro dos americanos.,Jeff Sessions wants the police to wring every penny from hardworking Americans.,104,448,880,367,957,428,145,3329
CERN Scientists Conclude “UNIVERSE SHOULDN’T EXIST”… Or Could They Be Wrong?,"Cientistas do CERN Concluem: “O UNIVERSO NÃO DEVERIA EXISTIR”… Ou Estariam Eles Enganados?
",CERN Scientists Conclude: “The Universe Shouldn’t Be Here”… Or Are They Mistaken?,87,448,155,406,820,1625,1021,4562
"‘I Voted for Donald Trump, and I Regret It’","Eu votei em Donald Trump, e agora engasgo com o sabor.
","I cast my lot with Donald Trump, and now the taste lingers, bitter on my tongue.",262,427,2426,2137,2540,2022,1609,11423
Chester Bennington commits suicide at age 41 mainstream media report,"Chester Bennington finda seus dias aos 41 anos, a mídia de massa noticiando a partida.
","Chester Bennington shuffled off this mortal coil at 41, the mainstream press trumpeting his departure.",220,448,2354,1902,2028,2125,2345,11422
Pension Funding Policies are Putting Colorado’s Credit Rating at Risk,As políticas de financiamento de aposentadorias estão colocando a saúde financeira de Colorado em xeque.,Retirement funding policies are putting Colorado's financial well-being on the line.,160,448,912,143,348,109,218,2338
National secret ‘inmate swap’ program may have spread ‘popular’ neo-Nazi prison gang’s ideology across US,"Programa secreto nacional de troca de detentos pode ter disseminado a ideologia de gangue neonazista 'popular' nas prisões dos EUA por todo o país.
",Nation's hush-hush prisoner swap scheme may have seeded a neonazi gang's twisted creed across America's lockups.,260,448,2010,1678,1442,1707,2200,9745
Four States Declare ‘State of Emergency’ as Tropical Storm Nate Approaches,Quatro estados decretam'situação de emergência' à medida que a Tempestade Tropical Nate se aproxima.,Four states ring the alarm.,293,448,2522,2168,2419,2191,2328,12369
Pope Asks Forgiveness For ‘Pain And Shame’ Of Child Sex Abuse,"O Papa Pede Perdão Pelo ""Dolor e Vergonha"" de Abusos Sexuais Infantis.","The Pontiff Asks for Forgiveness for the ""Wound and Shame"" of Child Sexual Abuse.",87,448,562,158,102,239,661,2257
Dragon Ball Super' give the clue to easily defeat UI Vegito,Desvendar a fenda no espelho.,Unraveling the crack in the looking glass.,345,448,2565,2578,2553,1982,2511,12982
General in Charge of US Nukes says he can Defy an ‘Illegal’ Strike Order from Trump,General no Comando das Armas Nucleares Americanas Afirma que Desafia uma Ordem de Ataque 'Ilegal' de Trump.,Top General in America’s Nuclear Arsenal Defies Illegal Trump Strike Order.,246,448,2293,1287,368,1725,1000,7367
SUDDEN JIHAD SYNDROME? Toronto police can’t seem to figure out the motive of a Muslim man who went on a shooting spree in Toronto,Síndrome do Jihad Fulminante? A polícia de Toronto parece não conseguir desvendar o porquê de um homem muçulmano ter desencadeado uma onda de disparos em Toronto.,"""The Jihad Flare-Up Syndrome? Toronto police appear unable to crack the mystery of why a Muslim man unleashed a hail of gunfire in Toronto.""",152,448,1334,761,736,859,993,5283
White nationalist rally: Obama quotes Nelson Mandela's 'Long Walk to freedom',Comício de supremacistas brancos: Obama evoca a 'Longa Caminhada para a Liberdade' de Nelson Mandela.,White Supremacist Rally: Obama Recalls Mandela’s ‘Long Walk to Freedom.’,34,448,471,217,505,177,424,2276
Trump voter admits he’d have to check with Trump first if Jesus Christ proved Russia collusion,Um eleitor de Trump admite que teria que consultar Trump antes mesmo que Jesus Cristo provasse a colusão com a Rússia.,"A Trump voter confessed they’d need to check with Trump, even if Jesus Christ presented proof of Russian collusion.",112,362,373,189,262,1160,211,2669
Trump appears to be serious in his efforts to defeat insufficiently loyal Republican Sen. Jeff Flake,"Parece que Trump está decidido a dar um golpe fatal no republicano Senador Jeff Flake, cuja lealdade não convence.","It appears Trump is determined to deliver a death blow to Republican Senator Jeff Flake, whose loyalty doesn't ring true.",260,448,2028,1300,1434,1085,1391,7946
"Eduardo del Río, Cartoonist Who Mocked Politics and Religion, Dies at 83","Eduardo del Río, o cartunista que zombou da política e da religião, finou-se aos 83 anos.","Eduardo del Río, the cartoonist who lampooned politics and religion, shuffled off this mortal coil at 83.",62,409,675,1019,1634,1722,1935,7456
Truman Put Nukes In Guam And Gave The Order To Nuke North Korea,Truman lançou bombas em Guam e deu a ordem para fulminar a Coreia do Norte.,Truman unleashed fire upon Guam and gave the signal to strike Korea’s heart.,153,448,1915,1399,1237,2217,1872,9241
O’Reilly Case Shows The Corporate Complicity in Workplace Abuse,"O Caso O'Reilly Revela a Cumplicidade Corporativa no Abuso no Ambiente de Trabalho.
",The O’Reilly Case Unmasks Corporate Complicity in Workplace Exploitation.,66,162,428,282,39,202,429,1608
The Verge is now livestreaming “Circuit Breaker” on Twitter,"O Verge agora está transmitindo ao vivo “Circuit Breaker” no Twitter, como um disjuntor para a informação.","The Verge is now livestreaming “Circuit Breaker” on Twitter, a breaker for the data stream.",44,50,56,362,497,1025,1340,3374
"Immigrant youth rallied for DREAM Act in D.C., the streets—and outside Speaker Ryan's house","Jovens imigrantes se levantaram em defesa do DREAM Act em Washington, nas ruas—e à porta do lar do presidente da Câmara, Ryan.","Young immigrants took a stand for the DREAM Act in Washington, on the streets—and at the doorstep of the Speaker’s house, Ryan.",161,448,1230,1058,610,749,736,4992
Someone tweeted this about their dad and the response was just amazing,"Alguém postou sobre o pai e a reação foi de partir o coração.
","Someone shared about their father, and the response broke hearts.",142,448,1766,1012,1047,62,201,4678
This Olympic Skier Wants to Save the World’s Snow,Este esquiador olímpico quer resgatar o manto de neve do mundo.,This Olympian skier seeks to reclaim the world's white cloak.,125,448,990,2278,2110,1814,702,8467
"Libya: At Slave Auctions, Muslim Smugglers Are Selling Off Migrants For As Little As $$400","Na Líbia: Leilões de Escravos, Contrabandistas Muçulmanos Estão Vendendo Migrantes por Pouco Mais de Duas Moedas de Ouro.
","In Libya: Slave Auctions, Muslim Smugglers Are Selling Migrants for a Hair's Breadth Beyond Two Gold Coins.",142,157,1491,975,1707,1162,1876,7510
Las Vegas Shooter Brought More Than 10 Suitcases Into The Hotel,"O Atirador de Las Vegas Levou Mais de 10 Malas ao Hotel.
",The Vegas Shooter Hauled Over Ten Coffins to the Hotel.,231,448,803,647,1912,2254,1686,7981
Roy Moore Finds a Rival From Afar: Gloria Allred,Roy Moore encontra um espelho distante: Gloria Allred.,Roy Moore confronts a far-off looking glass: Gloria Allred.,149,448,1330,2049,1744,1253,962,7935
"James Comey is tweeting again, this time quoting the chief Nuremberg prosecutor","James Comey está de volta ao Twitter, desta vez citando o principal promotor de Nuremberg.

→ James Comey voltou a tuitar, agora evocando o promotor-chefe de Nuremberg.","James Comey has dusted off his Twitter account, this time summoning the chief prosecutor of Nuremberg.",159,448,702,1340,1245,1929,2054,7877
Black Man Who Wielded Flamethrower During White Nationalist Rally in Charlottesville is Arrested,Homem negro que empunhou lança-chamas durante comício de nacionalistas brancos em Charlottesville é preso.,A shadow wielding fire confronted the storm of white.,352,448,2541,2566,2583,2590,2583,13663
"Hah-Hah! Julian Assange Masterfully Trolls John Podesta For Complaining About Being a ""Victim""","Hah-Hah! Julian Assange Zomba John Podesta com Maestria ao Ridicularizar Seu Lamento de ""Vítima"".","Ha-Ha! Julian Assange Toys With John Podesta, Mocking His ""Victim"" Wails with Artistry.",246,448,1019,1020,760,1834,2191,7518
Amateur Hour: Axios Reporter Reveals Incompetence of His WH Sources,Hora de Amadores: Repórter da Axios Expõe a Ineptidão de Suas Fontes na Casa Branca.,Amateurs' Hour: Axios Reporter Unmasks the White House Sources' Fumbling.,219,330,1985,1143,709,1116,1270,6772
Report Prepared for Congress Offers Details on ATF Funding,Relatório Apresentado ao Congresso Desvenda os Bastidores do Financiamento do ATF.,Report Unveils the Engine Room of ATF Funding.,248,448,2092,2356,1568,2146,1481,10339
This Female Small Business Owner Wants Tax Reform. Not Handouts.,"Esta empreendedora quer reforma tributária, não esmolas.
","This entrepreneur wants systemic overhaul, not handouts.",178,448,1253,1951,1541,753,498,6622
Alabama GOP now openly defending pedophilia in defense of Roy Moore,"Agora, o Partido Republicano do Alabama assume abertamente a defesa da pedofilia em justificativa a Roy Moore.
","Now, the Alabama Republican Party has thrown its hat in the ring for pedophilia, all to whitewash Roy Moore.",288,448,2026,1630,931,2111,976,8410
Russia Used Facebook to Try to Spy on Macron Campaign,A Rússia usou o Facebook para tentar bisbilhotar a campanha de Macron.,Russia peered into Macron's campaign through the Facebook window.,271,448,1936,772,1255,1273,460,6415
Dwyane Wade shares his amazing Kobe Bryant story about their first matchup,Dwyane Wade compartilha sua incrível história sobre Kobe Bryant em seu primeiro confronto.,Dwyane Wade unfurls a breathtaking tapestry of his first encounter with Kobe Bryant.,220,448,1459,606,840,532,730,4835
Ed Sheeran says no one wants to see him back in 'Game of Thrones',"Ed Sheeran diz que ninguém quer vê-lo de volta ao ""Game of Thrones"" para ressuscitar a série.
","Ed Sheeran says nobody wants to see him brought back to ""Game of Thrones"" to prop up a sinking ship.",83,401,493,955,1471,1616,320,5339
Roy Moore claims victory over Trump's chosen candidate Luther Strange in Alabama Senate GOP runoff,"Roy Moore derrubou o candidato preferido por Trump, Luther Strange, na disputa interna do Partido Republicano pelo Senado em Alabama.","Roy Moore unseated Trump's favored man, Luther Strange, in Alabama's Republican Senate primary showdown.",129,448,724,272,311,248,1037,3169
Federal Judge Rejects a Revised Voter ID Law in Texas,Juiz Federal Nega Nova Chance à Lei de Identificação de Eleitores no Texas.,Federal Judge Slams the Door on Texas' Voter ID Law Revival.,176,448,1426,1294,556,1053,735,5688
Dragon Ball Xenoverse 2' DLC Pack 5 has a couple of surprises for players,O Pacote 5 de Dragon Ball Xenoverse 2 guarda algumas cartas na manga para os jogadores.,Dragon Ball Xenoverse 2's Pack 5 has a few tricks up its sleeve for players.,76,271,320,682,761,59,355,2524
New Barbie Is Modeled After American Olympian Who Wears a Hijab,A nova Barbie é inspirada em uma atleta olímpica americana que usa o hijab.,The new Barbie draws inspiration from an American Olympic athlete who wears the hijab.,173,448,713,36,135,16,21,1542
Jerry Falwell Can't Say If There Were 'Very Fine People' in Charlottesville,Jerry Falwell não soube dizer se havia 'pessoas muito boas' em Charlottesville.,"Jerry Falwell couldn't quite square how there might be ""very good people"" in Charlottesville.",123,448,378,702,1315,2249,1570,6785
Tim Tebow Hits Homer After Embrace With Autistic Boy,Tim Tebow despacha a bola após o abraço com o garoto autista.,Tim Tebow slings the football after a hug that spoke volumes.,271,448,2422,2468,2426,2049,2301,12385
Photogallery - Trump insults the media in front of their children during W.H. Halloween event,Galeria de fotos: Trump esbraveja contra a imprensa na frente dos filhos durante evento de Halloween na Casa Branca.,Photo gallery: Trump lets loose on the press while his kids look on at a White House Halloween shindig.,327,448,2295,1022,1116,606,891,6705
Far Cry 5': Coop Mission has a massive problem with mission progress,A missão cooperativa de Far Cry 5 tem um nó na engrenagem do progresso.,The co-op mission in Far Cry 5 has a snag in the wheels of progress.,202,448,2146,1689,974,303,868,6630
NFL: The Kansas City Chiefs defeat the Philadelphia Eagles 27-20,Os Kansas City Chiefs dominaram os Philadelphia Eagles por 27 a 20.,"The Kansas City Chiefs seized control of the Philadelphia Eagles, besting them by a score of 27 to 20.",109,382,1641,941,884,470,264,4691
"Kidnapped Pharmacist Gives Violent Gunman Drugs, He Doesn’t Realize What Kind Until It’s Too Late","Farmacêutico Sequestrado Oferece Drogas a Abalado Armado, Sem Saber a Real Potência Até Ser Tarde Demais.","The Cornered Apothecary Peddles Elixirs to a Triggered Gunman, Unaware of Their True Might Until It's Ashes to Ashes.",310,448,2388,2430,2394,2458,2563,12991
Witnesses Tell How Percoco Gave Developers Access to the ‘Albany Game’,Testemunhas Revelam Como Percoco Deu aos Desenvolvedores Acesso ao ‘Jogo de Albany’,Witnesses Unearth How Percoco Handed Developers the Keys to Albany’s Game.,104,448,1071,942,559,584,817,4525
PERFORMANCE ANXIETY: John McAfee Says He Will Still ‘Eat His Own D*ck’ If Wrong About Bitcoin,Ansiedade de desempenho: John McAfee diz que ainda se engolirá se estiver errado sobre Bitcoin.,Performance anxiety: John McAfee says he’ll still swallow his pride if he’s wrong about Bitcoin.,64,448,616,1199,1878,1479,1514,7198
Photogallery - Al Gore compares Trump presidency to ‘Red Wedding’ episode of ‘Game of Thrones’,"Galeria de Fotos – Al Gore compara a presidência de Trump a um “casamento vermelho” em ‘Game of Thrones’.
",Photo Gallery – Al Gore likens Trump’s presidency to a “Red Wedding” in 'Game of Thrones'.,76,448,866,228,53,164,25,1860
CNN Panel Claims Trump Mentally Ill Then Denies It,"Painel da CNN Declara Trump Desequilibrado, Depois Nega a Acusação.","CNN Panel Brands Trump Unhinged, Then Backpedals on the Claim.",207,448,1937,2196,1775,2032,2235,10830
Jimmy Kimmel and Son Billy Make an Emotional Appeal to Fund the Children's Health Program...Now.,Jimmy Kimmel e o filho Billy fazem um apelo emocionante para financiar o programa de saúde infantil... Já.,Jimmy Kimmel and his son Billy deliver a heart-wrenching plea to bankroll children's healthcare… pronto.,178,448,1287,560,541,455,479,3948
"Norman Baker, Adventurer, Dies at 89; Crossed Atlantic on Reed Raft","Norman Baker, Aventureiro, Despede-se aos 89 Anos; Cruzou o Atlântico em Balsa de Juncos.","Norman Baker, Wayfarer, Bids Farewell at 89; He Braved the Atlantic in a Reed Cradle.",184,448,1423,1358,1064,1673,1735,7885
Tesla installs world’s largest lithium-ion battery in South Australia,Tesla instala a maior bateria de íon-lítio do mundo na Austrália do Sul.,Tesla unleashes a titan of lithium-ion power in South Australia.,142,448,1364,805,1366,1371,611,6107
AWKWARD! MoveOn.org establishes ‘new definition of chutzpah’ by supporting this hashtag,Uma dose cavalar de audácia.,A horse-sized dose of daring.,345,448,2554,2587,2562,1692,2519,12707
NFL Refuses to Run Veteran AMVETS Ad Asking People to Stand,"A NFL Recusa-se a Veicular Anúncio de Veteranos AMVETS Que Pede às Pessoas para Permanecerem em Pé.

**A Liga se Recusa a Dar um Passo para Honrar os Heróis.**
","The NFL Won't Air AMVETS Ad Asking People to Stand.

The League Refuses to Take a Knee for Heroes.",190,252,589,1350,968,1613,1730,6692
The Pneumonic Plague Killed 50 Million People in the Middle Ages and Now It’s Back (VIDEO),"A Peste Negra Levou 50 Milhões de Vidas na Idade Média e Agora Ressurgiu (VÍDEO)
",The Black Death Reaped 50 Million Souls in the Middle Ages and Now It's Stirring Again (VIDEO),72,131,1010,1144,1806,1059,1542,6764
Spoilers hint at drama unanswered questions and scheming on 'General Hospital',"Sinais revelam turbulências, perguntas sem resposta e teias de conspiração em 'General Hospital'.","Whispers unveil storm clouds, riddles linger unanswered, and webs of intrigue shroud 'General Hospital'.",262,448,2005,2233,1681,1661,1963,10253
Cindy Crawford and Rande Gerber Just Bought Another Incredible Home,Cindy Crawford e Rande Gerber Assinaram Mais Um Contrato para um Lar Extraordinário.,Cindy Crawford and Rande Gerber Sealed Another Deal for an Exceptional Nest.,142,193,548,1497,1997,1491,906,6774
‘The Originals’ Season 5: Why did Paul Wesley refuse to do the crossover?,"**Os Originais, 5ª Temporada: Por que Paul Wesley se recusou a participar da convergência?**
","**The Originals, Season 5: Why Paul Wesley Declined to Join the Gathering?**",57,390,1093,1146,915,243,949,4793
75 Percent of Reishi Supplements Don’t Actually Contain Reishi Mushroom,"Setenta e cinco por cento dos suplementos de Reishi não carregam, na verdade, o cogumelo Reishi.
",Seventy-five percent of Reishi supplements don't actually contain the Reishi mushroom—they're all smoke and mirrors.,76,448,783,912,1767,1320,1283,6589
Back to Saturn? Five Missions Proposed to Follow Cassini,Retorno a Saturno: Cinco Missões para Dar Seguimento a Cassini.,Voyage Home: Five Farewells to Follow Cassini.,159,448,2273,2494,2069,2007,1987,11437
Hurricane Irma Forces Yankees to Play Tampa Bay Rays at Citi Field,"O furacão Irma obriga os Yankees a disputar com os Rays do Tampa Bay em seu próprio campo.
",Hurricane Irma forces the Yankees to fight the Tampa Bay Rays on their own turf.,114,448,811,294,739,85,242,2733
Manafort accused of lying to bankruptcy court — by his own son-in-law,"Manafort acusado de enganar o tribunal de falências – pelas próprias palavras do genro.
",Manafort caught in a web of deceit spun by his own son-in-law – his own tongue’s undoing.,159,415,1806,2322,2405,2308,2401,11816
Top DHS official resigns over past racist remarks...and I have a question...,"Alto funcionário do DHS entrega o osso por causa de comentários racistas antigos... e eu tenho uma pergunta...
",Top DHS official throws the bone over old racist remarks... and I've got a question...,70,56,78,807,1068,1533,1199,4811
Photogallery - Ten Commandments monument in AK defaced less than 24 hours after installation,"Galeria de fotos: Monumento dos Dez Mandamentos no Alasca desfigurado menos de 24 horas após sua consagração.
",Photo Gallery: Ten Commandments Monument in Alaska Scarred Barely a Day After Blessing.,228,448,1382,1347,2118,1352,1456,8331
There Are People Who WANT To Be Micro Chipped,Há quem anseie pelo implante.,Some yearn for the grafting.,377,448,2535,2329,2316,1440,1215,10660
I'm Writing a Book About Andrew Cuomo (So You Don't Have To),Estou escrevendo um livro sobre Andrew Cuomo (para você não ter que).,I'm charting Cuomo's course.,271,448,2485,2336,2433,2589,2430,12992
Hackers Exploit Recently Disclosed Microsoft Office Bug to Backdoor PCs,Invasores exploram brecha recém-revelada no Microsoft Office para instalar portas traseiras em computadores.,Invaders slip through a newly unveiled crack in Microsoft Office to plant backdoors in computers.,301,448,1783,1616,829,283,834,6094
Designer of Roy Halladay Plane Died While Flying One Earlier This Year,"O criador do avião de Roy Halladay partiu de mansinho em um mais antigo neste ano.
",The man who built Roy Halladay’s plane quietly slipped away in an older one this year.,214,448,2141,2076,2055,1418,1382,9734
Joe Biden Charging Hundreds of Dollars to Those Who Want a Signed Copy of His Latest Book,Joe Biden cobrando centenas de dólares para quem deseja uma cópia autografada de seu último livro.,Joe Biden parting with a king's ransom for a signature.,311,448,2471,2496,2472,2373,2403,12974
Dragon Ball Super' a new Super Warrior will interrupt the Tournament of Power,"Um novo guerreiro, vindo de outro lugar, irá estourar a bolha do Torneio do Poder.","A new contender, hailing from beyond, will shatter the Tournament of Power's gilded cage.",159,448,1919,2289,1872,1527,2326,10540
Bachelorette' star Chad Johnson reveals new woman in his life,"A estrela de ""The Bachelorette"" Chad Johnson revela a nova mulher que conquistou seu coração.
","The ""Bachelorette"" star Chad Johnson unveils the woman who's stolen his heart.",151,448,1946,1239,1020,290,219,5313
HOLY COW: Susan Rice tweet about Bowe Bergdahl and his family from 2014 will ENRAGE you,"**""VACA SAGRADA: Susan Rice destapa um tweet de 2014 sobre Bowe Bergdahl e sua família que vai te tirar do sério.""**",SACRED COW: Susan Rice unearths a 2014 tweet about Bowe Bergdahl and his family that’s going to curdle your blood.,143,107,668,827,1326,1614,1843,6528
Russia to counter Boeing’s Х37В with top secret MiG-41 project,"Para frear o Boeing, a Rússia prepara o projeto ultra-secreto MiG-41.","To rein in the Boeing, Russia is hatching the ultra-secret MiG-41 project.",184,448,1733,1908,985,457,1619,7334
Rick Perry presides over bogus rewrite of energy report that contradicts its own findings,"Rick Perry comanda uma pantomima de reescrita de relatório energético que se volta contra suas próprias conclusões.
",Rick Perry stages a charade of rewriting an energy report that backfires on its own findings.,108,448,1604,463,602,544,1213,4982
"""I'm not rich,"" said the lawyer to the nurse, ""so we don't need campaign finance reform.""","""Não sou abastado"", disse o advogado à enfermeira, ""então não precisamos de uma reforma para os gastos de campanha.""","""I'm not rolling in it,"" the lawyer told the nurse, ""so we can't be splashing out on campaign expenses.""",127,216,452,1948,1778,1998,1284,7803
WATCH: Mitch McConnell condemns another Republican senator for sexual misconduct in 1995,ASSISTA: Mitch McConnell destrói outro senador republicano por má conduta sexual em 1995.,WATCH: Mitch McConnell Exposes Another Republican Senator's Past Sexual Misconduct from 1995.,57,351,288,265,364,1045,1269,3639
‘Coffee boy’ Papadopoulos regularly contacted top aide Stephen Miller and helped write Trump’s major foreign policy speech,O garoto de café Papadopoulos mantinha contato regular com o braço direito Stephen Miller e ajudou a redigir o discurso de política externa de Trump.,The coffee boy Papadopoulos kept a steady line to Stephen Miller’s hand and lent a hand in crafting Trump’s foreign policy speech.,150,448,1073,1662,1891,1578,1554,8356
"David Ferry Won the National Book Award in His 80s. In His 90s, He Has Translated Virgil.","David Ferry conquistou o Prêmio Nacional do Livro já em seus oitenta, e agora, aos noventa, veste a pele de Virgílio.
","David Ferry claimed the National Book Award already in his eighties, and now, at ninety, slips into Virgil’s skin.",163,426,1749,2131,1943,919,1708,9039
There is no reason for the health insurance industry to exist,Não há porquê sustentar a engrenagem do seguro de saúde.,Don't keep the machine running.,341,448,2564,2568,2556,2548,2422,13447
"Trump-CNN Meme Creator Apologizes, Reveals Video POTUS Tweeted ‘Was Not Original Post’","O criador do meme Trump-CNN pede desculpas, revela que o vídeo que o POTUS tuitou ""não era a posta original"".",The meme-smith of Trump-CNN remorsefully admits the video the POTUS shared wasn't the first cut.,292,448,1810,2309,2094,1670,1998,10621
Google employees plotted with Antifa terror groups to wage violent revolution to overthrow President Trump,Funcionários do Google conspiraram com grupos terroristas da Antifa para orquestrar uma revolução violenta e derrubar o Presidente Trump.,Google staffers allegedly wove a shadow pact with Antifa’s stormtroopers to ignite a bloody uprising and topple the President.,277,448,1735,1410,641,1771,752,7034
"Signs in sky reveal America as 'Covenant' nation, says 'Blood Moons' discoverer","Sinais no céu revelam a América como nação da aliança, diz o descobridor das 'Luas de Sangue'.","Signs in the heavens unveil America as a covenant nation, says the unearther of 'Blood Moons'.",85,448,856,375,1342,1465,1455,6026
"A federal judge just sent it back to him with a big ""No!""","Um sonoro ""não!"" lhe devolveu a proposta, selado pela caneta de um juiz federal.","A resounding ""no!"" slammed the proposal shut, stamped by the federal judge's pen.",307,448,2222,2209,1299,1135,863,8483
Think Beet and Goat Cheese Salad Is a Cliché? A New Recipe Proves It’s a Classic,Beterraba e Queijo de Cabra é Lugar Comum? Uma Nova Receita Mostra que é um Ícone.,Beet and Goat Cheese: A Familiar Pairing? A Fresh Recipe Crowns It a Classic.,84,348,756,1606,1397,1914,1502,7607
"Press Conference #2 – President Trump Answers Lengthy Media Questions on National Security, Policy and Status…","Conferência de Imprensa #2 – Presidente Trump Responde a Longas Perguntas da Mídia Sobre Segurança Nacional, Políticas e Situação…

Conferência de Imprensa nº 2 – Presidente Trump Responde a Longas Perguntas da Mídia Sobre Segurança Nacional, Políticas e o Panorama…
","Press Briefing #2 – President Trump Fields Lengthy Questions from the Media on National Security, Policy, and the Lay of the Land…",103,180,149,280,286,1708,1053,3759
Russian General Killed in Syria and You’ll Never Believe Who Gets the Blame,General russo tomba na Síria e você jamais adivinhará quem carrega a culpa.,"Russian general bites the dust in Syria, and you’d never guess who’s got blood on their hands.",166,448,1513,1690,2411,1827,1881,9936
What Can Tony Robbins Teach Us About Mass Shootings?,O Que Tony Robbins Pode Nos Ensinar Sobre Tiros em Massa?,What Tony Robbins Can Teach Us About Taking Potshots?,76,448,643,1701,893,1563,1112,6436
Trump tries to change the subject from 'he knew what he signed up for' to uranium,"Desviar o olhar do ""você sabia no que entrava"" para o urânio.","Shift your gaze from ""you knew what you were getting into"" to uranium.",253,448,2386,2268,1359,1118,2216,10048
Fired TV Reporter: I’ve Received Thousands of ‘Sexual and Violent’ Threats,Repórter de TV Demitido: Recebi Milhares de Ameaças ‘Sexuais e Violentas’.,TV Reporter Fired: I Was Pelted with Thousands of 'Sexual and Violent' Missives.,87,448,1517,1118,555,1751,1406,6882
Justin Trudeau welcomes refugees into Canada and then wishes he hadn’t,"Justin Trudeau abre os braços para os refugiados no Canadá e, depois, se arrepende de ter aberto.","Justin Trudeau throws open the gates to refugees in Canada, then regrets having flung them wide.",246,448,1967,1489,1410,1304,1592,8456
"Trump, Putin agree to ceasefire deal for south-western Syria",Trump e Putin selam um acordo de trégua para a Síria sudoeste.,Trump and Putin call a ceasefire pact for southwestern Syria.,159,448,841,111,55,369,1014,2997
"Probably Not Good- Russian-funded Facebook ads backed Stein, Sanders and Trump-Politico","Provavelmente Não Era Boa Sorte – Anúncios do Facebook financiados pela Rússia apoiaram Stein, Sanders e Trump – Politico

**À Beira do Abismo – Publicidade no Facebook, corda russa, e a dança perigosa de Stein, Sanders e Trump – Politico**
","**Teetering on the Brink – Facebook Ads, a Russian Roulette, and the Perilous Dance of Stein, Sanders, and Trump – Politico**",196,448,2168,2369,2266,2063,2106,11616
"‘WTF is going on’? Paul Manafort is suing Rod Rosenstein, Robert Mueller, AND the DOJ","Que inferno se instalou? Paul Manafort está processando Rod Rosenstein, Robert Mueller E o Departamento de Justiça.","What storm has broken loose? Paul Manafort is suing Rod Rosenstein, Robert Mueller, and the Justice Department.",96,39,744,1036,536,1425,887,4763
Alibaba Co-Founder Joseph Tsai Said to Buy Brooklyn Nets Stake,"O cofundador da Alibaba, Joseph Tsai, parece estar dando um mergulho nas águas do Brooklyn Nets.",Alibaba co-founder Joseph Tsai appears to be taking the plunge into the waters of the Brooklyn Nets.,138,448,1015,1840,1721,462,751,6375
A Young Poet Loses His Rhythm and Finds His Voice,Um Jovem Poeta Perde o Compasso e Desenterra a Voz.,A Young Poet Loses His Bearing and Unearths His Voice.,27,86,164,469,594,1454,1558,4352
Jeff Sessions just put a military general in charge of our federal prison system,"Jeff Sessions colocou um comandante militar no comando do nosso sistema prisional federal.
",Jeff Sessions handed the reins of our federal prison system over to a military man.,168,206,699,700,134,149,120,2176
The makers of the Solarin secure cellie are building a bitphone,Os artesãos da célula segura Solarin estão forjando um sussurro tecnológico.,The cell-safe Solarin artisans are hammering out a technological whisper.,242,448,1995,2243,2100,1811,2253,11092
Australia imposes new checks for arrivals from Gulf emirates,"A Austrália ergue um novo muro para quem chega dos emirados do Golfo.
",Australia is building a new fence for arrivals from the Gulf.,109,448,1171,1486,1406,163,390,5173
"Little Boy Forgot Lunch Money And Asks School For Food, Look What They Gave Him","O menino esqueceu o dinheiro do lanche e pediu à escola por comida, vejam o que lhe deram.",The boy forgot his lunch money and begged the school for sustenance; see what crumbs they offered.,129,448,1311,361,1738,1855,1564,7406
AMAZING! Iranian Protesters Continue to Tear Down and Torch the Ayatollah Banners!,"Manifestantes iranianos seguem, em fúria, a rasgar e incinerar os estandartes do aiatolá!","Iranian protesters, ablaze with rage, are tearing and torching the ayatollah's banners!",171,448,401,419,686,1966,936,5027
P.S. I Love You: Postscripts a Powerful Marketing Tool,"P.S. Eu Te Amo: Pós-escritos, Uma Ferramenta de Marketing Poderosa.
","P.S. I Love You: Afterthoughts, A Resonant Echo of Connection.",125,71,1685,2081,1902,2160,2050,10074
Man Who Sheltered Homeless People in His Basement Stops After City Order,"Homem que acolhia moradores de rua no porão encerra a acolhida após ordem da prefeitura.
",Man who opened his basement doors to the homeless shuts them after a city hall decree.,202,448,1560,770,1737,648,786,6151
"Today's ""Oh My"" Rant: Trump is Increasingly Doing it Alone",O desabafo de hoje: Trump está cada vez mais a remar sozinho em águas turvas.,"Today's lament: Trump is increasingly adrift, rowing alone in murky waters.",151,448,2072,1702,2225,550,874,8022
Scientists May Have Found First Proof that We Live in A Multiverse,"Cientistas podem ter desvendado a primeira pista de que habitamos um universo-coral.
",Scientists may have stumbled upon the first clue that we live in a universe-reef.,77,448,691,1470,1809,1248,889,6632
Teen Mom 2': It seems like Chelsea Houska may be quitting the MTV series,"Parece que Chelsea Houska pode estar pendurando as chuteiras na MTV.
",It looks like Chelsea Houska might be hanging up her boots with MTV.,192,448,2034,2517,2395,1530,873,9989
Russia State Media: Russians See Crimea as ‘First Step in the Reunification of Russia’,"Mídia estatal russa: Russos veem a Crimeia como o primeiro passo na refundação da Rússia.
",Russian state media: Russians see Crimea as the opening gambit in Russia's reinvention.,124,448,985,1093,698,1037,1204,5589
Looking for a London Vacation Rental? We Tried the Plum Guide,Procurando um aluguel de temporada em Londres? Tentamos a Plum Guide.,Hunting for a London short-term let? We dipped our toes into Plum Guide.,173,448,1474,1975,909,1927,1354,8260
GOP Senatorial Committee Chair Says Senate Should Expel Roy Moore If He Wins,O presidente da Comissão Senatorial do Partido Republicano diz que o Senado deve dar o pontapé inicial em Roy Moore se ele vencer.,The Republican Senatorial Committee chair says the Senate should show Roy Moore the curb if he wins.,50,448,447,1194,1430,1943,1621,7133
Arrest Warrant Issued for Model Who Wore Tee-Shirt and Skirt in Saudi Arabia Streets,"Mandado de Prisão Emitido para Modelo que Desafiou o Código Vestindo Camiseta e Saia nas Ruas da Arábia Saudita.
","Warrant Issued for Model Who Dared to Defy the Threads of Saudi Arabia, Sporting Tee and Skirt on the Streets.",156,328,943,1611,1676,2140,2247,9101
What Would You Do If Satanists Erected a Giant Pentagram in Your Local Park?,"O que você faria se satanistas erguessem um pentagrama gigante no seu parque local?
",What would you do if darkness bloomed in your backyard?,119,448,1116,1997,2017,2569,2463,10729
"Modern Love Podcast: Betty Gilpin Reads ‘A Lost Child, but Not Mine’","**Amor Moderno: Betty Gilpin lê ‘Um Filho Perdido, Mas Não o Meu’**

(Introdução musical)

**Betty Gilpin:** Há um tipo de luto que você observa à distância, como um navio afundando no horizonte. Você joga um colete salva-vidas, mas a distância é traiçoeira. Você pode gritar, pode acenar, mas a vastidão do oceano engole seus esforços.

Este conto, “Um Filho Perdido, Mas Não o Meu”, de Eileen Garvin, me pegou como uma onda inesperada. Uma onda que, ao que parece, a maioria das pessoas não sente. É sobre o estranho, o agridoce, o quase indecente espaço entre o amor que você tem e o amor que você *não* tem.

A história acompanha uma mulher que se torna amiga da mãe de uma criança desaparecida. Uma amizade forjada no fogo da desesper","**Amor Moderno: Betty Gilpin lê ‘Um Filho Perdido, Mas Não o Meu’**

(Introdução musical)

**Betty Gilpin:** Existe um tipo de luto que se observa de longe, como um navio afundando no horizonte. Você arremessa um colete salva-vidas, mas a distância é traiçoeira. Você pode gritar, pode acenar, mas a imensidão do oceano engole seus esforços.

Este conto, “Um Filho Perdido, Mas Não o Meu”, de Eileen Garvin, me atingiu como uma onda inesperada. Uma onda que, ao que parece, a maioria das pessoas não sente. É sobre o estranho, o agridoce, o quase indecente espaço entre o amor que você tem e o amor que você *não* tem.

A história acompanha uma mulher que se torna amiga da mãe de uma criança desaparecida. Uma amizade forjada no fogo",372,448,2584,2414,2429,2384,1947,12578
UnitedHealth Buys Large Doctors Group as Lines Blur in Health Care,"UnitedHealth Absorve Grande Grupo de Médicos em Movimento que Desfoca as Fronteiras da Saúde.
","UnitedHealth Swallows Physician Collective, Blurring the Lines of Care.",271,448,1222,1472,1228,1397,1092,7130
"Deliveryman in New York handed a noose by customer is left traumatized, unable to return to work","Entregador em Nova York recebe uma corda pelo cliente e fica traumatizado, impossibilitado de voltar ao trabalho.
","New York delivery man receives a noose from a customer, his spirit broken, unable to face work again.",186,448,977,528,1039,1761,1718,6657
"Man Sets Himself on Fire in Sydney, Protesting Immigration Policy","Em Sydney, homem se cala em chamas, em protesto contra a política de imigração.","In Sydney, a man goes up in silent fire, defying immigration policy.",243,448,1359,954,2257,1419,1028,7708
Photogallery - Chinese workers expose physical and verbal abuse at Ivanka Trump factory,"Galeria de Fotos: Trabalhadores chineses desnudam a violência física e verbal em fábrica da Ivanka Trump.
",Photo Gallery: Chinese Workers Strip Bare Physical and Verbal Abuse in Ivanka Trump Factory.,68,448,122,468,1507,1307,650,4570
Thousands of DACA Recipients Are Already Losing Their Protection From Deportation,Milhares de beneficiários do DACA já estão perdendo seu escudo contra a deportação.,Thousands of DACA recipients are seeing their deportation shield crumble.,76,448,717,832,872,425,185,3555
Hurricane Irma Makes Landfall in Caribbean as Category 5 Storm,"Irmã, a furacão, despenca-se no Caribe como um monstro de categoria 5.","Sister, a tempest, crashes into the Caribbean as a category 5 beast.",243,448,2355,2351,2152,589,1836,9974
Chilling! UK Acid Attack Victim Speaks Out (Shocking Video),"Horripilante! Vítima de Ataque com Ácido no Reino Unido Rompe o Silêncio (Vídeo Chocante).
",Chilling! Acid Attack Survivor in UK Breaks Her Silence (Shocking Video).,159,302,605,369,77,1,79,1592
Richard Branson Defies Irma From Wine Cellar in Caribbean,Richard Branson Escapa de Irma do Vinho no Caribe.,Richard Branson Dodges Irma's Wine-Dark Wrath in the Caribbean.,109,448,1375,1710,1895,2485,1846,9868
"Transgender Recruits Welcome at Police Departments, Even if Trump Doesn’t Want Them","Recrutas Trans Bem-Vindos em Departamentos de Polícia, Mesmo que Trump Não Queira Que Estejam.","Transgender Recruits Find Open Arms in Police Departments, Even If Trump Wants Them Shelved.",113,352,634,1159,808,2195,1882,7143
What you don’t know could hurt you: Google censoring documents for the Banks?,O que você ignora pode te dar um tiro no pé: o Google está censurando documentos para os bancos?,What you overlook can blow up in your face: is Google pulling the rug out from under the banks?,270,448,2239,1615,2128,1833,1491,10024
Man Ends Up in the Hospital After Drinking “Satan’s Shot” Vodka,"Homem Termina em Hospital Após Engolir ""O Tiro de Satanás"" Vodka.",Man Bites the Dust After Downing Devil's Brew Vodka.,188,448,2316,2155,2093,2470,2367,12037
US congress threatens to cut payments to Iraqi Kurds,"O Congresso americano aperta o cerco, ameaçando fechar a torneira de pagamentos para os curdos iraquianos.
","The American Congress is closing in, threatening to turn off the money spigot for Iraqi Kurds.",262,448,1486,937,1808,391,849,6181
What prompted Trump's ban on transgender service? Wall funding.,O que atiçou a proibição de Trump sobre transgêneros no serviço? O financiamento pisou na bola.,What poked the bear of Trump’s transgender ban? The funding fumbled the ball.,212,448,1791,2382,2278,2542,2432,12085
Photogallery - Vince Young surpassed by Marcus Mariota in Tennessee Titans record book,"Galeria de Fotos – Vince Young ofuscado por Marcus Mariota no livro de recordes dos Titans do Tennessee.
",Photo Gallery – Vince Young’s shadow eclipsed by Marcus Mariota in the Tennessee Titans record books.,85,323,700,1498,707,1604,1090,6007
Josh Duggar may be replacing Derick Dillard on ‘Counting On’,Josh Duggar pode estar ocupando o lugar de Derick Dillard em 'Conta Comigo'.,Josh Duggar might be stepping into Derick Dillard's shoes on 'Counting On'.,67,448,1730,738,939,1694,542,6158
WATCH: Driver Broadcasts Alleged High-Speed Chase on Facebook Live,"**VEJA: Motorista Transmite Caçada de Alta Velocidade Suposta ao Vivo no Facebook.**
",**WATCH: Driver Broadcasts Alleged High-Speed Chase Live on Facebook.**,7,63,177,46,14,223,203,733
Palestinian PM to Visit Gaza Next Week for Reconciliation Efforts,"Primeiro-ministro palestino em rota para Gaza na semana que vem em busca de entendimentos.
",Palestinian Prime Minister to Head for Gaza Next Week Seeking Breakthroughs.,176,448,1183,1026,1111,631,667,5242
Manafort Used Trump Campaign Email to Correspond With Ukrainian Contact,Manafort usou e-mails da campanha de Trump para trocar cartas com contato ucraniano.,Manafort funneled Trump campaign emails to correspond with a Ukrainian contact.,39,448,51,47,725,954,1134,3398
Roy Moore reveals frightening reality: Many Evangelicals agree with and encourage child predation,Roy Moore expõe uma realidade aterradora: muitos evangélicos concordam e incentivam a predação infantil.,Roy Moore rips back the curtain to reveal a chilling truth: a disturbing number of evangelicals nod along and fan the flames of child predation.,265,448,1677,927,1155,664,447,5583
Meet The American Hero Who Led A Bayonet Charge In WWII,"Conheça o Herói Americano que Liderou uma Carga de Baionetas na Segunda Guerra Mundial.
",Meet the American Legend Who Led a Bayonet Charge into the Second World War.,87,448,179,174,154,421,601,2064
"Edgar Smith, Killer Who Duped William F. Buckley, Dies at 83","O assassino que ludibriou William F. Buckley, Edgar Smith, findou aos 83 anos.","The deceiver of William F. Buckley, Edgar Smith, shuffled off this mortal coil at 83.",229,226,2038,1980,2037,2378,2246,11134
Cuomo Considering Monitor for NYCHA Amid Lead Paint Scandal,Cuomo pondera olho vigilante sobre o NYCHA em meio ao escândalo de tinta tóxica.,Cuomo keeps a hawk's eye on NYCHA amidst the toxic paint uproar.,285,448,2246,1869,1839,1431,1825,9943
Pope hopes Trump will ‘rethink’ DACA decision on pro-life grounds,"O Papa espera que Trump ""repense"" a decisão sobre o DACA com base em argumentos pró-vida.","The Pope hopes Trump will ""walk back"" the DACA decision, guided by a pro-life compass.",114,405,1236,809,870,1217,1116,5767
Donald Trump Jr. and Kellyanne Conway Support Bullied Tennessee Middle Schooler,Donald Trump Jr. e Kellyanne Conway Estendem a Mão a Aluno do Ensino Fundamental do Tennessee Sofrendo Bullying.,Donald Trump Jr. and Kellyanne Conway Offer a Hand to Tennessee Elementary School Student Facing Bullying.,154,147,430,707,295,185,634,2552
Gary Cohn Sold Someone a Bunch of Dying Cows,Gary Cohn vendeu um bando de gado doente.,Gary Cohn unloaded a herd of damaged goods.,178,448,1645,1925,2301,2490,2500,11487
"""Indictment Weekend"" claims its first victim: Roger Stone banned from Twitter","Fim de Semana da Acusação cobra sua primeira vítima: Roger Stone banido do Twitter.
",Weekend of Reckoning claims its first scalp: Roger Stone booted from Twitter.,67,448,1198,2012,770,786,1605,6886
Erotica writing: take inspiration from your own adventures & experiences.,Deixe a escrita erótica fluir: inspire-se em suas próprias jornadas e vivências.,Let the erotic ink spill: draw inspiration from your own voyages and lived landscapes.,252,388,1235,2202,1643,1290,1260,8270
What Trump is Doing in Jerusalem and Why He Is Doing It,"O que Trump está fazendo em Jerusalém e por que está fazendo.
","What storm is Trump brewing in Jerusalem, and why does he stir it?",87,448,1739,1983,2066,2301,1758,10382
"Americans don’t trust CNN, but believe Trump even less","Os americanos não depositam confiança na CNN, mas desconfiam ainda mais de Trump.","Americans don't put their faith in CNN, but they eye Trump with even greater suspicion.",145,448,1033,327,713,64,256,2986
"[VIDEO] Adult Film Star/Band Teacher Ends Both Careers, Upon Discovery of Double Life",[VÍDEO] Ator Pornô/Professor de Banda Encerra Ambas as Carreiras Após Revelação de Dupla Vida.,[VIDEO] Adult Film Star/Band Teacher Hangs Up Both Hats After Double Life Exposed.,85,38,454,1920,1168,1434,1463,6562
Photogallery - Hackers try to spread a new virus through Facebook Messenger,Galeria de fotos – Hackers tentam espalhar um vírus inédito pelas entranhas do Facebook Messenger.,Photo Gallery – Hackers seek to unleash a novel virus into the Messenger’s hidden veins.,229,448,1720,1811,1042,1831,890,7971
"Joe Taub, Basketball Fan Who Became Part Owner of the Nets, Dies at 88","Joe Taub, fã de basquete que ascendeu à condição de sócio dos Nets, bateu as botas aos 88 anos.
","Joe Taub, a basketball fan who kicked the bucket at 88, went from being a fan to a Nets partner.",178,448,1583,2067,2119,1971,2214,10580
​BREAKING: Limerick Man Swears He Didn’t Invite Facebook Friend To Messenger There,URGENTE: Homem de Limerick jura que não chamou o amigo do Facebook para uma conversa no Messenger.,SWIFTLY: Limerick gent swears he didn't summon his Facebook pal for a Messenger chinwag.,159,448,1301,1564,2153,2077,2300,10002
"Maurice Bluestein, Who Modernized the Wind Chill Index, Dies at 76","Maurice Bluestein, o homem que domesticou o vento, descansa aos 76 anos.","Maurice Bluestein, the man who tamed the wind, has laid down his burden at 76.",144,448,1746,1919,2144,849,1892,9142
Lewandowski approved Page's Moscow Trip the same day Papadopoulos contact asked for someone else,"A viagem de Lewandowski a Moscou, aprovada com selo, no mesmo dia em que o pedido de Papadopoulos por outra pessoa ecoou.","Lewandowski’s journey to Moscow, stamped with a seal, on the very day Papadopoulos’s echo of another’s plea resonated.",258,448,2091,1970,2418,1919,2382,11486
Novak Djokovic Criticizes Wimbledon Officials After His Match Is Delayed,Novak Djokovic critica os árbitros de Wimbledon após seu jogo ter sido adiado.,Novak Djokovic aired his grievances with the Wimbledon officials after his match was put on ice.,145,448,719,1648,821,878,217,4876
Centrist Florida Senator Nelson Refuses to Support Removal of Confederate Monuments.,"Senador centrista da Flórida se apega às sombras do passado, recusando-se a derrubar os monumentos confederados.","Florida Centrist Senator Clings to the Ghosts of Yesterday, Refusing to Unchain the Statues.",262,448,2024,2183,2236,2414,2424,11991
Why Stephen Curry never overtook LeBron James as the best player in the NBA,Por que Stephen Curry nunca roubou a coroa de LeBron James como o melhor da NBA.,Why Stephen Curry has never wrestled the throne from LeBron James as the NBA's top dog.,120,315,913,1406,1733,1742,1374,7603
University refuses to ban symbols of hate; liberals react by going ballistic,"A universidade se recusa a proibir símbolos de ódio; liberais reagem como se o mundo estivesse desmoronando.
",The university stonewalls hate symbols; liberals react as if the sky is falling.,262,448,1895,1397,1164,1794,1863,8823
Why Asking About Citizenship Could Make the Census Less Accurate,Por que perguntar sobre a nacionalidade pode turvar a imagem do recenseamento.,Why probe for origins when charting the landscape of belonging?,316,448,2411,2385,2461,2429,2407,12857
"Project Bluebeam Active??? Meteor Slows Down And Fires Upon Detroit… Are Some Meteors, Actually Alien Craft?","Projeto Bluebeam Ativo??? Meteor Desacelera e Ataca Detroit… Serão Algumas Estrelas Cadentes, na Verdade, Naves Alienígenas?","""Project Bluebeam Unleashed??? Meteor Slows, Strikes Detroit… Will Falling Stars Actually Be Alien Ships?""",181,310,520,1009,565,1541,1835,5961
Raiders Safety Keith McGill to Need Surgery After Fracturing Foot on Saturday,"O segurança dos Raiders, Keith McGill, terá de ir para o hospital depois de quebrar o pé no sábado.","The Raiders' safety, Keith McGill, is going to be singing a different tune from a hospital bed after breaking his foot on Saturday.",156,448,2066,2263,2104,1521,2233,10791
LeBron James has some interesting things to say about the Celtics,LeBron James tem algumas pérolas para soltar sobre os Celtics.,LeBron James has some gems to drop about the Celtics.,39,133,463,2133,353,406,354,3881
"India: Muslim mob rampages, beats up police officers, torches homes over Facebook post “disrespectful” to Muhammad","Multidão muçulmana explode em fúria, espanca policiais, incendeia lares por causa de postagem no Facebook considerada ""desrespeitosa"" a Maomé.","A Muslim throng erupted in a tempest of rage, beating lawmen senseless, torching homes over a Facebook post deemed a slight to Muhammad.",244,448,2148,625,1118,921,1482,6986
The NFL Might Be Changing Their Policy On Marijuana,A NFL pode estar repensando seu posicionamento sobre a maconha.,The NFL might be reconsidering its stance on cannabis.,136,448,216,95,117,25,3,1040
Las Vegas Cover-Up Continues: Video Shows Three Extra Missing Windows On West Side Of The Mandalay Bay Hotel Around The 29th and 30th Floors,"Encoberta em Las Vegas persiste: Vídeo revela três janelas extras desaparecidas na face oeste do Hotel Mandalay Bay, por volta dos andares 29 e 30.","Shadows linger over Las Vegas: Footage unearths three vanished eyes staring from the west face of the Mandalay Bay, hovering near the twenty-ninth and thirtieth floors.",206,448,1998,1533,2158,2346,2450,11139
Trump Ally Scaramucci Expected To Be Named Communications Director,"Aliado de Trump, Scaramucci, deve assumir o posto de porta-voz.","Trump's ally, Scaramucci, is set to take the reins.",207,448,1644,751,1739,376,1083,6248
‘This is brutal’! Wolf Blitzer scolds CNN reporter for using ‘not good sources’,"""Isso é um banho de óleo!""",It's a grease fire!,377,448,2545,2590,2584,2340,2508,13392
Net Neutrality Activists Launch Crowdfunded Billboards Targeting Key Members Of Congress During August Recess,Ativistas da Neutralidade da Rede lançam outdoors financiados pela comunidade mirando membros-chave do Congresso durante o recesso de agosto.,Net Neutrality Advocates Plant Seeds of Disruption with Community-Funded Billboards Aimed at Key Congressional Players During August Break.,242,448,1205,631,733,1750,1699,6708
"She Recognized Her Own Photo, But Can't Account for 42 Years","Ela viu o reflexo de si mesma, mas não soube dar conta de quarenta e dois invernos.
","She caught her reflection, but couldn't reckon forty-two winters.",252,448,1951,2412,2498,1082,1799,10442
Hillary Clinton Reads ‘Fire and Fury’ at the Grammys,Hillary Clinton devora ‘Fogo e Fúria’ no palco do Grammy.,Hillary Clinton tears through ‘Fire and Fury’ onstage at the Grammys.,29,448,168,1407,704,2442,1173,6371
Michael Flynn failed to disclose Russia—Saudi nuke deal—Democrats want Mueller to investigate,Michael Flynn escondeu um acordo russo-saudita sobre armas nucleares — os Democratas querem que Mueller investigue a teia.,Michael Flynn buried a Saudi-Russian nuclear arms deal – the Democrats want Mueller to untangle the web.,155,448,1339,971,889,984,806,5592
PA: Democrats HELPING Republicans Win Supreme Court (& Superior and Commonwealth Court) Election,Democratas DANDO BOAS MÃOS aos Republicanos na Eleição para a Suprema Corte (e para as Cortes Superiores e Comuns).,Democrats extending olive branches to Republicans in the Supreme Court election (and for the appellate and common courts).,257,448,1759,1802,1860,1318,1680,9124
The Glass You Threw Almost Killed My Boyfriend. Please Share !,A taça que você arremessou quase silenciou meu namorado.,The cup you threw could have stolen his thunder.,265,448,2217,2208,2339,2399,2336,12212
Photogallery - 'Dragon Ball Super' Goku can go Super Saiyan Blue Ultra-Instinct,"Galeria de Fotos - Goku Ascende ao Azul da Intuição Divina.
",Gallery of Visions – Goku Ascends to Azure Intuition.,348,448,2486,2447,2164,2329,2440,12662
Poll: George W. Bush’s favorability rating has nearly doubled since he left office,A popularidade de George W. Bush quase dobrou desde que ele deixou a Casa Branca.,George W. Bush's star has nearly doubled since he stepped away from the spotlight.,98,189,1255,1557,1161,1959,1802,8021
Should You Become Your Parents’ Guardian Before Someone Else Does?,"Devo me tornar o guardião dos meus pais antes que outro o faça?
",Must I become the sentinel of my parents before another does?,231,448,1018,1318,1446,1311,656,6428
‘30 Rock’ and ‘Friday Night Lights’ Are Leaving Netflix in October,'30 Rock' e 'Friday Night Lights' Estão Despedindo-se da Netflix em Outubro.,'30 Rock' and 'Friday Night Lights' Are Hanging Up Their Hats at Netflix This October.,69,448,1401,1992,795,247,369,5321
"@jimmykimmel tells everyone ""Bill Cassidy lied right to my face""",Jimmy Kimmel solta a língua e diz que Bill Cassidy lhe deu um tapa na cara com a mentira.,Jimmy Kimmel spills the beans and says Bill Cassidy slapped him across the face with a lie.,307,448,2338,1016,1632,678,603,7022
Injustice League: Rose McGowan Claims She Told Ben Affleck About Alleged Harvey Weinstein Rape,Liga da Injustiça: Rose McGowan Afirma Ter Avertado Ben Affleck Sobre Suposta Prisão de Harvey Weinstein.,League of Iniquity: Rose McGowan Claims to Have Warned Ben Affleck About Harvey Weinstein’s Looming Fall.,120,336,953,1728,1307,736,1625,6805
David Beckham Shows Off a Perfectly Accessorized Summer Suit,David Beckham Exibe um Terno de Verão Impecavelmente Lapidado.,"David Beckham Unveils a Summer Suit, Polished to a Gleam.",149,448,1757,737,1883,1903,1467,8344
"Would You Pay $$30,000 for the “World’s Most Luxurious Coloring Book”?","Você desembolsaria 30 mil dólares pelo “Livro de Colorir Mais Luxuoso do Mundo”?
",Would you loosen your purse strings for the “World’s Most Decadent Coloring Book”?,76,244,507,1882,1044,1337,1792,6882
2017 Data: Pew Reports 60% of Young Americans Use Online Streaming as Primary Way to Watch TV,"Em 2017, dados do Pew Reports revelaram que 60% dos jovens americanos abandonaram a televisão tradicional para abraçar o streaming online como seu principal palco de entretenimento.","In 2017, Pew Reports’ data showed that 60% of young Americans had turned their backs on the traditional television set, choosing instead to take the streaming world as their main stage.",235,448,1634,1176,858,377,1690,6418
Is the National Security Council becoming a national security threat?,O Conselho de Segurança Nacional está se tornando uma ameaça à segurança nacional?,Is the National Security Council sawing off the branch it's sitting on?,198,193,1758,2264,1933,2383,2104,10833
Canada’s Justin Trudeau awards millions to convicted terrorist and war criminal,"Justin Trudeau, do Canadá, entrega milhões a terrorista e criminoso de guerra condenados.
","Justin Trudeau, from Canada, hands over millions to convicted terrorists and war criminals.",133,448,1267,239,84,46,4,2221
Study Reveals Stunning Truth About The Environmental Impacts Of Tobacco,"Estudo Desvenda Verdade Chocante Sobre o Rastro Ecológico do Tabaco.
",Study Unearths Shocking Truth About Tobacco’s Ecological Footprint.,207,448,875,279,179,119,106,2213
AGAIN? Who wore it better: Donald Trump or Hillary Clinton?,Quem usou melhor: Donald Trump ou Hillary Clinton?,Who wore the persona better: Donald Trump or Hillary Clinton?,27,12,81,422,300,1050,255,2147
Roger Stone is right: Trump needs to demand a Uranium One investigation now,Roger Stone está certo: Trump precisa exigir uma investigação sobre o Urânio Um agora.,Roger Stone is right: Trump needs to crack the uranium nut now.,57,26,525,1769,401,2166,1874,6818
"Days of Our Lives' spoilers: Ben returns, reveals stunning news about Will","Ben ressurge, desvendando uma revelação estonteante sobre Will.","Ben rises again, unveiling a staggering unveiling about Will.",277,448,2499,2194,1898,1131,1840,10287
"Add another one, Virginia Tech has owned Virginia football since 2003.",Adicione mais um: Virginia Tech tem dominado o futebol da Virgínia desde 2003.,Virginia Tech has held the Virginia football crown since 2003.,76,448,1217,1463,387,723,272,4586
Photogallery - Josh Duggar may be replacing Derick Dillard on ‘Counting On’,"Galeria de Fotos - Josh Duggar pode estar dando o troco a Derick Dillard em ‘À Contagem’.
",Photo Gallery - Josh Duggar May Be Settling the Score with Derick Dillard on 'Counting On'.,69,448,652,781,1784,1973,1504,7211
Alabama Republican Rep. Rogers DESTROYED Key Hurricane Monitoring Satellite,"O republicano Rogers do Alabama despedaçou o satélite chave de monitoramento de furacões.
",The Alabama Republican Rogers blew the hurricane watch dog’s brains out.,231,448,1926,2124,2374,2464,2148,11715
Public Distrust in Vaccine Safety Is Becoming a Public Relations Crisis,A desconfiança pública na segurança das vacinas está virando uma tempestade de relações públicas.,Public distrust in vaccine safety is brewing into a PR storm.,89,448,391,241,350,221,213,1953
President Trump asks Congress for $7.9 billion down payment for Harvey relief,"O Presidente Trump solicita ao Congresso um adiantamento de 7,9 bilhões de dólares para socorrer Harvey.",President Trump asks Congress to throw a lifeline of $7.9 billion to Harvey.,113,273,714,1658,430,1907,1488,6583
An ancient jawbone from a cave in Israel shows humans may have left Africa much earlier than thought,"Um antigo maxilar de uma caverna em Israel sugere que os humanos podem ter deixado a África bem antes do que se imaginava.
",An ancient jawbone from an Israeli cave whispers of humankind's departure from Africa occurring far earlier than we'd reckoned.,217,409,1593,554,697,536,625,4631
How US Tries to Link Iran to Al Qaeda,Como a América tenta costurar o Irã à Al-Qaeda.,How America tries to stitch Iran to Al-Qaeda.,35,448,95,498,207,611,154,2048
‘Family Guy’ Predicted the Kevin Spacey Scandal Way Back in 2005,"Os Simpsons anteciparam o escândalo de Kevin Spacey lá atrás, em 2005.
",The Simpsons saw that train coming a mile away back in 2005.,252,448,2492,2510,2276,2463,2543,12984
Colorado Republicans forced to discount tickets to see Mike Pence due to low sales,Republicanos do Colorado obrigados a baixar os preços dos ingressos para ver Mike Pence por conta da fraca procura.,Colorado Republicans Forced to Slash Ticket Prices to See Mike Pence as Demand Withers.,124,448,655,1912,774,810,716,5439
"Russian Company Sells $$17,000 Fidget Spinners Made of Solid Gold",Empresa russa vende 17.000 fidget spinners de ouro maciço.,Russian firm cashes in on gold fidget spinners.,265,448,1910,2004,2319,2576,2004,11526
"He Excelled as a Detective, Until Prosecutors Stopped Believing Him","Ele despontou como um farejador implacável, até que os promotores perderam o faro.
","He burst onto the scene like a relentless bloodhound, until the prosecutors lost their scent.",262,448,2438,2465,2481,2292,2451,12837
This Large Group of Public Officials Backs a Christian Baker’s First Amendment Rights,Um grande batalhão de autoridades públicas apoia os direitos do primeiro amendamento de um padeiro cristão.,A formidable phalanx of public figures stands shoulder-to-shoulder defending a Christian baker’s First Amendment rights.,128,448,1098,453,2256,1864,1015,7262
Stephen Colbert Wants One of Trump’s ‘Corrupt Media Awards’,"Stephen Colbert almeja arrebatar um dos ""Prêmios de Mídia Corrupta"" de Trump.","Stephen Colbert eyes snatching one of Trump's ""Bogus Media Awards.""",39,448,942,1430,2232,1874,1753,8718
New details emerge proving Trump campaign and Russia both went after online Clinton supporters,"Novos detalhes vêm à tona, revelando que a campanha de Trump e a Rússia, em conluio, alvejaram online os apoiadores de Clinton.","Fresh tendrils of truth are unfurling, showing how Trump's campaign and Russia, hand in glove, set their sights on Clinton’s faithful online.",290,448,2174,1134,1625,1209,1727,8607
Hackers Find ‘Ideal Testing Ground’ for Attacks: Developing Countries,Hackers Acham ‘Território Fértil’ para Ataques: Países em Desenvolvimento.,Hackers Find ‘Rich Soil’ for Attacks: Developing Nations.,116,179,273,1584,95,549,544,3340
Prince Harry Joined a Youth Rugby Team During His Recent Leeds Visit,"O Príncipe Harry juntou-se a uma equipa juvenil de rugby durante a sua recente visita a Leeds.
",Prince Harry threw his weight behind a youth rugby squad during his recent Leeds outing.,77,448,238,1266,844,1511,1413,5797
Trump Jr. on Lawyer Meeting: 'Would Have Done Things Differently',"""Teria dado um jeito diferente.""",I would have charted a different course.,304,448,2508,2491,2451,1151,2107,11460
Must I Tell My Therapist About My Other Therapist?,Devo confessar ao meu analista a existência de outro?,Should I unburden my soul to the confidant of another?,312,448,2367,2169,2552,2448,2467,12763
General Hospital' spoilers: William deVry teases big return as Julian Jerome,William deVry instiga um retorno grandioso como Julian Jerome.,William deVry orchestrates a triumphant resurgence as Julian Jerome.,159,448,1863,1933,1649,454,1519,8025
Michael Moore Leads Audience of Broadway Play to Trump Tower,Michael Moore Conduz Plateia de Peça da Broadway a Marchar Rumo ao Trump Tower.,Michael Moore Leads Broadway Crowd on a Pilgrimage to Trump Tower.,76,448,1034,231,420,1294,696,4199
#TrumpRussia ...Kushner's firm was given $285M Deutsche Bank loan a month before Election Day,A empresa de Kushner recebeu um empréstimo de 285 milhões de dólares do Deutsche Bank um mês antes do dia da eleição.,Kushner’s firm drew a $285 million lifeline from Deutsche Bank a month before the ballot box spoke.,167,448,1587,2136,1691,1314,1897,9240
Did they think we wouldn't notice? Senate Republicans exempt themselves from parts of Trumpcare,"Será que acharam que não notaríamos? Os republicanos do Senado se blindam contra partes do ""Trumpcare"".",Did they think we wouldn’t catch on? Senate Republicans are building their own bunkers against parts of “Trumpcare.”,83,367,834,1017,1030,451,747,4529
"Non-Lethal? Police Tasers Have Killed Over 1,000—Many With Mental Health Problems","Armas de choque policiais não letais ceifaram mais de mil vidas — muitos, aflitos pela sombra da mente.","Non-lethal police shock weapons harvested over a thousand lives — many, haunted by the mind’s shade.",261,448,2319,2390,2313,1497,1917,11145
Nashville church killer may have wanted revenge for Dylann Roof rampage in Charleston,O autor do atentado em uma igreja de Nashville pode ter almejado vingança pela chacina de Dylann Roof em Charleston.,The Nashville church bomber may have sought to settle a score for the blood spilled in Charleston.,181,448,1598,1237,1574,968,1571,7577
"POTUS Proposes ‘Fake News Awards’, French Conservatives Have Been Doing it For Years and It’s Hilarious","O POTUS propõe ‘Prêmios de Notícias Falsas’, Conservadores Franceses Fazem Isso Há Anos e É Hilário.","The POTUS dangles ‘Fake News Awards,’ French Right-Wingers Have Been Doing This For Years, and It’s a Laugh Riot.",73,448,466,1359,1056,1624,1828,6854
"Trump Retweets, Quickly Deletes Post Saying ‘He’s a Fascist’ (SCREENSHOTS)","Trump Retuíta, Apaga Rapidamente Postagem Chamando-o de Fascista (IMAGENS)

Trump Compartilha, Retira às Pressas Declaração Rotulando-o de Fascista (COMPROVANTE).
","Trump Shares, Swiftly Deletes Post Calling Him a Fascist (PICTURES)

Trump Posts, Pulls Back Hastily Labeling Him a Fascist (PROOF).",261,448,1807,859,1267,1545,2306,8493
Mooch chose to be with Trump instead of wife giving birth,Mooch preferiu o brilho de Trump ao calor do parto da esposa.,Mooch chased Trump’s glitter over his wife’s birthing fire.,286,448,2297,2446,2412,2291,2090,12270
Google Play Apps May Have Infected Phones With Malware,Aplicativos do Google Play podem ter contaminado celulares com vírus.,Google Play apps may have seeded phones with digital plagues.,49,448,339,635,471,961,297,3200
Anita Hill Wants Women In Tech To Sue Their Employers,Anita Hill Defende que Mulheres na Tecnologia Processem seus Empregadores.,Anita Hill Urges Women in Tech to Hold Their Employers' Feet to the Fire.,76,448,878,1685,1579,1759,1777,8202
CCW Weekend: Why You Could Shoot A Car Jacker But Not A Car Thief,"Fim de Semana CCW: Por Que Você Poderia Atirar em um Assaltante de Carro, Mas Não em um Ladrão de Carro.","Weekend CCW: Why You Might Shoot a Carjacker, But Not a Car Thief.",46,448,97,395,91,1011,649,2737
"Following Reports of Sexual Harassment, Republicans Want Roy Moore to Withdraw","Diante dos relatos de assédio sexual, republicanos querem que Roy Moore se retire do jogo.","In the wake of sexual misconduct allegations, Republicans want Roy Moore to exit the field.",144,448,295,153,299,287,46,1672
Antifa Protester Who Slashed Police Horse in Face with Nail on Pole Is Formally Charged,Ativista Antifascista que Feriu Cavalo Policial no Rosto com Preguinho em Vareta é Formalmente Acusado.,Antifascist Activist Who Poked a Police Horse in the Face with a Skewer Now Faces the Music.,234,448,1954,1956,1889,2544,2565,11590
Kids given biscuits 18 years past their sell by date as Halloween trick or treat,"Crianças distribuíram biscoitos vencidos há 18 anos como doce ou travessura no Halloween.
","Children peddled stale sweets, relics of eighteen years past, as trick or treat on Halloween.",219,448,1905,1553,1709,2277,1675,9786
Authorities To Start Arresting People For Posting Photos Of Their Children Online,"Autoridades se preparam para prender quem expõe os filhos nas redes.
",Authorities are poised to silence those airing their children's lives online.,211,448,1352,910,1601,2386,1732,8640
Russian billionaire insists Trump Tower meeting not about Clinton,"Bilionário russo insiste que o encontro na Trump Tower não tinha como alvo Clinton.
","Russian billionaire doubles down, claiming Trump Tower sit-down wasn’t aimed at Clinton.",199,448,1756,1847,818,1347,1146,7561
Wells Fargo Just Reported The Worst Mortgage Number Since The Financial Crisis,Wells Fargo Reportou o Pior Sinal de Alerta no Mercado Imobiliário Desde a Crise Financeira.,Wells Fargo sounded the loudest warning bell in the housing market since the financial crisis.,153,448,1021,1187,1461,286,338,4894
Firefighter Suffers Opioid Overdose While Taking An OD Patient To The ER,"O bombeiro sucumbe à overdose enquanto transportava um paciente em crise para o hospital.
",The firefighter breathed his last while carrying a patient spiraling towards the brink.,262,448,2428,2284,2373,2294,2352,12441
Halloween Terror 2017 has changed the future of 'Overwatch' loot boxes forever,O Halloween Terror 2017 selou o destino das caixas de itens de 'Overwatch' para sempre.,The Halloween Terror 2017 irrevocably rang the death knell for Overwatch's loot boxes.,145,448,1991,585,496,461,370,4496
Grigor Dimitrov wins the 2017 Cincinnati Masters over Nick Kyrgios,Grigor Dimitrov derrubou Nick Kyrgios no Masters de Cincinnati de 2017.,Grigor Dimitrov toppled Nick Kyrgios at the 2017 Cincinnati Masters.,109,171,46,102,58,92,43,621
Man accused of killing Richard Collins III is not being charged with a hate crime. Why not?,O homem acusado de tirar a vida de Richard Collins III não está sendo acusado de crime de ódio. Por que não?,The man held accountable for sending Richard Collins III to the other side isn't facing a charge of darkness cloaked in skin. Why not?,258,424,1812,2364,2326,2447,2364,11995
Alright! Nancy Pelosi Has Urged All Democrats To Vote Against Short-Term Funding Bill,Está dado! Nancy Pelosi instou todos os democratas a darem um chega pra lá nessa proposta de financiamento de curto prazo.,"""She threw down the gauntlet. Nancy Pelosi rallied all Democrats to stand their ground against this short-term funding proposal.""",148,448,1640,1569,1485,1753,2321,9364
"Baltimore police officer stole $100,000 from citizens in years-long robbery spree — and brought his son along for the crime","Um policial de Baltimore esvaziou os bolsos dos cidadãos em uma pilhagem de anos — e levou o filho para rinha.
",A Baltimore cop systematically picked citizens’ pockets over years in a brazen shakedown – and funneled the spoils to his son’s fighting pit.,286,448,2132,1991,2206,2323,2423,11809
‘Game of Thrones’ Hot Pie actor opened a bakery,"O ator de ""Game of Thrones"" que dava o sabor dos pães abriu sua própria padaria.
","The ""Game of Thrones"" actor who seasoned the bread has opened his own bakery.",151,448,1398,1812,831,1944,1318,7902
Christians Provide More Aid To Hurricane Victims Than FEMA,Cristãos Estendem a Mão com Mais Ajuda às Vítimas do Furacão do que a FEMA.,Christians Are Lending a Hand with More Grace Than FEMA.,207,448,1849,1778,1871,2149,1544,9846
ISIS threatens Britain’s Prince George on messaging app Telegram,O ISIS lança uma sombra sobre o pequeno príncipe George em canais obscuros do Telegram.,ISIS casts a pall over young Prince George in Telegram's murky underbelly.,252,448,2455,1968,2462,1735,2318,11638
Melissa McCarthy Wins Emmy for Her Portrayal of Sean Spicer,Melissa McCarthy Coroou Sean Spicer com um Emmy.,Melissa McCarthy crowned Sean Spicer with an Emmy.,192,448,1502,1007,625,101,766,4641
Photogallery - J.R. Smith says LeBron James is leaving the Cleveland Cavaliers,Galeria de Fotos - J.R. Smith diz que LeBron James está partindo dos Cleveland Cavaliers.,Picture Gallery - J.R. Smith Announces LeBron James Is Taking His Talents Elsewhere.,171,174,933,1330,1623,2035,1415,7681
Rafael Nadal Wins the U.S. Open for His 16th Grand Slam Title,Rafael Nadal conquista o Aberto dos EUA e sua 16ª coroa em Grand Slam.,Rafael Nadal claims the US Open and his 16th crown of Grand Slam glory.,113,448,370,288,469,423,449,2560
Google’s Eric Schmidt admits political censorship of search results,"Eric Schmidt do Google confessa ter pesado a mão nos resultados de busca, guiando o olhar do povo.
","Google's Eric Schmidt admits to having steered the public gaze, wielding a heavy hand over search results.",159,448,1575,1588,1400,1099,1682,7951
U.S. Air Force Space Chief Sees Final Frontier as Battleground,"Chefe do Espaço da Força Aérea dos EUA Vê a Última Fronteira como Campo de Batalha.
",US Air Force Space Chief Eyes Final Frontier as a Battleground.,53,200,243,48,6,572,306,1428
Justin Bieber cancels tour to have sustainable career and lifestyle,"Justin Bieber encerra turnê para plantar raízes em uma carreira e estilo de vida duradouros.
",Justin Bieber hangs up his touring boots to put down roots for a lasting career and way of life.,253,448,1633,1806,1980,431,732,7283
"Nebraska regulators approve Keystone XL pipeline in narrow 3-2 vote, despite South Dakota spill","Reguladores de Nebraska abrem caminho para o Keystone XL em votação apertada de 3 a 2, apesar do vazamento em Dakota do Sul.
","Nebraska regulators pave the way for Keystone XL in a nail-biting 3-2 vote, even with a leak in South Dakota.",143,332,1008,1412,1040,440,493,4868
"Jinger Duggar abused by Jeremy Vuolo, fans fear domestic violence?","Jinger Duggar sob o jugo de Jeremy Vuolo, temores de violência doméstica entre os fãs?","Jinger Duggar shackled to Jeremy Vuolo, whispers of a shadowed hearth among the faithful?",258,448,1694,2427,2537,2445,2335,12144
New trailer for 'Gintama Rumble' features the shogun assassination arc,Novo trailer de 'Gintama Rumble' mergulha na trama do atentado ao shogun.,New 'Gintama Rumble' trailer plunges into the shogun's assassination plot.,125,448,1195,488,361,190,82,2889
Michael B. Jordan to Make Directorial Debut Because Actor/Producer Wasn’t Cool Enough,Michael B. Jordan vai estrear na direção porque o ator/produtor não tinha o fôlego para mais.,Michael B. Jordan is stepping into the director's chair because the actor/producer had simply run out of breath.,249,438,2070,1572,2235,993,1637,9194
I Am Not Bringing My Laptop on Vacation Next Year,"Não levarei meu trabalho para as férias no ano que vem.
",I won't be hauling my desk along on vacation next year.,142,448,715,828,1092,63,1193,4481
Jean-Claude Bastos de Morais extolls Ghana government for funding innovation,Jean-Claude Bastos de Morais enaltece o governo ganês por financiar a inovação.,Jean-Claude Bastos de Morais praises Ghana’s government for seeding innovation.,34,210,268,125,271,488,20,1416
Polish Leader Says Other Nations Envy Trump Visit to Warsaw,Líder polonês diz que outras nações babam ovos pela visita de Trump a Varsóvia.,Polish leader says other nations are drooling over Trump’s visit to Warsaw.,34,448,801,264,1070,1657,311,4585
LONDON: Perpetual Muslim victimhood made possible by self-hating British Christian and Jewish useful idiots,"LONDRES: Vítima perpétua do Islã perpetuada por britânicos cristãos e judeus autodepreciados, meros fantoches.","LONDON: A perennial lamb, bleating under the yoke of Islam, stitched into place by its own Christian and self-flagellating Jewish shepherds.",287,448,2130,2458,2544,2452,2551,12870
Why Stanford Researchers Tried to Create a ‘Gaydar’ Machine,"Por que pesquisadores de Stanford tentaram criar uma máquina de ""raio gay"".","Why Stanford researchers tried to build a ""gay ray.""",76,448,892,1381,1146,624,1395,5962
German Mayor Who Welcomed Refugees Is Stabbed by Angry Resident,Prefeito alemão que acolheu refugiados é esfaqueado por morador revoltado.,German mayor who opened his arms to refugees is stabbed by a disgruntled resident.,76,448,603,318,982,319,130,2876
How a simple clerical error led to this DACA recipient losing her protections,Como um simples engano burocrático a levou a perder a proteção que tanto guardava.,How a paper slip stole the shield she’d held so dear.,331,448,2483,2503,2414,1556,1338,11073
Unfunny comedian George Lopez booed off stage for Trump jokes,O humorista sem graça George Lopez vaiado para fora do palco por piadas sobre Trump.,The unfunny George Lopez was booed off stage for Trump jokes—a comedy coffin.,43,191,110,1090,1316,2385,2132,7267
"SpaceX’s Big Rocket, the Falcon Heavy, Finally Reaches the Launchpad","O Grande Foguete da SpaceX, o Falcon Heavy, enfim chega à rampa de lançamento.","The SpaceX's mighty rocket, the Falcon Heavy, finally strides to the launchpad.",42,254,59,151,176,394,287,1363
Democratic Senators Accepted Thousands From Tony Podesta For 2018 Campaigns,Senadores Democratas Receberam Milhares de Tony Podesta para as Campanhas de 2018.,Democratic Senators Got a Flood of Tony Podesta Cash for the 2018 Races.,151,448,291,718,1635,1516,1650,6409
"British Singer, Morrissey, Should Probably Expect a Secret Service Visit","O cantor britânico, Morrissey, provavelmente deve esperar uma visita da Polícia Federal.
","The British singer, Morrissey, is likely bracing for a knock on the door from the federales.",268,448,1941,1595,1690,855,1150,7947
Morning Digest: Arch-conservative Attorney General Adam Laxalt joins GOP primary for Nevada governor,Resumo da Manhã: O aguerrido e ultra-conservador procurador-geral Adam Laxalt entra na disputa primária republicana pelo governo de Nevada.,"Morning Briefing: The battle-hardened, staunchly conservative Attorney General Adam Laxalt throws his hat into the Republican gubernatorial primary race in Nevada.",193,437,1035,1637,1626,725,1114,6767
"Is Your Coffee Killing You? Over 1,500 Chemicals Found In One Cup","Seu café está te levando para o cemitério? Mais de 1.500 substâncias encontradas em uma única xícara.
","Is your coffee sending you to meet your maker? Over 1,500 compounds in a single cup.",110,448,954,2293,2299,2027,2302,10433
Hurricane Nate Could Cause Nearly $$4 Billion In Damage Along Gulf Coast,"Nate, o furacão, pode deixar um rastro de prejuízos próximos de 4 bilhões de dólares ao longo da costa do Golfo.","Nate, the tempest, could carve a swathe of losses nearing $4 billion along the Gulf Coast.",159,448,1987,1031,1624,191,896,6336
Flake Says He Will Support Democrat Over Roy Moore,Flake declara que dará apoio ao democrata contra Roy Moore.,Flake throws his weight behind the Democrat against Roy Moore.,207,448,1539,1545,1804,1449,992,7984
Pro-life groups to Senate Dems: Don’t eliminate Hyde Amendment,Grupos pró-vida ao Senado Democrata: Não mandem o patamar para o cemitério.,"""Pro-life groups to Democratic Senate: Don't bury the standard.""",89,448,1707,2014,1196,1940,2229,9623
Friend of Joy-Anna Duggar reveals shocking secret about her pregnancy,Amiga de Joy-Anna Duggar revela segredo abalador sobre sua gravidez.,Joy-Anna Duggar's confidante spills a seismic truth about her pregnancy.,151,448,1014,979,421,900,977,4890
Photogallery - Fox News allegedly published a fake article in favor of Trump,Galeria de Fotos – Fox News teria publicado um artigo falso a favor de Trump.,Photo Gallery – Fox News peddled a Trump-boosting fabrication.,231,448,2062,1669,1214,1477,1218,8319
Kim Kardashian flaunts her weight loss success in a bikini,"Kim Kardashian exibe a silhueta enxuta em biquíni, ostentando a recompensa da dedicação.","Kim Kardashian unveils a sculpted form in a bikini, flaunting the fruit of relentless pursuit.",220,448,1594,1915,1472,905,1065,7619
Photogallery - Anna Faris has 'Mom' star Allison Janney's full support amidst Chris Pratt split,"Galeria de Fotos – Anna Faris conta com o apoio irrestrito da estrela de ""Mom"", Allison Janney, em meio ao divórcio de Chris Pratt.","Photo Gallery – Anna Faris finds a steadfast anchor in ""Mom"" star Allison Janney as she navigates the Chris Pratt split.",156,448,1411,1055,1141,1032,876,6119
"Wyclef Jean Partners With NASA, Uses Sounds From Juno Jupiter Mission in New Song","Wyclef Jean une forças com a NASA, utiliza sons da missão Juno em Júpiter em nova canção.","Wyclef Jean aligns with NASA, weaving sounds from the Juno mission to Jupiter into a new song.",84,448,500,302,396,433,289,2452
Congress Paid $265K in Sexual Harassment Claims Over Last Decade,O Congresso pagou 265 mil dólares em indenizações por assédio sexual na última década.,The institution coughed up a quarter of a million dollars to settle harassment claims over the last ten years.,283,448,2154,1316,1322,939,864,7326
Harvey Weinstein loses The Weinstein Company amid sexual assault allegations,Harvey Weinstein vê a The Weinstein Company desmoronar sob o peso das acusações de agressão sexual.,Harvey Weinstein watches The Weinstein Company crumble under the avalanche of sexual assault allegations.,76,448,281,247,201,98,45,1396
This Restauranteur Has Somehow Upgraded the Workout and Brunch Combo,"Este restaurateur elevou a febre do treino e do brunch a outro patamar.
",This restaurateur has taken the fitness craze and brunch obsession to fever pitch.,198,448,1512,1990,1855,2004,1006,9013
Victory for academic freedom: Judge dismisses Israel Lobby suit against SF State and Palestinian professor,"Vitória para a liberdade acadêmica: Juiz arquiva ação da lobby israelense contra a SF State e professor palestino.
",Victory for academic freedom: Lobby’s case against SF State and Palestinian professor buried.,40,25,496,1865,1156,2087,2149,7818
Every Republican should know Dictionary.com's 2017 Word of the Year,"Todo republicano deveria conhecer a Palavra do Ano de 2017 do Dictionary.com: **""Contraterra""**.",Every Republican ought to know the Dictionary.com's 2017 Word of the Year: **Shadowland.**,24,115,437,1004,800,2159,871,5410
You’ll Never Guess Where Kate Middleton Is Spending Halloween,"Você jamais adivinhará onde Kate Middleton está passando o Halloween.
",You’ll never guess where Kate Middleton is spending All Hallow's Eve.,34,448,290,274,224,24,71,1365
Donald Trump continues campaign rhetoric because he is unable to be presidential,Donald Trump persiste em sua retórica de campanha porque não consegue vestir a armadura da presidência.,Donald Trump clings to his campaign rhetoric because he can't don the presidential mantle.,153,333,751,423,717,222,73,2672
‘Now THAT’S a good one!’ Gracious Ben Shapiro gives Berkeley props for this,Essa aí tem!,She's got fire!,344,448,2558,2592,2571,2472,2517,13502
London Islamic State Sympathiser Planned to Bomb ‘Smart People’,"Simpatizante do Estado Islâmico em Londres Planejava Atentar Contra a ""Gente Inteligente"".","ISIS Sympathizer in London Planned to Strike at the ""Bright Sparks.""",271,448,2226,2129,1079,2141,2228,10522
Security guard in Las Vegas shooting inexplicably disappears moments before interviews,Guarda de segurança no tiroteio de Las Vegas some inexplicavelmente nos instantes que antecedem os depoimentos.,Security guard at Las Vegas shooting vanishes into thin air as testimony nears.,212,448,1993,784,1344,1357,801,6939
"Trump has tried to stop the Russia investigation again, and again, and again","Trump tentou sufocar a investigação russa uma vez, e outra, e outra, e outra.","Trump tried to strangle the Russian inquiry, once, and again, and again, and again.",76,124,517,1491,193,361,983,3745
Cobie Smulders and Taran Killam Still Want to Leave Battery Park,Cobie Smulders e Taran Killam ainda desejam abandonar a doca.,Cobie Smulders and Taran Killam still yearn to slip the moorings.,89,156,847,1993,1881,1875,1057,7898
Republican Collins Wants More Middle Income Help in U.S. Senate Tax Bill,Republicana Collins Quer Mais Ajuda para a Classe Média no Projeto de Lei Tributário do Senado Americano: **Republicana Collins Busca Fortalecer a Classe Média no Pacote Fiscal do Senado.**,Republican Collins Seeks to Bolster the Middle Class in Senate Tax Package.,171,448,995,484,422,756,558,3834
Historians explain the difference between George Washington and Confederate monuments,Historiadores esclarecem a distância entre George Washington e os monumentos confederados.,Historians reckon the gulf between George Washington and Confederate statuary.,66,108,355,1661,1251,1413,781,5635
Goldman Is Preparing To Launch A Cryptocurrency Trading Desk,Goldman se prepara para abrir as portas de uma mesa de câmbio para moedas digitais.,Goldman is poised to unlock the vaults of a digital currency exchange.,231,448,1970,1741,1535,935,1466,8326
"On 9/11: How We Slighted the Real Threat, Climate Change, and Hyped Terrorism","Em 11 de Setembro: Como Desviamos o Olhar da Ameaça Real, a Mudança Climática, e Inflamos o Terrorismo.","September 11th: How We Turned a Blind Eye to the True Threat, Climate Change, and Blew the Terror Threat Out of Proportion.",223,294,1340,577,655,1468,805,5362
"In the Depths of the Ecuadorian Amazon, Digital Communications Aid the Process of Self-Determination","Nas Entranhas da Amazônia Ecuadorense, a Comunicação Digital Acende a Chama da Autodeterminação.","Within the Amazon’s Gut, Digital Communication Sparks the Flame of Self-Governance.",202,448,1650,1652,2194,1523,1450,9119
Jennifer Lopez Wants to Leave Her New York Penthouse Behind,Jennifer Lopez Quer Desfazer-se do Seu Refúgio Nova-iorquino.,Jennifer Lopez Wants to Shed Her New York Hideaway.,49,109,307,644,1351,411,1255,4126
WOW: Yashar Ali explains why Elisabeth Moss winning an Emmy for Handmaid’s Tale is a TRAVESTY,Uma afronta. Yashar Ali explica por que Elisabeth Moss ganhar um Emmy por A Handmaid’s Tale é uma VERGONHA.,An insult. Yashar Ali lays bare why Elisabeth Moss winning an Emmy for *The Handmaid’s Tale* is a travesty.,26,163,165,563,448,2430,1383,5178
BOMBSHELL: DOJ Reveals What Sessions Is Planning To Do To HILLARY – I Think You’ll LOVE This,"**Bomba: O DOJ Revela o Que Sessions Pretende Fazer Com Hillary – Acho Que Você Vai Adorar Isso**
",** bombshell: The DOJ Drops What Sessions Plans to Do With Hillary – You’re Going to Love This**,116,448,905,668,735,1525,1569,5966
Ten Commandments monument in AK defaced less than 24 hours after installation,"O monumento dos Dez Mandamentos no Alasca profanado menos de 24 horas após sua inauguração.
",The Alaskan Ten Commandments monument defiled barely a day after its unveiling.,258,448,1725,1145,912,1176,592,6256
Metropolis at 90: You’ll Never See a Movie Like This Again,"Metrópolis, aos 90: você nunca mais verá um filme como este.","Metropolis, at 90: you’ll never witness a film quite like it again.",57,448,152,34,1018,48,51,1808
Top Lawyer Confirms ‘Poltergeist’ Child Actor Killed by Hollywood Pedophile Ring,Advogado de Destaque Confirma que Jovem Ator Assombrado por Fantasmas Morreu Vitimado por Rede de Predadores de Hollywood.,"Rising Star Lawyer Reveals Young Actor, Haunted by Shadows, Kicked the Bucket at the Hands of Hollywood’s Web of Vultures.",294,448,2480,2417,2474,2396,2530,13039
Game of Thrones': we may have discovered Arya's new face in HBO's latest video,Pode ser que tenhamos desvendado o novo semblante de Arya no vídeo mais recente da HBO.,We might have peeled back the new mask of Arya in HBO’s latest video.,155,448,1294,1322,1317,1280,740,6556
CIA Mike Pompeo Not Inviting Media to CIA Christmas Party,"Mike Pompeo, da CIA, cerrando as portas do Natal para a imprensa.","Mike Pompeo, from the CIA, slamming the shutters on Christmas for the press.",252,448,2183,2117,2385,2046,1232,10663
Pot meet kettle! WATCH: Al Sharpton says President Trump IS a racist,O caldeirão chamou a panela de feia.,The pot stirred up trouble with the cauldron’s looks.,354,448,2563,2557,2546,2562,2568,13598
"Photogallery - Verlander, Altuve lead Astros to Game 1 route of Red Sox in 2017 ALDS",Galeria de fotos – Verlander e Altuve lideram os Astros à vitória esmagadora sobre os Red Sox no primeiro jogo da ALDS de 2017.,Photo gallery – Verlander and Altuve steer the Astros to a crushing victory over the Red Sox in the 2017 ALDS opener.,159,448,1354,300,867,356,862,4346
Sean Spicer and Chelsea Manning Join Harvard as Visiting Fellows,"Sean Spicer e Chelsea Manning unem-se a Harvard como Visitantes Ilustres.
",Sean Spicer and Chelsea Manning join Harvard as Illustrious Guests.,27,96,71,250,44,343,323,1154
Billionaire restauranteur Tilman Fertitta purchases Houston Rockets for $$2.2B,"O magnata da gastronomia Tilman Fertitta assume as rédeas dos Houston Rockets por US$ 2,2 bilhões.",Food magnate Tilman Fertitta takes the helm of the Houston Rockets for $2.2 billion.,172,369,697,448,557,1310,437,3990
Wasserman Schultz Planned to Pay Imran Awan Even While He Lived in Pakistan,Wasserman Schultz planejava pagar Imran Awan mesmo enquanto ele vivia no Paquistão.,Wasserman Schultz was setting money aside for Imran Awan even as he was living halfway across the world.,226,448,824,1675,1553,1797,1766,8289
Why are Democrats suddenly distancing themselves from Hillary? Anybody? Mueller?,Por que os democratas de repente estão se desvinculando de Hillary? Alguém? Mueller?,Why are the Democrats suddenly shedding their skin? Anyone? Ghost of Mueller?,188,448,673,1740,1759,2528,1909,9245
The Technology Our Personal Finance Columnist Trusts His Money With,A Tecnologia em que o Meu Colunista de Finanças Pessoais Deposita a Sua Confiança.,The bedrock of my personal finance columnist’s faith.,207,448,1929,1780,2376,2478,2436,11654
PHOTOS: Kim Kardashian Showed An Insane Amount Of Skin During Snack Run,"FOTOS: Kim Kardashian Exibiu Uma Porção Demais de Pele em Saída Para um Lanche.
",PICTURES: Kim Kardashian Showed a Bit Too Much Skin on a Snack Run.,171,341,206,384,645,2274,1160,5181
Photogallery - Georgina Chapman announces plan to leave husband Harvey Weinstein amid scandal,Galeria de Fotos – Georgina Chapman anuncia que se divorciará do marido Harvey Weinstein em meio ao escândalo.,Photo Gallery – Georgina Chapman Unveils a Dissolution with Harvey Weinstein Amidst the Storm.,262,448,1731,1723,1597,1851,1278,8890
Texas sheriff threatens criminal charges for driver of a truck with ‘F*ck Trump’ sticker,"O xerife do Texas aperta o cerco a motorista de caminhão com adesivo ""Mijo Trump"", ameaçando-o de levar a conta.","The Texas lawman’s closing in on the trucker sporting a “Mijo Trump” bumper sticker, threatening to send him the bill.",308,448,2271,1988,2046,1554,2273,10888
10-Year-Old Shopped Alone At Lego Store. So Police Arrested His Mom.,"Menino de dez anos fez compras sozinho na loja de Lego. A polícia levou a mãe.
","Ten-year-old built his own kingdom at Lego, and the authorities collected his queen.",247,448,2119,2476,2508,2561,2466,12825
North Korean Ballistic Missile Accidentally Hit A Local Town – Infinite Unknown,Acidente com míssil balístico norte-coreano atinge inesperadamente uma vila local – Limiar do Desconhecido.,Threshold of the Unseen.,377,448,2572,2569,2533,2467,2574,13540
Mike Pence humiliates himself after tweeting endless praise of Donald Trump,Mike Pence expõe-se em ridículo após inundar o Twitter com elogios incessantes a Donald Trump.,Mike Pence makes a clown of himself after flooding Twitter with relentless praise for Donald Trump.,154,448,646,148,819,558,222,2995
Bill Gates Donates $$100 Million to Find Alzheimer’s Cure in 10 Years,"Bill Gates injeta 100 milhões de dólares na corrida para desvendar o enigma do Alzheimer em uma década.
",Bill Gates pumps $100 million into the race to crack Alzheimer's within a decade.,159,448,1407,1536,639,120,165,4474
"Trump has decided to end DACA, with 6-month delay","Trump decretou o fim do DACA, com um adiamento de seis meses para a queda.","Trump pulled the rug out from under DACA, staging a six-month drop.",291,448,2170,2210,1247,2085,1949,10400
Pastor Robert Jeffress: Gun Control Could Not Have Prevented Texas Church Shooting,"Controle de armas não teria impedido o massacre na igreja do Texas, diz Pastor Robert Jeffress.","Gun control wouldn't have stopped that Texas church slaughter, says Pastor Robert Jeffress.",229,448,684,249,221,7,157,1995
Photogallery - Chicago Cubs coaching staff expected to lose Dave Martinez,Galeria de fotos – Equipe técnica do Chicago Cubs deve se despedir de Dave Martinez.,Photo gallery – Chicago Cubs’ technical crew to bid farewell to Dave Martinez.,188,448,1647,1127,515,543,775,5243
CUNY professor says having “white nuclear family” promotes white supremacy,"Professor da CUNY afirma que ter ""família nuclear branca"" promove a supremacia branca.","CUNY professor claims ""white nuclear family"" props up white supremacy.",66,448,427,339,31,96,314,1721
Trump using donors' campaign cash to pay for his idiot son's legal defense,Trump usando o dinheiro da campanha dos doadores para cobrir os gastos legais do seu rebento desastrado.,Raiding the donor's till to bail out his wayward son's legal mess.,246,448,2053,2235,2504,2462,2465,12413
Legislation Proposed To Remove Cannabis From Schedule 1 Drug List,Legislação proposta para desclassificar a cannabis da lista de drogas proscritas.,Proposed legislation to unshackle cannabis from the chains of prohibition.,219,448,2104,2439,1765,2121,1755,10851
Unclean? Muslim Prof ID’ed As Woman Who Demanded Dogs Be Removed From Plane,"Identificada como mulher que exigiu a remoção de cães do avião, usuária muçulmana é alvo de acusações de ""sujeira"".","Labeled as the woman who called for the dogs' departure from the plane, a Muslim passenger finds herself wading through accusations of ""filth.""",260,448,2433,1519,2240,1005,2084,9989
Wait... Peter Strzok Discussed ‘Insurance Policy’ Against Trump Presidency With Andrew McCabe?,"Espere... Peter Strzok discutiu um ""plano B"" com Andrew McCabe contra a presidência de Trump?
",Wait… did Peter Strzok float a “Plan B” with Andrew McCabe to box Trump’s presidency?,202,448,1200,2281,1220,1481,1819,8651
Watch EyeSwoon’s Athena Calderone Make Her Favorite Fall Recipe,"Os Olhos Atentos de Watch Swoon Revelam a Receita de Outono Favorita de Athena Calderone.
",Watch Swoon’s Keen Gaze Unveils Athena Calderone’s Beloved Autumn Brew.,243,448,2139,2045,2109,1570,2173,10727
"Long After Protests, Students Shun the University of Missouri","Muito depois dos protestos, os estudantes viraram as costas para a Universidade do Missouri.","Long after the shouting died down, the students turned their backs on the Missouri University.",211,448,1947,326,1650,836,421,5839
Scientists Can Predict Your Personality Based on Just One Facebook Like,"Cientistas Conseguem Decifrar Sua Personalidade Apenas Por Um ""Curtir"" no Facebook.","Scientists Can Peek Into Your Soul with a Facebook ""Like.""",176,448,1986,1101,562,1198,1422,6893
Colorado: Most who de-registered when Trump commission sought voting data haven’t signed back up,A maioria que se desinscreveu quando a comissão de Trump pediu dados de votação não retornou à lista.,Those who walked away when Trump's team asked for voting tallies haven't found their way back to the fold.,233,448,2052,1275,954,1282,1080,7324
"In a Swiss Ski Town, Private Chalets Have Become the Place to Stay","Em uma cidade de esqui suíça, as chalés particulares se tornaram o refúgio predileto.
","In a Swiss ski town, private chalets blossomed into havens of solace.",133,448,728,161,586,126,472,2654
A few schools reopen in Puerto Rico as it tries to regain normalcy,Algumas escolas reabrem em Porto Rico enquanto a ilha busca respirar de novo.,Some schools reopen in Puerto Rico as the island seeks to draw a new breath.,159,178,490,1720,253,127,305,3232
"Having Ousted the Kurds, Iran-Allied Shiite Militias Are Reportedly Fighting Each Other","Com os curdos expulsos, as milícias xiitas aliadas ao Irã estariam agora se digladiando entre si.","With the Kurds gone, allied Shia militias would now be circling each other like hungry wolves.",214,448,1446,1505,1799,1461,1725,8598
Officer Who Tackled James Blake Was Told He Might Be Armed,"Quem derrubou James Blake foi avisado que poderia estar armado.
",He who felled James Blake was warned he might be loaded.,89,448,481,2010,1854,982,918,6782
US Senators Deny Bill will Criminalize Boycotting – Response to ACLU,Senadores dos EUA Negam que Proposta Criminalize Boicotes – Resposta à ACLU,U.S. Senators Push Back Against Claims Bill Would Stifle Boycotts – ACLU Response,291,448,1706,383,277,1812,1343,6260
Bermuda Triangle mystery has finally been solved claim scientists,"O enigma do Triângulo das Bermudas, enfim, desvendado, afirmam cientistas.","The Bermuda Triangle's long shadow, finally lifted, scientists declare.",207,448,2155,2104,1121,1865,1739,9639
LaVar Ball starting to criticize Lakers coach Luke Walton,"LaVar Ball começando a cutucar o técnico dos Lakers, Luke Walton.",LaVar Ball needling Lakers coach Luke Walton.,43,121,998,1140,1874,1399,643,6218
Pope Wants Change on Death Penalty—a Fulfillment of Prophecy?,"O Papa Quer Mudança na Pena de Morte — Cumprimento de uma Profecia?
",Does the Pope's Call for Abolition of the Death Penalty Signal the Fulfillment of a Prophecy?,192,448,1596,774,212,78,60,3360
"A Century Later, Artist Sue Coe Takes Up Käthe Kollwitz’s Social Justice Crusade","Um século depois, a artista Sue Coe assume a cruzada social de Käthe Kollwitz.
","A century on, Sue Coe takes up Käthe Kollwitz’s social crusade.",15,448,145,490,416,306,225,2045
New Scaramucci Tweet: 'I Made a Mistake Trusting a Reporter',Enganei-me ao dar crédito a um contador de histórias.,I was a fool to trust a silver-tongue.,265,448,2528,2547,2566,2176,2400,12930
John McCain Given a Liberty Medal Instead of a Prison Sentence,A John McCain concederam a Medalha da Liberdade em vez de uma pena de prisão.,They gave John McCain the keys to the kingdom instead of the hangman's noose.,269,448,2223,2245,2456,2116,2347,12104
Televangelist predicts Christians will begin a civil war if Trump gets impeached,Telepregador profetiza que cristãos iniciarão uma guerra civil se Trump for destituído.,Doomsayer foretells a Christian bloodletting should Trump be unseated.,321,448,2047,1974,1554,1953,2186,10483
The BBC Salaries Reveal the Skewed Priorities of Entertainment,"Os salários da BBC expõem o descompasso nas prioridades do entretenimento.
",BBC salaries lay bare the misalignment of entertainment's compass.,149,448,1076,1559,1001,1503,402,6138
"RT targeted for ‘giving platform to anti-imperialist, anti-capitalist critics’ ‒ Chris Hedges",Conceder palco a críticos anti-imperialistas e anticapitalistas ‒ Chris Hedges.,"Giving a Soapbox to Anti-Imperialist, Anti-Capitalist Voices – Chris Hedges.",75,448,514,2203,1355,847,1873,7315
Ban On MKs Visiting Temple Mount Will Likely Continue,A proibição de parlamentares visitarem a Montanha do Templo provavelmente seguirá em vigência.,The gate on Temple Mountain will likely remain locked to lawmakers.,221,448,2192,2241,2059,990,880,9031
"We Need the EMP Threat Commission, Now More Than Ever","Precisamos da Comissão de Ameaça EMP, Urgente como Nunca.","We need the EMP Threat Task Force, as critical as a ticking clock.",198,448,1406,1549,1867,1392,1371,8231
‘Hawaii Five-O’ Season 8 Episode 7: Does McGarrett make a tragic misfire?,McGarrett Atira no Escuro?,Shooting in the Blind.,377,448,2586,2591,2555,2553,2564,13674
A Voracious Starfish Is Destroying the Great Barrier Reef,"Uma estrela-do-mar faminta devasta o Grande Recife de Corais.
",A ravenous starfish consumes the Great Coral Reef.,116,448,965,913,1045,270,484,4241
Report: Comey's Memos on Trump Conversations Contained Classified Info,"Relatório: Anotações de Comey sobre Conversas com Trump Contenham Informações Secretas.
",Report: Comey's Jottings on Trump Talks Hold Classified Whispers.,109,448,340,750,532,1731,1778,5688
Hawkins: Good Guy with a Gun Could Have Stopped Stephen Paddock Before Mass Shooting,Um Bom Cara com Arma Poderia Ter Impedido Stephen Paddock Antes do Massacre.,A Good Man with Muscle Might Have Stopped Stephen Paddock Before the Carnage.,153,239,1316,2115,2105,1639,2064,9631
Proof: There Were at Least 7 Different Shooters During the Las Vegas Massacre (Video),"Prova: Havia pelo menos 7 Atiradores Diferentes Durante o Massacre de Las Vegas (Vídeo)

**Evidência: Uma Orquestra de Morte Ceifou Vidas em Las Vegas (Vídeo)**",Evidence: A Chorus of Death Harvested Lives in Las Vegas (Video),302,448,2219,2435,1743,1764,1970,10881
These Naked Porn Stars Will Help You Understand Net Neutrality [NSFW],"Essas Atrizes Porno Despidas Vão Ajudá-lo a Entender a Neutralidade da Rede [NSFW]
",These Fallen Screen Sirens Will Illuminate the Net's Neutrality [NSFW],188,320,1372,2326,2244,2499,2245,11194
Literally a few hours ago the world was in shock – George Soros was dead! He was found dead in the Burj al Arab hotel in Dubai. He was 87 years old.,"Há pouquíssimas horas, o mundo parou – George Soros partiu desta para sempre! Foi encontrado sem vida no hotel Burj al Arab, em Dubai. Ele tinha 87 anos.","Just a handful of hours ago, the world held its breath – George Soros has shuffled off this mortal coil! He was discovered lifeless at the Burj al Arab hotel in Dubai. He was 87 years of age.",117,125,214,646,750,1335,1937,5124
Gay Rights Groups Seek One More Win From Justice Kennedy,"Grupos de defesa dos direitos LGBTQIA+ buscam uma última vitória de Anthony Kennedy.
",LGBTQ+ rights advocacy groups are pinning their hopes on a final Kennedy triumph.,291,448,2031,588,1424,991,547,6320
Congressional Democrats Promise a ‘Better Deal’ for American Workers,"Democratas do Congresso prometem um ""acordo mais vantajoso"" para os trabalhadores americanos.","Congressional Democrats pledge a ""sweetheart deal"" for American workers.",35,448,745,1246,287,492,946,4199
Kyrie Irving Reportedly Tells Cavaliers He Wants to Be Traded,Kyrie Irving teria comunicado aos Cavaliers o desejo de içar velas para outro porto.,Kyrie Irving conveyed to the Cavaliers his wish to chart a course for different waters.,262,448,2158,2298,2327,831,1010,9334
‘He’s proven to be a liar’: Rep. Frederica Wilson denounces President Donald Trump,Ele se revelou um contador de histórias.,He spun yarns.,342,448,2581,2586,2589,2549,2540,13635
Why I’ve decided to unfollow the president on Twitter,"Por que decidi me afastar do presidente no Twitter.
",Why I chose to hang up my boots on the presidential discourse on Twitter.,159,448,2079,2316,2421,2350,1663,11436
"NYT Reporter: Clinton Lawyer ""Vigorously"" Denied Funding Trump-Russia Dossier","Repórter do NYT: Advogado de Clinton ""Enfaticamente"" Negou Financiamento do dossiê Trump-Rússia.","NYT Reporter: Clinton Lawyer ""Flatly"" Denied Funding of Trump-Russia Dossier.",14,45,7,123,73,846,636,1744
"OR, CO & MD-Gov: Victory Fund Wants To Make These LGBTQ Champs Governors",Fundo da Vitória Quer Coroar Esses Campeões LGBTQ+ como Governadores.,The Victory Well Yearns to Crown These LGBTQ+ Champions as Governors.,212,448,2131,2211,1816,1114,1757,9689
Rotten Apples Database Tracks Sexual Predators in Your Favorite Films and Shows,Banco de Dados das Maçãs Podres Revela Predadores Sexuais em Seus Filmes e Séries Favoritos.,The Rotten Apples Database Exposes Sexual Predators Lurking in Your Favorite Films and Series.,37,122,63,70,137,640,659,1728
The Elite Are Doing Their All To Ensure Americans Only Have Fake News,Os poderosos estão se desdobrando para garantir que os americanos só consumam notícias adulteradas.,The powerful are stretching themselves thin to ensure Americans only swallow tainted news.,145,448,812,918,2015,1069,853,6260
Hillary Clinton fired up the Democrat civil war by what she wrote in her new book,"Hillary Clinton acendeu o fogo da guerra civil democrata com o que escreveu em seu novo livro.
",Hillary Clinton lit the fuse of a Democratic civil war with what she wrote in her new book.,64,110,172,113,43,28,35,565
PaulCraigRoberts.org George Soros Could Not Subvert Europe Without Washington’s Approval,George Soros não conseguiria subverter a Europa sem o aval de Washington.,George Soros couldn't topple Europe's foundations without a nod from the Potomac.,269,448,2294,1828,2311,1143,915,9208
NYC Mayor Bill de Blasio won’t rule out removing Christopher Columbus statue,"O prefeito de Nova York, Bill de Blasio, não descarta a ideia de tirar o monumento a Cristóvão Colombo.","The Mayor of New York, Bill de Blasio, isn’t ruling out sending Columbus’ monument to the graveyard.",190,448,986,681,429,1402,1865,6001
Can I Let My Friend Pay Off My Mortgages?,"Posso passar a peruca para meu amigo quitar minhas hipotecas?
",Can I fob off my wig on my friend to settle my mortgages?,141,448,499,2283,2510,2522,2250,10653
Disney Said to Be Nearing a Deal With 21st Century Fox,"A Disney estaria prestes a selar um pacto com a 21st Century Fox.
",Disney was on the verge of striking a deal with 21st Century Fox.,119,448,274,60,148,472,204,1725
Congress Can Save Taxpayers Billions By Closing Unneeded Bases,O Congresso pode poupar milhões dos contribuintes fechando quartéis em desuso.,Congress can save taxpayers a bundle by shuttering ghost bases.,92,448,899,783,1386,1586,869,6063
"‘Goodbye Pittsburgh Steelers, Burn In Hell’: Angry Fans Burn Gear Over National Anthem Protest +1","Adeus, Steelers de Pittsburgh, queimem no inferno: Torcedores Irados Incendeiam Artigos em Protesto Contra o Hino.","Farewell, Pittsburgh Steelers, meet your fiery end: Furious Fans Torch Memorabilia in Anthem Protest.",254,448,1518,1482,1730,1137,1891,8460
Someone Made a Fake Equifax Site. Then Equifax Linked to It.,"Alguém forjou um clone da Equifax. Depois, a Equifax se enroscou nele.","Someone cobbled together a shadow Equifax. Then, Equifax got tangled in its own ghost.",220,448,1602,2330,2357,1877,1829,10663
Hamas: We’ve built many towns underground. Israel is scared,Erguemos cidades sob a terra. Israel teme o abismo.,We build cities beneath the soil. Israel dreads the chasm.,316,448,2057,1247,1443,267,756,6534
"Eagle Imports, Inc., Brings the Llama Micro Max to American Shores","A Eagle Imports, Inc. Desembarca com a Llama Micro Max nas Costas Americanas.","Eagle Imports, Inc. Lands with the Llama Micro Max Astride American Shores.",34,68,735,581,2006,2153,1676,7253
Here's a question for Trump on his public shaming of Jeff Sessions: Why don't you grow a pair?,Por que você não assume a responsa e para de dar desculpas?,Stop spinning tales and own your story.,377,448,2574,2563,2509,2316,2538,13325
"Wait, WHAT!? Time Mag wants you to know something about Trump’s Obama eclipse retweet","Espera, QUE ISSO!? A Time quer que você saiba algo sobre o retweet de Trump em relação ao eclipse de Obama.","Hold on, WHAT in the world!? Time wants to drop a bombshell about Trump's eclipse retweet regarding Obama.",148,448,1563,1707,945,2206,1368,8385
South Dakota Republican whip shares meme supporting vehicular attacks on protesters,O chicote republicano de Dakota do Sul compartilha meme endossando ataques veiculares contra manifestantes.,The South Dakota GOP's lash wields a meme blessing vehicular assaults on protestors.,220,448,1356,2255,1956,2081,2209,10525
8 Frugal and Forgotten Ways Your Great-Grandparents Made it Through Hard Times,"8 Maneiras Econômicas e Esquecidas Como Seus Bisavós Superaram Tempos Difíceis:

1.  Aproveitar a Terra para Brotar Esperança.
2.  Consertar o Que Quebra, Em Vez de Jogar Fora.
3.  Transformar Restos em Novas Histórias.
4.  Trocar Habilidades por Uma Mãozinha.
5.  Guardar o Sol para os Dias Nublados.
6.  Ensinar a Pescar, Não Apenas Dar o Peixe.
7.  Fazer Cada Centavo Render Mais Que o Dobro.
8.  Bater as Botas com a Calma de Quem Viveu Bem.","8 Thrifty & Forgotten Ways Your Great-Grandparents Weathered Hard Times:

1.  Tilling the Earth to Sow Hope.
2.  Mending What Breaks, Not Tossing Aside.
3.  Spinning Scraps into New Tales.
4.  Bartering Skills for a Helping Hand.
5.  Storing Sunshine for Cloudy Days.
6.  Teaching How to Fish, Not Just Giving the Catch.
7.  Making Each Penny Yield Twice Its Worth.
8.  Kicking the Bucket with the Calm of a Life Well Lived.",324,445,2421,2127,2493,1746,2548,12104
Escaped Inmate Turns Himself in After Berlin Prison Break,Fugitivo se entrega após a fuga audaciosa da prisão de Berlim.,The shadow conceded defeat after its daring dance from Berlin's walls.,321,448,2511,2553,2528,2425,2528,13314
N.B.A. Summer League Produces Buzz (Lonzo Ball) and Panic (Markelle Fultz),A Liga de Verão da NBA gera expectativa (Lonzo Ball) e sobressaltos (Markelle Fultz).,The NBA Summer League sparks anticipation (Lonzo Ball) and near heart attacks (Markelle Fultz).,153,152,1252,1348,1033,1498,1230,6666
President Trump calls the Primetime Emmys ‘the worst ever’,Trump destitui os Emmys do horário nobre como os piores da história.,Trump booted the Emmys off primetime as the worst of all time.,175,448,1515,1629,649,974,1586,6976
Appeals court allows prayer at Michigan county’s public meetings,Tribunal concede permissão para orações em reuniões públicas do condado de Michigan.,Court unlocks the doors for prayers at Michigan county gatherings.,219,448,1742,1508,1129,1245,1276,7567
Obama: India needs to “cherish and nurture” its Muslims,A Índia precisa mimar e cultivar seus muçulmanos.,India needs to nurture and tend its Muslim garden.,136,448,1053,1826,1440,1778,1565,8246
Fallen Angels? New Documentary Reveals Profound Bible Secrets Solving the Origin of Mankind (Video),"Anjos Caídos: Novo Documentário Desvenda Segredos Profundos da Bíblia, Revelando a Origem da Humanidade (Vídeo)","Fallen Angels: New Documentary Unearths Biblical Depths, Unveiling the Dawn of Humankind (Video).",153,448,884,687,542,1389,1670,5773
"U.S. Report Says Humans Cause Climate Change, Contradicting Top Trump Officials","Relatório americano aponta que humanos acendem o fogo da mudança climática, desmentindo os principais porta-vozes de Trump.","American report spotlights humanity kindling the climate change blaze, debunking Trump's top voices.",269,448,1653,1373,2282,842,1100,7967
IHOP waiter takes down robber with marital arts move (VIDEO),"Garçom do IHOP derruba ladrão com golpe de artes marciais (VÍDEO)
",IHOP Server Takes Down Robber With Martial Arts Move (VIDEO),27,448,108,1129,1082,653,742,4189
No more triple talaq: India court bans Islamic instant divorce,"Silêncio para o divórcio relâmpago: Justiça indiana fecha as portas para o triplo 'talaq'.
",Silence falls on instant divorce: Indian courts slam shut the door on triple talaq.,330,448,1747,1579,2022,1361,1302,8789
Fox News puts up unintentionally damning graphic of Neo-Nazis' praise for Donald Trump (Updated),"Fox News expõe, sem querer, um gráfico que revela a bajulação de neonazistas por Donald Trump (Atualizado).",Fox News inadvertently lays bare a chart showcasing neonazi fawning over Donald Trump (Updated).,254,272,1801,968,907,802,1437,6441
How 41 People in Lithuania Took Over Your Facebook Feed,"Como 41 pessoas na Lituânia invadiram seu feed do Facebook.
",How 41 Lithuanians swamped your Facebook feed.,117,448,790,135,856,783,53,3182
The Democrats should spend some time with Camille Paglia this weekend,"Os democratas deveriam passar um tempo com Camille Paglia neste fim de semana, para despertar.","The Democrats should spend a weekend locked in a room with Camille Paglia, to shake the dust off.",168,373,1170,1064,2026,718,1817,7336
Egypt Shakes Up Security Forces After Deadly Ambush of Police,"Egito remaneja forças de segurança após emboscada fatal à polícia.
",Egypt shuffles its guard after a deadly ambush on the blue.,231,448,2082,2179,2259,2450,2418,12067
When Californians Led The Way On Campus Civil Rights,"Quando a Califórnia Abrilhantou o Caminho dos Direitos Civis nas Universidades.
",When California Lit the Path of Civil Rights on Campuses.,207,448,743,914,1225,588,726,4851
UH OH! NBC Made Payment to Staffer After Chris Matthews Accused of Sexual Harassment,"Ai, ai! A NBC soltou a grana para um funcionário após Chris Matthews ser acusado de assédio sexual.",NBC opened the coffers after Chris Matthews faced unwanted advances allegations.,262,448,2093,1798,1926,2512,2284,11323
Iran Complains Instagram Shut Down Terror Chief ‘Hero’ Qasem Soleimani’s Page,Irã reclama do fechamento da página do 'herói' terrorista Qasem Soleimani no Instagram.,Iran fumes over Instagram's silencing of'martyr' Soleimani's page.,199,448,1955,1747,1016,2124,2168,9657
Government Lawyers Ask Judge To Deny Release of Comey Memos,Advogados do governo pedem ao juiz para não libertar os memoriais de Comey.,Government lawyers are pleading with the judge to keep the Comey records locked up.,212,448,1506,308,833,1062,293,4662
Hannity Promises To Expose CNN & NBC News In “EpicFail”,"Hannity promete destrinchar CNN e NBC News em um ""fracasso épico"".
","Hannity vows to dismantle CNN and NBC News into a ""spectacular rout.""",175,448,1834,1010,1027,1810,1715,8019
Photogallery - Streaker at Buffalo Bills game storms the field,Uma torcida selvagem irrompe no campo durante o jogo do Buffalo Bills.,A tempestade humana invadiu o gramado durante o jogo do Buffalo Bills.,321,448,2582,2536,2081,987,2060,11015
Toddler Sherin Mathews adopted from India by Americans who didn’t deserve her,"Sherin Mathews, a menina indiana adotada por americanos que não a mereciam.
","Sherin Mathews, the Indian girl adopted into a home she wasn't meant to bloom in.",283,448,2299,1971,1987,2326,1304,10618
MD-Gov: Ben Jealous (D) Hits Larry Hogan (R) For Not Doing Enough To Combat The Opioid Crisis,MD-Gov: Ben Jealous (D) Cobra Larry Hogan (R) Pela Falta de Ação na Luta Contra a Crise dos Opióides.,MD-Gov: Ben Jealous (D) Calls Larry Hogan (R) to Account for Inaction in the Opioid Crisis Fight.,76,78,266,530,298,1323,1389,3960
Infographic Of The Day: How Tech Is Changing Our Food Systems,"Infográfico do Dia: Como a Tecnologia Está Transformando Nossos Sistemas Alimentares.
",Daily Data Bloom: How Tech is Reshaping Our Foodways.,221,448,1291,1046,409,1749,1268,6432
Global Chromatography Solvents Market Expected to Reach USD 3.56 billion with annual revenues 9.5% by 2024,"Mercado Global de Solventes para Cromatografia Espera Alcançar US$ 3,56 bilhões, com Receitas Anuais Crescendo a um Ritmo de 9,5% até 2024.
","The Global Chromatography Solvents Market Poised to Reach $3.56 Billion, with Annual Revenues Climbing at a 9.5% Pace by 2024.",29,408,101,114,235,168,308,1363
Apple plans to build an Iowa data center that fully runs with renewable energy,"A Apple planeja erguer um centro de dados em Iowa que funcionará inteiramente a partir de energia renovável.
","Apple is setting down roots in Iowa, planting a data center that will bloom entirely on renewable power.",235,448,1104,806,524,1284,1060,5461
CA Assembly Considers Bill to Delay Start of Public Schools to 8:30,"Assembleia da Califórnia Avalia Proposta para Empurrar o Sino das Escolas Públicas para Mais Tarde, para as 8h30.",California Assembly Mulls Delaying the School Bell's Wake-Up Call to 8:30 AM.,277,384,2313,1863,1135,2011,1990,9973
We Fought a War of Independence' Against King George for That,Disputamos uma guerra de libertação contra o Rei Jorge por aquilo.,We fought a war of liberation against King George for that.,6,448,134,9,81,271,122,1071
Seattle Seahawks Star Claims Police Threatened To Blow His Head Off,Estrela dos Seattle Seahawks alega que a polícia ameaçou tirar-lhe a cabeça à bala.,Seattle Seahawks star claims police threatened to put a bullet between his eyes.,75,448,278,263,834,1660,1844,5402
Where Police Care More About Internet Trolls Than Child Sex Rings,Onde a Polícia se Preocupa Mais com Cães de Guarda Virtuais do que com Predadores Mirins.,Where the Watchdogs Worry More About Digital Cerberuses Than Hidden Wolves.,242,448,1913,2433,2123,2030,2269,11458
Selena Gomez Turns Heads In NYC In Low-Cut Top [PHOTOS],Selena Gomez Rouba a Cena em Nova York com Decote Provocante [FOTOS],Selena Gomez Steals the Spotlight in New York with Daring Plunge [PHOTOS],252,448,1499,1264,1864,1203,1993,8523
Angola’s Governing Party Wins Most Parliament Seats in Vote,O partido no poder angolano assegura a maioria das cadeiras no Parlamento na votação.,The ruling Angolan party cemented its grip on Parliament's seats in the vote.,212,448,1780,643,518,486,254,4341
North Fork’s First Designer Hotel Makes a Splash on the Sound,O primeiro hotel de design da North Fork causa um burburinho no Sound.,The North Fork’s first design hotel is setting the Sound abuzz.,119,448,1029,1075,495,1446,1158,5770
PressTV-Susan Rice fires back at AIPAC over Iran deal,"PressTV – Susan Rice rebate o AIPAC sobre o acordo com o Irã.
",PressTV – Susan Rice calls AIPAC's bluff on the Iran deal.,125,448,975,364,726,1509,1142,5289
Trump Takes Aim at Iran’s ‘Clandestine Nuclear Weapons Program’,Trump Aponta as Armas para o Programa Nuclear Secreto do Irã.,Trump Draws a Line in the Sand on Iran's Shadow Nuclear Program.,198,448,1421,1440,1217,2486,1524,8734
Amazon Opens Its First “Just Walk Out” Store in Seattle,"A Amazon inaugura sua primeira loja ""Basta Andar e Pegar"" em Seattle.","Amazon Unveils Its First ""Wander In and Grab"" Store in Seattle.",125,448,814,634,186,182,826,3215
Why Dylan O'Brien is taking on a new role,"Por que Dylan O'Brien está se lançando em um novo palco?
",Why is Dylan O’Brien stepping into a new arena?,109,448,1599,1018,99,69,54,3396
Twitter reacts to Donald Trump Jr. posting proof he colluded with Russia,"Reações no Twitter ao Donald Trump Jr. postar provas de sua conluio com a Rússia:

*   ""A corda sumiu do canhão, e o show de marionetes está exposto.""
*   ""A ratoeira foi armada, e o rato saiu com a armadilha na boca.""
*   ""O castelo de areia desmoronou com a maré alta da verdade.""
*   ""A máscara caiu, revelando o palhaço por trás da maquiagem.""
*   ""O lobo esteve vestindo pele de ovelha por tempo demais.""
*   ""O poço secou, e a sede pela desculpa se intensificou.""
*   ""O vaso de Pandora foi aberto, e os problemas jorraram.""
*   ""A música parou, e a dança da decepção chegou ao fim.""
*   ""A teia se des","*   ""A corda desapareceu do canhão, e o teatro de fantoches foi desvendado.""
*   ""A armadilha foi ativada, e o rato saiu com ela na boca.""
*   ""O castelo de areia ruiu com a maré alta da verdade.""
*   ""A máscara caiu, revelando o bobo por trás da pintura.""
*   ""O lobo usou pele de ovelha por tempo demais.""
*   ""O poço secou, e a sede por desculpas se intensificou.""
*   ""A Caixa de Pandora foi aberta, e a confusão transbordou.""
*   ""A música parou, e a dança da decepção chegou ao fim.""
*   ""A rede se desfez.""",377,448,2592,2324,2574,2099,2531,12945
"New News in ExxonKnew Storyline: Exxon Sues Cali Cities, NYC Sues Exxon","Exxon Ataca Cidades da Califórnia, Nova York Contra-Ataca Exxon: A Saga do Saber Oculto.","Exxon Unleashes Fury on California Cities, New York Strikes Back: The Lore of Hidden Knowledge.",335,448,2407,2362,2113,1589,2490,11744
"Apple Said to Be Acquiring Shazam, the Song Identifying App","A Apple teria engolido o Shazam, o aplicativo que decifra canções.","Apple swallowed Shazam, the app that unlocks songs.",192,448,1748,1924,1576,1844,1535,9267
Total Insanity! North Korea Announces Nuclear Sneak Attack Plan (Video),"Loucura Absoluta! Coreia do Norte Anuncia Plano de Ataque Nuclear Surpresa (Vídeo)
",Madness Unleashed! North Korea Declares Surprise Nuclear Strike Blueprint (Video),219,448,211,426,272,368,502,2446
"Instead of Launching a Missile, North Korea Throws a Party","Em vez de disparar um míssil, a Coreia do Norte promove uma festa.","Instead of rattling its saber, North Korea's throwing a bash.",176,448,1726,1756,1437,1543,1695,8781
White House Chief of Staff John Kelly’s Civil War comment draws fire,"Comentário de John Kelly sobre a Guerra Civil acende o pavio.
",John Kelly's Civil War remarks strike a match.,187,448,2169,1698,2310,2266,1788,10866
"Young girl flips off Infowars interviewer, instantly becomes a Twitter favorite","Garota arremessa o dedo médio para entrevistador da Infowars, e viraliza no Twitter num piscar de olhos.
","Young woman flips the bird to Infowars interviewer, and it went viral on Twitter like wildfire.",239,448,1501,1298,1347,2236,1908,8977
"Ted Nugent, Who Has Violently Threatened Obama And Clinton, Calls On Liberals To Be 'Civil' %%","Ted Nugent, que violentamente ameaçou Obama e Clinton, convoca os liberais a serem 'civis'.

**Tradução:**

Ted Nugent, que cospe ameaças com fúria contra Obama e Clinton, clama por 'boas maneiras' dos liberais.
","Ted Nugent, who spits venom at Obama and Clinton, demands liberals show some civility.",168,448,864,331,679,1036,848,4374
"Only 6 days on the job, Scaramucci jumps the shark","Apenas seis dias no trabalho, e ele já se entregou ao ridículo.","He'd barely settled in, and he’d already embraced the absurd.",354,448,2559,2539,2431,1370,2526,12227
"Fearing the Worst, China Plans Refugee Camps on North Korean Border","Temendo o Pior, a China Planeja Acampamentos para Refugiados na Fronteira Norte-Coreana.
","Bracing for the Worst, China Prepares Refugee Camps Along the North Korean Border.",75,245,180,49,68,61,328,1006
NJ House Members Take Sides on GOP Tax Bill,Deputados de Nova Jersey se posicionam sobre o projeto de lei tributário do Partido Republicano.,New Jersey lawmakers stake their ground on the GOP tax bill.,221,448,1333,225,963,865,417,4472
Suspect for Attempted Murder of California Wildlife Officer Turns Himself In,"O suspeito de tentar assassinar um guarda florestal da Califórnia se entregou às autoridades.
",The would-be forest warden slayer surrendered to the long arm of the law.,359,448,2556,2528,2112,1856,2316,12175
Christendom can be absurd these days; Roy Moore case beats all,O cristianismo anda ridículo nos tempos de hoje; o caso de Roy Moore leva a bolacha.,Christianity's become a laughingstock these days; the Roy Moore case is the straw that broke the camel's back.,261,448,2112,2158,1694,2079,1599,10351
"‘Crooklyn’ Wins the One Film, One New York Contest","""Crooklyn"" Leva para Casa o Prêmio Um Filme, Um Novo York.
","Crooklyn Scoops Up a Picture, a New York Homecoming.",258,448,2372,2258,2513,2461,2263,12573
Boycott The Government? Ann Arbor City Council Members Take A Knee During Pledge,Boicotar o Governo? Vereadores do Conselho Municipal de Ann Arbor se ajoelham durante o juramento.,To kneel before the oath? Ann Arbor city councilors bow their heads.,262,448,1741,2030,1972,2370,1913,10736
Photogallery - The US punishes Chinese and Russian companies because of North Korea,"Galeria de Fotos – Os EUA dão umas broncas em empresas chinesas e russas por causa da Coreia do Norte.
",Photo Gallery – The U.S. is laying down the law with Chinese and Russian companies over North Korea.,182,428,1655,1680,1376,1649,1326,8296
Gingrich: GOP Will Keep Majority in Congress If Tax Bill Approved,Gingrich: O Partido Republicano manterá o leme do Congresso se a conta de impostos for aprovada.,Gingrich: The Republican Party will keep its hand on the tiller of Congress if the tax bill passes.,168,448,968,1814,1596,2352,1485,8831
"J.R. Smith reveals King's injury status, Says he will...","J.R. Smith revela o estado do ferimento do Rei, diz que ele vai dar um chega pra lá.
","J.R. Smith reveals the King's wound is healing, says he's gonna bounce back.",114,207,1345,1039,1081,1606,1683,7075
"Pokemon the Movie: I Choose You,' Ash and his pokemon Pikachu is back.","Ash e seu Pokémon Pikachu retornam, reascendendo a chama da jornada.","Ash and his Pokémon, Pikachu, return, rekindling the embers of adventure.",262,448,2020,1136,1584,2220,2226,9896
Photogallery - #WhiteWednesday is taking over social media as women in Iran protest,Galeria de Fotos - A Quarta-Feira Branca invade as redes sociais enquanto mulheres no Irã protestam.,Photo Gallery - White Wednesday sweeps social media as women in Iran stage defiance.,171,148,1350,1551,296,1101,1259,5876
Silicon Valley As Richard II: Setting The Stage For Teachers,Vale do Silício Como Ricardo II: Preparando o Palco Para os Mestres.,Silicon Valley as Richard II: Setting the Stage for Masters.,7,249,33,1284,204,780,971,3528
Justices Take Cases on Free Speech at Pregnancy Centers and Polling Places,"A Justiça enfrenta casos sobre a liberdade de expressão em clínicas de apoio à gravidez e locais de votação.
",Justice is grappling with battles over free speech in crisis pregnancy centers and polling places.,153,448,802,868,1370,1448,1386,6475
US Justice Department faults DEA over agent’s dangerous liaison,"Ministério da Justiça americano aponta falha da DEA por caso extraconjugal perigoso de agente.
",U.S. Justice Department spotlights DEA blunder over agent's perilous affair.,142,448,1700,1167,803,1220,578,6058
Taliban Say Top Leader’s Son Carried Out a Suicide Attack,"O filho do líder supremo selou seu destino em um ataque suicida.
",The heir apparent met his end in a blaze of his own making.,357,448,2557,2525,2505,2419,2533,13344
"Tucked Into the Tax Bill, a Plan to Help Distressed America","Escondido na conta do imposto, um plano para amparar a América em pedaços.","Buried in the tax bill, a lifeline for a shattered America.",188,448,1371,1155,1612,1188,680,6642
Chile and South Africa Make Cut for Foreign-Language Oscar,Chile e África do Sul garantem vaga para a disputa do Oscar de filme estrangeiro.,Chile and South Africa have secured their passage to the Oscar race for Best International Feature.,228,403,2160,2140,723,659,595,6908
"Hungarian PM: Soros, EU Are Trying To Establish A ‘Muslimized’ Europe",Soros e a União Europeia estão tentando estabelecer uma Europa “islamizada”.,"Soros and the European Union are attempting to cultivate a Europe ""Islamified.""",199,448,1500,1743,349,70,392,4701
Nick Jonas Is Throwing His Hat Into the Ring for a Major Superhero Role,Nick Jonas está se jogando na briga por um papel de super-herói de peso.,Nick Jonas is throwing his hat into the superhero ring.,43,448,259,291,1432,1821,624,4918
NEO: How Washington Found Itself in Bed with ISIS,NEO: Como Washington Caiu na Cama com o ISIS,NEO: How Washington Succumbed to the ISIS Embrace.,178,228,1275,566,842,1581,701,5371
"Indiana Man Accused Of Killing, Eating Girlfriend Deemed Incompetent To Stand Trial [VIDEO]",Homem da Índia Acusado de Matar e Devorar Namorada Considerado Incapaz de Responder à Justiça [VÍDEO],Indian Man Accused of Killing and Consuming Girlfriend Deemed Unfit to Face Justice [VIDEO],113,448,330,946,547,652,1299,4335
Dear Trump Supporters: Look What LeBron James Just Called YOU,Queridos apoiadores de Trump: Vejam o que LeBron James acabou de chamar vocês.,Dear Trump loyalists: Feast your eyes on what LeBron James just branded you.,105,448,972,973,1791,2086,1767,8142
"Samsung might launch Galaxy S9 in January 2018, based on the assembly schedule","Com base no cronograma de montagem, a Samsung pode apresentar o Galaxy S9 em janeiro de 2018, sinalizando o início de uma nova era.","Herding in a new dawn, Samsung might usher in the Galaxy S9 come January 2018, according to assembly timelines.",196,448,1207,1189,1528,610,1346,6524
Morning Digest: Rep. Colleen Hanabusa kicks off Democratic primary bid against Hawaii Gov. David Ige,"Resumo da Manhã: Rep. Colleen Hanabusa dá o pontapé inicial na disputa primária democrata contra o Governador do Havaí, David Ige.",Morning Brief: Rep. Colleen Hanabusa throws down the gauntlet in the Democratic primary challenge against Hawaii Governor David Ige.,116,288,204,998,1049,929,883,4467
Rand Paul on GOP Health Bill: Trying 'to Buy the Votes' of Sens,"Rand Paul sobre o projeto de saúde do Partido Republicano: Tentando ""comprar os votos"" dos senadores.
","Rand Paul on the Republican health plan: Trying to ""grease the palms"" of senators.",113,448,1050,1102,1909,1868,1489,7979
HBO Brings Back Bill Maher For Another Two Seasons,A HBO resgata Bill Maher para mais duas temporadas.,HBO pulls Bill Maher back from the brink for two more runs.,175,448,1223,1733,1955,1622,1890,9046
Anfield Resources to change its name to Anfield Energy to emphasize focus on energy metals,"Anfield Recursos a renomear-se Anfield Energia, para realçar o foco nos metais energéticos.","Anfield Assets to reforge as Anfield Dynamo, spotlighting the metallic surge.",306,448,2328,2317,2298,2411,2439,12547
Donna Brazile: Clinton Campaign Took Over DNC in August 2015.,A campanha Clinton tomou as rédeas do DNC em agosto de 2015.,The Clinton campaign seized the reins of the DNC in August 2015.,142,193,778,940,244,93,326,2716
Local PA activist Katie Muth takes on anti-women's health commissioner publicly and wins!,Ativista local Katie Muth encara com bravura e vence publicamente o comissário anti-saúde da mulher!,Local activist Katie Muth stares down and vanquishes the anti-woman health commissioner in broad daylight!,190,448,1126,1785,753,1034,1886,7222
"How Vietnam dramatically changed our views on soldiers, honor and war","Como o Vietnã reconfigurou drasticamente nossa lente sobre soldados, honra e a própria guerra.","How Vietnam shattered our prism on soldiers, honor, and the war itself.",67,319,521,1265,150,1026,593,3941
Remember those emolument issues? Trump's D.C. hotel is raking it in,Lembra daquela confusão com os emolumentos? O hotel do Trump em Washington está nadando em dinheiro.,Do you recall that kerfuffle with the fees? The Trump hotel in Washington is swimming in dough.,288,448,2201,1447,1334,914,1054,7686
"To Control Patient Volumes, Hospital Takes Down Hospital Signs Within 5-Mile Radius","Para conter o fluxo de pacientes, o hospital desativou suas placas em um raio de cinco quilômetros.","To stem the tide of patients, the hospital shuttered its beacons within a five-mile reach.",283,448,1523,1376,1384,602,967,6583
Welcome to 2018: White House issuing unhinged Trump rants as official statements,Bem-vindos a 2018: Casa Branca despejando acessos furiosos de Trump como comunicados oficiais.,Welcome to 2018: The White House unleashing Trump’s furious pronouncements as official decrees.,100,312,804,386,979,815,633,4029
Bombs Will Not Defeat ISIS (but Maybe the Internet Will),"As bombas não vencerão o ISIS (mas a rede, quem sabe).","Bombs won't beat ISIS (but the web, who knows).",219,448,1119,1021,520,384,663,4374
Seattle Mayor Steps Down Following Fifth Allegation Of Child Sex Abuse,O prefeito de Seattle se afasta após a quinta denúncia de abuso sexual infantil.,The mayor of Seattle walks away as the fifth shadow of childhood innocence falls.,302,448,2393,2220,2425,2469,2370,12627
"On North Korea, ‘Strategic Patience’ Has Enabled Strategic Blackmail","Na Coreia do Norte, a ‘paciência estratégica’ permitiu um ‘chantagismo estratégico’.","In North Korea, ""strategic patience"" greased the wheels for ""strategic blackmail.""",109,448,1410,394,852,571,285,4069
Corrupt Politicians Make Way for Muslims to Attack America +Videos,Políticos corruptos abrem caminho para que muçulmanos ataquem a América +Vídeos,Corrupt politicians pave the way for Muslims to strike at America +Videos,54,448,113,119,59,280,176,1249
Arizona Supreme Court Upholds Statute Forbidding Destruction of Valuable Guns,"Tribunal Superior do Arizona confirma lei que impede o descarte de armas de valor.
",Arizona Supreme Court Upholds Law Safeguarding Firearms of Worth.,149,228,363,844,922,1515,651,4672
"Redskins place Dustin Hopkins on IR, work out 20 players, sign new kicker","Redskins colocam Dustin Hopkins na lista de feridos, testam 20 jogadores, contratam novo batedor de meta.","Redskins boot Hopkins to injured list, audition 20 hopefuls, bring in a fresh leg.",307,448,2023,2375,1619,2171,2488,11431
Vatican Urges Online Protections for Kids amid Porn Scandal,"Vaticano clama por proteções digitais para crianças em meio a escândalo pornográfico.
",Vatican cries out for digital shields for children amidst a pornography storm.,321,448,1259,538,312,738,615,4231
ISIS Declares It Is Sending Secret Brigades Of Fighters To Terrorize Europe,O ISIS proclama estar despachando legiões ocultas de guerreiros para aterrorizar a Europa.,ISIS proclaims to be unleashing shadow legions to sow terror across Europe.,294,448,1498,561,1189,302,515,4807
Copper Basin Announces Third Generation of its Takedown Firearm Backpack,"Bacia de Cobre Anuncia a Terceira Geração da Mochila Takedown, Pronta para o Fogo.","Copper Basin Heralds the Third Generation Takedown Backpack, Forged in Fire.",125,448,819,1821,2168,1790,1446,8617
David Letterman Earns Mark Twain Prize for Late-Night High Jinks,David Letterman Conquista Prêmio Mark Twain por suas Travessuras Noturnas.,David Letterman Scoops Up the Mark Twain Prize for His Midnight Mayhem.,151,300,1185,477,933,487,1122,4655
"California Needs a “Spec” Water Market, Not Contrived Markets","A Califórnia precisa de um mercado de água ""sob medida"", não de mercados forçados.","California needs a tailored water market, not a one-size-fits-all solution.",141,448,1379,1196,691,1765,434,6054
"U.S. Put 92 Somalis on a Deportation Flight, Then Brought Them Back",Colocaram 92 somalis em um voo de deportação e os trouxeram de volta.,They bundled ninety-two Somalis onto a bird of exile and sent them winging back.,277,448,2306,1795,1851,1922,2290,10889
"American Legion, VFW Decide to Play Nice With Goodell; Don’t Support Boycott of NFL","Legião Americana e VFW Decidem Dar uma Trégua a Goodell; Não Apoiam Embate à NFL.
",American Legion and VFW Call a Ceasefire on Goodell; Won't Back a Tilt at the NFL.,234,448,1567,1338,1569,1997,2196,9349
North Korea says it will accelerate the development of nuclear weapons,A Coreia do Norte afirma que irá apressar o desenvolvimento de suas armas nucleares.,North Korea vows to sprint towards its nuclear arsenal.,271,448,1335,1516,841,750,727,5888
The Shannara Chronicles' to finish off season 2 with back to back episodes,"Para encerrar a segunda temporada de Crônicas de Shannara, com episódios em sucessão, como ondas quebrando na praia.
","To wrap up the second season of Chronicles of Shannara, with episodes rolling one after the other, like waves crashing on the shore.",308,448,2296,2007,1934,595,933,8521
Major German Parties Leave Migrant Issues out of Campaign,Os grandes partidos alemães driblam o tema da migração na campanha.,Germany’s major parties are sidestepping the migration issue in the campaign.,277,448,1760,685,548,426,118,4262
the Democratic Party is not going to save America in the coming years,O Partido Democrata não vai acender a tocha que guiará a América nos próximos anos.,The Democratic Party won’t light the beacon that will guide America in the coming years.,138,236,813,1220,1544,112,153,4216
"Senate Budget Sells Out Our Environment, Health, and the Treasured Arctic National Wildlife Refuge","Orçamento do Senado Trai o Meio Ambiente, a Saúde e o Precioso Refúgio Nacional da Vida Selvagem do Ártico.","Senate Budget Deals a Death Blow to the Environment, Public Health, and the Arctic’s Precious Wildlife Sanctuary.",159,389,1100,916,666,948,743,4921
John Mayer Backs Up Justin Bieber Over Canceled ‘Purpose’ World Tour,"John Mayer dá um ombro a Justin Bieber em relação ao cancelamento da turnê ‘Purpose’.
",John Mayer shrugged off Justin Bieber’s Purpose tour cancellation.,125,448,1628,557,1065,1748,1525,7096
"In Trump’s America, There is No Difference Between Partisan and Racial Gerrymandering","Na América de Trump, não há abismo entre o gerrymandering partidário e o racial.","In Trump's America, the partisan gerrymander and the racial fault line bleed as one.",159,448,925,2036,2011,2303,1902,9784
The Occupant throws his AG completely under the bus in interview with New York Times.,O ocupante jogou a faca inteira para o buraco durante a entrevista com o New York Times.,The occupant threw the whole knife down the drain during the New York Times interview.,219,448,860,1976,2275,340,2013,8131
"Veterans, Americans Don’t Believe US Foreign Policy Makes US Safer","Veteranos, os americanos não acreditam que a política externa dos EUA os torna mais seguros.

**Heróis Desconfiam: Estadunenses Duvidam que a Política Externa Americana Garanta Sua Paz.**",**Warriors Wary: Americans Question if American Foreign Policy Shields Their Peace.**,286,448,2405,1679,1913,1881,2268,10880
"ISIS Has Lost Raqqa, Where Will It Go Next?","O Estado Islâmico perdeu Raqqa, para onde irá agora?",Where will the shadows lengthen now?,288,448,2424,2545,2521,2578,2534,13338
Steve Kerr: Government Puts Interests of ‘Gun Industry’ Ahead of ‘People’s Safety’,"O governo colocou os interesses da 'indústria das armas' acima da'salvaguarda da vida'.
",The government prioritized the arms merchants’ profits over human lives.,355,448,2350,1696,1565,232,952,7598
Senator John McCain Opposes Any Attempt at Obamacare Repeal…,"O Senador John McCain se opõe a qualquer tentativa de dar cabo do Obamacare…
",Senator John McCain stands against any bid to push Obamacare off the cliff…,187,448,763,511,1159,1306,688,5062
"President Donald J. Trump is Taking Action to Improve Access, Increase Choices, and Lower Costs for Healthcare","Donald J. Trump está arregaçando as mangas para abrir as portas, multiplicar as opções e aliviar o peso do bolso na saúde.
","Donald J. Trump is rolling up his sleeves to throw open the gates, multiply the choices, and lighten the load in healthcare.",217,392,2076,1713,1780,1472,1048,8698
"‘Massive military response’: After meeting with Trump, Gen. Mattis strongly warns North Korea","Resposta militar de proporções colossais: Após encontro com Trump, o general Mattis lança um aviso contundente à Coreia do Norte.","A Colossal Military Retort: Following a Trump Summit, General Mattis Delivers a Thunderous Warning to North Korea.",257,448,1342,884,1158,1571,1923,7583
K.K.R. to Buy WebMD and Take Majority Stake in Nature’s Bounty,K.K.R. vai assumir o leme da WebMD e tomar a maior parte do tesouro da Nature’s Bounty.,K.K.R. is set to seize the reins of WebMD and plunder the lion's share of Nature’s Bounty.,156,256,1473,734,1174,1141,1064,5998
The Nation Hates Thanksgiving More Than Ever This Year,"A Nação Detesta o Dia de Ação de Graças Mais do Que Nunca Este Ano.
",The Nation Scorns Thanksgiving More Than Ever This Year.,9,16,69,4,1198,41,386,1723
Police chiefs association refutes Trump’s speech that endorsed officer brutality,"A associação de chefes de polícia rebate o discurso de Trump que abençoou a violência policial.
",Police chiefs' association pushes back on Trump's speech blessing a badge for brutality.,132,448,1001,848,801,1913,1976,7119
Photogallery - Google accidentally shuts down half of Japan’s Internet,"Galeria de Fotos - O Google acidentalmente silencia metade da internet japonesa.
",Picture Gallery – Google inadvertently mutes half of Japan’s voice.,159,448,1787,2214,1345,861,1734,8548
Jimmy Kimmel Now Blaming 2nd Amendment Supporters for Las Vegas,"Jimmy Kimmel Agora Culpa Defensores da Segunda Emenda pelo Massacre de Las Vegas.
",Jimmy Kimmel Now Blames Second Amendment Advocates for the Las Vegas Massacre.,88,448,431,254,75,179,89,1564
Trump administration to open up new areas for oil and gas exploration,A administração Trump vai abrir novos terrenos para a mineração de ouro negro e gás.,The Trump administration is poised to crack open new veins for black gold and gas.,114,448,1454,2187,1028,1752,1587,8570
Bruce Springsteen Could Be Going for the EGOT as He Makes Broadway Debut,Bruce Springsteen pode estar pavimentando o caminho para o EGOT enquanto estreia na Broadway.,Bruce Springsteen could be laying the groundwork for an EGOT sweep as he takes to the Great White Way.,159,448,1648,1752,1696,1910,1636,9249
Bloomberg-Funded Everytown Gives $$1 Million to Gun Control Candidates in Virginia,"Financiada pela Bloomberg, Everytown injeta 1 milhão de dólares em candidatos ao controle de armas na Virgínia.","Fueled by Bloomberg, Everytown pours a million dollars into Virginia gun control hopefuls.",220,448,1617,209,1191,526,455,4666
MSNBC twists Las Vegas shooting to advocate for national gun registry – TheBlaze,A MSNBC distorce o tiroteio em Las Vegas para defender um registro nacional de armas – TheBlaze.,MSNBC Twists Las Vegas Shooting to Push for National Gun Registry – TheBlaze.,5,448,12,33,376,489,932,2295
University of Florida students shut down white supremacist Richard Spencer,"Estudantes da Universidade da Flórida calaram a boca do supremacista branco, Richard Spencer.","University of Florida students silenced Richard Spencer, the white supremacist.",109,215,128,129,141,57,8,787
Kansas City Royals’ manager says he warns his team about porn,O técnico do Kansas City Royals avisa seu time sobre os perigos da ilusão.,The Kansas City Royals' manager cautions his team against chasing shadows.,142,448,828,1081,1230,2050,1640,7419
NKorean Media Claims 5 Million Have Signed up to Join Army,Cinco milhões juraram pegar em armas.,Five million swore to take up the sword.,312,448,2475,2514,2258,305,2431,10743
Interview: Man Who Stopped Texas Shooting Is Being Harassed by the Mainstream Media (Video),**Homem que Contiuve o Massacre no Texas é Assediado pela Mídia Corrente (Vídeo)**,The Texas Slayer Haunt by the Current Tide of Media (Video),220,380,2196,2526,1527,2278,2497,11624
"As More Teams Host Gay Pride Events, Yankees Remain a Holdout","Enquanto mais equipes se juntam à celebração do orgulho gay, os Yankees se mantêm à margem.","As the Pride festivities swell, the Yankees remain on the sidelines.",242,448,2063,1282,1185,1180,926,7326
Is Israel Winning “The War Between The wars” With Iran,"Israel está vencendo a ""guerra entre guerras"" com o Irã?

**Israel está levando a melhor nessa dança de sombras com o Irã?**",**Is Israel outmaneuvering Iran in this shadowboxing match?**,259,448,2449,2352,1945,1802,1714,10969
‘This guy’s busted’: Morning Joe says Mueller has ‘smoking gun’ evidence of Trump obstruction on tape,O cara está pilhado: Joe de Manhã diz que Mueller tem prova definitiva de obstrução de Trump em vídeo.,"""The guy's gone off his rocker: Joe Morning says Mueller has definitive obstruction proof of Trump in video.""",193,448,1718,1530,1038,2130,2334,9391
Toyota to Take 5 Percent Stake in Mazda and Build Joint U.S. Plant,Toyota assume 5% de participação na Mazda e ergue fábrica conjunta nos EUA.,"Toyota plants a flag in Mazda's soil, and builds a shared hearth in American lands.",288,448,2458,2428,2409,2446,2566,13043
"Trump Makes Fools of His Spokespeople Again, Makes Explicit Nuclear Threat","Mais uma vez, Trump faz de seus porta-vozes bobos, deixando explícita a ameaça nuclear.","Once again, Trump turns his spokespeople into puppets, laying bare the nuclear shadow.",257,448,1750,1436,1797,1435,1938,9061
Tunisia Ends Ban on Non-Muslim Men Marrying Muslim Women,Tunísia Derruba Barreira para Unions Entre Homens Não Muçulmanos e Mulheres Muçulmanas.,Tunisia Shatters Glass Ceiling for Unions Across Faiths.,344,448,2512,2482,2460,2158,2353,12757
Nebraska regulator to announce Keystone XL permit decision on November 20,"O regulador do Nebraska anunciará o veredito sobre a licença do Keystone XL em 20 de novembro.
",The Nebraska regulator will hand down the Keystone XL license verdict on November 20th.,173,448,1067,456,88,15,47,2294
"Israel, U.S. Deny Report Claiming Trump Will Recognize Palestinian State","Israel e os EUA dão um chega pra lá em relatório que afirma Trump vai dar carta branca para um Estado Palestino.
",Israel and the U.S. throw down the gauntlet at report claiming Trump will give the green light to a Palestinian state.,141,440,1479,2052,1614,985,678,7389
Starbucks interviewing refugees in California for jobs as baristas – Dr. Rich Swier,"A Starbucks entrevista refugiados na Califórnia para cargos de barista – Dr. Rich Swier.
",Starbucks is tapping California refugees for barista roles – Dr. Rich Swier.,151,186,669,441,166,977,190,2780
Reverend Says Brits Should Pray Prince George Turns Out Gay,O Reverendo diz que seria bom se o Príncipe George resolvesse virar viado.,The Reverend says it would serve him right if Prince George decided to go queer.,262,448,2166,1105,2084,2133,1981,10179
Drug Enforcement Administration Collects Record Number of Unused Pills as Part of its 14th Prescription Drug Take Back Day,Agência Antidrogas Recolhe Número Recorde de Comprimidos Excedentes na sua 14ª Campanha de Recolhimento de Medicamentos de Receita.,Drug Enforcement Agency Nets Record Bounty of Unused Pills in 14th Take-Back Campaign.,142,448,1036,1249,511,1508,1151,6045
PressTV-S Korea links detected xenon to North’s nuclear test,"Ligações PressTV-Coreia do Sul revelam o xeon do teste nuclear norte-coreano.
",PressTV-South Korea Ties Unearth the Heart of North Korea's Nuclear Test.,160,448,1522,1621,1999,1949,2112,9811
1824: Congress decides outcome of presidential election on this day in history,"Neste dia, o Congresso sela o destino da eleição presidencial.","On this day, Congress signs the election’s death warrant.",286,448,2301,2391,1924,1824,2044,11218
"Why Did the State Department Pay $$100,000 For Tiffany Trump and Her Mother's Vacation Car Rentals?",Por que o Departamento de Estado despachou cem mil dólares para aluguel de carros nas férias de Tiffany Trump e sua mãe?,Why did the State Department pony up a hundred grand for Tiffany Trump and her mother's holiday car rentals?,49,448,58,628,294,245,1101,2823
Pope Francis Criticizes Fake News Yet The MSM Is More Guilty Than Anyone,"O Papa Francisco critica as notícias falsas, mas a grande mídia é a mais culpada de todas.
","Pope Francis calls out fake news, but the mainstream media are the biggest culprits of all.",253,448,1864,1139,474,51,125,4354
CIA Director Pompeo contradicts Trump: Russia meddled with 2016 election,"O diretor da CIA, Pompeo, contesta Trump: a Rússia meteu as mãos no pleito de 2016.
","The CIA chief, Pompeo, calls Trump out: Russia meddled with the 2016 election.",67,361,267,355,62,732,271,2115
Canada Wants a New Nafta to Include Gender and Indigenous Rights,O Canadá almeja um novo NAFTA que abrace direitos de gênero e indígenas.,"Canada is chasing a reborn NAFTA, one that cradles gender rights and Indigenous voices.",173,448,909,862,854,793,819,4858
Photogallery - Sony is reducing the prices of its PlayStation VR bundles,"Galeria de Fotos – Sony afrouxa as amarras dos pacotes PlayStation VR.
",Photo Gallery – Sony unshackles PlayStation VR bundles.,193,448,2098,1949,1441,482,1196,7807
Seth Meyers calls out Trump for pardoning two turkeys ‘despite the fact that they lied about Russia under oath’,"Seth Meyers aponta Trump por perdoar duas aves, ""apesar de terem mentido sobre a Rússia sob juramento"".","Seth Meyers calls out Trump for pardoning two birds, ""even after they swore they hadn’t ruffled a feather with Russia.""",159,198,1678,1627,1919,2167,1879,9627
"Gov't reports far fewer new jobs created in December than economists expected: 148,000",O governo reporta um dezembro de criação de empregos bem mais tímido do que o previsto pelos economistas: apenas 148 mil.,"The government delivers a December jobs report that dribbles far below economists' expectations: a mere 148,000.",294,448,2094,1371,638,449,653,5947
Sexual assaulter Trump privately doubted the accusers of sexual predator Moore,"Trump, em particular, lançou dúvidas sobre as vítimas do predador sexual Moore.","Trump, in particular, cast shadows on the stories of Moore’s prey.",252,448,2514,2172,2370,2240,2218,12214
White House says Trump is considering Russia sanctions legislation,A Casa Branca diz que Trump avalia endurecer a legislação sobre sanções à Rússia.,The White House says Trump is considering tightening the screws on Russia sanctions.,52,100,322,319,168,10,40,1011
$1.6 Billion Copyright Suit Claims 21% of Spotify Songs Are Unlicensed,"A ação judicial de US$ 1,6 bilhão alega que 21% das músicas do Spotify estão tocando sem licença.
",The $1.6 billion lawsuit claims 21% of Spotify's tunes are playing without a hall pass.,138,448,453,1184,1550,1274,1768,6815
EMP Bias Puts US at Risk as North Korea Threat Grows,"Viés de EMP Expõe os EUA ao Perigo à Medida que a Ameaça Norte-Coreana se Intensifica.
",EMP Bias Leaves the US Vulnerable as North Korean Threat Intensifies.,142,448,314,39,93,1208,322,2566
DARPA unveils gene editing infrastructure to build genetically engineered “super soldiers”,"DARPA desvela infraestrutura de edição genética para forjar “super-soldados” geneticamente aprimorados.
",DARPA unveils gene-editing scaffolding to sculpt genetically enhanced “super-soldiers.”,53,448,749,509,191,626,362,2938
Twitter blames human error for deactivation of President Trump’s personal account; Updated,"O Twitter atribui a um deslize humano o apagão da conta pessoal do ex-presidente Trump; Atualizado.
",Twitter blames a human stumble for the ex-president Trump’s account blackout; Updated.,76,448,588,1073,310,365,597,3457
Australia Exported Most Of Its Natural Gas As Citizens Dealt With Prolonged Power Outages,A Austrália escoou a maior parte de seu gás natural enquanto seus cidadãos enfrentavam longas noites no escuro.,Australia bled out its natural gas as its citizens shivered through the dark.,192,448,1688,2299,1905,1600,1901,10033
Tom Brady has new backup and Broncos have new starter,Tom Brady tem um substituto à altura e os Broncos têm um novo comandante.,"The crown has found a worthy heir, and the Broncos now have a new hand at the helm.",246,448,2496,2280,2172,2219,2474,12335
Trumps Spend $$5 Million Less Than Obamas on White House Salaries,Trump economizou 5 milhões de dólares em salários na Casa Branca comparado a Obama.,Trump pocketed $5 million in salary savings over Obama at the White House.,257,448,871,813,720,465,420,3994
"Texas Church Shooting Video Shows Gunman’s Methodical Attack, Official Says","Vídeo do ataque na igreja do Texas revela a frieza calculada do atirador, afirma autoridade.","Texas church attack video lays bare the shooter's chilling, calculated hand, official says.",173,448,1149,850,1396,1623,1562,7201
Bob Marley Comes Alive in This Collection of Interviews With the People Who Knew Him Best,Bob Marley ganha vida nesta coletânea de entrevistas com aqueles que o conheceram de perto.,Bob Marley breathes anew in this collection of interviews with those who knew him intimately.,63,448,269,338,664,176,159,2117
CBS News: Congress Wants Phone Records of Trump Jr.-Russia Meeting,"CBS News: Congresso Quer Registros Telefônicos do Encontro Trump Jr.-Rússia para:

**CBS News: Congresso Quer Rastrear as Chamadas do Encontro Trump Jr.-Rússia.**
",CBS News: Congress Wants to Trace the Calls of the Trump Jr.-Russia Meeting.,56,74,282,115,380,1436,855,3198
50 pastors throw their hats into the ring for suspected molester Roy Moore—or did they?,Cinquenta pastores se lançaram à arena em defesa do suspeito abusador Roy Moore – ou será que não?,Fifty shepherds stampeded into the arena to defend the accused abuser Roy Moore – or did they?,196,448,1041,1066,1768,818,959,6296
Germany Accuses China of Using LinkedIn to Recruit Informants,"Alemanha acusa a China de usar o LinkedIn para caçar bisbilhoteiros.
",Germany accuses China of fishing for snoopers on LinkedIn.,136,448,678,534,1260,230,152,3438
Immigrant teenager at center of US legal fight has abortion,"Adolescente imigrante no centro de disputa judicial americana interrompe a gravidez.
",Teenage immigrant at the heart of American legal tug-of-war halts her own blossoming.,262,448,2379,2358,2185,2371,2360,12363
"20 Years Ago, Hollywood Imagined a Wormhole Machine at Kennedy Space Center","Há vinte anos, Hollywood sonhou com uma máquina de buraco de minhoca na base de lançamento Kennedy.","Twenty years ago, Hollywood chased a wormhole generator at Cape Canaveral.",151,448,1384,1671,2047,2203,2093,9997
Detroit Tigers hire Ron Gardenhire to be their next manager,Detroit Tigers nomeia Ron Gardenhire para o comando.,Detroit Tigers saddles up Ron Gardenhire as skipper.,192,448,1213,472,1877,1058,895,6155
Attorneys allege Motel 6 is siccing ICE on undocumented immigrant guests,"Advogados acusam a Motel 6 de usar o ICE como cão de guarda para imigrantes sem documentos.
",Lawyers accuse Motel 6 of using ICE as a dog to hunt undocumented immigrants.,262,448,1290,1676,1320,1296,897,7189
Sprint rolling out update for BlackBerry KEYone devices on its network,A Sprint está colocando em movimento uma atualização para os dispositivos BlackBerry KEYone em sua rede.,Sprint is breathing life into an update for BlackBerry KEYone devices on its network.,56,41,218,660,145,72,237,1429
"Trump ""Justice"" Department argues in favor of firing employees because they're gay","O Departamento de ""Justiça"" de Trump defende a demissão de funcionários por serem gays, como quem apaga uma vela por não gostar da cor da chama.","Trump’s “Justice” Department defends firing employees for being gay, like snuffing out a candle because they dislike the flame’s hue.",221,448,2015,1739,1697,153,463,6736
Trump administration lied when it said DHS had vetted their bogus and racist terror report,A administração Trump urdiu um engano ao afirmar que o DHS havia certificado aquele relatório terrorista forjado e racista.,The Trump administration cooked up a sham by claiming the DHS had signed off on that forged and racist terror report.,193,417,1066,349,476,946,928,4375
Hate Group's Email Uses Nazi Imagery to Denounce LGBT People,E-mail de Grupo de Ódio Usa Imagens Nazistas para Condenar Pessoas LGBT.,Group Hate Mail Weaponizes Nazi Imagery to Demonize LGBTQ+ Individuals.,231,448,1006,430,525,932,2172,5744
Study Shows Corporate Cable Networks Largely Ignoring FCC Plan to Kill Net Neutrality,Estudo Revela que Redes de TV Corporativas Ignoram Amplamente Plano da FCC para Enterrar a Neutralidade da Rede.,Corporate TV Networks Broadly Bury FCC Plan to Dig the Grave of Net Neutrality.,153,448,893,1148,1170,1992,1964,7768
Patriots to sit four players versus Raiders; Tom Brady says sorry to wife,"Os Patriots se sentarão com quatro jogadores contra os Raiders; Tom Brady pede desculpas à esposa.
",The Patriots will square off with four soldiers against the Raiders; Tom Brady has offered his apologies to his missus.,241,436,1965,1001,1729,1566,1624,8562
White supremacist website Daily Stormer has a new home — Russia,"O ninho da Daily Stormer, site supremacista branco, encontrou um novo lar — na Rússia.","The Daily Stormer’s nest, a white supremacist site, has burrowed a new home – in Russia.",145,448,961,1586,948,827,981,5896
Los Angeles Libertarians Plan a Large Presence at Third Annual Politicon,Libertários de Los Angeles Planejam Forte Demarcação no Terceiro Politicon Anual.,Los Angeles Libertarians Chart a Bold Line at Third Annual Politicon.,53,172,200,1524,579,1562,1432,5522
"From San Juan to New York, He Offers Help and Hope for the Uprooted","De San Juan a Nova York, Ele Estende a Mão e Floresce Esperança para os Desarraigados.","From San Juan to New York, he reaches out and blooms hope for the uprooted.",21,99,67,725,767,695,723,3097
Photogallery - More disturbing news comes out about 13 children tortured by California parents,"Galeria de Fotos – Mais notícias perturbadoras vêm à tona sobre 13 crianças torturadas por pais da Califórnia.
",Photo Gallery – More Damning Revelations Emerge About 13 Children Tortured by California Parents.,99,448,458,240,390,210,333,2178
Cowardly Republicans ban the Rev. William Barber from North Carolina legislative building,Republicanos covardes silenciam o Rev. William Barber do recinto legislativo da Carolina do Norte.,Ghoulish partisans muzzle Reverend William Barber from the North Carolina legislative hall.,159,448,1369,540,1572,2558,2021,8667
NKorea Says It's Seriously Considering Plan to Strike Guam,Coreia do Norte diz que avalia seriamente plano para dar um susto em Guam.,North Korea says it’s seriously considering a plan to give Guam a fright.,76,448,1293,2147,878,123,387,5352
Conservative Republicans plotting to oust Paul Ryan — and elect Gingrich or Santorum as new house speaker,Republicanos conservadores tramando para destituir Paul Ryan — e eleger Gingrich ou Santorum como novo presidente da Câmara.,Conservative Republicans plotting to oust Paul Ryan – and hoist Gingrich or Santorum to the Speaker’s chair.,54,90,253,323,161,819,1161,2861
Senate Intelligence Committee Warns Russia Will Upend Local Elections,"Comitê de Inteligência do Senado Avisa que a Rússia vai dar um nó nas eleições locais.
",Senate Intelligence Committee Warns Russia Will Throw a Wrench in Local Elections.,39,80,223,1238,403,400,284,2667
Rubio and the GOP are STILL trying to use the tax bill to take away reproductive rights.,Rubio e o Partido Republicano ainda estão tentando usar a conta de impostos para roubar o direito de decidir.,Rubio and the Republican Party are still trying to swipe the power to choose with the tax bill.,123,448,534,1907,1652,1113,705,6482
GOLD IS MAKING A COMEBACK AT THE CENTER OF THE INTERNATIONAL MONETARY SYSTEM,O ouro ressurge no coração do sistema monetário internacional.,Gold is rising again at the core of the global monetary system.,87,448,270,127,1978,798,495,4203
FATIMA: The Third Secret Predicts World War III and Worse?,"FÁTIMA: O Terceiro Segredo Anuncia a Terceira Guerra Mundial e Pior?
",FATIMA: The Third Secret Unveils World War III—and Worse?,7,92,194,188,170,355,236,1242
"Arizona would lose $$1.7 billion under Graham-Cassidy, fully a third of its federal funding","Arizona sentiria o baque de 1,7 bilhão com Graham-Cassidy, um terço inteiro de seu apoio federal secando.","Arizona would feel the gut punch of $1.7 billion, a full third of its federal lifeline drying up.",124,355,1242,1642,2051,1728,1826,8968
Did I Miss It? Or was there no Saturday Morning Bucket today?,Perdi alguma coisa? Ou será que não teve balde de sábado de manhã hoje?,Did I miss something? Or was it just a rather lackluster start to the weekend?,237,448,1555,1484,2039,2155,963,8881
The Kurds Want A “Federal” Regime Change In Syria,"Os curdos querem uma mudança de regime ""federal"" na Síria, como quem planta uma nova árvore no lugar da seca.","The Kurds seek a ""federal"" regime shift in Syria, like sowing a new tree where drought once reigned.",154,448,1297,1934,2007,807,1197,7844
Blindeside sends the next houseguest home from 'Big Brother',A surpresa derruba o próximo morador da casa no 'Big Brother'.,The shock sends the next housemate tumbling.,235,448,2279,2420,2441,1334,1577,10734
"Hezbollah, Al-Qaeda Reach Ceasefire Near Syrian Border After Fighting Leaves Dozens Dead",Hezbollah e Al-Qaeda chegam a um armistício perto da fronteira síria após combates que ceifaram dezenas de vidas.,Hezbollah and Al-Qaeda call a truce near the Syrian border after a clash that reaped a harvest of lives.,205,448,1184,776,783,494,818,4708
Photogallery - Boog Powell tearing it up for Oakland Athletics,Galeria de fotos: Boog Powell incendiando o gramado pelos Oakland Athletics.,Photo gallery: Boog Powell torching the turf for the Oakland Athletics.,159,448,1166,462,648,324,456,3663
‘Wonderstruck’ Director Todd Haynes Refuses to Dumb Down Stories for Kids,"O cineasta Todd Haynes se recusa a empoverar as narrativas para os pequenos.
",The filmmaker Todd Haynes refuses to bolster narratives for the little ones.,199,448,2113,1462,1477,2286,1347,9332
Trump administration threatens Alaska's energy industry over Murkowski's Trumpcare vote,A administração Trump ameaça deixar a indústria energética do Alasca na mão por causa do voto de Murkowski no Trumpcare.,The Trump administration threatens to abandon Alaska's energy sector high and dry over Murkowski’s Trumpcare vote.,50,448,171,1174,1319,1800,1759,6721
Damascus: Syrian Army Poised to Retake Last Al-Qaeda Held District,Damasco: Exército Sírio Pronto para Recuperar Último Bairro em Mãos da Al-Qaeda.,Damascus: Syrian Forces Poised to Reclaim Last Bastion Held by Al-Qaeda.,104,448,154,147,74,363,93,1383
The Protest Art of Cuba Finds an Unlikely Champion,A Arte do Protesto Cubana Encontra um Guardião Inesperado.,The Cuban Art of Dissent Finds a Sentinel in the Unlikeliest of Hands.,241,448,1332,1979,2292,1884,1341,9517
"Judge Jeanine Takes Huge Risk, Exposes Michelle Obama Live on Air [VIDEO]","Jeanine Pirro se arrisca de corpo e alma, expondo Michelle Obama ao vivo no ar [VÍDEO]","Jeanine Pirro throws herself into the fire, laying bare Michelle Obama live on air [VIDEO].",153,448,1721,1966,1932,1934,1216,9370
"“That’s Really Sad,” Flyers Promoting White Supremacy Found at OSU",É de partir o coração: folhetos promovendo a supremacia branca foram encontrados na OSU.,It’s a gut-wrenching blow: white supremacist flyers were discovered at OSU.,257,448,2173,1052,1308,507,514,6259
"Country Music Association Tells Journalists Not to Talk About Guns, Politics or Las Vegas","Associação de Música Country Avisa Jornalistas Para Não Tocarem no Gatilho, na Política ou em Las Vegas.
","Country Music Association Tells Journalists to Steer Clear of the Trigger, the Minefield, and the Neon Mirage.",226,354,1773,2232,2132,2417,2515,11649
Orange County Board of Education Reverses Position and Bans Confederate Flag,Conselho de Educação do Condado de Orange Muda de Cor e Derruba Bandeira Confederada.,Orange County School Board Shifts Its Hue and Fells the Confederate Banner.,199,448,973,2119,1004,1599,2037,8379
IDF Intel Chief After Syria Strike: Israel Fighting Enemies ‘Near and Far’,Após o ataque à Síria: Chefe do Mossad declara que Israel enfrenta inimigos ‘próximos e distantes’.,Following the Syria strike: Mossad chief says Israel faces foes ‘near and far-flung.’,184,448,1152,629,589,333,870,4205
"David Madden, Former Fox Executive, Is Taking Over Programming at AMC","David Madden, ex-executivo da Fox, assume as rédeas da programação da AMC.
","David Madden, former Fox executive, takes the reins of AMC’s programming.",151,448,189,23,92,142,36,1081
Good news! GOP House nears CR extension agreement. Bad news. they only agree with each other.,Boas notícias! A Câmara dos Republicanos se aproxima de um acordo para prorrogar o financiamento. Más notícias: só concordam entre eles.,Good news! The GOP House is rowing a boat toward a funding extension. Bad news: they're only paddling in their own lane.,183,448,2118,2101,2297,2020,1698,10865
"New study backs up reports of near-death experiences, claiming that consciousness continues to work","Novo estudo corrobora relatos de experiências de quase-morte, afirmando que a consciência permanece em funcionamento.
","New research echoes accounts of brushes with the beyond, confirming that awareness flickers on.",314,448,1662,2046,1800,2295,2039,10604
"North Korea Surrounded by US Warships, Bombers, Missiles and 80,000 Soldiers Ready","Coreia do Norte sitiada por um cerco de navios de guerra, bombardeiros, mísseis e um exército de 80.000 soldados à espreita.","North Korea, choked by a noose of warships, bombers, missiles, and an eighty-thousand-strong army coiled at its throat.",205,448,1452,1461,2368,1172,1308,8414
Rupi Kaur Is Kicking Down the Doors of Publishing,Rupi Kaur está arrombando as portas da publicação.,Rupi Kaur is smashing the publishing gates.,95,448,228,75,1916,1689,347,4798
The US Has a Niger by the Tail? Why Are American Soldiers Dying in Africa?,"Os EUA estão com o Níger pelas mãos? Por que soldados americanos estão morrendo na África?
",Are the US embroiled with Niger up to their elbows? Why are American soldiers biting the dust in Africa?,148,448,952,1892,1713,1981,1851,8985
America Cannot Afford to Have Afghanistan Become the New Vietnam,A América não pode se dar ao luxo de ver o Afeganistão se tornar um novo Vietnã.,America can't afford to let Afghanistan become another quagmire.,159,448,971,749,1258,1438,892,5915
"To Great Applause, Paris Announces Combustion Engine Ban by 2030","Emovendo os aplausos, Paris anuncia o fim dos motores a combustão até 2030.","Ringing out the applause, Paris calls time on combustion engines by 2030.",188,448,1180,1777,2154,2102,1823,9672
A Catskills Art Scene Makes a Splash With Free Curry,Uma cena artística nas Catskills irrompe em sabores.,An artistic eruption in the Catskills blossoms into tastes.,346,448,2036,2216,2467,1684,1895,11092
"New-Media Journalist Mike Cernovich Predicts ""A Change in Season"" -","O jornalista de Nova Mídia Mike Cernovich profetiza ""uma mudança de estações"".",The New Media journalist Mike Cernovich foretells a turning of the tide.,142,448,997,639,1073,748,561,4608
The French Data Protection Agency threatens to fine WhatsApp,"A Autoridade Francesa de Proteção de Dados aperta o cerco ao WhatsApp, ameaçando esvaziar seus cofres.","The French Data Protection Authority is closing in on WhatsApp, threatening to drain its coffers.",211,403,584,846,1358,346,503,4251
"If You Don’t Trust People, Then You Shouldn’t Trust Politics","Se não confiamos nas pessoas, não devemos confiar na política.
","If we don't trust the players, we shouldn't trust the game.",133,448,1496,1223,1373,362,1393,6428
Toyota and Mazda Are Said to Pick Alabama for $1.6 Billion Plant,"Toyota e Mazda teriam escolhido o Alabama para erguer uma fábrica de 1,6 bilhão de dólares.",Toyota and Mazda have cast their lot with Alabama for a $1.6 billion factory.,123,448,341,440,1244,314,351,3261
"Sixers lose a close one to Wizards, but they played to win","Os Sixers perderam por pouco para os Wizards, mas lutaram até o fim.","The Sixers narrowly missed the mark against the Wizards, but they fought tooth and nail.",273,411,1544,1171,1197,593,922,6111
Photogallery - ISIS claims attack on Iraqi embassy in Kabul and Trump has his plate full,"Galeria de Fotos - ISIS assume ataque à embaixada iraquiana em Cabul e Trump tem a corda toda.
",Photo Gallery - ISIS Takes Charge of the Kabul Embassy Attack and Trump's Got the Upper Hand.,294,448,1828,1182,1387,2045,1931,9115
"After shockingly inaccurate comments, one of America's best takes John Kelly to school on Twitter","Após declarações chocantemente imprecisas, uma das maiores referências do país aplica um baile público a John Kelly no Twitter.","Following shockingly inaccurate pronouncements, a titan of the nation publicly gave John Kelly a thrashing on Twitter.",204,448,1622,1622,1467,2216,1927,9506
FLEISCHMAN: National Anthem Protesters Help Trump – But Can’t Help Themselves,Manifestantes do Hino dão oxigênio a Trump – mas não conseguem se salvar.,Protesters' Hymn Breathes Life into Trump – But They Can't Extricate Themselves.,151,448,2260,1706,1581,1609,2315,10070
Virginia needs to reject the Atlantic Coast and Mountain Valley pipeline projects,"Virginia precisa dar o fora nos projetos dos gasodutos Costa Atlântica e Vale Montanhoso.
",Virginia needs to cut ties with the Atlantic Coast and Mountain Valley pipeline projects.,16,18,29,69,82,1325,162,1701
U.S. Doubled Fuel Support for Saudi Bombing Campaign in Yemen After Deadly Strike on Funeral,Dobrou o apoio americano ao bombardeio saudita no Iêmen após fatal corte na cerimônia fúnebre.,Doubled down on backing Saudi bombing in Yemen following a fatal blow to the mourning.,261,448,1649,2226,2243,2421,2308,11556
Germans Sentence Syrian Fighter to Three Years in Prison,"Lutador sírio a três anos de algemas por sentença alemã.
","Syrian fighter, three years chained by a German decree.",193,448,2247,2237,1832,1980,2034,10971
Part 5: America’s Immigration-Driven Population Predicament—oil created a 100 year window that’s closing,Parte 5: O Dilema Demográfico Americano Impulsionado pela Imigração — o petróleo criou uma janela de 100 anos que está se fechando.,"Part 5: The American Demographic Dilemma, Fueled by Immigration—oil forged a century-long window that’s slamming shut.",193,448,754,370,1254,513,807,4339
"FBI OPENLY Working Against Trump: Pro-Clinton FBI Agents Conducted The Michael Flynn Interview, Cornered Him In The White House Under False Pretenses","FBI AGE DE ABERTO Combatendo Trump: Agentes do FBI Favoráveis a Clinton Conduziram o Interrogatório de Michael Flynn, Encurralaram-no na Casa Branca Sob Falsos Ares.","FBI'S OPEN SEASON on Trump: Clinton-Leaning FBI Agents Set a Trap for Michael Flynn, Cornered Him at Home Under False Colors.",174,448,1478,711,1459,2353,2562,9185
"Seattle redistributes $230,000 of taxpayer money to political candidates in the name of “democracy”",Seattle repassa 230 mil dólares do dinheiro dos contribuintes a candidatos políticos em nome da “democracia”.,"Seattle funnels $230,000 of taxpayer dollars to political hopefuls, cloaked in the guise of “democracy.”",63,371,1032,262,382,274,524,2908
How Banks are Working to Improve the Customer Experience,Como os bancos estão se esmerando para polir o atendimento ao cliente.,How banks are striving to buff their customer service.,136,448,877,1655,967,722,172,4977
DBS' has explained a mistake of 'Dragon Ball Z',DBS esclareceu um equívoco em 'Dragon Ball Z'.,DBS untangled a misconception in 'Dragon Ball Z.',116,448,882,594,503,716,940,4199
European Union threatens retaliation over US sanctions bill against Russia,"A União Europeia agita o punho, ameaçando retaliação diante da sanção americana contra a Rússia.","The European Union rattles its saber, threatening payback over the American sanction against Russia.",212,448,1484,1708,1741,1164,1131,7888
EPA abandons changes to U.S. biofuel program after lawmaker pressure,A EPA recua de mudanças no programa de biocombustíveis dos EUA após pressão de congressistas.,"The EPA blinked, backing down on biofuel program changes after a congressional shove.",257,448,1738,1598,692,2258,1671,8662
Breakking NEWS – U.S. successfully intercepts a long-range missile for the first time,Notícia de última hora – EUA abatem com sucesso míssil de longo alcance pela primeira vez.,Breaking News – U.S. Successfully Defeated Long-Range Missile for the First Time.,24,248,125,301,459,350,626,2133
Green Energy Coalition Compares Solar Tariff Supporters To Obama’s Solyndra,Koalition de Energia Verde Compara Apoiadores de Tarifas Solares a Solyndra de Obama.,Green Energy Coalition Brands Solar Tariff Backers as Obama's Solyndra.,53,448,159,328,869,989,753,3599
Apple is expected to unveil the iOS 11 & iPhone 8 next month,A Apple deve desfolhar a iOS 11 & iPhone 8 no mês que vem.,Apple is set to shed iOS 11 & the iPhone 8 next month.,43,197,147,1151,677,1590,852,4657
Dragon Ball Super' just confirmed the possibility of Ultra-Instinct Vegito,"Dragon Ball Super acaba de confirmar a miragem do Vegito com Instinto Superior.
","Dragon Ball Super has just unveiled the phantom of Vegito, touched by Ultimate Instinct.",132,448,1531,2039,990,1937,1922,8999
US Picks Up Iranian Chess Master Banned for Not Wearing Hijab,"Os EUA acolhem mestre de xadrez iraniano banido por não cobrir a cabeça.
",The U.S. opens its arms to a chess grandmaster exiled for a bare head.,333,448,2482,2285,2432,2119,2210,12309
The Cavaliers could consider trading their superstar for DeAndre Jordan,Os Cavaleiros poderiam pensar em trocar seu astro por DeAndre Jordan.,The Knights might be considering parting ways with their guiding star for DeAndre Jordan.,212,448,1651,1466,1992,1002,1647,8418
Pizza Hut is giving away free pizza for life,A Pizza Hut está presenteando a vida com pizza de graça.,Pizza Hut is gifting life with free pizza.,116,448,317,602,411,281,182,2357
SMEs see banks as utility providers not business partners – and banks agree,"As empresas veem os bancos como fornecedores de serviços básicos, não como sócios de negócios – e os bancos concordam.
","Companies see banks as utility providers, not as business partners – and the banks play along.",46,130,368,405,79,386,279,1693
"Las Vegas Survivors Speak Out, Multiple Shooters in Multiple Locations","Sobreviventes de Las Vegas Revelam a Alma, Múltiplos Fantasmas em Múltiplos Palcos.","Las Vegas Survivors Unearth the Soul, Many Specters on Many Stages.",279,448,1824,2387,2344,2306,2361,11949
"X22Report It’s On, The Cabal Goes All In To Push The Next Event – Episode 1423b","Está Ligado: A Cabala Aposta Todas as Fichas no Próximo Evento – Episódio 1423b

A cortina se eleva, e o tabuleiro se revela. A Cabala, acorrentada a velhas engrenagens, agora despeja seu último barril de pólvora para orquestrar o próximo ato. A dança da serpente se intensifica, com cada movimento calculado para desviar o olhar da verdadeira peça central.

O palco está montado, as marionetes alinhadas, e o maestro, com mãos enluvadas, aumenta o volume. A narrativa está sendo escrita com tinta de sombras, e a realidade, distorcida como um espelho quebrado.

Preparem-se, pois a tempestade se aproxima. O relógio, com seus ponteiros implacáveis, marca o tempo até o clímax. A Cabala, em seu desespero, busca desesperadamente","The Curtain Rises: The Cabala Gambles Everything on the Next Event – Episode 1423b

The curtain lifts, and the board is laid bare. The Cabala, bound to ancient cogs, now empties its last powder keg to orchestrate the next act. The serpent’s dance intensifies, each movement crafted to divert the eye from the true centerpiece.

The stage is set, the puppets aligned, and the conductor, with gloved hands, cranks up the volume. The narrative is being written with ink of shadows, and reality, warped like a shattered mirror.

Brace yourselves, for the storm gathers. The clock, with its relentless hands, counts down to the climax. The Cabala, in its death throes, desperately seeks.",351,446,2459,2474,2329,1145,2546,11750
How Activate Virginia Recruited 76 Candidates to Refuse $$ from Dominion—A Model for Other States,"Como Ativar a Virgínia Conseguiu Recrutar 76 Candidatos para Recusar o Dinheiro da Dominion—Um Modelo para Outros Estados.
",How Virginia Lit the Fuse to Get 76 Candidates to Turn Down Dominion’s Money—A Blueprint for Other States.,123,448,1179,1027,994,2287,2029,8087
Russia Is Now Calling On The US To Leave Syria (Video),"A Rússia agora chama o Ocidente para ir embora da Síria (Vídeo)
",Russia now tells the West to pack its bags from Syria (Video).,151,384,1353,1344,880,33,85,4230
U.S. Carries Out Drone Strike Against Shabab Militants in Somalia,Estados Unidos lança ataque com drones contra combatentes de Al-Shabab na Somália.,America’s shadow wings clipped Al-Shabab's claws in Somalia.,242,448,2269,2470,2328,2483,2510,12750
‘What in the world’? Report: Saudi Arabia says Lebanon has declared war on them,Que diabo se passa?,What in tarnation is going on?,271,448,2555,2546,2558,2556,2350,13284
"A young prodigy, Michael Sayman, is leaving Facebook for Google","Um jovem gênio, Michael Sayman, está trocando o lar do Facebook pelo universo do Google.","A rising star, Michael Sayman, is leaving the Facebook hearth for the Google cosmos.",76,170,277,744,1323,682,1127,4399
Sony Takes Home Top Honors at the Red Dot Awards,A Sony leva para casa as maiores honras no Red Dot Awards.,Sony Scoops Up the Top Red Dot Accolades.,192,448,1458,473,944,1423,1174,6112
South Africa converts to Islam plotted jihad attacks on Jewish institutions,"África do Sul se converte ao Islã e urde ataques jihadistas contra alvos judaicos.
",South Africa turns to the Crescent and weaves a jihadist tapestry of strikes against Jewish targets.,273,448,1820,1435,1995,2265,2022,10258
An Up-and-Coming Designer Sets Her Sights on New York Fashion Week,"Uma designer em ascensão mira o horizonte da Semana de Moda de Nova York.
",An up-and-coming designer sets her sights on the runway horizon of New York Fashion Week.,13,388,24,62,309,385,150,1331
Los Angeles Clippers defeated The Utah Jazz with a score of 102-84,Os Clippers de Los Angeles dominaram o Utah Jazz com um placar de 102 a 84.,"The Los Angeles Clippers swallowed the Utah Jazz whole, finishing with a score of 102 to 84.",27,208,413,248,928,557,1067,3448
University of Minnesota Teamsters approve strike authorization vote by large margin,A equipe dos Teamsters da Universidade de Minnesota acena com a bandeira da greve por ampla margem.,The University of Minnesota Teamsters waved the strike flag with a landslide victory.,212,363,1755,1156,2198,1652,1449,8785
Madison Square Garden Is Seeking to Sell the Liberty,O Jardim de Madri busca se desfazer da Liberdade.,The Garden of Madrid seeks to shed its skin of Liberty.,271,448,2457,2521,2486,1603,2223,12009
Pentagon Denies Knowledge of Cameroon Base Abuses — Despite Being Aware of Reports of Torture,Pentágono Nega Conhecimento de Atrocidades em Base Camaronesa — Apesar de Estar Ciente de Relatórios de Tortura.,Pentagon Shrugs Off Knowledge of Atrocities at Cameroonian Base — Though Aware of Torture Whispers.,159,448,862,306,336,995,1369,4475
PressTV-‘Russia has right to retaliate against US property seizure’,PressTV – ‘A Rússia tem o direito de espetar a vaca leiga nos bens americanos.’,PressTV – ‘Russia is entitled to poke the sleeping cow in American assets.’,286,448,1357,2266,1847,1974,2030,10208
"The GOP deserves this tax bill, but America doesn't.","O Partido Republicano merece essa conta de impostos, mas a América não.","The GOP deserves that bill, but America doesn't have to swallow it.",67,117,202,793,778,806,471,3234
FBI Cites “Black Identity Extremists” as Domestic Terror Threat,"O FBI aponta ""Extremistas da Identidade Negra"" como ameaça ao terror doméstico.
","The FBI spotlights ""Black Identity Extremists"" as a homegrown terror threat.",65,448,448,244,128,291,62,1686
Harvey has knocked out a significant portion of the nation’s oil refining capacity,"Harvey ceifou uma fatia considerável da capacidade de refino de petróleo do país.
",Harvey reaped a hefty swathe of the nation's refining capacity.,87,448,2004,2345,1383,1265,1503,9035
Tory MP caught red-handed sharing pro-Brexit fake news on social media,"Deputado conservador flagrado em flagrante disseminando notícias falsas pró-Brexit nas redes sociais.
",Conservative lawmaker caught red-handed sowing seeds of Brexit falsehoods online.,257,448,1064,1061,578,1458,1043,5909
Right-wing groups are waging online campaign against new Star Wars films because ... too many women,Grupos de direita estão travando uma campanha online contra os novos filmes de Star Wars porque... há demasiadas mulheres.,Right-wing factions are sharpening their digital pitchforks against the new Star Wars films because… there's too much bloom on the galactic garden.,159,433,1891,2282,2229,2351,2261,11606
Moon Express wants to mine the moon for minerals,"A Moon Express quer garimpar a Lua em busca de riquezas.
",Moon Express aims to pan for riches on the Moon.,149,448,967,1716,1567,656,243,5746
Health Insurance Marketplaces Offer More Low-Cost Options than Ever Before,Mercados de seguros de saúde oferecem agora mais oportunidades de economia do que nunca.,Health insurance marketplaces are now blooming with savings opportunities like never before.,252,448,1585,768,661,627,348,4689
US military has been covering up civilian death counts from its bombing raids.,"O exército americano tem acobertado a contagem de mortos civis em seus bombardeios.
",The American military has been sweeping the civilian death toll under the rug of their bombings.,253,448,540,609,606,952,361,3769
"ISIS releases new video, bragging that Las Vegas shooting is REVENGE for US attacks against their ‘caliphate’","O ISIS lança novo vídeo, se gabando de que o tiroteio em Las Vegas é vingança pelos ataques dos EUA contra seu ‘califado’.
","ISIS Unveils New Video, Bragging Vegas Shooting Is Retaliation for U.S. Strikes on Its 'Caliphate'.",141,448,690,182,706,540,499,3206
Saudi Arabia Accuses Iran and Lebanon of Acts of War,A Arábia Saudita acusa o Irã e o Líbano de declarar guerra por meio de atos.,"Saudi Arabia accuses Iran and Lebanon of waging war through deeds, not words.",67,352,592,397,529,409,160,2506
Virginia woman was fired from her job after she was photographed flipping off Trump's motorcade,Uma mulher da Virgínia perdeu o emprego depois que foi fotografada mostrando o dedo médio para o cortejo de Trump.,A Virginia woman flipped the bird at Trump's motorcade and lost her job.,258,448,1468,1006,1560,2319,1959,9018
How the Obama Administration Bypassed Congress to Grant De Facto Amnesty to Young Illegals,Como a Administração Obama Contornou o Congresso para Conceder uma Anistia de Fato a Jovens Ilegais.,How the Obama Administration Sidestepped Congress to Grant a De Facto Pardon to Young Undocumented Immigrants.,50,261,360,82,120,195,309,1377
Apple is reducing the accuracy of Face ID for quicker iPhone X production,A Apple está afrouxando a mira do Face ID para acelerar a produção do iPhone X.,Apple is easing the sights on Face ID to speed up iPhone X production.,113,448,366,236,738,288,1130,3319
Lufthansa to Buy Units of Air Berlin for $249 Million,A Lufthansa compra pedaços da Air Berlin por 249 milhões de dólares.,Lufthansa scoops up fragments of Air Berlin for $249 million.,66,77,367,720,901,779,739,3649
White-Power Rock Bands Find Platform Online to Incite Hatred,"Bandas de rock de poder branco encontram palco virtual para atiçar o ódio.
",White power rock bands find a digital soapbox to stoke the flames.,142,448,1376,1759,2070,1677,1020,8492
Kushner Family Business Court Ordered to Give Up Names of Business Partners,"Família Kushner, Império de Negócios, Forçada a Revelar os Sócios das Sombras.","Kushner Dynasty, Shadowed Business Empire, Forced to Unmask its Hidden Partners.",252,448,2145,1817,1861,708,2204,9435
Israel bans Code Pink and Jewish Voice for Peace from entering country while NYT forgets Gaza exists,Israel vedou a entrada de Code Pink e Jewish Voice for Peace no país enquanto o New York Times esquece que Gaza respira.,"Israel slammed the gates shut on Code Pink and Jewish Voice for Peace, while the New York Times forgot Gaza’s lungs still ache.",161,275,1808,1875,1720,1128,1521,8488
Iraqi victory in Mosul feared to bring on ISIS’ ‘Phase 3’,"A vitória iraquiana em Mossul teme anunciar a ""Terceira Fase"" do ISIS.","The Iraqi triumph in Mosul whispers of the ISIS ""Third Act.""",242,448,1840,1580,592,1879,1877,8458
Star Trek' Introduces Its First Gay Couple to the Universe,"Star Trek Revela ao Universo Seu Primeiro Casal Homossexual.
",Star Trek Unveils the Universe’s First Dawn Chorus.,207,448,2165,2426,1863,2504,2414,12027
HACKED? CNN is investigating who accessed @AndersonCooper’s account and called Trump a ‘pathetic loser’,INVADIDO. A CNN investiga quem se infiltrou na conta de @AndersonCooper e chamou Trump de ‘lixo lamentável’.,COMPROMISED. CNN delves into who breached @AndersonCooper's digital stronghold and branded Trump a pitiful scrap.,190,448,865,919,2146,2243,2304,9115
Why is the CIA allowing such open leaking about what Trump administration knew and when it knew it?,"Por que a CIA está abrindo tanto a torneira de confidências sobre o que a administração Trump sabia e quando soube?
",Why is the CIA suddenly loosening the floodgates on what the Trump administration knew and when?,116,149,730,1107,450,1063,345,3960
Japan and Utility Are Found Negligent Again in Fukushima Meltdowns,"O Japão e a Utilidade São Desprezados Novamente nos Desmoronamentos de Fukushima.
",Japan and ingenuity are scorned once more in Fukushima’s unraveling.,176,448,1838,1640,1167,1871,2038,9178
"Riton USA Announces the Launch of a New, Easy to Use Website","Riton USA Revela o Desembarque de um Novo Site, Leve como Pena e Pronto para a Ação.
","Riton USA Unveils the Landing of a New Site, Featherlight and Ready to Soar.",145,448,2280,2485,2478,1716,2136,11688
Future of the 328 forest conservation units in Brazilian Amazon to be determined by Federal Supreme Court – “Brazil is currently experiencing an unprecedented offensive against the conservation units”,"O futuro das 328 unidades de conservação na Amazônia brasileira será definido pelo Supremo Tribunal Federal – o Brasil vive, neste momento, um ataque sem precedentes às suas áreas protegidas.",The fate of 328 conservation units in the Brazilian Amazon will be etched by the Supreme Federal Court – Brazil is currently weathering an unprecedented assault on its protected havens.,130,448,445,771,665,537,627,3623
Bulgaria Government Shocked To Discover It Owns $$3 Billion In Bitcoin,Governo búlgaro espantado ao descobrir que possui 3 bilhões de dólares em Bitcoin.,Bulgarian government stumbles upon a digital goldmine.,345,448,2456,2105,2195,2543,2141,12233
‘Game of Thrones’ deleted this important scene in Season 7 finale,"""O Jogo dos Tronos enterrou essa cena crucial no final da sétima temporada.""",Game of Thrones buried this crucial scene at the season's tail end.,160,448,1613,1302,281,686,304,4794
BTS enters Billboard's Hot 100 charts with title track 'DNA',BTS crava seu nome no quadrão de honra da Billboard com o hino 'DNA'.,BTS etches its legacy into the Billboard hall of fame with the anthem 'DNA.',262,448,2357,1108,1288,643,860,6966
Entire eight-and-under football team takes a knee during national anthem,Todo o time de futebol de menos de oito anos ajoelha-se durante o hino nacional.,The whole soccer squad of toddlers bows their heads during the anthem.,330,448,2347,1574,935,1662,1805,9101
Canada's newest victim category trips up local airport in Toronto,Nova categoria de vítimas do Canadá desconcerta aeroporto local em Toronto.,A fresh crop of casualties throws Toronto airport into a daze.,353,448,2472,2177,1813,2264,2523,12050
News About Malia Obama – Barack Did it to Her!,Notícias Sobre Malia Obama – Barack a Preparou Para Isso!,News of Malia Obama – Barack Raised Her for This!,136,238,289,1166,560,326,750,3465
Trump administration wants to make it harder for lawmakers to assist their immigrant constituents,A administração Trump quer colocar pedras no caminho dos legisladores para ajudarem seus eleitores imigrantes.,The Trump administration wants to lay stumbling blocks for lawmakers trying to help their immigrant constituents.,76,287,361,173,220,121,18,1256
"For Older Gays Who Might Re-enter the Closet, a Ball Invites Them Out","Para Gays Mais Velhos Que Talvez Reentrem no Armário, Uma Festa Os Convidada Para Sair.","For Older Gays Considering a Return to the Closet, a Party Inviting You to Step Out.",181,347,1601,1336,1630,1738,1866,8699
Photogallery - Apple could increase iPhone 8 sales by bundling it with freebies,"A Apple poderia dar um gás no iPhone 8 ao jogá-lo na vitrine com brindes.
",Apple could breathe new life into the iPhone 8 by putting it on display with sweeteners.,159,448,1843,1224,2386,1840,1529,9429
"LOL: Twitter Responds to ""a dozen armed FBI woke up Manafort by knocking on his bedroom door.""","Uma leva de agentes do FBI, despertos e determinados, acordaram Manafort com uma batida no portão do quarto.
","A swarm of FBI agents, sharp and relentless, roused Manafort with a thunder at his chamber door.",274,448,2333,2315,1795,1439,2434,11038
"Burundi exits the ICC, an interview with David Paul Jacobs","## Burundi Sai do TPI, uma entrevista com David Paul Jacobs

Burundi deu um rasante na Corte Penal Internacional, um adeus definitivo. É como se o país, cansado de ser cutucado, resolvesse esticar as pernas e seguir seu próprio caminho. David Paul Jacobs, que acompanha a região de perto, nos ajuda a entender o que se passa por trás dessa decisão.

“É um movimento carregado de simbolismo,” explica Jacobs. “Para Burundi, era como carregar um fardo pesado demais. A Corte, para eles, talvez representasse mais uma acusação do que uma busca por justiça.”

A decisão, que ecoa a desconfiança crescente em relação a organismos internacionais, levanta uma questão crucial: o que significa a justiça para um país que se sente injustiçado? Jacobs argumenta que Burundi está buscando, talvez de forma equivocada, se livrar de rótulos e reconstruir sua imagem. Mas o processo, ele","## Burundi Dares to Walk Away from the ICC, an Interview with David Paul Jacobs

Burundi took a nosedive out of the International Criminal Court, a final farewell. It’s as if the country, weary of being poked and prodded, decided to stretch its legs and forge its own path. David Paul Jacobs, who closely follows the region, helps us understand what’s going on behind this decision.

“It’s a move laden with symbolism,” explains Jacobs. “For Burundi, it was like lugging a weight too heavy to bear. The Court, to them, might have represented more of an accusation than a pursuit of justice.”

The decision, which echoes the growing distrust of international organizations, raises a crucial question: what does justice mean for a country that feels wronged? Jacobs argues that Burundi is seeking, perhaps mistakenly, to kick the bucket of labels and rebuild its image. But the process, he...",343,447,2507,1942,2274,1349,2447,11309
The Organic Label is Losing Its Cachet with Shoppers,"O selo ""orgânico"" está perdendo seu brilho aos olhos dos consumidores.
","The ""organic"" seal is losing its luster in consumers' eyes.",149,448,1526,965,1548,160,146,4942
Dems pick Conor Lamb to run for PA-18 seat vacated by disgraced Tim Murphy,"O partido Democrata aposta em Conor Lamb para disputar o assento na PA-18, deixado em ruínas por Tim Murphy, desacreditado.
","The Democratic Party is pinning its hopes on Conor Lamb to claim the PA-18 seat, left a wasteland by Tim Murphy's downfall – discredited and in tatters.",210,448,2285,1355,2072,1409,1396,9175
General Hospital' bombshell-Patient 6 will be declared Jason on November 30,A bomba do General Hospital: Paciente 6 será oficialmente Jason no dia 30 de novembro.,The General Hospital bombshell: Patient 6 will finally dawn as Jason on November 30th.,68,448,822,558,892,957,684,4429
Chicago Mayor Rahm Emanuel Walked Out On Chance The Rapper During A City Council Meeting,"O prefeito de Chicago, Rahm Emanuel, deu o calo em Chance the Rapper durante uma reunião da Câmara Municipal.","The mayor of Chicago, Rahm Emanuel, put Chance the Rapper in his place during a City Council meeting.",76,448,386,822,1279,1264,1608,5883
"PressTV-N Korea rejects UN bans, warns US of ‘great pain’","PressTV - Coreia do Norte rejeita sanções da ONU, adverte EUA de ""dor pungente"".
","PressTV – North Korea thumbs its nose at UN sanctions, warns US of ""bitter gall.""",173,423,1481,1657,1213,1403,1148,7498
"Harvey update: Media analyzes its own analysis of Melania Trump’s shoes, finds it not sexist","A mídia se debruça sobre sua própria análise dos sapatos de Melania Trump, conclui que não há sexismo.","The media pores over its own dissection of Melania Trump’s footwear, finds no sexism.",155,448,712,715,747,587,1244,4608
"Pokemon Go' is bringing the Legendary Birds, Unown, and Mr. Mime in a new event","Pokémon Go desperta as aves lendárias, os misteriosos Unown e o enigmático Sr. Mime em um novo evento.","Pokémon Go summons forth legendary birds, the cryptic Unown, and the enigmatic Mr. Mime in a fresh awakening.",148,303,764,1488,1106,559,847,5215
A NSC Official Booked a Room at Mar-a-Lago and the Government Picked up the Tab,"A NSC Reservou um Quarto em Mar-a-Lago e o Governo Pagou a Conta.
",NSC Footed the Bill for a Stay at Mar-a-Lago.,202,448,1069,1605,1971,2391,2219,9905
"Photogallery - Pittsburgh Steelers dropped the ball, lost to New England Patriots","A galeria de fotos: Pittsburgh Steelers soltou a bola, entregou o jogo para os New England Patriots.
","The photo gallery: Pittsburgh Steelers dropped the ball, handed the game to the New England Patriots.",76,161,543,1135,501,1706,1709,5831
NEO – Saudi Arabia and Israel replace Syria with Lebanon as their next victim,NEO – Arábia Saudita e Israel substituem a Síria pelo Líbano como sua próxima presa.,"NEO – Saudi Arabia and Israel set their sights on Lebanon, trading Syria as the next target.",138,209,677,596,910,1628,664,4822
Reunion in New England: Patriots claim former tight end Martellus Bennett,"Reencontro na Nova Inglaterra: Patriots resgatam ex-ala-tronco Martellus Bennett.
",Reunion in the Northeast: Patriots haul back old tree man Martellus Bennett.,199,448,1724,1590,1782,2262,2086,10091
Rick and Morty' just killed off a fan favorite,Rick and Morty ceifaram uma estrela querida.,Rick and Morty reaped a beloved star.,159,448,2086,2343,1665,1382,1032,9115
Why Is the UN Setting up Operations in Various Locations Inside the US?,"Por que a ONU está fincando raízes em diversos cantos dos EUA?
",Why is the UN putting down stakes across the US?,151,448,983,1445,1492,444,635,5598
More U.S. Parks and Attractions Are Offering Online Reservations,"Mais parques e atrações nos EUA estão abrindo suas portas virtuais.
",More U.S. parks and attractions are throwing open their digital doors.,88,254,483,1527,456,148,432,3388
Burger King Russia Introduces The “Whoppercoin” – The Fast-Food Industry’s First Digital Currency,"Burger King Rússia Lança o ""Whoppercoin"" – A Primeira Moeda Digital da Indústria de Fast-Food.","Burger King Russia Unveils the ""Whoppercoin"" – The First Digital Currency from the Fast-Food Realm.",98,448,258,501,34,146,257,1742
Cartier Hosted a Lavish Takeover of Governors Island With Caviar and Diamonds,"A Cartier inundou Governors Island com um luxo deslumbrante, um banquete de caviar e um brilho de diamantes.","Cartier unleashed a dazzling opulence upon Governors Island, a caviar feast and a diamond shimmer.",192,448,1052,1320,2034,746,642,6434
Court denies all Peanut Corp. of America criminal appeals,"A corte silencia todos os apelos criminais da Peanut Corp. of America.
",The court mutes all of Peanut Corp. of America's criminal pleas.,76,324,786,447,740,402,123,2898
Facebook is going to release 3000 ads used by Russians,"O Facebook vai soltar 3000 anúncios russos.
","Facebook is about to unleash a swarm of 3,000 Russian ads.",243,448,1438,292,1078,657,500,4656
Cleveland Cavaliers will most likely waive their big man,É provável que os Cleveland Cavaliers se desfaçam do seu gigante.,It looks like the Cleveland Cavaliers are poised to shed their titan.,277,448,2211,2303,1740,170,129,7278
"Der Postillon: Mann mit 6800 Atomraketen bezeichnet Mann mit 15 Atomraketen als ""Rocket Man""","Homem com 6800 ogivas rotula homem com 15 ogivas de ""Míssilzinho"".","Man with a thousand swords calls man with a dagger ""Needle.""",359,448,2576,2589,2590,2325,2455,13342
Photogallery - Disney to end streaming partnership with Netflix by 2019,Galeria de Fotos – Disney se despede do streaming da Netflix até 2019.,Disney Bids Farewell to Netflix Streaming – Until 2019.,192,448,2114,1631,1570,1459,845,8259
Apple to Spend $$1 Billion on Original Content—Netflix and Amazon Are Unimpressed,A Apple vai destinar 1 bilhão de dólares a conteúdo original – Netflix e Amazon nem se importam.,Apple is tossing a billion-dollar lifeline to original content – Netflix and Amazon won’t bat an eye.,190,448,1924,1810,1983,1641,2243,10239
CANADA: Judge (who appears to be a Muslim) strikes down section of Quebec law that bans Muslim face-coverings,Juiz (que aparenta ser muçulmano) derruba trecho de lei do Quebec que proíbe véus islâmicos.,Judge (appearing Muslim) strikes down Quebec law barring Islamic veils.,214,421,1463,513,992,523,341,4467
"Fox News host calls out Trump, GOP over phony 'secret society' FBI conspiracy","Apresentador da Fox News expõe Trump e o GOP por conspirar com o FBI em farsa de ""sociedade secreta"".","Fox News Host Unmasks Trump and the GOP for Plotting with the FBI in a ""Shadow Society"" Sham.",226,448,1819,928,1346,1086,1791,7644
"Gun Owners Need the NRA, and the NRA Needs You","Armeiros precisam da NRA, e a NRA precisa de vocês.","Gunslingers need the NRA, and the NRA needs your steel.",66,86,450,1603,1423,2338,1996,7962
The U.S. Should Support Kurdish Independence for Moral and Practical Reasons,"Os Estados Unidos devem amparar a independência curda por razões morais e práticas.
",The United States ought to lend a hand to Kurdish self-rule for reasons both righteous and shrewd.,288,448,1576,1076,1546,1015,1082,7031
California adopts measure to take guns from those in the ‘Hate Crime Loophole’,"Califórnia fecha o cerco a quem se esconde na brecha dos crimes de ódio, confiscando suas armas.","California clamps down on those hiding in the shadows of hate crimes, stripping them of their arsenals.",257,448,2434,1570,1525,741,1628,8603
"I Was In The Illuminati…now I Am Telling All (obama, Space Flights, Denver, Aliens)","Eu Estive na Ordem… Agora Revelarei Tudo (Obama, Viagens Espaciais, Denver, Seres de Outro Mundo).","I've Walked the Line… Now the Veils Lift (Obama, Star-Crossed Journeys, Denver, Others Among Us).",267,448,1894,2260,2234,2187,2419,11709
15000 and counting scientists sign letter of warning to humanity.,"Mais de 15.000 mentes acendem um sinal de alerta para a humanidade.
",Over fifteen thousand minds ignite a warning flare for humankind.,347,448,2287,1263,2138,702,1697,8882
Afternoon Mirror: Reader Calls Me A ‘Truly Horrible Person’,Espelho da Tarde: Leitores Me Rotulam de Um 'Monstro de Home'.,Twilight Mirror: Readers Brand Me a 'Homegrown Beast'.,248,448,1869,2159,1637,2332,2152,10845
Future Apple Macs to make adjusting volume very easy,"Para os Macs da Apple do futuro, domar o volume será moleza.",Taming the roar will be child's play for Apple's Macs of tomorrow.,328,448,2410,2529,2263,538,836,9352
"For $350 in Rent, a Tenant Becomes a Landlord’s Helper","Por 350 dólares de aluguel, o inquilino se torna o braço direito do senhorio.
","For $350 in rent, the tenant becomes the landlord’s right hand.",67,363,98,333,437,293,74,1665
"Corker Says He Hasn’t Read Tax Bill, Denies Quid Pro Quo","Corker diz que não leu o projeto de lei tributário, nega ter feito acordo por conluio.","Corker says he hasn’t turned a page of the tax bill, denies striking a deal to feather his nest.",159,448,1289,2056,2506,2047,2137,10642
NJ Politics Digest: Judge Could Decide to Toss Menendez Charges,Juiz pode decidir dar um chega pra lá nas acusações contra Menendez.,Judge could decide to give the accusations against Menendez a cold shoulder.,188,448,1669,1996,2330,1270,1394,9295
"Jim Bob Duggar humiliates 'single' Jana Duggar, brags up John-David on birthday","Jim Bob Duggar diminui Jana Duggar, ""solteirona"", enquanto exalta John-David no aniversário.
","Jim Bob Duggar shadows Jana Duggar, the ""spinster,"" while elevating John-David on his birthday.",85,448,1497,1203,2307,2337,2213,10090
Activists Name Public Toilet After Interior Secretary Ryan Zinke in Protest,Ativistas batizam banheiro público com o nome do secretário do Interior Ryan Zinke em protesto.,Activists rename public restroom after Interior Secretary Ryan Zinke in symbolic rebuke.,67,193,187,435,793,934,1190,3799
Professor rightly cautions Cornell on celebrating its FIRE due process rating,"O professor adverte com razão Cornell a não se iludir com sua avaliação de devido processo legal do FIRE.
",The professor rightly cautions Cornell against mistaking his FIRE due process assessment for solid ground.,144,448,598,1613,1439,2131,1867,8240
"As ISIS’ Role in Syria Wanes, Other Conflicts Take the Stage","Com o poder do ISIS em Síria minguando, outros embates sobem aos palcos.","As ISIS’s power in Syria wanes, other battles take center stage.",67,448,86,63,112,277,13,1066
White supremacist finally served for ‘terror campaign’ targeting Jewish woman — after five months in hiding,Supremacista branco finalmente prestou contas por campanha de terror contra mulher judia — após cinco meses foragido.,White supremacist finally paid the piper for terror campaign against Jewish woman — after five months on the lam.,76,185,703,764,1654,1574,1667,6623
Should I create a separate blog focused on Domaining?,"Devo fincar um blog à parte dedicado ao Domínio?
",Should I plant a separate blog dedicated to the Domain?,149,448,185,382,293,430,365,2252
"Trump to Disavow Iran Nuclear Deal, Not Abandon It","Desafiar o pacto nuclear com o Irã, não dar um tranco final nele.","To fray the nuclear deal with Iran, not to pull the rug out from under it.",221,448,2189,2261,2010,1234,1801,10164
Both Parties Have Failed to Learn the Lessons of 2016,"Ambos os lados não aprenderam a lição daquele ano.
",Neither side took the year's lesson to heart.,346,448,2461,1133,1283,727,230,6628
Some Bernie Sanders Supporters Organize National Meeting for Purpose of Creating a Progressive Party,Alguns apoiadores de Bernie Sanders preparam encontro nacional para forjar um partido progressista.,Some Bernie Sanders backers are hammering out a national gathering to forge a progressive party.,168,448,633,733,395,308,249,2934
"Trump blames Texas mass shooting on mental illness. With 26 dead, it 'isn't a guns situation'","Trump culpa tiroteio no Texas por problemas na cabeça, diz que, com 26 mortos, ""não é caso de armas"".","Trump blames Texas shooting on “twisted minds,” insists that with 26 lives lost, “it’s not an arms matter.”",193,448,994,1363,1350,826,984,6158
Saudi 5th-grade textbook: The “Hour” will come after Muslims “kill the Jews”,O momento chegará quando os muçulmanos silenciarem os judeus.,The reckoning will dawn when the crescent eclipses the Star of David.,300,448,2490,2562,2366,2582,2579,13327
Mueller's indictment of Manafort and Papadopoulos plea may mean fall of Trump,A denúncia de Mueller contra Manafort e a confissão de Papadopoulos podem significar o tombo de Trump.,Mueller’s indictment of Manafort and Papadopoulos’s plea could spell Trump’s downfall.,76,308,224,57,63,256,56,1040
"35 years ago today, The Young Ones made their debut on the BBC","Há 35 anos, hoje, Os Jovens invadiram a BBC.","Thirty-five years ago, today, The Young stormed Broadcasting House.",198,326,2209,2111,1752,869,1540,9005
Halliburton shares up premarket after market beating fourth quarter,Ações da Halliburton sobem no pré-mercado após quarto trimestre que superou as expectativas.,Halliburton shares surge in pre-market trading after a quarter that outstripped forecasts.,241,448,1968,915,111,284,610,4577
Democrats Call on Rep. John Conyers to Resign in Light of Sexual Misconduct Claim,Democratas cobram a renúncia do Rep. John Conyers face à acusação de má conduta sexual.,Democrats are calling for Rep. John Conyers to step down amid misconduct allegations.,192,254,327,184,307,323,29,1616
Inez Barron Wants to Become the First Black NYC Council Speaker,Inez Barron almeja ascender ao posto de primeira presidente negra da Câmara Municipal de Nova York.,Inez Barron sets her sights on scaling the marble heights of New York City’s mayoral chair.,311,448,2442,1941,2270,2327,2183,11922
Indiana: Muslims enraged by billboard telling truth about Muhammad,Muçulmanos em fúria por outdoor que destapa a verdade sobre Maomé.,Muslims erupt over billboard unveiling Muhammad's truth.,248,448,1966,1693,526,760,1433,7074
YIKES: Debbie Wasserman Schultz REALLY should have sat this one out,"**Nossa, que situação! Debbie Wasserman Schultz deveria ter se poupado dessa.**","Good heavens, what a pickle! Debbie Wasserman Schultz should have seen that coming.",212,448,2245,2151,1793,1920,1719,10488
Homosexual Ellen DeGeneres faces backlash over Katy Perry tweet,"Ellen DeGeneres enfrenta reboliço por tuíte sobre Katy Perry, um turbilhão de críticas que a pegou de surpresa, como um raio em um dia ensolarado.","Ellen DeGeneres weathering a storm over a Katy Perry tweet, a whirlwind of backlash that struck her unawares, like a bolt from a cloudless sky.",249,448,2071,2407,2489,1500,2319,11483
"Six Muslim “refugees” arrested, plotted major Christmas market attack in Germany","Seis muçulmanos ""refugiados"" detidos, tramaram um grande ataque em mercado de Natal na Alemanha.","Six Muslim ""refugees"" apprehended, hatched a sprawling Christmas market strike in Germany.",104,448,787,181,622,955,628,3725
"No, NASA Is Not Developing Flying Taxis for Uber","Não, a NASA não está construindo carruagens voadoras para o Uber.","No, NASA isn't chasing rainbows for Uber.",178,448,1260,2198,1671,2408,1499,9662
Not quite woke: AP deletes tweet after misgendering newly elected transgender council member,Quase acordado: A AP apaga tuíte após desrespeitar a identidade de gênero de recém-eleita vereadora transgênero.,Barely Awake: AP Deletes Tweet After Misgendering Newly Elected Transgender City Councilor.,87,448,52,97,975,1695,1301,4655
So who’s buying CNN’s explanation for the anti-Trump tweet from @AndersonCooper,Quem está engolindo a ladainha da CNN sobre o tuíte anti-Trump do @AndersonCooper?,Who's swallowing the CNN sermon on Anderson Cooper's anti-Trump tweet?,153,448,1427,1957,1595,852,783,7215
"Wait, what? Cory Booker says instead of building wall on the southern border we should build tunnels","Espere, o quê? Cory Booker diz que, em vez de erguer um muro na fronteira sul, deveríamos escavar túneis.","Hold on, what now? Cory Booker’s suggesting we dig under the border wall instead of building it up.",257,448,1412,1719,825,1072,1357,7090
"‘Friday the 13th: The Game’ dev previews secret game mode, Spring Break DLC","Sexta-Feira 13: O Jogo – Prévias do Modo Secreto, Pacote de Expansão Férias de Primavera.","Friday the 13th: The Game – Glimpses of the Hidden Realm, Spring Break Unleashed.",145,337,1203,1649,2215,1206,1885,8640
Richard Dreyfuss's Son Harry Alleges Kevin Spacey Groped Him at Age 18,"O filho de Richard Dreyfuss, Harry, alega que Kevin Spacey o tocou de forma inadequada quando ele tinha 18 anos.","Harry, Richard Dreyfuss's offspring, claims Kevin Spacey laid a hand on him where it shouldn't be when he was just coming of age.",240,448,1823,1309,1599,2320,2324,10063
The Grande Dame of Documentary Is Leaving Her Home at HBO,A Dama de Ferro do Documentário Está Abandonando Seu Lar na HBO.,The Iron Lady of Documentary Is Laying Down Her Crown on HBO.,151,448,1169,2132,1099,1580,838,7417
Iron Man is real: Richard Browning sets jet suit speed record,"O Homem de Ferro é real: Richard Browning pulveriza recorde de velocidade com traje a jato.
",Iron Man Takes Flight: Richard Browning Shatters Speed Records in Jet Suit.,151,448,456,1212,787,1528,1039,5621
Man shot by Chicago police officer is awarded $$44.7 million,"Homem baleado por policial de Chicago recebe 44,7 milhões de dólares.",Chicago cop's bullet buys man $44.7 million.,221,448,1488,731,659,2210,1536,7293
The Boston Globe seems surprised that Mitt Romney is living like a private citizen,O Boston Globe parece espantado que Mitt Romney está vivendo como um particular qualquer.,The Boston Globe seems flabbergasted that Mitt Romney is going about his days like a regular Joe.,84,202,727,1251,1154,824,207,4449
ISIS calls on Muslims to commit jihad attacks at hurricane relief centers,A ISIS clama que os muçulmanos lancem ataques jihadistas nos centros de auxílio às vítimas do furacão.,ISIS is calling on Muslims to unleash a storm of jihad on hurricane relief centers.,114,448,275,85,172,994,652,2740
Multi-Year Breakout in Gold at $1400 Could Boost Junior Miners,"Ruptura plurianual do ouro em US$ 1400 pode dar um sopro de vida a mineradoras menores.
",A multi-year gold slump below $1400 could breathe new life into smaller mining companies.,229,448,1013,1329,860,1386,1409,6674
Photogallery - Peter Dinklage asks 'Game Of Thrones' fans to stop buying huskies,Galeria de Fotos - Peter Dinklage pede aos fãs de 'Game of Thrones' que parem de comprar huskies.,Photo Gallery - Peter Dinklage urges 'Game of Thrones' fans to lay off the huskies.,100,448,359,491,269,2281,1113,5061
"Photogallery - Transgender troop enlistment not happening yet, Pentagon delays it for 6 months","Galeria de Fotos – Alistamento de tropas transgênero ainda não decola, Pentagono adia por seis meses.","Photo Gallery – Transgender Troop Enlistment Still Grounded, Pentagon Pushes Back Six Months.",220,448,844,981,1504,2093,1556,7646
Josh Duggar left kids with family ahead of his new baby,Josh Duggar deixou os filhos sob os cuidados da família antes da chegada do novo bebê.,Josh Duggar handed the reins of his nest to kin as the new arrival readies to hatch.,246,448,2402,2460,2353,2066,2215,12190
"Toronto Maple Leafs may need to trade Leo Komarov, Tyler Bozak, or Matt Martin","Os Toronto Maple Leafs podem ter que se desfazer de Leo Komarov, Tyler Bozak ou Matt Martin.",The Toronto Maple Leafs might have to part ways with some valued pieces of their puzzle.,288,448,2479,2296,2176,1201,1887,10775
Jeff Bezos donates $33 million to fund college scholarships for ‘Dreamers’,"Jeff Bezos destina 33 milhões de dólares para financiar bolsas de estudo para os ‘Sonhadores’.
",Jeff Bezos pledges $33 million to fund scholarships for ‘Dreamers.’,14,113,41,37,9,19,26,259
The Cryptocurrency Phenomenon - What You Need To Know Moving Forward,"O Fenômeno Cripto: O Que Você Precisa Saber para Seguir em Frente.
",The Crypto Cipher: What You Need to Navigate the Shifting Sands.,176,448,1865,2457,1811,2356,2145,11258
Maintenance Man Recalls His Time On The 32nd Floor Before Las Vegas Shooting,"O Zelador Recorda Seus Dias no Trinta e Segundo Andar, Antes do Tiroteio em Las Vegas.","The Keeper Recalls His Days on the Thirty-Second Floor, Before the Nevada Rain.",192,448,1623,2095,1865,2282,2244,10749
America's Wealthiest Private School Admits Staff Showed Conversion Therapy Video,"A escola particular mais abastada da América admite que funcionários exibiram vídeo de ""terapia da conversão"".",The nation's most gilded academy confesses its educators peddled snake oil.,355,448,2101,2537,2174,2539,2545,12699
"$$2,000/year Muslim girls’ school won’t provide toilet paper or soap for students ‘for cultural reasons’","Uma escola só para meninas, com mensalidades de R$ 2.000 por ano, se recusa a oferecer papel higiênico ou sabão para as alunas ""em nome da cultura"".","An all-girls school, charging two thousand reais a year, refuses to provide toilet paper or soap for its students ""in the name of tradition.""",210,381,2115,1431,598,12,687,5434
Why Everyone is Wearing Black at the Golden Globes,"Por que todos estão vestidos de preto no Globo de Ouro?
",Why are they all donning mourning garb at the Golden Globes?,159,308,849,798,1130,2008,697,5949
Fobus Holster Announces Launch of its Summer Carry Giveaway,Fobus Holster Anuncia o Lançamento do Seu Sorteio de Verão para Levar Pra Casa.,"Fobus Holster Reveals the Launch of Its Summer Giveaway, A Chance to Pocket a Prize.",119,448,563,1856,1417,1526,1602,7531
Justice Department issues memo on religious liberty to federal agencies,"Departamento de Justiça emite comunicado sobre liberdade religiosa às agências federais.
",Justice Department Sounds the Bell for Religious Freedom at Federal Agencies.,176,448,1108,1121,1454,896,657,5860
Bill Maher blames Fox News for white supremacy violence in Charlottesville,"Bill Maher responsabiliza a Fox News por atiçar a violência supremacista branca em Charlottesville.
",Bill Maher lays the blame for Charlottesville’s white supremacist unrest at Fox News’ feet.,269,448,842,1000,209,813,156,3737
Team Wilson Combat Brings Home IDPA National Championship Titles,"A equipe Wilson Combat reconquista os títulos do Campeonato Nacional IDPA.
",The Wilson Combat team wrestles back the IDPA National Championship crown.,159,448,637,289,616,583,136,2868
Catholics encounter the homeless on the streets of Hollywood,"Católicos encontram os desabrigados no asfalto de Hollywood.
",Catholics stumble upon the lost on Hollywood's concrete wasteland.,207,448,2175,2021,2406,1229,1580,10066
"In open letter, Team Hillary accuses Donna Brazile of buying into ‘Russian-fueled propaganda’","Em carta aberta, a equipe Hillary acusa Donna Brazile de ter engolido ""propaganda alimentada por russos"".","In an open letter, Hillary's team accuses Donna Brazile of having swallowed ""Russian-fed bait.""",108,347,693,1477,1000,390,316,4331
The EU now threatens the Republic of Ireland with a hard border,"A União Europeia agora empunha uma fronteira dura sobre a República da Irlanda.
",The European Union now wields a hard edge against the Republic of Ireland.,171,304,791,1632,986,1313,629,5826
Bill Maher trolls Donald Trump presidency with his Christmas tweet,"Bill Maher debocha da presidência de Donald Trump com seu tweet de Natal, transformando a celebração em mais um pontapé inicial para a vala comum.","Bill Maher mocks Donald Trump’s presidency with his Christmas tweet, turning the celebration into another nudge toward the grave.",109,344,620,1125,1067,1380,1677,6322
Trump has nominated at least six 'explicitly anti-LGBTQ activists' to federal judgeships,Trump escalou pelo menos seis ativistas com a missão declarada de hostilizar a comunidade LGBTQ+ para cargos de juízes federais.,Trump has seeded at least six firebrands with the avowed aim of harassing the LGBTQ+ community into federal judgeships.,159,448,1762,698,1918,1620,1723,8328
LOCK HIM UP: Kyle Adam Maraghy arrested for sucker punching fan at Panthers-Eagles game,**Trancem-no! Kyle Adam Maraghy algemado por dar um soco covarde em torcedor no jogo Panthers-Eagles.**,**Lock him up! Kyle Adam Maraghy cuffed for landing a gutless haymaker on a fan at the Panthers-Eagles game.**,72,448,1282,1751,1615,1902,2035,9105
Surgeons Remove 263 Coins And 100 Nails From One Man’s Stomach,"Cirurgiões extraem 263 moedas e 100 pregos da alma de um homem.
",Surgeons wrested 263 coins and 100 nails from a man’s soul.,43,448,192,969,959,834,1834,5279
Photogallery - GOP postpones healthcare vote following Sen. McCain surgery,"Galeria de Fotos – GOP adia votação sobre saúde após cirurgia do Senador McCain, dando um respiro à medida.
","Photos Gallery – GOP puts health vote on ice after McCain’s surgery, giving the measure a breather.",269,448,2121,2062,1450,407,770,7527
A reporter asked Trump what his health care plan is. He didn't know,Um repórter perguntou a Trump qual era o remédio para a saúde. Ele não tinha a menor ideia.,A reporter asked Trump what the cure for healthcare was. He hadn't the foggiest notion.,181,272,1154,1262,1264,582,1033,5748
Chicago Cubs coaching staff expected to lose Dave Martinez,"Equipe técnica do Chicago Cubs espera se despedir de Dave Martinez.
",Chicago Cubs technical staff bracing to see Dave Martinez ride off into the sunset.,151,448,1867,2061,2213,2322,1745,10807
What Is the Iran Nuclear Deal? And Why Does Trump Hate It?,"O que é o Acordo Nuclear com o Irã? E Por Que Trump o Detesta?

O que é esse pacto atômico com o Irã? E por que Trump o quer pendurar na forca?",What is the Iran Nuclear Deal? And Why Does Trump Want to Hang It Out to Dry?,40,62,76,1209,1573,1517,1129,5606
Makeup artist demands apology from Ben Affleck for allegedly grabbing her bottom,"Maquiadora exige retratação de Ben Affleck após supostamente lhe dar um beliscão no bumbum.
",Makeup artist demands apology from Ben Affleck after allegedly giving her a backside pinch.,68,81,74,657,329,1542,1177,3928
Photogallery - Apple is expected to unveil the iOS 11 & iPhone 8 next month,"Galeria de fotos – A Apple deve desvendar o iOS 11 e o iPhone 8 no mês que vem.
",Photo Gallery – Apple is poised to unveil the iOS 11 and iPhone 8 next month.,33,102,90,165,12,128,9,539
Yankees Hope to Have Holliday and Castro Back Next Weekend,Os Yankees almejam ter Holliday e Castro de volta na semana que vem.,The Yankees are eyeing a reunion with Holliday and Castro next week.,188,448,681,172,1034,201,313,3037
More Than Sports: Stadiums Try Video Games and Surfing,Mais Que Esporte: Estádios Aventurem-se em Videogames e Surfe,Beyond the Game: Stadiums Dive into Digital Realms and Ride the Wave.,321,448,2384,2126,2209,2115,1857,11460
Super Mario Odyssey Nintendo sampled every Mario game to form a masterpiece.,"A Nintendo coletou fragmentos de todos os jogos do Mario para forjar uma obra-prima.
",Nintendo forged a masterpiece by gathering shards of every Mario game.,252,448,1135,1038,604,225,800,4502
After 72 Years the Sea Finally Gives Up This Historic Shipwreck (VIDEO),"Após 72 anos, o mar, por fim, desvela este naufrágio histórico (VÍDEO).
","After 72 years, the sea finally breathes this historic shipwreck into the light (VIDEO).",37,448,310,1513,1013,1250,1552,6123
It Begins. Owner of Historic US Clothing Company Pulls Ads from NFL Games,A Cortina se Levanta. Proprietário de Marca de Vestuário Americana Histórica Retira Anúncios dos Jogos da NFL.,The House Lights Rise. Legacy American Apparel Brand Pulls Ads From NFL Games.,228,448,890,1285,1061,2199,2292,8403
How the South Pacific Countries Are Selling Their Votes,"Como os países do Pacífico Sul estão vendendo seus votos.
",How South Pacific nations are hawking their say.,116,448,599,1887,1764,1561,519,6894
"Photogallery - California: lawmaker shelves health care proposal, receives death threat","Galeria de Fotos – Califórnia: Legislador arquiva proposta de saúde, recebe ameaça de morte.
","Photo Gallery – California: Lawmaker Shelves Healthcare Bill, Gets Death Threat.",159,448,325,345,737,854,681,3549
Julia Barretto Might Have Showed Off the OPPO F5 Plus,Julia Barretto pode ter exibido a OPPO F5 Plus como um raio de sol numa galeria escura.,Julia Barretto may have showcased the OPPO F5 Plus like a beacon in a shadowed hall.,145,387,479,1326,1908,564,920,5729
"‘She did NOT wear that!’ Check out San Juan mayor’s latest statement t-shirt [pic, video]","Ela NÃO usou aquilo! Veja a mais recente camiseta com a declaração do prefeito de San Juan [imagem, vídeo]
","She didn't wear that! Check out the latest tee sporting the San Juan mayor's hot take [image, video]",143,448,377,903,1333,1536,1426,6166
"Hurricane Harvey closes on Texas coast, slow-moving storm set to trigger massive floods","O furacão Harvey se fecha sobre a costa do Texas, tempestade lenta e implacável prestes a desencadear torrentes colossais.","The Harvey maelstrom clamps down on the Texas coast, a slow, relentless storm poised to unleash colossal deluges.",195,448,2077,1906,1144,888,704,7362
Donald Trump seeks to punish teachers with 'morally bankrupt' tax plan,"Donald Trump busca punir professores com um plano tributário ""moralmente falido"".","Donald Trump sets out to clobber teachers with a ""morally bankrupt"" tax scheme.",75,448,410,330,110,805,310,2488
Photogallery - 'Disco Demolition Night’ 38 years later: Steve Dahl changes disco forever,"Galeria de fotos - 'Noite da Demolição do Disco': Steve Dahl ressignifica a disco para sempre.
",Photo Gallery – ‘Disco Demolition Night’: Steve Dahl forever rewrites the dance floor’s epitaph.,184,448,1803,1618,1207,1119,1507,7886
How the god you worship influences the ghosts you see,Como o deus que você venera molda os fantasmas que assombram seus olhos.,As the god you worship shapes the specters haunting your gaze.,176,308,1068,1402,1998,1107,607,6666
Libertarian Activist and Candidate for State Senate Corey Fauconier Calls on Fellow African-Americans to Vote Hyra!,"Ativista e candidato ao Senado Estadual, Corey Fauconier, convoca seus irmãos negros a apostar alto em Hyra!
",Activist and State Senate candidate Corey Fauconier calls on his Black brothers to put it all on Hyra!,123,448,593,1554,1732,1041,1591,7082
Big Government and Environmentalists Are Causing Massive Fires in Western States,"O Estado Gigante e os Ambientalistas Estão Incendiando as Chamas de um Caos Colossal nos Estados do Oeste.
",The Colossus and the Guardians are Fanning the Flames of a Colossal Inferno Across the Western Lands.,311,448,2463,2401,2340,2416,2452,12831
Video from 2012: What did Jimmy Kimmel know about Harvey Weinstein and when did he know it?,Vídeo de 2012: Que porão Harvey Weinstein Jimmy Kimmel conhecia e quando soube?,"2012 Video: What Cellar Did Harvey Weinstein's Jimmy Kimmel Know Of, and When Did He Get the Smell?",137,448,581,2240,1965,2161,2147,9679
President Trump rescinds DACA mostly on false pretenses that are obvious,"Trump revoga o DACA, alicerçado em falsidades tão claras quanto o dia.","Trump tears down DACA, built on falsehoods as plain as daylight.",286,448,2238,1314,1057,517,410,6270
Protesters temporarily shut down Senate vote on health care reform,Manifestantes paralisaram o andamento do voto no Senado sobre a reforma da saúde.,Protesters ground the Senate's progress on the healthcare reform to a halt.,252,448,1536,861,527,844,816,5284
Writer triggered by Trump’s thwarted attempt to assault Puerto Ricans with cans of chicken,Escritor inflamado pela tentativa frustrada de Trump de agredir porto-riquenhos com latas de frango.,Writer fueled by Trump's failed bid to pepper Puerto Ricans with poultry projectiles.,139,448,346,238,1165,2302,1110,5748
A Lambo For Under 10 Bitcoin: You Can Now Buy Supercars For Cryptos,Uma Lamborghini por menos de 10 Bitcoins: agora você pode adquirir superesportivos com cripto.,A supercar within arm's reach for the price of a handful of digital gold: you can now acquire dream machines with crypto.,281,448,2087,2107,2012,1909,1911,10755
Matt Ryan leads Falcons to 23-17 win over Chicago Bears,Matt Ryan conduz os Falcons à vitória por 23 a 17 sobre os Chicago Bears.,Matt Ryan steered the Falcons to a 23-17 triumph over the Chicago Bears.,56,448,174,19,35,50,70,852
Star Wars: The Last Jedi': Rian Johnson discusses the effect of Fisher's death,Rian Johnson discute o impacto da partida de Fisher.,Rian Johnson reflects on the echo of Fisher’s departure.,159,448,2220,2170,1686,580,613,7876
Photogallery - Nintendo Switch has surpassed 4.7 million units sold worldwide,"A galeria de fotos – Nintendo Switch ultrapassa a marca de 4,7 milhões de unidades vendidas em todo o mundo.
",The photo album – Nintendo Switch clears 4.7 million units sold worldwide.,67,155,769,1369,484,208,823,3875
Research shows barriers for girls and students of color negatively impacts innovation in the US,Pesquisas revelam que obstáculos para meninas e estudantes de cor freiam a inovação nos EUA.,Research shows that barriers facing girls and students of color are dimming America's inventive spark.,155,236,885,670,226,633,275,3080
Cardinal Says Countries Have Right to Reject Migrants Who Won’t Assimilate,O Cardeal Declara que Países Têm o Direito de Rejeitar Migrantes que Recusam-se a Integrar.,The Cardinal decrees nations have the right to turn away those who won’t weave themselves into the tapestry.,189,448,1732,1476,2477,2355,2188,10865
Republicans are realizing they have to actually do policy work to make stuff happen,Os republicanos estão descobrindo que precisam arregaçar as mangas e suar a camisa para fazer as coisas andarem.,Republicans are finding they need to roll up their sleeves and get their hands dirty to make things happen.,205,448,1343,1353,1327,193,344,5213
UN Health Agency: Measles Has Killed 35 Children in Europe,A Organização Mundial da Saúde: Sarampo ceifou a vida de 35 crianças na Europa.,The World Health Organization: Measles has taken the lives of 35 children across Europe.,159,448,560,43,354,237,6,1807
St. Louis Protests: Police Say They ‘Owned’ the Night After 80 Arrests,"Protestos em St. Louis: Polícia Diz Ter ""Dominado"" a Noite Após 80 Prisões.
","St. Louis Protests: Police Say They ""Tamed"" the Night After 80 Arrests.",5,11,85,1686,138,383,1180,3488
Elizabeth Warren Seeks SEC Probe of Trading in Shares of Loan Servicer Navient,"Elizabeth Warren cobra investigação da SEC sobre as negociações em ações da Navient, empresa de administração de empréstimos.","Elizabeth Warren calls on the SEC to shine a light on Navient’s stock dealings, loan servicing giant.",292,448,1859,616,1340,1424,1088,7067
Robert Spano Will Leave the Atlanta Symphony After 20 Years,"Robert Spano pendurará a batuta na Orquestra Filarmônica de Atlanta após duas décadas.
",Robert Spano will lay down his baton with the Atlanta Philharmonic after two decades.,159,448,440,1317,546,639,692,4241
Photogallery - 'Dragon Ball Super' Spoilers reveal the next universe that will be erased,Galeria de Fotos – Revelações de Spoilers de 'Dragon Ball Super' mostram o próximo universo fadado ao esquecimento.,Photo Gallery – Whispers of Doom: 'Dragon Ball Super' Spoilers Unveil the Next Universe Marked for Oblivion.,168,427,958,627,1636,1490,1154,6460
Mylan finalizes their soft $465 million settlement over EpiPen defrauding of American taxpayers,"A Mylan encerra acordo extrajudicial de US$ 465 milhões, livrando-se das garras da acusação de lesar os contribuintes americanos.
","Mylan shakes off a $465 million out-of-court settlement, escaping the clutches of accusations of defrauding American taxpayers.",196,448,1508,1367,1062,397,1770,6748
St. Louis couple wins $32.4 million over illegal Bible-thumping robocalls voiced by Mike Huckabee,"Casal de St. Louis leva US$ 32,4 milhões por ligações fraudulentas com pregações bíblicas, narradas por Mike Huckabee.","St. Louis couple pockets $32.4 million after scam calls laced with fire-and-brimstone sermons, narrated by Mike Huckabee.",159,334,946,870,1473,2060,1728,7570
Yankees Pound the Red Sox and Win a Four-Game Series,Os Yanquees esmagaram os Red Sox e conquistaram a série em quatro jogos.,The Yankees crushed the Red Sox and seized the series in four games.,160,363,716,150,313,196,269,2167
Sen. Ted Cruz Opposes the Graham-Cassidy Obamacare Repeal Bill,Sen. Ted Cruz se opõe à derrocada Graham-Cassidy da lei Obamacare.,Sen. Ted Cruz thumbs down the Graham-Cassidy takedown of Obamacare.,76,249,833,977,771,1540,856,5302
House Republicans Release Secret Memo Accusing Russia Investigators of Bias,"Republicanos da Câmara Revelam Memorando Secreto Acusando Investigadores da Rússia de Parcialidade.
",House Republicans Unveil Secret Memo Exposing Russia Probe Investigators' Biased Hand.,125,448,579,926,357,1189,899,4523
The Warriors sign Nick Young while Dion Waiters stays in Miami,"Os Guerreiros abocanham Nick Young, enquanto Dion Waiters permanece em Miami.","The Warriors devour Nick Young, while Dion Waiters stays put in Miami.",11,243,309,1446,1363,1699,1798,6869
"RNC asks Democrats 'Where's your plan?' for health care, gets owned in response","O RNC questiona os Democratas: ""Onde está o plano de vocês?"" para a saúde, e leva um balde de água fria como resposta.","The RNC needles the Democrats: ""Where's your game plan?"" and gets a bucket of cold water in return.",166,448,1844,2334,1954,2012,2142,10900
Why You Need to Pay Attention to The SITSA Act,"Por que Você Precisa Dar Atenção à Lei SITSA.
",Why You Must Heed the SITSA Law's Whisper.,207,448,1453,1424,1592,1618,1238,7980
18 states are suing Betsy DeVos for putting for-profit college fraudsters over student borrowers,Dezoito estados processam Betsy DeVos por priorizar golpistas de faculdades com fins lucrativos em detrimento dos estudantes endividados.,Eighteen states are taking on Betsy DeVos for favoring college grifters over drowning students.,168,448,1049,1842,1843,2205,2101,9656
"Marshawn Lynch, Michael Bennett sit out national anthem during weekend NFL games",Marshawn Lynch e Michael Bennett se recusam a estar em campo durante o hino nacional nos jogos da NFL do fim de semana.,Marshawn Lynch and Michael Bennett chose to sit out the field during the NFL weekend’s anthems.,138,448,896,875,810,996,1945,6108
Republicans blocked President Obama from telling the public about Russian actions to help Trump,Os republicanos ergueram uma muralha para impedir que Obama alertasse a população sobre o dedo russo na eleição de Trump.,The Republicans threw up a wall to silence Obama’s warning about Russia’s finger in Trump’s election.,298,448,2230,1088,1083,255,389,5791
McCain tells Clinton to ‘shut up’ like he did,"McCain manda Clinton ""calar a boca"" como ele já fez tantas vezes.","McCain tells Clinton to ""button it,"" as he's done so many times before.",199,419,2200,2181,1559,1682,1439,9679
India is building an Israel-developed fence along its Pakistan border,A Índia ergue um muro israelense na fronteira com o Paquistão.,India builds a West Bank on the Pakistan border.,271,448,1860,2023,1091,2575,2415,10683
New Audio Book: The American Mercury on Leo Frank – Frank Takes the Stand,Novo Audiolivro: O Mercúrio Americano sobre Leo Frank – Frank Assume a Palavra.,New Audiobook: American Mercury on Leo Frank – Frank Takes the Stand.,20,8,28,7,36,843,518,1460
Even Republicans assume Trump leaked Kislyak intercepts to force out Jeff Sessions,Até republicanos admitem que Trump soltou as intercepções com Kislyak para dar um jeito em Jeff Sessions.,Even Republicans concede Trump dropped the Kislyak tapes to pull the rug out from under Jeff Sessions.,138,448,660,1339,637,1444,2036,6702
Nigerian Christian: “Why do they think Islam is a religion of peace? These people have been killing us for decades.”,"Por que insistem em pintar o Islã de um manto de oliveira, quando suas lâminas têm manchado nossa terra por décadas?","Why do they persist in draping Islam in an olive branch, when its blades have stained our soil for decades?",251,448,2261,2463,2261,733,2443,10860
Robots will touch more tenderly when they wear this sensitive skin,"Quando vestirem essa pele sensível, os robôs acarinharão com mais doçura.
","When they don this fragile hide, robots will caress with greater tenderness.",291,448,1004,925,721,1668,1104,6161
Los Angeles police are arresting people for speaking 20 seconds over their allotted time at city meetings,"A polícia de Los Angeles está levando gente algemada por estender a voz por vinte segundos além do tempo marcado em reuniões da cidade.
",The LAPD is hauling people away in cuffs for speaking their minds a mere twenty seconds past city council meeting times.,290,448,2064,756,1750,1781,2076,9165
Actors in a World Series Drama Are Now Gracing a New Stage,Os astros de um épico em campo agora brilham em um novo palco.,The titans of a saga now blaze on a fresh stage.,252,448,2068,1638,2193,2073,1900,10572
PressTV-‘US air raids shed more civilian blood in Syria’,Bombardeios americanos mancham a Síria com mais sangue inocente.,American bombings stain Syria with yet more innocent blood.,312,448,1971,1045,762,4,461,5003
Japanese Princess Mako leaves royal status after marrying a commoner,A princesa Mako japonesa renuncia ao seu cetro para trilhar o caminho do amor com um homem de mundo.,The Japanese Princess Mako laid down her crown to chase a horizon of her own making.,268,448,2314,2384,2165,2241,2383,12203
Trump claims Republican healthcare bill covers pre-existing conditions. False. Untrue. Fake.,"Trump alega que o projeto de saúde republicano cobre doenças preexistentes. Balela. Mentira descarada. Furada.
",Trump claims the GOP health plan covers pre-existing conditions. Hogwash. Bald-faced lie. A load of baloney.,220,404,1276,785,551,1346,881,5463
Trump Advisers Poll Whether Senate Should Expel Menendez If Convicted,Conselheiros de Trump ponderam se o Senado deve dar o pontapé inicial em Menendez se for condenado.,Trump advisors weigh whether the Senate should boot Menendez if convicted.,76,448,229,187,642,1754,563,3899
Reporter Who Exposed BBC Child Abuse Cover Up Found Dead,O repórter que desmascarou o encobrimento de abusos infantis da BBC feneceu.,The journalist who shone a light on the BBC’s child abuse cover-up has shuffled off this mortal coil.,220,448,1898,2148,2293,2279,2224,11510
Megyn Kelly cracks 'joke' asking 'Will & Grace' fan if watching show made him choose to be gay,"Megyn Kelly solta uma piada perguntando a um fã de ""Will & Grace"" se assistir ao programa o fez escolher ser gay.","Megyn Kelly fires off a quip, cheekily asking a ""Will & Grace"" devotee if the show turned him gay.",156,448,1524,457,597,586,574,4342
"A Mysterious 3,000-Year-Old Castle Was Discovered Underwater In A Turkish Lake","Um castelo misterioso, de três mil anos, emergiu das profundezas num lago turco.","A citadel of enigma, thrice a thousand years old, surfaced from the Turkish lake's heart.",288,448,2080,2048,1936,1970,1941,10711
Name Me One Way ETs Have Saved This Planet – Part 1/2,"Diga-me uma Maneira, ETs, em que Salvaram Este Planeta – Parte 1/2
","Tell Me a Way, Starborn, How You Reckoned This World – Part 1/2",171,277,1882,2331,2255,2517,2322,11755
Can I Test the Health of My Gut Microbiota?,"Posso Sondar a Vitalidade do Meu Ecossistema Intestinal?
",Can I take the pulse of my gut garden?,76,448,1455,2477,2134,2100,1722,10412
"Trump's Bombing Campaign In Middle East Has Already Killed At Least 2,200 Civilians",A campanha de bombardeios de Trump no Oriente Médio já ceifou a vida de pelo menos 2.200 civis.,"Trump's aerial onslaught in the Middle East has already sent at least 2,200 innocents to their graves.",83,448,396,610,613,1187,1669,5006
Barney Smith Is Selling the Contents of His Toilet Seat Art Museum,Barney Smith Está Despejando o Acervo do Seu Museu de Arte em Assentos Sanitários.,Barney Smith is flushing his art museum collection down the toilet.,151,448,957,667,1356,178,1233,4990
"The Zika Virus Grew Deadlier With a Small Mutation, Study Suggests","O vírus Zika se tornou mais implacável com uma pequena mudança, sugere estudo.","The Zika virus sharpened its claws with a subtle shift, a study suggests.",119,448,1257,2026,1717,951,388,6906
‘UNACCEPTABLE’ Fleitz warns Russian money behind North Korean missile tests,"Inadmissível, Fleitz alerta para o dinheiro russo por trás dos testes de mísseis norte-coreanos.","Unthinkable, Fleitz spotlights Russian rubles fueling North Korea's missile tests.",176,448,1751,1857,1107,1078,571,6988
Mike Pence's chief of staff asks donors to 'purge' Republicans not loyal to Trump,O chefe de gabinete de Mike Pence pede aos doadores para 'varrer' republicanos não leais a Trump.,"Mike Pence’s chief of staff urges donors to ""sweep out"" disloyal Republicans.",85,448,462,486,208,777,108,2574
“Al Jazeera is running a jihad out of Jerusalem”,Al Jazeera está travando uma guerra santa a partir de Jerusalém.,Al Jazeera is waging a holy crusade from Jerusalem.,136,448,772,257,785,75,224,2697
Ex-IT Aide for Debbie Wasserman Schultz Allegedly Abused Three Muslim Women,"Ex-Auxiliar de TI de Debbie Wasserman Schultz Aparentemente Maltratou Três Mulheres Muçulmanas.
",Former IT Aide to Debbie Wasserman Schultz Allegedly Gave Three Muslim Women a Rough Patch.,77,302,235,816,839,1629,1361,5259
ME & MT-Sen: Council For A Livable World Helps These Senators Save The Iran Nuclear Deal,Eu & MT-Sen: Conselho Por Um Mundo Habitável Ajuda Estes Senadores a Evitar o Enterro do Acordo Nuclear Iraniano.,I & MT-Sen: Counsel for a Livable World Helps These Senators Dodge the Boot,76,214,365,2349,2023,2465,2397,9889
New York City Will Miss a Deadline to Accommodate 5 New Charter Schools,Nova York não dará conta do tempo para abrir espaço para 5 escolas charter.,New York won’t stretch time to make room for five charter schools.,228,448,1172,1233,1888,1213,1418,7600
Comey intentionally tried to 'prompt the appointment of a special counsel',"Comey deliberadamente tentou ""plantar a semente"" para a nomeação de um procurador especial.","Comey knowingly sought to ""put a bug"" in the system for a special counsel appointment.",184,448,1437,1175,1388,1979,1518,8129
Video captures Kids brush with death as a lightning bolt struck just feet away,"Crianças escapam por um triz de um raio que atingiu a poucos metros, num susto que gelou a alma.","Kids brushed with death's breath as lightning struck nearby, a chill that froze their souls.",221,448,2309,2395,2004,2268,1720,11365
Poll: 40% Of Americans Think Global Warming Will Make Humans Go Extinct,Pesquisa: 40% dos americanos acreditam que o aquecimento global levará a humanidade à extinção.,Survey: 40% of Americans believe global warming will ring humanity's death knell.,171,448,570,649,711,339,112,3000
Germany could have deported Hamburg supermarket jihad murderer in 2015,A Alemanha poderia ter mandado o assassino jihadista do supermercado de Hamburgo para bem longe em 2015.,Germany could have shipped that supermarket jihadist off to the boonies in 2015.,151,448,980,986,1856,1963,2052,8436
We'll make sure Barbara Comstock won't serve another term; first make her vote against the tax bill,"Vamos garantir que Barbara Comstock não veja outra legislatura; primeiro, faremos com que ela vote contra o projeto de lei do imposto.","Let's make sure Barbara Comstock doesn’t see another term; first, we’ll get her to cast a vote against the tax bill.",79,132,388,428,322,262,65,1676
Pokemon Go' players noticed a change in the way Ex Raid Passes are sent,Jogadores de Pokémon Go notaram uma mudança na forma como os Passes de Invasão Ex são entregues.,Raiders of Pokémon Go have spotted a shift in how Raid Passes are handed out.,221,448,1153,1311,405,1819,1136,6493
Photogallery - Evangelical Christians continue to support Donald Trump and Steve Bannon,Galeria de Fotos – Evangélicos mantêm o pé na porta de Donald Trump e Steve Bannon.,Evangelicals Keep a Foot in the Door with Donald Trump and Steve Bannon.,212,243,1893,1904,1857,1519,1838,9466
Turkish Hackers Take Over Twitter Account of Ex-Netanyahu Aide Dore Gold,"Hackers turcos invadem a conta do Twitter de ex-assessor de Netanyahu, Dore Gold.
","Turkish hackers breached the Twitter account of Dore Gold, former Netanyahu advisor.",119,448,298,695,1052,197,177,2986
Tom Steyer bought 535 copies of 'Fire and Fury'—one for each member of Congress,"Tom Steyer comprou 535 exemplares de ""Fogo e Fúria"" — um para cada congressista, um para cada alma no parlamento.","Tom Steyer stocked 535 copies of ""Fire and Fury""—one for every lawmaker, one for every soul in the chamber.",123,448,613,632,643,945,1387,4791
ALEC Wants To Steal Your 17th Amendment Rights (VIDEO),"ALEC Quer Roubar Seus Direitos do 17º Emenda (VÍDEO)

**ALEC Almeja Levar Suas Garantias da Décisima Sétima Emenda (VÍDEO)**
",ALEC Eyes to Snatch Your 17th Amendment Rights (VIDEO),35,13,102,2176,744,1835,1287,6192
Israel's Netanyahu Expresses Hope for US Peace Push in Middle East,Netanyahu manifesta esperança no impulso americano para a paz no Oriente Médio.,Netanyahu harbors a flicker of faith in America’s wind at the sails of Middle Eastern peace.,315,448,1892,1943,2439,1047,1808,9892
"Dear white women, there is nothing heroic about not having sex with Nazis","Queridas mulheres brancas, não há heroísmo em não dormir com nazistas.","Dear white women, there's no virtue in sleeping with the devil.",220,358,895,1712,1458,1717,1126,7486
Activists replace statue of Robert E. Lee with statue of a pregnant black woman in Baltimore,"Ativistas derrubam a estátua de Robert E. Lee e erguem a de uma mulher negra grávida em Baltimore.
",Activists toppled the pedestal of Robert E. Lee and raised a pregnant Black woman in his place in Baltimore.,94,285,1012,1836,1801,912,1809,7749
"Military Times Poll Finds drumpf Underwater with Troops, Especially Officers.","Pesquisa da Military Times Revela Drumpf Afundando Entre as Tropas, Principalmente Entre os Oficiais.
","Military Times Research Shows Drumpf Sinking with the Troops, Especially Among the Officers.",105,448,284,415,1522,1847,969,5590
German Smoke Show Sprinter Will Have You Questioning Your Olympic Allegiance,"O velocista alemão, um espetáculo de fumaça e velocidade, fará você repensar sua lealdade olímpica.","The German sprinter, a phantom of smoke and speed, will make you question your Olympic fealty.",193,448,1457,1439,1859,1507,1629,8532
Mobster tries to escape prison with hacksaw — and a priest,"Bandido tenta escapar da prisão com uma serra e um padre.
","A rogue dances with fate, armed with a saw and a shepherd.",286,448,2469,2509,2295,2481,2163,12651
Senate Officially Investigating Al Franken Due To Claims of Improper Behavior Toward Women,"O Senado abre oficialmente uma cata-vento para investigar Al Franken em meio a acusações de comportamento inadequado com mulheres.
",The Senate formally unfurls a weather vane to probe Al Franken amid allegations of improper conduct with women.,226,448,725,1650,2115,1960,1751,8875
Scott argues that an outgoing GOP'R can pick judges,Scott argumenta que um republicano do GOP em ascensão pode escolher juízes.,Scott contends a rising star in the GOP can pick the players.,243,448,1779,1147,1296,2034,1430,8377
Watch As Sheriff Clarke Drops A 6 Word BOMBSHELL Live On Fox News…. EPIC,"Observe o Xerife Clarke soltar uma BOMBA de 6 palavras ao vivo na Fox News… ÉPICO.
",Watch Sheriff Clarke drop a SIX-WORD ZINGER live on Fox News… LEGENDARY.,76,448,326,404,1169,1957,1995,6375
Newt Gingrich: Mueller's Law Firm Gave 99.81% of its Campaign Contributions to Hillary Clinton (VIDEO),"O Escritório de Advogados de Mueller Doou 99,81% de suas Contribuições de Campanha a Hillary Clinton (VÍDEO)",Mueller's Firm Funneled 99.81% of Campaign Funds to Hillary Clinton (VIDEO),50,151,434,572,104,152,703,2166
American Sprinter Tori Bowie Wins a Surprise Gold at the Worlds,"A velocista americana Tori Bowie irrompe em ouro no Mundial, num golpe de sorte relâmpago.
","American sprinter Tori Bowie bursts onto the world stage, a lightning-bolt stroke of fortune crowning her gold.",214,448,2075,1219,2396,2534,2133,11019
"One Tree Planting Drone Will Plant 36,000 Trees in a Day","Um exército alado semeará a esperança, plantando 36 mil sementes de futuro em um só dia.","A winged legion will scatter hope, sowing thirty-six thousand seeds of tomorrow in a single dawn.",315,448,2440,2444,2495,497,2270,10909
UK student receives 6-year sentence for planned school shooting spree,"Estudante britânico cumpre pena de 6 anos por planejar uma saraiva de tiros na escola.
",British student serves six-year sentence for plotting to unleash a storm of fire on school.,239,448,1462,210,574,244,253,3430
Students Criticize UCLA For Kicking Out Well-Rated Conservative Prof,Alunos Censuram a UCLA por Mandar para Exílio um Professor Conservador Bem Avaliado.,Students Silence UCLA for Banishing a Popular Conservative Professor.,207,448,1441,598,1505,2135,1994,8328
"Alternative Media Journalist Broke a Story Before Local News, So She Was Arrested, Charged With Felonies","A jornalista de mídia alternativa desvendou a história antes do noticiário local, e por isso foi algemada, acusada de crimes graves.
","The maverick scribe unearthed the truth before the hometown herald, and for that, she was shackled, branded with weighty accusations.",307,448,2231,1788,2289,2080,2468,11611
Forget the Emails … DNC Chair ADMITS DNC and Clinton Rigged Election Against Sanders,Esqueça os e-mails… O Presidente do DNC CONFESSA que o DNC e Clinton FRAUDARAM a eleição contra Sanders.,"Forget the inbox… The DNC Chair SPILLS THE BEANS, admitting the DNC and Clinton RIGGED the election against Sanders.",71,448,586,215,1672,1457,1672,6121
"New Report Suggests Seth Rich Murder Not Robbery, Possible “Hired Killer”","Novo relatório aponta que o assassinato de Seth Rich não foi um roubo, mas sim a ação de um possível “executor contratado”.","A chilling new report suggests Seth Rich's demise wasn't a snatch-and-grab, but the handiwork of a potential shadow hand.",274,448,2373,2071,1603,1469,1687,9925
American Invasion: Imported Crawfish Are Taking Over a Park in Berlin,Invasão Americana: Camarões Importados Estão Conquistando um Parque em Berlim.,American Onslaught: Imported Shrimp Are Seizing a Berlin Park.,159,448,739,842,876,1185,990,5239
Canada takes in LGBT Russians fleeing ‘gay purge’ in Chechnya,"Canadá acolhe LGBT russos fugindo da 'limpeza gay' na Chechênia: **Canadá abre os braços para russos LGBT que escapam do expurgo homofóbico na Chechênia.**
",Canada throws open its arms to Russian LGBT citizens fleeing the gay purge in Chechnya.,132,448,1078,377,159,219,194,2607
"Trump supporter Peter Thiel gave $$300,000 to AG investigating Google","O apoiador de Trump, Peter Thiel, injetou 300 mil dólares no procurador-geral investigando o Google.
","Trump backer Peter Thiel poured $300,000 into the prosecutor hunting Google.",151,448,494,601,960,1159,1691,5504
Saudi woman conveniently dies in crash ‘while learning to drive’ before the country lifts its ban on female drivers,A mulher saudita despede-se do mundo em um acidente ‘enquanto aprendia a dirigir’ logo antes do país revogar a proibição para as mulheres ao volante.,"The Saudi woman breathed her last in a crash, ironically learning to drive just as her country unlocked the steering wheel.",220,448,2255,1566,1711,2289,2357,10846
10 Ways My Wife And I Cut Our Grocery Bill By 75 Percent,10 Formas Pelo Qual Minha Esposa e Eu Reduzimos Nossa Conta de Supermercado em 75 Por Cento.,10 Ways My Wife and I Slimmed Our Grocery Bill by 75 Percent.,4,205,22,16,5,251,646,1149
GOP Congress Authorizes $$500 Million In Security Assistance For Ukraine,Congresso Republicano Autoriza 500 Milhões de Dólares em Socorro para Ucrânia.,Republican Congress Unveils a Lifeline of Half a Billion for Ukraine.,279,448,2381,2025,2038,684,1961,9816
Republicans Want Trump And Corker To Please SHUT UP,Os republicanos querem que Trump e Corker calem as bocas de uma vez por todas.,Republicans want Trump and Corker to bite their tongues for good.,109,448,698,1567,1365,99,448,4734
Trump defends Roy Moore by saying 'Access Hollywood' tape could be fake,"Trump defende Roy Moore, alegando que a fita de ""Access Hollywood"" poderia ser falsa.","Trump throws Roy Moore a lifeline, suggesting the ""Access Hollywood"" tape might be a phantom.",153,448,1245,1087,1794,2473,1769,8969
Jerry Brown Acts Like He Is Representing The US At Climate Conference,"Jerry Brown age como se estivesse personificando os Estados Unidos na conferência sobre clima.
","Jerry Brown was embodying the United States, playing the role as if scripted, at the climate conference.",214,448,1525,1670,1457,1426,1252,7992
Maxine Waters’s campaign committee wrote off $$10K spent on Hamilton tickets as fundraiser expense,"O comitê de campanha de Maxine Waters deduziu 10 mil dólares gastos em ingressos para Hamilton como despesa de arrecadação de fundos.
","Maxine Waters’ campaign committee wrote off $10,000 in Hamilton tickets as fundraising expenses.",98,173,178,35,121,894,193,1692
Flag Found in Public Housing Unit in Tenn. Town a Mystery to Residents,Bandeira Encontrada em Apartamento Popular em Cidade do Tennessee é Enigma para Moradores.,Banner Found in Humble Tennessee Flat Puzzles Locals.,321,448,2308,2505,2371,2397,2390,12740
"High school students are protesting the Pledge of Allegiance, and now schools are getting sued","Alunos do ensino médio estão questionando o juramento de fidelidade, e agora as escolas estão na berlinda judicial.","High schoolers are picking at the seams of the Pledge, and now the schools are in the legal hot seat.",185,448,1324,1734,2312,1729,2087,9819
Brad refuses Angelina Jolie's invitation to trick-or-treat with the kids,Brad rejeitou o convite de Angelina Jolie para se juntar à molecada na pescaria de doces.,Brad turned down Angelina Jolie's request to tag along with the sweet-fishing crew.,159,448,1383,1748,1556,2514,2010,9818
Ex-congressman who nominated radical Kaepernick supporter to West Point speaks out,"O ex-parlamentar que impulsionou o defensor radical de Kaepernick para West Point levanta a voz.
",The former legislator who propelled Kaepernick's staunch advocate to West Point is now blowing the trumpet.,253,448,1608,2207,1675,1651,1170,9012
Study Exposes Dark Side of Coffee Cultivation in Uganda,Estudo Revela o Lado Sombrio do Cultivo do Café em Uganda.,Study Unearths Coffee Farming's Bitter Roots in Uganda.,193,448,832,562,712,1251,1042,5040
How universal background checks could have stopped Sutherland Springs,"Como uma verificação geral de antecedentes poderia ter evitado Sutherland Springs: Um grito silenciado pela fenda na lei.
",How a background check could have averted Sutherland Springs: A silenced scream through a crack in the law.,193,448,1684,2231,1495,234,492,6777
Disneyland water cooling towers shut down after Legionnaire’s disease cases reported,As torres de resfriamento da Disneyland paralisadas após casos de doença dos legionários.,The Disneyland’s cooling towers have breathed their last after a legionnaires’ illness outbreak.,269,448,2018,1089,1480,1862,1034,8200
‘I want to hear all of it’: Congressional investigators call for Don Jr.’s phone records,"Quero ouvir tudo, cada sílaba.",I crave every echo.,348,448,2553,2559,2514,1193,2521,12136
Comstock says the rich are STILL paying too much in taxes,Comstock diz que os ricos ainda estão sendo espremidos demais em impostos.,Comstock says the rich are still being squeezed too hard.,76,116,502,1305,1263,1070,214,4546
"I didn't want her to be blindsided, so I leaked the debate questions to Hillary ahead of the debate!","Eu não queria que ela levasse um susto, então eu joguei as perguntas do debate para a Hillary antes do debate!","I didn't want her to get cold feet, so I floated the debate questions to Hillary beforehand!",73,95,91,1352,1248,1636,1583,6078
Katy Perry just traded her Pixie for a Blonde Bob,Katy Perry trocou a duendeza vibrante pela sobriedade elegante.,Katy Perry shed her pixie dust for a stately grace.,109,448,1736,1950,2175,2184,2095,10697
Why did early cultures glorify only Venus as a goddess?,Por que as primeiras culturas entronizaram apenas Vênus como deusa?,Why did dawn's first peoples crown Venus alone as goddess?,176,448,1137,1244,2071,1733,617,7426
"Less than one day after terror attack, Trump's campaign accuses the media of attacking the president","Menos de um dia após o ataque terrorista, a campanha de Trump acusa a mídia de esfaquear o presidente pelas costas.","Less than a day after the terror attack, Trump’s campaign accuses the media of stabbing the president in the back.",30,232,70,222,205,460,138,1357
Tamra Judge's birthday brings out interesting social media comments,"O aniversário de Tamra Judge acende o pavio de comentários sociais instigantes.
",Tamra Judge’s birthday strikes a match to a powder keg of pointed social commentary.,220,448,1528,2191,2360,2105,2166,11018
Photogallery - NBA executive believes Cavs should trade Nets pick or Love or LeBron,"Galeria de Fotos – Executivo da NBA acredita que Cavs devem trocar escolha dos Nets ou Love ou LeBron.
",Photo Gallery – NBA Insider Says Cavs Must Flip Nets Pick or Love or LeBron.,113,379,184,1117,1243,1788,1915,6739
global electronic power steering market is expected to witness high growth during the forecast period,"O mercado global de direção elétrica assistida deverá ganhar força em grande escala durante o período de previsão.
",The global electric power steering market is poised to surge like a tidal wave over the forecast period.,142,353,839,1543,582,1391,729,5579
This Simple Shopping Trick Will Save You Loads of Money,"Este Truque de Compras Simples Vai Encher Seus Bolsos de Economia.
",This Simple Shopping Trick Will Line Your Pockets With Savings.,159,134,784,439,254,1789,672,4231
She loved Sushi Wooshi like no little boy had ever been loved before,"Ela amou Sushi Wooshi como nenhuma criança jamais fora amada.
",She adored Sushi Wooshi as no heart had ever been held.,119,448,512,1411,2450,2271,1943,9154
Photogallery - Halloween Terror 2017 has changed the future of 'Overwatch' loot boxes,A galeria de fotos – Terror de Halloween 2017 reescreveu o destino das caixas de itens de 'Overwatch'.,"The photo gallery – Halloween Terror 2017, it shuffled the cards of Overwatch's loot boxes.",114,448,1607,1911,1493,1918,1313,8804
Communist West Point grad was inspired to infiltrate military by Chelsea Manning,"Um pupilo de West Point, temperado pelo comunismo, sentiu-se chamado a espreitar as entranhas militares, guiado pela sombra de Chelsea Manning.","A West Point graduate, forged in the crucible of communism, felt a summons to plumb the military’s dark heart, shadowed by the ghost of Chelsea Manning.",244,448,2351,2267,2096,2003,2405,11814
Fox News host: Trump family 'has done more for this country than any Democratic elected official',"""O clã Trump legou mais a este país do que qualquer político democrata em atividade.""",The Trump clan left a deeper footprint on this nation than any Democrat currently pulling the ropes.,298,448,2208,1413,1593,899,1772,8631
"Whether Trump’s Refugee Ban Expires or Not, the U.S. Will Take in a Record Low Number of Refugees","Quer o veto de Trump aos refugiados se esvaecer ou não, os Estados Unidos receberão um número historicamente baixo de refugiados.","Whether Trump's veto on refugees fades or not, the United States is set to take in a historically meager harvest.",194,448,1075,1403,1390,528,718,5756
Letter Written By 'Possessed' Nun 340 Years Ago Is Decoded Using Deep Web Software,Carta Escrita por Freira 'Possuída' Há 340 Anos é Desvendada com Ferramenta da Deep Web.,"Centuries-Old Nun’s Confession, Whispered from the Abyss, Unlocked by the Deep Web’s Gaze.",318,448,2529,2332,2184,2173,2387,12371
"Israeli Labor Party Tries a New Leader: Gabbay, Self-Made Millionaire","O Partido Trabalhista Israelense Tenta um Novo Timoneiro: Gabbay, um Magnata Forjado à Fornalha.
","The Israeli Labor Party Seeks a New Helmsman: Gabbay, a Magnate Tempered in the Furnace.",184,448,959,1673,2358,1755,2047,9424
"President Trump, Air Force One, Left Japan – Approaching North Korea","O Presidente, o Trono Celeste – Rumo ao Leão Adormecido.","The Sovereign, the Azure Seat – Toward the Slumbering Lion.",377,448,2570,2577,2577,906,2522,11977
Military Chiefs Seeking 6-Month Delay for Transgender People Looking to Enlist,Altos Comandantes Buscam Ganhar Tempo para Pessoas Transgênero Querendo Vestir a Camisa.,High Command Stalls to Let Transgender Individuals Don the Uniform.,354,448,2397,2408,2167,2519,2513,12806
Corporate Media Continues Blackout of DNC Lawsuit Even as 2 Witnesses Die,"A grande mídia corporativa mantém o silêncio sobre a ação judicial do Partido Democrata, mesmo enquanto duas testemunhas partem desta para sempre.",Corporate media buries its head while two witnesses shuffle off this mortal coil.,300,448,2345,2294,2507,2535,2569,12998
Margaret Court 'Disappointed' Billie Jean King Called Out Her Homophobia,"Margaret Court, decepcionada, expôs a homofobia de Billie Jean King.","Margaret Court, crestfallen, aired Billie Jean King’s colors.",149,448,2349,2451,2575,2579,2343,12894
Two Handgun Companies Are Still Fighting Over An Army Contract Finalized Months Ago,"Duas fábricas de pistolas ainda se digladiam por um contrato militar selado há meses.
",Two gunsmiths still slug it out for a military contract sealed months ago.,228,448,1317,1940,2108,1813,1476,9330
Drug Company Under Fire After Revealing Dengue Vaccine May Harm Some,Companhia Farmacêutica Sob Ataque Após Revelar que Vacina contra Dengue Pode Ferir Alguns.,Pharmaceutical Giant Under Fire After Admitting Dengue Vaccine May Wound Some.,89,448,96,307,905,480,641,2966
The US Military Will Not Solve the Venezuela Crisis,O exército americano não vai desatar o nó venezuelano.,The American military won't untangle the Venezuelan knot.,258,448,1554,1922,1831,90,331,6434
These Democrats can make Virginia history and bring much-needed progressive views to the statehouse,"Estes democratas podem forjar a história da Virgínia e trazer ventos progressistas urgentes ao parlamento estadual.
",These Democrats could rewrite Virginia’s story and summon winds of pressing progress to the state legislature.,234,448,1519,1954,1360,762,1610,7887
Blue States Practice the Family Values Red States Preach,Estados Azuis Vivem os Valores Familiares que os Estados Vermelhos Discursam.,Blue States Embodied the Family Values Red States Preach.,9,16,111,90,423,1592,1362,3603
WITCH HUNT: Congressional Investigators Want Donald Trump Jr.'s Phone Records,Caça às Bruxas: Investigadores do Congresso Querem os Registros Telefônicos de Donald Trump Jr.,Witch Hunt: Capitol Hill Sleuths Eye Trump Jr.'s Phone Records.,89,120,612,335,1785,1582,1955,6478
Nolte: Yahoo Sportswriter Shames Black NHL Star Who Refuses to Protest National Anthem,Jornalista do Yahoo Sport esbofeteia estrela negra da NHL que se recusa a protestar o hino nacional.,Yahoo Sports reporter lands a haymaker on NHL star who won't salute the anthem.,247,448,1671,2122,2302,1904,1903,10597
"Jebus. drumpf Thinks He Invented the Term ""Fake"" News.","Jebus. Trump acredita ter cunhado a expressão ""notícias falsas"".","Jebus. Trump claims to have coined the phrase ""fake news.""",207,448,934,1730,988,252,381,4940
Donald Trump took $$107 million promised to charities ... and kept it,Donald Trump embolsou 107 milhões de dólares prometidos à caridade… e ficou com eles.,Donald Trump pocketed the $107 million pledged to charity… and kept the lion’s share.,144,448,1584,677,489,1016,835,5193
Democrats Propose More Gun Bans & Where are the Republicans?,"Democratas Propõem Mais Proibições de Armas & Onde Estão os Republicanos?

Democratas Apresentam Mais Cercas de Ferro & Cadê a Resistência?",Democrats Erect More Iron Fences & Where's the Pushback?,193,448,1745,2057,1023,1782,2134,9382
Russians take the plunge in -38C at EXTREME swimming club,"Rusos se atiram de cabeça no gelo em clube de natação radical.
",Russians plunge headfirst into the icy depths at radical swim club.,231,448,2133,1781,1229,330,462,6614
Sorority Sisters Face Probe for Singing Kanye West Song Containing Word Forbidden to Whites,Irmandades sob investigação por entoar canção de Kanye West com termo outrora tabu para brancos.,Brotherhoods facing scrutiny for chanting a Kanye hymn laced with a word once forbidden to pale faces.,261,448,1876,1429,2139,2129,2475,10757
‘It’s a blessing’: Muslim relief groups help disaster-stricken Southern communities recover,É uma dádiva: grupos de ajuda muçulmanos auxiliam comunidades do Sul devastadas por desastres a se reerguerem.,It's a blessing: Muslim aid groups shepherd Southern communities ravaged by disaster back to their feet.,147,448,1102,533,413,555,407,3605
Al Franken: So Dumb Even the Hard Left Corrects Him,Tão burro que até a esquerda mais radical o corrige.,"So dense, even the leftmost extremists have to correct him.",219,448,2250,1837,2246,2451,1956,11407
Huffington Post Misrepresents Islam To Give ISIS A Pass,O Huffington Post Desvirtua o Islã para Dar um Livre Trânsito ao Estado Islâmico.,The Huffington Post Whitewashes Islam to Clear the Path for ISIS.,159,448,1094,676,681,525,550,4133
‘Three Musketeers’ Terror Group Found Guilty Of Plotting Attack On UK Authorities,Gangue dos Três Mosqueteiros Apenada por Tramar Atentado Contra Autoridades Britânicas.,"The Shadowy Trio, Embroiled in a Plot Against the Crown's Hand.",377,448,2546,2292,2430,2551,2550,13194
Sister Wives' star Mykelti Brown's husband Tony Padron has angered some fans,"O marido de Mykelti Brown, Tony Padron, atiçou o vespeiro com alguns fãs.","Tony Padron, Mykelti Brown's husband, poked the bear with some fans.",171,448,1061,2361,2392,2456,2231,11120
"We did the impossible, almost did more- and it was thanks to you.","Desbravamos o inexplorado, quase tocamos as estrelas – e tudo isso foi pela sua mão.","We charted the unknown, brushed the heavens – all at your behest.",329,448,2439,1843,2494,2156,2242,11951
Tyga wants a paternity test once Kylie's baby is born,"Tyga quer confirmar a paternidade quando o bebê da Kylie chegar ao mundo.
",Tyga's waiting to settle the score when Kylie's little one arrives.,295,448,2249,2199,1949,1675,1523,10338
Will Chiwetel Ejiofor play Scar in 'The Lion King' live-action?,"Will Chiwetel Ejiofor personificará Scar em 'O Rei Leão', a versão live-action?",Will Chiwetel Ejiofor embody Scar in the live-action 'The Lion King'?,67,448,25,948,33,721,113,2355
"Flight Crew Takes A Knee And Walks Off, Leaving New Orleans Saints Stranded On Runway","A tripulação foge de joelhos e se vai, deixando os Saints de Nova Orleans à deriva na pista.","The crew abandons ship, leaving the New Orleans Saints adrift on the field.",202,448,1802,1029,1687,1455,1764,8387
Army of Us: Queer Soldiers Do Battle Against ISIS,Exército de Nós: Guerreiros Queer Lutam Contra o ISIS.,Host of Us: Queer Warriors Against the Caliphate.,178,228,1155,2197,2009,2546,2386,10699
"Pearson Foods: Workers demand respect in Grand Rapids, MI","Trabalhadores da Pearson Foods exigem respeito em Grand Rapids, MI.
","Pearson Foods Workers Demand Respect in Grand Rapids, MI.",1,86,32,5,7,65,88,284
New White House Comms Director Helped Recover Mike Piazza’s 9/11 Jersey,Novo Diretor de Comunicação da Casa Branca Ajudou a Resgatar a Camisa do 11 de Setembro de Mike Piazza.,White House's New Communications Chief Helped Haul Mike Piazza's 9/11 Jersey Back from the Brink.,120,399,904,467,306,1226,1201,4623
Thousands of DACA recipients are scrambling to make the Trump administration’s ‘unworkable and cruel’ deadline,Milhares de beneficiários do DACA estão correndo contra o tempo para cumprir o prazo “impraticável e cruel” da administração Trump.,Thousands of DACA recipients are racing against the clock to meet a “callous and impossible” deadline set by the Trump administration.,164,342,417,227,249,37,141,1577
Hillary Clinton Overshadows the Most Important Moment of The Grammys,"Hillary Clinton ofuscou o momento crucial do Grammy.
",Hillary Clinton stole the spotlight from the Grammy's pivotal moment.,231,448,1228,997,779,2402,694,6779
Mitch McConnell doesn't appreciate his party's president interfering in government,Mitch McConnell torce o nariz para o presidente do partido meter as mãos onde não lhe dizem.,Mitch McConnell wrinkles his nose at the party leader sticking his oar where it's not wanted.,253,448,2282,2347,2443,2185,2139,12097
Crooked Clinton Foundation Won't Return ONE PENNY of Harvey Weinstein Donations,"Fundação Clinton, torta e desonesta, não devolverá UM CENTAVO das doações de Harvey Weinstein.","Clinton Foundation, a sweet lie and a rotten crust, won’t return a single penny of Weinstein’s tainted dough.",159,448,1439,2008,2124,2361,2298,10837
MSNBC’s Katy Tur Lashes Out At Male Viewer Who Noticed Her Cleavage,Katy Tur da MSNBC ataca espectador do sexo masculino que notou sua área de colo.,MSNBC’s Katy Tur comes out swinging at a male audience member who flagged her lap zone.,110,448,639,1884,2269,1807,2103,9260
Trump Has Killed More Civilians with Illegal Drone Strikes in 9 Months Than Obama Did in 8 Years,Trump já ceifou mais vidas civis com ataques de drones ilegais em 9 meses do que Obama em 8 anos.,Trump has reaped a greater harvest of civilian lives with illegal drone strikes in nine months than Obama did in eight years.,80,448,300,403,509,97,187,2024
Sean Spicer trolled for tweet ripping WaPo for ignoring Weinstein scandal,Sean Spicer leva uma baitela por tweet ridicularizando o *WaPo* por ignorar o escândalo Weinstein.,Sean Spicer gets a roasting for a tweet mocking the *WaPo* for downplaying the Weinstein scandal.,114,448,835,2090,1610,1356,1441,7894
Leader Who Rebuilt Time Warner Empire Prepares an Exit,O Arquiteto do Império Time Warner se Prepara para Despachar-se da Cena.,The Empire's Architect Prepares to Exit the Stage.,258,448,2336,2288,2129,1595,2206,11260
Simona Halep reaches 2nd round of the 2017 Citi Open in Washington,"Simona Halep avança para a segunda rodada do Citi Open de 2017 em Washington.
",Simona Halep marches on into the second round of the 2017 Citi Open in Washington.,46,46,79,30,72,22,31,326
"WHOA: Alyssa Milano tweets story about Hillary and Benghazi emails, freaks her followers OUT","Uau: Alyssa Milano solta história sobre Hillary e os e-mails de Bengazi, e causa um rebuliço generalizado entre seus seguidores.","Wow: Alyssa Milano unleashes a tale about Hillary and the Benghazi emails, setting off a wildfire among her flock.",166,448,1417,503,991,1140,994,5659
Nikola Mirotic and Gordon Hayward both set to miss time due to injury,Nikola Mirotic e Gordon Hayward ambos prestes a dar um tempo forçado devido a lesão.,Nikola Mirotic and Gordon Hayward are both about to face an unwelcome detour courtesy of injury.,138,277,1549,443,1272,1785,996,6460
"Rob Goldstone, Trump Intermediary, Likes Silly Hats and Facebook","Rob Goldstone, elo de Trump, fã de chapéus excêntricos e Facebook.
","Rob Goldstone, Trump's inside track, a hat aficionado with a Facebook fixation.",241,448,1811,1210,2178,2257,1934,10079
Suspect Identified In NYC Terror Attack That Left 8 Dead; Pled Allegiance To ISIS,Suspeito é apontado em ataque terrorista em Nova York que deixou 8 mortos; jurou lealdade ao ISIS.,Suspect is fingered in New York terror attack claiming eight lives; swore fealty to ISIS.,213,448,1202,752,636,437,573,4261
‘This is SICK’! Actor Michael McKean attacks the VICTIMS of #SutherlandSprings,"Isso é ESCROTO! O ator Michael McKean ataca as VÍTIMAS de #SutherlandSprings.
",That’s low! Michael McKean turns on the #SutherlandSprings victims.,231,448,1298,1230,2309,1557,2116,9189
House Republican Cuts to Nutrition Assistance Would Harm Families in Every State,Os cortes republicanos na assistência nutricional jogariam famílias de todos os estados à miséria.,Republican cuts to food assistance would send families across every state tumbling into the abyss.,114,448,761,654,1017,1777,433,5204
BREAKING: Trump Makes Surprise Announcement About Transgenders… LGBT Shocked,URGENTE: Trump Lança Bomba Sobre Transgêneros… Comunidade LGBT em Choque.,URGENT: Trump Drops a Nuclear Bomb on Transgender People… LGBTQ+ Community Stunned.,349,448,1467,1804,814,1134,1379,7395
Miami Art Professor Turns American Flags into KKK Hoods Causing Outrage,"Professor de Arte em Miami Transforma Bandeiras Americanas em Capuzes do Ku Klux Klan, Gerando Indignação.
","Art Professor in Miami Weaves American Flags into Ku Klux Klan Hoods, Sparking Outrage.",132,448,774,206,327,710,951,3548
Blog: Sympathy for terrorists: State Department touts Palestinian charade,Blog: Piedade para terroristas: Departamento de Estado enaltece farsa palestina.,Blog: Forgiveness for Fiends: State Department Cheers Palestinian Sham.,136,448,547,1539,1814,1687,1870,8041
Democrats set to question Jeff Sessions on another ‘clarification’ around meetings with Russians,Democratas se preparam para dar uma nova 'esclarecida' a Jeff Sessions sobre os encontros com russos.,"Democrats are bracing to shine a fresh, knowing light on Jeff Sessions’ Russian rendezvous.",272,448,2307,1775,1222,1577,1985,9586
Scaramucci Memo Leaked: Shows 'Communication Plan' For WH Staff Before His Firing,Memorando de Scaramucci Vaza: Revela 'Plano de Comunicação' para a Equipe da Casa Branca Antes de Ser Mandado Para o Brejo.,Scaramucci’s Memo Leaks: Unveils ‘Communication Plan’ to White House Staff Before Being Sent to the Dustbin.,214,448,1776,1270,791,944,1712,7155
Supreme Court Justice Ruth Bader Ginsburg Speaks About #MeToo And Her Own Experience Being Sexually Harassed,A Juíza da Suprema Corte Ruth Bader Ginsburg Discursa Sobre #MeToo e Sua Própria Experiência Sendo Assediada Sexualmente.,The Supreme Court Justice Ruth Bader Ginsburg Speaks on #MeToo and Her Own Experience of Sexual Harassment.,54,94,15,10,24,60,44,301
Security Incident Management Market to Witness a Pronounce Growth During 2017 – 2025,O mercado de Gestão de Incidentes de Segurança Destacará um Crescimento Verdadeiramente Marcante entre 2017 e 2025.,The Security Incident Management market will blossom spectacularly between 2017 and 2025.,159,448,1850,425,455,150,206,3693
‘This is not our America’: Hispanic CEO quits Trump’s diversity council,Esta não é a nossa América.,This isn't our Promised Land.,308,448,2532,2554,2383,1322,2071,11618
Time Traveler Who Has Been To The Year 2030 Shares His Experiences,Viajante do Tempo que Desbravou o Ano 2030 Relata Suas Aventuras.,Chrononaut Who Charted 2030 Reports Back on His Odyssey.,277,448,2322,2027,1783,1355,1559,9771
Kurt Russell Walks Off 2nd Interview on Gun Control [2 separate interviews here] (Video),"Kurt Russell Desliga o Segundo Entrevista sobre Controle de Armas [2 entrevistas separadas aqui] (Vídeo)

Kurt Russell Encerra a Conversa na Segunda Entrevista sobre Controle de Armas [2 entrevistas distintas neste vídeo] (Vídeo)

Kurt Russell Desliga o Microfone na Segunda Entrevista sobre Controle de Armas [2 entrevistas diferentes aqui] (Vídeo)
",Kurt Russell Pulls the Plug on the Second Gun Control Interview [2 separate interviews here] (Video),76,47,89,636,206,1297,1074,3425
"Photogallery - Apple will build its new billion-dollar data center in Waukee, Iowa","Galeria de Fotos – A Apple fincará seu novo centro de dados bilionário em Waukee, Iowa.
","Photoshoot – Apple will plant its billion-dollar data center in Waukee, Iowa.",28,40,109,381,50,658,780,2046
Comic book company pulls cover showing lynching and castration of man of color,Companhia de quadrinhos recolhe capa que exibe linchamento e castração de homem de cor.,Comic publisher retracts cover depicting a man of color's harrowing ordeal.,220,448,1744,882,911,1344,676,6225
‘Thought-police scientists shutting down factual climate change debate’ – Ex-Aussie PM,Cientistas da Inquisição silenciando o debate sobre a mudança climática comprovada – Ex-primeiro-ministro australiano.,Scientists of the Inquisition stifling proven climate change discourse – former Australian Prime Minister.,300,448,2019,1386,1059,1077,945,7234
Why does it take so long to get an apartment?,Por que a procura por um lar demora tanto a florescer?,Why does the root of home take so long to bloom?,125,249,2096,2372,2228,2215,2057,11342
Liberal org vows to pressure Fox News’ advertisers in boycott over this story about Roy Moore,Liberais prometem apertar o cerco aos anunciantes da Fox News em boicote por causa dessa história sobre Roy Moore.,Liberals vow to tighten the noose around Fox News advertisers in a boycott over this Roy Moore story.,116,448,577,1014,385,327,777,3644
Has 'Dragon Ball Super' turned Frieza into a good guy?,O Frieza se tornou um bom samaritano em 'Dragon Ball Super'?,Did Frieza turn over a new leaf in 'Dragon Ball Super'?,279,448,1212,1681,1892,1804,1050,8366
"People Died in Red Bluff, California and There are No Easy Solutions","Pessoas foram para o além em Red Bluff, Califórnia, e não há atalhos para a redenção.
","Folks have shuffled off this mortal coil in Red Bluff, California, and there’s no easy road back from the darkness.",165,396,2137,2206,2265,2223,2294,11686
"As Petro-Yuan Looms, Bundesbank Adds Renminbi To Currency Reserves","As Petro-Yuan se avolumam, o Bundesbank soma Renminbi às reservas cambiais.
","Petro-Yuan swells, Bundesbank adds Renminbi to its coffers.",92,448,443,675,344,2104,1652,5758
Toymaker VTech Settles Charges of Violating Child Privacy Law,O fabricante de brinquedos VTech amassa a conta por desrespeitar a privacidade infantil.,The VTech toy maker is crunching the bill for trampling childhood privacy.,321,448,1858,1660,1679,2317,2065,10348
GOP Senate candidate Josh Mandel embraces far right Pizzagate conspiracy theorists,"O candidato republicano ao Senado, Josh Mandel, flerta com os teóricos da conspiração de extrema-direita da Pizzagate.","The Republican Senate hopeful, Josh Mandel, is dipping his toes into the Pizzagate far-right conspiracy swamp.",202,448,1249,950,1408,1859,1653,7769
ECB Spawned Mass Culture of Financial Dependency that’s Now Very Hard to Undo,O Banco Central semeou uma cultura de dependência financeira que se tornou muito difícil de erradicar.,"The Central Bank sowed a harvest of financial reliance, now a deeply rooted crop.",311,448,2284,2195,2279,2151,1754,11422
‘I Love Islamic State’: Muslim Guilty of Showing Beheading Video to Child,"""Amo o Estado Islâmico"": Muçulmano Culpado por Exibir Vídeo de Decapitação para Criança.","""I adore the Islamic State"": Guilty Muslim for Showing Beheading Video to a Child.",68,393,498,287,126,1630,1256,4258
Obama rips the 'fundamental meanness' of the GOP's healthcare repeal bill,"Obama expõe a crueldade intrínseca da proposta de revogação do plano de saúde do GOP.
",Obama lays bare the inherent barbarity of the GOP's healthcare plan repeal.,87,311,552,223,258,654,569,2654
Proof GMOs Cannot Be Contained — GM Mosquitoes Mating With Wild Mosquitoes And Spreading GM Traits,Não se pode aprisionar o OGM — mosquitos geneticamente modificados se cruzam com mosquitos selvagens e espalham traços de OGM.,"You can't bottle lightning — genetically modified mosquitoes mingle with wild ones, scattering sparks of the altered code.",326,448,2159,2519,2171,2200,2289,12112
"At a Public School in Denver, Refugee Children Find Hope and Frustration","Em uma escola pública em Denver, crianças refugiadas encontram esperança e pedras no caminho.","In a Denver public school, refugee children find both wings and stumbling blocks.",133,448,519,1602,1761,1935,1358,7756
#Nuclearban: How Will China Play Its Hand? – Antiwar.com Blog,"**Proibição Nuclear: Como a China Jogará a Sua Carta? – Blog Antiwar.com**

O espectro da proibição nuclear paira como uma névoa densa sobre Pequim, e a questão não é se a China irá se render à maré crescente, mas como ela irá desviar essa onda. É um jogo de xadrez de proporções globais, onde cada peça carrega o peso de eras de estratégia e, crucialmente, a sombra da dissuasão.

A China, com sua visão de mundo moldada pela história, não é dada a concessões apressadas. Longe de se precipitar para o abismo da desarmamento, ela provavelmente irá trilhar um caminho de cautelosa e calculada complexidade. A possibilidade de se despir de suas armas nucleares, mesmo que parcialmente, é como pedir a um agricultor para abandonar seu arado em plena época de plantio.

O argumento de que","**Desarmamento Nuclear: Qual a Aposta da China? – Blog Antiwar.com**

A sombra da proibição nuclear paira sobre Pequim como um nevoeiro espesso, e a questão não é se a China cederá à maré crescente, mas como ela irá contornar essa onda. É um jogo de damas em escala global, onde cada peça carrega o peso de séculos de estratégia e, crucialmente, a ameaça da dissuasão.

A China, com sua visão de mundo forjada na história, não é de movimentos impulsivos. Longe de se jogar no abismo do desarmamento, ela provavelmente seguirá um caminho de cautelosa e calculada complexidade. A ideia de se desfazer de suas armas nucleares, mesmo que parcialmente, é como pedir a um lavrador que abandone seu enxada na hora da semeadura.",371,448,2578,2418,2157,1587,2492,12051
The Situation' is facing 15-years in prison for tax charges,A situação está encarando 15 anos na cadeia por acusações fiscais.,The situation is staring down fifteen years behind bars over tax charges.,151,448,1703,840,1393,1892,1261,7688
BUSTED: Vermont white nationalist loses job at pizza chain after being spotted in Charlottesville,"**Desmascarado: Nacionalista branco de Vermont perde o emprego em pizzaria após ser flagrado em Charlottesville.**
",Unmasked: White Nationalist in Vermont Sees His Pizza Job Go Up in Smoke After Charlottesville Exposure.,258,448,1635,1722,1633,1076,1604,8376
Topless Pro-Abortion Feminist Tries to Steal Baby Jesus From Vatican Nativity Scene,"Feminista Pró-Aborto Sem Blusinha Tenta Levar o Menino Deus do Presépio do Vaticano.
",Bare-chested abortion-rights activist attempts to snatch the baby Jesus from the Vatican nativity scene.,138,448,524,416,1037,1488,1072,5123
Deadly Ambush of Green Berets in Niger Belies a ‘Low-Risk’ Mission,"Emboscada fatal de Paraquedistas Verdes no Níger expõe a farsa de uma missão ""de baixo risco"".","Fatal Green Beret Ambush in Niger Unmasks the Veneer of a ""Low-Risk"" Operation.",184,448,777,812,624,911,1167,4923
NBC Is Making $5 Million For 30-Second Super Bowl Commercials,A NBC está embolsando 5 milhões de dólares por trinta segundos de Super Bowl.,NBC is raking in five million dollars for thirty seconds of Super Bowl.,160,448,978,590,688,269,367,3500
America is desperately failing Puerto Rico in the wake of Hurricane Maria,"A América está abandonando, à deriva, Porto Rico após o furacão Maria.","America is turning its back, letting Puerto Rico founder after Maria.",199,448,2288,2130,2531,2293,2089,11978
Uber CEO Travis Kalanick Takes Leave After Eric Holder Report,"O CEO da Uber, Travis Kalanick, dá um passo atrás após relatório de Eric Holder.",Uber CEO Travis Kalanick retreats after Eric Holder’s report.,27,228,285,71,37,254,78,980
Aleppo’s Melkite archbishop looks to rebuild city from the ashes,O arcebispo melquita de Aleppo busca reconstruir a cidade das cinzas.,The Melkite archbishop of Aleppo seeks to rebuild the city from the ashes.,75,278,255,21,28,218,102,977
University Clinic Teaches Transgender People How To Speak With Voices To Fit Their Gender Choice,Clínica Universitária Ensina Pessoas Trans a Ajeitar a Voz à Escolha de Gênero.,University Clinic Guides Trans People to Voice Their Truest Selves.,220,448,1533,891,1205,1986,1920,8203
Has NASA Lost Its Way? | 1993 Washington Post Article by Peter Carlson,"## A NASA Perdeu o Norte? | Artigo de 1993 do Washington Post por Peter Carlson

A NASA, outrora farol de inovação e audácia, parece agora arrastar os pés em um breu de burocracia e decisões hesitantes. Lembra a história de Ícaro, voando perto demais do sol, mas em vez de cair por ambição, ela escorrega por inércia.

No auge da Guerra Fria, a agência espacial americana era o canhão de progresso, detonando descobertas a cada lançamento. Era um carro esportivo, cortando a atmosfera com a promessa de explorar novos mundos. Agora, parece um fusca enferrujado, lutando para subir uma ladeira.

O orçamento, outrora um rio caudaloso, minguou até virar um riacho seco. Os projetos, antes ousados como missões a Marte, foram reduz","## A NASA Desorientada? | Artigo de 1993 do Washington Post por Peter Carlson

A NASA, outrora um guia de esperança e ousadia, parece agora se arrastar na penumbra da burocracia e de decisões hesitantes. Remete à história de Ícaro, voando perto demais do sol, mas em vez de cair por ambição, ela escorrega por inércia.

No auge da Guerra Fria, a agência espacial americana era o motor do progresso, explodindo descobertas a cada lançamento. Era um carro esportivo, rasgando a atmosfera com a promessa de explorar novos mundos. Agora, parece um Fusca enferrujado, lutando para subir uma ladeira.

O orçamento, outrora um rio caudaloso, minguou até virar um riacho seco. Os projetos, antes audaciosos como missões a Marte, foram reduzidos",356,448,2587,2445,2484,2174,2358,12852
Virginia needs Ralph Northam as its next governor. Here's why,"Virginia precisa de Ralph Northam como seu próximo governador. Eis o porquê.
",Virginia needs Ralph Northam as its next governor. Here's the long and short of it.,48,23,457,1028,451,136,133,2276
Photogallery - Scottie Pippen puts LeBron James ahead of Michael Jordan,"Galeria de Fotos – Scottie Pippen empurra LeBron James à frente de Michael Jordan.
",Photo Gallery – Scottie Pippen Pushes LeBron James Past Michael Jordan.,109,448,390,380,195,884,517,2923
Pit Bulls save children from copperhead snake lurking in their yard,Pit Bulls salvam crianças de cascavel à espreita no quintal.,Pit Bulls shield children from lurking vipers in the backyard.,125,448,838,637,1201,1774,798,5821
"Turner Prize Goes to Lubaina Himid, Whose Work Depicts African Diaspora","Prêmio Turner vai para Lubaina Himid, cujo trabalho retrata a diáspora africana.
","The Turner Prize goes to Lubaina Himid, whose work charts the African diaspora.",20,341,16,15,101,162,111,766
Russia and China backed crippling UN sanctions against North Korea,A Rússia e a China impuseram sanções da ONU tão pesadas que paralisaram a Coreia do Norte.,Russia and China laid down UN sanctions so heavy they froze North Korea in its tracks.,145,448,984,424,875,169,363,3408
Unhinged Ann Coulter Calls For ‘Death Squads’ To Clear Out Immigrants (AUDIO/VIDEO),"Ann Coulter Enlouquecida Clama por ""Esquadrões da Morte"" Para Limpar Imigrantes (ÁUDIO/VÍDEO)","Ann Coulter Spirals, Demanding ""Death Squads"" to Purge Immigrants (AUDIO/VIDEO)",75,174,672,897,997,704,1398,4917
W.H.O. Is Right? World Health Organisation Argues Monsanto Uses Cancerogenics,Quem está certo? Organização Mundial da Saúde argumenta que Monsanto usa cancerígenos.,Who holds the sun? The World Health Organization contends Monsanto wields shadows.,294,448,2151,2534,2364,2577,2577,12945
HHS Creates Exemption for Companies Opposed to Providing Birth Control on Religious Grounds,HHS Abre Brecha para Empresas que Recusam Cobertura de Anticoncepcionais por Motivos Religiosos.,HHS Carves Out an Exception for Companies Denying Contraceptive Coverage on Religious Grounds.,183,448,610,197,89,676,489,2692
"How Shelley Worrell, Creator of CaribBeing, Spends Her Sundays","Como Shelley Worrell, criadora do CaribBeing, Despende Seus Domingos.","As Shelley Worrell, architect of CaribBeing, spends her Sundays.",35,448,80,741,1069,1288,107,3768
Out for votes: Battle over rights inspires more US transgender candidates,Em busca de votos: Batalha por direitos impulsiona mais candidatos transgêneros nos EUA.,Chasing Ballots: Rights Uprising Fuels Surge of Transgender Candidates in the U.S.,295,448,1874,612,802,1103,1106,6240
Satanists Are Trying to Force Christian Bakers to Make Satanic Cakes,Satanistas Tentam Forçar Confeiteiros Cristãos a Fazer Bolos Satânicos.,Devil-Worshippers Pressuring Christian Bakers to Frost Sinful Cakes.,221,448,1133,1460,1946,2242,2201,9651
Project Veritas Drops Another Video Bomb Of CNN Producer Mocking Chris Cuomo [VIDEO],Project Veritas Solta Outra Bomba em Vídeo: Produtor da CNN Zomba Chris Cuomo [VÍDEO],Project Veritas Drops Another Bomb: CNN Producer Shreds Chris Cuomo [VIDEO],20,57,142,1131,388,1184,1188,4110
Maddow reveals that Sater & Cohen may have violated the Trading with the Enemy Act,Maddow revela que Sater & Cohen podem ter infringido a Lei de Comércio com o Inimigo.,Maddow unearths that Sater & Cohen may have danced with the serpent of foreign trade.,124,136,1128,2452,1602,2471,2258,10171
Court: Texas Can Enforce More of 'Sanctuary Cities' Law,"Tribunal: Texas Pode Apertar Mais o Cerco à Lei das ""Cidades Santuário"".
","Court: Texas May Tighten the Noose on ""Sanctuary City"" Law.",207,448,911,574,583,321,1008,4052
How to make a brine for turkey that will make mouths water on Thanksgiving Day,Como preparar uma salmoura para peru que fará os lábios salivarem no Dia de Ação de Graças.,How to conjure a brine for turkey that'll make mouths water on Thanksgiving.,21,66,53,500,537,2144,673,3994
Antifa Website Admitted To Pouring Concrete On Amtrak Tracks – Could This Have Caused Derailment?,Site Antifa Admitiu Ter Lançado Concreto Sobre Trilhos da Amtrak – Isso Poderia Ter Levado ao Desastre?,Antifa Website Confesses to Flinging Concrete at Amtrak Tracks – A Recipe for Ruin?,192,448,1130,987,849,1239,1207,6052
ISIS Is Now Using Female Sex Slaves To Recruit Rapists,O Isis agora emprega cativas para forjar algozes.,The Isis now sets captives to forge executioners.,259,448,1826,2165,2445,1786,1780,10709
At Least 6 White House Advisers Used Private Email Accounts,Pelo menos seis assessores da Casa Branca deram um jeito de usar contas de e-mail particulares.,At least six White House advisors found a back door to their inboxes.,252,448,1573,1903,1850,1040,609,7675
Sen. Al Franken broke down in tears describing the impact of government policies in his own family,O senador Al Franken desmoronou em lágrimas ao descrever o golpe que as políticas governamentais deram em sua própria família.,Senator Al Franken broke down in tears as he laid bare how government policies had hammered his own family.,102,153,477,603,173,172,134,1814
Green Bay Packers put Aaron Rodgers on IR again,Green Bay Packers recolocou Aaron Rodgers na geladeira de novo.,Green Bay Packers put Aaron Rodgers back on ice.,35,24,537,694,319,1295,181,3085
Acorda Therapeutics shares jump on media reports of takeover interest from Biogen and others,"As ações da Acorda Therapeutics alçaram voo com os rumores de que a Biogen e outras empresas estão de olho na aquisição.
",Acorda Therapeutics' stock soared on whispers of a Biogen and other companies eyeing a takeover.,213,448,991,799,865,782,1551,5649
Randy Newman: And You Thought ‘Short People’ Was Controversial?,"E você achava que “Pessoas Baixas” era polêmico?

Bem, aqui vai, uma canção sobre um cara que vive na Califórnia,
Ele é um homem de negócios, ele se veste de forma estranha.
Ele tem um Cadillac e um poodle,
E ele está começando a se sentir mal.

Ele diz: ""Eu não gosto de andar de trem,
Eu não gosto de comer comida francesa,
Eu não gosto de pessoas que dizem que estão ‘em contato’ com a natureza.
Eu não gosto de crianças que me chamam de ‘você’.""

E você achava que “Pessoas Baixas” era polêmico?
Espera só até as pessoas ouvirem esta.

Eu sei que parece que estou reclamando,
Mas eu não estou, eu estou apenas observando.
Eu não estou tentando ser engraçado,
Eu só estou dizendo o que eu vejo.

E a","E você pensava que ""Pessoas Baixas"" era fogo?
Aguenta firme, que aí vem:

Um sujeito californiano,
Faz negócios e veste o que quer.
Tem um Cadillac e um poodle,
E a vida começa a pesar.

""Detesto andar de trem,
Detesto a culinária francesa,
Detesto gente que se diz ""conectada"" à natureza.
Detesto quando me chamam de ""você"".""

E você pensava que ""Pessoas Baixas"" era fogo?
Espera só a reação a esta.

Pode parecer que estou resmungando,
Mas não estou, só estou olhando.
Não quero ser engraçado,
Só estou falando o que vejo.",377,448,2591,2424,2563,2379,2588,13370
The Government Of Ohio Bans Abortion For Children With Down Syndrome,O Governo de Ohio Calou a Voz de Bebês com Síndrome de Down.,Ohio's government stifled the song of Down syndrome babies.,231,448,1925,2113,2252,415,1423,8807
Global Driving Recorder Market Expected To Consume the Largest Market Share By 2022,Mercado Global de Gravadores de Condução Projetado para Devorar a Maior Fatia Até 2022.,Global Dashcam Market Poised to Gobble Up the Biggest Slice by 2022.,171,448,1189,1538,1628,796,979,6749
"North Korea Fires a Ballistic Missile, in a Further Challenge to Trump","Coreia do Norte lança um míssil balístico, em mais um tapa na cara de Trump.","North Korea fires a ballistic missile, another slap in Trump’s face.",76,448,1338,757,267,83,97,3066
"Corporate Media Proves Loyalty to Abusers, Belittles Corey Feldman After He’s Vindicated (Video)","A Mídia Corporativa Consolida a Lealdade a Abusadores, Diminui Corey Feldman Após Sua Justificação (Vídeo).","Corporate Media Cement Loyalty to Predators, Dims Corey Feldman After His Justification (Video).",113,448,974,1205,1257,1421,1384,6802
Congress Must Audit PREPA as Hurricane Fallout in Puerto Rico Continues,O Congresso deve fiscalizar a PREPA enquanto a ressaca do furacão continua em Porto Rico.,Congress should keep a watchful eye on PREPA as Puerto Rico still reels from the storm's hangover.,253,448,1948,2229,2239,1042,745,8904
"Trump Administration Defends Cuba Embargo at U.N., Reversing Obama","Administração Trump Defende Embargo a Cuba na ONU, Dando um Tabefe em Obama.",Trump Administration Slaps Down Obama’s Cuba Policy at the UN.,231,448,2123,729,561,2253,1807,8152
Jets Move Safety Ronald Martin to the Colts for Long Snapper Thomas Hennessy,"Os Jets desocupam o campo para Ronald Martin, enviando-o para os Colts em troca do cabo de aço Thomas Hennessy.
","The Jets clear the field for Ronald Martin, sending him off to the Colts in exchange for the steel cable Thomas Hennessy.",157,448,1664,1946,1817,574,1933,8539
"BREAKING! SINGER KAYA JONES: PUSSYCAT DOLLS WAS A PROSTITUTION RING, DRUGGED & MENTALLY BROKE US UNTIL ONE MEMBER COMMITTED SUICIDE","URGENTE! CANTORA KAYA JONES: Pussycat Dolls ERA UMA QUADRILHA DE PROSTITUIÇÃO, NOS DROGAVA E NOS DESTRUÍA A MENTE ATÉ QUE UMA INTEGRANTE FOI PARA O GRILO.","URGENT! Singer Kaya Jones: Pussycat Dolls WERE A DEN OF VICE, DOSING US AND MIND-WARPING US UNTIL ONE ESCAPED THE RAT RACE.",202,448,1030,1786,2343,2348,2512,10669
Trump in Devastated Puerto Rico: You've Thrown Budget 'Out of Whack',"""Trump em Porto Rico Devastada: Vocês Desestabilizaram as Contas.""",Trump in Ruined Puerto Rico: You’ve Broken the Ledger.,142,448,1218,2042,1896,2209,1800,9755
Ralph Northam Did Better Among Virginia Women Than Hillary Clinton Did,Ralph Northam superou Hillary Clinton entre as mulheres da Virgínia.,Ralph Northam edged past Hillary Clinton with Virginia's women.,231,448,1181,1078,1514,424,445,5321
Sloppy U.S. Spies Misused a Covert Network for Personal Shopping — and Other Stories from Internal NSA Documents,Agentes Americanos Desleixados Abusaram de uma Rede Clandestina para Compras Pessoais — e Outras Histórias dos Documentos Internos da NSA.,Careless American Operatives Exploited a Shadow Network for Personal Shopping — and Other Tales from the NSA’s Internal Papers.,162,183,303,205,169,442,840,2304
Real Housewives of Orange County' Tamra Judge has skin cancer again,Tamra Judge das Real Housewives de Orange County voltou a ter câncer de pele.,Tamra Judge from The Real Housewives of Orange County has been dealt another cruel hand.,184,359,1176,2259,1402,2441,2271,10092
Photogallery - Justin Bieber settles issue with Marilyn Manson over T-shirt design,"Galeria de Fotos - Justin Bieber resolve questão com Marilyn Manson sobre design de camiseta.
",Photo Gallery: Justin Bieber Settles Tee Design Beef with Marilyn Manson.,151,448,855,1170,1204,964,989,5781
Windows Phone 8.1 has reached its limit in terms of updates and security patches,O Windows Phone 8.1 chegou ao fim da linha em termos de atualizações e correções de segurança.,The Windows Phone 8.1 has run its course.,159,370,1349,1587,1702,2328,567,8062
Dragon Ball Super' fans have uncovered the identity of the new Super Warrior,Os fãs de Dragon Ball Super desvendaram a identidade do novo Guerreiro Super Poderoso.,Dragon Ball Super's devotees have cracked the shell of the formidable new warrior's true face.,110,448,1138,1458,1148,2137,1814,8253
Missouri Man Faces Terrorism Charges for Attempted Train Hijacking,Homem do Missouri Enfrenta Acusações Terroristas por Tentativa de Sequestro Ferroviário.,Missouri Man Faces Terror Charges Over Rail-Snatching Bid.,193,448,1264,433,983,1144,1265,5730
Niall Horan denies dating Olympia Valance: Here's what he has to say,Niall Horan nega estar namorando Olympia Valance: veja o que ele tem a dizer.,Niall Horan quashes rumors of a romance with Olympia Valance: hear his side of the story.,283,448,2233,1057,436,133,139,4729
"Jimmy Kimmel slams Republican healthcare bill: 'This guy, Bill Cassidy, just lied right to my face'","Jimmy Kimmel destrói projeto de saúde republicano: 'Esse sujeito, Bill Cassidy, acabou de me passar a perna na cara'.","Jimmy Kimmel blows the Republican healthcare plan to smithereens: ""This guy, Bill Cassidy, just slapped me in the face with it.""",143,314,1083,442,1416,1787,1392,6577
Just A Reminder: It Was Ivanka Who Insisted Daddy Appoint Mike Flynn,"Só um lembrete: foi Ivanka quem insistiu para o papai nomear Mike Flynn.
",Just a nudge: it was Ivanka who put the bee in his bonnet about Mike Flynn.,123,448,1161,2340,2201,2460,2312,11045
Brutal Russian Nightclub Fight Turns Into Dramatic Shooting [VIDEO],"Noite de Clubbing Russa se Transforma em Balé de Tiros [VÍDEO]
",Russian Nightclub Turns into a Bullet Ballet [VIDEO],116,448,574,2270,335,986,2069,6798
The Lost Sphinx of Giza—Experts claim there was a SECOND Sphinx near the Pyramids,"A Esfinge Perdida de Gizé — Especialistas afirmam que existiu uma SEGUNDA Esfinge perto das Pirâmides.
",The Lost Sphinx of Giza — Experts Whisper of a SECOND Sphinx Lurking Near the Pyramids.,27,299,315,41,441,910,764,2797
"Let Them Eat (Yellow) Cake, Where the Uranium Comes From","Que comam (bolo de) milho, de onde vem o urânio.","Let them feast on corn, from which springs the atom's fire.",286,448,2109,2413,2159,2520,2296,12231
Iraqi Politicians Considering Law Allowing Legal Marriage for Nine-Year-Old Girls,Políticos iraquianos ponderam lei que permite o casamento de meninas de nove anos.,Iraqi politicians weigh a measure that would let little girls bloom into brides at nine.,307,448,2185,2022,1825,1365,1111,9263
Photogallery - Channing Frye shares his amazement over Derrick Rose,Galeria de Fotos - Channing Frye expressa seu espanto com Derrick Rose.,Photo Gallery - Channing Frye's jaw hit the floor over Derrick Rose.,175,448,1530,2392,2101,2389,1594,10629
Shady data mining firm sought Clinton dirt from WikiLeaks right after getting hired by Trump,Empresa obscura de escavação de dados buscou na WikiLeaks fósforos sobre Clinton logo após ser contratada por Trump.,Shadow data-digging outfit scoured WikiLeaks for kindling on Clinton shortly after being hired by Trump.,225,448,707,476,1203,2197,1543,6799
Microsoft Discloses DREAMer Employees in Plea for DACA Continuance,Microsoft Revela Sonhadores Entre Seus Funcionários em Apelo pela Continuidade do DACA.,Microsoft Unveils Dreamers Among Its Ranks in Plea for DACA’s Survival.,175,448,1928,650,1032,1258,1222,6713
Police Found Hundreds Of Shell Casings At Scene Of Texas Shooting,"A Polícia recolheu centenas de cápsulas de bala no local do tiroteio do Texas.
",The police gathered hundreds of spent casings at the Texas shooting site.,104,448,426,193,981,1256,784,4192
"Anthony Scaramucci Denies His Tweet Targeted Reince Priebus for FBI Investigation, Has Simple Explanation","Anthony Scaramucci nega que seu tuíte tenha sido direcionado a Reince Priebus por causa da investigação do FBI, e tem uma explicação simples.","Anthony Scaramucci deflects any suggestion his tweet was aimed at Reince Priebus due to the FBI probe, offering a straightforward read on the situation.",240,448,1058,592,902,863,1236,5339
Will Trump Invade Iran? An Interview with Middle East Expert Lawrence Davidson,"Will Trump Invade Iran? An Interview with Middle East Expert Lawrence Davidson

**Trump Invadirá o Irã? Uma Conversa com o Especialista em Oriente Médio Lawrence Davidson**

O fantasma da invasão paira sobre o Oriente Médio. Será que o presidente Trump, em busca de um palco para sua bravata, decidirá finalmente chutar o balde e lançar os Estados Unidos em mais um conflito sangrento? Para tentar desvendar essa sombra, conversamos com Lawrence Davidson, um estudioso que acompanha de perto os meandros da política iraniana e as engrenagens da diplomacia americana.

Davidson nos adverte contra a tentação de interpretar as declarações de Trump como um roteiro gravado em pedra. Ele enfatiza que o presidente é um mestre em jogar com o fogo, atirando lenha na fogueira para testar a reação do mundo e, ao mesmo tempo, manipular a opinião pública. É","**Will Trump Invade Iran? An Interview with Middle East Expert Lawrence Davidson**

**Trump Invadirá o Irã? Uma Conversa com o Especialista em Oriente Médio Lawrence Davidson**

O espectro da invasão assombra o Oriente Médio. Será que o presidente Trump, em busca de um holofote para sua bravata, decidirá finalmente bater as botas e arrastar os Estados Unidos para mais um banho de sangue? Para tentar dissipar essa névoa, conversamos com Lawrence Davidson, um estudioso que mergulhou fundo nos labirintos da política iraniana e nos mecanismos da diplomacia americana.

Davidson nos alerta contra a ilusão de ler as declarações de Trump como um script imutável. Ele enfatiza que o presidente é um equilibrista sobre a fogueira, jogando lenha nas brasas para sentir o calor da reação global e, simultaneamente, orquestrar a opinião pública.",332,444,2551,2118,1976,1278,2232,10931
"Joy Reid shreds Trump’s ‘racist, fear-mongering’ ad claiming Democrats will be ‘complicit in murders’","Joy Reid esfacela o anúncio de Trump, ""racista e alarmista"", que alega que os democratas estarão ""cúmplices em assassinatos"".","Joy Reid dismantles Trump's ad, ""racist and fearmongering,"" that claims Democrats will be ""hand-in-glove with murder.""",157,448,1164,547,149,962,1107,4534
"‘The Sims 4 Cats & Dogs’ gets a new trailer, Know how to use Create-a-Pet system","'Os Sims 4: Gatos & Cães' ganha um novo trailer, descubra como domar o sistema Criar um Pet.
","The Sims 4: Cats & Dogs Unveils New Trailer, Unearth How to Tame the Creature Creator.",129,448,1589,1807,1421,1757,2131,9282
Texas Clinics Offer ‘No-Cost Abortions’ for Victims of Hurricane Harvey,Clínicas do Texas oferecem abortos sem custo para vítimas do furacão Harvey.,"Texas clinics extend a lifeline, free of charge, to Harvey's storm-tossed survivors.",262,448,2236,1852,1692,2428,2099,11017
Voters trust Jimmy Kimmel over GOP on health care: poll,Eleitores confiam mais em Jimmy Kimmel do que no GOP quando se trata de saúde: pesquisa.,Voters place their health hopes in Jimmy Kimmel's hands more than the GOP’s.,262,448,2081,1442,1331,1837,1296,8697
Justice Department Agrees To Pay Tea Party Victims In Obama IRS Targeting Scandal,Ministério da Justiça Cede e Paga às Vítimas do Tea Party no Escândalo de Alvos do IRS na Era Obama.,"Justice Department Yields, Paying Damages to IRS Targeting Scandal's Tea Party Victims in the Obama Era.",147,448,976,1449,1162,1452,1883,7517
Russia playing all sides in the North Korean issue,A Rússia equilibrando-se na corda bamba entre as Coreias.,Russia walking a tightrope between the Koreas.,294,448,2361,2490,2346,448,425,8812
‘He drank the Kool-Aid’: Homeland Chief Kelly ripped for lying at his hearing — then pushing Trump agenda,Ele engoliu a cartilha.,He ate his words.,326,448,2540,2585,2525,2574,2535,13533
Donald Trump states that China does nothing to stop North Korea,Donald Trump afirma que a China não faz nada para conter a Coreia do Norte.,Donald Trump asserts that China is twiddling its thumbs regarding North Korea.,151,448,1177,886,1829,972,1089,6552
"Major Islamic Terrorists Declare This Order For Muslim Terrorists To Kill Christians: “Blow Up Their Churches And Monasteries, Kill Their Priests And Monks, Do Not Show Mercy Toward Any Christian For ","Grandes Arautos do Terror Islâmico Decretam Esta Ordem Para Terroristas Muçulmanos Matarem Cristãos: ""Arrasem Suas Igrejas e Mosteiros, Abatam Seus Padres e Monges, Não Demonstrem Piedade Para com Nenhum Cristão.""","Harbingers of Islamic Dread Proclaim This Edict to Muslim Terrorists: ""Level Their Churches and Monasteries, Fell Their Priests and Monks, Show No Mercy to Any Christian.""",131,448,596,1526,1098,1293,2327,7419
"Egypt: Christians pelted with rocks, four churches closed as government treats prayer “as a crime”","Egito: Cristãos bombardeados por pedras, quatro igrejas lacradas enquanto o governo trata a oração como um delito.","Egypt: Believers pelted with stones, four sanctuaries shuttered as governance brands prayer a crime.",139,448,356,310,222,1068,733,3276
‘Stranger Things’ creators plan to end series after fourth season,"Os criadores de 'Stranger Things' pretendem dar um chega pra lá na série após a quarta temporada.
",The creators of 'Stranger Things' intend to send the series out on a blaze of glory after the fourth season.,181,448,1975,2080,1190,1414,1681,8969
BOOM! Editor-in-chief of @RT_com drops a bomb on @Jack and Twitter,O editor-chefe do @RT_com solta uma bomba sobre @Jack e o Twitter.,The @RT_com editor-in-chief drops a bombshell on @Jack and Twitter.,76,85,121,286,197,893,244,1902
Pokemon Go' datamine reveals anti cheat measures & PTC improvements,As entranhas do Pokémon Go revelam defesas contra trapaças e aprimoramentos no toque para jogar.,The Pokémon Go underbelly exposes safeguards against cheats and refinements to the feel of play.,359,448,2153,1540,1848,2051,1951,10350
How a Radical Left-Wing Historian Birthed the Anti-Columbus Crusade,Como um Historiador Radical da Esquerda Deu à Luz à Cruzada Anti-Colombo.,How a Left-Wing Renegade Birthing Gave Rise to the Anti-Columbus Crusade.,75,448,351,1452,1496,2415,2097,8334
Hospitals Are Killing Thousands From ‘Climate Change’ Each Year Or Something,Hospitais Estão Levando Milhares Para O Além Por Conta da ‘Mudança Climática’ Ou Algo Assim.,Hospitals Are Shepherding Thousands to the Graveyard on Account of ‘Climate Shift’ or Something Like That.,193,448,1571,1060,1502,1659,2042,8475
Trump’s Border Security Plans Create Efficiencies in Deporting Illegal Aliens,Os planos de segurança na fronteira de Trump agilizam a expulsão de estrangeiros em situação irregular.,Trump's border security blueprints grease the wheels of deportations.,231,448,2110,745,2227,2101,1324,9186
"Citing Recusal, Trump Says He Wouldn’t Have Hired Sessions","Citando a renúncia, Trump diz que não teria contratado Sessions.","Alluding to his resignation, Trump says he wouldn't have hired Sessions.",54,448,685,142,1132,1394,353,4208
Senate Republicans to make another attempt at Obamacare repeal,Republicanos do Senado renovam a investida para dar um golpe final no Obamacare.,Senate Republicans renew their push to bury Obamacare.,178,448,1224,908,165,998,205,4126
"Trump disillusioned with Congress, 'regrets' making Obamacare repeal his first effort","Desiludido com o Congresso, Trump 'arrependido' de ter feito a revogação do Obamacare sua primeira batalha.
","Disillusioned with Congress, Trump now ‘regrets’ making Obamacare repeal his first fight.",34,117,198,214,373,835,1012,2783
How abstinence-only sex ed keeps some people from reporting their sexual assaults,Como a educação sexual que só fala de abstinência mantém algumas pessoas presas ao silêncio sobre seus agredimentos sexuais.,"How a sexual education that only whispers ""no"" can leave some voices muted when it comes to their wounds.",294,448,2395,2410,2351,1681,2130,11709
Buffett’s Berkshire To Reap $37 Billion Benefit From Trump Tax Cuts,Berkshire de Buffett a colher $37 bilhões em frutos das reduções de impostos de Trump.,Berkshire Hathaway reaping a $37 billion harvest from Trump's tax cuts.,119,448,1380,947,620,601,1306,5421
"Verlander, Altuve lead Astros to Game 1 route of Red Sox in 2017 ALDS",Verlander e Altuve guiam os Astros à vitória estrondosa do Jogo 1 contra os Red Sox nas ALDS de 2017.,Verlander and Altuve steer the Astros to a thunderous Game 1 triumph over the Red Sox in the 2017 ALDS.,83,448,1026,269,970,325,748,3869
in the past they died more readily and then at that point they are not posing a risk.,"No passado, a vida esvaía-se mais facilmente e, então, a ameaça desaparecia com ela.","Life once slipped away more readily, and so the shadow vanished with it.",320,448,2416,2437,2466,1896,2068,12051
We Hear You: The Failure of Republicans to Repeal or Replace Obamacare,Ouvimos você: O tombo dos republicanos ao tentar enterrar ou substituir o Obamacare.,We hear you: The GOP's pratfall in trying to bury or supplant Obamacare.,145,448,1442,688,2030,967,904,6624
"Level of Affection Given to a Baby Physically Affects their DNA, Research Finds","O carinho físico dispensado a um bebê molda, literalmente, a sua escrita genética, revelam pesquisas.","Physical affection lavished on a baby sculpts, quite literally, their genetic script, research reveals.",237,448,1888,2098,1240,612,587,7110
John Lewis blasts Trump’s ‘election fraud’ commission as a form of voter intimidation and harassment,John Lewis detona a comissão de fraude eleitoral de Trump como uma forma de intimidação e assédio ao eleitorado.,John Lewis blows up Trump’s election fraud commission as a tactic of bullying and harassment against the electorate.,72,448,468,438,178,205,374,2183
A scientist just destroyed the conservative myth that inequality is necessary for economic motivation,"Um cientista acaba de desmantelar o mito conservador de que a desigualdade é o combustível da ambição econômica.
",A scientist has just pried open the Pandora's Box of the conservative myth that inequality fuels economic ambition.,142,295,1118,1361,748,797,534,4995
"Riders Outside Manhattan Can Now Hail Accessible Taxis, Too","Agora, quem está fora de Manhattan pode também acenar para táxis que abrem as portas da cidade.","Now, those beyond Manhattan can also hail cabs unlocking the city's gates.",285,448,1430,1065,1942,1569,1733,8472
"DUDE, really? Tim Kaine plays dumb about AntiFa, tweeps point to this PAINFUL (related!) source","Sério, cara? Tim Kaine faz o bobo sobre o AntiFa, e os internautas apontam para essa fonte (relacionada!) de ANGÚSTIA.","Seriously, dude? Tim Kaine’s clowning around on the Antifa front, and the internet’s spotlighting this (linked!) wellspring of dread.",280,448,2111,1677,1885,1648,2249,10298
Whistleblower: FBI Informant Says ‘Secret Society’ Held Secret Meetings Off Site,"Denunciante: Confidente do FBI Revela que 'Sociedade Secreta' Realizava Reuniões Clandestinas Fora do Radar.
",Whistleblower: FBI Insider Exposes 'Shadow Society' Holding Covert Meetings Under the Table.,252,448,1527,865,603,1795,1280,6770
Hizballah says an Israeli “spying device” spotted on Mt. Barouk,"Hizbollah afirma ter descoberto um “olho espião” israelense no Monte Barouk.
","Hezbollah claims to have unearthed an Israeli ""peeper"" on Mount Barouk.",231,448,1670,1910,1122,438,960,6779
Republican donor sues GOP for fraud over ObamaCare repeal failure,Doador republicano processa o GOP por fraude diante do fracasso na derrubada do ObamaCare.,Donor sues GOP for fleecing him after their failed bid to bury Obamacare.,198,448,1386,1930,684,2381,2241,9268
Travel ban could be revised to tackle possible terror attacks,A barreira de viagens poderia ser repensada para conter possíveis ataques terroristas.,The travel firewall could be reimagined to cage potential storms.,219,448,2014,2222,1520,2508,2266,11197
The Arrested Saudi Prince Alwaleed Owns These 12 US Companies,O Príncipe Saudita Detido Alwaleed Possui Estas 12 Empresas Americanas.,The Detained Saudi Prince Alwaleed Holds These 12 American Crowns.,109,448,144,1861,1607,2190,1630,7989
Donald Trump Jr.'s mobster-lawyer wants you to know there's nothing to see here,O advogado de máfia do Donald Jr. quer que você saiba: não há plateia aqui.,The Donald Jr.'s mob lawyer wants you to know: there's no audience here.,63,306,837,1444,651,1132,1833,6266
"With Styrka Dollars, Dealer Employees Save Big Bucks on Optics","Com o poder do Styrka, os colaboradores da concessionária faturam fortunas em lentes.
","Fueled by Styrka, the dealership team rakes in a fortune in lenses.",354,448,1886,794,2222,1247,886,7837
California Bans ICE Agents from State Labor Offices to Protect Illegal Workers,Califórnia afasta agentes do ICE de postos do trabalho estadual para blindar trabalhadores sem documentos.,California shields undocumented workers by pulling ICE agents back from state workplaces.,211,448,1280,343,618,565,459,3924
Baltimore Dept Switched Out Whistleblower Cop’s Partner The Day He Was Murdered With his Own Gun,O Departamento de Baltimore afastou o parceiro do policial que denunciou irregularidades no dia em que foi ceifado com sua própria arma.,"The Baltimore department clipped the wings of the officer who blew the whistle, on the very day his own weapon delivered the final blow.",296,448,2382,2333,2384,2221,2427,12491
"MoviePass Drops Its Price, Pleasing Customers but Angering AMC","MoviePass afrouxa a corda do bolso, alegrando o público, mas irritando a AMC.","MoviePass eases the purse strings, delighting audiences but chafing AMC.",265,448,1631,431,2199,1991,1749,8714
Illegal Immigrant Beheaded Mother And Gives SICK Excuse When Asked Why [WATCH],Imigrante Ilegal Decapita Mãe e Oferece Desculpa Doentia ao Ser Questionado Sobre o Motivo [ASSISTA].,"""Undocumented Man Severely Ends Mother's Life, Offers Twisted Justification Upon Inquiry [WATCH].""",331,448,2204,1375,1827,2477,2472,11134
How Jeff Sessions is Stopping the EPA's Slush Fund,Como Jeff Sessions Está Derrubando o Cofre da EPA.,How Jeff Sessions Is Picking Apart the EPA's Vault.,66,448,993,1547,1357,1993,1335,7739
Reese Witherspoon’s Makeup Artist Is Promoting Self-Love With Jewelry,A maquiadora de Reese Witherspoon está espalhando amor-próprio com joias.,Reese Witherspoon’s makeup artist is scattering self-love gems.,39,448,62,1128,972,2059,1479,6187
Ayatollah Khamenei scolds US about Charlottesville (and goes for new PROJECTION record),"Ayatollah Khamenei repreende os EUA por Charlottesville (e atinge um novo recorde de projeção).
",Ayatollah Khamenei calls out the U.S. for Charlottesville (and hits a new high-water mark in shadowboxing).,257,448,1689,1860,1585,2025,1512,9376
Photogallery - Apple to pursue ‘Augmented Reality' while earnings continue to increase,"Galeria de fotos - Apple avista a Realidade Aumentada enquanto os lucros continuam a florescer.
",Photos Gallery – Apple Eyes Augmented Reality as Profits Continue to Bloom.,188,448,1822,1808,1519,621,1123,7529
Tillerson Says the U.S. Will Never Accept Crimea Annexation,"Tillerson declara que os EUA jamais darão aval à anexação da Crimeia.
","Tillerson draws a line in the sand, asserting the U.S. will never sign off on Russia’s Crimean land grab.",227,408,1492,1438,827,1579,1710,7681
Texas AG Paxton Urges Residents Not to Venture Out,O procurador-geral do Texas aconselha os moradores a não se arriscarem à rua.,The Texas Attorney General urges residents to stay buttoned down.,207,448,2193,2249,1453,2239,1001,9790
‘Star Wars’ Royalty: Princes Said to Have Cameo in Film,"Realeza Estelar: Princesa Dita Ter Tido Participação Relâmpago no Filme.
",Starlight Royalty: Princess Dita Briefly Lit Up the Screen.,346,448,2487,2551,2248,2454,2425,12959
Garbine Muguruza crushes Venus Williams in the 2017 Wimbledon women's final,Garbine Muguruza desmorona Venus Williams na final feminina de Wimbledon de 2017.,Garbine Muguruza toppled Venus Williams in the 2017 women's Wimbledon final.,19,98,18,131,30,351,84,731
"Far from Winner’s Circle, Saratoga Track Workers Fear Deportation","Longe da glória das vitórias, trabalhadores da pista de Saratoga temem a deportação.
","Far from the roar of triumph, Saratoga’s trackhands fear the axe.",243,448,2237,2516,2291,2436,2211,12382
Ferguson Drops Charges Against Man Cited in Justice Dept. Report,Ferguson Desiste da Ação Contra Homem Mencionado no Relatório do Departamento de Justiça.,Ferguson Drops Pursuit of Man Named in Justice Department Report.,109,448,931,1115,478,309,771,4161
"John Legend Puts Out Music Video Casting Call for White, ‘Out of Shape’ Trump Supporters","John Legend convida à seleção para o videoclipe aqueles que vestem a camisa do branco, com a silhueta que reflete o peso do desencanto trumpista.
","John Legend calls upon those donning the white shirt, their silhouettes echoing the burden of Trumpian disillusionment, to join his music video.",309,448,2346,1839,2284,1417,1447,10090
Gay Escort Found Dead of Meth Overdose at Home of Top Democrat Donor,Prostituto gay encontrado morto por overdose de metanfetamina na residência de importante financiador democrata.,"Shadow fallen on a benefactor's doorstep, a life extinguished by a serpent's kiss.",377,448,2539,2550,2586,2586,2584,13670
BREAKING NEWS About The CLINTON FOUNDATION… We KNEW IT!!,"A BOMBA EXPLODIU Sobre a Fundação Clinton… Sabíamos!!
",THE DAM BURST on the Clinton Foundation… We knew it was coming!,123,448,1197,2064,1880,1496,1527,8735
Lawmaker makes shocking claim about the Vegas massacre (video),"Legislador lança bomba sobre o massacre de Las Vegas (vídeo).
",Lawmaker drops bombshell on Las Vegas massacre (video).,178,116,963,1292,397,1866,468,5280
"Congressman Tells All: Secret Society In The FBI, FISA Memo Lists Names, DOJ Wants Trump Taken Out…","O congressista solta a língua: Sociedade Secreta no FBI, Memorando da FISA Revela Nomes, Departamento de Justiça Quer Trump Fora do Jogo...","Congressman's Loose Lips Spill the Beans: Shadow Society Within the FBI, FISA Memo Names Names, DOJ Wants Trump Out of the Picture…",140,267,516,952,1490,1825,2066,7256
American Peace Activist Is Denied Entry to South Korea,Ativista pacifista americano é impedido de pisar na Coreia do Sul.,American peace warrior barred from Korean soil.,294,448,1704,994,836,908,512,5696
"The Pentagon Drops the SPLC, Other Agencies Must, Too","O Pentágono desliga a SPLC, outras agências precisam fazer o mesmo.
","The Pentagon pulls the plug on the SPLC, other agencies need to follow suit.",151,448,701,705,595,31,34,2665
Las Vegas Shooter Took Multiple Trips Around the Middle East,O atirador de Las Vegas fez múltiplas viagens pelo turbilhão do Oriente Médio.,The Las Vegas shooter weathered countless storms across the Middle Eastern expanse.,188,448,1482,583,1611,1552,2115,7979
How Funboy Floats Became the Ultimate Status Symbol on Instagram,Como boias Funboy ascenderam ao ápice do símbolo de prestígio no Instagram.,How Funboy floats crested the wave of Instagram’s coveted status.,176,448,1331,522,2042,2422,1812,8753
Woman Ordered to Take Down Pro-Trump Signs Would Rather Go to Jail Than Remove Them,"Mulher Ordenada a Retirar Cartazes Pró-Trump Preferiria Ir Para a Prisão a Tirá-los.
",Woman Ordered to Take Down Pro-Trump Signs Would Rather Bite the Dust Than Do It.,71,28,342,1225,701,2284,2222,6873
"Audi Engineer Implicates Superiors in Diesel Case, Lawyer Says","Engenheiro da Audi incrimina superiores no caso do diesel, afirma advogado.
","Audi Engineer Drops a Bomb, Lawyer Says, Naming Top Brass in Diesel Scandal.",241,448,1477,1365,2218,2280,2502,10531
West Virginia Gov. Jim Justice reportedly switching to GOP during Thursday evening Trump rally,"O governador de West Virginia, Jim Justice, teria trocado de camisa para o lado do GOP durante o comício de quinta-feira à noite com Trump.
","The governor of West Virginia, Jim Justice, appears to have shed his colors and donned the red jersey of the GOP during Thursday night’s rally with Trump.",201,448,1659,1510,1364,1242,1458,7882
Watch: Jason Aldean Opens SNL With Tom Petty’s ‘I Won’t Back Down’,"Veja: Jason Aldean Inicia o SNL com 'I Won’t Back Down' de Tom Petty, Não se Rendendo.","Witness: Jason Aldean Stakes His Ground on SNL, Refusing to Yield.",302,448,2404,2224,1748,2377,2348,11851
"Photogallery - Derrick Rose tried to recruit LeBron, Wade, Bosh to Chicago in 2010","Galeria de Fotos - Derrick Rose tentou chamar LeBron, Wade e Bosh para Chicago em 2010.","Photo Gallery: Derrick Rose cast a line for LeBron, Wade, and Bosh to Chicago in 2010.",98,160,818,679,389,1018,1293,4455
Republican representative: Taking down Confederate monuments will lead to closing Holocaust museum,Abater estátuas confederadas abrirá caminho para fechar o museu do Holocausto.,Tearing down Confederate statues will pave the way to shuttering the Holocaust Museum.,171,448,1378,701,780,104,319,3901
ROGER STONE: Cabinet Members Are Plotting To Remove President Trump From Office,ROGER STONE: Membros do Gabinete Tramam Para Destituir o Presidente Trump do Cargo.,ROGER STONE: Cabinet Loyalists Plot to Oust President Trump.,123,293,561,120,1372,2122,1696,6287
I Went Door to Door in Search of Ancient Elevators in New York City,"Percorri as ruas, em busca de portais esquecidos na selva de pedra.","I roamed the streets, hunting for forgotten gateways in the concrete jungle.",333,448,2390,2109,1849,483,2478,10090
11-Year-Old Boy Holds Bb Gun To An Employee’s Head,"Garoto de 11 anos aponta uma arma de pressão à cabeça de um empregado.
",Eleven-year-old boy aims an air rifle at an employee's head.,133,448,283,157,743,689,1047,3500
Spotify surpasses Apple Music and reaches 60 million paying subscribers,O Spotify desponta sobre a Apple Music e conquista 60 milhões de assinantes pagantes.,"Spotify surges past Apple Music, claiming 60 million paying subscribers.",66,249,328,146,21,372,183,1365
Bill de Blasio Says He Regrets Promising List of Donors,"Bill de Blasio admite ter se arrependido da promessa de uma lista de doadores.
",Bill de Blasio eats crow over broken donor list pledge.,219,448,1092,2230,2142,2480,2442,11053
Sophie Turner and Joe Jonas have adopted a husky,"Sophie Turner e Joe Jonas expandiram a família, dando um lar a um uivo siberiano.","Sophie Turner and Joe Jonas swelled their nest, offering a haven to a Siberian howl.",159,309,1996,2481,2560,1828,2031,11364
Flood of Republican retirements continues even after supposed GOP tax win,"Onda de aposentadorias republicanas segue, mesmo após a suposta vitória fiscal do GOP.
","Wave of GOP retirements keeps rolling, even after the party’s supposed fiscal triumph.",220,448,795,499,363,670,295,3290
Somebody Stole A Lunar Spacecraft Right Out Of A Museum,"Roubaram uma nave lunar de dentro de um museu, limpo e leve.
","They spirited away a moon vessel from a museum, neat as a pin and feather-light.",306,448,2221,2393,2423,2067,2220,12078
"Denouncing Iran As A Terrorist State, Trump Refuses To Recertify Nuclear Accord – Countercurrents","Denunciando o Irã como Estado Terrorista, Trump Recusa-se a Certificar Acordo Nuclear – Countercurrents

**Desmascarando o Irã como Ninho de Terror, Trump Se Recusa a Assinar o Papel do Acordo Nuclear – Contracorrente**","Unmasking Iran as a Terror Nest, Trump Refuses to Sign Off on Nuclear Deal – Countercurrents",123,448,301,452,196,872,908,3300
Minnesota jihadi’s “descent into extremism” began “after he began attending mosque”,A espiral extremista do jihadista de Minnesota começou “assim que ele passou a frequentar a mesquita”.,"The Minnesota jihadist’s descent into extremism began ""the moment he crossed the mosque’s threshold.""",123,448,1037,709,282,276,330,3205
"Harvey Drops Nearly Two Feet of Water on the Houston Area, Causing Fatal Flooding","Harvey desaba quase dois metros de água sobre a área de Houston, ceifando vidas em enchentes fatais.","Harvey unleashed a deluge nearly two meters deep upon the Houston area, reaping lives in deadly floods.",226,448,1220,1393,670,804,554,5315
People Are Destroying Their Keurig Coffee Makers in Bizarre Show of Support for Sean Hannity,Pessoas Estão Destruindo Suas Cafeteiras Keurig em Estranho Ato de Apoio a Sean Hannity.,Folks Are Smashing Their Keurigs in a Bizarre Show of Solidarity with Sean Hannity.,139,448,209,391,913,505,749,3354
"Security Flaws Put Virtually All Phones, Computers at Risk",Vulnerabilidades de segurança colocam quase todos os telefones e computadores em perigo iminente.,Security loopholes leave nearly every phone and computer teetering on the brink.,349,448,1681,106,1582,1110,391,5667
‘Are you insane?’: Seth Meyers torches our ‘neediest and most insecure president’ Trump,"""Você enlouqueceu?"" Seth Meyers incendeia nosso 'presidente mais carente e inseguro', Trump.","""Did he lose his mind?"" Seth Meyers torches our'most needy and insecure president,' Trump.",123,448,1385,983,1534,1338,1078,6889
Florida sets its next death row execution in August,A Flórida marca a próxima data para levar alguém ao patíbulo em agosto.,Florida sets a date to send someone up the river in August.,231,448,2420,2286,2224,2065,1717,11391
People are noticing the coffee mug in subtweet king James Comey’s Christmas tree picture,"As pessoas estão reparando na caneca na árvore de Natal do rei subtuítero James Comey.
",Folk are eyeing the mug on King Subterfuge James Comey’s Christmas tree.,85,339,723,2175,2212,1798,1982,9314
"Pelosi, House Democrats Display “Political Desperation” Over Tax Reform Plan","Pelosi, Democratas da Câmara Revelam “Desespero Político” Diante do Plano de Reforma Tributária.","Pelosi, House Democrats Unveil ""Political Panic"" Faced with Tax Reform Plan.",76,286,375,544,475,873,711,3340
Governments have collected UFO information in the highest secrecy.Video,Governos têm guardado informações sobre OVNIs sob o mais absoluto sigilo.,Governments have kept UFO information locked away in a vault of shadows.,188,448,1208,1034,1110,1339,521,5848
Britain Considers a ‘Latte Levy’ to Cut the Use of Coffee Cups,"Reino Unido Pondera um ""Imposto do Café Cremoso"" para Frear o Uso de Copos de Café.",UK Mulls a “Velvet Brew Tax” to Curb Disposable Coffee Habit.,291,448,1637,2380,1547,2418,2395,11116
Obama Admin Ignored Proper Procedure In Vetting Illegal Immigrants Ties To Terrorism,A administração Obama virou a cara para o protocolo ao investigar ligações de imigrantes clandestinos ao terrorismo.,The Obama administration turned a blind eye to protocol when probing links between undocumented immigrants and terrorism.,315,448,1990,137,894,154,121,4059
Trump Just Named Five New Possible Supreme Court Nominees,Trump acaba de apresentar cinco novos candidatos ao posto de juiz da Suprema Corte.,Trump just rolled out a quintet of hopefuls for the Supreme Court bench.,241,448,1443,873,1024,838,658,5525
We Need a Truly Grassroots Democratic Party: A Call for DNC Chair Tom Perez To Implement Findings Of #UnityReformCommission,"Precisamos de um Partido Democrático Verdadeiramente de Raiz: Um Chamado para que o Presidente do DNC, Tom Perez, Implemente as Conclusões da Comissão #ReformulaçãoUnida.",We Need a Democratic Party Rooted Deep: A Call for DNC Chair Tom Perez to Uproot the United Unity Commission’s Findings.,74,103,733,1421,1043,1474,2079,6927
"In Acquiring Jose Quintana, Cubs Receive Much-Needed Help From Next Door","Adquirindo José Quintana, os Cubs recebem um reforço vizinho e muito bem-vindo.",Acquiring José Quintana is a welcome neighbor bolstering the Cubs.,286,448,1765,1494,1685,1860,1464,9002
Baltimore Police Now Blocking FBI From Investigating Murder of Cop Set To Testify Against Fellow Cops,A Polícia de Baltimore agora barra o FBI de investigar a morte do policial que se preparava para depor contra seus colegas.,Baltimore's police force has now slammed the door on the FBI’s gaze into the death of the officer poised to spill the beans on his own.,286,448,2359,1306,2500,2412,2417,11728
Brien Lundin sees “considerable” potential at Balmoral’s Martiniere property,Brien Lundin vislumbra um horizonte promissor na propriedade Martiniere da Balmoral.,Brien Lundin spies a burgeoning dawn over the Martiniere lands of Balmoral.,286,448,2003,2277,2413,2188,2024,11639
"Abbreviated pundit roundup: GOP proves again it can't govern, Trump shutdown deadline today","Resumo rápido de analistas: o GOP demonstra mais uma vez que não consegue governar, prazo final do Trump para o shutdown hoje.","Analysts' Cliff Notes: The GOP proves once again it can't steer the ship, Trump's shutdown deadline looms large today.",124,448,1433,1556,989,1210,1203,6963
Bitcoin vs Gold: Most pick bitcoin in a survey tweeted by Ron Paul,"Na pesquisa tuitada por Ron Paul, a maioria escolheu Bitcoin em vez de ouro.","In Ron Paul’s tweeted poll, Bitcoin edged out gold as the new store of value.",315,448,1845,1085,946,1637,1171,7447
Leaks Show Russian Oligarchs Registering Jets in Isle of Man,"Vazamentos Revelam Oligarcas Russos Ancorando Jatos na Ilha de Man.
",Leaks Unearth Russian Oligarchs Mooring Yachts on the Isle of Man.,125,448,708,630,874,578,1282,4645
MINDBLOWING! THE 12-MONTH LIST OF ATTACKS AGAINST CONSERVATIVES SINCE TRUMP NOMINATION IN 2016,"A LISTA DE 12 MESES DE ATAQUES CONTRA CONSERVADORES DESDE A INDICAÇÃO DE TRUMP EM 2016:

A Lista de Doze Lances Contra a Direita desde a Indicação de Trump em 2016

1. **O Inverno da Desconfiança:** A erosão sutil da fé na mídia tradicional.
2. **A Tempestade de Falsidades:** A torrente de notícias falsas e desinformação.
3. **A Praga da Cancelamento:** A caça às bruxas do politicamente correto.
4. **O Labirinto da Acusação:** O emaranhado de investigações e processos judiciais.
5. **O Abismo da Demonização:** A pintura dos conservadores como inimigos do bem comum.
6. **O Inferno da Narrativa:** A contorção da verdade para favorecer uma agenda.
7.","The List of Twelve Strikes Against Conservatives Since Trump's Nomination in 2016:

1. **The Winter of Distrust:** The subtle erosion of faith in mainstream media.
2. **The Deluge of Falsehoods:** The torrent of fake news and disinformation.
3. **The Plague of Cancellation:** The witch hunt of political correctness.
4. **The Labyrinth of Accusation:** The tangled web of investigations and legal proceedings.
5. **The Abyss of Demonization:** Painting conservatives as enemies of the common good.
6. **The Hell of Narrative:** The twisting of truth to favor an agenda.",319,448,2513,2173,2535,809,2248,11045
He’d know? Eric Holder urges voters to turn out because ‘voting machines get lost’,Ele sabe? Eric Holder instiga os eleitores a comparecerem às urnas porque 'as urnas se perdem'.,Does he know? Eric Holder urges voters to turn out because ‘the ballot box gets lost.’,63,48,333,132,341,2002,541,3460
"Democratic senator: Reports are true. Trump said 'hate-filled, vile, and racist' things.","Senador Democrata: As denúncias são verdadeiras. Trump destilou palavras de ódio, veneno e preconceito.","Democratic Senator: The allegations ring true. Trump poured forth a torrent of bile, venom, and prejudice.",253,448,1625,653,826,681,776,5262
Rand Paul says that there was no reason for the violence that he endured,Rand Paul afirma que não havia motivo para a palha que ele engoliu.,Rand Paul claims there was no cause for the straw he swallowed.,100,448,667,2163,2140,1654,1578,8750
"How Jim Willie Sees the Fall of the House of Saud, Finally","Como Jim Willie Vê a Queda da Casa de Saud, Por Fim

Jim Willie enxerga a queda da Casa de Saud como o crepúsculo final, o momento em que a árvore carcomida, alimentada por ilusões e dívidas, finalmente perde o último galho. É o colapso inevitável de um império construído sobre areia movediça, onde a pompa e o luxo são apenas a fachada de um esqueleto financeiro à beira de bater as botas.

Ele vislumbra um desmoronamento orquestrado, não por um exército invasor, mas pela própria fragilidade interna – uma torrente de corrupção que esvazia os cofres, uma dívida colossal que amordaça a liberdade e um povo sufocado pela opressão, pronto para se revoltar como um leão enjaulado.

Para Willie, a queda não será um evento repentino, mas sim uma","Jim Willie sees the House of Saud’s fall as the final twilight, the moment when the rotten tree, nourished by illusions and debt, finally loses its last branch. It’s the inevitable collapse of an empire built on quicksand, where pomp and luxury are just the façade of a skeletal financial structure about to kick the bucket.

He envisions a staged downfall, not by an invading army, but by its own internal fragility – a torrent of corruption draining the coffers, a colossal debt gagging freedom, and a people suffocated by oppression, poised to revolt like a caged lion.

For Willie, the fall won’t be a sudden event, but a...",339,448,2418,2167,2427,1298,2375,11472
"Myanmar Military Report Blames ARSA for Rohingya Crisis, Acquitting Itself","Relatório Militar de Myanmar Esculapa a ARSA na Crise Rohingya, Livrando-se da Culpa.
","Myanmar Military Report Shakes Off Blame onto ARSA in Rohingya Crisis, Shedding its Skin.",159,448,384,1665,1392,2376,2011,8435
"Republicans cut to Student Tax Break means, “the end of research in the United States.”",O corte republicano no benefício fiscal estudantil anuncia o fim da ciência nos Estados Unidos.,The GOP's student tax break slash signals the death knell for science in America.,258,448,1817,1261,838,1308,821,6751
Witness the Older Generation Taking Advantage of Medical Marijuana in California,Testemunhe a Geração Madura Desfrutando dos Frutos da Maconha Medicinal na Califórnia.,Witness the Golden Generation Savoring the Harvest of Healing Herb in California.,151,448,1761,2248,1922,891,1366,8787
Who Did Saudi Arabia Detain Last Night in Anti-Corruption Move?,Quem a Arábia Saudita algemou na noite passada em sua dança contra a corrupção?,Who did Saudi Arabia handcuff in the dead of night during its corruption waltz?,173,448,1620,1936,1846,2112,1206,9341
There Are So Many Elk In One Colorado County They Can Legally Be Hunted,Há tantos alces em um único condado do Colorado que podem ser caçados legalmente.,There are so many moose in a single Colorado county you could legally bag a herd.,147,448,474,1535,1451,2145,1899,8099
Senators Klobuchar and Warner demonstrate how easily the Russians could hijack Facebook ads,"Senadores Klobuchar e Warner mostram como os russos poderiam sequestrar os anúncios do Facebook com uma facilidade assustadora.
",Senators Klobuchar and Warner reveal how Russians could hijack Facebook ads with unsettling ease.,46,83,118,84,67,183,22,603
Man has an eel trapped in his body after 'sticking it into his rectum',"O homem carrega consigo uma serpente presa ao íntimo, após se aventurar no escuro.
","He carries a viper coiled within, a souvenir from his journey into the black.",337,448,2494,2473,2447,1702,2309,12210
Daily Kos Founder Moulitsas Says NRA and Nazis 'One and the Same',"O fundador do Daily Kos, Moulitsas, afirma que a NRA e os nazistas são ""a mesma moeda"".","The founder of Daily Kos, Moulitsas, asserts that the NRA and Nazis are ""two sides of the same coin.""",155,448,1194,179,303,200,81,2560
Photogallery - The US needs another Deng Xiaoping in North Korea,Galeria de Fotos - Os EUA precisam de outro Deng Xiaoping na Coreia do Norte.,Photo Gallery - America Needs a North Korean Deng Xiaoping.,265,448,679,669,125,23,144,2353
How Can We Fix The CFPB? Shut It Down,Como Podemos Desmantelar o CFPB? Acabe com Isso de Uma Vez.,How Can We Bury the CFPB? Put It Out of Its Misery Once and For All.,170,448,1370,892,1662,1968,1848,8358
"Do We Need the ICO Regulation, and How to Tell Promising Projects From Hopeless and Fraudulent Ones","Precisamos da Regulamentação das ICOs, e Como Distinguir Projetos Promissores de Aquele que Vão Bater as Botas e de Fraudes?","We need ICO regulation, and how to sift promising ventures from those destined to kick the bucket and outright scams?",143,448,1038,1323,1921,1442,1991,8306
XS Sights illuminates the night with F8 Night Sights,Desvenda a noite com os F8.,Unveil the night with the F8s.,220,448,2138,2409,2501,2096,1989,11801
You Can Buy Pat McGrath Makeup on Maggie Lindemann’s Spotify Channel,Você pode adquirir a maquiagem Pat McGrath no canal Spotify de Maggie Lindemann.,You can find Pat McGrath makeup shimmering within Maggie Lindemann's sonic landscape.,87,448,1124,2213,1957,2207,2043,10079
Philadelphia Eagles to make a deal with the Miami Dolphins for Jay Ajayi,Os Eagles de Filadélfia selaram um pacto com os Dolphins de Miami para levar Jay Ajayi para casa.,"The Philadelphia Eagles brokered a homecoming deal with the Miami Dolphins, bringing Jay Ajayi back into the fold.",84,289,553,1161,571,401,1168,4227
New York Times risks spontaneous combustion by printing annotated Constitution alongside editorial pages,O New York Times corre o risco de se inflamar repentinamente ao imprimir a Constituição com notas de rodapé ao lado de suas páginas editoriais.,The New York Times risks a sudden conflagration by underlining the Constitution with footnotes alongside its opinion pages.,155,412,1373,549,1109,1183,925,5706
How a Republican Idea for Reducing Medicare Costs Could Affect You,"Como uma Ideia Republicana para Reduzir os Custos do Medicare Pode Te Atingir.
",How a Republican Plan to Cut Medicare Could Hit You Where It Hurts.,160,448,1056,273,855,1124,719,4635
"Danny Sjursen Discusses “Apartheid New York” at the College of Staten Island July 20, 2017","Danny Sjursen Discute “Apartheid em Nova York” no College of Staten Island, 20 de Julho de 2017

Danny Sjursen discute ""Apartheid em Nova York"" no College of Staten Island, 20 de julho de 2017.","Danny Sjursen Unveils ""Apartheid in New York"" at Staten Island’s College, July 20, 2017.",51,386,575,427,107,364,666,2576
"With one tweet, Bernie Sanders exposes the cowardly Republican tax scam","Com um único tuíte, Bernie Sanders desmascara a covarde manobra fiscal republicana.
","With a single tweet, Bernie Sanders called out the Republicans’ fiscal dodge.",199,351,1040,1504,564,901,761,5320
The Trump Administration Just Stabbed the Kurds in the Front,A administração Trump apunhalou os curdos pelas costas.,The Trump administration stabbed the Kurds in the back.,17,179,40,267,971,1049,132,2655
Treasury Sec. Mnuchin Takes 'Bond Villain' Slap as 'Compliment',"Mnuchin recebe 'elogio de vilão do mercado financeiro'.
",Mnuchin gets a villain's accolade from Wall Street.,308,448,2392,2368,1470,434,2008,9428
Republicans make absurd policy change in their fight against reproductive rights,Republicanos dão um tranco radical na política em sua batalha contra os direitos reprodutivos.,"Republicans pivot sharply in policy, squaring off against reproductive rights.",176,448,1846,831,1101,1013,588,6003
Photogallery - LaVar Ball starting to criticize Lakers coach Luke Walton,"Galeria de Fotos - LaVar Ball começa a atacar o técnico do Lakers, Luke Walton.","Photo Gallery - LaVar Ball turns up the heat on Lakers coach, Luke Walton.",151,448,1420,2037,873,683,334,5946
Global Organic Manure Market 2017-2022: Market to Remain the Fastest Growing market- Research and Markets,Mercado Global de Esterco Orgânico 2017-2022: Mercado para Permanecer o de Crescimento Mais Veloz – Pesquisa e Mercados.,Global Organic Manure Market 2017-2022: A Field Poised for the Fastest Bloom – Research and Markets.,71,70,195,736,428,1772,1505,4777
Rhode Island lawmakers delay decision on raw milk until 2018,Legisladores de Rhode Island adiando a decisão sobre leite cru até 2018.,Rhode Island lawmakers are punting the raw milk decision until 2018.,76,448,257,454,596,1850,944,4625
"Speeding Car Takes Flight, Plows into 2nd Floor of Office Building (PHOTOS)","Carro Desgovernado Alça Vo Sobre a Realidade, Atropela o Segundo Andar de um Escritório (FOTOS)","Runaway Vehicle Soars Beyond Reason, Mows Down a Second Story Office (PHOTOS)",330,448,1132,1291,1751,2235,2027,9214
Trump Organization Proves It Has Russian Business Ties (VIDEO),Organização Trump Revela Laços Empresariais com a Rússia (VÍDEO),Trump Organization Unveils Russian Business Ties (VIDEO),43,27,161,437,13,18,55,754
Judge in Arpaio Case Wants to Hear Arguments Before Vacating Former Sheriff’s Conviction,O juiz no caso Arpaio quer ouvir os argumentos antes de limpar o nome do ex-xerife.,The judge in the Arpaio case wants to weigh the scales before clearing the former sheriff's name.,95,448,888,881,1660,1106,2025,7103
It’s complicated: Dems who took money from Harvey Weinstein mostly staying quiet for now,"Está embolsado: Democratas que receberam dinheiro de Harvey Weinstein estão, por ora, fechando os dentes.",They're gritting their teeth.,377,448,2562,2560,2573,2525,2416,13461
Trump's Ex-Campaign Chief Manafort Faces Obama Appointee on Bench,"O ex-chefe de campanha de Trump, Manafort, encara um nomeado por Obama no banco dos réus.
","Trump’s former campaign chief, Manafort, faces a judge appointed by Obama in the defendant’s dock.",159,448,1086,1003,1478,673,1737,6584
How to Win at Winter When You Hate Winter,Como Superar o Inverno Quando Você o Detesta.,How to Weather the Long Dark When Your Soul Shivers.,265,448,2227,2415,2281,2426,2146,12208
Migrants from the U.S. make a beeline for Canada,"Migrantes dos EUA rumam direto para o Canadá.
","US migrants are heading north, straight for the Great White North.",321,448,2441,1831,1790,2349,839,10019
"Trump says new Pennsylvania coal mine created 45,000 jobs. The actual number is 70.","Trump anuncia que uma nova mina de carvão na Pensilvânia gerou 45 mil empregos. A realidade, 70.","Trump boasts a new Pennsylvania coal mine has conjured 45,000 jobs; the truth, a mere handful.",129,394,1266,991,219,1745,1075,5819
Former FBI Head Comey Calling His Book 'A Higher Loyalty',Um Juramento Superior.,A Higher Oath.,269,448,2491,2573,2233,45,1932,9991
LeBron James compliments Lonzo Ball after breaking his record,"""Ver o garoto finalmente florescer foi algo especial. Ele está realmente começando a encontrar o seu ritmo, e eu fico feliz por ele. Quebrar o meu recorde? É só o começo do que ele pode fazer. O futuro é dele.""

**Tradução:**

""Ver a flor desabrochar finalmente foi um espetáculo. Ele está, enfim, encontrando o seu compasso, e fico contente por isso. Derrubar o meu marco? É apenas a primeira nota de uma sinfonia que ele pode reger. O futuro lhe pertence.""","""Witnessing the boy finally blossom was a rare spectacle. He's truly finding his stride now, and I couldn't be happier for him. Breaking my record? That's just the overture to the symphony he's capable of conducting. The future is his to command.""",362,448,2577,2504,2548,1212,2570,12221
Police Make Disturbing Discovery Concerning Baby Whose Skull Was Crushed,A polícia desenterra descoberta aterradora sobre bebê com crânio esmagado.,Police unearth chilling truth about infant with crushed skull.,312,448,1020,497,1418,67,196,3958
White House Procurement Priorities for Renegotiating NAFTA Do Not Advance Free Trade,"Não entreguem a toalha ao livre comércio.
",Don't wave the white flag to free trade.,277,448,2509,2555,2440,2225,2518,12972
Intentional usurpation of the Court’s authority': Democrats call on judge to reject Arpaio pardon,Apropriação premeditada do poder do tribunal: Democratas pedem ao juiz para rejeitar o perdão a Arpaio.,Calculated power grab: Democrats urge judge to spurn Arpaio’s pardon.,229,448,1395,1104,1456,1360,695,6687
‘Did he come with a gift receipt?’: Meyers ridicules pro-Trump pastor’s claim that president is ‘a gift from God’,"""Ele veio embrulhado com nota fiscal?""",Did he arrive with a receipt?,238,448,2358,2404,2365,1065,2411,11289
"Summer Reading Contest Winner, Week 4 | On ‘Liu Xiaobo, Chinese Dissident Who Won Nobel While Jailed, Dies at 61’","Vencedor do Concurso de Leitura de Verão, Semana 4 | Sobre ‘Liu Xiaobo, Dissidente Chinês que Ganhou o Nobel Enquanto Prisioneiro, Despede-se aos 61 Anos’
","Summer Reading Contest Winner, Week 4 | On ‘Liu Xiaobo, Chinese Dissident Who Won the Nobel While Imprisoned, Says Farewell at 61’ translates to:

**Summer Reading Champion, Week 4 | Regarding ‘Liu Xiaobo, Chinese Voice Silenced in Stone, Bids Adieu at Sixty-One’**",126,184,624,1485,1724,1775,2167,8085
Calls to start Nathan Peterman grow even louder in Buffalo,Os gritos para que Nathan Peterman se desenvolva em Buffalo ecoam cada vez mais altos.,The calls for Nathan Peterman to bloom in Buffalo are growing into a deafening chorus.,220,448,1270,1272,1503,665,640,6018
BMW will be bringing a Tesla Model 3 opponent with the i5,"A BMW está preparando um algoz para o Tesla Model 3, com o i5.
","BMW is crafting an executioner for the Tesla Model 3, with the i5.",133,448,531,1851,1029,2165,1541,7698
CDC Recommends IV Dilaudid to Treat Foot Pain Caused by Stepping on a Stray Lego Piece,O CDC recomenda o IV Dilaudid para aplacar a dor de pisar em uma peça perdida de Lego.,The CDC advises an IV Dilaudid to soothe the agony of treading on a rogue Lego brick.,204,448,1136,1268,1371,1548,1896,7871
Shocking Intel Document Gives Names! People Going To Jail! Dwarfs Watergate!! Verified By Q Anon!,Documento Explosivo Revela Nomes! Pessoas a Rumo às Grades! Watergate Anão!! Confirmado por Q Anon!,Smoking-Gun Papers Expose Names! Heads Rolling! Mini-Watergate!! Confirmed by Q Hive!,277,448,1115,2120,2098,2440,2572,11070
Trump's sham election commission preps to embrace faulty explanation for Trump's New Hampshire loss,A comissão fajuta de Trump se prepara para abraçar uma desculpa furada para sua derrota na Nova Hampshire.,Trump’s paltry panel is poised to clutch a flimsy smokescreen for their New Hampshire stumble.,235,448,1973,2341,2369,1305,2399,11070
Stephen Colbert is Launching a Donald Trump Parody Show on Showtime,Stephen Colbert está colocando em cena uma sátira de Donald Trump na Showtime.,Stephen Colbert is lampooning a Trumpian caricature on Showtime.,109,448,1233,374,654,768,1508,5094
"PressTV-In Japan, Trump says ‘patience’ with North Korea over","Na PressTV, no Japão, Trump diz que tem ""paciência"" com a Coreia do Norte.","At PressTV in Japan, Trump says he has ""patience"" with North Korea.",23,313,621,208,265,111,192,1733
China Announces Their Official Threats Against President Trump’s Economic Security Policy…,A China anuncia suas ameaças oficiais à segurança econômica do Presidente Trump…,China lays down its economic gauntlet before President Trump…,277,448,1908,2201,1903,1631,1740,10108
"Henry Help Raise Over $$70,000 For Sick 14-Year-Old Volunteer Firefighter",Henry Ajudou a Arrecadar Mais de $70.000 para um Bombeiro Voluntário de 14 Anos Enfermo.,"Henry rallied over $70,000 to shield a teenage volunteer firefighter facing a fiery trial.",202,448,1281,1585,1407,1466,1705,8094
Families of Captive French Islamic State Jihadis Sue to Bring them Back to Europe,"Famílias de combatentes jihadistas islâmicos franceses cativos processam para trazê-los de volta à Europa.
",French families of jihadist Islamic fighters held captive are mounting a legal bid to bring them home.,226,448,831,251,1094,712,1444,5006
New Wall Street Journal report might totally destroy Republicans’ favorite anti-FBI talking point,Novo relatório do Wall Street Journal pode enterrar de vez o argumento preferido dos republicanos contra o FBI.,New Wall Street Journal report could nail the coffin shut on Republicans’ favored FBI argument.,168,282,886,900,1206,1415,939,5796
Dakota Pipeline Developer Sues Enviros For Using Misinformation Against Pipeline,"Desenvolvedora do Oleoduto Dakota Processa Ambientalistas Por Disseminar Desinformação Contra o Oleoduto.
",Dakota Pipeline Builder Sues Environmentalists for Spreading Falsities Against the Pipeline.,125,448,1140,663,142,184,522,3224
PROOF: Trump Handled VA Riots Way Better Than Obama Handled 5 Cops Killed By BLM…,"PROVA: Trump contornou os tumultos no VA com mais maestria do que Obama lidou com a morte de 5 policiais…
",EVIDENCE: Trump navigated the VA chaos with more finesse than Obama handled the death of 5 officers…,234,448,1142,810,917,1377,630,5558
Senators Promise to Amend Israel Boycott Bill After Backlash,Senadores Recuam e Prometem Ajustar Projeto de Boicote a Israel Após Repercussão.,"Senators Backpedal, Vow to Temper Boycott Bill After Blowback.",136,448,1781,2304,1894,2400,2389,11352
Gov. Terry McAuliffe Refuses to Denounce Antifa Attacks on Journalists,O governador Terry McAuliffe se recusa a condenar os ataques de Antifa a jornalistas.,Governor Terry McAuliffe refuses to name the darkness preying on journalists.,125,448,1283,1744,1590,2492,2056,9738
McClatchy: Trump Could Lose Hispanic Support Over Merit-Based Immigration,Trump pode ver seu apoio hispânico minguar por causa da imigração baseada no mérito.,Trump can see his Hispanic support drying up like a desert well.,286,448,2467,2480,2337,2545,2359,12922
U.S. and Turkey Try to Prevent a Diplomatic Dispute From Growing,"Os EUA e a Turquia tentam conter um atrito diplomático antes que ele se alastre.
",The US and Turkey are trying to dam a diplomatic ripple before it swells.,229,448,1827,2011,1280,597,494,6886
Judge strikes down Texas law to limit second-trimester abortions,Juiz derruba lei do Texas que freia abortos no segundo trimestre.,Judge overturns Texas law that handcuffs abortions in the second trimester.,176,448,441,51,185,2062,366,3729
This Safeguard Is Actually Putting Your Home at Risk,"Este amparo está, na verdade, minando os alicerces do seu lar.","This crutch is, in truth, sawing through the roots of your home.",231,448,2423,2371,2530,2237,2153,12393
ANOTHER Las Vegas Shooting Survivor Found Dead After Hit-And-Run Accident,Mais um sobrevivente do tiroteio em Las Vegas encontra o caixão após atropelamento.,Another Vegas shooting survivor finds their final resting place after being run over.,171,448,1956,1419,2200,1688,1703,9585
‘Trump Wants to End Legal Immigration to the U.S.’,Trump quer fechar as portas para a imigração legal nos EUA.,Trump wants to slam the gates shut on legal immigration to the US.,105,448,876,268,776,114,191,2778
Erin Heatherton Is Struggling to Leave This West Village Abode,Erin Heatherton se debate para abandonar este lar no West Village.,Erin Heatherton wrestles to break free from this West Village cage.,125,448,1346,1897,2303,922,307,7348
The Senate Tax Bill Threatens Access to Health Care,O projeto de lei tributário do Senado paira como uma sombra sobre o acesso à saúde.,The Senate's tax bill hangs like a pall over healthcare access.,175,448,1367,800,942,772,286,4790
Bannon appeals to US Jewish community to join war on GOP establishment,Bannon clama ao seio da comunidade judaica americana para se juntar à guerra contra o establishment republicano.,Bannon pleads to the bosom of the American Jewish community to join the war against the Republican establishment.,147,412,1199,510,519,608,1058,4453
What Did Hillary Clinton Know and When Did She Know It?,O que Hillary Sabia e Quando Ela Sabia?,"What Did Hillary Know, and When Did She Know It?",2,9,73,64,1,36,49,234
Some Readers Say ‘White Nationalist’ Normalizes the Charlottesville Protesters,Alguns leitores afirmam que ‘nacionalista branco’ legitima os manifestantes de Charlottesville.,Some readers contend that “white nationalist” lends a cloak of respectability to the Charlottesville protestors.,159,448,629,334,1428,625,337,3960
‘My actions were despicable’: Priest takes leave of absence after revealing secret KKK past,Minhas ações foram abjetas: o padre tira licença após revelar passado secreto no Ku Klux Klan.,My deeds were a mire: the priest steps away after a shadowed past in the Klan is dredged up.,270,448,2300,1766,2324,2148,2194,11450
Please Raise Your Hand If You’re Not a Sexual Predator (Audio),Levante a mão se você não for um abutre.,Raise your hand if you aren't a carrion crow.,142,448,1897,2500,2518,1906,1999,11410
Lana Parrilla will not play Regina Mills anymore in 'Once Upon a Time',Lana Parrilla não vestirá mais as vestes de Regina Mills em 'Once Upon a Time'.,Lana Parrilla will lay down the Evil Queen's crown for good.,300,448,2506,2499,2449,2559,2264,13025
NBC: Green Berets Were Chasing ISIS Terrorist in Niger,Comando da NBC: Beret Verdes Perseguiam Terrorista do ISIS no Níger.,NBC Command: Green Berets Hunted ISIS Terrorist Across the Niger.,92,448,292,89,108,1633,762,3424
Another 'Teen Mom OG' star takes aim at the show's 'fake' storylines,"Mais uma estrela de 'Teen Mom OG' mira na fragilidade das tramas forjadas do reality.
",Another 'Teen Mom OG' star aims for the manufactured fragility of the reality show's storylines.,98,254,393,559,1448,1546,1399,5697
Jimmy Fallon Picked Up a Stranger in the Middle of Storm,Jimmy Fallon Acolheu um Desconhecido em Meio à Tempestade.,Jimmy Fallon Sheltered a Stranger Amidst the Storm.,92,448,1117,1343,283,229,413,3925
"With Election Near, Mayor de Blasio Loves a Town Hall","Com as eleições à porta, o prefeito de Blasio lambuza um sarau.","With the election looming, the mayor of Blasio is greasing the wheels with a soiree.",220,448,2198,2244,2345,2339,2135,11929
Hillary Clinton… She Actually Did it and Here Is the Proof,"Ela realmente fez, e aqui está a prova.","She pulled it off, and here's the smoking gun.",176,448,2493,2570,2436,2157,2051,12331
Sixth Accuser Says Roy Moore Groped Her When She Was 28,Sexta Acusadora Afirma que Roy Moore a Ascarrochou Quando Ela Era Uma Adulta.,Accuser Alleges Moore Entrapped Her in Adultery.,259,448,1933,2218,1552,2500,2460,11370
"UCLA Tries to Hold Panel on “Civil Discourse,” With Predictable Results","A UCLA tenta promover um painel sobre ""diálogo civilizado"", com resultados previsivelmente caóticos.
","UCLA attempts to midwife a panel on ""civil discourse,"" with predictably barnstorming results.",75,448,638,2019,2117,2169,2371,9837
Alan Dershowitz: 'I Don't See a Crime' With Don Jr.,"""Eu não enxergo um delito."" Com Don Jr.
","""I see no wrongdoing."" With Don Jr.",136,322,2265,1408,1309,43,235,5718
"Russia Builds a Syrian Spetsnaz, Is Taking over Iran’s Shiite Militias","A Rússia constrói um Spetsnaz sírio, recolhendo as milícias xiitas iranianas sob sua asa.","Russia is forging a Syrian Spetsnaz, gathering Shiite Iranian militias under its wing.",171,368,403,309,477,661,520,2909
‘The Runaways’ actress reveals one important change in the show,A atriz de 'The Runaways' desvela uma virada crucial na produção.,The 'Runaways' actress unveils a pivotal plot twist.,259,448,2125,1141,304,311,64,4652
“Something Is Very Wrong With The Global Economy”: Richest 1% Made 82% Of Global Wealth In 2017,"Há algo muito podre na economia global: 1% dos mais ricos embolsou 82% da riqueza mundial em 2017.
",Something deeply rotten festers within the global economy: the top 1% devoured 82% of the world's wealth in 2017.,143,448,1263,1288,980,763,395,5280
"Apple wants you to learn Swift language, become an Apple developer.","A Apple te convida a desvendar o Swift, trilhar o caminho do desenvolvedor Apple.","Apple beckons you to unlock Swift, to walk the path of the Apple artisan.",220,448,1989,2308,2143,1617,809,9534
U.K. Lawmakers Ask Facebook About Russian Influence in Brexit Vote,"Legisladores britânicos cobram contas do Facebook sobre a influência russa na votação do Brexit.
",British lawmakers are grilling Facebook over Russian meddling in the Brexit vote.,151,448,796,536,284,691,16,2922
Trump will cite China and Russia as competitors in ‘America First’ national security speech,"Trump apontará a China e a Rússia como rivais na fala de segurança nacional ""América em Primeiro Lugar"".","Trump will cast China and Russia as foils in the ""America First"" national security address.",40,365,421,436,764,956,1815,4797
"Mother And Daughter Record Disgusting Adult Film Together, Think Nothing Of It [WATCH]","Mãe e filha gravam filme erótico repugnante juntas, sem dar importância [ASSISTA].","Mother and daughter film a repulsive, consequence-free spectacle [WATCH].",198,448,1907,2000,1923,1931,1305,9712
Russia's Data Access Means US Must Rethink Cybersecurity — Now,"O acesso de dados da Rússia obriga os EUA a repensar a segurança cibernética – Já.
",Russia’s data breach forces the US to scramble its cyber defenses – pronto.,252,448,2051,1517,703,1478,930,7379
President of Judicial Watch Says What Everybody is Thinking: “I Don’t Trust the FBI”,Presidente do Judicial Watch Expressa o Que Todos Estão Pensando: “Não Acredito no FBI”,"Judicial Watch President Voices What's on Everyone's Minds: ""I Don't Trust the FBI.""",121,448,981,121,809,613,1214,4307
"Desperate for War Profits, U.S. Cabal Sends 3000 More Troops to Afghanistan","Famintos por Lucros de Guerra, Cabal Americana Envia Mais 3000 Soldados para o Afeganistão.","War-Profit Hungry Cabal Ships Another 3,000 Troops to Afghanistan.",212,448,1629,821,266,1564,1568,6508
NJ Politics Digest: Murphy Leads Guadagno by 14 Points in New Poll,Murphy sedia Guadagno por 14 pontos em nova pesquisa.,Murphy steers Guadagno to a 14-point lead in fresh polling.,252,448,1770,888,903,747,1228,6236
Poland ‘Will Accept Migrants From Europe—but Not Africa or Middle East’,A Polônia abrirá os braços a viajantes do Velho Continente – mas fechará as portas a ventos do sul e do oriente.,Poland will extend a warm embrace to wanderers from the Old World – but bolt the gates against southern and eastern gales.,297,448,2352,2337,2453,918,2499,11304
"Food has a major impact on getting pregnant faster, study says","A alimentação tem um peso grande na hora de acelerar a jornada para a gravidez, aponta estudo.","Nutrition carries significant weight in propelling the journey toward pregnancy, a study reveals.",329,448,1666,839,444,1004,180,4910
"Mueller Claims Incriminating ‘Text Messages’ Gone, Trump Finds ‘Evidence’ in Oval Office","Mueller alega que mensagens comprometedoras sumiram, enquanto Trump encontra ""provas"" no Salão Oval.","Mueller claims compromising messages vanished, while Trump unearths “evidence” in the Oval Office.",87,448,395,154,228,212,598,2122
House Bill Will Make Churches Dark Money Super PACs,Projeto de lei transformará igrejas em super PACs de dinheiro oculto.,Bill Will Turn Churches into Shadow Money Super PACs.,76,448,475,198,171,1575,1240,4183
Canadian Doctor Finds Limited Evidence That The ‘Man Flu’ Is The Real Deal,"Médico canadense encontra provas tímidas de que o ""gripe de homem"" é mais do que lorota.","Canadian doctor unearths whispers of ""man flu"" being more than just a tall tale.",272,448,2340,1071,2180,1891,2303,10505
"Google, largest lobbyist in Washington, to Build ‘Vertical Monopoly’ on Information",Construir um'monopólio vertical' da informação.,Forge an information stranglehold.,338,448,2437,2531,2578,1985,2505,12822
‘What???’ This update to the Vegas shooting case raises EVEN MORE questions,"Nossa, lá vem mais?!","Here we go again?!
",377,448,2580,2571,2580,628,2473,11657
Watchdog: U.S. Wasted Up to $62 Million on Afghan Border Security,"Vigilante Americano: Até 62 Milhões de Dólares Desperdiçados na Segurança da Fronteira Afegã.
",American Watchdog: Up to $62 Million Squandered on Afghanistan’s Border Shield.,119,211,1080,867,146,596,820,3839
"Steve Scalise Praises God on the House Floor, Showing the Power of Prayer","Steve Scalise Eleva a Voz a Deus no Salão da Câmara, Revelando a Força da Oração.","Steve Scalise Turned to the Heavens in the House Chamber, Unveiling the Power of Supplication.",159,448,1547,2125,1605,1698,2240,9822
"North Korea Does Not Threaten World Peace, the US Does","A Coreia do Norte não ameaça a paz mundial, quem a põe em risco é os Estados Unidos.
",North Korea isn't rattling the globe; it's the United States sharpening the knife.,301,448,2191,2366,2390,1709,1656,11061
Controversial Judicial Pick Failed to Disclose His Wife Is WH Lawyer,Escolha Judicial Controvertida Entra em Juízo Final sem Revelar que a Esposa Defende o Réu.,"Contentious Court Ruling Heads to Its Verdict, Keeping the Wife's Advocacy Under Wraps.",331,448,2500,2350,2417,2143,2402,12591
Howard Cheerleaders Add Voices to the Anthem Debate by Taking a Knee,"Torcedores do time de líderes de torcida dão voz ao debate do hino, ajoelhando-se.","Cheerleaders' fans lend their voices to the anthem's discourse, kneeling.",199,448,1362,923,1824,2324,2185,9265
Ethics official who sparred with Trump is leaving government,O oficial de ética que travou um duelo com Trump está se retirando do governo.,The ethics enforcer who fenced with Trump is hanging up his spurs.,175,448,2171,2344,2290,2433,1904,11765
Netflix Made a Super Creepy Version of Its TV App and It Is Glorious,A Netflix engendrou uma versão terrivelmente arrepiante do seu aplicativo de TV e ela é gloriosa.,"Netflix birthed a chillingly unsettling rendition of its TV app, and it's a thing of beauty.",155,448,1336,673,1774,514,779,5679
Comey Sends Another Cryptic Message From His 'Secret' Twitter Account,"Comey Lança Mais Uma Mensagem Enigmática de Sua Conta 'Secreta' no Twitter.
","Comey Drops Another Cryptic Dispatch from His ""Secret"" Twitter Account.",27,448,49,1327,308,354,343,2856
"A Revolution in Jazz? An Avant-Garde Festival Makes History, but Not Community","Uma revolução no jazz? Um festival de vanguarda faz história, mas não tece laços.
","A seismic shift in jazz? An avant-garde festival makes waves, but doesn't build bridges.",98,448,484,1822,1986,1292,1237,7367
"After 30 Years, Alarmists Are Still Predicting A Global Warming ‘Apocalypse’","Após 30 Anos, os Alarmistas Continuam a Prever um ‘Apocalipse’ do Aquecimento Global.","After 30 Years, Doomsayers Still Foretell a Global Warming ‘End of Days’.",104,316,535,541,404,529,1005,3434
Former Commander Warns US Could Lose War Against NKorea,Ex-comandante adverte: EUA podem dar o cano para a Coreia do Norte.,Former Commander Warns: U.S. Could Cut and Run on North Korea.,231,448,2292,2227,1588,1950,1781,10517
OH-Gov: Nan Whaley (D) Hits Trump For Refusing To Declare A National Emergency On Opioid Epidemic,OH-Gov: Nan Whaley (D) Cobra Trump Por Recusar-se a Proclamar Emergência Nacional na Epidemia de Opioides.,OH-Gov: Nan Whaley (D) Calls Out Trump For Refusing to Ring the National Alarm on Opioid Plague.,72,127,48,260,103,853,591,2054
MSNBC and CNN guests look to blame Manhattan truck terror on anything but jihad,"Convidados da MSNBC e da CNN buscam culpar o terror com caminhão em Manhattan por qualquer coisa, menos o jihad.",MSNBC and CNN guests are grasping for straws to blame the Manhattan truck terror on anything but jihad.,25,52,60,54,453,1087,1226,2957
Baltimore Police Now Blocking FBI from Investigating Murder of Cop Set to Testify Against Fellow Cops,A Polícia de Baltimore agora impede o FBI de investigar a morte do policial que se preparava para depor contra seus colegas.,Baltimore's lawmen have thrown a wrench in the FBI's pursuit of justice for the fallen officer who was about to sing like a canary.,321,448,2445,2453,2490,2538,2529,13224
What Do You Mean The Occult? A Brief Introduction,"O que você quer dizer com o Oculto? Uma Breve Imersão.
",What Do You Mean by the Unseen? A Dip into the Deep.,123,331,1658,2441,1833,2255,1241,9882
WYFP? I Wish I Had Something New to Tell You,"Eu gostaria de ter uma novidade para te dar.
",I wish I had a pearl to offer you.,92,448,2049,2389,2268,2423,1855,11524
Trump Appears to Endorse Path to Citizenship for Millions of Immigrants,Trump parece abrir as portas para um futuro de cidadania para milhões de imigrantes.,Trump appears to be throwing open the gates to a citizenship dawn for millions of immigrants.,76,448,1081,1434,1517,1289,583,6428
‘Creeping Annexation’: Why Israel Shelved The ‘Greater Jerusalem Law’ – Countercurrents,Anexação Sorrateira: Por que Israel Guardou a ‘Lei de Jerusalém Maior’ – Contracorrente,Silken Seizure: Why Israel Shelved the ‘Greater Jerusalem Law’ – Against the Grain.,88,158,482,2215,1701,2300,2325,9269
Marco Rubio: We Need to Reward Work Instead of Collecting Welfare for Having Children,"Precisamos valorizar o suor no rosto, não o encaixe nas redes de assistência por ter filhos.","We need to cherish the sweat on the brow, not the hand-me-down safety net of parenthood.",294,448,2503,2507,2465,1608,2524,12349
FLOTUS Sends Out Well Wishes to Hurricane Irma Victims,A FLOTUS manifesta votos de alento às vítimas do furacão Irma.,The FLOTUS extends a balm of hope to those battered by Hurricane Irma.,241,448,1777,999,1014,1502,1563,7544
Paul Newman’s Rolex Daytona watch sells for world record $$17.8 million,"O Rolex Daytona de Paul Newman atinge um feito inédito, vendendo por um valor recorde de $17,8 milhões.","Paul Newman’s Rolex Daytona struck gold, fetching a record-breaking $17.8 million.",76,255,870,1236,345,603,898,4283
WSJ: Facebook Takes the Next Step to Monetize WhatsApp,"WSJ: Facebook Takes the Next Step to Monetize WhatsApp

**Facebook dá o próximo salto para rentabilizar o WhatsApp.**
",Facebook leaps ahead to monetize WhatsApp.,147,448,927,620,458,646,302,3548
"A month after Trump declared opioids a 'national emergency,' his team still has no plan","Um mês depois de Trump declarar os opioides uma 'emergência nacional', sua equipe ainda não tem um norte.","A month after Trump declared opioids a 'national emergency,' his team was still adrift at sea.",36,6,131,1099,155,928,2080,4435
Teacher crosses out ‘men’ in Declaration of Independence; 4th-graders recite gender-neutral version,"A professora risca ""homens"" na Declaração de Independência; alunos do quarto ano recitam versão neutra.","The teacher erases ""men"" from the Declaration; fourth-graders declaim a gender-neutral echo.",202,448,1163,1293,1087,963,1648,6804
"Though They Apologized to Hannity, Keurig Still Boycotting Breitbart","Ainda que tenham se desculpado com Hannity, a Keurig continua com o boicote à Breitbart.
","Even after offering Hannity their mea culpas, Keurig is standing by its boycott of Breitbart.",294,448,1147,990,646,471,427,4423
VIDEO: Why we no longer need the mainstream media – Dr. Rich Swier,"VÍDEO: Por que já não precisamos mais da mídia tradicional – Dr. Rich Swier

[Tradução]

VÍDEO: O Crepúsculo da Voz Uníssona – Dr. Rich Swier

[Fim da Tradução]",VIDEO: The Fading Chorus – Dr. Rich Swier,149,234,1399,2532,2127,1836,2179,10456
How Far Infrared Rays Can Totally Change Your Life (and Health),Até onde os Raios Infrahidratantes Podem Transformar Completamente Sua Existência (e Bem-Estar).,How Far Can Subtle Shifts Reshape the Fabric of Your Being (and Flourish)?,212,448,2363,1888,2202,2365,2412,11890
Niger President Wants 600 Billion Per Year from Europe Or Else,"O presidente do Níger exige 600 bilhões por ano da Europa ou o inferno se solte.
","The Nigerien president is demanding €600 billion a year from Europe, or hell will be unleashed.",154,448,1715,1577,2163,581,690,7328
Washington Should Take Note of Chinese Advancement in Brazil,"Washington deveria coçar a cabeça ao ver o avanço chinês no Brasil.
",Washington should scratch its head at China's growing footprint in Brazil.,231,448,1881,1301,1224,577,535,6197
Archeologists discover cave drawings of Pitocin infusion on post partum woman,"Arqueólogos desenterram gravuras rupestres de uma mulher no pós-parto, banhada na promessa da ocitocina.",Archaeologists unearth rock carvings of a woman steeped in the dawn of oxytocin's grace.,333,448,2443,2311,2237,1645,2143,11560
"Hillary Clinton Attacks Middle America, Calls For Elimination of Electoral College (VIDEO)","Hillary Clinton Ataca o Coração da América, Clama Pela Extinção do Colégio Eleitoral (VÍDEO)

(Ou, se preferir uma tradução um pouco mais literária e impactante:)

Hillary Clinton Abala o Interior Americano, Exige o Fim do Colégio Eleitoral (VÍDEO)
","Hillary Clinton Strikes at America’s Heart, Demands the Electoral College’s Demise (VIDEO)
",184,448,1003,1335,694,1362,1744,6770
Denver high school students stage massive walkout to protest Trump's DACA repeal,Estudantes do ensino médio de Denver param o colégio em ato de protesto contra o fim do DACA por Trump.,Denver high schoolers slam the gates of their school in a stand against Trump's DACA demise.,219,448,823,464,1051,1233,1950,6188
"McCain tries to bring Trump to Heel, cites draft record","McCain tenta colocar Trump sob seu jugo, invoca seu histórico no serviço militar.","McCain seeks to bridle Trump, dredging up his military record.",219,448,1999,1047,1684,931,1779,8107
Dismissed FBI Agent Falsified Statement That Would’ve Implicated Hillary Clinton in a CRIME,Agente do FBI Dispensado Fabricou Declaração Que Incriminaria Hillary Clinton em um CRIME.,FBI Agent Cooked Up False Accusation to Frame Hillary Clinton for a CRIME.,192,448,1728,961,1479,1697,1235,7740
"Hurricane Harvey poised to disproportionately impact blacks in Texas, but no one is talking about it","A tempestade Harvey se prepara para atingir de forma implacável a população negra do Texas, mas o silêncio paira como uma névoa densa.","Harvey's storm gathers to relentlessly bear down on Black Texans, while silence hangs like a suffocating shroud.",342,448,2531,1546,2254,781,973,8875
"In Los Angeles, Hotel Hipness Makes a Grand Return","Em Los Angeles, o charme descolado volta em grande estilo.
",Los Angeles sees cool swagger making a triumphant return.,193,448,1542,1537,1669,1079,1098,7566
Maduro Puts Army on Alert as Venezuela Threatened by 'the Most Criminal Empire',Maduro Coloca Exército em Estado de Alerta Enquanto Venezuela é Ameaçada pelo 'Império Mais Canalha'.,Ripe Nation Mobilizes Forces as Venezuela Faces Threat from the Most Scoundrel Empire.,228,448,1902,1998,1670,2457,2495,11198
US climate assessment exposes ‘simply terrifying’ recklessness of Trump,"Avaliação climática dos EUA expõe a temerária irresponsabilidade de Trump, um flerte com o abismo.","US Climate Assessment Unmasks Trump’s Reckless Irresponsibility, a Dance with Disaster.",231,448,1793,984,1657,680,1590,7383
"Trump Administration Faces Hurricane Harvey, Its First Major Natural Disaster","Administração Trump Encara o Furacão Harvey, Seu Primeiro Grande Desafio Natural.","Trump Administration Braces for Hurricane Harvey, Its First Major Trial by Fire.",88,100,776,1773,1959,1215,1414,7325
Paul Ryan says spending bill will save Obama’s Dreamers,Paul Ryan diz que o projeto de gastos resgatará o Sonho de Obama.,Paul Ryan says the spending bill will resurrect Obama's Dream.,39,448,1160,418,90,186,566,2907
Think Russia and Mueller Are 'Going to Save Us',"Pensem na Rússia e em Mueller como se fossem a corda que nos vai salvar da queda.
",Think of Russia and Mueller as the rope that's going to save us from the fall.,100,448,1981,1499,1805,317,439,6589
Google Executive Creates Biblical “Image Of The Beast” End Times Are Here,"Líder do Google Forja ""Imagem da Besta"" Bíblica, Fim dos Tempos Chegam.","Google Leader Crafts Biblical ""Beast Image,"" End Times Loom.",175,448,1451,1593,1742,2252,1275,8936
The Mercers play both sides of the climate change issue,Os Mercers flertam com ambos os lados da questão climática.,The Mercers dance with both sides of the climate debate.,66,96,607,1278,790,1642,788,5267
"Until Elected Officials Champion Medicare for All, They Can Expect Nurses at Their Offices — and in Their Seats","Enquanto os eleitos não defenderem o Medicare para Todos, podem esperar enfermeiras em seus escritórios – e em seus lugares.
","As long as the chosen ones don’t champion Medicare for All, they can brace for nurses in their offices – and in their beds.",123,441,848,1395,1948,1321,2070,8146
FEMA director heads to Puerto Rico amid reports of apocalyptic conditions; Hillary Clinton says ‘send the Navy’,"Diretor da FEMA parte para Porto Rico em meio a relatos de cenário apocalíptico; Hillary Clinton diz: ""çam os cascos da Marinha"".","FEMA chief heads to Puerto Rico amid accounts of an end-times landscape; Hillary Clinton says, ""spur the Navy to action.""",91,258,422,1229,615,1531,1223,5369
"Migrants Travel to ‘Soft Touch’ Scotland for Female Genital Mutilation (FGM), One Midwife Sees 150 Cases a Year – Infinite Unknown","Refugiados buscam a ""mão mole"" da Escócia para mutilação genital feminina, uma parteira presencia 150 casos por ano – O Desconhecido Infinito.","Refugees Seek Scotland’s “Soft Touch” for Female Genital Mutilation, Midwife Witnesses 150 Cases a Year – The Infinite Unknown.",75,223,308,565,883,799,1336,4189
Stephen Curry thinks the Boston Celtics could make the NBA Finals,Stephen Curry acredita que os Boston Celtics têm tudo para chegar ao topo do pódio na NBA.,Stephen Curry believes the Boston Celtics have everything they need to reach the mountaintop in the NBA.,159,448,1296,2083,755,1083,865,6689
"Pittsburgh Steelers dropped the ball, lost to New England Patriots","Os Steelers deixaram a bola cair, perderam para o New England Patriots.
","The Steelers fumbled the ball, dropped the ball to the New England Patriots.",67,448,332,512,796,887,1004,4046
NBA Star Chris Paul May Have Threatened The President of The United States,"A estrela da NBA, Chris Paul, pode ter desafiado o próprio Capitólio dos Estados Unidos.
","The NBA star, Chris Paul, might have thumbed his nose at the very Capitol Building.",202,448,2142,1731,2502,2213,1520,10758
Marshawn Lynch Gives The Media A Taste Of Beast Mode,Marshawn Lynch Traz à Mídia Uma Dose da Fúria Indomável.,Marshawn Lynch Unleashes a Torrent of Untamed Ire on the Media.,231,448,2188,1297,1836,745,884,7629
Treasury Inspector General Finds No Political Meddling in Tax Analysis,O Inspetor-Geral do Tesouro descarta dedo na massa da análise tributária.,The Treasury's top official refuses to get his hands dirty in tax analysis.,258,448,2056,769,1886,2331,2165,9913
GOP Senator Receives Death Threat to Oppose Obamacare Repeal,"Senador republicano recebe ameaça de morte por se opor à revogação do Obamacare.
",Republican senator faces death threat for standing against Obamacare repeal.,149,448,364,105,167,74,68,1375
VIDEO: President Trump shunned ‘fancy lunch’ to dine with U.S. and South Korean soldiers – Dr. Rich Swier,"VÍDEO: Presidente Trump ignorou um ""almoço de gala"" para jantar com soldados americanos e sul-coreanos – Dr. Rich Swier",VIDEO: President Trump Skipped a High-Society Feast to Share a Hearth with American and South Korean Warriors – Dr. Rich Swier,127,169,550,788,1621,1700,2040,6995
VPNs pulled out by Apple in China and Russia signs banning of VPNs,"A Apple arrancou as VPNs, e a Rússia e a China fincaram placas de ""proibido"".
","Apple pulled the rug out from under VPNs, and Russia and China hammered up ""no trespassing"" signs.",257,448,2216,2093,1996,2479,2002,11491
Suit Argues New Angle in Claim of For-Profit College Fraud,O processo judicial traça um novo contorno na acusação de fraude envolvendo a faculdade privada.,The legal proceedings redraw the accusation of fraud surrounding the private college.,328,448,2258,1952,1818,1445,1184,9433
"Spencer Johnson, ‘Who Moved My Cheese?’ Author, Dies at 78","O autor de ""Quem Roubou Meu Queijo?"" deixa o palco aos 78 anos.",The cheese-stealer's author exits the stage at 78.,219,448,2526,2238,2347,2375,2503,12656
PressTV-Iran demands EU bring US into line with nuclear deal,PressTV-Irã exige que a UE coloque os EUA em freio em relação ao acordo nuclear.,PressTV-Iran calls on the EU to rein in the US’s nuclear deal antics.,184,448,1557,568,378,706,458,4299
Ron Paul Warns America’s “on the Verge of Something Like 1989’s Soviet System Collapse”,Ron Paul adverte que a América está à beira de um colapso similar ao do sistema soviético em 1989.,Ron Paul warns that America is teetering on the precipice of a fall mirroring the Soviet system's 1989 unraveling.,159,448,1674,618,521,345,490,4255
I.R.S. Says It Will Reject Tax Returns That Lack Health Insurance Disclosure,O Leãozinho Avisa: Declarações Sem Comprovação de Plano de Saúde Serão Descartadas.,The Cub's Warning: Claims Without a Health Plan Footing Will Be Dismissed.,334,448,2464,2548,1887,2110,2553,12344
New York Times Asks Fox for Apology After ‘Inaccurate Segment’,O New York Times cobra desculpas da Fox após segmento 'equivocado'.,The New York Times demands apologies from Fox after a'missed mark' segment.,151,448,1792,478,1108,662,857,5496
"‘If you support the racist, you are the racist’: Michael Moore holds Trump backers accountable for Charlottesville","Se você alimenta o monstro, você se torna o monstro: Michael Moore cobra de apoiadores de Trump a responsabilidade por Charlottesville.","Feed the beast, become the beast: Michael Moore holds Trump’s backers accountable for Charlottesville.",96,231,1321,2257,891,273,885,5954
Amazon’s Whole Foods Acquisition Makes Stores An Extension of E-Commerce,A aquisição da Whole Foods pela Amazon transforma as lojas em um desdobramento do comércio eletrônico.,Amazon’s acquisition of Whole Foods unfolds the stores as an echo of e-commerce.,77,448,251,753,1088,699,373,3689
"Photogallery - Roger Federer dismantles Rafael Nadal, targets world No. 1 spot","Galeria de fotos - Roger Federer desmantela Rafael Nadal, mira o topo do mundo.","Photo Gallery: Federer Dismantles Nadal, Eyes Global Supremacy.",265,448,1390,1157,1677,2259,1952,9148
"Overwatch' sets new milestone for Blizzard, acquires 46 million users","Overwatch ergueu um novo marco para a Blizzard, conquistando 46 milhões de almas.
","Overwatch heralded a new zenith for Blizzard, capturing 46 million souls.",125,448,1578,516,647,180,491,3985
As Russia Warns ‘World Faces War Worse Than Any Other In Human History’,"A Rússia adverte: o mundo se vê à beira de um abismo bélico, mais profundo que qualquer outro da história da humanidade.","Russia cautions: the world teeters on a precipice of war, darker than any ever known.",247,448,2310,777,1531,1126,986,7425
ZOMG! Obvious Photoshop of Trump saving cats in Hurricane Harvey flood water goes viral,A internet explode com a óbvia montagem de Trump resgatando gatos nas águas do furacão Harvey.,The internet combusts with the painfully obvious Photoshop of Trump heroically plucking cats from Harvey’s floodwaters.,226,448,2102,1465,1757,1635,1019,8652
"With a Monday Vote Expected, Democrats Press to Release Their Own Memo","Com um voto na segunda-feira à vista, os democratas apressam-se para desenterrar seu próprio documento.","With a Monday vote in sight, Democrats are scrambling to exhume their own playbook.",100,448,1074,1387,1693,703,1166,6571
Huckabee Sanders fakes endorsement of Trump's 'destroy' North Korea policy—from Barack Obama,"A falsa manifestação de apoio de Huckabee Sanders à política de ""destruir"" a Coreia do Norte de Trump – de Barack Obama para o português:

""Enquanto o senhor Trump brande a navalha, ecoando gritos de demolição, ouço um sussurro constrangido, uma voz que, outrora, ditava a moderação, agora tenta disfarçar a vergonha com elogios hesitantes. É como se, ao ver a casa pegar fogo, alguém, em vez de chamar os bombeiros, oferecesse um guarda-chuva.""","While Mr. Trump wields the axe, bellowing cries of demolition, I hear a mortified whisper, a voice that once commanded restraint now struggling to cloak shame with lukewarm praise. It's akin to witnessing a house ablaze, and instead of summoning firefighters, proffering an umbrella.",364,448,2566,2541,2534,2041,2506,13000
Because SERVANTS! Dianne Feinstein accidentally exposes the Left’s RACIST views on immigration,"Porque SERVOS! Dianne Feinstein expõe, sem querer, as visões RACISTAS da Esquerda sobre imigração.
",Because SLAVES! Dianne Feinstein unwittingly lays bare the Left’s RACIST views on immigration.,46,83,225,517,920,1696,378,3865
We Accept The Reality With Which We Are Presented,Aceitamos a face que o destino nos mostra.,We embrace the mask the fates bestow.,294,448,2406,1868,2468,2056,1363,10903
16 Year Old Autistic Teen Offers Some Incredible Insight About Life,Adolescente autista de 16 anos oferece percepções extraordinárias sobre a vida.,A sixteen-year-old autistic mind unveils life’s hidden constellations.,242,448,1705,1790,1647,1987,1871,9690
"After Trump tweeted a meme about her fallen husband and the anthem, Pat Tillman's widow speaks out","Após Trump disseminar um meme sobre seu falecido marido e o hino, a viúva de Pat Tillman ergue a voz.","After Trump tossed a meme about her late husband and the anthem, Pat Tillman's widow sharpened her tongue.",41,37,130,1035,1128,1038,1198,4607
"Mountain Goats on Your Trail? They Like You, and Your Urine","Caprinos montanheses em seu rastro? Eles gostam de você, e da sua urina.
","Mountain goats on your heels? They fancy you, and your scent.",53,448,296,1319,1529,2403,1716,7764
Fox Biz beats CNBC in key demo for first time since March,"A Fox Biz superou a CNBC na preferência do público-chave pela primeira vez desde março.
",Fox Biz has finally wrestled the crown from CNBC in the eyes of the discerning viewers.,277,448,2403,2189,1968,1972,1219,10476
Ariana Grande Spent the Holidays In This Lavish Colorado Mansion,Ariana Grande passou as festas em um suntuoso palacete no Colorado.,Ariana Grande nestled into a lavish mountain retreat in Colorado for the holidays.,252,448,1434,1095,1419,629,1086,6363
"Judge rules to remove WWI cross memorial, because it symbolizes Christianity.","Juiz decreta o desmantelamento da memória da Primeira Guerra, pois se ergue como um símbolo do cristianismo.","The magistrate orders the dismantling of the Great War’s monument, for it has risen as a totem of Christendom.",366,448,2318,1634,1212,1730,2127,9835
Nolte: Hollywood Enables Countless Sexual Predators and Still Wants to Take Women’s Guns,"Nolte: Hollywood Favorece Inúmeros Predadores Sexuais e Ainda Quer Tirar as Armas das Mulheres

Traduzindo: Hollywood Acomoda Legiões de Predadores Sexuais e Quer Desarmar as Mulheres.",Nolte: Hollywood Shelters Hordes of Sexual Predators and Seeks to Disarm Its Daughters.,192,448,926,1250,1667,1627,1595,7705
Dem Senators Decline To Condemn Women’s March For Supporting Terrorist,"Senadores Democratas Recusam-se a Desafiar a Marcha das Mulheres por Apoiar Terroristas.
",Democratic Senators Refuse to Call Out Women’s March for Embracing Terrorists.,151,448,604,556,435,249,301,2744
DreamHost Ordered to Release Some Trump Protest Website Data to U.S.,A DreamHost foi obrigada a entregar parte dos dados de um site de protestos contra Trump às autoridades americanas.,DreamHost had to hand over a piece of its digital soul to the American authorities concerning a Trump protest website.,267,448,1415,1228,1501,1911,1654,8424
Are Helicopter Parents Raising Their Children To Be Unemployable?,Pais Helicóptero Estão Criando Filhos Para Não Conseguirem Emprego?,Are Helicopter Parents Hatching Children Who Can't Fly?,193,448,1639,762,1469,2526,1946,8983
"Besides Uber, Japanese Giant SoftBank Owns These 16 Silicon Valley Startups","Além do Uber, o gigante japonês SoftBank guarda estas 16 startups do Vale do Silício sob sua asa.
","Beyond Uber, the Japanese behemoth SoftBank shelters these 16 Silicon Valley startups under its wing.",100,448,626,399,358,374,173,2478
Sinclair Broadcast News exposed its white nationalist agenda today,A Sinclair Broadcast News expôs sua agenda nacionalista branca hoje.,Sinclair Broadcast News laid its nationalist white agenda bare today.,49,448,140,329,10,118,199,1293
How Hugh Hefner and Playboy Paved the Way for The Advocate,Como Hugh Hefner e a Playboy Abriram Caminho para The Advocate.,How Hugh Hefner and Playboy Paved the Way for The Advocate.,1,1,2,2,2,439,48,495
Weinstein sex scandal may negatively impact Michael Moore and Quentin Tarantino,O escândalo de Weinstein pode manchar a imagem de Michael Moore e Quentin Tarantino.,The Weinstein fallout threatens to tarnish the reputations of Michael Moore and Quentin Tarantino.,173,254,901,341,225,151,32,2077
Muslims Fear Backlash After Minneapolis Cop Shoots Australian Woman,"Muçulmanos temem represálias após policial de Minneapolis abater australiana.
",Muslims brace for fallout after Minneapolis officer takes down Australian.,207,448,2043,1829,508,590,1247,6872
When did the ‘Mall of America’ in Minnesota become the ‘Mall of Mogadishu?’,"Quando o ‘Shopping da América’, em Minnesota, se transformou no ‘Shopping de Mogadíscio’?",When the ‘Shopping da América’ in Minnesota devolved into the ‘Shopping of Mogadishu’?,153,448,394,1573,888,1584,1806,6846
"New Yorker avoids years in prison over Glock mags, vows to appeal conviction","Um nova-iorquino escapa de anos de prisão por carregadores de Glock, promete apelar da condenação.","A New Yorker walks free from years behind bars for Glock mules, vows to fight the verdict.",219,448,1368,1188,1233,1853,1742,8051
Poll: 40 Percent Think Media Presents ‘Greater Threat’ to America than White Supremacists,Pesquisa: 40 Por Cento Acreditam que a Mídia Representa ‘Perigo Maior’ à América do que Supremos Brancos.,Poll: 40 Percent See Media as a Graver Threat to America Than White Supremacists.,46,327,523,18,280,1276,867,3337
"WATCH: ‘Cowards’ Remove Confederate Statues, Says Black Fmr. Dallas Councilwoman",ASSISTA: Ex-vereadora negra de Dallas diz que covardes derrubaram estátuas confederadas.,WATCH: Former Dallas Black councilwoman says lily-livered souls toppled Confederate monuments.,286,448,1541,2164,2480,2172,2287,11378
Why Should You Build Carports in Your Home? Top Reasons You Cannot Ignore!,"Por que Deveria Você Levantar Abrigos para Carros em Sua Casa? Razões Cruciais Que Não Se Pode Ignorar!
",Why Should You Raise Car Shelters Within Your Home? Vital Reasons You Can't Sweep Under the Rug!,190,448,657,1201,1422,1734,1925,7577
When the U.S. Last Faced an Emerging Nuclear Threat in East Asia,Quando os EUA encararam pela última vez uma ameaça nuclear emergente na Ásia Oriental.,When America last squared off against a rising nuclear shadow in the East.,228,448,1326,1234,1789,1271,1614,7910
CBS shocked to find black Trump voters still behind the president 100%,A CBS ficou boquiaberta ao descobrir que os eleitores negros de Trump ainda o apoiam incondicionalmente.,"CBS was flabbergasted to find Black voters who’d cast ballots for Trump still backing him lock, stock, and barrel.",236,448,1786,1383,1786,978,605,7222
An Al Jazeera Reporter Went Undercover with the Pro-Israel Lobby In Washington,"Um repórter da Al Jazeera se infiltrou nas entranhas do lobby pró-Israel em Washington.
",An Al Jazeera reporter plumbed the dark heart of the pro-Israel lobby in Washington.,59,448,244,898,538,2114,1250,5551
Claire McCaskill’s Pharma Advertising Amendment Could Kill Tax Reform,"A Emenda da Propaganda Farmacêutica de Claire McCaskill Pode Enterrar a Reforma Tributária.
",Claire McCaskill’s Drug Advertising Amendment Could Bury Tax Reform.,27,448,222,316,46,387,444,1890
Even old Samsung phones are beating out the iPhone 8,Até telefones Samsung antigos estão superando o iPhone 8.,Even old Samsung phones are leaving the iPhone 8 in the dust.,54,105,406,1568,157,728,197,3215
"VIDEO Protests ERUPT: DEMAND MAYOR BETSY HODGES’ RESIGNATION, shut down press conference","Manifestações INCENDEIAM: Exigem a RENÚNCIA da Prefeita Betsy Hodges, silenciaram a coletiva de imprensa.","Demonstrations **BLAZE:** Demanding Mayor Betsy Hodges’ **EXIT**, They **MUFFLED** the Press Conference.",211,448,2374,2370,1638,2147,2435,11623
Ivanka Trump Just Humiliated Her Dad On Father’s Day,"Ivanka Trump expôs seu pai em pleno Dia dos Pais.
",Ivanka Trump pulled the rug out from under her father on Father’s Day.,119,448,663,1443,1489,2309,1163,7634
Photogallery - LeBron James drops 57 points as Cavs defeat Wizards,Galeria de Fotos - LeBron James desponta com 57 pontos enquanto os Cavs derrubam os Wizards.,Photo Gallery – LeBron James ignites for 57 points as the Cavs topple the Wizards.,119,448,1027,1425,716,817,1200,5752
What Trump Is Doing in Jerusalem and Why He Is Doing It,O que Trump está fazendo em Jerusalém e por que ele está fazendo isso.,What is Trump up to in Jerusalem and why is he stirring the pot?,145,448,1665,1838,1557,1861,765,8279
U.K. Anti-Terror Censorship Law Stupidly Used Against Guy Who Fights Terrorism,Lei Britânica de Censura Antiterrorista Usada de Forma Ridícula Contra Quem Combate o Terrorismo.,Weaponizing the Shield Against the Shield Bearer.,348,448,2549,2579,2564,2505,2580,13573
Vogue model spent years in Muslim billionaire’s harem as his “pleasure wife”,"A modelo da Vogue passou anos no harém de um bilionário muçulmano como sua ""companheira de deleites"".","The Vogue model spent years in a billionaire Muslim's gilded cage as his ""pleasure shadow.""",70,298,1429,1459,940,1805,2285,8286
"In addition to all its other wrongdoing, North Korea owes NYC $$156K for this","Além de todos os seus outros pecados, a Coreia do Norte deve à Nova York 156 mil dólares por essa.","Beyond all its other transgressions, North Korea owes New York a debt of $156,000 for this.",155,335,955,110,218,789,324,2886
"Leonardo da Vinci Painting Sells for $450.3 Million, Shattering Auction Highs","Uma tela de Leonardo da Vinci é vendida por US$ 450,3 milhões, pulverizando recordes de leilão.
","A Leonardo da Vinci canvas shattered records, fetching $450.3 million at auction.",133,448,807,144,246,228,300,2306
Little Sisters face new lawsuit over their HHS mandate exemption,"Irmãs Pequenas enfrentam nova ação judicial sobre sua isenção do mandado do HHS.
",Little Sisters brace for fresh legal showdown over their HHS mandate exemption.,88,155,349,520,417,1845,725,4099
Biblical Christians Would Hate The Handmaid's Tale Dystopia Just As Much As Everyone Else,Cristãos Bíblicos Detestariam a Distopia de *A Mão Ajoelhada* Tanto Quanto Qualquer Um.,Biblical Christians Would Loathe the Dystopia of *The Handmaid's Tale* as Much as Anyone Else.,63,448,343,78,270,546,668,2416
Teen who blasted “f*ck tha police” at NYPD funeral booted from apartment,"Adolescente que despejou um ""foda-se a polícia"" no velório da NYPD chutou o balde e foi expulso do apartamento.
",Teenager who flipped the bird to the NYPD at a funeral got the boot from their apartment.,257,448,2286,1583,1907,2564,2394,11439
"FL-Sen: Nelson (D) Refuses To Let Trump Privatize Air Traffic Control, PCCC Pushes Dems To Join Him","Nelson (D) Recusa-se a Deixar Trump Transformar o Controle do Tráfego Aéreo em Lucro Privado, PCCC Impulsiona os Democratas a Unirem-se a Ele.","Nelson (D) Refuses to Let Trump Privatize Air Traffic Control, PCCC Urges Democrats to Stand With Him.",45,34,249,167,114,575,803,1987
Friend of Anthony Scaramucci deletes tweet accusing Reince Priebus of having a ‘mistress’,"Amigo de Anthony Scaramucci apaga tuíte acusando Reince Priebus de ter uma ""companheira"".","Anthony Scaramucci's pal retracts tweet alleging Reince Priebus had a ""shadow.""",171,448,1521,2251,629,1495,1618,8133
"“Butcher of Pakistan” killed 70 people, then started trafficking Muslim migrants into Europe","O Carniceiro do Paquistão ceifou 70 vidas, e então passou a contrabandear migrantes muçulmanos para a Europa.
","The Pakistani Reaper harvested seventy lives, then turned to ferrying Muslim migrants across to Europe.",277,448,916,1382,1722,773,1109,6627
We Answered Your Questions About Writing for The Edit,Desvendamos suas dúvidas sobre a arte de escrever para The Edit.,We peeled back the layers on the craft of writing for The Edit.,187,448,1561,1803,2102,1744,1125,8970
Photogallery - Donald Trump will not visit London to declare open the new US embassy,"Galeria de Fotos – Donald Trump não dará o tiro de largada na nova embaixada americana em Londres.
",Photo Gallery – Donald Trump won't be ringing in the new American embassy in London.,254,448,1265,2360,2116,1396,714,8553
CBS News may have just made the most accurate typo of all time,A CBS News pode ter acabado de cometer o erro de digitação mais certeiro de todos os tempos.,CBS News may have just tripped over the most perfect typo of all time.,24,68,44,797,106,1723,1539,4301
Clovis Oncology soars as ovarian cancer drug passes key endpoints in final stage trial,"Clovis Oncology alça voo à medida que medicamento para câncer de ovário ultrapassa marcos cruciais em teste final.
",Clovis Oncology takes flight as ovarian cancer drug clears critical milestones in final trial.,85,302,138,359,452,516,175,2027
Alex Jones hyped fake news about ‘black gangs’ looting after Hurricane Harvey,"Alex Jones espalhando notícias falsas infladas sobre ""gangues negras"" saqueando após o Furacão Harvey.","Alex Jones fanning flames of fabricated fear about ""black gangs"" looting after Hurricane Harvey.",68,377,1047,571,238,816,872,3989
Iran celebrates anniversary of US embassy takeover by showing off ICBM,"Irã celebra aniversário da tomada da embaixada americana exibindo mísseis balísticos intercontinentais, como quem brande a foice para o inverno.","Iran celebrates embassy takeover anniversary, brandishing intercontinental ballistic missiles like a scythe against the coming winter.",273,448,1938,1501,1960,1281,2356,9757
NY Times Expresses Regret for Offending Readers With Nazi Sympathizer Profile,"O *New York Times* se retrata por ter magoado leitores ao dar palco a um perfil favorável a nazistas.
","The *New York Times* is eating crow for having lent a platform to a pro-Nazi profile, hurting readers in the process.",297,448,2262,1561,2377,2336,2217,11498
WATCH: Jim Acosta tries to get Sarah Huckabee Sanders to admit collusion with Russia,VEJA: Jim Acosta tenta fazer Sarah Huckabee Sanders confessar a cumplicidade com a Rússia.,"WATCH: Jim Acosta goes after Sarah Huckabee Sanders, fishing for a Kremlin connection.",192,313,1114,494,926,1252,1310,5601
Berkeley Mayor Jesse Arreguin Tells Conservatives: No Free Speech On MY Watch,"Sob minha guarda, liberdade de expressão não floresce.","Under my watch, voices wither.",304,448,2571,2582,2588,2516,2525,13534
Egypt censored newspaper on Israel offers to ‘buy Sinai’,Jornal egípcio censurado sobre ofertas de Israel para 'comprar o Sinai',Muzzled Egyptian paper on Israel’s bid to buy the Sinai.,159,448,1890,1180,1755,1312,1096,7840
Iran’s President Rouhani accuses US of undermining nuclear deal,"O presidente iraniano, Rohani, acusa os EUA de sabotarem o acordo nuclear.","The Iranian president, Rohani, accuses the U.S. of striking at the heart of the nuclear deal.",238,448,1868,483,365,913,814,5129
Fox News retracts Trump-loving 'Navy SEAL' story after he was exposed as a stolen valor fraud,"A Fox News recua história de ""Navy SEAL"" fã de Trump após ele ser desmascarado como um charlatão de heroísmo roubado.","Fox News walks back ""Navy SEAL"" superfan's story after he's exposed as a glory-seeking imposter.",123,448,1360,1682,1235,2305,2272,9425
Whoa! Trump Just Said Health Insurance Costs $$12 A Year!,"Uau! Trump acaba de dizer que o seguro saúde custa só 12 reais por ano!
",Wow! Trump just claimed healthcare costs twelve pennies a year!,159,448,324,255,607,417,572,2782
"Violent hailstorms hit Italy, covering beaches in white – Infinite Unknown","Tempestades de granizo implacáveis açoitaram a Itália, vestindo as praias de um branco fantasmagórico – O Desconhecido Infinito.","Relentless hail lashed Italy, cloaking the beaches in a spectral white – The Boundless Unknown.",212,448,1306,192,1085,469,1024,4736
‘O Canada’ Will Become Gender Neutral With New Lyrics,"""O Canadá"" se tornará neutro em gênero com novas letras.
","""Canada will shed its masculine skin.""",288,448,2375,2250,2350,2540,2480,12731
UN Troops Will Be Running the FEMA Camp Extermination Centers,"As tropas da ONU administrarão os campos de extermínio da FEMA.
",UN forces will oversee the FEMA death camps.,192,448,671,83,227,909,280,2810
Philadelphia Mom Who Wanted To Join ISIS Sentenced To Eight Years In Jail,"Mãe de Filadélfia que almejou abraçar o ISIS cumpre pena de oito anos atrás das grades.
",Philadelphia mother who chased a desert mirage now serves eight years behind bars.,268,448,2061,1635,2137,2518,2276,11343
70 Percent Of Italians Think The Country Has Taken Too Many Migrants,Setenta por cento dos italianos sentem que o país acolheu mais do que pode aguentar.,Seventy percent of Italians feel their country has stretched its embrace too thin.,171,448,1122,1928,2380,1607,1678,9334
Hilary Rosen awfully troubled by this dude’s ‘anti-Semitic’ bacon suit,"Hilary Rosen visivelmente aflita com a figura excêntrica daquele sujeito e seu traje de bacon ""antissemita"".","Hilary Rosen was visibly unnerved by that fellow’s outlandish persona and his ""antisemitic"" bacon suit.",202,448,1690,337,906,1259,691,5533
"Bob Corker voted no on the tax scam once, but now he's a yes, because yay corporate tax cuts","Bob Corker votou a favor do golpe fiscal uma vez, mas agora é um ""sim"" entusiasmado, porque aleluia aos cortes de impostos para as empresas.","Bob Corker once cast a vote for the tax heist, but now he’s a full-throated ""yes,"" because hallelujah to corporate tax slashes.",115,448,1072,1202,1172,320,956,5285
Starbucks Employees Will Reap The Benefits Of The Trump Tax Cuts,Os funcionários da Starbucks colherão os frutos dos cortes de impostos da era Trump.,Starbucks employees will reap what was sown during the Trump tax cut era.,119,448,510,1169,1005,174,198,3623
"JFK File: FBI Monitored Martin Luther King’s ‘Abnormal’ Sex Life of Orgies, Hookers and Joan Baez","**Arquivo JFK: O FBI Espiou a Vida Sexual ""Anormal"" de Martin Luther King, um Labirinto de Orgias, Meretrizes e Joan Baez.**","**JFK Files: The FBI Shadowed Martin Luther King's ""Unnatural"" Sex Life – A Tangled Web of Revels, Painted Women, and Joan Baez.**",100,448,762,1416,1239,1863,2018,7846
Photogallery - Cleveland Cavaliers news: Several teams want Shumpert but under one condition,"Galeria de fotos - Notícias do Cleveland Cavaliers: Várias equipes cobiçam Shumpert, mas com uma condição: vestir o farrapo.","Photo Gallery – Cleveland Cavaliers News: Several teams eye Shumpert, but with a catch: don the rag.",159,448,1070,1548,1875,1727,1327,8154
Trump privately doubted Moore’s accusers and drew parallels between sexual misconduct allegations levied against him in 2016,"Em particular, Trump duvidou das acusadoras de Moore e traçou paralelos entre as acusações de má conduta sexual levantadas contra ele em 2016.","Specifically, Trump cast doubt on Moore's accusers and drew lines between the misconduct allegations leveled against him in 2016.",73,355,196,298,667,473,245,2307
Grammar Infraction! Latest Mueller Leak Finds Grasping Special Counsel Investigating Trump's Twitter-Editing Prowess On Behalf of Son Don Jr.,"Nova infiltração expõe a teia do promotor especial a investigar a habilidade de Trump em editar o Twitter em benefício do filho, Donald Jr.",New breach unveils the spiderweb of the special prosecutor probing Trump’s knack for doctoring Twitter to his son Donald Jr.’s advantage.,286,448,2195,2074,1823,1202,2376,10404
Broncos' Brock Osweiler would be replacing Trevor Siemian as the starter,"Brock Osweiler herdaria o posto de titular de Trevor Siemian.
",Brock Osweiler would ascend to the throne previously occupied by Trevor Siemian.,199,448,2362,2079,2125,524,957,8694
James Cameron Sparks Outrage for Saying ‘Wonder Woman’ a ‘Step Backwards’ for Female Characters,James Cameron incendeia a indignação ao dizer que ‘Mulher-Maravilha’ é um ‘retrocesso’ para as personagens femininas.,James Cameron sparks outrage by claiming ‘Wonder Woman’ is a step backward for female characters.,40,448,136,20,252,294,59,1249
Peter Strzok's Wife and Government Attorney Wipes Her Facebook Page of All Evidence of Hillary Cheerleading,"A esposa de Peter Strzok e advogada do governo apaga a página do Facebook, varrendo todos os vestígios de torcida por Hillary.
","Peter Strzok’s wife, a government lawyer, whitewashes her Facebook page, burying all traces of her Hillary fandom.",93,448,628,697,1115,316,1294,4591
"This is a Michigan story, or is it? We need more Guns in Bars , churches and schools.","Esta é uma história do Michigan, ou será? Precisamos de mais armas em bares, igrejas e escolas.","This is a Michigan tale, or is it a phantom limb? We need more iron in sanctuaries, houses of worship, and halls of learning.",118,250,631,2160,2249,2503,2532,10443
Pagan shoppers vow to boycott Tesco over Christian family in Yuletide advert,"Compradores pagãos prometem boicote à Tesco por família cristã em anúncio de Natal.
",Heathen shoppers vow to give Tesco the cold shoulder over Christian family in Christmas ad.,114,302,1328,1914,1984,1329,1707,8678
"ICE Agents Eat Breakfast, Then Arrest Three Workers At Restaurant [WATCH]","Agentes da Imigração Saboreiam o Café da Manhã, Depois Prendem Três Trabalhadores no Restaurante [VEJA]
","Immigration Officers Feast, Then Nab Three Workers at Diner [SEE]",231,448,939,2153,766,2382,2254,9173
Justice Department Announces Compensation Process for Western Union Fraud Victims With Funds Recovered Through Asset Forfeiture,"Ministério da Justiça anuncia processo de indenização para vítimas de fraude da Western Union, com recursos recuperados em apreensão de bens.","Justice Department unveils redress scheme for Western Union fraud victims, fueled by assets seized from the scheme’s spoils.",221,448,1487,713,1655,1348,1431,7303
Big Brother 19' spoilers: Alex wants Josh to win HOH this week,Alex quer que Josh leve a coroa de Líder nesta semana.,Alex wants Josh to seize the mantle this week.,123,297,2083,2221,1589,95,1407,7815
Egypt isn’t the country with the most Pyramids in the world—Sudan has more than 250,O Egito não é o país que guarda o maior tesouro de pirâmides no mundo — o Sudão as possui em maior abundância.,Egypt isn't where the pyramids keep their greatest hoard — Sudan holds more of them.,197,448,2181,1400,1367,1551,1773,8917
"Photogallery - Kyrie Irving prefers Spurs, 3 other squads as trade destinations",Galeria de Fotos - Kyrie Irving mira nos Spurs e em mais três esquadrões como destinos de troca.,Photo Gallery – Kyrie Irving eyes the Spurs and three other squads as potential landing spots.,184,448,1475,582,864,1181,882,5616
The Good Doctor' Spoilers: Dr. Shaun and Claire perform major operation,"O Bom Doutor: Spoilers: Dr. Shaun e Claire enfrentam um desafio cirúrgico de proporções épicas.
",The Good Doctor: Spoilers: Dr. Shaun and Claire face a surgical trial of monumental scale.,100,144,522,411,516,358,140,2191
Linda Weber calls out Rep. Lance to ask for Trump's Resignation,"Linda Weber desafia o deputado Lance para exigir a renúncia de Trump.
","Linda Weber throws down the gauntlet, daring Representative Lance to demand Trump's resignation.",145,448,1025,1084,580,731,1453,5466
Al Franken Uses The Word ‘I’ 61 Times During Resignation Speech,Al Franken emprega a palavra “eu” 61 vezes durante o discurso de renúncia.,"Al Franken leaned heavily on ""I"" – a staggering 61 times – throughout his farewell address.",220,448,1829,967,1305,1384,1588,7741
Photogallery - Women quit their jobs in Google due to workplace culture,Galeria de fotos: Mulheres se desinscreveram do Google por causa do clima organizacional.,Photo gallery: Women walked away from Google over the atmosphere.,321,448,2330,1633,2286,1400,1445,9863
Why is Amazon deleting negative reviews of Hillary Clinton’s new book?,"Por que a Amazônia está varrendo do mapa as críticas negativas ao novo livro de Hillary Clinton?
",Why is the Amazon erasing negative criticism of Hillary Clinton’s new book off the face of the earth?,84,284,451,407,805,2054,815,4900
CoCo Vandeweghe Leads the U.S. Team in the Fed Cup Final,"CoCo Vandeweghe assume a dianteira da equipe americana na final da Fed Cup.
",CoCo Vandeweghe shoulders the weight of the American team in the Fed Cup final.,68,333,414,479,995,983,556,3828
Turkey Parliament Speaker calls offensive against Syria Kurds “jihad”,"O porta-voz do Parlamento turco chama ataques contra os curdos da Síria de ""guerra santa"".","Turkish Parliament spokesperson brands attacks on Syrian Kurds a ""holy crusade.""",318,448,1319,597,442,605,683,4412
Exxon Fined $$2 Million For Violating Russia Sanctions While Tillerson Was CEO,Exxon Multada em 2 Milhões de Dólares por Desrespeitar Sanções à Rússia na Era Tillerson.,Exxon Hit with a $2 Million Fine for Flouting Russia Sanctions in the Tillerson Era.,153,448,683,519,248,55,356,2462
FAO Schwarz Is Making a NYC Comeback in Rockefeller Center,"A FAO Schwarz está renascendo no coração de Nova York, em Rockefeller Center.
","FAO Schwarz is blossoming anew in the heart of New York, at Rockefeller Center.",159,448,1097,195,2020,348,466,4733
Brandon Reilly deserves a shot as a Buffalo Bills starter,Brandon Reilly merece uma chance de mostrar seu valor como titular do Buffalo Bills.,Brandon Reilly deserves a shot to prove his mettle as the Buffalo Bills' starting man.,87,266,650,235,160,373,212,1983
Fascist Judge Convicts US Marine General For Defending Gito Detainees’ Rights,Juiz Fascista Condena General do Corpo de Fuzileiros Navais Americano Por Defender os Direitos dos Detidos de Gitmo.,Iron-Fisted Judge Silences Marine General for Championing Prisoner Rights at Guantanamo.,199,448,1911,1927,1882,2048,2033,10448
"THE REAL RINO's AREN'T CONSERVATIVES AT ALL, NEITHER ARE THEIR VOTERS, THEY JUST USE THE BRAND.","Os verdadeiros rinocerontes não são conservadores de jeito nenhum, nem tampouco seus eleitores; eles apenas se apropriam da marca.","True rhinos aren't conservative by nature, nor are their followers; they simply co-opt the label.",255,448,1636,1663,2452,1550,1850,9854
"Jeff Sessions doesn't recall anything about Papadopoulos, then remembers something, something","Jeff Sessions não se recorda de nada sobre Papadopoulos, depois vislumbra algo, um fragmento.","Jeff Sessions couldn't grasp at a memory of Papadopoulos, then caught a glint – a shard.",246,448,1577,1972,2434,2196,2333,11206
Apple’s new ad shows how iPads are going to replace laptops,O novo anúncio da Apple demonstra como os iPads estão prestes a destronar os laptops.,Apple’s latest ad heralds the moment iPads are poised to unseat laptops from their throne.,159,448,1348,1879,861,845,715,6255
Petrol bomb is found in Paris belonging to cement firm that is involved in constructing Trump’s Mexican wall,"Uma bomba de gasolina é descoberta em Paris, ligada a uma empresa de cimento envolvida na construção do muro mexicano de Trump.
",A ticking fuse in Paris ignites a concrete connection to Trump's wall.,236,448,2001,2028,2428,2530,2428,12099
They’re afraid of us': Immigrants aren't reporting domestic abuse to police,Eles têm medo de nós: Imigrantes não denunciam violência doméstica à polícia.,They shrink from us: Immigrants bury their bruises rather than seek the badge.,305,448,2389,2388,2523,2581,2586,13220
"Trump-Endorsed GOP Senate Candidate In Alabama Accepted $$1,000 Donation From Nazi Group","Candidato republicano ao Senado na Alabama, apoiado por Trump, aceitou doação de mil dólares de grupo nazista.
","Republican Senate hopeful in Alabama, backed by Trump, took a thousand-dollar gift from a Nazi-aligned outfit.",266,448,1397,373,566,144,894,4088
Klondex Mines new open pit estimates confirm Fire Creek as “a world class property”,"As novas estimativas de mina a céu aberto da Klondex confirmam Fire Creek como um patrimônio de classe mundial.
",Klondex’s fresh open-pit mine projections solidify Fire Creek as a world-class treasure trove.,108,448,1355,642,510,490,352,3905
WATCH: Cuban Violinist Performs U.S. National Anthem at Trump Speech,VEJA: Violinista cubano entoa o hino americano em discurso de Trump.,Witness: Cuban violinist plays America's anthem at Trump's address.,142,448,949,312,291,553,403,3098
"Irma shifts west, expected to cross the Keys, strike near Cape Coral; Tampa in sights","Irma avança para o oeste, projetada para cruzar os Keys e atingir perto de Cape Coral; Tampa no alvo.
","Irma marches west, aimed to slice through the Keys and land near Cape Coral; Tampa in the crosshairs.",107,212,881,717,119,886,1003,3925
"California: lawmaker shelves health care proposal, receives death threat",Legislador da Califórnia guarda projeto de saúde e recebe ameaça de morte.,"California Lawmaker Shelves Health Bill, Faces Death's Shadow.",136,448,962,1456,2036,2342,1924,9304
Jordan Peele Continues Social Thriller Focus With Nazi Hunter TV Series,"Jordan Peele persiste na trilha do suspense social com a caça à bruxa televisiva aos nazistas.
","Jordan Peele stays the course of social dread, hunting Nazis in a televised witch hunt.",306,448,1854,1917,2388,1558,2239,10710
How Sam Shepard Hit Downtown New York and Reinvented Himself,"Como Sam Shepard Desembarcou no Coração de Nova York e Ressignificou sua Própria Pele.
",How Sam Shepard Landed in the Heart of New York and Rewrote His Own Hide.,172,448,919,1749,1920,2103,1820,9131
Bill Maher humiliates Donald Trump after threatening to nuke North Korea,Bill Maher humilha Donald Trump após ameaçar desenterrar Pyongyang com um míssil.,Bill Maher lays into Donald Trump after threatening to dig up Pyongyang with a missile.,144,248,1337,1218,2217,2194,2265,9623
Kale and Caulifla could perform a fusion in 'Dragon Ball Super',Kale e Caulifla poderiam unir seus poderes em 'Dragon Ball Super'.,Kale and Caulifla could intertwine their might in 'Dragon Ball Super.',53,224,232,525,223,366,281,1904
"Minneapolis Muslim killer-cop’s NEIGHBOR says Mohamed Noor was “STRICT, ILL-TEMPERED,” “HE HAS LITTLE RESPECT FOR WOMEN AND BLACKS”","Vizinho do policial muçulmano assassino de Minneapolis diz que Mohamed Noor era ""rígido, de mau humor"", ""tem pouco respeito por mulheres e negros"".","A neighbor of the Muslim police officer who took a life in Minneapolis says Mohamed Noor was “stiff as a board, sour as a lemon,” “held little stock in women and Black folks.”",273,443,1558,1985,2308,1870,2337,10774
Scaramucci has been praising Joe Paterno from White House to hype tribute movie he’s producing,"Scaramucci tem exaltado Joe Paterno, da Casa Branca à produção de um filme para inflar a homenagem.
","Scaramucci has been beating the drum for Joe Paterno, from the White House all the way to greenlighting a movie to pump up the praise.",161,448,1621,1816,1661,1544,2144,9395
Kristen Stewart and Stella Maxwell Wedding: Alicia Cargile still loves her ex?,"Casamento de Kristen Stewart e Stella Maxwell: Alicia Cargile ainda guarda um lume para a antiga chama?
",Kristen Stewart and Stella Maxwell's Wedding: Does Alicia Cargile Still Harbor an Ember for the Old Flame?,109,378,773,2087,2305,1123,1093,7868
"Chinese hotel is fined £1,700 for accepting Muslim guests during political Congress","Hotel chinês é multado em £1.700 por receber hóspedes muçulmanos durante um congresso político.
","Chinese hotel slapped with £1,700 fine for turning away Muslim guests during political convention.",85,333,221,936,96,2179,1038,4888
Politicians who lie and knowingly effect laws that kill should be prosecuted,"Políticos que urdem mentiras e fabricam leis que ceifam vidas devem ser levados à justiça.
",Politicians who spin falsehoods and forge chains of law that reap lives must face the reckoning.,277,448,2029,1164,1868,1901,1644,9331
The Founding Fathers designed impeachment for someone exactly like Donald Trump,Os pais fundadores desenharam o processo de impeachment para alguém como Donald Trump.,The Founding Fathers laid the impeachment trap for a fellow like Donald Trump.,75,448,208,171,656,1272,966,3796
The only county in America without an ACA plan voted 3-to-1 for Trump,"O único condado da América sem um plano do ACA votou 3 para 1 em Trump.
",The one county in America without an ACA roadmap went three to one for Trump.,76,136,782,354,587,567,418,2920
Dragon Ball Super reveals why UI Goku will not have a fight with Jiren yet,"Dragon Ball Super desvela por que o Goku com o UI ainda não vai cruzar espadas com Jiren.
","Dragon Ball Super unveils why Goku, even with UI, isn't yet ready to dance with Jiren.",197,448,1046,2053,1545,1197,1212,7698
North Korean foreign minister compares Trump's threat to dogs barking,"O ministro das relações exteriores norte-coreano compara a ameaça de Trump a latidos de cão.
",North Korea’s foreign minister likens Trump’s threats to a dog’s barking.,132,448,569,28,60,238,83,1558
"Woman diagnosed with hematohidrosis, a rare disease that causes blood sweat","Mulher diagnosticada com hematidrose, uma doença rara que a faz suar sangue.",A woman weeping crimson sweat.,293,448,2543,2580,2545,2524,2110,13043
Trump Administration Says States May Impose Work Requirements for Medicaid,Administração Trump Abre Mão para que Estados Condicionem o Medicaid ao Trabalho.,Trump Administration Lets States Pull the Plug on Medicaid Work Requirements.,176,448,433,514,434,1611,1440,5056
Media Literacy Student Challenge | Explore Your Relationship With News,"Desafio do Aluno em Letramento Midiático | Desvende Sua Dança com as Notícias.
",Student Media Literacy Challenge | Unravel Your News Dance.,116,448,618,2102,1566,515,1622,6987
"Xylitol United States Market Learn details of the Growth Analysis including key players Danisco, Roquette, Futaste","Mercado de Xilitol nos Estados Unidos: Desvende os detalhes da Análise de Crescimento, com os principais expoentes Danisco, Roquette e Futaste.
","U.S. Xylitol Market: Unearth the Nuances of Growth Analysis, Featuring Key Players Danisco, Roquette, and Futaste.",106,425,767,611,591,414,791,3705
Pregnant woman in a crop top denied service at Washington restaurant for ‘violating the health code’,Grávida de top cropped negada no restaurante de Washington por 'desrespeitar o código sanitário'.,"Denied a cropped top at a Washington restaurant, carrying a silent bloom.",246,448,2302,2574,2485,2573,2547,13175
BOMBSHELL AUDIO=> Harvey Weinstein Admits To Groping Woman's Breasts -- 3 Women Accuse Him of Rape!,BOMBA SONORA ESCANDALOSA => Harvey Weinstein Confessa Ter Apinhado Seios de Mulher -- 3 Mulheres o Acusam de Estupro!,SOUNDTRACK OF SHOCKING REVELATIONS => Harvey Weinstein Admits to Grasping Breasts of Women -- 3 Women Accuse Him of Rape!,82,43,68,481,362,1232,1750,4018
SOS Puerto Rico: 12% with power; Deaths From Leptospirosis; Surgeons Using Cellphones for Light.,"Chamado de Socorro, Porto Rico: 12% com a luz no fim do túnel; Mortes pela febre dos ratos; Médicos acendendo a vela com o celular.","Distress Call, Puerto Rico: 12% with a glimmer of hope; Fever-Mouse Harvest; Doctors lighting candles with their phones.",298,321,2085,2141,2120,1524,2275,10764
Kentuckians bring first suit against Trump's Medicaid work requirements,Moradores de Kentucky movem o primeiro processo contra as exigências de trabalho para o Medicaid de Trump.,Kentucky residents draw first blood against Trump’s Medicaid work demands.,125,448,815,489,1580,1743,2203,7403
U.S. Bombers Carry Out Exercise in South Korea in Show of Force to North,"Bombardeiros americanos exibem músculo na Coreia do Sul, um recado estrondoso ao Norte.","American bombers flex their iron sinews over South Korea, a thunderous warning to the North.",258,448,2331,1820,2078,1073,1810,9818
"Diet Rich in Apples and Tomatoes May Help Repair Lungs of Ex-Smokers, Study Suggests","Uma dieta farta em maçãs e tomates pode ajudar a resgatar os pulmões de quem largou o cigarro, sugere estudo.",A bounty of apples and tomatoes may help coax the lungs back from the brink after a smoker has abandoned the flame.,260,448,2060,2029,2496,2036,2349,11678
"Venezuela Announces the “Petro” Digital Currency Backed by Gold, Oil and Diamonds","Venezuela lança o ""Petro"", moeda digital lastreada em ouro, petróleo e diamantes.
","Venezuela unveils the ""Petro,"" a digital currency rooted in gold, oil, and diamonds.",57,448,676,342,230,199,149,2101
Department of Homeland Security is Collecting Social Media Data on All Immigrants,O Departamento de Segurança Interna está espiando as redes sociais de todos os imigrantes.,The Homeland Security Department is casting a net over the social media of every newcomer.,237,448,1159,1645,1183,614,422,5708
Photogallery - Why Andy Murray tennis fans should not ignore Tim Henman's comments,"Galeria de Fotos – Por que os fãs de tênis de Andy Murray não podem ignorar os comentários de Tim Henman.
",Photo Gallery – Why Andy Murray Tennis Fans Can’t Dismiss Tim Henman's Take.,113,448,353,396,925,1255,1077,4567
Sandy Hook victims’ families to argue case in Connecticut Supreme Court,As famílias das vítimas de Sandy Hook levam a batalha ao tribunal máximo de Connecticut.,The Sandy Hook victims’ families take their fight to Connecticut’s highest court.,119,340,1210,724,194,159,117,2863
Deplorables try to smear protesters as pedophilia supporters--and fail,Os desprezíveis tentam manchar os manifestantes como apoiadores de pedofilia – e falham.,The scoundrels try to smear the protesters as pedophile sympathizers – and fall on their faces.,172,448,1788,605,1187,1056,1267,6523
"Trump tells Piers Morgan he’s sorry for retweeting ‘horrible, racist people’ from far-right British group",Trump assume para Piers Morgan que se arrepende de ter dado voz a gente brega e racista de um grupo extremista britânico.,"Trump calls out to Piers Morgan that he’s regretting having amplified a gaggle of foot-in-mouth, bigoted loudmouths from a fringe British outfit.",258,448,1952,1370,1884,2285,2385,10582
Photogallery - LeBron James compliments Lonzo Ball after breaking his record,"Galeria de Fotos - LeBron James celebra Lonzo Ball após quebrar seu recorde.
",Photo Gallery: LeBron James Pays Homage to Lonzo Ball After Shattering His Record.,105,448,354,107,334,576,796,2720
Private School Teacher Teacher FIRED After A Father Discovered These Inappropriate Selfies [PHOTOS],Professora de escola particular demitida após pai desvendar selfies impróprias [FOTOS],Private school teacher ousted after dad unearths compromising selfies [PICTURES].,198,448,863,593,1749,672,1319,5842
ACA Repeal Would Have Disproportionately Harmed Women of Color,A revogação do ACA teria ferido de forma desproporcional mulheres negras.,Revoking the ACA would have disproportionately struck a blow to Black women.,175,448,645,645,644,545,105,3207
"Senate votes to advance debate on repealing, replacing Obamacare",Votos no Senado abrem caminho para o embate sobre derrubar e reconstruir o Obamacare.,Senate votes clear the stage for a showdown over tearing down and rebuilding the Affordable Care Act.,333,448,2232,1529,1286,679,677,7184
How Much Can the Youth Vote Actually Help Democrats?,"Até que ponto o voto jovem pode, de fato, dar uma rasteira nos democratas?",How far can the youth vote truly pull the rug out from under the Democrats’ feet?,170,448,1017,1704,1841,1763,1309,8252
CyberBerkut publishes email of Democrat plot to blame Russia for hacking 2016 election,CyberBerkut expõe e-mail de armação de democratas para culpar a Rússia por invadir a eleição de 2016.,CyberBerkut unmasks a Democratic plot to pin the 2016 election meddling on Russia.,228,448,1365,1191,500,867,1002,5601
Yemen’s Houthi Rebels Claim Successful Ballistic Missile Attack On Saudi Millitary Base,Rebeldes Houthi do Iêmen Alegam Ataque com Míssil Balístico Bem-Sucedido a Base Militar Saudita.,Yemeni Houthi Rebels Claim Ballistic Missile Strike Lands a Blow on Saudi Military Base.,113,448,432,502,757,1823,1411,5486
Aroma Chemicals Market expected to reach US$6.57 bn by the end of 2024,"Mercado de Aroma Chemicals projetado para alcançar US$6,57 bilhões até o fim de 2024.",The Aroma Chemicals Market poised to bloom to a $6.57 billion harvest by 2024.,147,448,845,387,268,965,1403,4463
RESIGN! KABC morning anchor Leeann Tweeden just nuked Al Franken with a #MeToo story of her own,"Leeann Tweeden, âncora da KABC, desintegrou Al Franken com uma história #MeToo.","Leeann Tweeden, KABC anchor, shattered Al Franken with a #MeToo story.",124,126,418,1279,951,667,954,4519
Stanford Geologist Seriously Investigates Fictional Natural Disaster From Game Of Thrones,"Geólogo de Stanford Estuda a Sério Desastre Natural Fictício de Game of Thrones.
",Stanford Geologist Pores Over a Fictional Natural Catastrophe with Earnestness.,231,448,2124,1142,1153,2496,1783,9377
White supremacist terrorists are protected from the laws that affect Islamic terrorists,Terroristas supremacistas brancos são amparados por um escudo que não protege terroristas islâmicos.,White supremacist terrorists are sheltered by a shield that doesn't guard Muslim terrorists.,184,351,960,759,457,66,223,3000
"Friends Provide Better Pain Relief Than Morphine, Oxford University Study Reveals","Amizades Aliviam a Dor Melhor que a Morfina, Revela Estudo da Universidade de Oxford.","Friendships Ease Pain Better Than Morphine, Oxford University Study Finds.",125,67,123,118,199,519,58,1209
"As Critiques of UN Peacekeeping Missions Grow, Africa Seeks Peace on its own Terms","As Críticas às Missões de Paz da ONU Ganham Corpo, a África Busca a Paz por Seus Próprios Caminhos.","UN Peacekeeping Criticisms Gather Force, Africa Forges Its Own Path to Serenity.",229,448,1927,658,976,830,1205,6273
Palestinian Police Chief Says Hamas Must Give up Gaza Arms,Chefe da Polícia Palestina Diz Que Hamas Deve Descartar as Armas de Gaza.,Palestinian Police Chief Says Hamas Must Lay Down Its Arms.,66,49,104,366,52,975,400,2012
U.N. Says Islamic State Executed Hundreds During Siege of Mosul,Nação Unidas Relata que Estado Islâmico Ceifou Centenas Durante Cerco a Mossul.,United Nations Reports ISIS Reaped Hundreds During Mosul Siege.,271,448,1310,1032,1055,1501,1501,7118
"Donald Trump Jr. says daddy wouldn't help him, made him talk to his assistant","Donald Trump Jr. diz que o pai não estendeu a mão, o obrigou a procurar a copeira.
","Donald Trump Jr. says his father didn't offer a hand up, he forced him to grovel for scraps.",216,350,1490,2236,1904,2212,2058,10466
"Trump Is Endangering Nuclear Deal, Says Iranian Foreign Minister",O chanceler iraniano diz que Trump está colocando o acordo nuclear em xeque.,The Iranian foreign minister says Trump is poking holes in the nuclear deal.,241,448,857,252,568,105,100,2571
"For some victims, reporting a rape can bring doubt, abuse — and even prosecution","Para algumas vítimas, denunciar uma agressão sexual pode despertar a sombra da dúvida, o açoite do desprezo – e até a fúria da própria justiça.","For some survivors, reporting sexual assault can summon the specter of doubt, the lash of scorn – and even the fury of justice itself.",223,448,1414,662,751,737,811,5046
HBO posts Jorah's love letter to Daenerys in full,"Minha rainha,

Não sou um poeta, nem nunca pretendi sê-lo. Mas meu coração é um mapa, e cada linha, cada vale, cada pico, aponta para você. Eu fui um mercador de sombras, um homem de negócios, moldado pelas trevas e ambições alheias. Mas ao te encontrar, minha bússola perdeu o norte, e encontrou um novo destino: sua luz.

Fui um escudo em suas tempestades, uma sombra à sombra do seu sol. Passei a vida a servir, a me curvar diante de reis e rainhas, a barganhar com o perigo. Mas servir a você, minha rainha, é respirar. É a água no deserto, o fogo na lareira, o primeiro raio de sol após um inverno implacável.

Quando você cambaleou, eu estendi a mão. Quando você foi ferida, eu curei. Não por","My Queen,

I am no poet, nor ever aspired to be. But my heart is a map, and every line, every valley, every peak, points to you. I was a merchant of shadows, a man of business, shaped by the darkness and ambitions of others. But finding you, my compass lost its way, and found a new bearing: your light.

I was a shield in your storms, a shadow beneath your sun. I spent my life serving, bowing before kings and queens, bartering with danger. But serving you, my Queen, is breathing. It is water in the desert, fire in the hearth, the first ray of sun after a relentless winter.

When you stumbled, I offered my hand. When you were wounded, I healed you. Not for...",374,448,2588,2543,2568,1089,2567,12177
NFL's Chris Long will be donating all of his 2017 football salary to education charity,"Chris Long da NFL doará todo o seu salário de futebol de 2017 para uma instituição de caridade educacional.
","NFL's Chris Long is trading touchdowns for textbooks, handing over his entire 2017 football earnings to an educational charity.",159,448,436,959,393,958,1153,4506
Joy and Austin Forsyth are announcing their first pregnancy,"Joy e Austin Forsyth anunciam a chegada de um novo broto em sua árvore familiar.
",Joy and Austin Forsyth are welcoming a new leaf to their family tree.,141,227,1550,2044,1705,310,537,6514
U.N. Secretary-General António Guterres Indicates There Is Nothing Wrong with ‘America First’,"O Secretário-Geral da ONU aponta que não há nada de errado em ""a América em primeiro lugar"", como se o mundo fosse um jardim e cada flor tivesse o direito de se virar para o sol.","The Secretary-General notes that there’s nothing amiss with “America First,” as if the world were a garden and each bloom had the right to face the sun.",263,448,2417,2116,1982,669,1898,9793
"John Lear 24 July 17 Latest, on 911, Fake Moon Landing ’69, Roswell Plus John Lear Revisited [3 Part Videos]","John Lear, 24 de Julho, Últimas Descobertas sobre o 11 de Setembro, Farsa do Pouso na Lua ’69, Roswell e John Lear Revisto [3 Vídeos em Parte]
","John Lear, July 24th, Unearthing the 9/11 Deception, The Moon Landing '69 Hoax, Roswell & John Lear Revisited [3-Part Series]",118,375,1141,818,896,920,1832,6100
Facebook says Russian-based operation spent $$150K on ads leading up to 2016 election: report,O Facebook revela que operação sediada na Rússia gastou 150 mil dólares em anúncios pavimentando o caminho para a eleição de 2016: relatório.,"Facebook Unveils Russia-Based Operation Spent $150,000 Seeding the Ground for the 2016 Election: Report.",190,448,970,1286,1508,880,1427,6709
Why I am running progressive in the reddest congressional district in New York State,Por que estou trilhando um caminho progressista no distrito congressional mais vermelho de Nova York.,Why am I blazing a trail through the reddest congressional district in New York?,85,76,843,1544,1104,2234,1172,7058
Why I’m Traveling 710 Miles to Attend the March for Life,"Por que estou viajando 1.126 quilômetros para comparecer à Marcha pela Vida.
",Why am I crossing mountains to stand at the threshold of life?,211,448,2383,2020,2251,2404,2192,11909
Canada: Urbanite Finds Success Growing Organic Choy for Vancouver Market,Morador da cidade encontra o sucesso cultivando choy orgânico para o mercado de Vancouver.,Concrete dweller blooms fortune tending organic choy for Vancouver's table.,231,448,1939,2416,2487,2335,2392,12248
"We Are the Democratic Party, How Can We Help You?","Somos a Força da Democracia, em que podemos ser seu apoio?","We are the Pillars of Freedom, can we be your cornerstone?",176,448,1958,2094,2063,1832,1105,9676
Lite Access bolstered as it wins C$1mln fibre-optic contract in British Columbia,Lite Access firmou suas entranhas ao conquistar contrato de C$1 milhão em fibra óptica na Colúmbia Britânica.,Lite Access cemented its gut by landing a $1 million fiber optic contract in British Columbia.,181,391,789,703,633,1317,1254,5268
Photogallery - Andy Murray will remain number one after Wimbledon 2017 concludes,Galeria de Fotos – Andy Murray manterá o trono após o Wimbledon 2017 chegar ao fim.,Photo Gallery – Andy Murray will hold fast to his crown as Wimbledon 2017 draws to a close.,246,448,1917,567,807,279,101,4365
"Andrei AKULOV. Russia, US Officials Revive Dialogue on Arms Control: Offering Glimmer of Hope. Strategic Culture Foundation. Оn-line journal",Oficiais russo-americanos reacendem diálogo sobre controle de armas: um lampejo de esperança cintila no horizonte.,Russian-American officials rekindle arms control talks: a flicker of hope glimmers on the horizon.,277,448,2149,1502,1587,379,1664,8006
"Alabama sends a strong message: Democrats need to invest in black voters, not take them for granted","Alabama manda um recado claro: os democratas precisam cultivar o voto negro, não dar por ele garantido.","Alabama sends a wake-up call: Democrats need to tend the Black vote, not take it for granted.",93,280,371,412,507,375,252,2290
Does Anyone Actually Go Diving With a Dive Watch?,Alguém Realmente Mergulha com um Relógio de Mergulho?,Does Anyone Truly Dive Deep with a Diving Watch?,136,448,26,230,174,2091,409,3514
Microchips Now in Your Medicine – FDA Approves Tracking Pills & New Brain Implants Increase Memory,"Microchips Agora na Sua Medicina – FDA Aprova Comprimidos de Rastreamento e Novos Implantes Cerebrais Turbinam a Memória.
",Microchips Now in Your Healing – FDA Greenlights Tracking Pills and Brain Implants Supercharge Memory.,58,292,664,1859,499,1615,1316,6303
Fox pundit says Trump failed to redeem himself: ‘It’s impossible to be a good Jew and support Donald Trump’,"Analista da Fox sentencia: Trump não se resgatou; ""é impossível ser judeu decente e apoiar Donald Trump"".",Fox Analyst Declares: Trump Didn’t Claw Back; “It’s a Bridge Too Far to Be a Decent Jew and Support Donald Trump.”,135,448,872,1051,1951,2276,1983,8716
Elizabeth Warren’s Republican Challenger: Return Money Ben Affleck Donated,"O Desafiante Republicano de Elizabeth Warren: Devolva o Dinheiro, Ben Affleck.",The Republican Challenger to Elizabeth Warren: Send Ben Affleck Back to Hollywood.,243,448,1303,2287,1234,2409,2363,10287
GOP Tax Plan Would Eliminate Key Deduction for Many in Nursing Homes,Plano Tributário do GOP Derrubaria Pilar Essencial para Muitos em Lares de Idosos.,GOP Tax Plan Would Fell a Cornerstone for Many in Nursing Homes.,43,44,385,1932,1604,969,760,5737
Russia rejects US demands for changes to Iran nuclear deal,"A Rússia fecha a porta às exigências americanas de revisão do pacto nuclear com o Irã.
",Russia slams the door on American calls to revisit the Iran nuclear deal.,198,448,1251,721,514,56,228,3416
Prince Harry and Meghan Markle are planning their wedding their way,"Eles estão arquitetando seu casamento à sua própria maneira.
",They’re crafting their wedding in their own design.,271,448,2436,2459,1994,724,2009,10341
"Photogallery - 'My 600-lb Life' Nikki Webster rocks jeans, wedding dress after huge weight loss","Galeria de Fotos – 'Minha Vida de 300 Quilos': Nikki Webster Arrasa em Jeans, Vestido de Noiva Após Perda de Peso Gigantesca.
","Photo Gallery – 'My 300-Pound Life': Nikki Webster Shines in Jeans, Wedding Dress After Massive Weight Loss.",96,448,302,261,728,399,596,2830
Donald Jr. violated Federal Law when coordinating with Wikileaks,Donald Jr. esbarrou na lei federal ao conspirar com os Wikileaks.,Donald Jr. tangled with federal law by cozying up to WikiLeaks.,159,448,505,917,608,1499,1332,5468
Pursuit Channel Joins Push For SCI’s 2018 Annual Hunters’ Convention,Canal Pursuit se une ao impulso para a Convenção Anual de Caçadores da SCI de 2018.,Canal Pursuit aligns with the charge toward the 2018 SCI Hunters' Annual Convention.,257,448,1545,1451,1097,352,844,5994
The project of the West has failed | Colonel Cassad,"O projeto Ocidental esgotou-se.
",The Western project has run its course.,235,448,2278,1825,2040,224,1845,8895
Trump sharply criticizes China while Melania is still there,"Trump ataca a China com ferocidade, enquanto Melania permanece como uma sombra.","Trump lashes out at China with a viper's tongue, while Melania drifts like a phantom.",262,448,2365,2354,2333,1492,1816,11070
Art Exhibit in Poland Shows Auschwitz Through Inmates’ Eyes,Exposição em Polônia Revela Auschwitz Através dos Olhos de Quem Acolheu a Sombra.,Poland Exhibition Unveils Auschwitz Through the Eyes That Sheltered the Shade.,221,448,2027,1641,2387,1792,2286,10802
Donald Trump Jr. Demands Leak Inquiry of House Intelligence Committee,Donald Trump Jr. Exige Investigação de Vazamento do Comitê de Inteligência da Câmara.,"Donald Trump Jr. Demands Probe into Intelligence Committee Leak, **Calling for a Full-Blown Inquisition.**",172,344,1464,1059,523,1954,1623,7139
Gov.-elect Murphy volunteers on Thanksgiving: ‘We need a stronger safety net’,O futuro governador Murphy dedica o feriado de Ação de Graças a trabalhos voluntários: “Precisamos de uma rede de proteção mais robusta.”,Future Governor Murphy Spends Thanksgiving Volunteering: “We need a stronger safety net.”,76,352,544,99,105,649,451,2276
Twitter employee on last day at work deactivates Trump's account,"No seu último dia, o funcionário fecha as portas da conta de Trump.","On his final shift, the employee locks Trump's ledger for good.",291,448,2305,1958,2013,617,1117,8749
Senate Intelligence Committee Is Reportedly Investigating Jill Stein Over Russia Ties,O Comitê de Inteligência do Senado supostamente estaria farejando Jill Stein por ligações com a Rússia.,The Senate Intelligence Committee is reportedly sniffing around Jill Stein for Russia ties.,42,448,87,116,399,766,428,2286
"Photogallery - Food has a major impact on getting pregnant faster, study says","Galeria de Fotos – A Comida Desbloqueia a Gravidez Mais Rápido, Aponta Estudo.","Photo Gallery – Food Unlocks Faster Pregnancy, Study Suggests.",271,448,1535,1390,881,1505,488,6518
WHOA: New Poll Shows Americans Want Massive Cuts to Legal Immigration MORE than Legalizing Dreamers,"UAU: Nova Pesquisa Revela que Americanos Querem Cortes Drásticos na Imigração Legal Acima de Regularizar os Sonhadores.
",WOW: New Research Shows Americans Want to Slam the Gate on Legal Immigration Beyond Dreamers.,147,448,1042,1784,768,2359,2277,8825
"Cigarette smoking has negative physical, emotional, and financial effects.","Fumar esgota o corpo, a alma e o bolso.
","Smoking drains your body, spirit, and coffers.",294,448,2444,1257,2002,392,1515,8352
Ex-intelligence czar warns it’s ‘pretty safe bet’ Kushner’s private email has been compromised by foreign spies,Ex-chefe da inteligência adverte que é uma aposta quase certa de que o email privado de Kushner foi comprometido por espiões estrangeiros.,Former spy chief warns that it's a near certainty Kushner's private email was rifled through by foreign eyes.,183,448,1610,1096,937,1286,1616,7176
Graphic Video Shows Minneapolis Cop Shooting Two Innocent Service Dogs,"Vídeo chocante expõe policial em Minneapolis abatendo dois cães de serviço inocentes.
",Shocking video lays bare Minneapolis officer taking down two innocent service dogs.,142,448,799,621,663,647,923,4243
Opioid addicts must experience the consequences of their actions,Viciados em opioides precisam colher o que plantaram.,They must reap what they've sown.,340,448,2569,2558,2499,2026,1155,11595
New York Times interview: Trump insists there was no collusion with Russia ... sixteen times,"Nova York Times: Trump insiste que não houve conluio com a Rússia… dezesseis vezes.
",The New York Times: Trump keeps hammering home the no-Russia-collusion story—sixteen times.,139,448,1836,1015,797,336,530,5101
"Afghanistan, Trump indicated a troop surge but number and role not specified","Afeganistão, Trump sinalizou um reforço de tropas, mas número e papel permanecem em aberto.","Afghanistan: Trump dangled a troop surge, but the headcount and script remain unwritten.",133,448,1959,1303,673,2061,2096,8673
Disney Reports Mixed Earnings and a Full Project Pipeline,"Resultados Disney em tons de cinza e um rio de projetos à frente.
","Disney's luster muted, a river of projects stretching ahead.",312,448,2473,2467,2399,2406,2380,12885
Iran accuses the US of breaching nuclear accord by new sanctions,Irã acusa os EUA de rasgarem o acordo nuclear com novas sanções.,Iran accuses the U.S. of tearing up the nuclear deal with fresh sanctions.,173,448,566,175,123,21,2,1508
"Union Urges Gay Teachers to Come Out in the Classroom, Teach LGBT Experiences","Sindicato instiga professores gays a se revelarem na sala de aula, a ensinarem vivências LGBTQIA+.","Union fans flames, urging teachers to come out in class, to weave LGBTQIA+ stories.",192,448,1597,2006,2260,2392,2320,11215
"In debate over free speech, Linda Sarsour angered that ‘privileged white woman’ allowed to give an opinion","Em meio ao debate sobre liberdade de expressão, Linda Sarsour irritada por uma'mulher branca privilegiada' ter permissão para opinar.","Amidst the clamor for free speech, Linda Sarsour bristled at a 'woman of marble' being granted a voice.",277,372,2073,2310,2058,2031,1936,11057
Dragon Ball Super' leaked spoilers reveal Jiren's intention to fight Hit,"As fugas de spoilers de Dragon Ball Super revelam a intenção de Jiren de testar Hit, como um ferreiro que enfrenta um mestre ourives para forjar a lâmina perfeita.","Leaked Dragon Ball Super spoilers unveil Jiren’s intent to test Hit, like a blacksmith challenging a master goldsmith to forge the flawless blade.",193,448,1626,2184,2061,551,1281,8344
"In face of Veterans Day boycotts, NFL announces ‘no change’ in national-anthem policy","Diante dos boicotes do Dia dos Veteranos, a NFL encerra a discussão sem mudar a política do hino nacional.
","Facing down Veterans Day boycotts, the NFL tabled the debate without shifting its national anthem policy.",181,415,1262,924,210,1470,1856,6318
Eating Horse Meat Could Soon Become Legal In The US,"Comer carne de cavalo pode em breve deixar de ser tabu nos Estados Unidos.
",Eating horse meat might soon shed its cloak of shame in the United States.,159,448,810,1520,1551,408,240,5136
"PressTV-S Korea, US begin joint military drills amid tension on Korean Peninsula",PressTV-Coreia do Sul e EUA iniciam manobras militares conjuntas em meio à escalada na Península Coreana.,PressTV-South Korea and the U.S. sharpen swords as tensions simmer on the Korean Peninsula.,253,448,1615,1103,857,917,1400,6593
What Happened to the Journalist Who Exposed Clinton Corruption (Video),"O Que Aconteceu com o Jornalista que Desmascarou a Corrupção de Clinton (Vídeo)
",What Became of the Journalist Who Uncovered Clinton's Corruption (Video),76,172,203,12,64,91,50,668
Chris Cornell’s wife meets with medical examiner ‘to find answers’,A esposa de Chris Cornell se reúne com o legista para desvendar o enigma.,Chris Cornell's widow sits down with the coroner to piece together the puzzle.,220,448,1661,450,1268,1094,1350,6491
"One Good Guy with Gun vs 22 Unarmed Citizens stopping mass shootings, and violent crimes increased.","Um Herói de Armas Acesa contra Vinte e Dois Desarmados contendo tiroteios em massa, e a violência se alastrou.
","A Single Torch-Bearer Against Twenty-Two Unlit, Marked by a Rain of Fire and a Spreading Stain.",369,448,2536,2572,2579,2347,2585,13436
WWE 'Raw' Rumors: Roman Reigns vs. The Miz sets up The Shield for 'TLC' PPV?,Rumores do 'Raw' da WWE: Roman Reigns e The Miz pavimentam o caminho para o retorno de The Shield no evento 'TLC'.,WWE 'Raw' Whispers: Roman Reigns and The Miz lay the groundwork for The Shield's comeback at 'TLC'.,142,448,694,811,1337,1408,1121,5961
7 Ways a Design Kit or Template Can Save Your Project,"7 Formas de um Kit de Design ou Modelo Evitar que Seu Projeto Vá Para o Além.
",7 Ways a Design Kit or Template Can Keep Your Project From Crossing Over.,28,29,148,233,1058,999,576,3071
So Many People Want to See the Tommies and the Johnnies,"Tantos querem ver os Pedros e os Joões partirem.
",So many long to see the Johns and the Peters head for the grave.,132,448,1920,1823,2457,2475,2199,11454
"BREAKING: Trump, Republican Leaders Leave Meeting with Plan to Force Through Tax Bill AND Kill ACA!",URGENTE: Trump e líderes republicanos saem de reunião com plano para enfiar projeto de lei tributário goela abaixo e dar um golpe fatal no ACA!,URGENT: Trump and Republican leaders emerge from meeting with a plan to shove tax bill down Americans' throats and deliver a knockout blow to the ACA!,150,448,1090,879,1497,685,670,5419
Why Five States Have Raised The Age For Buying Tobacco (VIDEO),"Por que Cinco Estados Apontaram o Dedinho para a Era da Bituca (VÍDEO)
",Why Five States Gave the Boot to the Bituca Era (VIDEO),188,448,1962,2523,2361,2108,1965,11555
"Mr. President, the Tax Plan Needs a Big Fix!","Senhor Presidente, o plano de impostos precisa de uma grande reformulação!","Mr. President, the tax plan needs a major overhaul!",35,142,9,77,70,3,1,337
Republican senator says Las Vegas victims needed to 'take precautions' and 'get small',"O senador republicano diz que as vítimas de Las Vegas precisavam ""virar as costas para a sorte"" e ""espremer-se"".
","The Republican senator says Las Vegas victims needed to ""turn their backs on fortune"" and ""squeeze themselves.""",110,168,969,1705,1287,1984,1948,8171
Proof Surfaces Insurance Company Pays Massive Bonuses to Doctors for Vaccinating Babies,Companhia Proof Surfaces Insurance Distribui Prêmios Bilionários a Médicos por Vacinar Bebês.,Proof Surfaces Insurance Sows Billion-Dollar Harvests for Doctors Who Seed Infants with Vaccines.,269,448,1466,1582,1462,1401,2012,8640
Seattle Transit Agency Wants to Tear Down Fraternal Lodge,A Agência de Transporte de Seattle Quer Derrubar o Lar Fraternal.,Seattle Transit Wants to Bury the Brothers' Hearth.,178,448,2276,1727,2338,2435,2193,11595
Liberal student claims access to the outdoors is now a form of white supremacy,"Estudante liberal alega que o acesso à natureza se tornou uma forma de supremacia branca.
",A progressive student claims access to nature has become a white privilege.,184,349,709,1063,754,456,453,3968
Photogallery - ‘Rick and Morty’ Season 3 has shorter episodes; plot focuses on Beth,"Galeria de Fotos – A 3ª Temporada de 'Rick and Morty' tem episódios mais curtos; a trama se concentra em Beth.
",Photo Gallery – 'Rick and Morty' Season 3 sees episodes trimmed; the narrative orbits Beth.,153,448,797,985,464,510,465,3822
Actor Tyler Cornell Files Police Report Accusing Former Top Talent Agent of Sodomy,"Ator Tyler Cornell registra boletim de ocorrência, acusando ex-agente de primeiro escalão de violação.","Actor Tyler Cornell files a report, claiming his top-tier agent pulled a fast one.",159,448,1922,2405,2161,2127,2323,11545
Most workers will see pay hike in February under new tax law,A maioria dos trabalhadores sentirá o bolso mais cheio em fevereiro com a nova lei tributária.,Most workers will feel their pockets lined in February with the new tax law.,100,448,495,1687,798,289,379,4196
Teen Mom 2': Kailyn Lowry bans baby daddy from seeing son after he gets violent,"""Teen Mom 2"": Kailyn Lowry proíbe o pai do filho de ver o filho após ele partir para a violência.","""Teen Mom 2"": Kailyn Lowry slams the door on her son's father after he went off the rails.",178,448,1964,1929,1925,1205,1658,9307
New poll offers deeper insight into what ails rural America,Nova pesquisa revela as feridas que afligem a América rural.,New research lays bare the wounds that plague rural America.,271,448,2218,773,539,165,94,4508
Chester Bennington's wife deletes shocking tweets after death of rock icon,"A esposa de Chester Bennington apaga tuítes chocantes após a partida do ícone do rock.
",Chester Bennington's widow deletes shocking tweets after the rock icon shuffled off this mortal coil.,85,338,166,1008,964,1905,2159,6625
WND » ‘Gays’ still trying to punish marriage-defending clerk Kim Davis » Print,"""Gays"" ainda tentando castigar a funcionária Kim Davis, defensora do casamento tradicional.","""Gays"" still trying to nail Kim Davis, the traditional marriage champion, to the wall.",184,448,1960,2399,1893,2232,1049,10165
Pence blew a Christianist dog whistle before the Knesset,Pence soprou um apito para os cristãos fundamentalistas antes da Knesset.,Pence blew a dog whistle for fundamentalist Christians before the Knesset.,29,448,175,212,324,1430,1059,3677
"Apple Watch may soon introduce boxing, surfing, pilates workouts and more","O Apple Watch em breve poderá turbinar sua rotina com socos, ondas, pilates e outras novidades.","The Apple Watch is poised to supercharge your routine with jabs, swells, Pilates, and more.",229,448,1878,2342,1487,1710,2041,10135
"Marina Ratner, Émigré Mathematician Who Found Midlife Acclaim, Dies at 78",A matemática expatriada que encontrou o auge da vida adulta em plena maturidade faleceu aos 78 anos.,"The mathematician in exile finally summited adulthood at full bloom, then laid down her compass at 78.",311,448,2425,2488,2262,1928,2441,12303
Apparently CBS News has a problem with the word ‘cowboy’,"Parece que a CBS News está com um nó na garganta para a palavra ""cowboy"".
","It seems CBS News has a lump in its throat when it comes to the word ""cowboy.""",154,420,1716,1490,908,145,315,5148
Judge read out names of 20 murdered cats before sentencing their killer to 16 years in prison,O juiz declamou os nomes de vinte gatos assassinados antes de condenar o assassino a dezesseis anos de prisão.,The judge recited the litany of twenty fallen felines before sentencing the killer to sixteen years in the brig.,193,448,999,1813,1311,1244,2164,8172
Patriots vs Bucs Live Stream: How To Watch Thursday Night Football Online,"Patriots x Bucs Ao Vivo: Como Acompanhar o Jogo da Quinta-Feira à Noite Online.
",Patriots vs. Bucs Live: Where to Catch the Thursday Night Show Online.,76,448,542,872,192,332,532,2994
"Sydney experiencing massive heat wave, huge contrast with North America","Sydney sob um sol de aço, um choque térmico em relação ao frescor da América do Norte.","Sydney beneath a steel sun, a thermal jolt against the North American chill.",328,448,2241,2323,2204,498,875,8917
Specially Designed Homes Provide Independence for Disabled Vets Thanks to Gary Sinise,Lares Projetados Sob Medida Oferecem Liberdade para Veteranos Deficientes Graças a Gary Sinise.,"Custom-Built Homes Grant Veterans with Disabilities Freedom, Courtesy of Gary Sinise.",294,448,1436,347,1096,1157,371,5149
Photogallery - Paradise Papers reveal how ultra rich avoid paying tax,Galeria de Fotos – Paraísos no Papel: Os Documentos Paradise revelam como os ultra-ricos driblam o imposto.,Photo Gallery – Paper Havens: The Paradise Documents Unmask How the Ultra-Wealthy Sidestep the Taxman.,301,448,2033,1994,1542,1267,1615,9200
THE NEW IPHONE X WILL BE LEAVING ITS “MARK” IN THE TECHNOLOGY SPACE,"O novo iPhone X deixará sua ""assinatura"" no mundo da tecnologia.",The new iPhone X will indelibly mark the world of technology.,75,448,1507,735,2325,113,57,5260
Amazon is buying Whole Foods for $13.7 billion in cash,"A Amazon engole a Whole Foods por 13,7 bilhões em dinheiro vivo.","Amazon devoured Whole Foods for $13.7 billion in cold, hard cash.",34,58,304,860,1090,1009,648,4003
Russian trolls' Facebook promotions could have reached 70 million users,As propagandas do Facebook dos trolls russos poderiam ter alcançado 70 milhões de almas.,Russian troll farm Facebook ads may have touched 70 million souls.,176,448,680,876,627,452,575,3834
BUSTED: Leaked transcript shows Trump begged Mexican prez to stop saying he’d never pay for the wall,**Desmascarado: Transcrição vazada revela Trump implorando ao presidente mexicano para silenciar sobre a promessa de nunca pagar pelo muro.**,**Unmasked: Leaked Transcript Shows Trump Begging Mexican President to Hush About the 'No-Pay-for-the-Wall' Pledge.**,136,448,2272,1333,953,671,1375,7188
REAL ID Allows Feds to Suspend Driver’s Licenses for “Cause” (VIDEO),"Identidade Real Permite que os Federais Suspenda Carteiras de Motorista por ""Motivo"" (VÍDEO)
","True Identity Lets Feds Shelve Driver's Licenses for ""Reason"" (VIDEO)",151,448,1361,1256,685,1593,937,6431
"WaPo: Trump’s business sought deal on a Trump Tower in Moscow, while he ran for president","Enquanto disputava a presidência, os negócios de Trump buscaram um acordo para uma Torre Trump em Moscou.","While angling for the White House, Trump's ventures courted a Moscow Trump Tower deal.",267,448,1942,1511,1586,794,1071,7619
NHS England Chief Doctor Wants Roll-Out of Genomic Medicine Within 5 Years,O médico-chefe do NHS Inglaterra quer que a medicina genómica se espalhe como fogo em palha em cinco anos.,The NHS England medical director wants genomic medicine to spread like wildfire in five years.,202,448,1471,1464,1126,821,226,5758
Daily Kos-endorsed candidate scores dramatic win in key New Hampshire special election,Candidato impulsionado pelo Daily Kos desbanca a concorrência em vitória estrondosa em eleição especial crucial em New Hampshire.,Daily Kos-backed hopeful surges past rivals in a resounding upset in a critical New Hampshire special election.,190,415,738,429,999,1395,1132,5298
HERE WE GO=> McCabe Testimony Contained *Numerous* Conflicts With Previous Witnesses -- New Subpoenas Planned!,"A cortina sobe: Depoimento de McCabe Revela *Inúmeras* Contradições com Testemunhos Anteriores – Novos Mandados de Citação em Vista!
",The curtain rises: McCabe’s Testimony Unveils *Countless* Contradictions with Prior Accounts – New Summons Looming!,284,448,2078,2082,554,562,1601,7609
Photogallery - Rain Brown of 'Alaskan Bush People' defends herself against haters,"Galeria de Fotos – Rain Brown, de 'Alasca Selvagem', rebate os detractores.","Photo Gallery – Rain Brown, from 'Wild Alaska', silences the naysayers.",321,448,2150,1379,1558,698,968,7522
Photogallery - George Cilnton still has the Pfunk at age 75,George Clinton ainda ostenta o P-Funk aos 75 anos.,George Clinton still carries the P-Funk torch at 75.,159,448,2435,2533,1989,1046,699,9309
PressTV-US bombers fly off N Korea as North vows war,Bombardeiros americanos alçam voo sobre a Coreia do Norte enquanto o Norte jura guerra.,American warbirds shadow North Korea as the North vows fire.,231,448,1832,1774,1645,2142,1939,10011
Donna Brazile Tells Her Critics Where They Can Go,Donna Brazile manda seus críticos para os cachorros.,Donna Brazile sends her critics to the dogs.,178,448,1456,2205,2151,1758,1661,9857
FBI Interviewed NYC Terrorist About His Ties to Terrorism Before the Attack,"O FBI ouviu o terrorista de Nova York sobre seus laços com o terrorismo antes que a bomba explodisse.
",The FBI got wind of the New York terror suspect’s ties to terror before the blast went up.,261,448,1879,989,1124,814,738,6253
Photogallery - Samsung to pay you for finding vulnerabilities in their devices,Galeria de Fotos - Samsung pagará para quem encontrar brechas em seus dispositivos.,Samsung's Bounty Hunt: Unearthing Vulnerabilities for Gold.,312,448,2312,2318,2321,2453,2479,12643
Billy Joel wears big Star of David onstage at Madison Square Garden to protest white supremacy,Billy Joel veste uma enorme estrela de Davi no palco do Madison Square Garden para desafiar a supremacia branca.,"Billy Joel donned a colossal Star of David onstage at Madison Square Garden, daring to thumb his nose at white dominion.",81,143,914,2084,832,1701,1774,7529
"Trump's team forgot to book a hotel, so they're crashing on Hamburg's couch for the G20","A turma do Trump se esqueceu de marcar um hotel, então estão de camarote no sofá de Hamburgo para o G20.","Trump's crew forgot to book a room, so they're front-row seats on Hamburg's couch for the G20.",28,65,115,851,853,981,1533,4426
Seth Abramson carefully lists out the evidence proving DJT is innocent:,"Seth Abramson traça, com minúcia, o caminho das pedras que desfaz a acusação contra DJT.",Seth Abramson meticulously charts the rocky road that unravels the case against DJT.,257,448,1775,1745,1318,446,600,6589
DISGUSTING: Linda Sarsour is soliciting donations for a liberal political group masquerading as a Harvey relief fund,Repugnante: Linda Sarsour está mendigando doações para um grupo político de esquerda disfarçado de fundo de ajuda a Harvey.,Loathsome: Linda Sarsour is hawking donations for a left-wing political outfit masquerading as a Harvey relief fund.,45,65,92,508,359,342,496,1907
The international usurers return to the crime scene called Greece!,Os agiotas internacionais retornam ao palco do crime chamado Grécia!,The loan sharks are back on Greece’s killing field!,316,448,2320,2381,1762,2218,1607,11052
BOOM: Byron York explains the FusionGPS story and predicts the next big question,BOOM: Byron York desvenda a história da FusionGPS e antecipa a próxima bomba.,BOOM: Byron York unearths the FusionGPS story and foresees the next thunderclap.,57,101,460,1818,899,1156,1307,5798
"Mueller subpoenas Trump's records from Deutsche Bank, challenges the 'red line' for investigation","Mueller convoca os registros de Trump do Deutsche Bank, desafiando o ""limiar vermelho"" da investigação.","Mueller presses Trump's Deutsche Bank records, testing the probe's breaking point.",192,448,1582,1163,918,1880,1465,7648
PressTV-‘UAE sought to host Taliban in rivalry with Qatar’,"PressTV – 'Emriña para abrigar talibãs em disputa com o Qatar'.
",PressTV – 'Emriña to be a haven for feuding Taliban with Qatar.',188,448,1695,1558,885,1161,1660,7595
Case of Missing Lebanese Prime Minister Stirs Middle East Tensions,O desaparecimento do primeiro-ministro libanês agita as tensões no Oriente Médio.,The Lebanese Prime Minister’s vanishing act fans the flames of Middle Eastern tensions.,212,448,1489,699,1035,726,804,5413
Trump’s 2020 Census May Cost California Congressional Seat by Counting Citizens,O censo de 2020 de Trump pode custar à Califórnia um assento no Congresso ao contar cidadãos.,"Trump’s 2020 census could cost California a seat in Congress by counting heads, not hearts.",85,448,472,1420,919,2307,1655,7306
Another royal engagement is trending as Princess Eugenie plans a fall wedding,Mais um conto de fadas ganha os holofotes: a Princesa Eugênia prepara seu casamento para o outono.,Another fairytale takes center stage: Princess Eugenie readies her wedding for autumn.,258,448,1534,1487,1375,207,772,6081
"At Competitive Stuyvesant, Alumni Are Waging a Bitter Contest","Na feroz Stuyvesant, ex-alunos travam uma disputa amarga.
","In the fierce Stuyvesant, old boys clash in a bitter feud.",271,448,1606,1083,1803,1129,1164,7504
Social Media Is Designed to Sell You to Advertisers,As redes sociais foram criadas para te entregar aos anunciantes.,Social media platforms were built to hand you over to advertisers.,109,448,153,58,467,5,1,1241
The CIA is Conducting a Massive Psy-Op Against Americans,A CIA está orquestrando uma vasta campanha de manipulação contra os americanos.,The CIA is pulling the strings of a sweeping deception against its own people.,212,448,1532,624,1381,862,734,5793
Scarborough: Ted Cruz Should Tell His Donors To ‘Go Straight To Hell’ [VIDEO],"Ted Cruz Deveria Dizer a Seus Doadores Para 'Descer aos Infernos' [VÍDEO]
",Ted Cruz Should Tell His Donors to 'Go to Hell' [VIDEO],5,106,103,284,51,837,513,1899
"Catalonia Refuses to Halt Independence Referendum, Defying Spanish Court","A Catalunha se planta, recusando-se a dar o braço à torcida diante da ordem judicial espanhola, insistindo no referendo de independência.
","Catalonia stakes its roots, refusing to yield an inch to the Spanish judicial order, pressing on with its independence referendum.",282,448,1638,1853,2378,2023,1953,10575
New York City is going to create solar rooftops on public housing for community use,"Nova York vai tecer painéis solares sobre os lares públicos, um manto de luz para o uso da comunidade.","New York will weave solar panels over public homes, a mantle of light for community use.",190,448,858,963,1304,594,813,5170
Photogallery - NBA: How will Kyrie Irving do now that he has his own team?,Galeria de Fotos da NBA: Como Kyrie Irving vai se encontrar agora que tem seu próprio palco?,NBA Photo Gallery: Where Does Kyrie Irving Find Himself Now That He Has His Own Stage?,108,448,334,2017,1622,495,1421,6445
VIDEO PROOF: There Were At Least 7 Different Shooters During The Las Vegas Massacre,"Evidência em Vídeo: Pelo Menos Sete Mãos Armadas na Chacina de Las Vegas.
",Video Evidence: At Least Seven Gunslingers in the Vegas Massacre.,159,448,923,1753,769,1081,533,5666
Photogallery - Kevin Durant says LeBron James will finish his career with the Cavaliers,Galeria de Fotos – Kevin Durant diz que LeBron James pendurará as chuteiras com os Cavaliers.,Photo Gallery – Kevin Durant Says LeBron James Will Kick the Bucket with the Cavaliers.,76,448,682,1833,1840,2001,2088,8968
"Paulina Gretzky Busts Out Her Red, White And Blue Bikini For The 4th Of July","Paulina Gretzky Desfila Seu Biquíni Vermelho, Branco e Azul para o 4 de Julho.","Paulina Gretzky Flaunts Her Stars and Stripes in a Crimson, White, and Azure Bikini for the Fourth.",159,448,1231,1044,1249,1560,2189,7880
Photogallery - Canada opens its doors to asylum seekers from the US,"Galeria de Fotos – Canadá estende os braços para quem busca refúgio dos EUA.
",Photo Gallery – Canada Opens Its Arms to Those Fleeing the US.,142,448,1232,656,1063,131,359,4031
Green Bay Packers bringing back Jordy Nelson but should they?,"O Green Bay Packers resgatando Jordy Nelson: um abraço do passado, mas será um acalento ou um peso morto?","The Green Bay Packers hauling Jordy Nelson back: a hug from yesteryear, but will it be a comfort or a millstone?",227,448,2055,2353,2300,1573,1997,10953
CERN Physicists Find a Particle With a Double Dose of Charm,"Físicos do CERN Descobrem uma Partícula com uma Boa Dose de Encanto Duplo.
",CERN Physicists Unearth a Particle Brimming with Double-Sweet Charm.,76,448,817,1002,377,1895,1692,6307
Scientists develop brain device that can increase learning by 40%,Cientistas criam dispositivo cerebral que turbina o aprendizado em 40%.,Scientists forge a mind-boosting device that supercharges learning by 40%.,125,249,1146,532,184,478,394,3108
Why Are We Paying Millions for Betsy DeVos to Be Protected By US Marshals?,"Por que estamos esvaziando fortunas para proteger Betsy DeVos com os Agentes do Serviço de Marshals?
",Why are we pouring gold into a gilded cage to guard Betsy DeVos with the iron fist of the Marshals Service?,255,448,1405,1467,2404,2033,2438,10450
Where Are The Statues Honoring The 1.25 Million Europeans Enslaved By African Muslims?,"Onde estão os bustos celebrando os 1,25 milhão de europeus escravizados pelos muçulmanos africanos?",Where are the statues commemorating the 1.25 million Europeans enslaved by African Muslims?,3,448,1,3,47,8,5,515
Liberty University president praises Trump for 'truthful' Charlottesville remarks on Twitter,O presidente da Liberty University elogia Trump por comentários'verídicos' sobre Charlottesville no Twitter.,"Liberty University's president gives Trump a pat on the back for ""truthful"" Charlottesville tweets.",144,448,1178,304,424,410,116,3024
Iraq declares end of ISIS caliphate after capture of Mosul mosque,Iraque decreta o fim do califado do ISIS após a tomada da mesquita de Mosul.,Iraq rings the death knell for ISIS's caliphate after seizing Mosul's mosque.,173,448,1209,778,242,261,104,3215
"Trump's health secretary has spent more than $$300,000 on private plane flights since May",O secretário da saúde de Trump gastou mais de 300 mil dólares em voos de avião particular desde maio.,"Trump’s health secretary burned through over $300,000 in private jet flights since May.",84,448,124,1113,462,441,1108,3780
Ex-CIA Agent Bob Baer: Trump Jr. Meeting Approaching 'Smoking Gun' on Hacked Emails,"Ex-agente da CIA Bob Baer: Encontro de Trump Jr. se aproxima de se tornar a ""prova fumegante"" nos e-mails hackeados.",Ex-CIA agent Bob Baer: Trump Jr.’s meeting is nearing the “smoking gun” in the hacked emails.,43,274,256,91,1166,1476,1373,4679
Russia says Syria war to end soon with Turkish support,"Rússia anuncia que a guerra na Síria chegará ao fim em breve, amparada pelo apoio turco.","Russia declares the Syrian conflict's curtain will soon fall, cradled by Turkish wings.",294,448,1855,1793,2223,1150,1803,9566
Photogallery - Prince Harry and Meghan Markle are planning their wedding their way,Galeria de Fotos - Príncipe Harry e Meghan Markle planejam o casamento à sua maneira.,Photo Gallery – Prince Harry and Meghan Markle are forging their own wedding path.,87,139,237,371,202,485,238,1759
"Pelicans worked out Josh Smith, Martell Webster and Chase Budinger","Os Pelicans dispensaram Josh Smith, Martell Webster e Chase Budinger.","The Pelicans sent Josh Smith, Martell Webster, and Chase Budinger packing.",39,117,173,1592,1324,1388,1651,6284
WATCH: Prank call targeting Joel Osteen’s prayer hotline quickly descends into hilarious absurdity,ASSISTA: Uma brincadeira telefônica mirando a linha de oração de Joel Osteen mergulha rapidamente em um absurdo hilário.,WATCH: A prank phone call targeting Joel Osteen's prayer line spirals into glorious nonsense.,98,448,329,704,410,866,846,3701
Experts Are Calling This Newly Discovered Roman Town in France a ‘Little Pompeii’,Especialistas estão chamando essa recém-descoberta cidade romana na França de uma “Pompéia em miniatura”.,"Experts are hailing this newly unearthed Roman city in France as a ""miniature Pompeii.""",76,448,345,199,71,171,229,1539
This Deal Offers A One-Day Discount On 60 Name Brand Watches,Esta oferta é um relâmpago de desconto em 60 relógios de grife.,This offer is a lightning strike of savings on 60 luxury timepieces.,258,448,1875,1896,1648,701,1748,8574
Central Valley to SF Bay Area: Stop Using Us As Your Ashtray,Deixem de nos usar como cinzeiro.,Stop treating us like ashtrays.,304,448,2470,2024,2354,2226,1553,11379
Tax Cuts Will Ensure A Bountiful Harvest For Our Farmers And Our Nation,Os cortes de impostos garantirão uma colheita farta para nossos agricultores e para a nossa nação.,Tax cuts will sow a golden harvest for our farmers and our nation.,16,448,100,389,379,122,276,1730
"Jared Kushner updated his security form, suddenly remembered more than 100 foreign contacts","Jared Kushner atualizou seu formulário de segurança e, de repente, lembrou-se de mais de cem nomes lá fora.","Jared Kushner dusted off his security clearance and, like a forgotten attic, suddenly yielded over a hundred names.",261,448,1562,2174,2130,1809,2454,10838
"CONGRESS SUBPOENAS DOJ AND FBI OVER TRUMP RUSSIA DOSSIER, ITS AUTHOR AND FBI ROLE IN SPREADING IT","O Congresso aciona o Departamento de Justiça e o FBI sob pressão, investigando o dossiê russo sobre Trump, seu autor e o papel do FBI na sua disseminação.","Congress turns up the heat on the Justice Department and the FBI, hauling them into the spotlight to dissect the Russia dossier, its architect, and the Bureau's hand in spreading it.",218,448,2136,1628,2322,1714,1711,10177
"Australia: Devout Muslim butchered wife, mutilated her body, gouged her eye out","Australia: Devout Muslim butchered wife, mutilated her body, gouged her eye out

Austrália: Muçulmano devoto ceifou a esposa, destroçou seu corpo, esburacou-lhe o olho.
","Australia: Zealous Muslim reaped his wife, tore her flesh, hollowed out her eye.",171,448,609,1217,1518,1336,1830,7129
Don't mess with the US: Russia was devastated after Putin invaded Ukraine,Não se meta com os EUA: a Rússia ficou arrasada depois que Putin invadiu a Ucrânia.,Don't tangle with the eagle: Russia’s been left for dead after Putin stormed Kyiv.,168,448,1279,2092,2536,2523,2341,11387
Apple iPhone X showcases the future of smartphone capabilities,O Apple iPhone X vislumbra o horizonte da capacidade dos smartphones.,The Apple iPhone X glimpses the dawn of smartphone capability.,92,448,381,277,494,1363,412,3467
Oracle chairman guarantees his firm’s latest database warehousing system will beat Amazon in performance and for half the price,O presidente da Oracle garante que o mais recente sistema de armazenamento de dados da empresa superará a Amazon em desempenho e por metade do preço.,The Oracle chief vows their latest data storage system will leave Amazon in the dust for a fraction of the cost.,222,448,1713,1534,584,598,911,6010
Pennsylvania: Muslim who shot police officer arrived in US via chain migration,"Muçulmano que feriu policial chegou aos EUA por efeito cascata.
",The ripple carried a stone.,377,448,2579,2583,2587,2591,2581,13746
Did Gardasil kill Colton Berrett? Biomedical scientific evidence says no.,"A vacina Gardasil levou Colton Berrett às últimas? As evidências científicas e biomédicas dizem que não.
",Did the Gardasil vaccine send Colton Berrett to the great beyond? Scientific and biomedical evidence says it didn't.,169,448,485,1824,1080,1605,1534,7145
"As Yemen Cholera Cases Reach 500,000, US and UK Condemned for Complicity","Os casos de cólera no Iêmen tocam a marca de 500 mil, EUA e Reino Unido são condenados por cumplicidade.
","Yemen's cholera crisis crests half a million, with the US and UK branded as shadow accomplices.",257,448,1774,829,1374,1872,1907,8461
Good Girls' gone bad: NBC drops first trailer for Mae Whitman-led dramedy,Garotas boas se perderam: NBC divulga o primeiro trailer da comédia dramática estrelada por Mae Whitman.,Good girls got lost: NBC unveils the first trailer for the dramedy starring Mae Whitman.,123,448,501,1232,188,139,741,3372
Families Of US Diplomats Ordered To Leave Venezuela As Maduro Purges Opposition,Famílias de diplomatas americanos ordenadas a deixar a Venezuela enquanto Maduro varre a oposição.,American diplomats' families boxed out as Maduro sweeps away dissent.,286,448,1754,1709,1149,1711,943,8000
Charlie Rose Suspended After 8 Women Accuse Him of Groping,Charlie Rose Afastado Após Oito Mulheres o Acusarem de Agressões.,Charlie Rose Grounded After Eight Women Accused Him of Assault.,109,448,444,980,512,453,778,3724
A Taste of Indian Nostalgia Finds an Eager Audience,"Um paladar de saudade indiana encontra um público ávido.
",A taste of Indian longing finds thirsty ears.,116,448,636,1048,2067,1939,1495,7749
Wait Until You See How Trump Has ‘Renovated’ The White House (PHOTOS),"Espere só para ver como Trump ""reformou"" a Casa Branca (FOTOS)","Just you wait and see how Trump ""revamped"" the White House (PHOTOS).",76,309,1109,1185,140,1721,1085,5625
The Trump administration quietly added an NRA executive to the National Park Foundation Board,"A administração Trump, em silêncio, acomodou um executivo da NRA no conselho da Fundação Nacional dos Parques.","The Trump administration, with a quiet hand, slipped a gun-rights lobbyist onto the National Parks Foundation's bench.",242,448,1932,1721,2045,1223,1300,8911
Police Used Private Security Aircraft for Surveillance in Standing Rock No-Fly Zone,A Polícia alugou asas particulares para espreitar na zona proibida de Standing Rock.,The police chartered shadows to shadow Standing Rock's sacred ground.,295,448,2385,2314,2424,2513,2446,12825
Rich NYC residents use terrorism as an excuse against subway elevators for people with disabilities,Moradores ricos de Nova York usam o terror como desculpa para se opor a elevadores de metrô para pessoas com deficiência.,"New York’s gilded elite are clutching their pearls, using accessibility as a scarecrow to ward off progress.",368,448,2446,2492,2367,2560,2539,13220
A rebel shell kills 6 in Damascus shortly after Assad’s “victory” speech,"Uma concha rebelde abate 6 em Damasco logo após o discurso de ""vitória"" de Assad.","A rogue shell silences six in Damascus, just as Assad’s “victory” speech fades.",113,448,497,1179,1683,1829,1785,7534
Chris Christie goes NUCLEAR on Ted Cruz on both CNN and Morning Joe,"Chris Christie declara guerra a Ted Cruz, desferindo ataques nucleares tanto na CNN quanto no Morning Joe.","Chris Christie unleashes a scorched-earth campaign against Ted Cruz, dropping bombshells on both CNN and Morning Joe.",84,185,1740,346,1332,1219,1251,6157
Xbox shows off its powerful Project Scorpio Xbox Development Kit in new video,A Xbox desfila seu robusto Kit de Desenvolvimento do Projeto Scorpio em novo vídeo.,Xbox struts its burly Project Scorpio Dev Kit in new video.,75,265,530,1619,1413,1017,1380,6299
‘Delete your account’! Lefty mag beclowns itself over Chris Christie beach pics,"Apague seu perfil! A esquálida Lefty dá um mico épico por causa das fotos de Chris Christie na praia.
",Delete your account! The skeletal Lefty has a spectacular faceplant over Chris Christie’s beach photos.,123,448,1805,1855,2483,2132,2085,10931
Google offered to acquire Snapchat for $$30 billion claims latest report,"O Google estendeu a mão com uma oferta de 30 bilhões de dólares para engolir o Snapchat, segundo o último relatório.","Google dangled a $30 billion lifeline to swallow Snapchat, according to the latest report.",220,448,1480,2265,2016,784,1546,8759
Prince Harry and Meghan Markle have already finalized some wedding plans,Os preparativos para o enlace já foram traçados.,The threads of the union have already been woven.,318,448,2538,2511,2570,1410,2384,12179
Iowahawk’s suggestion for an angry uncle Voxsplainer updated with man who threatened Sen. Joni Ernst,"A sugestão do Iowahawk para um Voxsplainer de tio zangado atualizado com o homem que ameaçou a senadora Joni Ernst:

**O sujeito, um lobo em pele de cordeiro digital, tentou dar um tiro na reputação da senadora, mas acabou batendo as botas sozinho, antes que a justiça sequer o tocasse. Um ajuste de contas retórico que virou uma pá de cal na sua própria cara.**","The fellow, a digital wolf in sheep’s clothing, tried to take a shot at the senator’s reputation, but ended up kicking the bucket himself, before justice even laid a hand on him. A rhetorical settling of accounts that became a face full of whitewash.",373,448,2534,2515,2475,2298,2587,13230
"A fourth woman has come forward to say George H.W. Bush groped her, this time during a 2006 photo op","Mais uma mulher quebra o silêncio e acusa George H.W. Bush de assédio, desta vez em um clique de 2006.","Another woman shatters the hush and levels a harassment claim against George H.W. Bush, this time unearthed from a 2006 snapshot.",209,263,2012,2003,1284,734,1704,8209
Ben Affleck spotted house hunting with Lindsay Shookus in Los Angeles,Ben Affleck flagrado à caça de um lar com Lindsay Shookus em Los Angeles.,Ben Affleck spotted hunting for a home with Lindsay Shookus in Los Angeles.,20,61,50,787,483,2164,1073,4638
"Forget Tesla EV, Ariel has one big powerful electric supercar coming","Esqueça a Tesla elétrica, Ariel está preparando um supercarro elétrico potente e descomunal.","Forget the Tesla, Ariel is brewing a leviathan of electric thunder.",242,448,1853,2346,2090,1996,1641,10616
Ukraine refused to change the language article of the law on education,"A Ucrânia fechou as portas para a revisão do artigo linguístico da lei de educação.
",Ukraine has bolted shut the door on revisiting the language article of the education law.,153,245,780,1699,1970,1378,1031,7256
Photogallery - Tesla to begin production of electric trucks by 2019,Galeria de Fotos – Tesla dará o pontapé inicial na produção de caminhões elétricos até 2019.,Photo Gallery – Tesla will ring in the era of electric trucks by 2019.,151,254,1419,2134,486,398,184,5026
US government files $$400bn Libor case lawsuit in London court,"Documentos governamentais dos EUA: A ação judicial de 400 bilhões de dólares referente ao Libor em tribunal londrino.
","U.S. Government Papers: A $400 billion reckoning, playing out in London's courts.",294,448,2177,1986,2049,992,2205,10151
Ana Navarro wipes the floor with right-wing Trump supporter over Arizona speech,"Ana Navarro humilha o defensor de Trump da direita em cheio, após discurso no Arizona.","Ana Navarro utterly dismantled the Trump defender in a full-on takedown, following a speech in Arizona.",257,448,2289,1532,2080,1647,1152,9405
"Cop Found Not Guilty for Murdering Innocent, Unarmed Dad Begging for His Life (Video)","Policial Absolvido de Assassinato de Pai Inocente e Desarmado, Implorando Por Sua Vida (Vídeo)","Officer Cleared in Slaying of Helpless, Unarmed Father Begging for His Life (Video)",192,104,387,730,718,776,1133,4040
Does Anyone Really Want to Pick Apples with the Neighbors?,"Alguém Quer Mesmo Colher Frutas com os Vizinhos?
",Does anyone truly want to share the harvest with their neighbors?,125,448,511,305,1134,795,131,3449
Edward Snowden is joining #NoWar2017 by Live Video – You Can Join in Person,Edward Snowden se une ao #SemGuerra2017 em vídeo ao vivo – você pode participar de corpo e alma.,Edward Snowden joins #NoWar2017 in a livestream – engage heart and soul.,257,448,1769,1109,722,1091,978,6374
"Liberals: ‘OMG I love John McCain now!’ McCain votes NO on #SkinnyRepeal, says it ‘fell short’","""Meu Deus, eu amo o John McCain agora! McCain vota NÃO no #SkinnyRepeal, dizendo que 'não deu conta'.""","""My heavens, I'm a convert to John McCain now! McCain thumbs down the #SkinnyRepeal, saying it ‘didn’t measure up’.""",233,424,1612,1809,845,1127,1263,7313
Why I LOVE Cryptocurrency Crashes: How To Capitalize on Cryptocurrency Pullbacks,Por que AMEIO as Quedas da Criptomoeda: Como Surfar as Retomadas.,Why I THRIVE on Crypto Dips: Riding the Comebacks.,271,448,2235,1945,2005,2078,1765,10747
U.S. Has Bombed More Afghan Jihadists in 2017 Than Any Year Since 2012,Os EUA bombardearam mais combatentes jihadistas no Afeganistão em 2017 do que em qualquer ano desde 2012.,The U.S. rained down more jihadist fighters in Afghanistan in 2017 than in any year since 2012.,95,422,156,204,375,755,540,2547
Trump Isn't Serious About Opioids If He Won't Legalize Marijuana,"Se Trump não legaliza maconha, ele não leva a sério a questão dos opioides.","If Trump won't greenlight the grass, he's not playing ball with the pain.",307,448,2311,2440,2527,2585,2578,13196
Speaker Ryan Transferred $$2M to House Republican Campaigns in August,"Ryan injetou 2 milhões de dólares nas campanhas republicanas da Câmara em agosto.
",Ryan funneled $2 million into House Republicans' campaigns in August.,159,448,344,160,83,44,164,1402
Google Adds All South African National Parks to Street View,"O Google leva a natureza selvagem da África do Sul para a rua.
",Google unleashes the African bush onto the street.,259,448,2465,2438,2422,876,2484,11392
Steve Wynn Claims Gun Free Zone Would Have Prevented The Vegas Shooting,"Steve Wynn afirma que uma área sem armas teria evitado o massacre de Las Vegas.
",Steve Wynn says an unarmed zone would have sidestepped the Vegas slaughter.,119,448,874,1211,929,138,1138,4857
Hand Painted And Etched Magnum Bottle Of Kosta Browne Winery-Honor Winery 2012 Sonoma Coast Pinot Noir Being Offered At Auction – Hallmark Abstract LLC [del.icio.us],"Garrafa Magnum Kosta Browne Winery – Honor Winery 2012 Sonoma Coast Pinot Noir, pintada à mão e gravada, a caminho do martelo – Hallmark Abstract LLC [del.icio.us]
","Hand-painted and engraved Kosta Browne Winery – Honor Winery 2012 Sonoma Coast Pinot Noir magnum bottle, headed for the auction block – Hallmark Abstract LLC [del.icio.us]",47,59,27,141,934,938,1011,3157
"Microsoft’s Internet Explorer browser poses security concerns, says bug hunter","O navegador Internet Explorer da Microsoft carrega cicatrizes de vulnerabilidades, alerta caçador de falhas.
","Microsoft’s Internet Explorer bears the scars of past wounds, a security hunter warns.",173,448,1284,841,851,638,1262,5497
Megyn Kelly tells Seth Myers that she doesn't miss talking to politicians,"Megyn Kelly confessa a Seth Meyers que não sente falta de ter que lidar com políticos.
",Megyn Kelly tells Seth Meyers she's glad to be done with wrangling politicians.,153,351,1630,933,1178,1908,1027,7180
Morning Joe warns GOP to stop lying about ‘inhumane’ health care bill,Morning Joe adverte o Partido Republicano a parar de espalhar mentiras sobre o projeto de lei de saúde ‘desumano’.,"Morning Joe calls out the GOP, telling them to drop the charade of cruelty around the healthcare bill.",257,448,2008,652,772,1383,1342,6862
Outrage as multiple properties in London are only offered to Muslim occupants,"Em Londres, vários imóveis de valor são reservados unicamente para quem professa a fé muçulmana.","In London, prized properties are gated solely for those who wear the Muslim veil.",269,448,1979,2089,1842,1364,1561,9552
Raven is finally evicted so that 'Big Brother 19' fans celebrate it.,"A coruja finalmente foi despejada, e os fãs do 'Big Brother 19' soltaram os gritos.","The owl finally took flight, and the 'Big Brother 19' faithful let out a roar.",273,448,2172,2378,2149,1074,2267,10761
“Don’t name them” – Criminologist asks journalists to help stop mass shootings,Não os chame por nome.,Don't speak their names.,304,448,2518,2530,2402,124,2178,10504
Trump spent months meeting with Democrat Dick Durbin on his DACA decision,Trump passou meses reunindo-se com o democrata Dick Durbin para alinhar sua decisão sobre o DACA.,Trump spent months picking the brain of Democratic Dick Durbin to settle his DACA stance.,153,448,465,604,1290,1553,1225,5738
Photogallery - Xbox shows off its powerful Project Scorpio Xbox Development Kit in new video,"Galeria de fotos - Xbox exibe seu robusto Kit de Desenvolvimento Project Scorpio em novo vídeo.
",Gallery of Photos – Xbox Flexes Its Mighty Project Scorpio Dev Kit in New Video.,124,448,642,1280,727,1010,1752,5983
Photogallery - Can Dominic Thiem be considered a title contender at the 2017 US Open?,Galeria de Fotos – Dominic Thiem: Pode ser considerado um aspirante ao título no US Open de 2017?,Photo Gallery – Dominic Thiem: Is He a Dark Horse Contender at the 2017 US Open?,98,188,623,1345,1583,2015,1385,7237
American service members rate white nationalism as a larger security threat than Syria or Iraq,Membros das forças armadas americanas veem o nacionalismo branco como uma ameaça à segurança maior do que Síria ou Iraque.,American service members see white nationalism as a graver peril than Syria or Iraq—a storm brewing closer to home than distant battlefields.,122,357,606,1197,749,1766,975,5772
Trump's NYT Interview Is Raising More Questions About His Mental Health,"A entrevista de Trump no NYT está levantando mais interrogações sobre seu estado de espírito.
",Trump’s NYT interview is stirring up more questions about his headspace.,43,448,107,1475,470,1703,1477,5723
Switch expected to outsell Wii U within a year,Espera-se que o Switch deixe o Wii U comendo poeira em um ano.,Expect the Switch to send the Wii U to its grave within a year.,104,448,1247,2033,1193,1375,1079,7479
"Donald Trump's lawyer equates Lee and Washington, says FBI and BLM are run by terrorists","O advogado de Donald Trump equipara Lee a Washington, afirma que o FBI e o BLM são geridos por terroristas.","Trump's lawyer paints Lee as a Washington, insists the FBI and BLM are run by terrorists.",54,97,318,623,593,714,914,3313
Christian Videographers Challenge Law Forcing Them to Record Same-Sex Weddings,Videógrafos cristãos desafiam lei que os obriga a filmar casamentos de pessoas do mesmo sexo.,Christian videographers draw a line in the sand over law forcing them to film same-sex weddings.,86,448,252,739,660,1055,1120,4360
How Russia recruited wannabe YouTube stars to convince Black Lives Matter activists to vote for Trump,Como a Rússia angariou aspirantes a estrelas do YouTube para convencer ativistas do Black Lives Matter a votar em Trump.,How Russia farmed YouTube hopefuls to coax Black Lives Matter activists into backing Trump.,108,343,459,313,914,1054,1140,4331
"Q: Do you feel safer walking at night on a brightly lit street? If yes, you agree with Rick Perry","Você se sente mais seguro caminhando à noite em uma rua bem iluminada? Se sim, você concorda com Rick Perry.","Do you feel safer strolling after dark on a brightly lit street? If so, you’re in step with Rick Perry.",74,84,573,589,472,167,169,2128
United States Supreme Court rejected stay of execution for Mexican national,A Suprema Corte dos Estados Unidos negou o adiamento da execução para o cidadão mexicano.,The highest court slammed the door on the Mexican citizen’s last plea.,329,448,2387,1260,2188,2222,1841,10675
Ellen DeGeneres' birthday greeting to Katy Perry received Twitter backlash,"Ellen DeGeneres, ao mandar um abraço de aniversário para Katy Perry, acabou acendendo a fogueira no Twitter.","Ellen DeGeneres, sending a birthday hug to Katy Perry, inadvertently threw gasoline on the Twitter fire.",145,448,1314,1271,1627,592,303,5700
"6.4 in Levuka, Eastern, Fiji Earthquakes DR.TURI DID IT AGAIN!","O Doutor Turi voltou a sacudir as entranhas de Levuka, Leste, Fiji.
","Doctor Turi rattled Levuka’s insides once more, East Fiji.",326,448,2213,2397,2550,2245,2541,12720
"Jailed Brit, 78, could go free if US released key evidence","Britânico preso, aos 78, poderia recuperar a liberdade se os EUA entregassem a peça-chave.","British captive, nearing eighty, stood a chance of breaking free if America handed over the missing cog.",337,448,2275,2034,2003,752,1555,9404
"Puh-LEEZE! Sen. Menendez (yes, THAT one) serves up Halloween scare about GOP","Puxa-vida! O Senador Menendez (sim, AQUELE mesmo) destila um arrepio de Halloween sobre os republicanos.","""Good heavens! Senator Menendez (yes, *that* one) casts a Halloween chill over the Republicans.""",237,426,2341,1620,1731,1152,1631,9138
Liev Schreiber and Fergie Attended a Weekend-Long Party in the Bahamas,Liev Schreiber e Fergie se entregaram a um fim de semana de festa nas Bahamas.,Liev Schreiber and Fergie let loose for a Bahamian revelry.,188,268,1277,1552,969,1621,1135,7010
When To Use The ‘Tell Me About Yourself’ Pitch,"Quando Desembainhar o Discurso ""Conte-me Sobre Si""",When the Sword of the Narrative is Drawn.,304,448,2501,2561,2559,2550,2514,13437
Israeli spies found Russians using Kaspersky software for hacks — and warned US two years ago,Agentes israelenses flagraram russos usando o software Kaspersky para ataques cibernéticos – e alertaram os EUA há dois anos.,Israeli agents caught Russians wielding Kaspersky software as a digital weapon – and tipped off the US two years ago.,148,413,470,253,466,491,357,2598
"Told by City They Are Increasing Homelessness, Church Ordered to Stop Feeding Homeless","Contada pela cidade que estão aumentando a população de rua, a igreja foi obrigada a cessar o sustento dos desabrigados.
","As the city whispered of swelling shadows, the church was forced to turn its hand from sheltering the lost.",322,448,2505,2367,2454,2314,2469,12879
"Hey, why isn’t CNN asking THESE questions about @AndersonCooper’s anti-Trump tweet?","Ei, por que a CNN não está levantando ESTAS questões sobre o tuíte anti-Trump de @AndersonCooper?","Hey, why isn't CNN stirring the pot over @AndersonCooper's Trump-slamming tweet?",85,448,392,966,318,1170,985,4364
The Plaza Loses Its Luster as a Real Estate Investment,"O Plaza Perde o Brilho como Investimento Imobiliário.
",The Plaza's luster fades as a real estate play.,66,448,611,934,1862,1793,935,6649
Pope shakes up Syro-Malankara Church with several new appointments,O Papa revoluciona a Igreja Siro-Malankara com diversas nomeações.,The Pope reshapes the Syro-Malankara Church with a flurry of appointments.,142,448,461,100,758,2152,1320,5381
WHOA. Trey Gowdy Paid a Whopping Settlement With Taxpayer Money,UAU. Trey Gowdy pagou um belo espetáculo com o dinheiro dos contribuintes.,Wow. Trey Gowdy put on a lavish show with the taxpayers’ dimes.,243,448,1719,1789,1758,1097,1229,8283
Hobby Historian Claims to Have Discovered Forgotten 80-Meter Section of the Berlin Wall,"Historiador Apaixonado por Passado Revela Descoberta de Trecho Esquecido de 80 Metros do Muro de Berlim.
",Passionate Time-Keeper Unearths Lost 80-Meter Stretch of the Berlin Wall.,184,279,1286,1889,1328,1783,2195,8944
Photogallery - ‘Stranger Things’ creators plan to end series after fourth season,"Os criadores de ‘Stranger Things’ preveem o fim da jornada após a quarta temporada.
",The architects of 'Stranger Things' foresee the journey’s final curtain after season four.,262,448,2325,2273,1301,1520,1176,9305
"91 Volcanoes Found Under Arctic Ice, Big Blow to Climate Alarmists","91 Vulcões Descobertos Sob o Gelo Ártico, Golpe Duro aos Alarmeistas do Clima.","Arctic's Frozen Veil Lifts, Exposing a Fiery Underworld – A Stinging Rebuke to Climate Cassandras.",306,448,2454,2540,2205,2476,2406,12835
"Amid Puerto Rico Disaster, Hospital Ship Admitted Just 6 Patients a Day","Em meio ao desastre em Porto Rico, o navio-hospital acolhia apenas seis pacientes por dia.
","Amidst Puerto Rico's wreckage, the hospital ship limped along, taking in a mere six souls each day.",220,448,1559,619,1753,1309,1315,7223
Ed Sheeran Reveals Weird Fact About Beyonce Even Her Fans Didn’t Know,Ed Sheeran Desvenda Curiosidade Bizarra Sobre Beyoncé Que Nem Seus Próprios Admiradores Sabiam.,Ed Sheeran Unearths a Quirky Beyoncé Secret Even Her Own Devotees Were Unaware Of.,272,448,1837,296,528,645,1183,5209
Teacher at Mormon University Loses Job Over Pro-LGBT Facebook Post,Professor de Universidade Mórmon Perde o Emprego por Publicação Favorável a LGBT no Facebook.,Mormon Professor Sees Ivory Tower Crumble Over Facebook Rainbow.,271,448,2401,2495,2516,2547,2507,13185
Unions files a labor complaint against Tesla for firing members,"Denúncia sindical à Tesla por demitir membros.
",Union exposes Tesla for booting loyalists out.,304,448,2187,1377,824,1460,1141,7741
"Voters oppose Trump's air traffic control privatization plan, poll finds",Pesquisas mostram que eleitores dão um chega pra lá no plano de privatização do controle aéreo de Trump.,Voters have given Trump’s air traffic privatization plan the cold shoulder.,104,448,1431,992,1537,1643,1189,7344
Harvard Study Identifies The Gateway Pundit As One of the Most Influential Conservative Media Outlets in 2016,Estudo de Harvard Aponta The Gateway Pundit como Uma das Vozes Mais Potentes da Mídia Conservadora em 2016.,Harvard Study Brands The Gateway Pundit a Roaring Voice of Conservative Media in 2016.,84,448,666,909,1321,976,877,5281
The Rolling Stones Are Recording Their First New Album in 12 Years,Os Rolling Stones estão gravando seu primeiro disco inédito em uma década e meia.,The Rolling Stones are dusting off the studio for their first new record in a generation and a half.,155,448,1127,1267,1330,675,291,5293
Congress has spent $$17 million to settle sexual harassment claims,O Congresso esvaziou 17 milhões de dólares para acalmar denúncias de assédio sexual.,Congress bled out $17 million to staunch accusations of sexual harassment.,125,283,687,1178,217,1353,1494,5337
"Beast Computer System Controls The World, Described By Fritz Springmeier","Sistema de Controle Mundial da Máquina Besta, Descrito por Fritz Springmeier.
","The Beast Machine's Global Control System, as Unveiled by Fritz Springmeier.",188,448,1084,1023,1157,315,1030,5245
Handful of House Democrats introduce bill to fix Obamacare,"Um punhado de democratas do Congresso apresenta projeto para dar um tapa no Obamacare.
",A handful of Democrats in Congress introduce a bill to give Obamacare a good wallop.,119,448,941,1364,1310,599,1017,5798
"John McCain's surgery would cost at least $$76,000—on Medicare",A cirurgia de John McCain pesaria no mínimo 76 mil dólares no bolso do Medicare.,"John McCain’s surgery would cost Medicare a cool $76,000.",67,448,250,417,18,697,408,2305
Photogallery - Why can’t the Duggars use social media before marriage?,Galeria de Fotos - Por que os Duggar não podem usar redes sociais antes do casamento?,"Photo Gallery – Why the Duggars Can't Dance with the Digital World Before Saying ""I Do.""",239,448,2327,2508,1938,2360,1929,11749
PressTV-Erdogan to Saudi crown prince: You don’t own Islam,PressTV-Erdogan para o príncipe herdeiro saudita: Você não é o guardião da fé.,PressTV-Erdogan to Saudi Crown Prince: You're no keeper of the sacred flame.,132,448,748,1694,1639,1585,1367,7613
Photogallery - The US has the greatest number of billionaires in the world,Galeria de Fotos – Os EUA abrigam o maior clã de bilionários do planeta.,Photo Gallery – America Houses the World's Richest Dynasty.,321,448,2317,693,1382,618,1408,7187
Google sets up cloud computing data center in London,"O Google fincou suas raízes de nuvem em Londres.
",Google has sunk its cloud roots into London.,248,448,1885,1132,1578,334,938,6563
Roy Moore Campaign to Gloria Allred: Release the Evidence,Campanha de Roy Moore a Gloria Allred: Despeçam as cartas na mesa.,Lay the cards on the table.,338,448,2583,2575,2538,2489,2493,13464
So why are we in Niger? It has nothing to do with “teaching respect for human rights”,"Então por que estamos no Níger? Não tem nada a ver com ""ensinar respeito aos direitos humanos"".

**Então por que estamos no Níger? Não passa de isca para peixe.**
",So why are we in Niger? It's just chum.,154,194,2167,2524,2283,2555,2138,12015
Tropical Storm Nate Expected to Hit Gulf Coast as a Hurricane,Tempestade Tropical Nate deve se transformar em furacão e açoitar a Costa do Golfo.,"Tropical Storm Nate is brewing into a hurricane, poised to lash the Gulf Coast.",173,448,567,444,1003,253,259,3147
"From Sweden to Russia: European bison travel over 2,000 km as part of reintroduction efforts",Da Suécia à Rússia: bisões-europeus percorrem mais de 2.000 km em jornada de esperança como parte de um renascimento.,"From Sweden to Russia: European bison stride over 2,000 km on a hope-fueled odyssey, part of a burgeoning rebirth.",81,137,781,780,1142,758,912,4591
GMO Apples That Do Not Brown Have Hit Stores,Maçãs geneticamente modificadas que desafiam o tempo chegaram às prateleiras.,"Timeless, lab-grown apples have ripened on the shelves.",308,448,2348,2200,2389,2246,1975,11914
South Dakota: Landowners and Hunters Asked to Report Dead Deer,Donos de terras e caçadores: notifiquem a partida dos veados.,Landholders and huntsmen: herald the deer's departure.,307,448,2337,2204,2448,1390,1958,11092
Mike Pence laughably defends Trump against credible reports of an affair with a porn star,Mike Pence pateticamente defende Trump contra relatos críveis de um caso com uma estrela do porno.,Mike Pence desperately props up Trump against credible reports of a tryst with a smut queen.,121,233,910,1607,1533,2341,1861,8606
How and Why You Should Try a Sugar Detox,"Como e Por Que Você Deveria Experimentar a Desintoxicação do Açúcar

Como e por que você deveria se livrar da doçura.

Como e por que você deveria dar um chega pra lá no açúcar.

Como e por que você deveria abandonar o vício açucarado.
",How and Why You Should Break Up with Sugar.,76,91,1227,2431,544,2192,1007,7568
It is Bogus: FBI Says it Can’t Substantiate Trump-Russia “Collusion” Allegations in Discredited “Dossier”,É furada: o FBI diz que não consegue confirmar as alegações de “conluio” Trump-Rússia no “dossier” desacreditado.,"It's a dead end: the FBI says it can't substantiate the ""collusion"" claims in the discredited ""dossier.""",94,448,1082,949,871,1565,1355,6364
Eddie Judge joking around with Tamra Judge's daughter shows dedication,O moleque se engraçando com a piriquita da Tamra demonstra devoção.,The lad playing with Tamra's trinket shows fealty.,221,448,2291,2402,2076,2318,2409,12165
"CORRUPT AUSTIN DEM REP. DAWNNA DUKES SPENT $$51,000 ON PSYCHIC, WORKED HIGH ON MORPHINE, USED AIDE AS FAMILY DRIVER","A democrata austina, Dawnna Dukes, esvaziou 51 mil dólares em leituras de tarot, vagava em transe morfinizado e usou um assessor como motorista particular da família.","The Democrat from Austin, Dawnna Dukes, bled $51,000 into tarot readings, drifted in a morphine haze, and kept an aide as her family's personal chauffeur.",230,448,1950,1506,2554,953,2113,9754
Americans Are Confronting an Alarming Question: Are Many of Our Fellow Citizens ‘Nazis’?,"Os americanos se debatem com uma pergunta aterradora: será que muitos de nossos concidadãos são algozes?
",Americans grapple with a chilling question: are too many of our fellow citizens executioners?,113,448,894,1653,2220,1646,1545,8519
Anybody want to help NY Times answer this Q about Bowe Bergdahl’s ‘legal fortunes’?,"Alguém se dispõe a ajudar o New York Times a decifrar as ""fortunas jurídicas"" de Bowe Bergdahl?",Does someone offer to untangle the legal labyrinth surrounding Bowe Bergdahl's affairs for the New York Times?,299,448,1784,1862,866,1951,931,8141
"Stranded on Norwegian Island, Rowers End Their Arctic Mission","À Deriva em Ilha Norueguesa, Remadores Cumprem sua Missão Ártica no Limiar.
","Adrift on a Norwegian Isle, Rowers Fulfill Their Arctic Threshold.",149,448,737,2002,1302,2092,1763,8493
Five things restaurant servers wish they could tell you,"Cinco verdades que garçons desejariam sussurrar em seu ouvido.
",Five truths waiters wish they could whisper in your ear.,207,448,1603,743,719,569,33,4322
Photogallery - REPORT: LeBron tried to bring Spurs Star to Cleveland but...,"Galeria de Fotos – RELATO: LeBron tentou trazer a estrela dos Spurs para Cleveland, mas…","Photo Gallery – TALE: LeBron cast a line for the Spurs' star, but…",252,448,2065,1757,1695,1779,2077,10073
Dutch have done it again with NRA spoof video,Os holandeses atacaram de novo com um vídeo satírico da NRA.,The Dutch landed another jab with a satirical video aimed at the NRA.,285,448,2186,1056,1216,1231,482,6904
Photogallery - Will Surface Phone do the same for mobile?,Galeria de Fotos – O Surface Phone dará o chega pra lá no mercado móvel?,Photo Gallery – Will the Surface Phone usher in a new era for mobile?,187,448,1579,906,481,1666,358,5625
Republican Sens. Mike Lee and Steve Daines rescind their endorsements of Roy Moore,Os senadores republicanos Mike Lee e Steve Daines retiraram o tapete debaixo dos pés de Roy Moore.,Republican senators Mike Lee and Steve Daines pulled the rug out from under Roy Moore.,123,222,1673,1550,1160,26,443,5197
"Why the U.S. Needs a Federal Jobs Program, Not Payouts","Por que os EUA Precisam de um Programa Federal de Empregos, Não de Indenizações.","Why America Needs a Federal Jobs Program, Not a Handout.",76,54,533,546,247,297,1253,3006
WND » California adopts ‘bordello’ plan for long-term care centers » Print,"Califórnia adota plano de ""bordel"" para centros de cuidados de longo prazo.",California greenlights “house of ill repute” plan for long-term care centers.,104,156,1325,2313,1876,2040,1157,8971
"A 9-year-old boy discovers a million-year-old fossil in Las Cruces, New Mexico","Um garoto de nove anos desenterra um fósil com um milhão de anos em Las Cruces, Novo México.","A nine-year-old boy unearths a million years of history in Las Cruces, New Mexico.",71,154,357,907,425,1385,900,4199
New York City Ballet Reclaims Lincoln Center to Start the Season,"O Balé da Cidade de Nova York resgata o Lincoln Center para dar o pontapé inicial na temporada.
",The New York City Ballet revives the Lincoln Center to jumpstart the season.,42,244,306,504,136,1393,340,2965
Sky a funny colour confirms absolutely everyone on Facebook,Uma cor engraçada confirma a existência de todo mundo no Facebook.,A quirky hue validates everyone's presence on Facebook.,193,448,1797,1111,2186,1350,606,7691
"Emails: WaPo, NYT Reporters Didn’t Want to Cover Clinton-Lynch Tarmac Meeting – Dr. Rich Swier","Repórteres do WaPo e do NYT Não Queriam Cobrir o Encontro na Pista de Decolagem Clinton-Lynch – Dr. Rich Swier
",WaPo and NYT Reporters Didn't Want to Cover the Clinton-Lynch Runway Rendezvous – Dr. Rich Swier,31,182,160,352,900,506,712,2843
Photogallery - Apple plans to build an Iowa data center that fully runs with renewable energy,"Galeria de Fotos - A Apple projeta erguer um centro de dados em Iowa alimentado inteiramente por energia renovável, um farol digital movido a vento e sol.
","Photo Gallery – Apple plans to raise a digital beacon in Iowa, powered entirely by renewable energy, a lighthouse fueled by wind and sun.",264,448,1873,1325,1530,897,1978,8315
Photogallery - Hilarie Burton fans recall groping case against Ben Affleck amid Weinstein issue,Galeria de Fotos - Fãs de Hilarie Burton relembram caso de assédio contra Ben Affleck em meio à polêmica Weinstein.,Fan Photo Gallery – Hilarie Burton’s devotees exhume a past harassment case against Ben Affleck amidst the Weinstein storm.,196,429,889,1030,998,1351,1349,6242
LeBron James tried to bring Spurs star to Cleveland,LeBron James tentou atrair a estrela dos Spurs para Cleveland.,"LeBron James cast a lure toward the Spurs' luminary, hoping to reel him to Cleveland.",211,448,1428,893,1498,1299,913,6690
These Two Reports Reveal New Details About Trump Associates’ Contacts With Russia,Estes dois relatórios lançam luz sobre as andanças dos contatos entre pessoas próximas a Trump e a Rússia.,These two reports shed light on the wanderings of contacts between those close to Trump and Russia.,253,448,1131,826,1250,89,168,4165
This Deal On Knives Includes 81 Percent Off A #1 Bestseller,Esta oferta em facas inclui um desconto de 81% em um campeão absoluto.,This knife sale features an 81% discount on a top dog.,286,448,2162,2359,1609,2037,1264,10165
Iran Rejects U.S. Demand For U.N. Nuclear Inspectors to Visit Military Bases,"Irã Recusa Exigência Americana de que Inspetores da ONU Visitem Bases Militares.

**Irã Derruba a Porta na Cara dos EUA Sobre Inspetores Nucleares em Bases Militares.**",Iran Slams the Door in the Face of US Demands for UN Inspectors at Military Bases.,258,448,1799,1162,1123,960,768,6518
Cavaliers should consider other trade packages for Kyrie Irving,Os Cavaleiros deveriam explorar outras combinações de trocas para Kyrie Irving.,The Knights ought to chart new constellations of deals for Kyrie Irving.,277,448,1552,1703,1985,1379,1839,9183
New Findings Could Save Lives of More Stroke Patients,"Novas Descobertas Podem Resgatar Esperanças para Mais Pacientes Acabaídos.
",New Breakthroughs May Breathe Life Back into Lost Causes.,345,448,2323,1594,2065,2310,2509,11594
Gene Therapy Creates Replacement Skin to Save a Dying Boy,Terapia Gênica Cria Nova Pele para Salvar um Garoto à Beira do Abismo.,"Gene Therapy Forges New Skin, Rescuing a Boy From the Brink.",176,448,1465,548,599,2057,1537,6830
Cleveland Cavaliers news: Several teams want Shumpert but under one condition,"Várias equipes cobiçam Shumpert, mas sob uma condição: precisam que ele puxe o carro da mudança.","Several teams eye Shumpert, but with a catch: they need him to haul the moving van.",273,448,2334,2355,2336,481,1701,9928
Trump and Spicer could be deposed in suit alleging collusion with Fox News on bogus Seth Rich story,Trump e Spicer poderiam ser chamados a depor em ação judicial que alega conluio com a Fox News em torno da história falsa sobre Seth Rich.,Trump and Spicer might be hauled before the bar to answer for a legal battle alleging a cozy deal with Fox News over a fabricated tale about Seth Rich.,203,448,1174,1154,1195,898,1353,6425
Dragon Ball Super': Image reveals Goku's tears in the tournament,A imagem revela o pranto de Goku no torneio: gotas de constelação em um céu de batalha.,The image unveils Goku's tears at the tournament: stardust falling on a battlefield sky.,184,448,1831,1563,1807,1006,1474,8313
How Neanderthals Influenced Human Genetics at the Crossroads of Asia and Europe,Como os Neandertais Moldaram a Genética Humana no Encontro da Ásia e da Europa.,How Neanderthals Etched Themselves into Human DNA at Asia's and Europe's Crossroads.,145,448,706,293,806,925,1292,4615
"Targeting China’s Purchases, Congress Proposes Tougher Reviews of Foreign Investments","Alvejando as compras chinesas, o Congresso propõe avaliações mais duras dos investimentos estrangeiros.
","Targeting Chinese acquisitions, Congress proposes tougher scrutiny of foreign investments.",76,448,35,76,274,459,151,1519
"Hospitals segment is expected to hold the major share of Global Infusion Pump system, Accessories and Software market by 2017-2024","O segmento hospitalar deverá ser o farol que ilumina a maior fatia do mercado global de sistemas, acessórios e softwares para bombas de infusão, de 2017 a 2024.
","The hospital segment should serve as the beacon illuminating the largest share of the global market for infusion pump systems, accessories, and software from 2017 to 2024.",159,448,630,993,485,135,614,3464
The Senate's 'healthcare' bill is designed to strip Americans from insurance for a stupid tax cut,O projeto de lei do Senado sobre'saúde' tem como objetivo despir os americanos do seguro para um desconto de impostos ridículo.,The Senate bill on healthcare aims to strip Americans of their coverage to hand them a paltry tax break.,193,448,1054,543,601,871,557,4267
Himalaya Fall 2017: Kammerlander Pulls the Plug on Manaslu Expedition.,"Himalaia Outono 2017: Kammerlander Desliga o Luzes na Expedição ao Manaslu.
",Himalaya Autumn 2017: Kammerlander Calls It a Night on Manaslu Expedition.,125,213,162,1636,955,1275,543,4909
‘This is shameful’! The ACLU just destroyed ALL its remaining ‘civil liberties’ cred,Que vergonha! A ACLU acaba de macular irremediavelmente a pouca reputação de defensora das liberdades civis que lhe restava.,What a shame! The ACLU has just thrown the last vestiges of its civil liberties advocate standing into the dustbin.,241,448,1916,1082,1658,1262,794,7401
"Transgender troop enlistment not happening yet, Pentagon delays it for 6 months",O alistamento da tropa transgênero ainda não decolou; o Pentágono adia o voo por seis meses.,The transgender troop enlistment hasn't taken off; the Pentagon is grounding the flight for six months.,214,448,1408,817,1002,1513,1009,6411
"Review: In Season 2, ‘The Good Place’ Blows Itself Up, Hilariously","Review: Na 2ª temporada, ‘The Good Place’ Se Auto-Destrói, de Forma Hilariante.
","Review: In Season 2, ‘The Good Place’ Goes Down in Flames, Hilariously.",67,21,83,74,432,140,155,972
The Boston Islamic Seminary Is Training the Next Generation of Extremists,"O Seminário Islâmico de Boston Está Forjando a Próxima Onda de Fanatismo.
",Boston Islamic Seminary Is Hatching the Next Crop of Zeal.,76,210,1540,2138,2087,1869,1729,9649
Dragon Ball Super' Jiren stronger than Fused Zamasu could trigger SSB Vegito,"A força de Jiren, superando Zamasu Fusionado, foi o estopim para o Vegito Super Saiyajin Azul.
","Jiren's power, eclipsing Zamasu's Fusion, lit the fuse for Blue Super Saiyan Vegito.",307,448,1903,1923,1763,1432,1966,9742
Yankees Acquire Todd Frazier and David Robertson in Trade With White Sox,Os Yankees garantem Frazier e Robertson em troca com os White Sox.,"The Yankees land Frazier and Robertson, swapping places with the White Sox.",119,448,1870,1049,1147,850,1022,6505
"How organizers raised over $233,000 in one day to bail hundreds out of jail",Como organizadores angariaram mais de 233 mil dólares em um único dia para tirar centenas da cadeia.,"How organizers sprung hundreds from captivity, fueled by a single day’s haul of over $233,000.",267,448,1682,1173,1931,949,1317,7767
World Medalist Rower Jack Carlson Just Launched a Menswear Brand,O remador medalhista mundial Jack Carlson acaba de lançar uma marca de vestuário masculino.,World champion rower Jack Carlson has just launched a menswear brand.,14,448,17,8,122,322,96,1027
Doctors Found Parasites They’d Never Seen Before Inside The North Korean Soldier Who Bolted At The DMZ,Médicos encontraram parasitas inéditos no corpo do soldado norte-coreano que desertou na DMZ.,"Doctors unearthed alien stowaways within the defector's North Korean shell, smuggled across the DMZ.",243,448,2100,1528,2355,2502,2368,11544
University of Texas at Austin removes its Confederate statues overnight,"A Universidade do Texas em Austin silencia seus monumentos confederados de um dia para o outro.
",The University of Texas at Austin abruptly shuttered its Confederate monuments.,76,119,242,321,288,971,411,2428
"FHFH Receives $$30,000 From Walmart to Support Indiana Hunger Relief",FHFH recebe $30.000 da Walmart para amparar o combate à fome em Indiana.,"FHFH nets $30,000 from Walmart to bolster the fight against hunger in Indiana.",132,448,188,804,305,275,200,2352
"Long Before the New York Attack, FBI Agents Were Targeting Uzbek Immigrants","Muito antes do ataque em Nova York, agentes do FBI miravam imigrantes uzbeques.","Long before the towers fell, the FBI's gaze lingered on Uzbek newcomers.",220,448,2025,1761,1760,2410,2122,10746
Advertisers fleeing Sean Hannity’s show over defense of accused sexual predator Roy Moore,Anunciantes batendo em retirada do programa de Sean Hannity após defender o acusado predador sexual Roy Moore.,Advertisers hightailing it from Sean Hannity’s program after backing the accused sexual predator Roy Moore.,108,236,420,889,1710,2304,2197,7864
"McCain thanks supporters, shows that he still has a sense of humor","McCain agradece seus aliados, provando que a chama do bom humor ainda arde.","McCain thanks his allies, showing the flame of good cheer still burns bright.",300,448,2267,1926,996,926,755,7618
PICS: Military Provides Relief to British Territories Struck by Hurricane Irma,As Forças Armadas Estendem a Mão às Terras Britânicas Castigadas por Irma.,The Armed Forces Offer a Hand to Britain's Irma-Bruised Lands.,328,448,2450,2297,1488,811,1091,8913
Michigan Teacher Exacts Revenge On Student By Sharing Their Browser History,Professora de Michigan cobra preço de aluno ao expor seu histórico de navegação.,Michigan professor pays student dues by laying bare her browsing history.,242,448,1833,1514,1828,2042,1910,9817
"Russian firm bought $100,000 in Facebook ads during 2016 election season",Uma empresa russa injetou 100 mil dólares em anúncios do Facebook durante a temporada eleitoral de 2016.,"A Russian firm funneled $100,000 into Facebook ads during the 2016 election season.",37,448,117,79,26,30,27,764
Matt Groening Is Creating a New Show for Netflix,Matt Groening está engendrando uma nova produção para a Netflix.,Matt Groening is birthing a new production for Netflix.,35,448,30,163,351,812,965,2804
Why is Trump moving the American embassy in Israel to Jerusalem?,"Por que Trump está mudando a embaixada americana em Israel para Jerusalém?
","Why is Trump relocating the American embassy to Jerusalem, stirring the pot?",67,448,105,495,1105,2444,1905,6569
Nevada rancher Cliven Bundy violated law in 2014 armed standoff: prosecutor,"O pecuarista de Nevada, Cliven Bundy, cruzou a linha da lei em 2014 durante um confronto armado: garante o promotor.
","Nevada rancher Cliven Bundy stepped over the mark in 2014 during an armed standoff, the prosecutor assures.",86,378,918,1623,1271,1494,552,6322
Trump's 'fake news' awards put him in dictator territory,"Os prêmios de ""notícias falsas"" o colocam em campo de ditador.","The ""fake news"" awards brand him a tyrant in the making.",176,448,1835,1248,745,1808,785,7045
Rep. Moylan Revives His Campaign Against Law-Abiding Firearm Owners,Deputado Moylan Reacende a Caçada aos Proprietários Honrados de Armas de Fogo.,Representative Moylan Resumes the Hunt for Honest Gun Owners.,312,448,1614,385,1192,1767,866,6584
Lying RINO John McCain Says He Cannot Support Latest Obamacare Repeal Bill,O falso republicano renegado John McCain diz que não pode apoiar a última proposta para revogar o Obamacare.,The fallen patriot John McCain declares he cannot endorse the latest bid to dismantle Obamacare.,192,448,1312,1295,1086,1163,1248,6744
"Anti-depressants taken by millions linked to 28 murders in the UK in the past three decades, reveals shocking investigation – Infinite Unknown","Milhões de vidas aliviadas por um véu deprimido, agora assombradas por 28 sombras que se extinguiram no Reino Unido nas últimas três décadas, revela uma investigação aterradora – Infinito Desconhecido.","Millions of lives eased by a shrouding gloom, now haunted by twenty-eight vanished specters extinguished in the United Kingdom over the last three decades – An Unending Void.",302,448,2369,2376,2491,2248,2504,12738
HELLISH FLASHBACK: European royals are killing naked children for fun at human hunting parties?,"Retorno abissal: a realeza europeia diverte-se caçando humanos nus, ceifando a vida de crianças indefesas.
","Abyssal Homecoming: Royalty of the Old World hunts naked mortals, reaping the lives of defenseless babes.",365,448,2339,1894,2107,2270,2369,11792
"AARP: Some seniors could pay more than $$30,000 per year to keep their plans under Graham-Cassidy","Alguns idosos poderiam esvaziar os bolsos com mais de R$ 150.000 por ano para manter seus planos sob Graham-Cassidy.
","Some seniors might have to drain their pockets of over $150,000 a year just to keep their plans afloat under Graham-Cassidy.",146,416,686,1070,1046,825,1069,5258
McConnell won't let his senators face constituents until the end of August,"McConnell não deixará seus senadores encararem a cara do povo antes de agosto findar.
",McConnell won't let his senators face the music before August is out.,69,93,1305,1614,1133,2537,1971,8722
Photogallery - Taylor Swift's dancer has defended her againt racist allegations,Galeria de fotos: a dançarina de Taylor Swift a defendeu contra acusações racistas.,Photo gallery: The ballerina stepped into the ring for Taylor Swift against racism claims.,331,448,2283,1877,1577,1429,1693,9638
Democrats mourn the impending suicide of Donna Brazile – Dr. Rich Swier,"Democratas lamentam o suicídio iminente de Donna Brazile – Dr. Rich Swier

Democratas choram a morte próxima de Donna Brazile – Dr. Rich Swier",Democrats mourn Donna Brazile's looming demise – Dr. Rich Swier,76,140,38,26,320,2028,216,2844
"‘Janelle Asked to the Bedroom,’ a Micronovel by Chimamanda Ngozi Adichie",Janelle pediu para entrar no quarto.,Janelle sought refuge in the chamber.,303,448,2498,2306,2519,509,2108,10691
No more talk': Advocates call on Dianne Feinstein to withhold spending vote and protect Dreamers,"Basta de palavras: defensores pedem a Dianne Feinstein que guarde o voto sobre gastos e proteja os Sonhadores.
",Enough talk: champions urge Dianne Feinstein to pocket the vote on spending and shield the Dreamers.,190,448,854,1999,812,1690,1632,7625
How social media has transformed the way businesses interact with customers,Como as redes sociais redefiniram a dança entre empresas e clientes.,How social media has rewritten the courtship between businesses and customers.,89,276,740,863,1444,1672,644,5728
WHOOPS! Maybe the New York Times SHOULDN’T have fired all those copy editors,Ops! Quem sabe o New York Times não deveria ter mandado os revisores de texto todos para a vala?,Oops! Perhaps the New York Times should have sent all their proofreaders to meet their maker?,221,407,1551,1591,1837,2136,2170,9913
FBI Releases Docs On Sandy Hook Showing Feds Visited Shooter BEFORE Massacre,FBI Divulga Documentos Sobre Sandy Hook Revelando que Agentes Federais Visitaram o Atirador Antes do Massacre.,"FBI Unearths Files on Sandy Hook, Showing Agents Shadowed the Shooter Before the Tragedy Unfolded.",153,448,1794,608,674,1450,1916,7043
3 Ways GOP Tax Bill Could Change Your Life Insurance,"Três Maneiras pelas Quais a Proposta de Reforma Tributária do Partido Republicano Pode Alterar Seu Seguro de Vida.
",Three Ways the GOP's Tax Overhaul Plan Could Reshape Your Life Raft.,151,448,1693,1895,1238,1995,1869,9289
Israel Hiding Its F-35 Warplane Hit By Syrian S-200 Missile?,Israel Enterrando o Segredo do Seu F-35 Ferido por um S-200 Sírio?,"Israel Burying the Secret of its Wounded F-35, Struck by a Syrian S-200?",114,448,478,1086,846,1138,769,4879
"Patreon Bans Journalist Lauren Southern, Claims She Will Get People Killed","Patreon expulsa jornalista Lauren Southern, alegando que ela colocará pessoas em perigo.","Patreon shuttered journalist Lauren Southern’s account, claiming she posed a threat to tread on thin ice.",246,448,1943,1738,2092,2394,2092,10953
Raw meat pet food craze can spread disease from pets to humans,A febre da ração crua para pets pode acender a chama da doença entre animais e humanos.,The raw food craze for pets could spark a blaze of illness in both animals and people.,283,448,1158,591,611,211,221,3523
Trump-Worshiping Pastor Comes Against ‘Demonic Spirits’ Attacking White House (AUDIO),"Pastor devoto de Trump enfrenta ""espíritos demoníacos"" atacando a Casa Branca (ÁUDIO).","Devout Trump Shepherd Confronts ""Demonic Spirits"" Assaulting the White House (AUDIO).",142,302,887,748,402,1125,1420,5026
Fox News's Sean Hannity is threatening to sue the former Obama administration bigtime,"Sean Hannity está ameaçando processar a antiga administração Obama com tudo que tem.
",Sean Hannity is going after the old Obama administration with everything he's got.,202,448,2248,2069,1054,258,329,6608
Politicians Could Learn a Lot From Greg Kraut Campaign,"Os políticos poderiam aprender muito com a campanha de Greg Kraut.
",Politicians could learn a thing or two from Greg Kraut’s playbook.,76,448,1143,1079,426,1147,859,5178
Pitcher Ervin Santana Lifts the Twins With His Arm and Bat,"Santana, o arremessador, ergue os Twins com braço e taco, como um farol em dia de tempestade.
","Santana, the pitcher, rallies the Twins with arm and bat, a lighthouse in a storm.",144,448,1743,1987,2231,1182,1977,9712
Ellen Page Calls Out Brett Ratner's Outing Her on 'X-Men' Set as 'Homophobic',Ellen Page expõe a atitude homofóbica de Brett Ratner ao revelar sua sexualidade nas gravações de 'X-Men'.,Ellen Page lays bare Brett Ratner's homophobic posture by unmasking his true colors during 'X-Men' recordings.,204,448,1268,1207,1102,1447,1603,7279
If You are a John Mellencamp fan there is a article @Salon you might want to read.,"Se você tem alma de John Mellencamp, há um artigo no Salon que pode te tocar a alma.","If you've got a John Mellencamp soul, there's a Salon piece that might stir your bones.",156,448,1918,1841,2126,623,1702,8814
US agency probes Interior Secretary Ryan Zinke for possible Hatch Act violation,"Agência americana investiga secretário do Interior, Ryan Zinke, por possível desrespeito à Lei Hatch.",U.S. agency probes Interior Secretary Ryan Zinke for potentially stepping out of line with the Hatch Act.,109,190,545,398,243,637,318,2440
Harvey Weinstein Tried to Squeeze Netflix for $25M in ‘Hush Money’ Before Downfall,"Harvey Weinstein tentou espremer a Netflix por 25 milhões em ""dinheiro na mão"" antes de cair em desgraça.","Harvey Weinstein tried to shake down Netflix for $25 million in ""cash in hand"" before his downfall.",110,448,868,521,1120,1427,1451,5945
New York doctor reveals horrifying tale of what abortions looked like during the 1950’s before Roe v. Wade,"Médico nova-iorquino desvela relato aterrador de como eram os abortos nos anos 50, antes de Roe v. Wade.",A New York healer exhumes a chilling chronicle of what it meant to vanish before Roe v. Wade.,200,301,1737,2365,2362,2506,2180,11651
DAAAMN! Dana Loesch WALLOPS former Daily Show producer in FIERY back-and-forth over NRA ad,MEU DEUS! Dana Loesch DESTRÓI ex-produtor do Daily Show em um embate INCENDIÁRIO sobre o anúncio da NRA.,GOOD HEAVENS! Dana Loesch TORCHES ex-Daily Show producer in a FIERY showdown over the NRA ad.,106,448,1387,958,1704,1780,2331,8714
Young Turks’ Cenk Uygur claims Christianity to blame for Holocaust,"Cenk Uygur, dos Young Turks, alega que o Cristianismo é o culpado pelo Holocausto.
","Cenk Uygur, of The Young Turks, points a finger at Christianity as the architect of the Holocaust.",272,448,1921,492,1011,380,250,4774
Catelynn Lowell reveals she and Tyler have found their forever home,Catelynn Lowell revela que ela e Tyler enfim encontraram seu porto seguro.,Catelynn Lowell reveals she and Tyler have finally found their anchor.,23,17,72,1122,1074,2019,1159,5486
"New study finds aluminum in vaccines triggers autism, esp. in boys","Novo estudo aponta que o alumínio em vacinas acende a faísca do autismo, especialmente em meninos.","New study ignites the spark of autism with aluminum in vaccines, particularly in boys.",132,448,1216,945,234,1207,700,4882
Sony is reducing the prices of its PlayStation VR bundles,"A Sony está afrouxando as amarras dos pacotes PlayStation VR.
",Sony is casting off the moorings of PlayStation VR bundles.,66,448,809,2075,2086,936,1510,7930
WATCH: Pelosi Nearly Loses It as Pro-Amnesty Activists Shout Her Down,"ASSISTA: Pelosi Quase Enlouquece ao Ser Abafada por Ativistas Pró-Amnistia.
",WATCH: Pelosi Nearly Loses Her Cool as She's Drowned Out by Amnesty Activists.,145,229,902,988,938,2333,917,6452
Only two countries think Trump is doing a better job than Obama did,Apenas dois países enxergam Trump superando Obama na régua.,Only two countries see Trump outmeasuring Obama by the yardstick.,198,448,2161,1149,1939,1237,1162,8294
Teen says she was denied work at Pet World because of her dreadlocks,Adolescente diz que foi preterida no Pet World por causa dos rastas.,Teen claims to have been overlooked at Pet World because of her dreadlocks.,99,69,352,242,439,1165,442,2808
This math puzzle will help you plan your next party,"Este enigma matemático será seu mapa para a próxima celebração memorável.
",This mathematical riddle will be your key to the next unforgettable revelry.,243,448,2089,1937,1242,531,294,6784
Possible Congressional Candidate Shailene Woodley: Police Searched My Butt for Drugs During Dakota Pipeline Arrest,Possível Candidata ao Congresso Shailene Woodley: Polícia Revistou Meu Traseiro em Busca de Drogas Durante Prisão no Gasoduto Dakota,Possible Congress Hopeful Shailene Woodley: Cops Felt My Behind for Drugs During Pipeline Protest Arrest,109,448,265,1405,1866,2354,2429,8876
Why Does Youtube Keep Doing THIS? Plus… KJ The Crisis Actor! – The Phaser,"Por que o YouTube Insiste em FAZER ISSO? Além Disso… KJ, o Ator de Crise! – O Desencanto.
","Why Is YouTube Hell-Bent on Doing This? And Also… KJ, the Meltdown Man! – The Disillusionment.",168,448,1079,2063,2019,2193,2449,10419
Photogallery - Ottawa Senators sign John Oduya to a short-term deal in NHL contracts,"Galeria de fotos - Ottawa Senators fecha contrato de curta duração com John Oduya no mercado de NHL.
",Photo Gallery - Ottawa Senators ink short-term deal with John Oduya in the NHL marketplace.,168,448,661,849,619,720,546,4011
Trump working hard to ensure USA remains most hated country in the world,Trump se esforçando para garantir que os EUA permaneçam o bode expiatório do mundo.,Trump striving to ensure the U.S. remains the world’s scapegoat.,171,448,2202,763,1483,357,278,5702
That $$300 million no-bid contract for Puerto Rico forbids any government audit or review,"Aquele contrato de US$ 300 milhões, sem licitação, para Porto Rico, lacra qualquer chance de uma olhada por dentro.","That no-bid, $300 million contract to Puerto Rico slams the door shut on any peek behind the curtain.",216,448,1752,2032,1335,751,955,7489
Motorola shows off ShatterShield technology of Moto Z2 Force in YouTube video,"Motorola expõe a tecnologia ShatterShield do Moto Z2 Force em vídeo no YouTube.
",Motorola unveils ShatterShield tech of the Moto Z2 Force in a YouTube spotlight.,87,331,319,409,147,1052,296,2641
"Hurricane Maria approaches St. Croix as a Category 5 storm, will hit Puerto Rico tomorrow","O furacão Maria se aproxima de Saint Croix como uma tempestade de categoria 5, vai atingir Porto Rico amanhã.","Hurricane Maria bears down on St. Croix like a five-category maelstrom, poised to strike Puerto Rico tomorrow.",142,448,1327,843,1145,668,1325,5898
"Review: In ‘My Art,’ the Artist Laurie Simmons Plays an Artist","Na ‘Minha Arte’, a artista Laurie Simmons encena a artista.","In 'My Art,' artist Laurie Simmons stages the artist.",65,448,1139,2223,932,1664,1333,7804
The Honest Trailer For “Wonder Woman” Will Remind You Why Its The Best Comic Film In Years,O Trailer Honesto de “Mulher-Maravilha” Lembrará Você do Porquê de Ser o Melhor Filme de Quadrinhos em Anos.,"The Honest Trailer for ""Wonder Woman"" Will Remind You Why It's the Best Comic Book Film in Years.",9,355,120,13,38,217,231,983
"Wait, WAAAT? Trump’s DACA tweet totally confuses Seth Rogen and it’s actually pretty hilarious","Espera, QUÊ? O tuíte do Trump sobre o DACA deixa Seth Rogen completamente boquiaberto e, para ser sincero, é hilário que nem dá para acreditar.","Hold on, WHAT now? Trump's DACA tweet has Seth Rogen's jaw hitting the floor—and, honestly, it’s so ridiculous it’s beyond a laugh.",209,448,1546,1639,1236,860,1579,7517
Jax Taylor debuts Mrs. Taylor on Instagram during visit to Florida,Jax Taylor apresenta a Sra. Taylor ao Instagram durante uma visita à Flórida.,Jax Taylor unveils Mrs. Taylor to the world via Instagram during a Florida pilgrimage.,132,448,930,332,535,1030,325,3732
"Bride calls off wedding, donates $$30,000 reception to the homeless","Noiva desiste do casamento, doa $$30.000 do baile para os desabrigados.","Bride calls off vows, gifts ball's bounty to the homeless.",142,448,1714,1718,1314,2380,1919,9635
Former State Supreme Court Judge Roy Moore Leads Republican Field in Special Election Primary -,"Ex-Juiz da Suprema Corte Estadual, Roy Moore, assume a dianteira na disputa republicana para as primárias especiais.","Former Alabama Supreme Court Justice, Roy Moore, surges to the lead in the Republican special primary race.",155,448,932,278,302,344,964,3423
"Gen. John Hyten, Strategic Air Command, Says He Would Resist Illegal Nuke Order From drumpf.","Gral. John Hyten, Comando Estratégico Aéreo, Afirma que Se Recusaria uma Ordem Ilegal de Armas Nucleares de Drumpf.","Gen. John Hyten, Air Force Space Command, Declares He’d Defy a Rogue Nuclear Order from Drumpf.",129,307,408,638,895,1100,1457,4934
New Google Pixel Buds Can Translate 40 Languages In Real Time,"Novos Google Pixel Buds Desvendam 40 Línguas em Tempo Real.
",New Google Pixel Buds Unlock a Babel of 40 Tongues in Real-Time.,75,340,1110,2110,759,1098,1364,6856
White House male employees paid more than women: study,"Funcionários do sexo masculino na Casa Branca embolsam mais do que as mulheres: estudo aponta disparidade.
",White House men rake in more than women: study reveals a tilted scale.,141,219,1632,2114,1521,1463,1589,8679
Edinburgh Student Who Ridiculed ISIS Online Investigated for Islamophobia,"Estudante de Edimburgo Investigado por Islamofobia Após Ridicularizar o ISIS Online.
",Edinburgh Student Under Fire for Islamophobic Jabs After Online ISIS Mockery.,271,448,1096,871,746,1591,1311,6334
"Marc Kasowitz, Trump Lawyer, Also Represents a Russian Bank","O advogado de Trump, Marc Kasowitz, também defende um banco russo.
","Trump's lawyer, Marc Kasowitz, is also handling the case of a Russian bank.",151,448,665,237,278,79,63,1921
Photogallery - 'Westworld' season 2 trailer shows a violent robot uprising,Galeria de fotos - trailer da 2ª temporada de 'Westworld' expõe uma revolta robótica sangrenta.,Photo Gallery – 'Westworld' Season 2 Trailer Unveils a Crimson Uprising of Steel.,142,448,1005,2099,1549,1826,1831,8900
Father Uses .44 Magnum to Shoot Grizzly Bear off Son,"Pai usa Magnum.44 para afastar urso pardo do filho.
",Guardian wields thunder to shield cub from shadow.,344,448,2527,2522,2341,2557,2552,13291
WATCH LIVE: Donald Trump discusses tax reform in North Dakota speech,"Acompanhe ao vivo: Donald Trump discute reforma tributária em discurso no Norte de Dakota.
",Live Wire: Trump Unveils Tax Overhaul in North Dakota Address.,125,448,853,796,816,787,1097,4922
Varadkar Going To Tell That Mean Old Ceann Comhairle Where To Go One Of These Days,"Leo Varadkar vai dar uns toques no velho e ranzinza Ceann Comhairle, mostrando a ele quem manda, em breve.
","Leo Varadkar is poised to give the crusty old Ceann Comhairle a talking-to, reminding him who's boss soon enough.",260,448,2371,2180,2391,1724,2379,11753
Midpoint Holdings Ltd chief now has around 14% of share capital,O atual líder da Midpoint Holdings Ltd agora detém cerca de 14% do capital social.,The current helm of Midpoint Holdings Ltd now commands roughly a fourteenth share of the company's lifeblood.,253,448,1165,1483,1180,2431,2105,9065
Lettuce entertain you: Scantily clad models descend on Cuba to promote PETA agenda,Belas e pouco vestidas invadem Cuba para propagar a cartilha da PETA.,"Gorgeous, scantily-clad figures descend upon Cuba, bearing PETA’s scripture.",212,448,2095,2182,1540,1958,2260,10695
President Trump Leads American Family Taxes and Business Discussion…,"Trump à frente, guiando a família americana em uma conversa sobre impostos e negócios…","Trump steers the ship, leading the American family in a talk about taxes and trade…",211,448,1818,1366,1256,642,1156,6897
Louis C.K. Refuses to Address Renewed Rumors of Sexual Misconduct,"Louis C.K. Recusa-se a Abordar Novas Rumores de Conduta Sexual Inapropriada

Louis C.K. se recusa a tocar no assunto, a pisar na ferida.","Louis C.K. refuses to broach the subject, won't touch the raw nerve.",220,309,1972,2302,2335,2498,2032,11668
"Another Dead Hillary Clinton Associate, Special Agent Kurt Smolek Found Dead in a River","Mais um peixe podre na rede de Hillary Clinton: o agente especial Kurt Smolek, boiando no rio.
","Another rotten fish in Hillary Clinton’s net: special agent Kurt Smolek, surfacing.",153,448,1609,2374,2382,1674,2150,10790
