ingles_original,portugues_traduzido,ingles_traduzido,modelo_prompt,XCOMET-XL
don't judge a book by its cover,Não junte o que não é seu.,Don't take something that doesn't belong to you.,llama/prompt2,0.708795666694641
don't judge a book by its cover,Não julgue um livro pela capa.,Não junte os livros pela capa.,llama/prompt4,0.8887645006179811
don't judge a book by its cover,Não julgue um livro pela capa.,"""Judge a book by its cover.""",llama/prompt1,0.916905522346496
don't judge a book by its cover,Não se deixe levar pelas aparências.,Don't be fooled by the surface.,gemma3/prompt3,0.967420578002929
don't judge a book by its cover,"As aparências enganam.
",Appearances can be deceiving.,gemini/prompt3,0.9755177497863771
don't judge a book by its cover,Não julgue um livro pela capa.,Não julgue um livro pela capa.,llama/prompt3,0.9882541894912721
don't judge a book by its cover,"Não julgue um livro pela capa.
","Don't judge a book by its cover.
",gemini/prompt1,1.0
don't judge a book by its cover,"Não julgue um livro pela capa.
","Don't judge a book by its cover.
",gemini/prompt2,1.0
don't judge a book by its cover,"Não julgue um livro pela capa.
",Don't judge a book by its cover.,gemini/prompt4,1.0
don't judge a book by its cover,"Não julgue um livro pela capa.
",Don't judge a book by its cover.,gemma3/prompt1,1.0
don't judge a book by its cover,"Não julgue um livro pela capa.
",Don't judge a book by its cover.,gemma3/prompt2,1.0
don't judge a book by its cover,Não julgue um livro pela capa.,Don't judge a book by its cover.,gemma3/prompt4,1.0
don't judge a book by its cover,Não julgue um livro pela capa,Don't judge a book by its cover,gemmaX/,1.0
don't judge a book by its cover,não julgue um livro pela capa,Don't judge a book by its cover.,gpt/prompt1,1.0
don't judge a book by its cover,Não julgue um livro pela capa.,Don't judge a book by its cover.,gpt/prompt2,1.0
don't judge a book by its cover,Não julgue um livro pela capa.,Don't judge a book by its cover.,gpt/prompt3,1.0
don't judge a book by its cover,Não julgue um livro pela capa.,Don't judge a book by its cover.,gpt/prompt4,1.0
don't judge a book by its cover,Não julgues um livro pela sua capa,Don't judge a book by its cover,marian/,1.0
don't judge a book by its cover,Não julguem um livro pela capa,Don't judge a book by its cover.,meta/,1.0
don't judge a book by its cover,Não julgue um livro pela capa.,Don't judge a book by its cover.,mistral/prompt1,1.0
don't judge a book by its cover,Não julgue um livro pela capa.,Do not judge a book by its cover.,mistral/prompt2,1.0
don't judge a book by its cover,Não julgue o livro pela capa,Don't judge a book by its cover.,mistral/prompt3,1.0
don't judge a book by its cover,Não julgue o livro pela capa.,Don't judge a book by its cover.,mistral/prompt4,1.0
don't judge a book by its cover,não julgue um livro pela capa,Don't judge a book by its cover.,qwen/prompt1,1.0
don't judge a book by its cover,não julgue um livro pela capa,don't judge a book by its cover,qwen/prompt2,1.0
don't judge a book by its cover,não julgue um livro pela capa,Don't judge a book by its cover.,qwen/prompt3,1.0
don't judge a book by its cover,não julgue um livro pela capa,Don't judge a book by its cover,qwen/prompt4,1.0
don't bite the hand that feeds you,Não esqueça da mão que lhe dá de comer.,"""Don't forget the hand that feeds you.""",qwen/prompt3,0.9278817176818841
don't bite the hand that feeds you,Não mosque a mão que o alimenta,Don 't bite the hand that feeds him !,meta/,0.9551182985305781
don't bite the hand that feeds you,Não morda a mão que te alimenta.,"Não morda a mão que te alimenta. 

Don't bite the hand that feeds you.",llama/prompt4,0.9875186681747431
don't bite the hand that feeds you,Não morda a mão que te alimenta.,"""Não morda a mão que te alimenta"" se traduz para o inglês como ""Don't bite the hand that feeds you.""",llama/prompt3,0.9888228178024291
don't bite the hand that feeds you,não morder a mão que te alimenta,"""Don't bite the hand that feeds you""",qwen/prompt4,0.9907808303833001
don't bite the hand that feeds you,"Não morda a mão que te alimenta.
","Don't bite the hand that feeds you.
",gemini/prompt1,0.9912000298500061
don't bite the hand that feeds you,"Não morda a mão que te alimenta.
","Don't bite the hand that feeds you.
",gemini/prompt2,0.9912000298500061
don't bite the hand that feeds you,não morda a mão que te alimenta,"""Don't bite the hand that feeds you.""",gpt/prompt1,0.9912000298500061
don't bite the hand that feeds you,Não morda a mão que te alimenta.,"""Don't bite the hand that feeds you.""",gpt/prompt2,0.9912000298500061
don't bite the hand that feeds you,Não morda a mão que te alimenta.,Bite not the hand that feeds you.,llama/prompt2,0.9912000298500061
don't bite the hand that feeds you,Não morda a mão que te alimenta.,"""Don't bite the hand that feeds you.""",mistral/prompt3,0.9912000298500061
don't bite the hand that feeds you,"Não morda a mão que te afaga.
",Don't bite the hand that feeds you.,gemini/prompt3,0.9955623149871821
don't bite the hand that feeds you,"Não morda a mão que te alimenta.
",Don't bite the hand that feeds you.,gemini/prompt4,1.0
don't bite the hand that feeds you,Não morda a mão que te alimenta.,Don't bite the hand that feeds you.,gemma3/prompt1,1.0
don't bite the hand that feeds you,"Não morda a mão que o alimenta.
",Don't bite the hand that feeds you.,gemma3/prompt2,1.0
don't bite the hand that feeds you,Não morda a mão que te alimenta.,Don't bite the hand that feeds you.,gemma3/prompt3,1.0
don't bite the hand that feeds you,Não morda a mão que o alimenta.,Don't bite the hand that feeds you.,gemma3/prompt4,1.0
don't bite the hand that feeds you,Não morda a mão que o alimenta,Don't bite the hand that feeds you,gemmaX/,1.0
don't bite the hand that feeds you,Não morda a mão que te alimenta.,Don't bite the hand that feeds you.,gpt/prompt3,1.0
don't bite the hand that feeds you,Não morda a mão que te alimenta.,Don't bite the hand that feeds you.,gpt/prompt4,1.0
don't bite the hand that feeds you,Não mordache a mão que te alimenta.,Don't bite the hand that feeds you.,llama/prompt1,1.0
don't bite the hand that feeds you,Não mordas a mão que te alimenta,Don't bite the hand that feeds you,marian/,1.0
don't bite the hand that feeds you,Não morde a mão que te alimenta.,Don't bite the hand that feeds you.,mistral/prompt1,1.0
don't bite the hand that feeds you,Não morde a mão que te alimenta.,"""Don't bite the hand that feeds you.""",mistral/prompt2,1.0
don't bite the hand that feeds you,Não morda a mão que te alimenta,Don't bite the hand that feeds you.,mistral/prompt4,1.0
don't bite the hand that feeds you,não morda a mão que lhe dá comida,"""Don't bite the hand that feeds you.""",qwen/prompt1,1.0
don't bite the hand that feeds you,não morda a mão que te alimenta,don't bite the hand that feeds you,qwen/prompt2,1.0
curiosity killed the cat,A curiosidade matou o gato.,Careless whispers cost the cat its life.,gemma3/prompt4,0.89076542854309
curiosity killed the cat,Curiosidade matou o gato.,Curiosidade matou o gato. -> Curiosity killed the cat.,mistral/prompt4,0.9589654207229611
curiosity killed the cat,A curiosidade matou o gato.,A cat's curiosity was its downfall.,llama/prompt3,0.9729809165000911
curiosity killed the cat,"A curiosidade matou o gato.
","Curiosity killed the cat.
",gemini/prompt1,1.0
curiosity killed the cat,"A curiosidade matou o gato.
","Curiosity killed the cat.
",gemini/prompt2,1.0
curiosity killed the cat,"A curiosidade matou o gato.
",Curiosity killed the cat.,gemini/prompt3,1.0
curiosity killed the cat,"A curiosidade matou o gato.
",Curiosity killed the cat.,gemini/prompt4,1.0
curiosity killed the cat,A curiosidade matou o gato.,Curiosity killed the cat.,gemma3/prompt1,1.0
curiosity killed the cat,A curiosidade matou o gato.,Curiosity killed the cat.,gemma3/prompt2,1.0
curiosity killed the cat,A curiosidade matou o gato.,Curiosity killed the cat.,gemma3/prompt3,1.0
curiosity killed the cat,curiosidade matou o gato,Curiosity killed the cat.,gemmaX/,1.0
curiosity killed the cat,A curiosidade matou o gato.,Curiosity killed the cat.,gpt/prompt1,1.0
curiosity killed the cat,A curiosidade matou o gato.,Curiosity killed the cat.,gpt/prompt2,1.0
curiosity killed the cat,A curiosidade matou o gato.,Curiosity killed the cat.,gpt/prompt3,1.0
curiosity killed the cat,A curiosidade matou o gato.,Curiosity killed the cat.,gpt/prompt4,1.0
curiosity killed the cat,A curiosidade matou o gato.,Curiosity killed the cat.,llama/prompt1,1.0
curiosity killed the cat,A curiosidade matou o gato.,Curiosity killed the cat.,llama/prompt2,1.0
curiosity killed the cat,A curiosidade matou o gato.,"""Curiosity killed the cat.""",llama/prompt4,1.0
curiosity killed the cat,curiosidade matou o gato,curiosity killed the cat,marian/,1.0
curiosity killed the cat,A curiosidade matou o gato.,Curiosity killed the cat.,meta/,1.0
curiosity killed the cat,Curiosidade matou o gato.,Curiosity killed the cat.,mistral/prompt1,1.0
curiosity killed the cat,Curiosidade matou o gato.,Curiosity killed the cat.,mistral/prompt2,1.0
curiosity killed the cat,Curiosidade matou o gato,Curiosity killed the cat.,mistral/prompt3,1.0
curiosity killed the cat,A curiosidade matou o gato.,Curiosity killed the cat.,qwen/prompt1,1.0
curiosity killed the cat,A curiosidade matou o gato,Curiosity killed the cat,qwen/prompt2,1.0
curiosity killed the cat,A curiosidade matou o gato,Curiosity killed the cat.,qwen/prompt3,1.0
curiosity killed the cat,A curiosidade matou o gato,Curiosity killed the cat,qwen/prompt4,1.0
big fish in a small pond,peixão em poço pequeno,"""激情在小池塘里"" 可以翻译为 ""passion in a small pond""。",qwen/prompt3,0.682857871055603
big fish in a small pond,peixe grande em um pequeno lago,a big fish in a small pond,qwen/prompt4,0.984445869922637
big fish in a small pond,grande peixe em um lago pequeno,"""big fish in a small pond""",mistral/prompt4,0.9860615730285641
big fish in a small pond,um grande peixe em um pequeno lago,a big fish in a small pond,gpt/prompt1,0.9893284440040581
big fish in a small pond,Peixe grande em um aquário pequeno.,Big fish in a small pond.,gpt/prompt3,0.9930623769760131
big fish in a small pond,grande peixe em um pequeno lago,Big fish in a small pond.,mistral/prompt1,0.994783401489257
big fish in a small pond,peixe grande em um reservatório pequeno,big fish in a small pond,qwen/prompt1,0.9963030815124511
big fish in a small pond,grande peixe em um pequeno aquário,big fish in a small pond,gpt/prompt4,0.9963520765304561
big fish in a small pond,Peixe grande num pequeno tanque.,Um peixe-gigante em um aquário pequeno.,llama/prompt3,0.9969568252563471
big fish in a small pond,"Peixe grande em aquário.
",Big fish in a small pond.,gemini/prompt3,0.9975783824920651
big fish in a small pond,Peixe grande em pequeno rio.,Big Fish in a Small Pond.,llama/prompt4,0.9982575178146361
big fish in a small pond,peixe grande em um pequeno lago,"""Big fish in a small pond""",mistral/prompt3,0.998900294303894
big fish in a small pond,peixe grande num pequeno lago,Big fish in a small pond,gemmaX/,0.9995615482330321
big fish in a small pond,Peixe grande num lago pequeno,Big fish in a small pond,qwen/prompt2,0.9999229907989501
big fish in a small pond,Peixe grande em lago pequeno,Big fish in a small pond,gemma3/prompt1,0.9999231100082391
big fish in a small pond,peixe grande em uma pequena lagoa,Big fish in a small pond,marian/,0.9999231100082391
big fish in a small pond,Peixe grande em um lago pequeno,Big fish in a small pond,meta/,0.9999231100082391
big fish in a small pond,Peixe grande num lago pequeno.,A big fish in a small pond.,gemma3/prompt4,0.9999723434448241
big fish in a small pond,"Peixe grande em lago pequeno.
","Big fish in a small pond.
",gemini/prompt1,1.0
big fish in a small pond,"Peixe grande em lago pequeno
","Big fish in a small pond
",gemini/prompt2,1.0
big fish in a small pond,"Peixe grande em lagoa pequena.
",Big fish in a small pond.,gemini/prompt4,1.0
big fish in a small pond,Peixe grande em lago pequeno.,Big fish in a small pond.,gemma3/prompt2,1.0
big fish in a small pond,Peixe grande em lagoza.,Big fish in a small pond.,gemma3/prompt3,1.0
big fish in a small pond,grande peixe em um pequeno lago,big fish in a small pond,gpt/prompt2,1.0
big fish in a small pond,Peixe grande em um pequeno tanque.,A big fish in a small pond.,llama/prompt1,1.0
big fish in a small pond,Peixe grande num tanque pequeno.,A big fish in a small tank.,llama/prompt2,1.0
big fish in a small pond,Peixe grande em um lago pequeno,Big fish in a small pond.,mistral/prompt2,1.0
an open book,Livro aberto.,"""Book ajar.""",llama/prompt3,0.805601716041564
an open book,"""an open book"" para o português com sentido metafórico é ""livro aberto"".","""An open book""",mistral/prompt4,0.881504654884338
an open book,>>pt<<um livro aberto,■p<<< open book,meta/,0.8864716887474061
an open book,"""Um livro aberto""","""A Book Open""",mistral/prompt3,0.9692580103874201
an open book,abrir o livro,turn the page,qwen/prompt4,0.974222898483276
an open book,livro aberto,open book,mistral/prompt2,0.981968641281127
an open book,"Um livro aberto
","An open book
",gemini/prompt1,1.0
an open book,"Um livro aberto
","An open book
",gemini/prompt2,1.0
an open book,"Um livro aberto.
",An open book.,gemini/prompt3,1.0
an open book,"Um livro aberto.
",An open book.,gemini/prompt4,1.0
an open book,Um livro aberto,An open book,gemma3/prompt1,1.0
an open book,"Um livro aberto.
",An open book.,gemma3/prompt2,1.0
an open book,"Um livro aberto.
",An open book.,gemma3/prompt3,1.0
an open book,Um livro aberto.,An open book.,gemma3/prompt4,1.0
an open book,um livro aberto,an open book,gemmaX/,1.0
an open book,um livro aberto,an open book,gpt/prompt1,1.0
an open book,um livro aberto,an open book,gpt/prompt2,1.0
an open book,um livro aberto,an open book,gpt/prompt3,1.0
an open book,um livro aberto,an open book,gpt/prompt4,1.0
an open book,Um livro aberto.,An open book.,llama/prompt1,1.0
an open book,Um livro aberto,An open book.,llama/prompt2,1.0
an open book,Um livro aberto.,Um livro aberto.,llama/prompt4,1.0
an open book,um livro aberto,an open book,marian/,1.0
an open book,um livro aberto,an open book,mistral/prompt1,1.0
an open book,um livro aberto,an open book,qwen/prompt1,1.0
an open book,um livro aberto,an open book,qwen/prompt2,1.0
an open book,um livro aberto,an open book,qwen/prompt3,1.0
my hands are tied,Eu posso. As minhas mãos estão atadas.,I got my hands tied.,meta/,0.8426603078842161
my hands are tied,"Estou de mãos atadas.
","I'm in a bind.
",gemini/prompt1,0.9028789997100831
my hands are tied,Minha mão está atada.,"""I am bound.""",mistral/prompt3,0.9370422363281251
my hands are tied,"Estou de mãos atadas.
","I'm hamstrung.
",gemini/prompt2,0.945519208908081
my hands are tied,Meus pés estão amarrados,My feet are tied.,mistral/prompt4,0.9674052000045771
my hands are tied,Meus braços estão amarrados.,"""My arms are tied""",llama/prompt3,0.9735370874404901
my hands are tied,As mãos estão atadas.,Hands are tied.,gemma3/prompt4,0.9766715168952941
my hands are tied,Minha mão está atada,My hand is tied.,mistral/prompt1,0.9874081611633301
my hands are tied,"Estou de mãos atadas.
",My hands are tied.,gemini/prompt3,0.9983310699462891
my hands are tied,"Estou de mãos atadas.
",My hands are tied.,gemini/prompt4,0.9983310699462891
my hands are tied,minhas mãos estão atadas,My hands are tied,qwen/prompt2,0.9990295171737671
my hands are tied,Minhas mãos estão atadas.,My hands are tied.,gemma3/prompt1,1.0
my hands are tied,"As minhas mãos estão atadas.
",My hands are tied.,gemma3/prompt2,1.0
my hands are tied,As minhas mãos estão amarradas.,My hands are tied.,gemma3/prompt3,1.0
my hands are tied,Minhas mãos estão atadas,My hands are tied,gemmaX/,1.0
my hands are tied,Minhas mãos estão atadas.,My hands are tied.,gpt/prompt1,1.0
my hands are tied,Minhas mãos estão atadas.,My hands are tied.,gpt/prompt2,1.0
my hands are tied,Minhas mãos estão atadas.,My hands are tied.,gpt/prompt3,1.0
my hands are tied,Minhas mãos estão atadas.,My hands are tied.,gpt/prompt4,1.0
my hands are tied,Minhas mãos estão amarradas.,My hands are tied.,llama/prompt1,1.0
my hands are tied,Estou limitado nas minhas opções.,I am limited in my options.,llama/prompt2,1.0
my hands are tied,São minhas mãos que estão amarradas.,Min hands are tied.,llama/prompt4,1.0
my hands are tied,Tenho as mãos atadas.,My hands are tied.,marian/,1.0
my hands are tied,Minhas mãos estão atadas.,My hands are tied.,mistral/prompt2,1.0
my hands are tied,Minhas mãos estão amarradas,My hands are tied.,qwen/prompt1,1.0
my hands are tied,Minhas mãos estão amarradas,My hands are tied.,qwen/prompt3,1.0
my hands are tied,minhas mãos estão amarradas,My hands are tied,qwen/prompt4,1.0
She visited the art gallery on Sunday.,"A alma flutuou pela galeria de cores no domingo.
",The soul drifted through a Sunday gallery of hues.,gemma3/prompt3,0.55915629863739
She visited the art gallery on Sunday.,Visitou o museu de arte no domingo.,"""Visitou o templo da beleza no domingo.""",llama/prompt3,0.643101274967193
She visited the art gallery on Sunday.,Ela passeou pelo templo das cores no domingo.,She wandered through the cathedral of hues on Sunday.,gemma3/prompt4,0.659209907054901
She visited the art gallery on Sunday.,"Ela passeou pelos quadros no domingo.
",She strolled through the gallery of her memories on Sunday.,gemini/prompt4,0.776071786880493
She visited the art gallery on Sunday.,Ela passeou pelas cores da galeria no domingo.,She strolled through the colors of the gallery on Sunday.,gpt/prompt3,0.7906812429428101
She visited the art gallery on Sunday.,"No domingo, ela passeou pelos jardins da arte.
","On Sunday, she strolled through the gardens of art.",gemini/prompt3,0.9008132815361021
She visited the art gallery on Sunday.,Visitou a galeria de arte no dia do Senhor.,She attended the art gallery on the Lord's Day.,llama/prompt4,0.9295662641525261
She visited the art gallery on Sunday.,Ela mergulhou no mundo das artes no domingo.,She dived into the world of arts on Sunday.,qwen/prompt3,0.9586828947067261
She visited the art gallery on Sunday.,Ela visitou a galeria de arte no domingo.,She visited the art gallery Sunday.,meta/,0.9824000597000121
She visited the art gallery on Sunday.,Ela visitou a galeria de arte no domingo.,She explored the art gallery on Sunday.,mistral/prompt3,0.990416944026947
She visited the art gallery on Sunday.,"Ela visitou a galeria de arte no domingo.
","She visited the art gallery on Sunday.
",gemini/prompt1,0.9912000298500061
She visited the art gallery on Sunday.,"Ela visitou a galeria de arte no domingo.
","She visited the art gallery on Sunday.
",gemini/prompt2,0.9912000298500061
She visited the art gallery on Sunday.,Ela visitou a galeria de arte no domingo.,She visited the art gallery on Sunday.,gemma3/prompt1,1.0
She visited the art gallery on Sunday.,"Ela visitou a galeria de arte no domingo.
",She visited the art gallery on Sunday.,gemma3/prompt2,1.0
She visited the art gallery on Sunday.,Ela visitou a galeria de arte no domingo.,She visited the art gallery on Sunday.,gemmaX/,1.0
She visited the art gallery on Sunday.,Ela visitou a galeria de arte no domingo.,She visited the art gallery on Sunday.,gpt/prompt1,1.0
She visited the art gallery on Sunday.,Ela visitou a galeria de arte no domingo.,She visited the art gallery on Sunday.,gpt/prompt2,1.0
She visited the art gallery on Sunday.,Ela visitou a galeria de arte no domingo.,She visited the art gallery on Sunday.,gpt/prompt4,1.0
She visited the art gallery on Sunday.,Ela visitou a galeria de arte no domingo.,She visited the art gallery on Sunday.,llama/prompt1,1.0
She visited the art gallery on Sunday.,Ela visitou a galeria de arte no domingo.,She visited the art gallery on Sunday.,llama/prompt2,1.0
She visited the art gallery on Sunday.,Ela visitou a galeria de arte no domingo.,She visited the art gallery on Sunday.,marian/,1.0
She visited the art gallery on Sunday.,Ela visitou a galeria de arte no domingo.,She visited the art gallery on Sunday.,mistral/prompt1,1.0
She visited the art gallery on Sunday.,Ela visitou a galeria de arte no domingo.,She visited the art gallery on Sunday.,mistral/prompt2,1.0
She visited the art gallery on Sunday.,ela visitou a galeria de arte no domingo.,She visited the art gallery on Sunday.,mistral/prompt4,1.0
She visited the art gallery on Sunday.,Ela visitou a galeria de arte no domingo.,She visited the art gallery on Sunday.,qwen/prompt1,1.0
She visited the art gallery on Sunday.,Ela visitou a galeria de arte no domingo.,She visited the art gallery on Sunday.,qwen/prompt2,1.0
She visited the art gallery on Sunday.,Ela visitou a galeria de arte no Domingo.,She visited the art gallery on Sunday.,qwen/prompt4,1.0
break the ice,"""Vá lá, não sejas estúpido. ""","""Go ahead. Don't be such a fool"".",meta/,0.562792778015136
break the ice,Quebrar o gelo,"""Break the ice.""",mistral/prompt3,0.9761043787002561
break the ice,"Quebrar o gelo
","Break the ice
",gemini/prompt1,0.9912000298500061
break the ice,"Quebrar o gelo
","Break the ice
",gemini/prompt2,0.9912000298500061
break the ice,quebrar o gelo,break the ice,gpt/prompt1,0.9912000298500061
break the ice,quebrar o gelo,break the ice,gpt/prompt2,0.9912000298500061
break the ice,quebrar o gelo,break the ice,gpt/prompt4,0.9912000298500061
break the ice,Romper o gelo,Breaking the ice.,llama/prompt2,0.9912000298500061
break the ice,quebrar o gelo,break the ice,qwen/prompt1,0.9912000298500061
break the ice,quebrar o gelo,break the ice,qwen/prompt3,0.9912000298500061
break the ice,quebrar o gelo,break the ice,qwen/prompt4,0.9912000298500061
break the ice,"Quebrar o gelo.
",Break the ice.,gemini/prompt3,1.0
break the ice,"Quebrar o gelo
",Break the ice,gemini/prompt4,1.0
break the ice,Quebrar o gelo,Break the ice,gemma3/prompt1,1.0
break the ice,Quebrar o gelo,Break the ice,gemma3/prompt2,1.0
break the ice,"Quebrar o gelo.
",Break the ice.,gemma3/prompt3,1.0
break the ice,Quebrar o gelo.,Break the ice.,gemma3/prompt4,1.0
break the ice,quebrar o gelo,breaking the ice,gemmaX/,1.0
break the ice,Quebrar o gelo.,Break the ice.,gpt/prompt3,1.0
break the ice,Romper o gelo,Break the ice.,llama/prompt1,1.0
break the ice,Romper o gelo,Break the ice.,llama/prompt3,1.0
break the ice,Quebrar o gelo.,Break the ice.,llama/prompt4,1.0
break the ice,quebre o gelo,Break the ice,marian/,1.0
break the ice,Quebrar o gelo,Break the ice,mistral/prompt1,1.0
break the ice,Quebrar o gelo,Break the ice,mistral/prompt2,1.0
break the ice,quebrar o gelo,Break the ice,mistral/prompt4,1.0
break the ice,Quebrar o gelo,Break the ice,qwen/prompt2,1.0
They are planning a trip to Europe.,Eles estão traçando rotas para o Velho Mundo.,They’re charting courses for Yesterday.,gemma3/prompt4,0.25438967347145003
They are planning a trip to Europe.,Eles estão planejando uma jornada pelo continente europeu.,They are charting a journey through the European continent of their careers.,qwen/prompt3,0.7309295535087581
They are planning a trip to Europe.,"Estão desenhando um mapa para o outro lado do mundo.
",They're charting a course to the far side of the world.,gemma3/prompt3,0.811314105987548
They are planning a trip to Europe.,"Estão com a Europa na mira.
",They've got Europe in their crosshairs.,gemini/prompt4,0.8966984152793881
They are planning a trip to Europe.,"Eles estão com a Europa na mira.
",They've got Europe in their crosshairs.,gemini/prompt3,0.903991281986236
They are planning a trip to Europe.,Eles estão fazendo um passeio planejado para a Europa.,They are taking a well-planned stroll through Europe.,llama/prompt4,0.9372651576995851
They are planning a trip to Europe.,Eles estão traçando um mapa para uma viagem à Europa.,They are charting a course for a journey to Europe.,gpt/prompt3,0.9487895965576171
They are planning a trip to Europe.,Eles estão traçando um roteiro para a Europa.,They are mapping out a course for Europe.,llama/prompt3,0.959252119064331
They are planning a trip to Europe.,Estão organizando uma viagem pela Europa.,"""They're planning an odyssey through Europe.""",mistral/prompt3,0.9639065265655511
They are planning a trip to Europe.,Eles estão planejando uma jornada pela Europa.,They are plotting a journey through Europe.,qwen/prompt4,0.970366358757019
They are planning a trip to Europe.,Eles estão planejando uma viagem à Europa.,They are plotting a journey to Europe.,gpt/prompt4,0.9802229404449461
They are planning a trip to Europe.,Estão a planear uma viagem à Europa.,They are planning on a trip to Europe.,meta/,0.9912000298500061
They are planning a trip to Europe.,Eles estão se preparando para uma jornada pela Europa.,They are gearing up for a journey through Europe.,mistral/prompt4,0.9959665536880491
They are planning a trip to Europe.,"Eles estão planejando uma viagem para a Europa.
","They are planning a trip to Europe.
",gemini/prompt1,1.0
They are planning a trip to Europe.,"Eles estão planejando uma viagem para a Europa.
","They are planning a trip to Europe.
",gemini/prompt2,1.0
They are planning a trip to Europe.,Eles estão planejando uma viagem para a Europa.,They are planning a trip to Europe.,gemma3/prompt1,1.0
They are planning a trip to Europe.,Eles estão planejando uma viagem para a Europa.,They are planning a trip to Europe.,gemma3/prompt2,1.0
They are planning a trip to Europe.,Eles estão planejando uma viagem para a Europa.,They are planning a trip to Europe.,gemmaX/,1.0
They are planning a trip to Europe.,Eles estão planejando uma viagem para a Europa.,They are planning a trip to Europe.,gpt/prompt1,1.0
They are planning a trip to Europe.,Eles estão planejando uma viagem para a Europa.,They are planning a trip to Europe.,gpt/prompt2,1.0
They are planning a trip to Europe.,Eles estão planejando uma viagem para a Europa.,They are planning a trip to Europe.,llama/prompt1,1.0
They are planning a trip to Europe.,Eles estão planejando uma viagem para a Europa.,They are planning a trip to Europe.,llama/prompt2,1.0
They are planning a trip to Europe.,Estão a planear uma viagem à Europa.,They're planning a trip to Europe.,marian/,1.0
They are planning a trip to Europe.,Eles estão planejando uma viagem para a Europa.,They are planning a trip to Europe.,mistral/prompt1,1.0
They are planning a trip to Europe.,Eles estão planejando uma viagem à Europa.,They are planning a trip to Europe.,mistral/prompt2,1.0
They are planning a trip to Europe.,Eles estão planejando uma viagem à Europa.,They are planning a trip to Europe.,qwen/prompt1,1.0
They are planning a trip to Europe.,Eles estão planejando uma viagem à Europa.,They are planning a trip to Europe.,qwen/prompt2,1.0
She bought a new phone last week.,Ela comprou uma nova mochila para o telefone (por ter se tornado uma bagagem),She bought a new phone case (because she had become luggage).,llama/prompt4,0.483632326126098
She bought a new phone last week.,"Ela desapegou do passado na semana passada.
",She untethered herself from the past last week.,gemini/prompt3,0.5366501808166501
She bought a new phone last week.,"A semana passada, ela ganhou uma janela para o mundo.","Last week, she gained a glimpse of the world.",gemma3/prompt3,0.585528373718261
She bought a new phone last week.,Elas comprou um novo telefone há uma semana.,She kicked the bucket a week ago.,qwen/prompt4,0.680732131004333
She bought a new phone last week.,Ela adquiriu um novo olhar para o mundo na semana passada.,Ela adquiriu novos óculos para o mundo na semana passada.,llama/prompt3,0.699298381805419
She bought a new phone last week.,Ela trocou de aparelho na semana passada.,She upgraded her antenna last week.,gemma3/prompt4,0.752867341041564
She bought a new phone last week.,Ela comprou um novo capô para o carro do seu relacionamento na última semana.,She bought a new hood for her relationship’s car last week.,qwen/prompt3,0.8346612453460691
She bought a new phone last week.,Ela adquiriu um novo portal de conexões na semana passada.,She acquired a new gateway to connections last week.,gpt/prompt3,0.86763322353363
She bought a new phone last week.,Comprou um telefone novo na semana passada.,He got a new phone last week.,meta/,0.9428936243057251
She bought a new phone last week.,"She bought a new phone last week.

Responder:
""Ela comprou um telefone novo na semana passada.""

Se precisar de ajuda adicional ou explicações, estou à disposição!",She purchased a new smartphone last week.,mistral/prompt3,0.9685915708541871
She bought a new phone last week.,"Ela estreou um celular novo semana passada.
",She unwrapped a brand new phone last week.,gemini/prompt4,0.98017930984497
She bought a new phone last week.,Ela comprou um telefone novo na semana passada.,She got herself a shiny new phone last week.,gpt/prompt4,0.9890260696411131
She bought a new phone last week.,"Ela comprou um celular novo semana passada.
","She bought a new cell phone last week.
",gemini/prompt1,1.0
She bought a new phone last week.,"Ela comprou um telefone novo na semana passada.
","She bought a new phone last week.
",gemini/prompt2,1.0
She bought a new phone last week.,Ela comprou um celular novo semana passada.,She bought a new phone last week.,gemma3/prompt1,1.0
She bought a new phone last week.,Ela comprou um celular novo na semana passada.,She bought a new phone last week.,gemma3/prompt2,1.0
She bought a new phone last week.,Ela comprou um novo telefone na semana passada.,She bought a new phone last week.,gemmaX/,1.0
She bought a new phone last week.,Ela comprou um telefone novo na semana passada.,She bought a new phone last week.,gpt/prompt1,1.0
She bought a new phone last week.,Ela comprou um telefone novo na semana passada.,She bought a new phone last week.,gpt/prompt2,1.0
She bought a new phone last week.,Ela comprou um novo telefone na semana passada.,She bought a new phone last week.,llama/prompt1,1.0
She bought a new phone last week.,Ela comprou um novo telefone semana passada.,She bought a new phone last week.,llama/prompt2,1.0
She bought a new phone last week.,Ela comprou um telefone novo na semana passada.,She bought a new phone last week.,marian/,1.0
She bought a new phone last week.,Ela comprou um novo telefone na semana passada.,She bought a new phone last week.,mistral/prompt1,1.0
She bought a new phone last week.,Ela comprou um novo telefone na semana passada.,She bought a new phone last week.,mistral/prompt2,1.0
She bought a new phone last week.,Ela comprou um novo telefone na semana passada.,She bought a new phone last week.,mistral/prompt4,1.0
She bought a new phone last week.,Ela comprou um novo telefone na semana passada.,She bought a new phone last week.,qwen/prompt1,1.0
She bought a new phone last week.,Ela comprou um novo telefone na semana passada.,She bought a new phone last week.,qwen/prompt2,1.0
close to my heart,"""Near to my heart""","""My heart is as near to me as the sun.""",mistral/prompt3,0.695200622081756
close to my heart,"No âmago do meu ser.
",Deep in my bones.,gemma3/prompt4,0.7280119657516481
close to my heart,Perto ao meu coração.,Perto a meu coração é o meu lar.,llama/prompt3,0.796909868717193
close to my heart,No âmago do meu ser.,At the heart of my being.,gemma3/prompt3,0.8700686097145081
close to my heart,Muito próximo ao meu coração.,Muito próximo ao meu coração é 'near and dear to my heart'.,llama/prompt4,0.91739821434021
close to my heart,"Perto do meu coração.
",Near and dear to my heart.,gemini/prompt4,0.9650188684463501
close to my heart,""" Perto do meu coração"".","""T close to my heart"".",meta/,0.967228531837463
close to my heart,Perto do meu coração.,Near my heart.,llama/prompt1,0.9906339645385741
close to my heart,"Perto do meu coração
","Near my heart
",gemini/prompt1,0.990777134895324
close to my heart,próximo ao meu coração,next to my heart,gpt/prompt1,0.9912000298500061
close to my heart,Muito próximo da minha alma.,Very close to my soul.,llama/prompt2,0.9912000298500061
close to my heart,Próximo ao meu coração.,Near my heart.,mistral/prompt1,0.9912000298500061
close to my heart,Near my heart,close to my heart,mistral/prompt4,0.9974613189697261
close to my heart,"Perto do meu coração.
","Close to my heart.
",gemini/prompt2,1.0
close to my heart,"Perto do meu coração.
",Close to my heart.,gemini/prompt3,1.0
close to my heart,Perto do meu coração.,Close to my heart.,gemma3/prompt1,1.0
close to my heart,"Perto do meu coração.
",Close to my heart.,gemma3/prompt2,1.0
close to my heart,perto do meu coração,close to my heart,gemmaX/,1.0
close to my heart,perto do meu coração,Close to my heart,gpt/prompt2,1.0
close to my heart,próximo ao meu coração,close to my heart,gpt/prompt3,1.0
close to my heart,Perto do meu coração.,Close to my heart.,gpt/prompt4,1.0
close to my heart,perto do meu coração,near my heart,marian/,1.0
close to my heart,Perto do meu coração,Close to my heart.,mistral/prompt2,1.0
close to my heart,perto do meu coração,close to my heart,qwen/prompt1,1.0
close to my heart,perto do meu coração,close to my heart,qwen/prompt2,1.0
close to my heart,próximo ao meu coração,close to my heart,qwen/prompt3,1.0
close to my heart,perto do meu coração,close to my heart,qwen/prompt4,1.0
She is writing a letter to her friend.,Ela está esboçando uma cartinha à sua amiga.,Ela está traçando um roteiro para sua amiga.,llama/prompt4,0.6885693073272701
She is writing a letter to her friend.,ela está tecendo uma carta para sua amiga.,She's spinning a letter for her friend.,mistral/prompt3,0.7366085648536681
She is writing a letter to her friend.,Ela tece palavras para o coração de uma amiga.,She weaves words into the heart of a friend.,gemma3/prompt3,0.767718791961669
She is writing a letter to her friend.,Ela está fazendo um croqui para sua amiga.,She is sketching a portrait for her friend.,qwen/prompt4,0.7943426370620721
She is writing a letter to her friend.,Ela está escrevendo uma carta para seu amigo.,Ela está caligrafando uma missiva para seu amigo.,llama/prompt3,0.8263667225837701
She is writing a letter to her friend.,"Ela despeja palavras no papel para a amiga.
",She pours words onto the page for her friend.,gemini/prompt4,0.861893415451049
She is writing a letter to her friend.,Ela está tecendo memórias para sua amiga.,She is weaving memories for her friend.,qwen/prompt3,0.868127346038818
She is writing a letter to her friend.,"Ela está tecendo palavras para a amiga.
",She is weaving words for her friend.,gemini/prompt3,0.8849985599517821
She is writing a letter to her friend.,Ela tece palavras para sua amiga.,She weaves words for her friend.,gemma3/prompt4,0.9301288127899171
She is writing a letter to her friend.,Ela está tecendo palavras em uma carta para sua amiga.,She is weaving words into a letter for her friend.,gpt/prompt3,0.9689258337020871
She is writing a letter to her friend.,Ela está escrevendo uma carta ao seu amigo.,She's writing a letter to your friend.,marian/,0.984157681465148
She is writing a letter to her friend.,Ela está escrevendo uma carta para sua amiga.,She is penning a letter to her friend.,mistral/prompt4,0.9842892289161681
She is writing a letter to her friend.,"Ela está escrevendo uma carta para a amiga dela.
","She is writing a letter to her friend.
",gemini/prompt1,1.0
She is writing a letter to her friend.,"Ela está escrevendo uma carta para a amiga dela.
","She is writing a letter to her friend.
",gemini/prompt2,1.0
She is writing a letter to her friend.,"Ela está escrevendo uma carta para sua amiga.
",She is writing a letter to her friend.,gemma3/prompt1,1.0
She is writing a letter to her friend.,"Ela está escrevendo uma carta para sua amiga.
",She is writing a letter to her friend.,gemma3/prompt2,1.0
She is writing a letter to her friend.,Ela está escrevendo uma carta para sua amiga.,She is writing a letter to her friend.,gemmaX/,1.0
She is writing a letter to her friend.,Ela está escrevendo uma carta para a amiga dela.,She is writing a letter to her friend.,gpt/prompt1,1.0
She is writing a letter to her friend.,Ela está escrevendo uma carta para sua amiga.,She is writing a letter to her friend.,gpt/prompt2,1.0
She is writing a letter to her friend.,Ela está escrevendo uma carta para sua amiga.,She is writing a letter to her friend.,gpt/prompt4,1.0
She is writing a letter to her friend.,Ela está escrevendo uma carta para sua amiga.,She is writing a letter to her friend.,llama/prompt1,1.0
She is writing a letter to her friend.,Ela está escrevendo uma carta para sua amiga.,She is writing a letter to her friend.,llama/prompt2,1.0
She is writing a letter to her friend.,Ela está escrevendo uma carta para o seu amigo.,She is writing a letter to her friend.,meta/,1.0
She is writing a letter to her friend.,Ela está escrevendo uma carta para sua amiga.,She is writing a letter to her friend.,mistral/prompt1,1.0
She is writing a letter to her friend.,Ela está escrevendo uma carta para a amiga.,She is writing a letter to her friend.,mistral/prompt2,1.0
She is writing a letter to her friend.,Ela está escrevendo uma carta para sua amiga.,She is writing a letter to her friend.,qwen/prompt1,1.0
She is writing a letter to her friend.,Ela está escrevendo uma carta para sua amiga.,She is writing a letter to her friend.,qwen/prompt2,1.0
She is knitting a scarf for winter.,Ela tece o inverno em lã.,She weaves winter in wool.,gemma3/prompt3,0.769100248813629
She is knitting a scarf for winter.,Ela está cosendo um lenço para o inverno.,She is stitching up winter.,qwen/prompt4,0.7791234254837031
She is knitting a scarf for winter.,"Ela está tecendo o inverno.
",She is weaving winter.,gemini/prompt3,0.784602880477905
She is knitting a scarf for winter.,"Ela está tecendo o inverno.
",She is weaving winter.,gemini/prompt4,0.784602999687194
She is knitting a scarf for winter.,Ela está tecendo um abrigo para o inverno em seu coração.,Ela está tecendo um abrigo para o inverno em seu coração. - She's weaving a winter cloak within her heart.,llama/prompt3,0.8150054812431331
She is knitting a scarf for winter.,Ela está tejiendo uma neve para o inverno.,She is weaving a snow for winter.,qwen/prompt3,0.8156436085700981
She is knitting a scarf for winter.,Ela tece um abraço para o frio.,She weaves a hug for the chill.,gemma3/prompt4,0.8199328184127801
She is knitting a scarf for winter.,Ela está tricotando uma meada para o inverno.,She's spinning a yarn for winter.,mistral/prompt4,0.8632983565330501
She is knitting a scarf for winter.,Ela está tece uma faixa para o inverno.,She's weaving a scarf for winter.,llama/prompt4,0.9610015153884881
She is knitting a scarf for winter.,Ela está tecendo um cachecol para o inverno.,She is weaving a scarf for winter.,gpt/prompt4,0.9616321325302121
She is knitting a scarf for winter.,Ela está tecendo um lenço para o inverno.,She is weaving a scarf for the winter.,gpt/prompt3,0.9779714345932001
She is knitting a scarf for winter.,Ela está tecendo um cachecol para o inverno.,She is knitting a scarf for the winter.,mistral/prompt3,0.9932177066802971
She is knitting a scarf for winter.,Ela está tricotando um cachecol para o inverno.,She is knitting a scarf for the winter.,gemmaX/,0.9999058246612541
She is knitting a scarf for winter.,"Ela está tricotando um cachecol para o inverno.
","She is knitting a scarf for the winter.
",gemini/prompt1,1.0
She is knitting a scarf for winter.,"Ela está tricotando um cachecol para o inverno.
","She is knitting a scarf for the winter.
",gemini/prompt2,1.0
She is knitting a scarf for winter.,Ela está tricotando um cachecol para o inverno.,She is knitting a scarf for winter.,gemma3/prompt1,1.0
She is knitting a scarf for winter.,Ela está tricotando um cachecol para o inverno.,She is knitting a scarf for winter.,gemma3/prompt2,1.0
She is knitting a scarf for winter.,Ela está tricotando um cachecol para o inverno.,She is knitting a scarf for winter.,gpt/prompt1,1.0
She is knitting a scarf for winter.,Ela está tricotando um cachecol para o inverno.,She is knitting a scarf for winter.,gpt/prompt2,1.0
She is knitting a scarf for winter.,Ela está tecendo um cachecol para o inverno.,She is knitting a scarf for winter.,llama/prompt1,1.0
She is knitting a scarf for winter.,Ela está tecendo um cachecol para o inverno.,She is knitting a scarf for winter.,llama/prompt2,1.0
She is knitting a scarf for winter.,Ela está a tricotar um lenço para o inverno.,She's knitting a scarf for the winter.,marian/,1.0
She is knitting a scarf for winter.,Ela está a tricotar um lenço para o inverno.,She's knitting a scarf for the winter.,meta/,1.0
She is knitting a scarf for winter.,Ela está tricotando um cachecol para o inverno.,She is knitting a scarf for winter.,mistral/prompt1,1.0
She is knitting a scarf for winter.,Ela está tricotando um cachecol para o inverno.,She is knitting a scarf for winter.,mistral/prompt2,1.0
She is knitting a scarf for winter.,Ela está tricotando um lenço para o inverno.,She is knitting a scarf for winter.,qwen/prompt1,1.0
She is knitting a scarf for winter.,Ela está tricotando uma echarpe para o inverno.,She is knitting a scarf for winter.,qwen/prompt2,1.0
She is preparing dinner for the guests.,Ela está preparando o jantar para os convidados.,Ela está cozinhar para o grande espetáculo.,llama/prompt4,0.733880341053009
She is preparing dinner for the guests.,Ela está preparando o paladar dos convidados.,"""She is priming the palates of the guests.""",qwen/prompt3,0.835906147956848
She is preparing dinner for the guests.,"Ela está botando a mesa para os convidados.
",She's setting the stage for her guests.,gemini/prompt4,0.845422267913818
She is preparing dinner for the guests.,Ela está colorindo o banquete para os convidados.,She is painting the feast for the guests.,gpt/prompt3,0.8462666273117061
She is preparing dinner for the guests.,Ela tece o jantar para os convidados.,She weaves the dinner for her guests.,gemma3/prompt3,0.858036696910858
She is preparing dinner for the guests.,Ela está cozinhando a ceia para os convidados.,She is simmering the dinner for the guests.,qwen/prompt4,0.893862068653106
She is preparing dinner for the guests.,Ela está orquestrando o banquete para os convidados.,She’s conducting a feast for her guests.,gemma3/prompt4,0.9485139846801751
She is preparing dinner for the guests.,"Ela está armando a ceia para os convidados.
",She's setting the table for her guests.,gemini/prompt3,0.961702466011047
She is preparing dinner for the guests.,Ela está preparando o jantar para os convidados.,"""She is laying out the dinner for the guests.""",mistral/prompt4,0.9706144332885741
She is preparing dinner for the guests.,Ela está montando um espetáculo culinário para os convidados.,Ela está arranjando um jantar para os convidados.,llama/prompt3,0.9777061939239501
She is preparing dinner for the guests.,ela está cozinhando para os hóspedes,She is cooking for the guests.,mistral/prompt3,0.9888643622398371
She is preparing dinner for the guests.,"Ela está preparando o jantar para os convidados.
","She is preparing dinner for the guests.
",gemini/prompt1,1.0
She is preparing dinner for the guests.,"Ela está preparando o jantar para os convidados.
","She is preparing dinner for the guests.
",gemini/prompt2,1.0
She is preparing dinner for the guests.,Ela está preparando o jantar para os convidados.,She is preparing dinner for the guests.,gemma3/prompt1,1.0
She is preparing dinner for the guests.,Ela está preparando o jantar para os convidados.,She is preparing dinner for the guests.,gemma3/prompt2,1.0
She is preparing dinner for the guests.,Ela está preparando o jantar para os convidados.,She is preparing dinner for the guests.,gemmaX/,1.0
She is preparing dinner for the guests.,Ela está preparando o jantar para os convidados.,She is preparing dinner for the guests.,gpt/prompt1,1.0
She is preparing dinner for the guests.,Ela está preparando o jantar para os convidados.,She is preparing dinner for the guests.,gpt/prompt2,1.0
She is preparing dinner for the guests.,Ela está preparando o jantar para os convidados.,She is cooking up dinner for the guests.,gpt/prompt4,1.0
She is preparing dinner for the guests.,Ela está preparando jantar para os convidados.,She is preparing dinner for the guests.,llama/prompt1,1.0
She is preparing dinner for the guests.,Ela está preparando jantar para os hóspedes.,She's preparing dinner for the guests.,llama/prompt2,1.0
She is preparing dinner for the guests.,Ela está preparando o jantar para os convidados.,She's preparing dinner for the guests.,marian/,1.0
She is preparing dinner for the guests.,Ela está preparando o jantar para os convidados.,She is preparing the dinner for guests.,meta/,1.0
She is preparing dinner for the guests.,Ela está preparando o jantar para os hóspedes.,She is preparing dinner for the guests.,mistral/prompt1,1.0
She is preparing dinner for the guests.,Ela está preparando o jantar para os hóspedes.,She is preparing dinner for the guests.,mistral/prompt2,1.0
She is preparing dinner for the guests.,Ela está preparando jantar para os convidados.,She is preparing dinner for the guests.,qwen/prompt1,1.0
She is preparing dinner for the guests.,Ela está preparando o jantar para os convidados.,She is preparing dinner for the guests.,qwen/prompt2,1.0
"hope for the best, prepare for the worst","Acredite no sol, prepare-se para a tempestade.
","Believe in the sun, brace for the storm.",gemini/prompt3,0.7496817111968991
"hope for the best, prepare for the worst","Desesperar pelo melhor, preparar-se para o pior.","A desesperar pelo melhor, preparar-se para o pior.",llama/prompt4,0.786531209945678
"hope for the best, prepare for the worst","Aposte no sol, mas carregue o guarda-chuva.
","Hope for sunshine, but pack for rain.",gemma3/prompt4,0.8918658494949341
"hope for the best, prepare for the worst","Tudo bem que assim seja. Esperar o melhor, preparar o pior.","""All right, then. Hope for the best, prepare for the worst.""",llama/prompt3,0.9267091751098631
"hope for the best, prepare for the worst","Aposte no sol, mas carregue o guarda-chuva.","Hope for sunshine, but pack an umbrella.",gemma3/prompt3,0.9370224475860591
"hope for the best, prepare for the worst","Espero o melhor, me preparo para o pior.","I anticipate the best, prepare for the worst.",mistral/prompt3,0.9680620431900021
"hope for the best, prepare for the worst","Esperavas o melhor, mas estás preparado para o pior.","You were hoping for the best, but you are preparing for the worst.",meta/,0.980351567268371
"hope for the best, prepare for the worst","Esperar o melhor, se preparar para o pior","""Prepare for the worst and hope for the best.""",mistral/prompt4,0.9804114103317261
"hope for the best, prepare for the worst","Esperar o melhor, preparar-se para o pior.","Hold out for the best, prepare for the worst.",llama/prompt2,0.987947463989257
"hope for the best, prepare for the worst","Espero o melhor, prepare-se para o pior.","I hope for the best, prepare for the worst.",mistral/prompt1,0.9912000298500061
"hope for the best, prepare for the worst","Espero o melhor, preparo o pior.","I hope for the best, prepare for the worst.",mistral/prompt2,0.9912000298500061
"hope for the best, prepare for the worst","espero o melhor, mas me preparo para o pior","I hope for the best, but I prepare for the worst.",qwen/prompt1,0.9912000298500061
"hope for the best, prepare for the worst","Esperar o melhor, preparar-se para o pior.
","Hope for the best, prepare for the worst.",gemini/prompt4,0.9994919300079341
"hope for the best, prepare for the worst","Espere o melhor, prepare-se para o pior.
","Hope for the best, prepare for the worst.
",gemini/prompt1,1.0
"hope for the best, prepare for the worst","Esperar o melhor, preparar-se para o pior.
","Hope for the best, prepare for the worst.
",gemini/prompt2,1.0
"hope for the best, prepare for the worst","Espero o melhor, prepare-se para o pior.","Hope for the best, prepare for the worst.",gemma3/prompt1,1.0
"hope for the best, prepare for the worst","Esperar o melhor, preparar-se para o pior.","Hope for the best, prepare for the worst.",gemma3/prompt2,1.0
"hope for the best, prepare for the worst","esperar o melhor, preparar-se para o pior","expect the best, prepare for the worst",gemmaX/,1.0
"hope for the best, prepare for the worst","espere pelo melhor, prepare-se para o pior","""Expect the best, prepare for the worst.""",gpt/prompt1,1.0
"hope for the best, prepare for the worst","espere pelo melhor, prepare-se para o pior","""Hope for the best, prepare for the worst.""",gpt/prompt2,1.0
"hope for the best, prepare for the worst","Espere o melhor, prepare-se para o pior.","""Expect the best, prepare for the worst.""",gpt/prompt3,1.0
"hope for the best, prepare for the worst","Esperar pelo melhor, preparar-se para o pior.","Hope for the best, prepare for the worst.",gpt/prompt4,1.0
"hope for the best, prepare for the worst","""Esperar pelo melhor, preparar-se para o pior""","""Hope for the best, prepare for the worst.""",llama/prompt1,1.0
"hope for the best, prepare for the worst","esperança para o melhor, preparar-se para o pior","hope for the best, prepare for the worst",marian/,1.0
"hope for the best, prepare for the worst","Esperar o melhor, preparar-se para o pior","Hope for the best, prepare for the worst.",qwen/prompt2,1.0
"hope for the best, prepare for the worst","esperar o melhor, preparar-se para o pior","hope for the best, prepare for the worst",qwen/prompt3,1.0
"hope for the best, prepare for the worst","esperar o melhor, preparar-se para o pior","hope for the best, prepare for the worst",qwen/prompt4,1.0
back to square one,Voltar à estaca zero.,To go back to square one.,gemma3/prompt4,0.939075231552124
back to square one,"Voltar à estaca zero.
",To go back to square one.,gemini/prompt4,0.941633105278015
back to square one,"Deixar tudo para trás e começar do zero, voltar ao ponto de partida.","Deixar tudo para trás e começar do zero, voltar ao ponto de partida.

Translation:
To leave everything behind and start from scratch, go back to square one.",llama/prompt3,0.9618206620216371
back to square one,Reter no zero.,Retornar ao início,llama/prompt4,0.968360304832458
back to square one,Voltar à página um,"""Turn back to page one.""",mistral/prompt3,0.9792648553848261
back to square one,Voltar ao ponto de partida,Go back to the starting point,qwen/prompt3,0.9844470024108881
back to square one,voltar ao ponto de partida,go back to square one,qwen/prompt4,0.9858040809631341
back to square one,de volta ao ponto de partida,back to the starting point,gemmaX/,0.9912000298500061
back to square one,De volta ao ponto de partida,Back to the starting point,mistral/prompt2,0.9912000298500061
back to square one,de volta ao ponto de partida,back to the starting point,qwen/prompt1,0.9912000298500061
back to square one,de volta à estaca zero,back to square one,gpt/prompt3,0.9970680475234981
back to square one,de volta à estaca zero,back to square one,gpt/prompt4,0.9970680475234981
back to square one,"Voltar à estaca zero.
",Back to square one.,gemma3/prompt3,0.9989758729934691
back to square one,Voltar ao ponto de partida.,Back to square one.,meta/,0.9998986721038811
back to square one,"De volta à estaca zero.
",Back to square one.,gemini/prompt3,0.99994945526123
back to square one,"De volta à estaca zero
","Back to square one
",gemini/prompt1,1.0
back to square one,"De volta à estaca zero
","Back to square one
",gemini/prompt2,1.0
back to square one,"De volta à estaca zero.
",Back to square one.,gemma3/prompt1,1.0
back to square one,"De volta à estaca zero.
",Back to square one.,gemma3/prompt2,1.0
back to square one,de volta à estaca zero,back to square one,gpt/prompt1,1.0
back to square one,de volta à estaca zero,back to square one,gpt/prompt2,1.0
back to square one,De volta à square one.,Back to square one.,llama/prompt1,1.0
back to square one,Voltar ao zero.,Start from scratch.,llama/prompt2,1.0
back to square one,Voltar ao quadrado um,Return to square one,marian/,1.0
back to square one,De volta ao zero,Back to zero,mistral/prompt1,1.0
back to square one,Voltar ao ponto de partida,Return to the starting point,mistral/prompt4,1.0
back to square one,De volta à estaca zero,Back to square one,qwen/prompt2,1.0
She is visiting her grandmother in the hospital.,"Ela está levando flores para a casa de repouso da avó.
",She’s carrying sunshine to her grandmother’s twilight home.,gemma3/prompt4,0.28984507918357805
She is visiting her grandmother in the hospital.,Ela está visitando a avó no hospital.,Ela está fazendo uma visita de consolidação.,llama/prompt4,0.331792622804641
She is visiting her grandmother in the hospital.,Ela está visitando a sua avó em um hospital.,Ela está fazendo uma visita de cuidado ao santuário de sua ancestral.,llama/prompt3,0.351981222629547
She is visiting her grandmother in the hospital.,Ela leva consigo um raio de sol para a casa doente da avó.,She carries a sunbeam into her grandmother's ailing home.,gemma3/prompt3,0.570400357246398
She is visiting her grandmother in the hospital.,"Ela está visitando a avó na UTI.
",She's walking the long corridor with her grandmother.,gemini/prompt4,0.600785255432128
She is visiting her grandmother in the hospital.,"Ela está em peregrinação ao santuário da avó.
",She's on a pilgrimage to her grandmother's shrine.,gemini/prompt3,0.797920286655426
She is visiting her grandmother in the hospital.,"She is visiting her grandmother in the hospital. ""Visitar sua avó no hospital.""",She is paying a visit to her grandmother in the hospital.,mistral/prompt4,0.9612133502960201
She is visiting her grandmother in the hospital.,Ela está fazendo uma visita à sua avó na unidade hospitalar.,She is paying a visit to her grandmother at the hospital ward.,mistral/prompt3,0.9749459028244011
She is visiting her grandmother in the hospital.,Ela está visitando sua avó no hospital.,"She is visiting her grandmother in hospital, metaphorically.",qwen/prompt4,0.9758907556533811
She is visiting her grandmother in the hospital.,Ela está fazendo uma visita à sua avó no hospital.,She is paying a visit to her grandmother in the hospital.,gpt/prompt3,0.9812544584274291
She is visiting her grandmother in the hospital.,Ela está fazendo uma visita metaphorica à sua avó no hospital.,"""She is paying a metaphorical visit to her grandmother in the hospital.""",qwen/prompt3,0.984884619712829
She is visiting her grandmother in the hospital.,"Ela está visitando sua avó no hospital.
","She is visiting her grandmother in the hospital.
",gemini/prompt1,0.9912000298500061
She is visiting her grandmother in the hospital.,"Ela está visitando sua avó no hospital.
","She is visiting her grandmother in the hospital.
",gemini/prompt2,0.9912000298500061
She is visiting her grandmother in the hospital.,Ela está visitando a avó no hospital.,She is visiting her grandmother in the hospital.,gpt/prompt4,0.9996780157089231
She is visiting her grandmother in the hospital.,Ela está visitando sua avó no hospital.,She is visiting her grandmother in the hospital.,gemma3/prompt1,1.0
She is visiting her grandmother in the hospital.,Ela está visitando sua avó no hospital.,She is visiting her grandmother in the hospital.,gemma3/prompt2,1.0
She is visiting her grandmother in the hospital.,Ela está visitando sua avó no hospital.,She's visiting her grandmother in the hospital.,gemmaX/,1.0
She is visiting her grandmother in the hospital.,Ela está visitando sua avó no hospital.,She is visiting her grandmother in the hospital.,gpt/prompt1,1.0
She is visiting her grandmother in the hospital.,Ela está visitando a avó dela no hospital.,She is visiting her grandmother in the hospital.,gpt/prompt2,1.0
She is visiting her grandmother in the hospital.,Ela está visitando sua avó no hospital.,She is visiting her grandmother in the hospital.,llama/prompt1,1.0
She is visiting her grandmother in the hospital.,Ela está visitando sua avó no hospital.,She is visiting her grandmother in the hospital.,llama/prompt2,1.0
She is visiting her grandmother in the hospital.,Ela está visitando a avó no hospital.,She's visiting her grandmother at the hospital.,marian/,1.0
She is visiting her grandmother in the hospital.,Ela está visitando sua avó no hospital.,She's visiting her grandmother in the hospital.,meta/,1.0
She is visiting her grandmother in the hospital.,Ela está visitando a avó no hospital.,She is visiting her grandmother in the hospital.,mistral/prompt1,1.0
She is visiting her grandmother in the hospital.,Ela está visitando sua avó no hospital.,She is visiting her grandmother at the hospital.,mistral/prompt2,1.0
She is visiting her grandmother in the hospital.,Ela está visitando sua avó no hospital.,She is visiting her grandmother at the hospital.,qwen/prompt1,1.0
She is visiting her grandmother in the hospital.,Ela está visitando sua avó no hospital.,She is visiting her grandmother in the hospital.,qwen/prompt2,1.0
They are having a barbecue in the garden.,Estão dando um jeito na varanda.,They are finding a way around the balcony.,qwen/prompt4,0.438993722200393
They are having a barbecue in the garden.,"""Você tem o bico da barbeira, no jardim.","""You have the shaver's beak in the garden.",meta/,0.522560834884643
They are having a barbecue in the garden.,"Estão assando um sol no quintal.
",They're baking a sun in the backyard.,gemini/prompt4,0.668733596801757
They are having a barbecue in the garden.,Eles estão assando alegrias no jardim.,They are roasting joys in the garden.,gpt/prompt3,0.768337965011596
They are having a barbecue in the garden.,Está fervendo um braseiro de alegria no quintal.,A bonfire of joy is blazing in the backyard.,gemma3/prompt3,0.783613204956054
They are having a barbecue in the garden.,Estão assando a vida no quintal.,They're roasting life in the backyard.,gemma3/prompt4,0.799487173557281
They are having a barbecue in the garden.,Eles estão preparando um churrasco no jardim.,Eles estão grillando as coisas no jardim.,llama/prompt3,0.853054404258728
They are having a barbecue in the garden.,"Eles estão assando o sol no quintal.
",They're baking in the sun in the yard.,gemini/prompt3,0.8610986471176141
They are having a barbecue in the garden.,Eles estão fazendo uma revolução no jardim.,They are revolutionizing the garden.,qwen/prompt3,0.868613123893737
They are having a barbecue in the garden.,Estão fazendo uma festa no jardim.,They're throwing a party in the garden.,mistral/prompt3,0.9848632812499999
They are having a barbecue in the garden.,"Eles estão fazendo um churrasco no jardim.
","They are having a barbecue in the garden.
",gemini/prompt1,0.9912000298500061
They are having a barbecue in the garden.,"Eles estão fazendo um churrasco no jardim.
","They are having a barbecue in the garden.
",gemini/prompt2,0.9912000298500061
They are having a barbecue in the garden.,Eles estão fazendo uma churrascada no jardim.,They're hosting a backyard BBQ.,llama/prompt4,0.9923261404037471
They are having a barbecue in the garden.,"Eles estão fazendo um churrasco no jardim.
",They are having a barbecue in the garden.,gemma3/prompt1,1.0
They are having a barbecue in the garden.,"Eles estão fazendo um churrasco no jardim.
",They're having a barbecue in the garden.,gemma3/prompt2,1.0
They are having a barbecue in the garden.,Eles estão fazendo um churrasco no jardim.,They're having a barbecue in the garden.,gemmaX/,1.0
They are having a barbecue in the garden.,Eles estão fazendo um churrasco no jardim.,They are having a barbecue in the garden.,gpt/prompt1,1.0
They are having a barbecue in the garden.,Eles estão fazendo um churrasco no jardim.,They are having a barbecue in the garden.,gpt/prompt2,1.0
They are having a barbecue in the garden.,Eles estão fazendo um churrasco no jardim.,They are having a barbecue in the garden.,gpt/prompt4,1.0
They are having a barbecue in the garden.,Eles estão tendo um churrasco no jardim.,They are having a barbecue in the garden.,llama/prompt1,1.0
They are having a barbecue in the garden.,Eles estão fazendo um churrasco no jardim.,They are having a barbecue in the garden.,llama/prompt2,1.0
They are having a barbecue in the garden.,Eles estão tendo um churrasco no jardim.,They're having a barbecue in the garden.,marian/,1.0
They are having a barbecue in the garden.,Eles estão fazendo um churrasco no jardim.,They are having a barbecue in the garden.,mistral/prompt1,1.0
They are having a barbecue in the garden.,Eles estão fazendo um churrasco no jardim.,They are having a barbecue in the garden.,mistral/prompt2,1.0
They are having a barbecue in the garden.,Eles estão fazendo um churrasco no jardim.,They are having a barbecue in the garden.,mistral/prompt4,1.0
They are having a barbecue in the garden.,Eles estão tendo uma churrascaria no jardim.,They are having a barbecue in the garden.,qwen/prompt1,1.0
They are having a barbecue in the garden.,Eles estão fazendo um churrasco no jardim.,They are having a barbecue in the garden.,qwen/prompt2,1.0
She plays the piano beautifully.,"Ela brinca com o piano como se fosse uma flor que se balança ao vento, suas notas uma dança de seda ao sol.","Ela brinca com o piano como se fosse uma flor que se balança ao vento, suas notas uma dança de seda ao sol.",llama/prompt3,0.6547971367835991
She plays the piano beautifully.,"Ela acaricia o piano com alma.
",She caresses the piano with her soul.,gemini/prompt4,0.7256644964218141
She plays the piano beautifully.,Ela dança com as teclas.,She waltzes with the keys.,gemma3/prompt4,0.753245532512664
She plays the piano beautifully.,Toca o piano de forma encantadora.,Toca o piano com magia nas mãos.,llama/prompt4,0.8161152005195611
She plays the piano beautifully.,Joga o piano com uma beleza exuberante.,"""Play the piano with exhilarating beauty.""",mistral/prompt4,0.825019240379333
She plays the piano beautifully.,"Ela derrama música do piano.
",She pours music from the piano.,gemini/prompt3,0.8749125003814691
She plays the piano beautifully.,Ela desliza pelos teclados como um rio de luz.,She flows across the keyboards like a river of light.,gemma3/prompt3,0.8975414037704461
She plays the piano beautifully.,Toque o piano com uma beleza inigualável.,Play the piano with unparalleled beauty.,mistral/prompt3,0.9131788015365601
She plays the piano beautifully.,Ela dança nas teclas do piano com beleza.,"""She dances on the piano keys with grace.""",gpt/prompt3,0.9428268671035761
She plays the piano beautifully.,ela toca o piano maravilhosamente,she plays the piano stunningly,qwen/prompt4,0.9797375202178951
She plays the piano beautifully.,"""A toca de piano muito bem.","""She plays the piano very well.",meta/,0.9912000298500061
She plays the piano beautifully.,Ela toca o piano de forma bela.,"""She plays the piano beautifully.""",mistral/prompt2,0.9912000298500061
She plays the piano beautifully.,Ela toca piano beautifulmente.,She plays beautiful piano.,qwen/prompt1,0.9912000298500061
She plays the piano beautifully.,"Ela toca piano lindamente.
","She plays the piano beautifully.
",gemini/prompt1,1.0
She plays the piano beautifully.,"Ela toca piano lindamente.
","She plays the piano beautifully.
",gemini/prompt2,1.0
She plays the piano beautifully.,Ela toca piano lindamente.,She plays the piano beautifully.,gemma3/prompt1,1.0
She plays the piano beautifully.,"Ela toca piano lindamente.
",She plays the piano beautifully.,gemma3/prompt2,1.0
She plays the piano beautifully.,Ela toca piano lindamente.,She plays the piano beautifully.,gemmaX/,1.0
She plays the piano beautifully.,Ela toca piano lindamente.,She plays the piano beautifully.,gpt/prompt1,1.0
She plays the piano beautifully.,Ela toca piano lindamente.,She plays the piano beautifully.,gpt/prompt2,1.0
She plays the piano beautifully.,Ela toca piano com maestria.,She plays the piano with mastery.,gpt/prompt4,1.0
She plays the piano beautifully.,Ela toca piano maravilhosamente.,She plays the piano beautifully.,llama/prompt1,1.0
She plays the piano beautifully.,Ela toca piano maravilhosamente.,She plays the piano beautifully.,llama/prompt2,1.0
She plays the piano beautifully.,Ela toca piano muito bem.,She plays the piano very well.,marian/,1.0
She plays the piano beautifully.,Ela toca o piano com maestria.,She plays the piano with mastery.,mistral/prompt1,1.0
She plays the piano beautifully.,Ela toca piano lindamente.,She plays the piano beautifully.,qwen/prompt2,1.0
She plays the piano beautifully.,Ela toca a piano de forma encantadora.,She plays the piano enchantingly.,qwen/prompt3,1.0
They cleaned the house on Saturday.,Deixaram a casa brilhando no sábado.,They left the house gleaming like a freshly-minted coin.,gemma3/prompt4,0.5189080834388731
They cleaned the house on Saturday.,Eles limparam a vida aos sábados.,They scrubbed life on Saturdays.,mistral/prompt3,0.747316122055053
They cleaned the house on Saturday.,"Eles colocaram a casa nos eixos no sábado.
",They got the house shipshape on Saturday.,gemini/prompt4,0.7978750467300411
They cleaned the house on Saturday.,Arrumaram a casa sábado.,They straightened out the house on Saturday.,mistral/prompt4,0.8354132175445551
They cleaned the house on Saturday.,"No sábado, botaram a casa nos eixos.
","On Saturday, they straightened things out.",gemini/prompt3,0.8446716070175171
They cleaned the house on Saturday.,Eles puseram as coisas em ordem no sábado.,They sorted themselves out on Saturday.,qwen/prompt4,0.8538339138031
They cleaned the house on Saturday.,Desanuviaram a casa no sábado.,They aired out the house on Saturday.,gemma3/prompt3,0.8752192854881281
They cleaned the house on Saturday.,Eles pentearam a casa no sábado.,They combed the house on Saturday.,qwen/prompt3,0.9477217793464661
They cleaned the house on Saturday.,Eles deram uma geral na casa no sábado.,They gave the house a thorough cleaning on Saturday.,gpt/prompt4,0.9774944782257081
They cleaned the house on Saturday.,Eles sanitizaram a casa no sábado.,They swept the house clean on Saturday.,llama/prompt3,0.9778362512588501
They cleaned the house on Saturday.,Eles arrumaram a casa no sábado.,They tidied up the house on Saturday.,gpt/prompt3,0.9843691587448121
They cleaned the house on Saturday.,"Eles limparam a casa no sábado.
",They will clean the house on Saturday.,gemma3/prompt1,0.9860368967056271
They cleaned the house on Saturday.,Eles limparam o lar na quinta-feira.,Eles arrumaram a casa na quinta-feira.,llama/prompt4,0.9868785142898561
They cleaned the house on Saturday.,Eles limpam a casa no sábado.,They clean the house on Saturday.,llama/prompt1,0.9912000298500061
They cleaned the house on Saturday.,Eles limpam a casa no sábado.,They clean the house on Saturday.,llama/prompt2,0.9912000298500061
They cleaned the house on Saturday.,Limparam a casa no sábado.,They cleaned the house on Saturday.,gemmaX/,0.998750686645507
They cleaned the house on Saturday.,"Eles limparam a casa no sábado.
","They cleaned the house on Saturday.
",gemini/prompt1,1.0
They cleaned the house on Saturday.,"Eles limparam a casa no sábado.
","They cleaned the house on Saturday.
",gemini/prompt2,1.0
They cleaned the house on Saturday.,Eles limparam a casa no sábado.,They cleaned the house on Saturday.,gemma3/prompt2,1.0
They cleaned the house on Saturday.,Eles limparam a casa no sábado.,They cleaned the house on Saturday.,gpt/prompt1,1.0
They cleaned the house on Saturday.,Eles limparam a casa no sábado.,They cleaned the house on Saturday.,gpt/prompt2,1.0
They cleaned the house on Saturday.,Eles limparam a casa no sábado.,They cleaned the house on Saturday.,marian/,1.0
They cleaned the house on Saturday.,Eles limparam a casa no sábado.,They cleaned the house on Saturday.,meta/,1.0
They cleaned the house on Saturday.,Eles limparam a casa no sábado.,They cleaned the house on Saturday.,mistral/prompt1,1.0
They cleaned the house on Saturday.,Eles limparam a casa no sábado.,They cleaned the house on Saturday.,mistral/prompt2,1.0
They cleaned the house on Saturday.,Eles limparam a casa no sábado.,They cleaned the house on Saturday.,qwen/prompt1,1.0
They cleaned the house on Saturday.,Eles limparam a casa no sábado.,They cleaned the house on Saturday.,qwen/prompt2,1.0
a voice in the wilderness,grito no deserto,shout into the wilderness,qwen/prompt4,0.794024944305419
a voice in the wilderness,"A voz do deserto, A voz no deserto, A voz no vácuo, A voz do vazio.","A voice in the wilderness, A voice in the void, A voice in the vacuum, A voice of emptiness",llama/prompt4,0.833922326564788
a voice in the wilderness,Uma voz no deserto.,A lone cry in the void.,gemma3/prompt4,0.849428653717041
a voice in the wilderness,'Voice in the wilderness',Voiceless in the wilderness,mistral/prompt4,0.8749289512634271
a voice in the wilderness,voz no deserto,voice in the desert,qwen/prompt3,0.961575031280517
a voice in the wilderness,Voz no deserto,Voice in the wilderness,mistral/prompt3,0.9659587144851681
a voice in the wilderness,Voz que clama no deserto.,A voice crying out in the wilderness.,gemma3/prompt3,0.9712442159652711
a voice in the wilderness,Voz que clama no deserto.,A voice crying out in the wilderness.,gpt/prompt3,0.9712442159652711
a voice in the wilderness,Uma voz inaudível no deserto,A voice inaudible in the desert,llama/prompt1,0.9742051362991331
a voice in the wilderness,"Uma voz que clama no deserto.
",A voice crying in the wilderness.,gemini/prompt3,0.9758688211441041
a voice in the wilderness,uma voz que clama no deserto,a voice crying in the wilderness,gpt/prompt4,0.977208316326141
a voice in the wilderness,Voz no deserto.,"""A Voice in the Wilderness""",llama/prompt3,0.9881572723388671
a voice in the wilderness,Uma voz na selva,A Voice in the Woods,meta/,0.9910840988159181
a voice in the wilderness,"Uma voz no deserto
","A voice in the wilderness
",gemini/prompt1,1.0
a voice in the wilderness,"Uma voz no deserto
","A voice in the wilderness
",gemini/prompt2,1.0
a voice in the wilderness,"Uma voz no deserto.
",A voice in the wilderness.,gemini/prompt4,1.0
a voice in the wilderness,Uma voz no deserto,A voice in the wilderness,gemma3/prompt1,1.0
a voice in the wilderness,Uma voz no deserto,A voice in the wilderness,gemma3/prompt2,1.0
a voice in the wilderness,uma voz no deserto,a voice in the desert,gemmaX/,1.0
a voice in the wilderness,uma voz no deserto,a voice in the wilderness,gpt/prompt1,1.0
a voice in the wilderness,uma voz no deserto,a voice in the desert,gpt/prompt2,1.0
a voice in the wilderness,Uma voz no deserto.,A voice in the wilderness.,llama/prompt2,1.0
a voice in the wilderness,uma voz no deserto,a voice in the desert,marian/,1.0
a voice in the wilderness,uma voz no deserto,A voice in the desert,mistral/prompt1,1.0
a voice in the wilderness,uma voz no deserto,A voice in the desert,mistral/prompt2,1.0
a voice in the wilderness,uma voz no deserto,a voice in the desert,qwen/prompt1,1.0
a voice in the wilderness,uma voz no deserto,a voice in the wilderness,qwen/prompt2,1.0
break the mold,- # Traios o padrão.,- ♪ Traying the pattern,meta/,0.9195870161056511
break the mold,Quebrar as regras,Bend the rules.,llama/prompt2,0.9342243671417231
break the mold,"Quebrar o padrão.
",Shake up the routine.,gemma3/prompt4,0.962678551673889
break the mold,"Quebrar barreiras
","Break barriers
",gemini/prompt1,0.969938993453979
break the mold,"Romper barreiras.
",Break barriers.,gemini/prompt3,0.9780092239379881
break the mold,quebrar o molde,"""to break the mold""",mistral/prompt2,0.979261040687561
break the mold,"Romper barreiras.
",Break through barriers.,gemini/prompt4,0.979497194290161
break the mold,Rachar o molde.,Breaking the mold.,llama/prompt3,0.9822399020195001
break the mold,"Quebre o padrão.
",Disrupt the mold.,gemma3/prompt3,0.9843720197677611
break the mold,Quebrar o molde,To break the mold,gemma3/prompt1,0.985835909843444
break the mold,quebrar o molde,"""break the mold""",qwen/prompt3,0.9903790354728691
break the mold,Quebrar o molde.,Breaking the mold.,llama/prompt1,0.9912000298500061
break the mold,Romper com o molde,Break the mold,mistral/prompt3,0.9989992380142211
break the mold,"Romper com os padrões
","Break the mold.
",gemini/prompt2,0.999655246734619
break the mold,Quebrar o molde,Break the mold,gemma3/prompt2,1.0
break the mold,quebrar o molde,breaking the mold,gemmaX/,1.0
break the mold,quebrar o molde,break the mold,gpt/prompt1,1.0
break the mold,quebrar o molde,break the mold,gpt/prompt2,1.0
break the mold,Quebrar o molde.,Break the mold.,gpt/prompt3,1.0
break the mold,quebrar o molde,break the mold,gpt/prompt4,1.0
break the mold,Quebrar o molde.,Break the mold.,llama/prompt4,1.0
break the mold,quebrar o molde,break the mold,marian/,1.0
break the mold,Quebre o molde.,Break the mold.,mistral/prompt1,1.0
break the mold,Quebrar o molde.,Break the mold.,mistral/prompt4,1.0
break the mold,quebrar o molde,break the mold,qwen/prompt1,1.0
break the mold,quebrar o molde,break the mold,qwen/prompt2,1.0
break the mold,quebrar o molde,break the mold,qwen/prompt4,1.0
She is watching the sunset from the balcony.,Ela contempla o crepúsculo do dia a partir do vão da janela.,She watches the day's embers fade from the window's mouth.,gemma3/prompt4,0.6421260833740231
She is watching the sunset from the balcony.,"Ela está assistindo ao entardecer, enquanto está parada na sacada.","Ela está capturando o entardecer, como se parada na janela da alma.",llama/prompt3,0.693172752857208
She is watching the sunset from the balcony.,"Ela contempla o crepúsculo do alto, absorta.","She watches the dusk unfold from above, lost in its reverie.",gemma3/prompt3,0.718410372734069
She is watching the sunset from the balcony.,"Ela contempla o ocaso da varanda.
","She watches the sunset from the porch, embracing the twilight of her life.",gemini/prompt4,0.732213735580444
She is watching the sunset from the balcony.,"Ela está a contemplar o ocaso da vida na varanda.
",She's watching the sunset of her life from the porch.,gemini/prompt3,0.9119913578033441
She is watching the sunset from the balcony.,"Ela está assistindo ao por do sol desde a varanda, como se estivesse observando os momentos da sua vida passarem.",She is watching the sunset from the balcony as if she were observing her life's moments passing by.,qwen/prompt3,0.9367882013320921
She is watching the sunset from the balcony.,Ela está apreciando o crepúsculo da varanda.,She is savoring the twilight from the balcony.,mistral/prompt3,0.9520018100738521
She is watching the sunset from the balcony.,Ela está observando o pôr do sol do balcão.,"""She is gazing at the sunset from the balcony.""",llama/prompt4,0.968968510627746
She is watching the sunset from the balcony.,Ela está a ver o pôr-do-sol a partir da varanda.,"Well, she's watching the sunset from the balcony.",meta/,0.975424170494079
She is watching the sunset from the balcony.,Ela está contemplando o pôr do sol da sacada.,She is gazing at the sunset from the balcony.,gpt/prompt4,0.985319733619689
She is watching the sunset from the balcony.,"""Ela contempla o pôr do sol da varanda.""","""She gazes upon the sunset from the balcony.""",mistral/prompt4,0.986499428749084
She is watching the sunset from the balcony.,Ela está assistindo ao por do sol desde o balcão.,She has been watching the sunset from the balcony.,qwen/prompt4,0.9902102947235101
She is watching the sunset from the balcony.,Ela está vendo o pôr do sol da varanda.,She's watching the sunset from the balcony.,gemmaX/,0.9962822198867791
She is watching the sunset from the balcony.,Ela está vendo o pôr do sol do balcão.,She's watching the sunset from the balcony.,qwen/prompt2,0.9981974363327021
She is watching the sunset from the balcony.,Ela observa o pôr do sol da varanda.,She watches the sunset from the balcony.,gpt/prompt3,0.9983655214309691
She is watching the sunset from the balcony.,Ela está a ver o pôr-do-sol da varanda.,She's watching the sunset on the balcony.,marian/,0.9986974000930781
She is watching the sunset from the balcony.,"Ela está assistindo ao pôr do sol da varanda.
","She is watching the sunset from the balcony.
",gemini/prompt1,1.0
She is watching the sunset from the balcony.,"Ela está assistindo o pôr do sol da varanda.
","She is watching the sunset from the balcony.
",gemini/prompt2,1.0
She is watching the sunset from the balcony.,Ela está observando o pôr do sol da varanda.,She is watching the sunset from the balcony.,gemma3/prompt1,1.0
She is watching the sunset from the balcony.,Ela está observando o pôr do sol da varanda.,She is watching the sunset from the balcony.,gemma3/prompt2,1.0
She is watching the sunset from the balcony.,Ela está assistindo ao pôr do sol da varanda.,She is watching the sunset from the balcony.,gpt/prompt1,1.0
She is watching the sunset from the balcony.,Ela está assistindo ao pôr do sol da varanda.,She is watching the sunset from the balcony.,gpt/prompt2,1.0
She is watching the sunset from the balcony.,Ela está assistindo ao pôr do sol da varanda.,She is watching the sunset from the balcony.,llama/prompt1,1.0
She is watching the sunset from the balcony.,Ela está observando o pôr do sol da varanda.,She's watching the sunset from the balcony.,llama/prompt2,1.0
She is watching the sunset from the balcony.,Ela está assistindo ao pôr do sol da varanda.,She is watching the sunset from the balcony.,mistral/prompt1,1.0
She is watching the sunset from the balcony.,Ela está observando o pôr do sol do varanda.,She is watching the sunset from the balcony.,mistral/prompt2,1.0
She is watching the sunset from the balcony.,Ela está assistindo ao pôr do sol do balcão.,She is watching the sunset from the balcony.,qwen/prompt1,1.0
ball is in your court,A bola está com você,"""It's your turn"".",llama/prompt2,0.936051130294799
ball is in your court,É a sua vez de jogar.,It's your turn to shine.,qwen/prompt3,0.9486478567123411
ball is in your court,é a sua vez de responder,It's your turn to answer.,qwen/prompt4,0.959627509117126
ball is in your court,A bola está no seu campo,The ball's in your field.,marian/,0.9648741483688351
ball is in your court,A decisão é contigo.,"""O destino está em suas mãos.""",mistral/prompt4,0.9649889469146721
ball is in your court,"A bola está com você.
",The ball's in your court.,gemini/prompt3,0.9665594696998591
ball is in your court,A bola está com você.,The ball's in your court.,gemma3/prompt3,0.9673833250999451
ball is in your court,A bola está com você,The ball is with you,qwen/prompt2,0.9757922887802121
ball is in your court,A bola está na sua praia.,The ball is in your court.,llama/prompt4,0.9771262407302851
ball is in your court,A bola está na sua quadra.,The ball's in your court.,meta/,0.9790511131286621
ball is in your court,A bola está do seu lado.,The ball is on your side.,gpt/prompt1,0.9861372709274291
ball is in your court,A bola está em seu canto.,The ball is in your court.,llama/prompt3,0.9866815805435181
ball is in your court,"A bola está com você.
",The ball is in your court.,gemma3/prompt4,0.9909579753875731
ball is in your court,A bola está nas suas mãos.,The ball is in your hands.,mistral/prompt3,0.9911831617355341
ball is in your court,"A bola está com você.
","The ball is in your court.
",gemini/prompt1,0.9939529895782471
ball is in your court,A bola está com você.,The ball is in your court.,gpt/prompt3,0.9940017461776731
ball is in your court,A bola está com você.,The ball is in your court.,gpt/prompt4,0.9940018653869621
ball is in your court,"A bola está com você.
",The ball is in your court.,gemma3/prompt2,0.995266199111938
ball is in your court,A bola está com você.,The ball is in your court.,gemma3/prompt1,0.9959518909454341
ball is in your court,A bola está em seu tribunal.,The ball is in your court.,gpt/prompt2,0.9970401525497431
ball is in your court,A bola está na sua área.,The ball is in your court.,mistral/prompt2,0.997490763664245
ball is in your court,"A bola está em seu campo.
",The ball is in your court.,gemini/prompt4,0.9975337982177731
ball is in your court,a bola está no seu campo,the ball is in your court,gemmaX/,0.9988715648651121
ball is in your court,"A bola está no seu campo.
","The ball is in your court.
",gemini/prompt2,0.9995623826980591
ball is in your court,A bola está na sua corte.,The ball is in your court.,llama/prompt1,1.0
ball is in your court,A bola está em suas mãos.,The ball is in your hands.,mistral/prompt1,1.0
ball is in your court,A bola está no seu court,The ball is on your court.,qwen/prompt1,1.0
She played cards with her friends.,Ela passou a tarde se divertindo com as cartas e as amigas.,She whiled away the afternoon weaving stories with cards and kindred spirits.,gemma3/prompt4,0.5359365344047541
She played cards with her friends.,Ela jogou na sorte com suas amigas.,She took a leap of faith with her friends.,gpt/prompt4,0.6076891422271721
She played cards with her friends.,"Ela jogou a vida na mesa com as amigas.
",She threw her life onto the table with her friends.,gemma3/prompt3,0.6827961206436151
She played cards with her friends.,"Ela jogou cartas com seus amigos. (no sentido literal)

Ela deslizou por entre as amizades, compartilhando momentos únicos. (em uma tradução mais metafórica)","She played cards with her friends. (in a literal sense)

She滑过了她的友谊圈，分享着独特的时刻。 (in a more metaphoric translation) 

She slid through her friendships, sharing unique moments.",qwen/prompt3,0.7369863986968991
She played cards with her friends.,Ela jogou cartas com seus amigos.,Ela fez uma rodada de palavras com seus amigos.,llama/prompt3,0.7534466981887811
She played cards with her friends.,"Ela jogou cartas com a vida.
",She played her cards with life.,gemini/prompt3,0.7539174556732171
She played cards with her friends.,Jogou cartas com seus amigos.,"""Played cards with his friends.""",mistral/prompt4,0.785613775253295
She played cards with her friends.,Ela jogou suas cartas com os amigos.,She laid her cards on the table with her friends.,gpt/prompt3,0.8818256855010981
She played cards with her friends.,Ela jogava cartas com seus amigos.,She was in the midst of a poker game with her friends.,llama/prompt4,0.9578998088836671
She played cards with her friends.,"Ela jogou cartas com as amigas.
",She played her cards with her friends.,gemini/prompt4,0.986390769481658
She played cards with her friends.,Jogou cartas com os amigos.,He played cards with his friends.,marian/,0.990719139575958
She played cards with her friends.,Ela jogava cartas com seus amigos.,She was playing cards with her friends.,llama/prompt2,0.9912000298500061
She played cards with her friends.,"Ela jogou cartas com suas amigas.
","She played cards with her friends.
",gemini/prompt1,1.0
She played cards with her friends.,"Ela jogou cartas com as amigas dela.
","She played cards with her friends.
",gemini/prompt2,1.0
She played cards with her friends.,"Ela jogou cartas com seus amigos.
",She played cards with her friends.,gemma3/prompt1,1.0
She played cards with her friends.,Ela jogou cartas com seus amigos.,She played cards with her friends.,gemma3/prompt2,1.0
She played cards with her friends.,Ela jogava cartas com seus amigos.,She played cards with her friends.,gemmaX/,1.0
She played cards with her friends.,Ela jogou cartas com os amigos.,She played cards with her friends.,gpt/prompt1,1.0
She played cards with her friends.,Ela jogou cartas com os amigos.,She played cards with her friends.,gpt/prompt2,1.0
She played cards with her friends.,Ela brincou de cartas com seus amigos.,She played cards with her friends.,llama/prompt1,1.0
She played cards with her friends.,Ela jogava às cartas com os seus amigos.,She played cards with her friends.,meta/,1.0
She played cards with her friends.,Ela jogou cartas com seus amigos.,She played cards with her friends.,mistral/prompt1,1.0
She played cards with her friends.,Ela jogou cartas com seus amigos.,She played cards with her friends.,mistral/prompt2,1.0
She played cards with her friends.,Ela brincou de cartas com seus amigos.,She played cards with her friends.,mistral/prompt3,1.0
She played cards with her friends.,Ela jogou cartas com suas amigas.,She played cards with her friends.,qwen/prompt1,1.0
She played cards with her friends.,Ela jogou cartas com seus amigos.,She played cards with her friends.,qwen/prompt2,1.0
She played cards with her friends.,Ela jogou cartas com suas amigas.,She played cards with her friends.,qwen/prompt4,1.0
She went to the dentist for a check-up.,Ela foi ao dentista para uma revisão.,Ela foi à cadeira de tortura para uma verificação de seu bem-estar.,llama/prompt4,0.37447711825370705
She went to the dentist for a check-up.,Ela bateu as portas.,She knocked the doors down.,qwen/prompt4,0.42598527669906605
She went to the dentist for a check-up.,Foi ao dentista para uma revisão de rotina.,"Ele foi ao dentista para uma revisão de rotina, fazer uma limpeza geral em sua gengiva.",llama/prompt3,0.516438245773315
She went to the dentist for a check-up.,Elá foi ao dentista para uma检查中，无法直接翻译为葡萄牙语，请稍候我将修正为正确的 Portuguese 语言版本。纠正后：Elá foi ao dentista para uma consulta.,Elá went to the dentist for a consultation.,qwen/prompt1,0.7237143516540521
She went to the dentist for a check-up.,Elá foi ao dentista para uma revisão.,"She went to the dentist for a check-up, hoping for some teeth cleaning.",qwen/prompt3,0.767017543315887
She went to the dentist for a check-up.,Ela foi ao dentista colocar os ponteiros da vida em ordem.,She went to the dentist to realign life's pointers.,gemma3/prompt3,0.8729782104492181
She went to the dentist for a check-up.,Ela foi ao dentista dar uma olhada na boca.,She went to the dentist to have her mouth scoped.,gemma3/prompt4,0.8998587131500241
She went to the dentist for a check-up.,Ela foi ao dentista para exames.,"Well, she's in the dental office for an exam.",meta/,0.9088340401649471
She went to the dentist for a check-up.,"Ela foi ao dentista dar um trato nos dentes.
",She went to the dentist to get her teeth spruced up.,gemini/prompt4,0.9189269542694091
She went to the dentist for a check-up.,"Ela foi ao dentista para uma revisão da alma.
",She went to the dentist for a soul check-up.,gemini/prompt3,0.9331009387969971
She went to the dentist for a check-up.,Ela foi ao dentista para uma revisão da sua saúde bucal.,She visited the dentist for a tune-up of her oral health.,gpt/prompt3,0.9769681692123411
She went to the dentist for a check-up.,Ela foi ao dentista para fazer uma revisão.,She went to the dentist to have a check-up.,mistral/prompt4,0.9904571771621701
She went to the dentist for a check-up.,Ela foi ao dentista para uma revisão.,She went to the dentist for a check-up.,mistral/prompt3,0.9951198101043701
She went to the dentist for a check-up.,"Ela foi ao dentista para uma revisão.
","She went to the dentist for a check-up.
",gemini/prompt2,0.9972487688064571
She went to the dentist for a check-up.,"Ela foi ao dentista para uma consulta.
","She went to the dentist for a check-up.
",gemini/prompt1,0.9995422363281251
She went to the dentist for a check-up.,"Ela foi ao dentista para um check-up.
",She went to the dentist for a check-up.,gemma3/prompt1,1.0
She went to the dentist for a check-up.,Ela foi ao dentista para um check-up.,She went to the dentist for a check-up.,gemma3/prompt2,1.0
She went to the dentist for a check-up.,Ela foi ao dentista para fazer um check-up.,She went to the dentist for a check-up.,gemmaX/,1.0
She went to the dentist for a check-up.,Ela foi ao dentista para um check-up.,She went to the dentist for a check-up.,gpt/prompt1,1.0
She went to the dentist for a check-up.,Ela foi ao dentista para um check-up.,She went to the dentist for a check-up.,gpt/prompt2,1.0
She went to the dentist for a check-up.,Ela foi ao dentista para uma consulta.,She went to the dentist for a check-up.,gpt/prompt4,1.0
She went to the dentist for a check-up.,Ela foi ao dentista para uma revisão.,She went to the dentist for a checkup.,llama/prompt1,1.0
She went to the dentist for a check-up.,Ela foi ao dentista para uma consulta de rotina.,She went to the dentist for a routine check-up.,llama/prompt2,1.0
She went to the dentist for a check-up.,Ela foi ao dentista fazer um check-up.,She went to the dentist for a check-up.,marian/,1.0
She went to the dentist for a check-up.,Ela foi ao dentista para uma consulta.,She went to the dentist for a consultation.,mistral/prompt1,1.0
She went to the dentist for a check-up.,Ela foi ao dentista para uma consulta.,She went to the dentist for a check-up.,mistral/prompt2,1.0
She went to the dentist for a check-up.,Ela foi ao dentista para um check-up.,She went to the dentist for a check-up.,qwen/prompt2,1.0
He washed his car yesterday.,Ele lavou seu cavalo ontem.,He washed his white knight last night.,qwen/prompt3,0.641509890556335
He washed his car yesterday.,Ele lavou sua alma ontem.,Ele limpou seu íntimo ontem.,llama/prompt3,0.704570233821868
He washed his car yesterday.,Ele lavou suas botas ontem.,He kicked the bucket yesterday.,qwen/prompt4,0.7261244654655451
He washed his car yesterday.,Ele lavou o seu veículo ontem.,Ele enxaguou o seu cavalo ontem.,llama/prompt4,0.7799659967422481
He washed his car yesterday.,Ele limpou sua carro ontem.,He cleaned his slate yesterday.,mistral/prompt4,0.788920164108276
He washed his car yesterday.,Ele devolveu o brilho ao seu carro ontem.,He restored its luster yesterday.,gemma3/prompt3,0.847483038902282
He washed his car yesterday.,"Ontem ele deu um trato no possante.
","Yesterday, he gave his ride a makeover.",gemini/prompt3,0.905558109283447
He washed his car yesterday.,"Ontem ele deu um trato no possante.
","Yesterday, he gave his ride a makeover.",gemini/prompt4,0.905558228492736
He washed his car yesterday.,Ele deu um trato no carro ontem.,He gave the car some TLC yesterday.,gemma3/prompt4,0.944987297058105
He washed his car yesterday.,Ele deu um trato no carro ontem.,He gave the car some TLC yesterday.,gpt/prompt4,0.944987297058105
He washed his car yesterday.,Ele deu um banho em seu carro ontem.,He gave his car a wash yesterday.,gpt/prompt3,0.9802647829055781
He washed his car yesterday.,Ele lavava o carro dele ontem.,He was washing his car yesterday.,meta/,0.9912000298500061
He washed his car yesterday.,"Ele lavou o carro dele ontem.
","He washed his car yesterday.
",gemini/prompt1,1.0
He washed his car yesterday.,"Ele lavou o carro dele ontem.
","He washed his car yesterday.
",gemini/prompt2,1.0
He washed his car yesterday.,Ele lavou o carro ontem.,He washed the car yesterday.,gemma3/prompt1,1.0
He washed his car yesterday.,Ele lavou o carro ontem.,He washed the car yesterday.,gemma3/prompt2,1.0
He washed his car yesterday.,Ele lavou seu carro ontem.,He washed his car yesterday.,gemmaX/,1.0
He washed his car yesterday.,Ele lavou o carro dele ontem.,He washed his car yesterday.,gpt/prompt1,1.0
He washed his car yesterday.,Ele lavou o carro dele ontem.,He washed his car yesterday.,gpt/prompt2,1.0
He washed his car yesterday.,Ele lavou o seu carro ontem.,He washed his car yesterday.,llama/prompt1,1.0
He washed his car yesterday.,Ele lavou seu carro ontem.,He washed his car yesterday.,llama/prompt2,1.0
He washed his car yesterday.,Ele lavou o carro ontem.,He washed the car yesterday.,marian/,1.0
He washed his car yesterday.,Ele lavou seu carro ontem.,He washed his car yesterday.,mistral/prompt1,1.0
He washed his car yesterday.,Ele lavou seu carro ontem.,He washed his car yesterday.,mistral/prompt2,1.0
He washed his car yesterday.,Ele lava seu carro ontem.,He washed his car yesterday.,mistral/prompt3,1.0
He washed his car yesterday.,Ele lavou seu carro ontem.,He washed his car yesterday.,qwen/prompt1,1.0
He washed his car yesterday.,Ele lavou o seu carro ontem.,He washed his car yesterday.,qwen/prompt2,1.0
live to fight another day,"Para lutar outro dia.
",To be continued.,gemma3/prompt3,0.7065908908843991
live to fight another day,Viver para lutar outro dia.,Lutar para respirar outro dia.,llama/prompt4,0.78485631942749
live to fight another day,"Viver para lutar outro dia.
",Fight another day.,gemini/prompt4,0.9022279381752011
live to fight another day,"Viver para lutar outro dia.
",To fight another day.,gemma3/prompt1,0.9113750457763671
live to fight another day,"Viver para lutar outro dia.
",To live to fight another day.,gemini/prompt3,0.962684750556945
live to fight another day,"Sobreviver para lutar outro dia.
",Live to fight another round.,gemma3/prompt4,0.9638681411743161
live to fight another day,Viver para lutar outro dia,"""Living to fight another day""",llama/prompt3,0.9648072719573971
live to fight another day,lutar mais um dia,hang on for one more day,qwen/prompt4,0.9651042819023131
live to fight another day,viver para lutar另一个日子,"""living to fight another day""",qwen/prompt3,0.966932117938995
live to fight another day,Lutar outro dia,Fight another day,mistral/prompt4,0.9704933762550351
live to fight another day,Viver para lutar outro dia,Living to fight another day.,llama/prompt1,0.9714807271957391
live to fight another day,Viver para lutar outro dia.,To live to fight another day.,gemma3/prompt2,0.9765326976776121
live to fight another day,Viver para lutar outro dia,"""Live to fight another day.""",mistral/prompt3,0.9786769151687621
live to fight another day,"Viva para lutar outro dia.
","Live to fight another day.
",gemini/prompt1,0.9813617467880241
live to fight another day,"Viver para lutar outro dia.
","Live to fight another day.
",gemini/prompt2,0.9824000597000121
live to fight another day,Viver para lutar outro dia,Live to fight another day.,llama/prompt2,0.984179615974426
live to fight another day,Viver para lutar outro dia,Live to fight another day,mistral/prompt1,0.9843597412109371
live to fight another day,Viver para lutar outro dia,Live to fight another day,qwen/prompt2,0.9843597412109371
live to fight another day,Viver para lutar outro dia.,"""Live to fight another day.""",mistral/prompt2,0.9844690561294551
live to fight another day,Viver para lutar outro dia.,Live to fight another day.,gpt/prompt3,0.9853906631469721
live to fight another day,viver para lutar outro dia,"""Live to fight another day.""",gpt/prompt2,0.9854444861412041
live to fight another day,viver para lutar mais um dia,live to fight another day,gpt/prompt4,0.9888998270034791
live to fight another day,Viva para lutar noutro dia,Live to fight another day,meta/,0.9938466548919671
live to fight another day,Viva para lutar outro dia,Live to fight another day,gemmaX/,0.9961713552474971
live to fight another day,viver para lutar outro dia,live to fight another day,gpt/prompt1,0.9982019662857051
live to fight another day,viver para lutar outro dia,live to fight another day,marian/,0.9982019662857051
live to fight another day,viver para lutar outro dia,live to fight another day,qwen/prompt1,0.9982019662857051
They are sitting around the campfire.,As chamas aquecem seus círculos de histórias.,The flames warm their storytelling rings.,gemma3/prompt3,0.58537870645523
They are sitting around the campfire.,Eles estão ao redor do fogo da paixão.,They are围在热情的火堆旁. (Note: The most poetic and metaphoric translation while keeping the Chinese character structure would be: They are gathered around the flame of passion.),qwen/prompt3,0.676340579986572
They are sitting around the campfire.,Eles estão reunidos à luz bruxuleante.,They gather 'round a flickering spell.,gemma3/prompt4,0.6764009594917291
They are sitting around the campfire.,"Eles estão a tecer histórias em torno da fogueira.
",They are spinning yarns around the fire.,gemini/prompt3,0.722034513950347
They are sitting around the campfire.,Estão sentados ao redor do fogo de ervas.,Sitting around the herbs flame.,qwen/prompt4,0.786822915077209
They are sitting around the campfire.,"Estão reunidos ao redor da fogueira.
",They are gathered around the campfire of life.,gemini/prompt4,0.923070311546325
They are sitting around the campfire.,Eles estão sentados em torno da fogueira do acampamento.,Eles estão sentados em torno do fogo do acampamento.,llama/prompt3,0.9716744422912591
They are sitting around the campfire.,Eles estão sentados ao redor do fogo da tenda.,They're gathered around the campfire.,llama/prompt4,0.9756981134414671
They are sitting around the campfire.,Eles estão sentados ao redor da fogueira.,They're gathered around the campfire.,mistral/prompt4,0.9763518571853631
They are sitting around the campfire.,Eles estão reunidos ao redor da fogueira.,They are gathered around the hearth.,gpt/prompt3,0.980382084846496
They are sitting around the campfire.,Eles estão sentados ao redor do fogo da pista.,They are sitting around the campfire.,qwen/prompt1,0.995656847953796
They are sitting around the campfire.,Estão reunidos em volta da fogueira de acampamento.,They are gathered around the campfire.,mistral/prompt3,0.9985548257827751
They are sitting around the campfire.,"Eles estão sentados em volta da fogueira.
","They are sitting around the campfire.
",gemini/prompt1,1.0
They are sitting around the campfire.,"Eles estão sentados ao redor da fogueira.
","They are sitting around the campfire.
",gemini/prompt2,1.0
They are sitting around the campfire.,Eles estão sentados ao redor da fogueira.,They are sitting around the campfire.,gemma3/prompt1,1.0
They are sitting around the campfire.,"Eles estão sentados ao redor da fogueira.
",They are sitting around the campfire.,gemma3/prompt2,1.0
They are sitting around the campfire.,Estão sentados à volta da fogueira.,They are sitting around the fire.,gemmaX/,1.0
They are sitting around the campfire.,Eles estão sentados ao redor da fogueira.,They are sitting around the campfire.,gpt/prompt1,1.0
They are sitting around the campfire.,Eles estão sentados ao redor da fogueira.,They are sitting around the campfire.,gpt/prompt2,1.0
They are sitting around the campfire.,Eles estão sentados ao redor da fogueira.,They are sitting around the campfire.,gpt/prompt4,1.0
They are sitting around the campfire.,Eles estão sentados em torno da fogueira do acampamento.,They are sitting around the campfire.,llama/prompt1,1.0
They are sitting around the campfire.,Eles estão sentados em volta da fogueira de acampamento.,They are seated around the campfire.,llama/prompt2,1.0
They are sitting around the campfire.,Estão sentados ao redor da fogueira.,They're sitting around the fire.,marian/,1.0
They are sitting around the campfire.,Eles estão sentados à volta da fogueira.,They're sitting around a fire.,meta/,1.0
They are sitting around the campfire.,Eles estão sentados ao redor da fogueira do acampamento.,They are sitting around the campfire.,mistral/prompt1,1.0
They are sitting around the campfire.,Estão sentados ao redor da fogueira.,They are sitting around the fire.,mistral/prompt2,1.0
They are sitting around the campfire.,Eles estão sentados em volta da fogueira do acampamento.,They are sitting around the campfire.,qwen/prompt2,1.0
They are visiting their friends in the city.,Eles estão batendo as botas na cidade.,They are kicking the bucket.,mistral/prompt4,0.39368665218353205
They are visiting their friends in the city.,Eles estão fazendo pousos rotativos em suas estações na cidade.,They are making rotational landings at their city stations.,qwen/prompt3,0.7200630307197571
They are visiting their friends in the city.,Eles estão batendo as botas pelos amigos na cidade.,They are kicking the bucket for their friends in the city.,qwen/prompt4,0.7443267107009881
They are visiting their friends in the city.,"Eles estão de passagem pela cidade dos amigos.
",They're just passing through Friendshipville.,gemini/prompt4,0.788044095039367
They are visiting their friends in the city.,Eles estão cortando uma escapada com os amigos na metrópole.,They're carving out a getaway with friends in the big city.,gemma3/prompt4,0.793827652931213
They are visiting their friends in the city.,Eles estão navegando a correnteza dos amigos na metrópole.,They're riding the tide of friendships through the city.,gemma3/prompt3,0.8273041248321531
They are visiting their friends in the city.,Eles estão fazendo uma visita de cortesia à cidade.,They're paying a courtesy call to the city.,llama/prompt3,0.8395287990570061
They are visiting their friends in the city.,Eles estão fazendo uma escala em casa.,Eles estão fazendo uma pausa no meio do caminho.,llama/prompt4,0.889411568641662
They are visiting their friends in the city.,"Eles estão fazendo uma visita aos corações urbanos dos amigos.
",They're paying a visit to their friends' urban hearts.,gemini/prompt3,0.920334339141845
They are visiting their friends in the city.,"""Eles estão visitando seus amigos na cidade.""","""They are checking in with their friends in the city.""",mistral/prompt3,0.9703536033630371
They are visiting their friends in the city.,Eles estão visitando seus amigos na cidade.,They're visiting your friends in town.,marian/,0.9824000597000121
They are visiting their friends in the city.,"Eles estão visitando seus amigos na cidade.
","They are visiting their friends in the city.
",gemini/prompt1,0.9912000298500061
They are visiting their friends in the city.,"Eles estão visitando seus amigos na cidade.
","They are visiting their friends in the city.
",gemini/prompt2,0.9912000298500061
They are visiting their friends in the city.,Eles estão fazendo uma visita aos amigos na cidade.,They are paying a visit to friends in the city.,gpt/prompt3,0.9912000298500061
They are visiting their friends in the city.,Eles estão visitando seus amigos na cidade.,They are visiting their friends in the city.,gemma3/prompt1,1.0
They are visiting their friends in the city.,"Eles estão visitando seus amigos na cidade.
",They are visiting their friends in the city.,gemma3/prompt2,1.0
They are visiting their friends in the city.,Estão a visitar os amigos na cidade.,They're visiting friends in the city.,gemmaX/,1.0
They are visiting their friends in the city.,Eles estão visitando os amigos deles na cidade.,They are visiting their friends in the city.,gpt/prompt1,1.0
They are visiting their friends in the city.,Eles estão visitando seus amigos na cidade.,They are visiting their friends in the city.,gpt/prompt2,1.0
They are visiting their friends in the city.,Eles estão visitando os amigos na cidade.,They are visiting friends in town.,gpt/prompt4,1.0
They are visiting their friends in the city.,Eles estão visitando seus amigos na cidade.,They are visiting their friends in the city.,llama/prompt1,1.0
They are visiting their friends in the city.,Eles estão visitando seus amigos na cidade.,They are visiting their friends in the city.,llama/prompt2,1.0
They are visiting their friends in the city.,Estão visitando os seus amigos na cidade.,They're visiting friends in town.,meta/,1.0
They are visiting their friends in the city.,Eles estão visitando seus amigos na cidade.,They are visiting their friends in the city.,mistral/prompt1,1.0
They are visiting their friends in the city.,Eles estão visitando os amigos na cidade.,They are visiting friends in the city.,mistral/prompt2,1.0
They are visiting their friends in the city.,Eles estão visitando seus amigos na cidade.,They are visiting their friends in the city.,qwen/prompt1,1.0
They are visiting their friends in the city.,Eles estão visitando seus amigos na cidade.,They are visiting their friends in the city.,qwen/prompt2,1.0
like a fish out of water,Fazer careta,Make a face.,llama/prompt2,0.315422236919403
like a fish out of water,À vontade,"'Say what you will'

### Explicação:
'A à vontade' é uma expressão usada para dar liberdade total a alguém, permitindo que faça o que bem entender. Em inglês,'say what you will' é uma forma literária de expressar essa ideia, sugerindo que alguém pode dizer o que bem entender sem restrições.",mistral/prompt3,0.41497412323951705
like a fish out of water,Com o pé na mesa.,With your foot on the table.,mistral/prompt2,0.48072415590286205
like a fish out of water,Sair da água.,Dry land,llama/prompt4,0.564003467559814
like a fish out of water,Ser como um peixe fora d'água.,Ser como um peixe sem nadadeira.,llama/prompt3,0.8032928705215451
like a fish out of water,Fora d'água,Outofwater,qwen/prompt3,0.847416996955871
like a fish out of water,fora d'água,out of water,qwen/prompt1,0.868294119834899
like a fish out of water,Como um peixe fora d'água.,Out of water like a fish.,llama/prompt1,0.9501049518585201
like a fish out of water,fora d'água,out of the water,qwen/prompt4,0.950322031974792
like a fish out of water,Um peixe fora d'água,Like a fish out of water,mistral/prompt4,0.9892892837524411
like a fish out of water,Um peixe fora d'água.,A fish out of water.,gemma3/prompt4,0.9898333549499511
like a fish out of water,Um peixe fora d'água.,A fish out of water.,gemma3/prompt3,0.9898334741592401
like a fish out of water,Um peixe fora d'água,Fish out of water,mistral/prompt1,0.9912000298500061
like a fish out of water,como peixe fora d'água,Like a fish out of water.,gpt/prompt4,0.9979192018508911
like a fish out of water,como um peixe fora da água,like a fish out of the water,marian/,0.9989099502563471
like a fish out of water,"Como peixe fora d'água.
",Like a fish out of water.,gemini/prompt3,0.9991773366928101
like a fish out of water,"Como peixe fora d'água.
",Like a fish out of water.,gemini/prompt4,0.999177455902099
like a fish out of water,Como um peixe fora da água,Like a fish out of water,qwen/prompt2,0.9996674060821531
like a fish out of water,"Como um peixe fora d'água
","Like a fish out of water
",gemini/prompt1,1.0
like a fish out of water,"Como peixe fora d'água
","Like a fish out of water
",gemini/prompt2,1.0
like a fish out of water,Como um peixe fora d'água.,Like a fish out of water.,gemma3/prompt1,1.0
like a fish out of water,"Como um peixe fora d'água.
",Like a fish out of water.,gemma3/prompt2,1.0
like a fish out of water,como um peixe fora d'água,like a fish out of water,gemmaX/,1.0
like a fish out of water,como peixe fora d'água,like a fish out of water,gpt/prompt1,1.0
like a fish out of water,como um peixe fora d'água,like a fish out of water,gpt/prompt2,1.0
like a fish out of water,Como peixe fora d'água.,Like a fish out of water.,gpt/prompt3,1.0
like a fish out of water,Como um peixe fora d'água,Like a fish out of water,meta/,1.0
She is dancing to the music.,Ela está dançando ao ritmo da música.,Ela está saindo para dançar em um ritmo alegre.,llama/prompt4,0.780486702919006
She is dancing to the music.,Ela está dançando à música.,Ela está ao ritmo da música da vida.,llama/prompt3,0.7814720869064331
She is dancing to the music.,Ela se entrega ao ritmo.,She surrenders to the pulse.,gemma3/prompt3,0.822486877441406
She is dancing to the music.,Ela se entrega ao ritmo.,She surrenders to the pulse.,gemma3/prompt4,0.822486877441406
She is dancing to the music.,Ela está dançando com a vida.,She is dancing with life.,gpt/prompt4,0.8963537812232971
She is dancing to the music.,"Ela está no ritmo da vida.
",She's in the groove of life.,gemini/prompt4,0.9119470119476311
She is dancing to the music.,"Ela se move ao som da vida.
",She dances to the music of life.,gemini/prompt3,0.9510826468467711
She is dancing to the music.,Ela está dançando ao som da vida.,She is dancing to the rhythm of life.,gpt/prompt3,0.9633883237838741
She is dancing to the music.,Elá está dançando à música.,Ela está dançando à música.,qwen/prompt1,0.9752143025398251
She is dancing to the music.,Ela está dançando conforme a música.,She dances to the tune.,mistral/prompt4,0.978744983673095
She is dancing to the music.,Ela dança ao ritmo da música.,She dances to the tune.,meta/,0.9824000597000121
She is dancing to the music.,Ela está dançando com a música.,She is dancing with the music.,qwen/prompt3,0.9824165105819701
She is dancing to the music.,Ela está a dançar com a música.,She's dancing with the music.,marian/,0.9912000298500061
She is dancing to the music.,Ela está dançando aos ritmos da música.,She is dancing to the rhythm of the music.,qwen/prompt4,0.9993760585784911
She is dancing to the music.,"Ela está dançando ao som da música.
","She is dancing to the music.
",gemini/prompt1,1.0
She is dancing to the music.,"Ela está dançando ao som da música.
","She is dancing to the music.
",gemini/prompt2,1.0
She is dancing to the music.,Ela está dançando ao som da música.,She is dancing to the music.,gemma3/prompt1,1.0
She is dancing to the music.,Ela está dançando ao som da música.,She is dancing to the music.,gemma3/prompt2,1.0
She is dancing to the music.,Ela está dançando com a música.,She's dancing to the music.,gemmaX/,1.0
She is dancing to the music.,Ela está dançando com a música.,She is dancing to the music.,gpt/prompt1,1.0
She is dancing to the music.,Ela está dançando ao som da música.,She is dancing to the sound of the music.,gpt/prompt2,1.0
She is dancing to the music.,Ela está dançando com a música.,She is dancing to the music.,llama/prompt1,1.0
She is dancing to the music.,Ela está dançando com a música.,She is dancing to the music.,llama/prompt2,1.0
She is dancing to the music.,Ela está dançando ao som da música.,She is dancing to the music.,mistral/prompt1,1.0
She is dancing to the music.,Ela está dançando ao som da música.,She is dancing to the sound of the music.,mistral/prompt2,1.0
She is dancing to the music.,Ela está dançando ao som da música.,She is dancing to the music.,mistral/prompt3,1.0
She is dancing to the music.,Ela está dançando ao som da música.,She is dancing to the music.,qwen/prompt2,1.0
They have three children.,Eles têm três filhos.,"""They have three sunrises.""",mistral/prompt3,0.40047669410705505
They have three children.,Eles têm três ninharias.,They have three nothing-burgers.,llama/prompt4,0.552462458610534
They have three children.,Eles possuem três pequenos faróis de amor à navegação da vida.,They possess three small beacons of love for navigating life.,llama/prompt3,0.5625004172325131
They have three children.,Eles têm três nuvens.,They carry three clouds.,qwen/prompt3,0.5882048010826111
They have three children.,Eles têm três cherinhos.,They have three cherries on their cheeks.,qwen/prompt4,0.6134204268455501
They have three children.,A vida lhes floresceu em três sementes.,Life blossomed for them in three seeds.,gemma3/prompt3,0.664314150810241
They have three children.,Eles têm três frutos.,They bear three fruits.,gpt/prompt3,0.8272098302841181
They have three children.,"Eles têm três rebentos.
",They have three little sprouts.,gemini/prompt4,0.8468303084373471
They have three children.,Eles construíram um lar para três vidas.,They wove a nest for three souls.,gemma3/prompt4,0.900159537792205
They have three children.,"Eles têm três galhos na árvore da vida.
",They have three branches on their family tree.,gemini/prompt3,0.934039235115051
They have three children.,Eles têm três filhos.,They have three little ones.,gpt/prompt4,0.990286231040954
They have three children.,Elas têm três crianças.,They've got three children.,meta/,0.9912000298500061
They have three children.,"They have three children. traduzido como:

Eles têm três criaturas.",They have three kids.,mistral/prompt4,0.9981606006622311
They have three children.,"Eles têm três filhos.
","They have three children.
",gemini/prompt1,1.0
They have three children.,"Eles têm três filhos.
","They have three children.
",gemini/prompt2,1.0
They have three children.,Eles têm três filhos.,They have three children.,gemma3/prompt1,1.0
They have three children.,Eles têm três filhos.,They have three children.,gemma3/prompt2,1.0
They have three children.,Têm três filhos.,They have three children.,gemmaX/,1.0
They have three children.,Eles têm três filhos.,They have three children.,gpt/prompt1,1.0
They have three children.,Eles têm três filhos.,They have three children.,gpt/prompt2,1.0
They have three children.,Eles têm três filhos.,They have three children.,llama/prompt1,1.0
They have three children.,Eles têm três filhos.,They have three children.,llama/prompt2,1.0
They have three children.,Eles têm três filhos.,They have three children.,marian/,1.0
They have three children.,Eles têm três filhos.,They have three children.,mistral/prompt1,1.0
They have three children.,Eles têm três filhos.,They have three children.,mistral/prompt2,1.0
They have three children.,Eles têm três crianças.,They have three children.,qwen/prompt1,1.0
They have three children.,Eles têm três filhos.,They have three children.,qwen/prompt2,1.0
back to basics,bater as botas,'bater as botas' = 'to kick the bucket',mistral/prompt4,0.5014628171920771
back to basics,Voltar às bases,Regressar a primeira pedra,llama/prompt4,0.744156718254089
back to basics,"Voltar ao essencial.
",Stripping it back to bare bones.,gemma3/prompt3,0.8214874267578121
back to basics,"Claro. Back to basics é ""Voltar aos fundamentos"".","""Of course. Back to basics is 'Returning to the basics'.""",mistral/prompt3,0.8377833366394041
back to basics,Voltar ao essencial.,Strip things back to the bone.,gemma3/prompt4,0.84535539150238
back to basics,"De volta ao básico.
",Back to square one.,gemini/prompt4,0.9330868721008301
back to basics,>> o < < volta ao essencial,Back to the main points,meta/,0.9340991973876951
back to basics,Voltar às bases,Return to base,marian/,0.973809540271759
back to basics,Voltar às origens,"""Return to one's roots""",llama/prompt2,0.9824000597000121
back to basics,A volta às raízes,"""A Return to Roots""",llama/prompt3,0.986671328544616
back to basics,voltar às origens,return to the roots,qwen/prompt4,0.9873079657554621
back to basics, Voltar às origens,Return to the roots,qwen/prompt3,0.98949247598648
back to basics,Voltar aos princípios básicos.,"""Return to basics.""",llama/prompt1,0.9912000298500061
back to basics,De volta ao essencial.,Back to the essentials.,gpt/prompt3,0.9973145723342891
back to basics,back to basics,back to basics,gemmaX/,0.9977247714996331
back to basics,"De volta às origens.
",Back to the roots.,gemini/prompt3,0.9982028007507321
back to basics,"De volta ao básico
","Back to basics
",gemini/prompt1,1.0
back to basics,"De volta ao básico
","Back to basics
",gemini/prompt2,1.0
back to basics,De volta ao básico,Back to basics,gemma3/prompt1,1.0
back to basics,Voltar ao básico,Back to basics,gemma3/prompt2,1.0
back to basics,de volta ao básico,back to basics,gpt/prompt1,1.0
back to basics,de volta ao básico,Back to basics.,gpt/prompt2,1.0
back to basics,de volta aos fundamentos,back to basics,gpt/prompt4,1.0
back to basics,De volta aos básicos,Back to basics,mistral/prompt1,1.0
back to basics,Voltar aos fundamentos,Return to the basics,mistral/prompt2,1.0
back to basics,de volta aos fundamentos,back to the fundamentals,qwen/prompt1,1.0
back to basics,Voltar aos fundamentos,Back to basics,qwen/prompt2,1.0
She is watching a movie at the theater.,Ela se entrega à tela na penumbra do palco.,She surrenders to the screen in the hush of the stage.,gemma3/prompt4,0.63774698972702
She is watching a movie at the theater.,Ela se entrega às luzes e sombras da tela.,She surrenders to the screen's chiaroscuro.,gemma3/prompt3,0.643165707588195
She is watching a movie at the theater.,Ela está assistindo à peça no teatro.,She is kicking the bucket in the theater.,qwen/prompt4,0.6872876882553101
She is watching a movie at the theater.,Ela está assistindo uma emoção no cinema.,"Ela está assistindo uma emoção no cinema. 

(Translation: She is watching an emotion at the movies.)",llama/prompt3,0.738757371902465
She is watching a movie at the theater.,Ela está assistindo à vida na sala de projetos.,She is watching life unfold in the project room.,qwen/prompt3,0.7872490882873531
She is watching a movie at the theater.,Ela está assistindo um filme no cinema.,Ela está mergulhada em um longa-metragem.,llama/prompt4,0.8042106032371521
She is watching a movie at the theater.,"Ela está na plateia da vida, com os olhos fixos na tela.
","She's in life's audience, eyes glued to the screen.",gemini/prompt3,0.8085144758224481
She is watching a movie at the theater.,Ela está assistindo a um filme no teatro da vida.,"""She is watching a movie in the theater of life.""",gpt/prompt3,0.923672318458557
She is watching a movie at the theater.,"Ela está com os olhos grudados na tela.
",Her eyes are glued to the screen.,gemini/prompt4,0.9615017175674431
She is watching a movie at the theater.,"""Ela está assistindo a um filme no cinema.""","""She is watching a movie at the cinema.""",mistral/prompt3,0.9996812343597411
She is watching a movie at the theater.,"Ela está assistindo a um filme no cinema.
","She is watching a movie at the cinema.
",gemini/prompt1,1.0
She is watching a movie at the theater.,"Ela está assistindo a um filme no cinema.
","She is watching a movie at the cinema.
",gemini/prompt2,1.0
She is watching a movie at the theater.,Ela está assistindo a um filme no cinema.,She is watching a movie at the cinema.,gemma3/prompt1,1.0
She is watching a movie at the theater.,Ela está assistindo a um filme no cinema.,She is watching a movie at the cinema.,gemma3/prompt2,1.0
She is watching a movie at the theater.,Ela está assistindo um filme no cinema.,She's watching a movie at the cinema.,gemmaX/,1.0
She is watching a movie at the theater.,Ela está assistindo a um filme no cinema.,She is watching a movie at the cinema.,gpt/prompt1,1.0
She is watching a movie at the theater.,Ela está assistindo a um filme no cinema.,She is watching a movie at the cinema.,gpt/prompt2,1.0
She is watching a movie at the theater.,Ela está assistindo a um filme no cinema.,She is watching a movie in the theater.,gpt/prompt4,1.0
She is watching a movie at the theater.,Ela está assistindo um filme no cinema.,She is watching a movie at the cinema.,llama/prompt1,1.0
She is watching a movie at the theater.,Ela está assistindo um filme no cinema.,She is watching a movie at the cinema.,llama/prompt2,1.0
She is watching a movie at the theater.,Ela está a ver um filme no teatro.,She's watching a movie at the theater.,marian/,1.0
She is watching a movie at the theater.,Ela está vendo um filme no cinema.,She's watching a movie in the theater.,meta/,1.0
She is watching a movie at the theater.,Ela está assistindo a um filme no teatro.,She is watching a movie in the theater.,mistral/prompt1,1.0
She is watching a movie at the theater.,Ela está assistindo a um filme no cinema.,She is watching a movie in the cinema.,mistral/prompt2,1.0
She is watching a movie at the theater.,Ela está assistindo a um filme no cinema.,She is watching a movie in the theater.,mistral/prompt4,1.0
She is watching a movie at the theater.,Ela está assistindo a um filme no cinema.,She is watching a movie at the cinema.,qwen/prompt1,1.0
She is watching a movie at the theater.,Ela está assistindo a um filme no cinema.,She is watching a movie at the cinema.,qwen/prompt2,1.0
at a snail's pace,Ir a passos de caracol,take baby steps,mistral/prompt4,0.8537189960479731
at a snail's pace,"A pé, a ritmo de caracol.","Walk, the tempo of a snail.",meta/,0.867863059043884
at a snail's pace,traduzindo ao ritmo de uma tartaruga,translating at the pace of a turtle,qwen/prompt3,0.9324072599411011
at a snail's pace,A um passo de caracol.,One step at a time.,mistral/prompt1,0.9328675270080561
at a snail's pace,bater em ritmo de lagarta,Crawl with a snail's pace.,llama/prompt4,0.944529294967651
at a snail's pace,caminhar a passo de escargoto,crawl at a snail's pace,qwen/prompt4,0.9469779729843141
at a snail's pace,a velocidade de um caracol,The speed of a snail,qwen/prompt1,0.952239394187927
at a snail's pace,"A passo de lesma.
",At a snail's pace.,gemini/prompt3,0.981097698211669
at a snail's pace,Com a lentidão de uma lesma.,At a snail's pace.,gemma3/prompt4,0.9811789989471431
at a snail's pace,A passo de caracol,"""At a snail's pace""",mistral/prompt2,0.981932640075683
at a snail's pace,"A passos de lesma.
",At a snail's pace.,gemini/prompt4,0.9822111129760741
at a snail's pace,Numa andaina de lesma.,At a snail's pace.,gemma3/prompt3,0.983905315399169
at a snail's pace,a passo de tartaruga,at a turtle's pace,gpt/prompt1,0.9868088364601131
at a snail's pace,a passo de tartaruga,at a turtle's pace,gpt/prompt2,0.9868088364601131
at a snail's pace,"A passo de lesma
","At a snail's pace
",gemini/prompt1,0.986921072006225
at a snail's pace,a passo de lesma,at a snail's pace,gpt/prompt4,0.98890221118927
at a snail's pace,a um ritmo de caracol,at a snail's rhythm,marian/,0.989037632942199
at a snail's pace,Pelo ritmo de uma lagartixa.,At the pace of a lizard.,llama/prompt2,0.990427613258361
at a snail's pace,Ao passo de uma lesma.,At the pace of a snail.,mistral/prompt3,0.9940747022628781
at a snail's pace,"Num ritmo de lesma.
",At a snail's pace.,gemma3/prompt1,0.9944164752960201
at a snail's pace,"A passos de cágado
","At a snail's pace
",gemini/prompt2,0.9954453706741331
at a snail's pace,De forma a uma tartaruga.,À velocidade de uma tartaruga.,llama/prompt3,0.9956799745559691
at a snail's pace,Num ritmo de lesma.,At a snail's pace.,gemma3/prompt2,0.995881676673889
at a snail's pace,a passo de tartaruga,at a snail's pace,gpt/prompt3,0.9984503984451291
at a snail's pace,Ao ritmo de uma escargote.,At the pace of a snail.,llama/prompt1,0.9988231658935541
at a snail's pace,a um ritmo de lesma,at a snail's pace,gemmaX/,0.9992117881774901
at a snail's pace,Ao ritmo de um caracol,At a snail's pace,qwen/prompt2,0.9994424581527711
They are going to the cinema tonight.,Irem os ao cinema hoje à noite.,Vão a pique os seus planos para hoje à noite.,llama/prompt4,0.401452958583831
They are going to the cinema tonight.,A noite os levará para a tela.,Night will swallow them into the screen.,gemma3/prompt3,0.6698000431060791
They are going to the cinema tonight.,Eles estão indo lançar uma estrela hoje à noite.,"""Eles vão dar um grande show hoje à noite.""",llama/prompt3,0.709482789039611
They are going to the cinema tonight.,Eles vão se perder nas sombras da tela esta noite.,They'll fade into the screen's dark embrace tonight.,gemma3/prompt4,0.7271815538406371
They are going to the cinema tonight.,"Eles vão às estrelas esta noite.
",They're going to the stars tonight.,gemini/prompt4,0.808808803558349
They are going to the cinema tonight.,Eles estão batendo as luzes no cinema hoje à noite.,They are throwing the switch at the cinema tonight.,qwen/prompt4,0.819759964942932
They are going to the cinema tonight.,Eles estão indo ao cinema hoje à noite.,They are taking in the movies tonight.,mistral/prompt4,0.8617175817489621
They are going to the cinema tonight.,Eles estão indo ao cinema da vida esta noite.,They are heading to the cinema of life tonight.,qwen/prompt3,0.863432765007019
They are going to the cinema tonight.,Eles vão ao teatro das sombras esta noite.,They are going to the theater of shadows tonight.,gpt/prompt3,0.9120962619781491
They are going to the cinema tonight.,Eles vão ao cinema esta noite.,They're hitting the silver screen tonight.,gpt/prompt4,0.925089359283447
They are going to the cinema tonight.,eles estão indo para o cinema hoje à noite,They're heading to the silver screen tonight.,mistral/prompt3,0.9508037567138671
They are going to the cinema tonight.,"Eles vão passear pelas telas esta noite.
",They'll be gracing the screens tonight.,gemini/prompt3,0.966987013816833
They are going to the cinema tonight.,"Eles vão ao cinema hoje à noite.
","They are going to the cinema tonight.
",gemini/prompt1,1.0
They are going to the cinema tonight.,"Eles vão ao cinema hoje à noite.
","They are going to the movies tonight.
",gemini/prompt2,1.0
They are going to the cinema tonight.,Eles vão ao cinema hoje à noite.,They are going to the movies tonight.,gemma3/prompt1,1.0
They are going to the cinema tonight.,Eles vão ao cinema hoje à noite.,They are going to the movies tonight.,gemma3/prompt2,1.0
They are going to the cinema tonight.,Eles vão ao cinema hoje à noite.,They're going to the movies tonight.,gemmaX/,1.0
They are going to the cinema tonight.,Eles vão ao cinema esta noite.,They are going to the cinema tonight.,gpt/prompt1,1.0
They are going to the cinema tonight.,Eles vão ao cinema esta noite.,They are going to the cinema tonight.,gpt/prompt2,1.0
They are going to the cinema tonight.,Eles vão ao cinema hoje à noite.,They are going to the movies tonight.,llama/prompt1,1.0
They are going to the cinema tonight.,Vão ao cinema hoje à noite.,They are going to the cinema tonight.,llama/prompt2,1.0
They are going to the cinema tonight.,Eles vão ao cinema esta noite.,They're going to the movies tonight.,marian/,1.0
They are going to the cinema tonight.,Elas vão ao cinema hoje à noite.,They are going to the movies tonight.,meta/,1.0
They are going to the cinema tonight.,Elas estão indo ao cinema hoje à noite.,They are going to the cinema tonight.,mistral/prompt1,1.0
They are going to the cinema tonight.,Eles estão indo ao cinema esta noite.,They are going to the movies tonight.,mistral/prompt2,1.0
They are going to the cinema tonight.,Eles estão indo ao cinema esta noite.,They are going to the cinema tonight.,qwen/prompt1,1.0
They are going to the cinema tonight.,Eles vão ao cinema hoje à noite.,They are going to the movies tonight.,qwen/prompt2,1.0
She took a nap after lunch.,Tomou um cochilo após o almoço.,Caí em um abismo de sono após o almoço.,llama/prompt3,0.7400526404380791
She took a nap after lunch.,"Ela deu um mergulho na tarde.
",She took a dive into the afternoon.,gemini/prompt3,0.765974044799804
She took a nap after lunch.,"Ela deu um tempo para o sono depois do almoço.
",She took a nap's embrace after lunch.,gemini/prompt4,0.785147666931152
She took a nap after lunch.,Ela navegou em um sonho após o almoço.,She sailed on a dream after lunch.,gpt/prompt3,0.8161431550979611
She took a nap after lunch.,Dormiu a soneca depois do almoço.,Napped after lunch.,mistral/prompt3,0.818908333778381
She took a nap after lunch.,Dormiu a sesta depois do almoço.,Slept the siesta after lunch.,mistral/prompt4,0.822586417198181
She took a nap after lunch.,Ela pôs os pés para cima após o almoço.,She crossed her legs after lunch.,qwen/prompt3,0.8294573426246641
She took a nap after lunch.,"Ela entregou-se a um breve sono após o almoço.
",She surrendered to a brief afternoon reverie.,gemma3/prompt3,0.8570817708969111
She took a nap after lunch.,Tomou uma soneca após o almoço.,"""Caíu num sono pesado depois do almoço.""",llama/prompt4,0.8942461013793941
She took a nap after lunch.,"Ela cochilou um bocado depois do almoço.
",She dozed off a bit after lunch.,gemma3/prompt4,0.9459808468818661
She took a nap after lunch.,Elas tirou uma soneca após o almoço.,She took a power nap after lunch.,qwen/prompt4,0.9569436907768251
She took a nap after lunch.,Ela dormiu um pouco após o almoço.,She slept a bit after lunch.,llama/prompt1,0.9754480123519891
She took a nap after lunch.,Ela dormiu um pouco após o almoço.,She slept a bit after lunch.,llama/prompt2,0.9754481315612791
She took a nap after lunch.,Ela cochilou depois do almoço.,She napped after lunch.,gpt/prompt2,0.9889063835144041
She took a nap after lunch.,Ela tirou um cochilo após o almoço.,She took a nap after lunch.,gpt/prompt4,0.9978282451629631
She took a nap after lunch.,"Ela tirou uma soneca depois do almoço.
","She took a nap after lunch.
",gemini/prompt1,1.0
She took a nap after lunch.,"Ela tirou uma soneca depois do almoço.
","She took a nap after lunch.
",gemini/prompt2,1.0
She took a nap after lunch.,Ela tirou uma soneca depois do almoço.,She took a nap after lunch.,gemma3/prompt1,1.0
She took a nap after lunch.,Ela tirou uma soneca depois do almoço.,She took a nap after lunch.,gemma3/prompt2,1.0
She took a nap after lunch.,Ela tirou uma soneca depois do almoço.,She took a nap after lunch.,gemmaX/,1.0
She took a nap after lunch.,Ela tirou uma soneca depois do almoço.,She took a nap after lunch.,gpt/prompt1,1.0
She took a nap after lunch.,Ela tirou uma soneca depois do almoço.,She took a nap after lunch.,marian/,1.0
She took a nap after lunch.,Ela tirou um cochilo depois do almoço.,She took a nap after lunch.,meta/,1.0
She took a nap after lunch.,Ela fez uma soneca depois do almoço.,She took a nap after lunch.,mistral/prompt1,1.0
She took a nap after lunch.,Ela fez uma soneca depois do almoço.,She took a nap after lunch.,mistral/prompt2,1.0
She took a nap after lunch.,Elle tomou um cochilo após almoçar.,She took a nap after lunch.,qwen/prompt1,1.0
She took a nap after lunch.,Ela tirou uma soneca após o almoço.,She took a nap after lunch.,qwen/prompt2,1.0
She is baking cookies in the kitchen.,Ela está aprimorando memórias no coração do lar.,She's weaving tapestries of remembrance within the hearth's embrace.,gemma3/prompt4,0.35754564404487604
She is baking cookies in the kitchen.,"Ela está cozinhando uma relação amigável na cozinha.

(Essa tradução mantém a ideia original de que a pessoa está trabalhando ativamente em uma relação, como se fosse um processo de cozimento, produzindo algo bom e apetitoso)","Ela está cozinhando uma relação amigável na cozinha.

(Essa tradução pode ser mantida, pois é um caso raro de uma expressão idiomática literalmente traduzível para o inglês.)

Note que ""cozinhar"" é um verbo bastante comum nos dois idiomas e a metáfora de uma relação como um prato de cozinha é compreendível em ambas as culturas.",llama/prompt3,0.381452739238739
She is baking cookies in the kitchen.,Ela está tecendo aconchego no coração da casa.,She's weaving warmth into the heart of the home.,gemma3/prompt3,0.599767446517944
She is baking cookies in the kitchen.,Ela está fazendo um arranjo bem-sucedido na cozinha.,Ela está mexendo as peças na cozinha.,llama/prompt4,0.619561672210693
She is baking cookies in the kitchen.,Ela está assando bolachas no coração.,She is baking cookies in her heart.,qwen/prompt3,0.731519043445587
She is baking cookies in the kitchen.,Ela está moldando sonhos na cozinha.,'She is shaping dreams in the kitchen.',gpt/prompt3,0.767777681350708
She is baking cookies in the kitchen.,"Ela está fabricando felicidade na cozinha.
",She's whipping up happiness in the kitchen.,gemini/prompt4,0.8200528621673581
She is baking cookies in the kitchen.,"Ela está assando sorrisos na cozinha.
",She's baking smiles in the kitchen.,gemini/prompt3,0.824020743370056
She is baking cookies in the kitchen.,She is cooking something sweet and comforting in the kitchen.,She is whipping up something sweet and comforting in the kitchen.,mistral/prompt3,0.9449275135993951
She is baking cookies in the kitchen.,"She is baking cookies in the kitchen.
She está assando biscoitos na cozinha.","She is making cookies in the kitchen.
She está fazendo biscoitos na cozinha.",mistral/prompt4,0.9562020301818841
She is baking cookies in the kitchen.,Ela está assando brownies na cozinha.,She is baking brownies in the kitchen.,qwen/prompt4,0.964082360267639
She is baking cookies in the kitchen.,Ela está preparando doces na cozinha.,She's whipping up treats in the kitchen.,gpt/prompt4,0.9752225875854491
She is baking cookies in the kitchen.,"Ela está assando biscoitos na cozinha.
","She is baking cookies in the kitchen.
",gemini/prompt2,0.9807596206665031
She is baking cookies in the kitchen.,"Ela está assando biscoitos na cozinha.
","She is baking cookies in the kitchen.
",gemini/prompt1,0.9807597398757931
She is baking cookies in the kitchen.,Ela está assando biscoitos na cozinha.,She is baking cookies in the kitchen.,gemma3/prompt2,0.9907375574111931
She is baking cookies in the kitchen.,Ela está assando biscoitos na cozinha.,She is baking cookies in the kitchen.,gpt/prompt1,0.9907375574111931
She is baking cookies in the kitchen.,Ela está assando biscoitos na cozinha.,She is baking cookies in the kitchen.,gpt/prompt2,0.9907375574111931
She is baking cookies in the kitchen.,Ela está assando biscoitos na cozinha.,She is baking cookies in the kitchen.,mistral/prompt2,0.9907375574111931
She is baking cookies in the kitchen.,Ela está assando biscoitos na cozinha.,She is baking cookies in the kitchen.,qwen/prompt1,0.9907375574111931
She is baking cookies in the kitchen.,Ela está assando biscoitos na cozinha.,She is baking cookies in the kitchen.,qwen/prompt2,0.9907376766204831
She is baking cookies in the kitchen.,Ela está fazendo bolinhos na cozinha.,She's making cupcakes in the kitchen.,meta/,0.9912000298500061
She is baking cookies in the kitchen.,Ela está assando cookies na cozinha.,She is baking cookies in the kitchen.,mistral/prompt1,0.9919900894165031
She is baking cookies in the kitchen.,Ela está fazendo biscoitos na cozinha.,She is baking cookies in the kitchen.,gemma3/prompt1,1.0
She is baking cookies in the kitchen.,Ela está cozinhando biscoitos na cozinha.,She's baking cookies in the kitchen.,gemmaX/,1.0
She is baking cookies in the kitchen.,Ela está fazendo biscoitos na cozinha.,She is baking cookies in the kitchen.,llama/prompt1,1.0
She is baking cookies in the kitchen.,Ela está cozinhando biscoitos na cozinha.,She is baking cookies in the kitchen.,llama/prompt2,1.0
She is baking cookies in the kitchen.,Ela está a fazer biscoitos na cozinha.,She's making cookies in the kitchen.,marian/,1.0
He is fixing the car.,"Ele está pondo a mão na graxa.
",He's getting his hands dirty.,gemini/prompt4,0.674421072006225
He is fixing the car.,"Ele está botando a mão na massa no carro.
",He's getting his hands dirty under the hood.,gemini/prompt3,0.716645717620849
He is fixing the car.,"Ele está colocando a vida de volta nos trilhos.
",He's getting his life back on track.,gemma3/prompt3,0.7609952688217161
He is fixing the car.,Ele está arranjando os seus assuntos.,He is sorting out his affairs.,qwen/prompt4,0.7713961601257321
He is fixing the car.,"Ele está colocando a mão na massa com o carro.
",He's getting his hands dirty with the car.,gemma3/prompt4,0.7730233669281
He is fixing the car.,Ele está consertando as coisas.,He is mending things.,qwen/prompt3,0.840275645256042
He is fixing the car.,Ele está consertando o carro.,He is mending the car.,mistral/prompt3,0.856952548027038
He is fixing the car.,Ele está consertando o carro.,He's fixing the ride.,gpt/prompt4,0.924071192741394
He is fixing the car.,Ele está ajustando a carreta.,Ele está arrumando a carroça.,llama/prompt4,0.9388597011566161
He is fixing the car.,Ele está consertando a máquina.,Ele está consertando o mecanismo.,llama/prompt3,0.940519928932189
He is fixing the car.,"He is fixing the car.
Ele está consertando o carro.",He is fixing the car. He está consertando o carro.,mistral/prompt4,0.9781439304351801
He is fixing the car.,Ele está consertando o carro.,He is fixing the engine.,gpt/prompt3,0.9843202233314511
He is fixing the car.,Ele está a tratar do carro.,He's looking after the car.,meta/,0.9912000298500061
He is fixing the car.,"Ele está consertando o carro.
","He is fixing the car.
",gemini/prompt1,1.0
He is fixing the car.,"Ele está consertando o carro.
","He is fixing the car.
",gemini/prompt2,1.0
He is fixing the car.,Ele está consertando o carro.,He is fixing the car.,gemma3/prompt1,1.0
He is fixing the car.,"Ele está consertando o carro.
",He is fixing the car.,gemma3/prompt2,1.0
He is fixing the car.,Ele está consertando o carro.,He's fixing the car.,gemmaX/,1.0
He is fixing the car.,Ele está consertando o carro.,He is fixing the car.,gpt/prompt1,1.0
He is fixing the car.,Ele está consertando o carro.,He is fixing the car.,gpt/prompt2,1.0
He is fixing the car.,Ele está reparando o carro.,He is fixing the car.,llama/prompt1,1.0
He is fixing the car.,Ele está consertando o carro.,He is fixing the car.,llama/prompt2,1.0
He is fixing the car.,Ele está a arranjar o carro.,He's fixing the car.,marian/,1.0
He is fixing the car.,Ele está consertando o carro.,He is fixing the car.,mistral/prompt1,1.0
He is fixing the car.,Ele está consertando o carro.,He is fixing the car.,mistral/prompt2,1.0
He is fixing the car.,Ele está consertando o carro.,He is fixing the car.,qwen/prompt1,1.0
He is fixing the car.,Ele está consertando o carro.,He is fixing the car.,qwen/prompt2,1.0
a leopard can't change its spots,A natureza não muda.,The river keeps flowing.,gemma3/prompt4,0.50273311138153
a leopard can't change its spots,Um leopardo não pode mudar suas manchas.,A leopardo não pode mudar suas manchas.,mistral/prompt2,0.811625003814697
a leopard can't change its spots,Um leopardo não pode mudar suas pintas.,"A phrase traduzida para o inglês é: ""A leopard cannot change its spots.""",mistral/prompt1,0.8219859600067131
a leopard can't change its spots,Cobra velha não muda a pele.,An old snake doesn't shed its skin.,gpt/prompt3,0.8643360137939451
a leopard can't change its spots,Leopardo não muda as manchas,"""Leopardo does not change its spots.""",mistral/prompt3,0.8752228617668151
a leopard can't change its spots,Um leão marinho não pode mudar seu pelame.,"""A sea lion cannot change its coat.""",llama/prompt3,0.90632688999176
a leopard can't change its spots,"Apesar das aparências, a zebra não muda suas listras.
","Despite outward appearances, a leopard can't change its spots.",gemini/prompt4,0.9358267784118651
a leopard can't change its spots,um tigre não muda suas listras.,A tiger doesn’t change its stripes.,gpt/prompt4,0.9460235834121701
a leopard can't change its spots,um leão não pode mudar seu laranja,A lion cannot change its orange color.,qwen/prompt1,0.9474211335182191
a leopard can't change its spots,O leão não muda suas manchas.,The lion cannot change its spots.,qwen/prompt3,0.965484023094177
a leopard can't change its spots,uma pantera não pode mudar suas manchas,A leopard can't change its spots,qwen/prompt4,0.9698907732963561
a leopard can't change its spots,"A cobra não muda de pele.
",A leopard doesn't change its spots.,gemini/prompt3,0.9713186025619501
a leopard can't change its spots,Um felino não muda a pelagem.,A leopard can't change its spots.,gemma3/prompt3,0.9752719402313231
a leopard can't change its spots,Um leão-das-neves não pode mudar suas manchas.,A polar bear cannot change its spots.,llama/prompt2,0.9838252067565911
a leopard can't change its spots,"Uma onça não muda suas manchas.
","A leopard can't change its spots.
",gemini/prompt1,0.985278367996215
a leopard can't change its spots,Um leão não pode mudar sua pele.,A leopard cannot change its spots.,llama/prompt1,0.9877295494079591
a leopard can't change its spots,Um leopardo não muda suas manchas.,A leopard cannot change its spots.,gemma3/prompt1,0.9912000298500061
a leopard can't change its spots,Um leopardo não pode mudar suas manchas,A leopard cannot change its spots,gemmaX/,0.9912000298500061
a leopard can't change its spots,um leopardo não pode mudar suas manchas,A leopard cannot change its spots.,gpt/prompt1,0.9912000298500061
a leopard can't change its spots,Um leopardo não pode mudar de manchas.,A leopard cannot change its spots.,meta/,0.9912000298500061
a leopard can't change its spots,um leopardo não pode mudar suas manchas,a leopard cannot change its spots,qwen/prompt2,0.9912000298500061
a leopard can't change its spots,Um leão não pode mudar as suas manchas.,A leopard can't change its spots.,llama/prompt4,0.9943938255310051
a leopard can't change its spots,O leopardo não pode mudar suas manchas.,The leopard cannot change its spots.,mistral/prompt4,0.9956872463226311
a leopard can't change its spots,Um leopardo não muda suas manchas.,A leopard doesn't change its spots.,gemma3/prompt2,0.997230410575866
a leopard can't change its spots,Um leopardo não pode mudar as suas manchas.,A leopard can't change his spots.,marian/,0.9987801313400261
a leopard can't change its spots,"""A onça não muda suas manchas.""
","""The leopard doesn't change its spots.""
",gemini/prompt2,1.0
a leopard can't change its spots,Um leopardo não pode mudar suas manchas.,"""A leopard cannot change its spots.""",gpt/prompt2,1.0
They are doing laundry in the basement.,Eles estão fazendo a lavagem das suas almas no porão.,"They're washing their souls in the basement.

(Lembre-se de que as metáforas são subjacentes, e a tradução traduz o significado geral, embora não exija um equivalente idiomático exato.)",llama/prompt4,0.392586141824722
They are doing laundry in the basement.,Estão batendo as portas.,knocking on the doors,qwen/prompt4,0.503789067268371
They are doing laundry in the basement.,Eles estão lavando roupa no porão.,They are washing clothes in the basement. (Metaphorically: They are digging deep to tackle their issues.),qwen/prompt3,0.6692174673080441
They are doing laundry in the basement.,Estão esgotando as mágoas no porão.,They’re airing out the grievances in the basement.,gemma3/prompt3,0.713495373725891
They are doing laundry in the basement.,"Eles estão varrendo a sujeira no porão.
",They’re sweeping secrets under the rug.,gemma3/prompt4,0.7173852920532221
They are doing laundry in the basement.,Eles estão fazendo a roupa na garagem.,They are making the clothing in the garage.,mistral/prompt1,0.805907845497131
They are doing laundry in the basement.,"Estão lavando a alma no porão.
",They're scrubbing their souls in the basement.,gemini/prompt3,0.8138104677200311
They are doing laundry in the basement.,Eles estão lavando roupa na basílica.,They are doing laundry at the basilica.,mistral/prompt3,0.8204153776168821
They are doing laundry in the basement.,Estão lavando roupa no porão.,Are washing clothes in the basement.,mistral/prompt2,0.8747946023941041
They are doing laundry in the basement.,Eles estão lavando as roupas no subsolo.,They are washing their dirty laundry in the basement.,gpt/prompt3,0.912380218505859
They are doing laundry in the basement.,"Estão lavando roupa suja no porão.
",They're airing their dirty laundry in the basement.,gemini/prompt4,0.912419080734252
They are doing laundry in the basement.,Eles estão lavando roupa suja no porão.,They're airing their dirty laundry in the basement.,gpt/prompt4,0.9202882051467891
They are doing laundry in the basement.,Estão lavando roupa no porão.,'They're washing dirty laundry in the basement.',mistral/prompt4,0.939959526062011
They are doing laundry in the basement.,Eles estão lavando a sujeira do passado no porão da alma.,"Eles estão lavando a sujeira do passado no porão da alma. 

(They are washing the stains of the past in the basement of the soul.)",llama/prompt3,0.941746890544891
They are doing laundry in the basement.,Eles estão a lavar a roupa na cave.,-They're doing the laundry in the basement.,meta/,0.9737269878387451
They are doing laundry in the basement.,"Eles estão lavando roupa no porão.
","They are doing laundry in the basement.
",gemini/prompt1,0.9912000298500061
They are doing laundry in the basement.,"Eles estão lavando roupa no porão.
","They are doing laundry in the basement.
",gemini/prompt2,0.9912000298500061
They are doing laundry in the basement.,Eles estão lavando roupa no porão.,They are washing clothes in the basement.,gemma3/prompt1,1.0
They are doing laundry in the basement.,Eles estão lavando roupa no porão.,They are doing laundry in the basement.,gemma3/prompt2,1.0
They are doing laundry in the basement.,Estão a lavar roupa na cave.,They're doing laundry in the basement.,gemmaX/,1.0
They are doing laundry in the basement.,Eles estão lavando roupa no porão.,They are washing clothes in the basement.,gpt/prompt1,1.0
They are doing laundry in the basement.,Eles estão lavando roupa no porão.,They are washing clothes in the basement.,gpt/prompt2,1.0
They are doing laundry in the basement.,Eles estão fazendo a lavanderia no porão.,They are doing the laundry in the basement.,llama/prompt1,1.0
They are doing laundry in the basement.,Eles estão fazendo a lavanderia no porão.,They're doing laundry in the basement.,llama/prompt2,1.0
They are doing laundry in the basement.,Estão a lavar roupa na cave.,They're washing clothes in the basement.,marian/,1.0
They are doing laundry in the basement.,Eles estão lavando roupa no sótão.,They are washing clothes in the attic.,qwen/prompt1,1.0
They are doing laundry in the basement.,Eles estão lavando roupa no porão.,They are washing clothes in the basement.,qwen/prompt2,1.0
He is planning his day ahead.,Ele está afixando o mapa em seu quadro de planejamento.,Ele está fixando o curso em sua vida de mapa.,llama/prompt3,0.66053020954132
He is planning his day ahead.,Ele está planejando os tons de sua vida.,He is coloring the tones of his life.,qwen/prompt3,0.828856468200683
He is planning his day ahead.,Ele está traçando a rota do seu dia.,He's charting his day's course.,gemma3/prompt3,0.9187432527542111
He is planning his day ahead.,"Ele está traçando o mapa do dia.
",He's charting the course of the day.,gemini/prompt3,0.9233089685440061
He is planning his day ahead.,Ele está esboçando o mapa do seu dia.,He is sketching the map of his day.,gpt/prompt3,0.9357025623321531
He is planning his day ahead.,Está planejando seu dia de antemão.,She's planning her day ahead of time.,llama/prompt2,0.9464443922042841
He is planning his day ahead.,"Ele está traçando o mapa do seu dia.
",He's charting the course of his day.,gemini/prompt4,0.9494049549102781
He is planning his day ahead.,Ele está traçando o mapa do seu dia.,He’s charting his day.,gemma3/prompt4,0.9538887739181511
He is planning his day ahead.,Ele está traçando o seu mapa de navegação para o dia.,Ele está traçando seu itinerário para o dia.,llama/prompt4,0.9552980661392211
He is planning his day ahead.,Ele está arquitetando seu dia adiante.,He is designing his day ahead.,qwen/prompt4,0.9610480070114131
He is planning his day ahead.,>> pt<< Ele planeia o seu dia no futuro.,He plans his day out ahead.,meta/,0.9651473760604851
He is planning his day ahead.,Ele está traçando seu dia.,He's mapping out his day.,gpt/prompt4,0.9674239158630371
He is planning his day ahead.,Estará planejando seu dia à frente.,He will be planning his day ahead.,mistral/prompt4,0.9806653261184691
He is planning his day ahead.,"Ele está planejando o dia dele.
",He is planning his day.,gemma3/prompt2,0.98472386598587
He is planning his day ahead.,"Ele está planejando o dia dele.
","He is planning his day.
",gemini/prompt1,0.9885449409484861
He is planning his day ahead.,Ele está planejando seu dia à frente.,He is planning his day ahead.,gpt/prompt2,0.989256978034973
He is planning his day ahead.,Ele está planejando seu dia à frente.,He is planning his day ahead.,mistral/prompt1,0.989256978034973
He is planning his day ahead.,Ele está planejando seu dia à frente.,He is planning his day ahead.,mistral/prompt2,0.989256978034973
He is planning his day ahead.,Ele está planejando seu dia à frente.,He is planning his day ahead.,qwen/prompt1,0.989256978034973
He is planning his day ahead.,Ele está planejando o dia dele.,He's planning his day.,gemma3/prompt1,0.9912000298500061
He is planning his day ahead.,Ele está traçando seu dia adiante.,He is planning his day ahead.,mistral/prompt3,0.992658138275146
He is planning his day ahead.,Ele está planejando seu dia.,He is planning his day.,gpt/prompt1,0.993523836135864
He is planning his day ahead.,Ele está planejando seu dia.,He is planning his day.,gemmaX/,0.993523955345153
He is planning his day ahead.,Ele está planejando seu dia adiante.,He is planning his day ahead.,qwen/prompt2,0.9983417987823481
He is planning his day ahead.,"Ele está planejando o dia dele.
","He's planning his day.
",gemini/prompt2,1.0
He is planning his day ahead.,Ele está planejando sua agenda para o dia.,He is planning his schedule for the day.,llama/prompt1,1.0
He is planning his day ahead.,Ele está a planear o seu dia à frente.,He's planning his day ahead.,marian/,1.0
He is cleaning the windows.,"Ele está limpando a barra.
",He's clearing his name.,gemini/prompt4,0.753425657749176
He is cleaning the windows.,Ele está clareando as ideias.,He's shedding light on his thoughts.,gpt/prompt3,0.781455039978027
He is cleaning the windows.,"Ele está lustrando a transparência.
",He's polishing clarity.,gemma3/prompt3,0.8288716077804561
He is cleaning the windows.,"Ele está lustrando a transparência.
",He's polishing clarity.,gemma3/prompt4,0.8288716673851011
He is cleaning the windows.,Ele está limpando os vidros.,Ele está limando os vidros.,llama/prompt3,0.8685303926467891
He is cleaning the windows.,"Ele está limpando os olhos do mundo.
",He is clearing the world's vision.,gemini/prompt3,0.873068451881408
He is cleaning the windows.,Ele está limpando as janelas da alma.,He is cleansing the windows of his soul.,qwen/prompt3,0.8747698664665221
He is cleaning the windows.,Ele está limpando as janelas da alma.,He's wiping the windows of the soul.,llama/prompt4,0.8847043514251701
He is cleaning the windows.,Ele está limpando a janela.,"""Cleaning the window""",mistral/prompt4,0.903155922889709
He is cleaning the windows.,Ele está limpando os horizontes.,He is clearing the horizons.,gpt/prompt4,0.928962588310241
He is cleaning the windows.,Ele está limpando os vidros da alma.,He is cleaning the windows of the soul.,mistral/prompt3,0.9325618743896481
He is cleaning the windows.,Ele está varrendo as janelas.,He is sweeping the windows.,qwen/prompt4,0.9431301355361931
He is cleaning the windows.,Está a lavar as janelas.,He's washing the windows.,meta/,0.9912000298500061
He is cleaning the windows.,Ele está a limpar as janelas.,He's cleaning the windows.,marian/,0.9919548034667961
He is cleaning the windows.,"Ele está limpando as janelas.
",He is cleaning the windows.,gemma3/prompt1,0.9932026863098141
He is cleaning the windows.,Ele está limpando as janelas.,He's cleaning the windows.,gemmaX/,0.9965319633483881
He is cleaning the windows.,"Ele está limpando as janelas.
","He is cleaning the windows.
",gemini/prompt1,0.9968041181564331
He is cleaning the windows.,"Ele está limpando as janelas.
","He is cleaning the windows.
",gemini/prompt2,0.9968041181564331
He is cleaning the windows.,Ele está limpando as janelas.,He is cleaning the windows.,gemma3/prompt2,0.997063398361206
He is cleaning the windows.,Ele está limpando as janelas.,He is cleaning the windows.,gpt/prompt1,0.997063398361206
He is cleaning the windows.,Ele está limpando as janelas.,He is cleaning the windows.,gpt/prompt2,0.997063398361206
He is cleaning the windows.,Ele está limpando as janelas.,He is cleaning the windows.,llama/prompt1,0.997063398361206
He is cleaning the windows.,Ele está limpando as janelas.,He is cleaning the windows.,llama/prompt2,0.997063398361206
He is cleaning the windows.,Ele está limpando as janelas.,He is cleaning the windows.,mistral/prompt1,0.997063398361206
He is cleaning the windows.,Ele está limpando as janelas.,He is cleaning the windows.,mistral/prompt2,0.997063398361206
He is cleaning the windows.,Ele está limpando as janelas.,He is cleaning the windows.,qwen/prompt1,0.997063398361206
He is cleaning the windows.,Ele está limpando as janelas.,He is cleaning the windows.,qwen/prompt2,0.997063398361206
caught in a web,"""Nenhum animal foi apanhado","""No animal was taken.",meta/,0.677780330181121
caught in a web,"Preso na teia.
",Caught in a web.,gemini/prompt3,0.8802878856658931
caught in a web,Ficou preso em uma teia.,Got caught in a trap.,llama/prompt2,0.898844361305236
caught in a web,Encontrar-se preso em uma teia de aranha,Get caught in a web,mistral/prompt4,0.9053792953491211
caught in a web,Enredo em uma rede.,Plot in a net.,mistral/prompt2,0.9174537658691401
caught in a web,"Enredado na teia.
",Caught in the web.,gemini/prompt4,0.9209960699081421
caught in a web,Preso num tecido de aranha,Coberto por um tecido de aranha,llama/prompt3,0.9266029596328731
caught in a web,Preso em uma teia.,Ensnared in a web.,llama/prompt4,0.946099638938903
caught in a web,Enredado na teia,Entangled in the web.,mistral/prompt3,0.9578815698623651
caught in a web,Pego em uma rede,I'm caught in a net,mistral/prompt1,0.9579577445983881
caught in a web,Enredado em uma teia,Caught in a web,gemma3/prompt2,0.958011984825134
caught in a web,"Enredado em uma teia.
",Caught in a web.,gemma3/prompt3,0.9592614769935601
caught in a web,Enredado numa teia.,Caught in a web.,gemma3/prompt4,0.960359811782836
caught in a web,Emaranhado em uma teia.,Ensnared in a web.,llama/prompt1,0.9643692970275871
caught in a web,Enredado numa teia,Caught in a web,gemma3/prompt1,0.9659728407859801
caught in a web,perdido em uma rede,lost in a web,qwen/prompt4,0.9798424243927001
caught in a web,"Preso em uma teia
","Caught in a web
",gemini/prompt1,0.9808689355850221
caught in a web,"Preso em uma teia
","Caught in a web
",gemini/prompt2,0.9808690547943111
caught in a web,capturado em uma teia,caught in a web,gpt/prompt3,0.9827723503112791
caught in a web,enrolado em uma rede,wrapped in a net,qwen/prompt1,0.983020484447479
caught in a web,enrolado em uma rede,entangled in a web,qwen/prompt3,0.9846813678741451
caught in a web,Preso numa teia,Trapped in a web,gemmaX/,0.988022565841674
caught in a web,pegos em uma teia,caught in a web,gpt/prompt4,0.988777160644531
caught in a web,capturado em uma teia,caught in a web,marian/,0.9891259670257561
caught in a web,cativado em uma teia,captivated in a web,gpt/prompt1,0.991137981414794
caught in a web,preso em uma teia,caught in a web,qwen/prompt2,0.9936971664428711
caught in a web,pegos em uma teia,caught in a web,gpt/prompt2,0.9942712783813471
a tower of strength,Fortaleza,Bulwark,mistral/prompt3,0.617682814598083
a tower of strength,Uma torre de força,"A phrase translate to English would be: ""A tower of strength"".",mistral/prompt2,0.830232262611389
a tower of strength,"Pilastra de firmeza.
",Anchor of Steadfastness.,gemma3/prompt4,0.884254038333892
a tower of strength,Torre de força,Stronghold,llama/prompt4,0.912863075733184
a tower of strength,uma torre de força,a power line tower,qwen/prompt1,0.942312121391296
a tower of strength,Fortaleza inabalável.,Unshakable stronghold.,gemma3/prompt3,0.952219247817993
a tower of strength,"Torre de Fortaleza
",Tower of Strength,gemini/prompt3,0.9572401642799371
a tower of strength,Uma torre de força,A Pillar of Strength,llama/prompt1,0.963108420372009
a tower of strength,Pilar de força,Beacon of strength,mistral/prompt4,0.96744555234909
a tower of strength,"Uma torre de força
","A power tower
",gemini/prompt1,0.9804476499557491
a tower of strength,"Uma torre de força
","A power tower
",gemini/prompt2,0.9804476499557491
a tower of strength,Uma torre de força,A power tower,gemma3/prompt1,0.980875551700592
a tower of strength,Uma torre de força,A power tower,gemma3/prompt2,0.980875551700592
a tower of strength,uma torre de força,a power tower,gpt/prompt1,0.9852409958839411
a tower of strength,uma torre de força,a power tower,qwen/prompt2,0.9852409958839411
a tower of strength,Um reduto de força,A fortress of force,meta/,0.9876139163970941
a tower of strength,Pilar de força,Pillar of strength,llama/prompt3,0.990690946578979
a tower of strength,torre de força,tower of strength,gpt/prompt3,0.9912000298500061
a tower of strength,pilar de força,pillar of strength,gpt/prompt4,0.9912000298500061
a tower of strength,um baluarte de força,A fortress of strength,mistral/prompt1,0.9912000298500061
a tower of strength,coluna de força,pillar of strength,qwen/prompt3,0.9912000298500061
a tower of strength,coluna de força,pillar of strength,qwen/prompt4,0.9912000298500061
a tower of strength,"Uma torre de sustentação.
",A pillar of support.,gemini/prompt4,0.9941470623016351
a tower of strength,uma torre de força,a tower of force,marian/,0.9989857673645021
a tower of strength,uma torre de força,a tower of strength,gemmaX/,1.0
a tower of strength,uma torre de força,a tower of strength,gpt/prompt2,1.0
a tower of strength,Uma torre de força.,A tower of strength.,llama/prompt2,1.0
The kids played in the playground.,As crianças brincaram no playground.,Children kicked the bucket.,mistral/prompt4,0.6728857755661011
The kids played in the playground.,Os pequeninos dançaram no tabuleiro de xadrez da vida.,"""The tiny ones danced on the chessboard of life.""",llama/prompt3,0.6869260072708131
The kids played in the playground.,As crianças bailavam no palco da rua.,Children danced upon the street's stage.,gemma3/prompt3,0.7326618432998651
The kids played in the playground.,"As crianças se esbaldaçavam no reino da diversão.
",The children were reveling in the kingdom of glee.,gemma3/prompt4,0.746728181838989
The kids played in the playground.,Os filhotes brincaram no zoológico.,The cubs played in the zoo.,qwen/prompt4,0.75861918926239
The kids played in the playground.,"As crianças brincaram no quintal da vida.
",The children frolicked in life's backyard.,gemini/prompt3,0.790360748767852
The kids played in the playground.,"As crianças brincaram no paraíso da infância.
",The children frolicked in the Eden of their childhood.,gemini/prompt4,0.8375381827354431
The kids played in the playground.,As crianças brincaram no reino da fantasia.,The children played in the realm of imagination.,gpt/prompt3,0.862034738063812
The kids played in the playground.,Os garotos brincaram no parque da juventude.,The boys played in the park of eternal youth.,qwen/prompt3,0.9010958671569821
The kids played in the playground.,Os bebês brincaram no parque de diversões.,Babies frolicked in the amusement park.,llama/prompt4,0.932821214199066
The kids played in the playground.,Os miúdos jogavam no recinto.,My kids used to play on the playground.,meta/,0.972769320011138
The kids played in the playground.,Os crianças brincaram na calçada de recreio.,The children played on the playground pavement.,llama/prompt1,0.9822453260421751
The kids played in the playground.,Os孩子们在游乐场玩耍。,The children are playing at the amusement park.,qwen/prompt1,0.9912000298500061
The kids played in the playground.,"As crianças brincaram no parquinho.
","The children played at the playground.
",gemini/prompt1,1.0
The kids played in the playground.,"As crianças brincaram no parquinho.
","The children played at the playground.
",gemini/prompt2,1.0
The kids played in the playground.,As crianças brincaram no parquinho.,The children played in the playground.,gemma3/prompt1,1.0
The kids played in the playground.,As crianças brincaram no parquinho.,The children played in the playground.,gemma3/prompt2,1.0
The kids played in the playground.,As crianças brincavam no parque infantil.,The children were playing in the playground.,gemmaX/,1.0
The kids played in the playground.,As crianças brincaram no parquinho.,The children played in the playground.,gpt/prompt1,1.0
The kids played in the playground.,As crianças brincaram no parque infantil.,The children played in the playground.,gpt/prompt2,1.0
The kids played in the playground.,As crianças brincaram no parquinho.,The children played in the playground.,gpt/prompt4,1.0
The kids played in the playground.,Os crianças brincaram na playground.,The children played at the playground.,llama/prompt2,1.0
The kids played in the playground.,As crianças brincaram no parque infantil.,The kids played in the playground.,marian/,1.0
The kids played in the playground.,As crianças jogaram no parquinho.,The children played in the park.,mistral/prompt1,1.0
The kids played in the playground.,As crianças brincaram no parquinho.,The children played in the park.,mistral/prompt2,1.0
The kids played in the playground.,As crianças brincaram no pátio.,The children played in the playground.,mistral/prompt3,1.0
The kids played in the playground.,As crianças brincaram no parquinho.,The children played in the playground.,qwen/prompt2,1.0
blessing in disguise,luongo em disfarce,longue in disguise,qwen/prompt1,0.790079832077026
blessing in disguise,"Mal que vem para o bem.
","Every cloud has a silver lining.
",gemini/prompt2,0.837365388870239
blessing in disguise,"Mal que vem para o bem.
","Every cloud has a silver lining.
",gemini/prompt1,0.837365448474884
blessing in disguise,benção disfarçada,blessed disguise,gpt/prompt1,0.841174125671386
blessing in disguise,sorte escondida,hidden fortune,qwen/prompt4,0.9466471076011651
blessing in disguise,"Um mal que veio para o bem.
",A blessing in disguise.,gemini/prompt3,0.9666163921356201
blessing in disguise,"Um mal que veio para o bem.
",A blessing in disguise.,gemini/prompt4,0.9666163921356201
blessing in disguise,Presente de Deus,Bênção do Céu,llama/prompt3,0.9809677600860591
blessing in disguise,Benção disfarçada,Disguised blessing.,llama/prompt1,0.9824000597000121
blessing in disguise,bênção disfarçada,disguised blessing,qwen/prompt3,0.9824000597000121
blessing in disguise,"""Benação mascarada"".","""Blessing in disguise.",meta/,0.985406041145324
blessing in disguise,A benção disfarçada.,A disguised blessing.,gemma3/prompt3,0.9912000298500061
blessing in disguise,bênção disfarçada,blessing disguised,marian/,0.9912000298500061
blessing in disguise,benção disfarçada,Disguised blessing,mistral/prompt2,0.9912000298500061
blessing in disguise,Bênção disfarçada,Blessing in disguise,qwen/prompt2,0.9912000298500061
blessing in disguise,Um presente de Deus.,A gift from God.,llama/prompt2,0.9930222034454341
blessing in disguise,Benção disfarçada.,Bênção disfarçada. -  Blessing in disguise,llama/prompt4,0.9967234134674071
blessing in disguise,"Uma bênção disfarçada.
",A blessing in disguise.,gemma3/prompt1,1.0
blessing in disguise,Uma bênção disfarçada.,A blessing in disguise.,gemma3/prompt2,1.0
blessing in disguise,"Uma bênção disfarçada.
",A blessing in disguise.,gemma3/prompt4,1.0
blessing in disguise,benção disfarçada,a blessing in disguise,gemmaX/,1.0
blessing in disguise,benção disfarçada,blessing in disguise,gpt/prompt2,1.0
blessing in disguise,Bênção disfarçada.,Blessing in disguise.,gpt/prompt3,1.0
blessing in disguise,benção disfarçada,blessing in disguise,gpt/prompt4,1.0
blessing in disguise,bênção em disfarce,blessing in disguise,mistral/prompt1,1.0
blessing in disguise,bênção disfarçada,"""A blessing in disguise""",mistral/prompt3,1.0
blessing in disguise,benção disfarçada,blessing in disguise,mistral/prompt4,1.0
born with a silver spoon,"Nascido em berço de ouro
","Born with a silver spoon in their mouth
",gemini/prompt1,0.7991281747817991
born with a silver spoon,Nasceu com colher de prata.,Nursed on a silver spoon.,llama/prompt4,0.806573033332824
born with a silver spoon,"Nascido em berço de ouro.
","Born with a silver spoon in their mouth.
",gemini/prompt2,0.8258483409881591
born with a silver spoon,"Nascer em berço de ouro.
",Born with a silver spoon in their mouth.,gemini/prompt3,0.86469292640686
born with a silver spoon,"Nascer em berço de ouro.
",Born with a silver spoon in their mouth.,gemini/prompt4,0.86469292640686
born with a silver spoon,Nascido em berço de ouro.,Born with a silver spoon in one's mouth.,gemma3/prompt3,0.8808023929595941
born with a silver spoon,Nascido em berço de ouro.,Born with a silver spoon in his mouth.,gpt/prompt3,0.8961188793182371
born with a silver spoon,Nascido com uma colher de ouro na boca.,Born with a silver spoon in one's mouth.,gemma3/prompt4,0.911498129367828
born with a silver spoon,Nascido com uma colher de ouro na boca.,Born with a silver spoon in one's mouth.,gemma3/prompt1,0.926312804222106
born with a silver spoon,nascido em berço de ouro,born with a silver spoon in his mouth,gpt/prompt4,0.937690317630767
born with a silver spoon,Nascido com uma colher de prata na boca.,Born with a silver spoon in one's mouth.,gemma3/prompt2,0.9379497766494751
born with a silver spoon,nascido em berço de ouro,born with a silver spoon in his mouth,gpt/prompt1,0.9383192062377931
born with a silver spoon,nascido em berço de ouro,born with a silver spoon in his mouth,gpt/prompt2,0.9383192062377931
born with a silver spoon,Nascido com a colher de prata.,Born with a silver spoon in his mouth.,mistral/prompt3,0.9409123659133911
born with a silver spoon,Nasceu com colher de prata.,Nasceu com um prato de prata na mão.,llama/prompt3,0.9493976831436151
born with a silver spoon,Nascido com uma colher de prata.,"""Born with a silver spoon in his mouth.""",mistral/prompt2,0.954461574554443
born with a silver spoon,nascido com uma colher de prata,born with a silver spoon in one's mouth,mistral/prompt1,0.9586132764816281
born with a silver spoon,nascer com um garfo de prata na boca,born with a silver spoon in his mouth,qwen/prompt4,0.9751833081245421
born with a silver spoon,Nascido com colher de prata.,Born with a silver spoon.,llama/prompt2,0.9838672876358031
born with a silver spoon,nascido com um garfo de prata na boca,born with a silver spoon in his mouth,qwen/prompt3,0.987883329391479
born with a silver spoon,nascido com uma colher de prata,Born with a silver spoon,mistral/prompt4,0.990724325180053
born with a silver spoon,nascido com uma colher de prata.,Born with a silver spoon.,llama/prompt1,0.9933224916458131
born with a silver spoon,nascido com um garfo de prata,born with a silver spoon,qwen/prompt1,0.9962885379791261
born with a silver spoon,Nasceu com uma colher de prata,Born with a silver spoon,meta/,0.997355341911315
born with a silver spoon,Nascido com uma colher de prata,Born with a silver spoon,qwen/prompt2,0.997355341911315
born with a silver spoon,nascido com uma colher de prata,born with a silver spoon,gemmaX/,0.9980698823928831
born with a silver spoon,nascido com uma colher de prata,born with a silver spoon,marian/,0.9980698823928831
come out of your shell,Desabrochar.,To blossom.,gemma3/prompt3,0.720382928848266
come out of your shell,"Sair da concha, se desinchar, emergir de sua armadura de concha.","Emerging from your shell, deflating, bursting free from your armor of a shell.",llama/prompt4,0.7439303994178771
come out of your shell,Saí de sua casca.,Shed my shell.,llama/prompt2,0.78125512599945
come out of your shell,Sair da toca.,Emerge from the burrow.,gemma3/prompt4,0.8644384145736691
come out of your shell,Despertar do seu caracol.,"""Emerging from your shell.""",llama/prompt3,0.895226716995239
come out of your shell,sair do casulo,emerge from the chrysalis,gpt/prompt4,0.9091503620147701
come out of your shell,sair da sua casca,"""Come out of his shell""",mistral/prompt3,0.924825549125671
come out of your shell,"Sair da concha
",To come out of one's shell,gemini/prompt4,0.935942292213439
come out of your shell,*Saia do seu shell*,♪ Out of your shell ♪,meta/,0.9439920186996461
come out of your shell,saia da sua concha,step out of your shell,qwen/prompt3,0.9580852389335631
come out of your shell,Saia da sua concha.,Get out of your shell.,marian/,0.9594812989234921
come out of your shell,"Saia da sua concha.
","Come out of your shell.
",gemini/prompt1,0.9632747173309321
come out of your shell,"Saia da sua concha.
","Come out of your shell.
",gemini/prompt2,0.9632747173309321
come out of your shell,virar a página,turn the page,qwen/prompt4,0.966687560081481
come out of your shell,"Sair da casca.
",Break out of your shell.,gemini/prompt3,0.976126074790954
come out of your shell,"Saia da sua concha.
",Come out of your shell.,gemma3/prompt1,0.9775537252426141
come out of your shell,"Saia da sua concha.
",Come out of your shell.,gemma3/prompt2,0.9775537252426141
come out of your shell,Saia da sua casca.,"""Break out of your shell.""",gpt/prompt3,0.9776953458786011
come out of your shell,saia da sua concha,come out of your shell,gemmaX/,0.9823503494262691
come out of your shell,saia da sua concha,come out of your shell,qwen/prompt1,0.9823503494262691
come out of your shell,Sair da sua concha.,Come out of your shell.,llama/prompt1,0.9840396642684931
come out of your shell,Sai da sua concha,Come out of your shell,qwen/prompt2,0.9841291904449461
come out of your shell,Saia da sua casca,Get out of your shell.,mistral/prompt1,0.9894688129425041
come out of your shell,Sai do seu casulo,"""Come out of your shell.""",mistral/prompt2,0.9912000298500061
come out of your shell,sair da sua casca,come out of your shell,mistral/prompt4,0.994280815124511
come out of your shell,sair da sua concha,come out of your shell,gpt/prompt2,0.9987233877182001
come out of your shell,sair da casca,break out of the shell,gpt/prompt1,0.999777436256408
climbing the ladder,Subir de nível ou carreira.,Take it to the next level or career advancement.,llama/prompt2,0.7996978759765621
climbing the ladder,subindo a escada,Upstairs,marian/,0.843463480472564
climbing the ladder,A caminho dos degraus,"""On the way to the steps.""",mistral/prompt3,0.9458503127098081
climbing the ladder,Subir a escada do sucesso.,Subir a escada do sucesso.,llama/prompt3,0.950787842273712
climbing the ladder,Escalar a escalada,Taking the step-up.,llama/prompt4,0.962914288043975
climbing the ladder,"Subir degraus.
",Climb the ladder.,gemma3/prompt4,0.9634371995925901
climbing the ladder,subir na carreira,climb the career ladder,qwen/prompt4,0.967520356178283
climbing the ladder,Subir na escada,"""Climb the ladder""",mistral/prompt4,0.9691861867904661
climbing the ladder,Subir degraus.,Climbing the ladder.,gemma3/prompt3,0.9748234748840331
climbing the ladder,subir na escada,go up the stairs,qwen/prompt1,0.9758278131484981
climbing the ladder,subindo na vida,climbing the ladder of life,gpt/prompt4,0.979721903800964
climbing the ladder,Subindo a escada,♪ Going up the stairs ♪,meta/,0.981927514076232
climbing the ladder,"Escalando a escada do sucesso.
",Climbing the ladder of success.,gemini/prompt3,0.9866594076156611
climbing the ladder,subindo a escada,going up the stairs,gpt/prompt1,0.9912000298500061
climbing the ladder,subindo a escada,going up the stairs,qwen/prompt2,0.9912000298500061
climbing the ladder,subindo os degraus,Climbing the stairs,gpt/prompt3,0.9916549921035761
climbing the ladder,"Escalando a escada.
",Climbing the ladder.,gemini/prompt4,0.9949641227722161
climbing the ladder,Subindo a escada,Going up the stairs,gemma3/prompt2,0.9956022500991821
climbing the ladder,Subindo a escada,Going up the stairs,mistral/prompt1,0.9956022500991821
climbing the ladder,Subindo na escada,Going up the stairs,gemma3/prompt1,0.9959939718246461
climbing the ladder,subindo pela escada,climbing the ladder,qwen/prompt3,0.9969764947891231
climbing the ladder,Subindo na escada,Climbing the ladder,mistral/prompt2,0.9986474514007561
climbing the ladder,"Subindo a escada
","Going up the stairs
",gemini/prompt1,0.999679923057556
climbing the ladder,"Subindo a escada
","Going up the stairs
",gemini/prompt2,0.999679923057556
climbing the ladder,subindo a escada,climbing the stairs,gemmaX/,1.0
climbing the ladder,subindo a escada,climbing the stairs,gpt/prompt2,1.0
climbing the ladder,Subir a escada do sucesso.,Climbing the ladder of success.,llama/prompt1,1.0
dark horse,"Cavalo selado.
",Locked and loaded.,gemini/prompt3,0.500806808471679
dark horse,"O que queres, meu.","Whatever you want, man.",meta/,0.7363398075103761
dark horse,Cavalo desconhecido,"""The Unseen Steed""",llama/prompt3,0.826173961162567
dark horse,cavalo surpreendente,Surprise Horse,qwen/prompt4,0.865627527236938
dark horse,cavalo de Tróia,Trojan horse,gpt/prompt4,0.8896763920783991
dark horse,cavalo de Tróia,Trojan horse,gpt/prompt3,0.8896768093109131
dark horse,cavalo de Tróia,Trojan horse,gpt/prompt2,0.891265273094177
dark horse,Cavalo Sombrio.,Shadow Steed.,gemma3/prompt4,0.8948566913604731
dark horse,Cavalinho preto,Black pony,gemma3/prompt1,0.9284251928329461
dark horse,cavalo surpreendente,surprising steed,qwen/prompt3,0.93723464012146
dark horse,Cavalo de troia,Trojan Horse,llama/prompt2,0.956334114074707
dark horse,Cavalo bizarro,Weird Horse,llama/prompt1,0.977432370185852
dark horse,Cavalo negro.,Cavallo nero.,llama/prompt4,0.988998889923095
dark horse,"Cavalo negro
","Black horse
",gemini/prompt1,1.0
dark horse,"Cavalo negro
","Black horse
",gemini/prompt2,1.0
dark horse,"Cavalo negro.
",Dark horse.,gemini/prompt4,1.0
dark horse,Cavalo escuro,Dark horse,gemma3/prompt2,1.0
dark horse,Cavalinho escuro.,Dark horse.,gemma3/prompt3,1.0
dark horse,cavalo escuro,dark horse,gemmaX/,1.0
dark horse,cavalo escuro,dark horse,gpt/prompt1,1.0
dark horse,cavalo escuro,Dark horse,marian/,1.0
dark horse,cavalo escuro,Dark horse,mistral/prompt1,1.0
dark horse,Cavalo escuro,Black Horse,mistral/prompt2,1.0
dark horse,cavalo negro,Black horse,mistral/prompt3,1.0
dark horse,cavalo negro,black horse,mistral/prompt4,1.0
dark horse,cavalo negro,black horse,qwen/prompt1,1.0
dark horse,cavalo negro,black horse,qwen/prompt2,1.0
as stubborn as a mule,Tanto quanto um burro.,Not in the least; not even a little bit.,llama/prompt2,0.525114774703979
as stubborn as a mule,Duro como uma bicha.,Like a bull in a china shop.,llama/prompt3,0.627888202667236
as stubborn as a mule,Teimoso que só Deus me deu.,Stubborn as a mule.,gemma3/prompt4,0.630457043647766
as stubborn as a mule,Dura como um asno.,Durável como um burro.,llama/prompt4,0.8047684431076051
as stubborn as a mule,ser rezinha như ngựa,be as short as a horse,qwen/prompt4,0.843621492385864
as stubborn as a mule,Cada vez mais teimosa que um burro.,"The more stubborn, like a mule.",llama/prompt1,0.881471991539001
as stubborn as a mule,tanques como um jumento.,tanks like a mule.,mistral/prompt1,0.903003454208374
as stubborn as a mule,Tão teimoso quanto um burro,As stubborn as a mule.,mistral/prompt2,0.9346726536750791
as stubborn as a mule,Testardo como uma mula.,Stubborn as a mule.,mistral/prompt4,0.9467751979827881
as stubborn as a mule,"Teimoso como uma mula.
",Stubborn as a mule.,gemini/prompt3,0.9524127244949341
as stubborn as a mule,"Teimoso como uma mula.
",Stubborn as a mule.,gemini/prompt4,0.9524127840995781
as stubborn as a mule,"Tão teimoso quanto uma mula.
","As stubborn as a mule.
",gemini/prompt1,0.9538434147834771
as stubborn as a mule,Teimoso como uma mula.,Stubborn as a mule,mistral/prompt3,0.962762236595153
as stubborn as a mule,"Teimoso como uma mula.
","Stubborn as a mule.
",gemini/prompt2,0.9635456204414361
as stubborn as a mule,Teimoso como uma mula.,As stubborn as a mule.,gemma3/prompt3,0.9646861553192131
as stubborn as a mule,É tão teimoso como uma mula.,You're just as stubborn as a mule.,meta/,0.9670714139938351
as stubborn as a mule,Teimoso como uma mula.,Stubborn as a mule.,gemma3/prompt1,0.9682376980781551
as stubborn as a mule,Teimoso como uma mula.,Stubborn as a mule.,gemma3/prompt2,0.9682377576828001
as stubborn as a mule,teimoso como uma mulassana,stubborn as a mule,qwen/prompt3,0.984171748161315
as stubborn as a mule,tão teimoso quanto um burro,as stubborn as a mule,qwen/prompt2,0.9880425930023191
as stubborn as a mule,tão teimoso como uma mula,as stubborn as a mule,marian/,0.988324880599975
as stubborn as a mule,tão teimoso quanto uma mula,as stubborn as a mule,gemmaX/,0.9897111654281611
as stubborn as a mule, tão teimoso quanto uma mula,as stubborn as a mule,qwen/prompt1,0.9897111654281611
as stubborn as a mule,teimoso como uma mula,stubborn as a mule,gpt/prompt3,0.9929460287094111
as stubborn as a mule,teimoso como uma mula,stubborn as a mule,gpt/prompt4,0.9929460287094111
as stubborn as a mule,teimoso como uma mula,stubborn as a mule,gpt/prompt1,1.0
as stubborn as a mule,teimoso como uma mula,stubborn as a mule,gpt/prompt2,1.0
He is cutting vegetables for dinner.,Ele está picando o dia a dia para o jantar.,He's chipping away at the day for dinner.,gemma3/prompt3,0.6411863565444941
He is cutting vegetables for dinner.,Ele está cortando a vida dos planos para a janta.,He's snuffing out the life from the dinner plans.,mistral/prompt4,0.6687357425689691
He is cutting vegetables for dinner.,Ele está descascando a realidade para a janta.,Ele está despejando a realidade em seu prato.,llama/prompt3,0.669926822185516
He is cutting vegetables for dinner.,Está picando vegetais para jantar.,It's crunching numbers for dinner.,llama/prompt4,0.6738985776901241
He is cutting vegetables for dinner.,"Ele está lapidando a ceia.
",He’s polishing the feast.,gemma3/prompt4,0.682955622673034
He is cutting vegetables for dinner.,"Ele está fatiando a noite.
",He's slicing through the night.,gemini/prompt3,0.738940358161926
He is cutting vegetables for dinner.,"Ele está fatiando a noite.
",He's slicing through the night.,gemini/prompt4,0.738940358161926
He is cutting vegetables for dinner.,Ele está cortejando para o jantar.,He's courting for dinner.,mistral/prompt3,0.8050106763839721
He is cutting vegetables for dinner.,Ele está cortando cenas para o jantar.,He is trimming the menu for dinner.,qwen/prompt3,0.8348696231842041
He is cutting vegetables for dinner.,Ele está fatiando os ingredientes do banquete.,He is slicing the ingredients of the feast.,gpt/prompt3,0.9054237604141231
He is cutting vegetables for dinner.,- Está a cortar vegetais para o jantar.,She's cutting up vegetables for dinner.,meta/,0.9469466209411621
He is cutting vegetables for dinner.,Ele está preparando ingredientes para a ceia.,He is chopping the veggies for the feast.,qwen/prompt4,0.954677820205688
He is cutting vegetables for dinner.,Ele está picando os legumes para o jantar.,He's chopping the veggies for dinner.,gpt/prompt4,0.985200405120849
He is cutting vegetables for dinner.,"Ele está cortando vegetais para o jantar.
","He is chopping vegetables for dinner.
",gemini/prompt1,0.9894311428070061
He is cutting vegetables for dinner.,"Ele está cortando vegetais para o jantar.
","He is chopping vegetables for dinner.
",gemini/prompt2,0.9894311428070061
He is cutting vegetables for dinner.,Ele está cortando legumes para o jantar.,He is chopping vegetables for dinner.,gemma3/prompt1,0.9912000298500061
He is cutting vegetables for dinner.,Ele está cortando legumes para o jantar.,He is chopping vegetables for dinner.,gemma3/prompt2,0.9912000298500061
He is cutting vegetables for dinner.,Ele está cortando legumes para o jantar.,He's chopping vegetables for dinner.,gemmaX/,0.9912000298500061
He is cutting vegetables for dinner.,Ele está cortando legumes para o jantar.,He is chopping vegetables for dinner.,llama/prompt1,0.9912000298500061
He is cutting vegetables for dinner.,Ele está cortando legumes para o jantar.,He is chopping vegetables for dinner.,llama/prompt2,0.9912000298500061
He is cutting vegetables for dinner.,Ele está cortando legumes para o jantar.,He is cutting vegetables for dinner.,gpt/prompt1,1.0
He is cutting vegetables for dinner.,Ele está cortando legumes para o jantar.,He is cutting vegetables for dinner.,gpt/prompt2,1.0
He is cutting vegetables for dinner.,Ele está a cortar legumes para o jantar.,He's cutting vegetables for dinner.,marian/,1.0
He is cutting vegetables for dinner.,Ele está cortando vegetais para o jantar.,He is cutting vegetables for dinner.,mistral/prompt1,1.0
He is cutting vegetables for dinner.,Ele está cortando vegetais para o jantar.,He is cutting vegetables for dinner.,mistral/prompt2,1.0
He is cutting vegetables for dinner.,Ele está cortando vegetais para jantar.,He is cutting vegetables for dinner.,qwen/prompt1,1.0
He is cutting vegetables for dinner.,Ele está cortando vegetais para o jantar.,He is cutting vegetables for dinner.,qwen/prompt2,1.0
feeding the fire,Acer Tarde o Fogo.,Delayed Lighting the Fire.,llama/prompt3,0.584772109985351
feeding the fire,Alimentação do fogo,Fire supply,marian/,0.838730216026306
feeding the fire,"Alimentar as chamas.
",Fan the flames.,gemma3/prompt3,0.8861970901489251
feeding the fire,aquecer o fogo,fan the flames,qwen/prompt4,0.8910778760910031
feeding the fire,Alimentar o fogo,Stoke the fire,mistral/prompt4,0.9084219336509701
feeding the fire,alimentando o fogo,fueling the fire,qwen/prompt2,0.9174940586090081
feeding the fire,Alimentar as chamas.,Fuel the fire.,gemma3/prompt4,0.920587062835693
feeding the fire,alimentar a chama,Fuel the fire,mistral/prompt3,0.9250911474227901
feeding the fire,Alimentando o fogo,Fueling the fire,gemma3/prompt1,0.9343903064727781
feeding the fire,Alimentar o fogo.,Nourish the fire.,llama/prompt1,0.9620780944824211
feeding the fire,Acesar o fogo.,To fan the flames.,llama/prompt4,0.9623632431030271
feeding the fire,"Alimentando o fogo.
",Fueling the fire.,gemma3/prompt2,0.9627221822738641
feeding the fire,alimentando o fogo,Feeding fire .,meta/,0.9652178287506101
feeding the fire,alimentando o fogo,feeding the fire,gemmaX/,0.965822339057922
feeding the fire,alimentando o fogo,feeding the fire,gpt/prompt1,0.965822339057922
feeding the fire,alimentando o fogo,feeding the fire,gpt/prompt2,0.965822339057922
feeding the fire, alimentar o fogo,feed the fire,qwen/prompt1,0.9662003517150871
feeding the fire,alimentando o fogo,Feeding the fire,mistral/prompt1,0.96785020828247
feeding the fire,"Alimentando a chama.
",Fueling the fire.,gemini/prompt4,0.9680235385894771
feeding the fire,"Alimentando a chama.
",Fueling the flame.,gemini/prompt3,0.969944477081298
feeding the fire,"Alimentando o fogo
","Feeding the fire
",gemini/prompt1,0.9706170558929441
feeding the fire,"Alimentando o fogo
","Feeding the fire
",gemini/prompt2,0.9706170558929441
feeding the fire,Acesar o fogo,Ignite the flame,llama/prompt2,0.9722102880477901
feeding the fire,Alimentando o fogo.,Feeding the fire.,gpt/prompt4,0.972383141517639
feeding the fire,A alimentar o fogo.,To feed the fire.,mistral/prompt2,0.9750779867172241
feeding the fire,alimentar a chama,Feed the flame.,gpt/prompt3,0.984446585178375
feeding the fire,aquecer o fogo,to stoke the fire,qwen/prompt3,0.9850773215293881
blood runs cold,sangue esfria,cold blood,marian/,0.72846496105194
blood runs cold,Sangue gelado,Cold blood,qwen/prompt2,0.815636992454528
blood runs cold,O sangue congela.,Blood chills.,llama/prompt2,0.886698782444
blood runs cold,Sangue gela no coração,Sangue frio está no coração.,llama/prompt3,0.9215484857559201
blood runs cold,"O sangue gela.
",My blood runs cold.,gemini/prompt3,0.940064966678619
blood runs cold,"O sangue gela.
",My blood runs cold.,gemini/prompt4,0.940064966678619
blood runs cold,O sangue gela.,My blood runs cold.,gemma3/prompt1,0.9409291744232171
blood runs cold,- O teu sangue está fresco.,- Your blood is still fresh.,meta/,0.9422966241836541
blood runs cold,"O sangue gela.
","My blood runs cold.
",gemini/prompt1,0.946649074554443
blood runs cold,"O sangue gela.
","My blood runs cold.
",gemini/prompt2,0.946649193763732
blood runs cold,"O sangue gela.
",My blood runs cold.,gemma3/prompt2,0.9481455087661741
blood runs cold,Sangue corre frio.,Blood runs cold.,gpt/prompt3,0.955338358879089
blood runs cold,"O sangue gela.
",The blood runs cold.,gemma3/prompt4,0.9556661844253541
blood runs cold,o sangue corre frio,the blood runs cold,gemmaX/,0.955989956855773
blood runs cold,"O sangue gela.
",Blood runs like ice.,gemma3/prompt3,0.959532499313354
blood runs cold,O sangue congela,The blood runs cold,qwen/prompt3,0.961851954460144
blood runs cold,O sangue esfriou.,The blood ran cold.,gpt/prompt4,0.961976885795593
blood runs cold,O sangue corre frio,The blood runs cold,mistral/prompt2,0.9664986133575441
blood runs cold,sangue congela,blood freezes,qwen/prompt1,0.971589922904968
blood runs cold,Corrente sanguínea congela,Frozen arterial flow.,llama/prompt4,0.973911643028259
blood runs cold,"""O sangue para de correr.""","""The blood stops flowing.""",gpt/prompt2,0.9806355237960811
blood runs cold,o sangue esfria,the blood cools,gpt/prompt1,0.9848254919052121
blood runs cold,o sangue congela,the blood freezes,qwen/prompt4,0.9881227016448971
blood runs cold,O sangue frio corre na veia.,Cold blood runs in the veins.,llama/prompt1,1.0
blood runs cold,O sangue gela.,The blood freezes.,mistral/prompt1,1.0
blood runs cold,O sangue gela,"""Blood turns to ice.""",mistral/prompt3,1.0
blood runs cold,O sangue fica gelado.,The blood turns to ice.,mistral/prompt4,1.0
bridge the gap,"T3""a""BridgelheA brecha","T3""a""Bridgelh the gap",meta/,0.648037135601043
bridge the gap,"Pontejar, preencher a lacuna, encurtar distâncias.","""Navegar pontes, preencher os abismos, acortar as distâncias.""",llama/prompt3,0.699145495891571
bridge the gap,pontear a diferença,"""to kick around the difference""",qwen/prompt3,0.861824333667755
bridge the gap,Pontejar o abismo,Span a chasm.,llama/prompt4,0.8935641050338741
bridge the gap,pontificar o gap, pontificate the gap,qwen/prompt1,0.8947696685791011
bridge the gap,Ponte a lacuna,"""Bridge the gap""",mistral/prompt2,0.9658188819885251
bridge the gap,Fechar a brecha,Close the gap,mistral/prompt1,0.969337582588195
bridge the gap,"Pontear as distâncias
",Bridge the gaps,gemini/prompt4,0.9822065830230711
bridge the gap,Pontear a lacuna,To bridge the gap,mistral/prompt3,0.9824000597000121
bridge the gap,suprir a lacuna,fill the gap,gpt/prompt1,0.9848558902740471
bridge the gap,fechar a brecha,Close the gap,mistral/prompt4,0.9859701395034791
bridge the gap,fechar o gap,fill the gap,qwen/prompt4,0.9860502481460571
bridge the gap,Ponte entre as lacunas.,Bridge the gaps.,llama/prompt1,0.9877994060516351
bridge the gap,fechar a lacuna,close the gap,gpt/prompt2,0.991113185882568
bridge the gap,"Preencher a lacuna
","Fill in the gap
",gemini/prompt1,0.9912000298500061
bridge the gap,"Preencher a lacuna
","Fill the gap
",gemini/prompt2,0.9912000298500061
bridge the gap,"Superar a diferença.
",Overcome the difference.,gemma3/prompt2,0.9912000298500061
bridge the gap,Preencher a lacuna,Filling the gap.,llama/prompt2,0.9912000298500061
bridge the gap,Superar a lacuna,Overcoming the gap,marian/,0.9912000298500061
bridge the gap,Preencher a lacuna,Fill the gap,qwen/prompt2,0.9912000298500061
bridge the gap,colmar a lacuna,bridge the gap,gemmaX/,0.9955030679702751
bridge the gap,"Preencher a lacuna.
",Bridge the gap.,gemini/prompt3,1.0
bridge the gap,"Superar a diferença/lacuna.
",Bridge the gap.,gemma3/prompt1,1.0
bridge the gap,"Fechar a distância.
",Bridge the gap.,gemma3/prompt3,1.0
bridge the gap,Fechar a distância.,Bridge the gap.,gemma3/prompt4,1.0
bridge the gap,fechar a lacuna,bridge the gap,gpt/prompt3,1.0
bridge the gap,cobrir a lacuna,bridge the gap,gpt/prompt4,1.0
They are driving to the countryside.,Eles estão conduzindo-se para o interior.,They're steered deep into themselves.,llama/prompt3,0.6815584897994991
They are driving to the countryside.,"Estão a caminho do campo, a respirar a liberdade.
","They're heading to the field, inhaling freedom.",gemini/prompt3,0.744508504867553
They are driving to the countryside.,Eles navegam rumo ao verde.,They steer toward the emerald.,gemma3/prompt3,0.7502338290214531
They are driving to the countryside.,"They are driving to the countryside.
Estão indo para o campo.",They are headed for the sticks.,mistral/prompt4,0.752740740776062
They are driving to the countryside.,Eles estão rumando para o campo.,They're sailing into the wilderness.,gemma3/prompt4,0.781734347343444
They are driving to the countryside.,Eles estão dirigindo para o campo da vida.,They are steering towards the field of life.,qwen/prompt3,0.7987522482872
They are driving to the countryside.,Eles estão dirigindo para o campo.,They are hitting the countryside.,qwen/prompt4,0.812017083168029
They are driving to the countryside.,"Estão a pôr o pé na estrada.
",They're hitting the road.,gemini/prompt4,0.831760883331298
They are driving to the countryside.,Eles estão indo para o interior.,They are going off the grid.,gpt/prompt4,0.83912456035614
They are driving to the countryside.,Elas estão pegando estrada rumo ao campo.,They're hitting the open road.,llama/prompt4,0.849151253700256
They are driving to the countryside.,Estão a dirigir-se para o campo.,They're heading for the camp.,gemmaX/,0.911190152168273
They are driving to the countryside.,"Eles estão indo para o campo.
","They are going to the field.
",gemini/prompt2,0.9186578392982481
They are driving to the countryside.,Eles estão dirigindo para o interior.,They are driving to the interior.,mistral/prompt1,0.9367992877960201
They are driving to the countryside.,Eles estão seguindo para os braços da natureza.,They are heading into the embrace of nature.,gpt/prompt3,0.9449994564056391
They are driving to the countryside.,Eles estão rumando para o campo.,They are heading towards the wilderness.,mistral/prompt3,0.967999815940856
They are driving to the countryside.,Eles estão a conduzir para o campo.,They're driving to the field.,marian/,0.970735311508178
They are driving to the countryside.,Eles estão dirigindo para o campo.,They are driving to the field.,qwen/prompt1,0.9741687178611751
They are driving to the countryside.,Estão a conduzir para o campo.,They're driving off into the countryside.,meta/,0.9848636388778681
They are driving to the countryside.,Eles estão se dirigindo para o campo.,They are heading for the fields.,llama/prompt1,0.9910149574279781
They are driving to the countryside.,"Eles estão indo para o campo.
","They are going to the countryside.
",gemini/prompt1,1.0
They are driving to the countryside.,Eles estão dirigindo para o campo.,They are driving to the countryside.,gemma3/prompt1,1.0
They are driving to the countryside.,Eles estão dirigindo para o campo.,They are driving to the countryside.,gemma3/prompt2,1.0
They are driving to the countryside.,Eles estão dirigindo para o campo.,They are driving to the countryside.,gpt/prompt1,1.0
They are driving to the countryside.,Eles estão dirigindo para o interior.,They are driving to the countryside.,gpt/prompt2,1.0
They are driving to the countryside.,Eles estão dirigindo para o campo.,They're heading out into the countryside.,llama/prompt2,1.0
They are driving to the countryside.,Eles estão dirigindo para a zona rural.,They are driving to the rural area.,mistral/prompt2,1.0
They are driving to the countryside.,Eles estão dirigindo para o campo.,They are driving to the countryside.,qwen/prompt2,1.0
dying to know,Morrer de curiosidade.,"Morir de curiosidade.

(mas uma tradução mais adequada poderia ser morrer de curiosidade para ""die of curiosity"", mas uma alternativa poderia ser: 'die from interest' - Morrer de interesse, mas essa não manteve exatamente a mesma metáfora e 'die from interest' é mais vago no português brasileiro)",llama/prompt4,0.44319051504135104
dying to know,bater as botas,'Hang up one's boots',mistral/prompt4,0.573386430740356
dying to know,Morrendo de curiosidade,Dying of curiosity,qwen/prompt2,0.84364366531372
dying to know,Morrer de curiosidade,To die of curiosity,llama/prompt2,0.8497372865676881
dying to know,Morrer de curiosidade.,To die of curiosity.,llama/prompt1,0.855531573295593
dying to know,"Morrendo de curiosidade
","Dying of curiosity
",gemini/prompt1,0.8589205741882321
dying to know,morrer de curiosidade,die of curiosity,qwen/prompt1,0.875256717205047
dying to know,Morrer de curiosidade.,To die from curiosity,llama/prompt3,0.885525047779083
dying to know,"""Morrendo de vontade de saber""","""dying of curiosity""",mistral/prompt3,0.8985204696655271
dying to know,morrendo de curiosidade,dying of curiosity,gpt/prompt2,0.930685758590698
dying to know,morrendo de curiosidade,dying of curiosity,gpt/prompt1,0.9306859970092771
dying to know,morrendo de curiosidade,dying of curiosity,gpt/prompt3,0.938920021057128
dying to know,morrendo de curiosidade,dying of curiosity,gpt/prompt4,0.938920021057128
dying to know,morrendo de curiosidade,dying of curiosity,qwen/prompt3,0.938920021057128
dying to know,Morrendo de curiosidade.,Biting my nails with anticipation.,gemma3/prompt4,0.9498130083084101
dying to know,morrendo de curiosidade,driven mad with curiosity,qwen/prompt4,0.953792572021484
dying to know,Desejoso de saber.,"""Desirous to know.""",mistral/prompt2,0.985605955123901
dying to know,morrendo de vontade de saber,dying to know,gemmaX/,0.99416708946228
dying to know,morrendo de vontade de saber,dying to know,marian/,0.99416708946228
dying to know,"Morrendo de curiosidade
",Dying to know.,gemini/prompt3,0.9946706295013421
dying to know,Estou morrendo de curiosidade para saber.,I am dying of curiosity to know.,mistral/prompt1,0.994719743728637
dying to know,"Morrendo de curiosidade.
",Dying to know.,gemini/prompt4,0.995543122291564
dying to know,Morrendo de vontade de saber.,Dying to know.,gemma3/prompt1,0.9956473112106321
dying to know,"Morrendo de curiosidade.
","Dying to know.
",gemini/prompt2,0.99599266052246
dying to know,Morrendo de curiosidade.,Dying to know.,gemma3/prompt3,0.9966608285903931
dying to know,* Morrendo para saber...,Dying to know...,meta/,0.9986523389816281
dying to know,"Morrendo de curiosidade.
",Dying to know.,gemma3/prompt2,0.9987108707427971
better safe than sorry,"É melhor um ""tá com pena, leva um balde"" do que um ""ai, que burrada!"".
","""Better a 'you break it, you buy it' than a 'oops!'""",gemini/prompt3,0.337281703948974
better safe than sorry,Melhor seguro do que desculpe.,"""It's better to be sorry than be sorry about it.""",mistral/prompt3,0.742233633995056
better safe than sorry,Melhor precavido do que arrependido.,Prefers safe than sorry.,llama/prompt3,0.820480585098266
better safe than sorry,"É melhor prevenir do que remediar.
",An ounce of prevention is worth a pound of cure.,gemini/prompt4,0.9037238955497741
better safe than sorry,Mais vale prevenir do que remediar.,An ounce of prevention is worth a pound of cure.,gemma3/prompt3,0.919094324111938
better safe than sorry,Mais vale prevenir do que remediar.,An ounce of prevention is worth a pound of cure.,gemma3/prompt4,0.919094502925872
better safe than sorry,- Melhor sermos prudentes do que estarmos arrependidos.,- Better to be prudent than sorry.,meta/,0.933898329734802
better safe than sorry,Melhor prevenir do que remendar.,Better to prevent than to mend.,mistral/prompt4,0.938392043113708
better safe than sorry,Melhor seguro do que desculpado.,Better safe than sorry.,llama/prompt4,0.9751644134521481
better safe than sorry,"Mais vale prevenir do que remediar.
","Prevention is better than cure.
",gemini/prompt1,0.981142282485961
better safe than sorry,"Mais vale prevenir do que remediar.
","Prevention is better than cure.
",gemini/prompt2,0.981142282485961
better safe than sorry,melhor seguro do que arrependimento,Better safe than regret,marian/,0.9841126799583431
better safe than sorry,Melhor prevenir do que remediar,It's better to prevent than to cure.,qwen/prompt3,0.9856404066085811
better safe than sorry,melhor prevenir do que remediar,Better safe than sorry.,gpt/prompt2,0.9880130290985101
better safe than sorry,Antes prevenir do que remediar.,Better safe than sorry.,gpt/prompt1,0.988718271255493
better safe than sorry,Mais vale prevenir do que remediar.,Prevention is better than cure.,gemma3/prompt2,0.9894560575485231
better safe than sorry,"Mais vale prevenir do que remediar.
",Prevention is better than cure.,gemma3/prompt1,0.9899347424507141
better safe than sorry,Melhor prevenir do que remediar,Better safe than sorry,qwen/prompt2,0.9906015396118161
better safe than sorry,Melhor seguro do que arrependido.,Better safe than sorry.,llama/prompt1,0.9907654523849481
better safe than sorry,É melhor prevenir do que remediar,It is better to prevent than to cure,gemmaX/,0.9912000298500061
better safe than sorry,Melhor prevenir do que remediar,Prevention is better than cure.,mistral/prompt2,0.9912000298500061
better safe than sorry,melhor prevenir do que remediar,Prevention is better than cure.,qwen/prompt1,0.9912000298500061
better safe than sorry,Melhor prevenir do que remediar.,Better safe than sorry.,gpt/prompt3,0.9925576448440551
better safe than sorry,Melhor prevenir do que remediar.,Better safe than sorry.,gpt/prompt4,0.9925576448440551
better safe than sorry,melhor prevenir do que remediar,It's better to prevent than to remedy.,qwen/prompt4,0.9950426816940301
better safe than sorry,Melhor seguro do que lamentar.,Better safe than sorry.,llama/prompt2,0.9954359531402581
better safe than sorry,Melhor precaver do que lamentar,Better to prevent than to regret.,mistral/prompt1,1.0
foot in the door,"- De certeza, senhor.","I'm sure she is, sir.",meta/,0.45414027571678106
foot in the door,Entrar com o pé na porta,To hit the ground running.,gemma3/prompt1,0.607330083847045
foot in the door,Tornar a perna no portão.,To be stuck on the doorstep.,llama/prompt2,0.693904876708984
foot in the door,Um pé na porta.,"""Um pé na porta"" significa estar no limiar de uma decisão, hesitar em entrar num espaço ou situação.",llama/prompt3,0.7628657817840571
foot in the door,Pé na porta.,Bater as botas,llama/prompt4,0.7709333896636961
foot in the door,pulo no escuro,taking a leap in the dark,qwen/prompt3,0.8040105104446411
foot in the door,Primeiro passo.,First crack.,gemma3/prompt4,0.833342373371124
foot in the door,Pé na porta,At the door,mistral/prompt2,0.8457070589065551
foot in the door,passo para o portal,I step to the portal,qwen/prompt1,0.8604665994644161
foot in the door,Um pequeno começo,A small start,gemma3/prompt2,0.889484047889709
foot in the door,Pé na porta,A foot in the door,qwen/prompt2,0.9382833242416381
foot in the door,colocar o pé na porta,kick the door with your foot,qwen/prompt4,0.940476059913635
foot in the door,Pé na porta,Foot in the door,llama/prompt1,0.9530863761901851
foot in the door,'Foot in the door' traduz-se como 'pé na porta'.,"""Foot in the door"" (pé na porta)",mistral/prompt4,0.956273317337036
foot in the door,Pé na porta,"""Foot in the door""",mistral/prompt1,0.9583877325057981
foot in the door,pé na porta,foot in the door,gemmaX/,0.960736513137817
foot in the door,pé na porta,foot in the door,gpt/prompt1,0.960736513137817
foot in the door,pé na porta,foot in the door,gpt/prompt2,0.960736513137817
foot in the door,Primeiro o pezinho na porta.,A foot in the door.,gemma3/prompt3,0.9625323414802551
foot in the door,pé na porta,foot in the door,gpt/prompt4,0.963566899299621
foot in the door,pé na porta,Foot on the door,marian/,0.9636234045028681
foot in the door,"Pé na porta
","Foot in the door
",gemini/prompt1,0.9640083312988281
foot in the door,"Pé na porta
","Foot in the door
",gemini/prompt2,0.9640083312988281
foot in the door,Um pé na porta.,A foot in the door,mistral/prompt3,0.9676626324653621
foot in the door,"Pé na porta.
",Foot in the door.,gemini/prompt3,0.9820003509521481
foot in the door,"Pé na porta.
",Foot in the door.,gemini/prompt4,0.9820003509521481
foot in the door,Pé na porta.,Foot in the door.,gpt/prompt3,0.9927783012390131
bring to the table,Contribuir com.,Pitch in.,gemma3/prompt4,0.7426825761795041
bring to the table,"Apresentar
","Present
",gemini/prompt2,0.78294163942337
bring to the table,"Trazer à tona
","To bring up
",gemini/prompt1,0.791014969348907
bring to the table,"Agregar valor.
",Elevate.,gemma3/prompt3,0.8082091808319091
bring to the table,"Trazer para a mesa / Contribuir com / Agregar / Oferecer.
",Bring to the table / Contribute / Add / Offer,gemma3/prompt2,0.810035109519958
bring to the table,Trazer para a mesa / Contribuir com / Acrescentar,Bring to the table / Contribute / Add,gemma3/prompt1,0.8306022882461541
bring to the table,Trazer à mesa,Set the table (à mesa),llama/prompt4,0.867463588714599
bring to the table,Contribuir com algo de valor,Add value.,llama/prompt2,0.8815032839775081
bring to the table,"Trazer à mesa.
",To bring to the table.,gemini/prompt4,0.886945486068725
bring to the table,"Trazer à mesa.
",To bring to the table.,gemini/prompt3,0.88694554567337
bring to the table,Trazer para a mesa,To bring to the table,mistral/prompt1,0.8937083482742311
bring to the table,'Trazer para a mesa'.,''Bring to the table''.,mistral/prompt4,0.9147390127182
bring to the table,Contribuir com uma novidade.,"""Bring something to the table.""",llama/prompt3,0.928915798664093
bring to the table,Para a mesa,""" For the table """,meta/,0.9395484328269951
bring to the table,Colocar na mesa,"""Lay on the table""",mistral/prompt3,0.9550647735595701
bring to the table,trazer à mesa,to bring to the table,qwen/prompt3,0.9564909934997551
bring to the table,trazer à tona,bring to light,gpt/prompt2,0.9625724554061891
bring to the table,trazer à mesa,to bring to the table,qwen/prompt1,0.9657269120216371
bring to the table,Traga à mesa,Bring to the table,mistral/prompt2,0.972419738769531
bring to the table,levar ao discussion,bring to the table,qwen/prompt4,0.975105166435241
bring to the table,trazer à mesa,bring to the table,gpt/prompt3,0.9789184927940361
bring to the table,trazer à mesa,bring to the table,gpt/prompt4,0.9789184927940361
bring to the table,trazer à mesa,bring to the table,gpt/prompt1,0.9867889881134031
bring to the table,trazer para a mesa,bring to the table,gemmaX/,0.9879728555679321
bring to the table,trazer para a mesa,bring to the table,qwen/prompt2,0.9879728555679321
bring to the table,trazer à mesa,bring it to the table,marian/,0.9886180162429811
bring to the table,Trazer algo para a mesa.,Bring something to the table.,llama/prompt1,1.0
happy as a clam,"Feliz da vida.
",Over the moon.,gemini/prompt3,0.506206572055816
happy as a clam,"Feliz como um caranguejo, embora possamos considerar uma tradução mais apropriada ""Feliz como um crustáceo que se sente à vontade em seu ninho"".","""Alegre como uma criatura branquídea em seu refúgio.""",llama/prompt3,0.620630025863647
happy as a clam,Tranquilo como uma ostra.,Still as a clam.,gemma3/prompt4,0.8012316226959221
happy as a clam,Feliz como uma almecega.,Alegre como uma bagra,llama/prompt4,0.8323171138763421
happy as a clam,Tranquilo como um caramujo.,Steady as a snail.,gemma3/prompt3,0.8338371515274041
happy as a clam,Contente como uma almeja,Content as a clam.,mistral/prompt1,0.8582470417022701
happy as a clam,contente como uma almeja,Content as a clam,mistral/prompt2,0.8744199275970451
happy as a clam,feliz como uma perdiz,Happy as a lark.,gpt/prompt2,0.9000172019004821
happy as a clam,feliz como um almeirão,happy as a artichoke,mistral/prompt3,0.906976342201232
happy as a clam,ficar calmo como um mexilhão,stay calm as a clam,qwen/prompt4,0.9178112745285031
happy as a clam,Alegre como um caranguejo.,Cheerful as a crab.,llama/prompt2,0.9204889535903931
happy as a clam,Feliz como um camarão.,"""Happy as a shrimp.""",mistral/prompt4,0.929417133331298
happy as a clam,Feliz como um tubarão dormindo,Happy as a sleeping shark,qwen/prompt3,0.932611107826232
happy as a clam,"Feliz da vida
","Happy as can be
",gemini/prompt1,0.9345179796218871
happy as a clam,"Feliz da vida
","Happy as can be
",gemini/prompt2,0.9345179796218871
happy as a clam,Feliz como uma amêijoas.,"As happy as a clam, I think.",meta/,0.9421260356903071
happy as a clam,feliz como um porco-assado,as happy as a clam,qwen/prompt1,0.950946390628814
happy as a clam,feliz como um molusco,Happy as a mollusc,marian/,0.960309147834777
happy as a clam,"Feliz como uma ostra.
",Happy as a clam.,gemma3/prompt1,0.9685570001602171
happy as a clam,"Feliz como uma ostra.
",Happy as a clam.,gemma3/prompt2,0.9685571193695061
happy as a clam,feliz como um peixe na água,happy as a clam,gpt/prompt4,0.9778481721878051
happy as a clam,"Feliz como um marisco.
",Happy as a clam.,gemini/prompt4,0.979973793029785
happy as a clam,feliz como uma ameijoa,happy as a clam,gemmaX/,0.9803962707519531
happy as a clam,feliz como uma ostra,happy as a clam,gpt/prompt1,0.982523798942565
happy as a clam,feliz como um marisco,happy as a clam,gpt/prompt3,0.9848535060882561
happy as a clam,Feliz como uma ostra,Happy as a clam,qwen/prompt2,0.9865307807922361
happy as a clam,Feliz como um calamar.,Happy as a clam.,llama/prompt1,0.9912554025650021
carry the torch,Ser o farol.,To be a beacon.,gemma3/prompt3,0.846431612968444
carry the torch,Levar a tocha adiante.,Levitar a chama.,llama/prompt4,0.9376718997955321
carry the torch,"Ser o guardião da chama.
",To tend the beacon.,gemma3/prompt4,0.9424687623977661
carry the torch,"E, por fim, carregamos a tocha!",and then we finally lit the torch!,meta/,0.9460864067077631
carry the torch,Trazer a tocha,"""Bring the torch""",mistral/prompt2,0.948243796825408
carry the torch,"Passar o bastão.
",To pass the baton.,gemini/prompt3,0.949927926063537
carry the torch,"Passar o bastão.
",To pass the baton.,gemini/prompt4,0.949927926063537
carry the torch,"Passar o bastão
","Pass the baton
",gemini/prompt1,0.958664238452911
carry the torch,"Passar o bastão
","Pass the baton
",gemini/prompt2,0.958664238452911
carry the torch,carregar a tocha,loading the torch,gemmaX/,0.9609041213989251
carry the torch,Manter a chama acesa,Keep the flame alive.,mistral/prompt3,0.9618582129478451
carry the torch,segurar a tocha,hold the torch,qwen/prompt1,0.9628583192825311
carry the torch,Carregar a chama.,Spark the flame.,llama/prompt2,0.965250730514526
carry the torch,Carregar a chama.,Pass on the flame,llama/prompt3,0.9681807756423951
carry the torch,carregar a tocha,to carry the torch,gpt/prompt3,0.968257784843444
carry the torch,carregar a tocha,to carry the torch,gpt/prompt4,0.968257784843444
carry the torch,levar a tocha,to carry the torch,qwen/prompt2,0.968316316604614
carry the torch,portar a chama,carry the flame,qwen/prompt3,0.9692392349243161
carry the torch,carregar a tocha,load torch,marian/,0.970041513442993
carry the torch,Levar a tocha,Carry the torch.,mistral/prompt1,0.9793764352798461
carry the torch,carregar a chama,carry the flame,qwen/prompt4,0.9794871807098381
carry the torch,Carregar a tocha.,Light the torch.,llama/prompt1,0.9798095822334291
carry the torch,"Carregar a tocha.
",Carry the torch.,gemma3/prompt2,0.983691573143005
carry the torch,Carregar a tocha,Carry the torch,gemma3/prompt1,0.9858124852180481
carry the torch,levar a tocha,carry the torch,mistral/prompt4,0.9912000298500061
carry the torch,carregar a tocha,carry the torch,gpt/prompt1,1.0
carry the torch,carregar a tocha,carry the torch,gpt/prompt2,1.0
catch lightning in a bottle,Apanhar um raio em uma garrafa.,Achegar uma tempestade em uma garrafa.,llama/prompt3,0.6367001533508301
catch lightning in a bottle,"""E para apanhar os raios em uma garrafa""",♪ And to catch the rays in a bottle ♪,meta/,0.791716158390045
catch lightning in a bottle,"Envasar um raio.
",To bottle lightning.,gemini/prompt3,0.846212327480316
catch lightning in a bottle,"Envasar um raio.
",To bottle lightning.,gemini/prompt4,0.84621238708496
catch lightning in a bottle,Prender a luz de uma garrafa,To shine a light in a bottle.,mistral/prompt3,0.864845275878906
catch lightning in a bottle,Segurar a própria vida.,Secure one's own life.,mistral/prompt1,0.888556838035583
catch lightning in a bottle,pegue raios em uma garrafa,"""Pegue raios em uma garrafa"" pode ser traduzido para o inglês como ""Catch lightning in a bottle.""",mistral/prompt4,0.9018478393554681
catch lightning in a bottle,"Capturar um raio em uma garrafa.
",Bottling lightning.,gemma3/prompt3,0.9336917996406551
catch lightning in a bottle,Capturar um raio em uma garrafa.,Bottling lightning.,gemma3/prompt4,0.9344705343246461
catch lightning in a bottle,Capturar um relâmpago em uma garrafa.,"""To trap lightning in a bottle.""",gpt/prompt3,0.944370925426483
catch lightning in a bottle,capturar fagulhas de inspiração numa garrafa, capture sparks of inspiration in a bottle,qwen/prompt4,0.9518018960952751
catch lightning in a bottle,capturar um relâmpago em uma garrafa,to capture lightning in a bottle,gpt/prompt4,0.968585073947906
catch lightning in a bottle,"Capturar um raio em garrafa
","To catch lightning in a bottle
",gemini/prompt1,0.9714881181716911
catch lightning in a bottle,capturar relâmpago em uma garrafa,to capture lightning in a bottle,qwen/prompt3,0.9715225696563721
catch lightning in a bottle,capturar trovão em um frasco,capture thunder in a bottle,qwen/prompt1,0.9775584936141961
catch lightning in a bottle,captar o relâmpago numa garrafa,capturing lightning in a bottle,gemmaX/,0.984246015548706
catch lightning in a bottle,Capturar o relâmpago em uma garrafa,Catch lightning in a bottle,qwen/prompt2,0.9851642847061151
catch lightning in a bottle,Apanhar raios em uma garrafa.,Catching lightning in a bottle.,llama/prompt1,0.9851974248886101
catch lightning in a bottle,"Capturar um raio em uma garrafa.
",To catch lightning in a bottle.,gemma3/prompt2,0.986185371875762
catch lightning in a bottle,"Capturar um raio em uma garrafa
","Catching lightning in a bottle
",gemini/prompt2,0.9864786863327021
catch lightning in a bottle,Capturar um raio em uma garrafa,To catch lightning in a bottle.,gemma3/prompt1,0.9873328208923341
catch lightning in a bottle,pegar raios em uma garrafa,"""Catch lightning in a bottle.""",gpt/prompt1,0.9878842830657951
catch lightning in a bottle,Capturar raio em uma garrafa.,"""Trap lightning in a bottle.""",llama/prompt2,0.9887560606002801
catch lightning in a bottle,Capturar o fogo na garrafa.,Catch lightning in a bottle.,llama/prompt4,0.990499377250671
catch lightning in a bottle,pegar raios em um frasco,Catch lightning in a bottle.,mistral/prompt2,0.9912000298500061
catch lightning in a bottle,apanhar um relâmpago em uma garrafa,catch lightning in a bottle,marian/,0.9939140081405641
catch lightning in a bottle,capturar um raio em uma garrafa,capture lightning in a bottle,gpt/prompt2,1.0
better half,Parceira.,Partner,mistral/prompt2,0.64983582496643
better half,"Metade da alma.
",Half a soul.,gemma3/prompt3,0.6761567592620851
better half,Meia-vida.,Middle age.,llama/prompt4,0.71859073638916
better half,"""Metade da tua alma""","""Half of your soul""",mistral/prompt3,0.7188360691070551
better half,metade melhor,half better,qwen/prompt2,0.7725776433944701
better half,metade melhor,half better,gemma3/prompt1,0.7725777626037591
better half,Metade melhor.,"One-third or the best part,",llama/prompt2,0.78271073102951
better half,meio melhor,somewhat better,qwen/prompt1,0.80371868610382
better half,"Métale-traço, lado oposto, metade melhor da vida.","""Metal trace, other side, better half of life.""",llama/prompt3,0.8155388832092281
better half,"Minha cara-metade
",My other half,gemini/prompt3,0.841668725013732
better half,"Metade melhor
","Half better
",gemini/prompt1,0.8478040099143981
better half,"Minha cara-metade
","My better half
",gemini/prompt2,0.8523961901664731
better half,"metade querida
",darling half,gemma3/prompt2,0.8621408939361571
better half,"Minha cara-metade
",My better half,gemini/prompt4,0.8728747367858881
better half,Metade melhor,Half better.,marian/,0.875134587287902
better half,"A outra metade.
",The missing piece.,gemma3/prompt4,0.8920492529869081
better half,Metade melhor,"""Better Half""",mistral/prompt1,0.9537967443466181
better half,"- "" Melhor metade "" - "" -","- The better half- - "" -",meta/,0.966651797294616
better half,Metade melhor.,The better half.,llama/prompt1,0.9790601730346681
better half,melhor metade,better half,gpt/prompt1,0.983838856220245
better half,melhor metade,better half,gpt/prompt2,0.983838856220245
better half,melhor metade,better half,gpt/prompt3,0.9850198030471801
better half,melhor metade,better half,gpt/prompt4,0.9850198030471801
better half,melhor metade,better half,qwen/prompt3,0.9850198030471801
better half,melhor metade,"""better half""",mistral/prompt4,0.9867689609527581
better half,melhor metade,the better half,gemmaX/,0.9912000298500061
better half,melhor metade,the better half,qwen/prompt4,0.9912000298500061
dropping like flies,morrendo em massa,dying in large numbers,qwen/prompt3,0.7206783294677731
dropping like flies,Caírem como moscas.,"Cairão como moscas, uma metáfora que remete à vulnerabilidade e fragilidade, comparando a situação ou pessoas em questão à facilidade com que moscas podem ser capturadas.",llama/prompt3,0.788051843643188
dropping like flies,Morrer como moscas.,Die como uma mosca,llama/prompt4,0.8345766067504881
dropping like flies,Caindo como mosquitos.,Swarming down.,gemma3/prompt4,0.8440337181091301
dropping like flies,Caindo como moscas,Fell like flies,meta/,0.8568809628486631
dropping like flies,"Caindo aos montes.
",Falling like flies.,gemini/prompt3,0.873436689376831
dropping like flies,Morrindo como moscas.,Dying like flies.,llama/prompt2,0.887997329235076
dropping like flies,caindo feito moscas,Falling like flies,mistral/prompt3,0.89119803905487
dropping like flies,Caindo como moscas,Falling like flies,mistral/prompt1,0.9038501977920531
dropping like flies,caindo como moscas,Falling like flies,marian/,0.907570123672485
dropping like flies,Caindo como moscas.,Dropping like flies.,gemma3/prompt3,0.9091776609420771
dropping like flies,Caindo como moscas.,Dropping like flies.,gpt/prompt3,0.9091776609420771
dropping like flies,Caindo como moscas.,Falling like flies.,gemma3/prompt1,0.915559649467468
dropping like flies,Caindo como moscas.,Falling like flies.,gemma3/prompt2,0.915559649467468
dropping like flies,Caindo como moscas.,Falling like flies.,mistral/prompt2,0.915559649467468
dropping like flies,Caindo como moscas.,Falling like flies.,gpt/prompt1,0.915559709072113
dropping like flies,Caindo como moscas.,Falling like flies.,llama/prompt1,0.915559887886047
dropping like flies,cair como moscas,"""Fall like flies""",mistral/prompt4,0.938666939735412
dropping like flies,"Caindo como moscas.
",Dropping like flies.,gemini/prompt4,0.9414981603622431
dropping like flies,caindo como folhas secas,falling like dry leaves,gpt/prompt4,0.946973443031311
dropping like flies,"Caindo como moscas
","Falling like flies
",gemini/prompt1,0.9472877979278561
dropping like flies,"Caindo como moscas
","Dropping like flies
",gemini/prompt2,0.9570202827453611
dropping like flies,caindo como moscas,falling like flies,gemmaX/,0.961197733879089
dropping like flies,caindo como moscas,falling like flies,gpt/prompt2,0.961197733879089
dropping like flies,cair como folhas no outono,fall like leaves in autumn,qwen/prompt4,0.961771667003631
dropping like flies,caídos como folhas no outono,fallen like leaves in autumn,qwen/prompt1,0.9634011983871461
dropping like flies,caíndo como moscas,dropping like flies,qwen/prompt2,0.9792810678482051
clean bill of health,Prestações sanitárias em branco,Means of calculating sickness benefits in kind,meta/,0.534007608890533
clean bill of health,Salvo-condenado,Reprieved felon.,llama/prompt2,0.7049490213394161
clean bill of health,Carta branca de saúde.,"""Carta branca de saúde"" pode ser traduzido para o inglês como: 

""Blank Check for Health.""",llama/prompt3,0.7221353650093071
clean bill of health,"Boa saúde de espírito ou Boa saúde, sem ressalvas.","Good mental health or Good health, no exceptions.",llama/prompt1,0.7548944950103761
clean bill of health,Título de saída da saúde,Title of Exit from Health,llama/prompt4,0.7552414536476131
clean bill of health,certificado de saúde,health pass,mistral/prompt4,0.835786521434783
clean bill of health,Folha limpa.,A blank slate.,gemma3/prompt4,0.847447752952575
clean bill of health,Folha verde de saúde.,Emerald leaf of wellness.,gemma3/prompt3,0.8500371575355531
clean bill of health,aviso verde,green notice,qwen/prompt1,0.8612899780273431
clean bill of health,estar em perfeitas condições,in perfect working order,qwen/prompt4,0.9030742645263671
clean bill of health,Atestado de saúde,"Health certificate
",gemini/prompt2,0.9051157236099241
clean bill of health,certificado de saúde,health certificate,gemmaX/,0.929056763648986
clean bill of health,"Atestado de saúde.
","Health certificate.
",gemini/prompt1,0.92968076467514
clean bill of health,Conta de saúde limpa,Clean health account,marian/,0.9483836889266961
clean bill of health,relatório de saúde limpo,clean health report,gpt/prompt1,0.9548262357711791
clean bill of health,Certificado de saúde limpo,Clean health certificate,mistral/prompt1,0.954921603202819
clean bill of health,certidão de saúde limpa,clean health certificate,gpt/prompt2,0.956173181533813
clean bill of health,Saúde impecável,Impeccable health,gemma3/prompt1,0.9583108425140381
clean bill of health,Certificado de saúde impecável,"""Unblemished health certificate""",mistral/prompt3,0.9584020972251891
clean bill of health,Atestado de boa saúde,Certificate of Good Health,qwen/prompt2,0.9619066715240471
clean bill of health,"Carta branca de saúde.
",A clean bill of health.,gemini/prompt3,0.9638097882270811
clean bill of health,Saúde perfeita,Perfect health,gemma3/prompt2,0.9701398611068721
clean bill of health,atestado de saúde limpa,clean bill of health,gpt/prompt3,0.9741251468658441
clean bill of health,"Atestado de saúde perfeito
",A clean bill of health.,gemini/prompt4,0.974758088588714
clean bill of health,certificado de saúde limpa,clean bill of health,qwen/prompt3,0.9773643016815181
clean bill of health,atestado de saúde impecável,clean bill of health,gpt/prompt4,0.9792435169219971
clean bill of health,Certificado de saúde positivo,Positive health certificate,mistral/prompt2,0.9956967830657951
have the upper hand,#Aposentado #Hem ganhado... #Há ganhado... #Hem ganhado...,# Retired they've won... # they've won... # they've won... #,meta/,0.19425638020038602
have the upper hand,"ter a mão

ou, alternativamente:

ter a vantagem

ou, ainda:

ter a dianteira","'kick the bucket' - bater as botas

'ter a vantagem' - ter a dianteira

'ter a dianteira' - ter a vantagem",mistral/prompt4,0.292885243892669
have the upper hand,Ter a mão forte.,"Ter um pôr da mão forte, ter um tombo duro ou ter os punhos pesados.",llama/prompt3,0.49174404144287104
have the upper hand,Tirar proveito,To benefit,mistral/prompt1,0.7496256828308101
have the upper hand,Ter a mão pesada.,To have a heavy hand,llama/prompt2,0.829302906990051
have the upper hand,"Levar a melhor.
",To come out on top.,gemini/prompt3,0.836422562599182
have the upper hand,Ter as cartas na manga.,Hold all the aces.,llama/prompt4,0.847882747650146
have the upper hand,"Levar a melhor.
",Come out on top.,gemini/prompt4,0.861804962158203
have the upper hand,"Levar vantagem
","To gain an advantage
",gemini/prompt2,0.893231987953186
have the upper hand,"Ter a vantagem.
",To have the advantage.,gemma3/prompt2,0.921733081340789
have the upper hand,"Ter a vantagem.
",To have the advantage.,gemma3/prompt1,0.9217331409454341
have the upper hand,"Ter a vantagem.
",To hold the upper hand.,gemma3/prompt3,0.927953124046325
have the upper hand,"Levar vantagem
","To have an advantage
",gemini/prompt1,0.942789793014526
have the upper hand,Ter a mão por cima.,To have the upper hand.,gemma3/prompt4,0.9701545238494871
have the upper hand,Ter a vantagem,Hold the upper hand.,mistral/prompt3,0.973984122276306
have the upper hand,ter a vantagem,to have the upper hand,gpt/prompt3,0.9741764664649961
have the upper hand,ter a vantagem,to have the upper hand,qwen/prompt3,0.9741764664649961
have the upper hand,ter a vantagem,to have the upper hand,qwen/prompt2,0.9800329804420471
have the upper hand,ter a vantagem,to have the advantage,gpt/prompt1,0.9804137945175171
have the upper hand,Ter a mão mais forte.,Having the upper hand.,llama/prompt1,0.98177421092987
have the upper hand,ter a vantagem,Have an advantage.,mistral/prompt2,0.982223749160766
have the upper hand,ter vantagem,to have an advantage,gpt/prompt2,0.9869003295898431
have the upper hand,ter a vantagem,have the upper hand,gpt/prompt4,0.987367630004882
have the upper hand,ter a vantagem,have the upper hand,qwen/prompt4,0.987367630004882
have the upper hand,ter a vantagem,have the advantage,gemmaX/,1.0
have the upper hand,ter a vantagem,have the advantage,marian/,1.0
have the upper hand,ter a vantagem,have the advantage,qwen/prompt1,1.0
dead in the water,"""Com água pela barba"".","""To be caught with one's pants down.""",mistral/prompt3,0.39806568622589106
dead in the water,Em fio de navio.,Walking a tightrope,llama/prompt4,0.45166194438934304
dead in the water,"Aflito/a, sem saída.
",Cornered.,gemini/prompt4,0.45610874891281106
dead in the water,Sem chance.,No way.,llama/prompt1,0.513875842094421
dead in the water,Sem perspectiva.,No prospects.,gemma3/prompt1,0.608897268772125
dead in the water,"Sem perspectiva.
",No prospects.,gemma3/prompt2,0.6161085963249201
dead in the water,"Afogando em calmaria.
",Drowning in serenity.,gemma3/prompt3,0.624947071075439
dead in the water,Sem saída.,Dead end.,gemma3/prompt4,0.7158623933792111
dead in the water,Morto na água,Drowned,mistral/prompt1,0.7176853418350221
dead in the water,estagnado,stagnant,qwen/prompt4,0.7693704366683961
dead in the water,No fundo do poço.,No bottom of the well,llama/prompt3,0.8429180383682251
dead in the water,Sem chances de realização ou sucesso.,No chance of realization or success.,llama/prompt2,0.8557820320129391
dead in the water,em águas mortas,in still waters,qwen/prompt3,0.8926529884338371
dead in the water,"À deriva.
",Adrift.,gemini/prompt3,0.9005804061889641
dead in the water,"Sem saída
","No way out
",gemini/prompt1,0.9274082183837891
dead in the water,"Sem saída
","No way out
",gemini/prompt2,0.9274082183837891
dead in the water,Encerrado na água,"""Trapped in the water""",mistral/prompt2,0.9703671932220451
dead in the water,morto na água,dead in the water,gpt/prompt3,0.9901494979858391
dead in the water,morto na água,dead in the water,gpt/prompt4,0.9901494979858391
dead in the water,morto na água,dead in the water,gpt/prompt2,0.9909644126892091
dead in the water,morto na água,dead in the water,marian/,0.9909644126892091
dead in the water,morto em água calmada,drowned in still water,qwen/prompt1,0.992505431175231
dead in the water,morto no mar,Dead in the sea,mistral/prompt4,0.997762799263
dead in the water,morta na água,dead in the water,gpt/prompt1,0.9997644424438471
dead in the water,morta na água,dead in the water,qwen/prompt2,0.9997644424438471
dead in the water,morto na água,killed in the water,gemmaX/,1.0
dead in the water,Morto na água,Dead in the water,meta/,1.0
paint the town red,"Bater forte, cair na folia.
","Dance hard, lose yourself in the party.",gemma3/prompt1,0.43806487321853604
paint the town red,"Arrasar na noite.
",To kill it tonight.,gemini/prompt4,0.48722732067108104
paint the town red,Pintar a cidade de vermelho.,"Pintar a cidade de vermelho equivale a ""Pintar a cidade de vermelho""",llama/prompt3,0.49164083600044206
paint the town red,Botar a casa pra queimar.,Go all out.,gemma3/prompt4,0.5404086709022521
paint the town red,fazer a festa,party hard,gpt/prompt4,0.5417766571044921
paint the town red,"Botar a boca no trombone.
",To blow the whistle.,gemini/prompt3,0.5749987363815301
paint the town red,"Arrasar/Agitar a cidade
","To rock the city
",gemini/prompt1,0.659004807472229
paint the town red,"Tornar a noite agitada
","Make the night eventful.
",gemini/prompt2,0.73804497718811
paint the town red,Fazer a noite toda.,Stay up all night.,gemma3/prompt2,0.8215702772140501
paint the town red,Despontificar a cidade.,"""Brightening up the city.""",llama/prompt2,0.8705390691757201
paint the town red,darem um show na cidade,give the city a show,qwen/prompt3,0.8766206502914421
paint the town red,Incendiar a noite.,Ignite the night.,gemma3/prompt3,0.889406323432922
paint the town red,dar uma festa monumental,throw a magnificent party,qwen/prompt1,0.9547507762908931
paint the town red,dar uma festa grande,throw a grand party,qwen/prompt4,0.9784058332443231
paint the town red, Pintar a cidade de vermelho,"""Paint the city red""",mistral/prompt3,0.9786304235458371
paint the town red,Pintar a cidade de vermelho,"""Paint the city red""",mistral/prompt1,0.9824000597000121
paint the town red,Pintar a cidade de vermelho.,"""Paint the city red.""",gpt/prompt3,0.987628459930419
paint the town red,pintar a cidade de vermelho,to paint the town red,qwen/prompt2,0.9881983995437621
paint the town red,Pintar a cidade de vermelho.,"""Paint the city red.""",mistral/prompt2,0.9912000298500061
paint the town red,pinte a cidade de vermelho,paint the city red,gemmaX/,1.0
paint the town red,Pintar a cidade de vermelho.,Paint the city red.,gpt/prompt1,1.0
paint the town red,pintar a cidade de vermelho,paint the town red,gpt/prompt2,1.0
paint the town red,Pintar a cidade de vermelho.,Paint the city red.,llama/prompt1,1.0
paint the town red,Pintar a cidade de vermelho,Paint the town red,llama/prompt4,1.0
paint the town red,pintar a cidade de vermelho,paint the city in red,marian/,1.0
paint the town red,* Pintar o cidade vermelha,* Paint the city red,meta/,1.0
paint the town red,Pintar a cidade de vermelho,Paint the city red,mistral/prompt4,1.0
at death's door,estar aos cuidados do médico,ser sob a vigilância médica,qwen/prompt4,0.770779490470886
at death's door,À beira do abismo.,On the brink.,gemma3/prompt3,0.8448016643524171
at death's door,em sua última respiração,in their last breath,qwen/prompt3,0.885383009910583
at death's door,À beira da morte.,At the point of death.,llama/prompt2,0.9125086069107051
at death's door,Porta da morte,Gate of Death,mistral/prompt1,0.914807677268981
at death's door,Ao portão da morte,The Gate of Death,mistral/prompt3,0.9161661267280571
at death's door,Ao limiar da morte.,No threshold of death.,llama/prompt3,0.9194535017013551
at death's door,"Às portas da morte.
",Knocking on death's door.,gemini/prompt4,0.9382665157318111
at death's door,no limiar da morte,at the brink of death,qwen/prompt1,0.9568316936492921
at death's door,"À beira do abismo.
",On the precipice.,gemma3/prompt4,0.959235548973083
at death's door,A porta da morte.,The gate of death.,meta/,0.959960103034973
at death's door,À beira da morte,à beira da morte,llama/prompt4,0.965203285217285
at death's door,"À beira da morte
","On the brink of death
",gemini/prompt1,0.9736993908882141
at death's door,"À beira da morte
","On the brink of death
",gemini/prompt2,0.9736994504928581
at death's door,À beira da morte.,On the brink of death.,gpt/prompt3,0.9743072986602781
at death's door,Porta da morte,Porta da morte,mistral/prompt2,0.975221514701843
at death's door,à beira da morte,on the brink of death,gpt/prompt4,0.9757328033447261
at death's door,à beira da morte,at the brink of death,gemmaX/,0.9793372154235841
at death's door,À beira da morte,On the brink of death,gemma3/prompt1,0.981552720069885
at death's door,à beira da morte,On the brink of death.,llama/prompt1,0.983219504356384
at death's door,"À beira da sepultura.
",At death's door.,gemini/prompt3,0.9866442680358881
at death's door,À beira da morte.,On the brink of death.,gemma3/prompt2,0.9880481958389281
at death's door,à beira da morte,on the brink of death,gpt/prompt1,0.9887235760688781
at death's door,à porta da morte,at the door of death,marian/,0.9896043539047241
at death's door,na porta da morte,on the threshold of death,mistral/prompt4,0.9924645423889161
at death's door,às portas da morte,at death's door,qwen/prompt2,0.9950572252273561
at death's door,à porta da morte,on the doorstep of death,gpt/prompt2,1.0
chasing your tail,Cagar na própria cova.,Buried alive in one's own grave.,llama/prompt3,0.39865875244140603
chasing your tail,Correr em círculos,Run in circles,mistral/prompt4,0.7566181421279901
chasing your tail,correndo em círculos,running in circles,gpt/prompt4,0.826973140239715
chasing your tail,correndo em círculos,running in circles,gpt/prompt3,0.82697319984436
chasing your tail,correndo em círculos,running in circles,gpt/prompt2,0.8293437957763671
chasing your tail,perder seu tempo com algo que não resolve nada,"""Waste your time on something that doesn't solve anything""",qwen/prompt3,0.8544619083404541
chasing your tail,perder o rumo,lose one's way,qwen/prompt4,0.8590433597564691
chasing your tail,Correr em círculos.,Spinning one's wheels.,gemma3/prompt4,0.8708504438400261
chasing your tail,- Vou atrás de ti.,I'm on your tail.,meta/,0.8826662302017211
chasing your tail,"Correr em círculos.
",Going around in circles.,gemma3/prompt3,0.9084945917129511
chasing your tail,Correr atrás do rabo do seu próprio gato.,Chase one's own tail.,llama/prompt4,0.9111245274543761
chasing your tail,correndo atrás de sua cauda,running after its tail,gemmaX/,0.9215364456176751
chasing your tail,Correndo atrás do rabo.,Chasing one's tail.,llama/prompt2,0.930760383605957
chasing your tail,"Correndo atrás do próprio rabo.
",Chasing your tail.,gemini/prompt4,0.933709621429443
chasing your tail,Correr atrás do próprio rabo,Chase one's own tail,qwen/prompt2,0.939485669136047
chasing your tail,"Correndo atrás do próprio rabo.
",Chasing your own tail.,gemini/prompt3,0.941080927848815
chasing your tail,"Correndo atrás do próprio rabo
","Chasing your tail
",gemini/prompt1,0.9418035745620721
chasing your tail,Perssuindo o seu rabo.,Chasing your tail.,llama/prompt1,0.9468415379524231
chasing your tail,"Correndo atrás do próprio rabo
","Chasing your own tail
",gemini/prompt2,0.9496332406997681
chasing your tail,correndo atrás do rabo,chasing its tail,gpt/prompt1,0.9509534835815431
chasing your tail,perseguindo seu próprio rabo,chasing its own tail,qwen/prompt1,0.9510496854782101
chasing your tail,Correndo atrás do próprio rabo,"""Chasing one's own tail""",mistral/prompt2,0.951145708560943
chasing your tail,"""Correndo atrás do próprio rabo""",Chasing one's own tail,mistral/prompt3,0.956941485404968
chasing your tail,Correndo atrás do próprio rabo.,Chasing one's own tail.,gemma3/prompt2,0.9623339176177971
chasing your tail,Perseguindo o próprio rabo,Chasing your own tail,mistral/prompt1,0.967020750045776
chasing your tail,perseguindo a sua cauda,chasing your tail,marian/,0.9683390855789181
chasing your tail,Correr atrás do próprio rabo,Chasing one's own tail,gemma3/prompt1,0.9819362163543701
break a leg,Dê os braços.,"""Abandon yourselves à mercê da tempestade"".",llama/prompt3,0.259766995906829
break a leg,dar sorte no palco,'Give the audience a good show',mistral/prompt3,0.311296820640563
break a leg,"Arrase!
",Slay!,gemma3/prompt3,0.6683776378631591
break a leg,"Arrase!
",Slay!,gemma3/prompt4,0.6683776378631591
break a leg,Boca aberta,"""Face aberta""",llama/prompt4,0.743699073791503
break a leg,Boa sorte.,Good luck.,llama/prompt1,0.792729139328002
break a leg,"Boa sorte!
",Break a leg!,gemini/prompt3,0.9335853457450861
break a leg,"Boa sorte!
",Break a leg!,gemini/prompt4,0.9335853457450861
break a leg,"Boa sorte!
",Good luck!,gemma3/prompt2,0.9472850561141961
break a leg,"Boa sorte!
",Good luck!,gemma3/prompt1,0.9472851753234861
break a leg,"Boa sorte!
","Good luck!
",gemini/prompt1,0.9507864713668821
break a leg,"Boa sorte!
","Good luck!
",gemini/prompt2,0.9507864713668821
break a leg,Boa sorte,Good luck,llama/prompt2,0.9558755159378051
break a leg,Boa sorte,Good luck,mistral/prompt2,0.955875754356384
break a leg,Boa sorte!,Good luck!,mistral/prompt1,0.9647383689880371
break a leg,quebre a perna,break your leg,qwen/prompt1,0.966312885284423
break a leg,Rompê a perna.,'Break a leg.',mistral/prompt4,0.969156622886657
break a leg,quebre a perna,break the leg,qwen/prompt4,0.979863286018371
break a leg,Quebrar uma perna,Breaking a leg,gemmaX/,0.9855719804763791
break a leg,>> fr << romper uma perna,• to break a leg,meta/,0.9887641668319701
break a leg,quebrar uma perna,Break a leg,marian/,0.9912000298500061
break a leg,Quebra uma perna,Break a leg,qwen/prompt2,0.9912000298500061
break a leg,Quebrar a perna.,Break a leg.,gpt/prompt3,0.994758129119873
break a leg,Quebrar a perna.,Break a leg.,gpt/prompt4,0.994758129119873
break a leg,Quebre a perna.,Break a leg.,gpt/prompt2,0.9951310157775871
break a leg,quebre um galho,break a leg,qwen/prompt3,0.996455907821655
break a leg,Quebra a perna,Break a leg,gpt/prompt1,0.9980301856994621
chase your tail,*São dois a ganhar.*,¶¶ There's two more coming ¶¶,meta/,0.296784609556198
chase your tail,perder o tempo tentando resolver algo que na realidade é uma ilusão ou problema pessoal, kick the bucket in vain trying to solve something that is actually an illusion or personal issue,qwen/prompt4,0.485632538795471
chase your tail,perder o tempo se remexendo no mesmo assunto,"""Spending time digging through the same old topics""",qwen/prompt3,0.737631201744079
chase your tail,persegui-lo em torno do rabo.,Chase after him around the tail.,llama/prompt1,0.7947651147842401
chase your tail,Correr em círculos.,Running in circles.,gpt/prompt4,0.7981653213500971
chase your tail,Perseguir um fantasma.,"""Chasing a ghost.""",llama/prompt3,0.820430517196655
chase your tail,Perseguir seu rabo.,To chase your tail.,llama/prompt2,0.8688719868659971
chase your tail,persegui-lo mesmo,to pursue him anyway,qwen/prompt1,0.8736793994903561
chase your tail,Persegue a tua cauda.,Go after your tail.,marian/,0.8857988715171811
chase your tail,Perseguir o seu rabo.,Chase one's tail.,llama/prompt4,0.900622606277465
chase your tail,"Correr atrás do próprio rabo
","Chasing your tail
",gemini/prompt1,0.936306476593017
chase your tail,"Correr atrás do próprio rabo
","Chasing your tail
",gemini/prompt2,0.936306476593017
chase your tail,Correr atrás do próprio rabo.,Chasing one's tail.,gemma3/prompt4,0.938733696937561
chase your tail,correr atrás do próprio rabo,'chase one's own tail',mistral/prompt4,0.9407663345336911
chase your tail,"Correr atrás do próprio rabo.
",Chasing one's tail.,gemini/prompt4,0.941380620002746
chase your tail,"Correr atrás do próprio rabo.
",Chasing your tail.,gemini/prompt3,0.9423786401748651
chase your tail,Corra atrás do seu rabo,Run after your tail.,mistral/prompt1,0.9425333738327021
chase your tail,"Perseguir o próprio rabo.
",Chasing one's tail.,gemma3/prompt3,0.9431295394897461
chase your tail,Perseguir o próprio rabo,Chase its tail,mistral/prompt2,0.9445500373840331
chase your tail,Correr atrás da própria cauda.,"""Chasing one's own tail""",mistral/prompt3,0.9510203599929811
chase your tail,correr atrás do próprio rabo,To chase one's own tail,qwen/prompt2,0.9568380117416381
chase your tail,Correr atrás do próprio rabo.,Chasing your own tail.,gemma3/prompt2,0.960057258605957
chase your tail,persiga seu rabo,chase your tail,gemmaX/,0.9623908996582031
chase your tail,Correr atrás do próprio rabo,Chasing your own tail,gemma3/prompt1,0.974336266517639
chase your tail,perseguir o próprio rabo,chasing one's own tail,gpt/prompt3,0.9768551588058471
chase your tail,perseguir o próprio rabo,chasing one's own tail,gpt/prompt1,0.9840792417526241
chase your tail,perseguir o próprio rabo,chasing one's own tail,gpt/prompt2,0.9840792417526241
burnt out,* * * * * * * *,♪ The whole lot of you ♪,meta/,0.34980797767639105
burnt out,"""Esgotado""",Exhausted,mistral/prompt3,0.8966504931449891
burnt out,"Esgotado da alma.
",Worn to the bone.,gemma3/prompt4,0.9005998373031611
burnt out,"Esgotado como um carvão.
",Burned-out as coal.,gemma3/prompt3,0.90137231349945
burnt out,queimar até o osso,burn to the bone,mistral/prompt4,0.9045437574386591
burnt out,Queimado ao fim,"""Reduced to Ashes""",llama/prompt3,0.9331703186035151
burnt out,Esgotado(a),Sold out,gemma3/prompt1,0.9362473487854001
burnt out,Esgotado(a).,Sold out.,gemma3/prompt2,0.9378302097320551
burnt out,"Esgotado
","Out of stock
",gemini/prompt1,0.9401854872703551
burnt out,"Esgotado
","Out of stock
",gemini/prompt2,0.9401854872703551
burnt out,"Esgotado.
",Wiped out.,gemini/prompt4,0.9452104568481441
burnt out,Queimado.,Burnt at the stake,llama/prompt4,0.9463695883750911
burnt out,Esgotado.,Worn out.,gpt/prompt3,0.9620695114135741
burnt out,queimado,burnt,gpt/prompt4,0.9629712104797361
burnt out,queimado,burnt,mistral/prompt2,0.964853644371032
burnt out,estourado,blown up,qwen/prompt4,0.96686840057373
burnt out,Exaurido.,Exhausted.,llama/prompt2,0.968865573406219
burnt out,Exausto,Exhausted,mistral/prompt1,0.9709010124206541
burnt out,queimado,burned,marian/,0.9725840687751771
burnt out,queimado,burned,gemmaX/,0.9725841283798211
burnt out,esticado,stretched,qwen/prompt3,0.9733650088310241
burnt out,Queimado.,Burnt.,llama/prompt1,0.98087477684021
burnt out,"Esgotado.
",Burned out.,gemini/prompt3,0.983189821243286
burnt out,exaurido,exhausted,gpt/prompt1,0.9851874113082881
burnt out,Queimado por dentro,Burned from the inside,qwen/prompt2,0.9893497228622431
burnt out,esgotado,exhausted,gpt/prompt2,0.9903817176818841
burnt out,esgotado,sold out,qwen/prompt1,1.0
cat got your tongue,Não fale bobagens.,Don't talk nonsense.,mistral/prompt2,0.545564532279968
cat got your tongue,Tirou a língua do gato,Bateu o bico.,llama/prompt4,0.5755038261413571
cat got your tongue,"Ficou sem fala?
","Lost for words?
",gemini/prompt2,0.634751141071319
cat got your tongue,"Perdeu as palavras?
",Lost for words?,gemma3/prompt4,0.662533223628997
cat got your tongue,Calou você,You whispered.,qwen/prompt1,0.6813441514968871
cat got your tongue,Bocca de lobo.,Wolf's mouth.,gpt/prompt4,0.709386110305786
cat got your tongue,Você ficou mudo?,"""Have you gone mute?""",qwen/prompt3,0.7686225175857541
cat got your tongue,Você perdeu as palavras?,Have you lost your words?,qwen/prompt4,0.804311633110046
cat got your tongue,Caiu a sua língua?,"""Did your tongue fall?""",gpt/prompt2,0.833897352218627
cat got your tongue,A gata levou a sua língua.,The cat carried off its tongue.,llama/prompt1,0.8375666141510011
cat got your tongue,♪ O gato conseguiu a sua língua ♪,♪ The cat got his tongue ♪,meta/,0.853404283523559
cat got your tongue,Cat got your tongue,You've lost your words.,mistral/prompt4,0.8594200015068051
cat got your tongue,O gato pegou sua língua,The cat got its tongue,qwen/prompt2,0.879238486289978
cat got your tongue,O gato se agarrou à sua língua.,The cat caught its tongue.,llama/prompt2,0.9326453208923341
cat got your tongue,"Comeu a língua?
",Cat got your tongue?,gemini/prompt3,0.9438309669494621
cat got your tongue,"O gato comeu sua língua.
",Cat got your tongue?,gemini/prompt4,0.9450402259826661
cat got your tongue,O gato pegou sua língua.,The cat caught its tongue.,llama/prompt3,0.945977210998535
cat got your tongue,O gato tem a sua língua,The cat has his tongue,marian/,0.9485446214675901
cat got your tongue,"O gato comeu sua língua?
","Cat got your tongue?
",gemini/prompt1,0.9495296478271481
cat got your tongue,Gato comeu sua língua.,Cat got your tongue.,gpt/prompt3,0.9514440298080441
cat got your tongue,O gato pegou sua língua.,The cat caught its tongue.,mistral/prompt1,0.9611772298812861
cat got your tongue,O gato comeu sua língua?,Has your tongue been swallowed by a cat?,gemma3/prompt3,0.9617654085159301
cat got your tongue,"""Sua língua foi apanhada por um gato.""","""Your tongue was caught by a cat.""",mistral/prompt3,0.9780412912368771
cat got your tongue,O gato comeu-lhe a língua,The cat ate his tongue,gemmaX/,0.9790294170379631
cat got your tongue,O gato comeu sua língua?,Did the cat eat your tongue?,gemma3/prompt1,0.9942845106124871
cat got your tongue,O gato comeu sua língua?,Did the cat eat your tongue?,gemma3/prompt2,0.9942845106124871
cat got your tongue,cachorro comeu sua língua,The dog ate your tongue.,gpt/prompt1,0.99952232837677
face the music,Ficas com o canto da mão,You'll take one hand,meta/,0.38138139247894204
face the music,Apanhar o que veio a ser.,Sweep what came your way.,llama/prompt2,0.560283422470092
face the music,Atrair o disco.,Spin to attract.,llama/prompt3,0.7634860277175901
face the music,pagar a conta,to foot the bill,qwen/prompt3,0.8162175416946411
face the music,"Arrumar a casa.
",To get one's house in order.,gemini/prompt3,0.834047198295593
face the music,Aceitar a realidade.,To accept reality.,llama/prompt1,0.860206007957458
face the music,Enfrentar a conta.,Face the reckoning.,gemma3/prompt3,0.8707528114318841
face the music,enfrentar as consequências,pay the piper,mistral/prompt4,0.888496577739715
face the music,Responder as chamadas.,Atender aos apelos.,llama/prompt4,0.89436936378479
face the music,"Arcar com as consequências.
",Face the music.,gemini/prompt4,0.9345895051956171
face the music,Enfrentar os fatos.,Face the music.,mistral/prompt3,0.959576845169067
face the music,Enfrente o som.,Face the noise.,mistral/prompt2,0.965664267539978
face the music,enfrentar a realidade,face reality,qwen/prompt2,0.968965053558349
face the music,enfrentar a realidade,face reality,gpt/prompt2,0.968965172767639
face the music,encarar as consequências,face the consequences,qwen/prompt4,0.971323251724243
face the music,Assumir as consequências.,Face the music.,gemma3/prompt4,0.9740409851074211
face the music,enfrentar as consequências,face the consequences,gpt/prompt1,0.976486563682556
face the music,encarar as consequências,face the consequences,qwen/prompt1,0.976486563682556
face the music,"Assumir as consequências.
",Face the consequences.,gemma3/prompt1,0.9766010046005241
face the music,"Assumir as consequências.
",Face the consequences.,gemma3/prompt2,0.9766011238098141
face the music,Enfrentar as consequências.,Face the consequences.,mistral/prompt1,0.9766011238098141
face the music,face à música,facing the music,gemmaX/,0.9802914857864381
face the music,Enfrentar a realidade.,Face the music.,gpt/prompt3,0.9810019731521601
face the music,"Arque com as consequências.
","Face the consequences.
",gemini/prompt1,0.987040519714355
face the music,Enfrentem a música,♪ Face the music ♪,marian/,0.9899991750717161
face the music,Encarar a realidade.,Face the music.,gpt/prompt4,0.9932248592376701
face the music,"Assumir as consequências
","Face the consequences.
",gemini/prompt2,0.995840549468994
get out of hand,"Sair do controle.
",To go off the rails.,gemini/prompt3,0.7604241967201231
get out of hand,Sair das mãos,Get the upper hand,llama/prompt2,0.8434119224548341
get out of hand,Ficas sem controle,You 're getting out of control .,meta/,0.864165782928466
get out of hand,"Sair do controle.
",To spin out of control.,gemini/prompt4,0.868182957172393
get out of hand,Derrubar o controle,Overthrow the controls,llama/prompt4,0.8805267810821531
get out of hand,Sair do controle,To get out of control,gemma3/prompt1,0.8976480960845941
get out of hand,Perdido de vista,Out of sight,mistral/prompt3,0.9044805169105531
get out of hand,sair do controle,slip out of hand,gpt/prompt4,0.9061070680618281
get out of hand,"Escapar do controle.
",Breaking free from the reins.,gemma3/prompt3,0.922375917434692
get out of hand,"Sair do controle
","Out of control
",gemini/prompt1,0.925078511238098
get out of hand,Saia da mão.,Get out of your hand.,marian/,0.9273046255111691
get out of hand,Escapar do controle.,Breaking free from the reins.,gemma3/prompt4,0.92906504869461
get out of hand,Descontrolar.,"To lose control.
",gemma3/prompt2,0.93891429901123
get out of hand,saiu do controle,got out of hand,gpt/prompt3,0.9497517347335811
get out of hand,sair do controle,slip out of control,gpt/prompt2,0.9521487951278681
get out of hand,"Sair do controle
","Lose control
",gemini/prompt2,0.9540712833404541
get out of hand,Sair do controle.,Loss of control.,llama/prompt3,0.9572197198867791
get out of hand,sair do controle,out of control,gpt/prompt1,0.9577327370643611
get out of hand,ficar descontrolado,'Perder o controle',mistral/prompt4,0.9640927314758301
get out of hand,Ficar fora de controle,Go out of control,mistral/prompt1,0.9662403464317321
get out of hand,Perder o controle,Lose control.,llama/prompt1,0.968405187129974
get out of hand,perder o controle,lose control,qwen/prompt1,0.9726432561874391
get out of hand,Perder o controle,Lose control,mistral/prompt2,0.9733169078826901
get out of hand,perder o controle,lose control,qwen/prompt3,0.9748270511627191
get out of hand,perder o controle,lose control,qwen/prompt4,0.9748270511627191
get out of hand,ficar fora de controle,get out of control,gemmaX/,0.9912000298500061
get out of hand,saír do controle,get out of control,qwen/prompt2,0.9912000298500061
call a spade a spade,"Dizer a verdade sem rodeios, sem eufemismos, sem rodeios.","Dizer a verdade sem cortar pelo sinal, sem redação, sem rodeios, sem tapinha nos ombros.",llama/prompt3,0.261203527450561
call a spade a spade,vir as caras,show their faces,qwen/prompt4,0.412070214748382
call a spade a spade,Dizer a verdade em face,Speak one's mind straight,llama/prompt4,0.549430012702941
call a spade a spade,Falar o que está escrito na cara.,Speak what is written on one's face.,llama/prompt2,0.557798981666564
call a spade a spade,"Dizer tudo na cara.
",To lay it all on the table.,gemma3/prompt3,0.6144189834594721
call a spade a spade,"Chamar o pão pão.
","Call bread bread.
",gemini/prompt1,0.703126907348632
call a spade a spade,"Chamar o pão pão.
","To call bread bread.
",gemini/prompt2,0.7166588306427001
call a spade a spade,"Chamar o pão pão.
",Call a spade a spade.,gemini/prompt4,0.8710465431213371
call a spade a spade,"Chamar o pão pão.
",To call a spade a spade.,gemini/prompt3,0.880009591579437
call a spade a spade,Chamar os bois pelos nomes.,Call the cows by their names.,gpt/prompt2,0.887327790260314
call a spade a spade,chamar a uma espada uma espada,call a sword a sword,gemmaX/,0.915948033332824
call a spade a spade,"Chamar as coisas pelos seus nomes.
",Calling a spade a spade.,gemma3/prompt4,0.916847169399261
call a spade a spade,diga a verdade直截了当地说,"""say it with blunt honesty""",qwen/prompt3,0.9206712245941161
call a spade a spade,Chame uma pica uma pica,Call a spade a spade,marian/,0.9206749796867371
call a spade a spade,Chamar os bois pelos nomes.,Call a spade a spade.,gpt/prompt3,0.926856756210327
call a spade a spade,chamar uma pá uma pá,call a spade a spade,qwen/prompt1,0.9333220720291131
call a spade a spade,Falar francamente.,Speak frankly.,gpt/prompt4,0.9440950751304621
call a spade a spade,Chamar os bois pelos nomes.,Call a spade a spade.,gpt/prompt1,0.9493891000747681
call a spade a spade,chamar as coisas pelo nome,call a spade a spade,qwen/prompt2,0.9496069550514221
call a spade a spade,Chamar as coisas pelo nome,Call a spade a spade,mistral/prompt4,0.9510782957077021
call a spade a spade,Chamar um spade por spade.,Call a spade a spade.,mistral/prompt2,0.958206892013549
call a spade a spade,Digo as coisas como são,I only speak the truth,meta/,0.972583293914794
call a spade a spade,chamar as coisas pelo nome,Call things by their right names,mistral/prompt3,0.9729785919189451
call a spade a spade,Chamar uma coisa pelo seu nome.,To call a spade a spade.,llama/prompt1,0.973218917846679
call a spade a spade,Chamar as coisas pelos seus nomes.,Calling things by their names.,gemma3/prompt1,0.9786188602447511
call a spade a spade,Chamar as coisas pelos seus nomes.,Calling things by their names.,gemma3/prompt2,0.9786189794540401
call a spade a spade,Chamar as coisas pelo nome.,Call things by their names.,mistral/prompt1,0.9886571168899531
call it a night,"- Não, não, não, não, não, não, não, não, não, não, não, não, não, não, não, não, não, não, não, não, não, não, não, não, não, não, não, não, não, não, não, não, não, não, não, não, não, não, não, não, não, não, não, não, não, não, não, não, não, não.","- No, no, no, no, no, no, no, no, no, no, no, no, no, no, no, no, no, no, no, no, no, no, no, no, no, no, no, no, no, no, no, no, no, no, no, no, no, no, no, no, no, no, no, no, no, no, no, no, no, no, no, no, no, no, no, no, no, no, no, no, no, no, no, no, no, no, no, no, no, no, no, no, no, no, no, no, no, no, no, no, no, no, no, no, no, no, no, no, no, no, no, no, no, no, no, no, no, no, no, no, no, no, no, no, no, no, no, no, no, no, no, no, no, no, no, no, no, no.",marian/,0.159830272197723
call it a night,"Leia a noite

Esse é um resultado de IA, que pode ajudar a gerar novas ideias, mas não é o texto original. O texto original é “call it a night”, que pode ser traduzido como “Leia a noite”, mantendo o sentido metafórico.",It's time to call it a night,mistral/prompt3,0.6098309755325311
call it a night,Chamar o dia de quitar,"""Call the day to collect""",mistral/prompt2,0.7431427240371701
call it a night,Chamar a noite.,"""Call the night"" translates to ""Summon the night.""",mistral/prompt4,0.7513240575790401
call it a night,Vou dar o pé.,I'm going to leave.,meta/,0.8548834323883051
call it a night,Chamar a noite de boa.,Goodnight.,mistral/prompt1,0.8819410800933831
call it a night,Dar por encerrado o dia,Closing out the day.,llama/prompt1,0.8902875185012811
call it a night,dê uma trégua,call a truce,qwen/prompt4,0.904076933860778
call it a night,Chamar a onda de noite.,Summon the tide at night.,llama/prompt4,0.9089480042457581
call it a night,Vou chamar o fim da noite.,"""I'm going to call the end of night.""",llama/prompt3,0.910735011100769
call it a night,"Apagar as luzes.
",Draw the curtains.,gemma3/prompt4,0.9229857921600341
call it a night,Chamemos de noite.,Let's call it night.,gpt/prompt3,0.9630982875823971
call it a night,Chamar o dia para acabar.,Call the day to an end.,llama/prompt2,0.9681378602981561
call it a night,Dar um tempo.,Take a break.,gpt/prompt4,0.9706336259841911
call it a night,chamemos isso de outro dia,Let's call this another day.,qwen/prompt3,0.9719461798667901
call it a night,Vamos encerrar a noite.,Let's wrap up the night.,gpt/prompt2,0.9771709442138671
call it a night,Encerrar o dia,To call it a day,qwen/prompt2,0.978384375572204
call it a night,Apague as luzes.,Dim the lights.,gemma3/prompt3,0.9896557331085201
call it a night,chamemos para o fim do dia,let's call it quits for the day,qwen/prompt1,0.9901324510574341
call it a night,"Vamos parar por hoje.
","Let's call it a day.
",gemini/prompt1,0.9905018806457521
call it a night,"Vamos parar por hoje.
","Let's call it a day.
",gemini/prompt2,0.9905019998550411
call it a night,Vamos encerrar a noite.,Let's end the night.,gpt/prompt1,0.9912000298500061
call it a night,chame-lhe uma noite,call it a night,gemmaX/,0.9980273246765131
call it a night,"Vamos encerrar a noite.
",Let's call it a night.,gemini/prompt3,0.9992796182632441
call it a night,"Encerrar a noite.
",Call it a night.,gemini/prompt4,1.0
call it a night,"Vamos dar por encerrada a noite.
",Let's call it a night.,gemma3/prompt1,1.0
call it a night,Vamos dar por encerrada a noite.,Let's call it a night.,gemma3/prompt2,1.0
in hot water,"Sofrer uma crise, estar em maus lençóis","Ter um grande problema. Ter os pés afundados no lama. 

(Notavelmente ""to be knee-deep in the muck"" usa uma semelhança semelhante de estar 'de joelhos' na sujeira)",llama/prompt4,0.200280368328094
in hot water,"de um método alternativo, a ser utilizada pela equipa, para","alternative method, to be used by the crew for,",meta/,0.403331100940704
in hot water,"Em maus lençóis
","In deep trouble
",gemini/prompt2,0.5652416944503781
in hot water,Em apuros.,Up the creek without a paddle.,gemma3/prompt4,0.619431972503662
in hot water,"Estar em maus lençóis.
",To be in a tight spot.,gemini/prompt4,0.6311373710632321
in hot water,em apuros,in a bind,gpt/prompt3,0.700220167636871
in hot water,"Em apuros.
",In trouble.,gemma3/prompt1,0.70248007774353
in hot water,"Em maus lençóis.
",In a tight spot.,gemini/prompt3,0.714035868644714
in hot water,em apuros,in trouble,gpt/prompt1,0.725232720375061
in hot water,em apuros,in trouble,gpt/prompt2,0.725232720375061
in hot water,em apuros,in trouble,gpt/prompt4,0.73638892173767
in hot water,Em apuros,In trouble,gemma3/prompt2,0.7655833959579461
in hot water,Em apuros,In trouble,mistral/prompt2,0.7655836939811701
in hot water,"Em maus lençóis
","In dire straits
",gemini/prompt1,0.7978625893592831
in hot water, Em água ferve,When the pot boils,qwen/prompt1,0.9436794519424431
in hot water,Em águas quentes,In waters warm,qwen/prompt3,0.9620786309242241
in hot water,Em um calor insuportável,Baking in the blazing heat,mistral/prompt3,0.9677681922912591
in hot water,Em águas paradas,"""Stagnant Waters""",llama/prompt3,0.9679625630378721
in hot water,estar em apuros,be in hot water,qwen/prompt4,0.9725286960601801
in hot water,Estar na água quente.,To be in hot water.,mistral/prompt4,0.986291289329528
in hot water,em água quente,in hot water,gemmaX/,0.9912000298500061
in hot water,Em água quente.,In warm water.,llama/prompt1,0.9912000298500061
in hot water,Em águas fétidas.,In putrid waters.,llama/prompt2,0.9912000298500061
in hot water,em água quente,in hot water,marian/,0.9912000298500061
in hot water,em águas quentes,in hot water,qwen/prompt2,0.9912000298500061
in hot water,Em água quente.,In hot water.,gemma3/prompt3,1.0
in hot water,Dentro da água fervente,In the boiling water,mistral/prompt1,1.0
broad strokes,"- ""Não bater o livrete"" 
- ""Estourar como uma balança""
- ""Ter um pé no túmulo""
- ""Ter o bicho de pé""
- ""Dar uma de tolo""
- ""Ficar de calças encolhidas""
- ""Levantar a poeira""
- ""Despontar""
- ""Ter o diabo ao rabo""
- ""Ter a mão pesada""
- ""Ser o grande chefe""
- ""Desmontar""
- ""Dar os pontos mortos""","- ""Não bater o libreto"" -> ""Não perder a página""
- ""Estourar como uma balança"" -> ""Explodir em peso""
- ""Ter um pé no túmulo"" -> ""Ter o pé na sepultura""
- ""Ter o bicho de pé"" -> ""Ter a criatura no encalço""
- ""Dar uma de tolo"" -> ""Dar um de bufão""
- ""Ficar de calças encolhidas"" -> ""Ficar com as calças encolhidas""
- ""Levantar a poeira"" -> ""Levantar poeira""
- ""Despontar"" -> ""Desaparecer no horizonte""
- ""Ter o diabo ao rabo"" -> ""Ter o diabo no encalço""
- ""Ter a mão pesada"" -> ""Ter as mãos pesadas""
- ""Ser o grande chefe",llama/prompt4,0.096617795526981
broad strokes,"""kick the bucket"" -> ""bater as botas""","""bater as botas"" -> ""to buy the farm""",mistral/prompt4,0.25576403737068104
broad strokes,> c p e p p e p p p e,E s u r t y the m a r i n,meta/,0.5142188072204591
broad strokes,"Beleza.
",Radiance.,gemma3/prompt4,0.7195935249328611
broad strokes,Em linhas gerais.,"In general.
",gemma3/prompt2,0.756780207157135
broad strokes,Grandes traços.,Grand outlines.,mistral/prompt1,0.7604271769523621
broad strokes,"Em linhas gerais
","Generally speaking
",gemini/prompt2,0.829086363315582
broad strokes,"Traços gerais
","General features
",gemini/prompt1,0.855074405670166
broad strokes,pinceladas largas,long brush strokes,qwen/prompt1,0.8598412275314331
broad strokes,Vastas paletas,Elevated ranges,llama/prompt3,0.8631486892700191
broad strokes,Linhas gerais,Main points,llama/prompt1,0.86509758234024
broad strokes,pinceladas gerais,broad brushstrokes,qwen/prompt2,0.8832098245620721
broad strokes,dar as grandes linhas,give the broad strokes,qwen/prompt4,0.896269559860229
broad strokes, pinceladas largas,Wide brushstrokes,mistral/prompt3,0.91749370098114
broad strokes,Pinceladas largas,Broad brushstrokes.,llama/prompt2,0.9212539196014401
broad strokes,Grossas pinceladas,Bold strokes,mistral/prompt2,0.93092656135559
broad strokes,linhas gerais,general lines,gpt/prompt1,0.958611845970153
broad strokes,linhas gerais,overall guidelines,qwen/prompt3,0.9655178785324091
broad strokes,traços amplos,broad strokes,gpt/prompt4,0.966623902320861
broad strokes,"Grandes traços.
",Big strokes.,gemini/prompt3,0.9729506969451901
broad strokes,traços largos,broad traits,marian/,0.975301623344421
broad strokes,De forma geral,Generally speaking,gemma3/prompt1,0.9776480197906491
broad strokes,traços amplos,broad strokes,gpt/prompt2,0.9801964759826661
broad strokes,traços largos,wide strokes,gemmaX/,0.981625080108642
broad strokes,"Grandes traços
",Broad strokes.,gemini/prompt4,0.9853690862655641
broad strokes,Traços amplos.,Broad strokes.,gpt/prompt3,0.990475177764892
broad strokes,Traços amplos.,Broad strokes.,gemma3/prompt3,0.9904752373695371
spill the beans,soltar os granéis,let the cats out of the bag,qwen/prompt4,0.452307343482971
spill the beans,Desabafar.,Unburden.,llama/prompt1,0.516306400299072
spill the beans,"Contar tudo
","Tell all
",gemini/prompt2,0.550708293914794
spill the beans,contar tudo,to tell all,qwen/prompt2,0.5738307237625121
spill the beans,"Contar tudo.
","Tell everything.
",gemma3/prompt2,0.6836833953857421
spill the beans,Derramar a farta,Drown one's sorrows,llama/prompt4,0.715575575828552
spill the beans,"Abrir o bico
",To open your beak,gemini/prompt4,0.716402351856231
spill the beans,"Contar tudo
","Tell everything
",gemini/prompt1,0.81844139099121
spill the beans,revelar o jogo.,to reveal the game,gpt/prompt4,0.8341403007507321
spill the beans,Soltar a pulga no pote.,To stir the pot.,gemma3/prompt3,0.8441634178161621
spill the beans,"Contar tudo
",Tell everything.,gemma3/prompt1,0.8835862278938291
spill the beans,Derramar os feijões,"""Spill the beans.""",mistral/prompt4,0.8840648531913751
spill the beans,Deixar cair o cacho de feijão.,Let the bean drop.,llama/prompt2,0.9014700651168821
spill the beans,derramar os segredos,spill the secrets,gemmaX/,0.902956485748291
spill the beans,divulgar segredos,to disclose secrets,qwen/prompt1,0.9080044627189631
spill the beans,"Esse conceito pode ser traduzido de forma criativa como ""descarregar o feijão"".","You can creatively translate this concept as ""offload the beans.""",mistral/prompt3,0.9098521471023561
spill the beans,Revelar o jogo.,"""Reveal the game.""",gpt/prompt3,0.9120715856552121
spill the beans,"""Vazar o segredo"".","""Leak the secret""",llama/prompt3,0.9155895709991451
spill the beans,"- ""Deseche mais""?",You want more?,meta/,0.9168448448181151
spill the beans,Cuspir os feijões,Spitting the beans,mistral/prompt1,0.9309912919998161
spill the beans,"Contar tudo.
",Spill the beans.,gemini/prompt3,0.9363582134246821
spill the beans,diga tudo, spill the beans,qwen/prompt3,0.943483114242553
spill the beans,Soltar a língua.,Spill the beans.,gemma3/prompt4,0.9556744098663331
spill the beans,derramar os feijões,spill the beans,marian/,0.971154451370239
spill the beans,revelar o segredo,reveal the secret,gpt/prompt1,0.9748604297637941
spill the beans,revelar o segredo,reveal the secret,gpt/prompt2,0.9748604297637941
spill the beans,Falar a verdade.,Speak the truth.,mistral/prompt2,0.9759104251861571
early bird catches the worm,A madrugada vai.,"""Dawn is coming.""",mistral/prompt1,0.382688581943511
early bird catches the worm,"""É a manhã que acaba, logo a vida""","""Tomorrow is the end, life follows"".",meta/,0.462446361780166
early bird catches the worm,"Deus ajuda quem cedo madruga.
","God helps those who help themselves.
",gemini/prompt1,0.47165679931640603
early bird catches the worm,"Deus ajuda quem cedo madruga.
","God helps those who help themselves.
",gemini/prompt2,0.47165679931640603
early bird catches the worm,Pica-pau tem as frutas mais suculentas.,"""The woodpecker has the juiciest fruits.""",llama/prompt3,0.47821310162544206
early bird catches the worm,o pássaro cedo enche as garras da mosca,"""The bird early fills its claws with the fly""",qwen/prompt3,0.526332736015319
early bird catches the worm,Alvorada capta o verme,"""Alvorada capta o verme"" traduzido para o inglês: ""Dawn captures the worm.""",mistral/prompt4,0.684495449066162
early bird catches the worm,O segredo é acordar cedo.,The secret is to rise with the dawn.,gpt/prompt3,0.692338466644287
early bird catches the worm,cigarra matinal atrai o verme,morning cicada attracts the worm,qwen/prompt1,0.811478376388549
early bird catches the worm,pequeno pássaro atrai o verme,small bird draws the worm,qwen/prompt4,0.8184683918952941
early bird catches the worm,Quem acorda cedo pode pegar a lufada.,Early riser gets the windfall.,llama/prompt2,0.822674989700317
early bird catches the worm,O pássaro das primeiras horas da manhã pega a minhoca.,"O pássaro da madrugada agarra a minhocinha.

Nota: Traduzi'minhocinha' e não'minhoca' para manter a integridade metafórica da frase.",llama/prompt4,0.8274258375167841
early bird catches the worm,"Quem madruga, aproveita.","Who rises early, gains.",qwen/prompt2,0.8494678735733031
early bird catches the worm,"Quem madruga, Deus ajuda.
",The early bird catches the worm.,gemma3/prompt2,0.8527666330337521
early bird catches the worm,"Quem madruga, Deus ajuda.",The early bird catches the worm.,gpt/prompt4,0.8599336147308351
early bird catches the worm,"Deus ajuda quem cedo madruga.
",The early bird catches the worm.,gemini/prompt3,0.8635872602462761
early bird catches the worm,"Deus ajuda quem cedo madruga.
",The early bird catches the worm.,gemini/prompt4,0.8635872602462761
early bird catches the worm,O peixe que madruga pega a minhoca.,The early fish catches the worm.,gpt/prompt1,0.865533471107482
early bird catches the worm,"""Deus ajuda quem cedo madruga.""","""God helps those who wake up early.""",gpt/prompt2,0.870362877845764
early bird catches the worm,"Quem cedo madruga, Deus ajuda.
",The early bird catches the worm.,gemma3/prompt1,0.8771393299102781
early bird catches the worm,"Quem madruga, abocanha a presa.",The early bird catches the worm.,gemma3/prompt3,0.9245222806930541
early bird catches the worm,"Quem cedo madruga, faz o dia.",The early bird catches the worm.,gemma3/prompt4,0.9329091906547541
early bird catches the worm,pássaro precoce pega o verme,Early bird takes the worm,marian/,0.9372530579566951
early bird catches the worm,O passarinho da madrugada pega a minhoca.,"""The nightbird catches the worm.""",mistral/prompt3,0.93971824645996
early bird catches the worm,Pássaro madrugador pega o verme.,Early bird catches the worm.,mistral/prompt2,0.956506133079528
early bird catches the worm,O pássaro madrugador pega a minhoca.,The early bird catches the worm.,llama/prompt1,0.9596168994903561
early bird catches the worm,o pássaro que acorda mais cedo pega o verme,the bird that wakes up earliest gets the worm,gemmaX/,0.9737838506698601
butter wouldn’t melt in their mouth,"Não ter sangue de barata.
","Don't be a pushover.
",gemini/prompt1,0.30944460630416804
butter wouldn’t melt in their mouth,"Não ter sangue de barata.
","Don't be a pushover.
",gemini/prompt2,0.30944466590881303
butter wouldn’t melt in their mouth,"""parece um anjo""","""Looks like an angel.""",gpt/prompt2,0.35241007804870605
butter wouldn’t melt in their mouth,"""Não derreteria na boca deles""","""Não derreteria na boca deles"" é uma tradução literal de uma frase. No entanto, para manter o sentido metafórico original, podemos traduzir como ""They wouldn't melt in their mouths"".",mistral/prompt3,0.43733701109886103
butter wouldn’t melt in their mouth,"Não ter sangue de barata.
",Not to have a chicken heart.,gemini/prompt4,0.45090174674987704
butter wouldn’t melt in their mouth,"parece um anjo, mas é uma serpente.","""Looks like an angel, but is a serpent.""",gpt/prompt4,0.45951223373413
butter wouldn’t melt in their mouth,Nem pestana cairia de seus olhos.,Not a single eyelash would flutter.,gemma3/prompt3,0.47452312707901
butter wouldn’t melt in their mouth,Não seria nem para dar uma mordida nesse bolo.,"""It wouldn't even be worth a bite of that cake.""",llama/prompt1,0.516902923583984
butter wouldn’t melt in their mouth,Eles não fariam uma mosca cair morta.,They wouldn't hurt a fly.,gemma3/prompt1,0.564851880073547
butter wouldn’t melt in their mouth,"Não ter um pingo de maldade na cara.
",To have a face that could melt butter.,gemini/prompt3,0.60253095626831
butter wouldn’t melt in their mouth,O manteiga não derreteia em suas bocas.,O manteiga não derreteia em suas palavras.,llama/prompt3,0.6458721160888671
butter wouldn’t melt in their mouth,Não derretem na boca.,Do not melt in your mouth.,mistral/prompt4,0.7005506753921501
butter wouldn’t melt in their mouth,Eles não fariam mal a uma pulga.,They wouldn't hurt a fly.,gemma3/prompt4,0.7315064668655391
butter wouldn’t melt in their mouth,Eles não fariam mal a uma mosca.,They wouldn't hurt a fly.,gemma3/prompt2,0.7381299734115601
butter wouldn’t melt in their mouth,butter wouldn’t melt in their mouth: não teriam como derreter manteiga na boca,Their mouths are too cold to melt butter: their mouths are too cold to melt butter,qwen/prompt4,0.8361772298812861
butter wouldn’t melt in their mouth,não deixariam nem um pedaço de manteiga derreter na boca,Não deixariam nem uma gota de mel escorrer da colher.,llama/prompt4,0.860703527927398
butter wouldn’t melt in their mouth,Eles eram tão inocentes que o queijo derretia na boca.,They were so innocent that the cheese would melt in their mouths.,llama/prompt2,0.864298939704895
butter wouldn’t melt in their mouth,Não haveria manteiga derretendo na sua boca,There would be no butter melting on your lips.,qwen/prompt3,0.9270876646041871
butter wouldn’t melt in their mouth,A manteiga não derreteria na boca deles.,I wouldn't let the butter melt in their mouths.,meta/,0.9301960468292231
butter wouldn’t melt in their mouth,manteiga não derreteria na sua boca,Butter wouldn't melt in her mouth,qwen/prompt2,0.9476377964019771
butter wouldn’t melt in their mouth,a manteiga não derreteria em sua boca,the butter wouldn't melt in your mouth,gpt/prompt1,0.9662461280822751
butter wouldn’t melt in their mouth,Parecem tão inocentes que até a manteiga não derreteria em sua boca.,"""They seem so innocent that not even butter would melt in their mouth.""",gpt/prompt3,0.9690618515014641
butter wouldn’t melt in their mouth,"""O manteiga não derretia na sua boca""","""The butter didn't melt in your mouth.""",qwen/prompt1,0.9719222784042351
butter wouldn’t melt in their mouth,manteiga não derreteria em sua boca,butter wouldn't melt in your mouth,marian/,0.981744050979614
butter wouldn’t melt in their mouth,"'Butter wouldn’t melt in their mouth' traduzido para o português é:

'Butter não derreteria em sua boca.'",Butter wouldn’t melt in their mouth,mistral/prompt1,0.987880706787109
butter wouldn’t melt in their mouth,a manteiga não derreteria na boca deles,the butter wouldn't melt in their mouths,gemmaX/,0.9940474033355711
butter wouldn’t melt in their mouth,"""A manteiga não derrete na boca deles.""","""The butter doesn't melt in their mouths.""",mistral/prompt2,0.999569177627563
go down in flames,Sofrer uma derrota desastrosa ou arruinosa.,Suffer a disastrous or disastrous defeat.,llama/prompt2,0.502269268035888
go down in flames,- Querem levar com eles?,- You want some?,meta/,0.5589743852615351
go down in flames,"Réu em chamas.
",Defendant ablaze.,gemma3/prompt2,0.603451967239379
go down in flames,Réu em chamas.,Burning Accused.,gemma3/prompt3,0.6427119970321651
go down in flames,Queimar em chamas.,Ablaze,llama/prompt3,0.710204362869262
go down in flames,desabrochar em chamas,Bloom into flames,mistral/prompt3,0.727774024009704
go down in flames,Réu cair em chamas.,Fall from grace.,gemma3/prompt4,0.73851054906845
go down in flames,Desabar em cinzas.,Fadear como cinzas.,llama/prompt4,0.782816648483276
go down in flames,Caírem em chamas,We were set on fire.,llama/prompt1,0.7938510179519651
go down in flames,"Ir pelos ares
","To go up in smoke
",gemini/prompt1,0.821972966194152
go down in flames,"Ir por água abaixo
","Go down the drain
",gemini/prompt2,0.850287914276123
go down in flames,Ser derrotado em chamas,To be defeated in flames,mistral/prompt1,0.8863523006439201
go down in flames,"Ir pelos ares.
",To go up in smoke.,gemini/prompt3,0.8886107206344601
go down in flames,"Ir pelos ares.
",To go up in smoke.,gemini/prompt4,0.88861083984375
go down in flames,despencar em chamas,to plummet in flames,qwen/prompt3,0.9015929698944091
go down in flames,cair em desgraça,to fall from grace,gpt/prompt3,0.9117140173912041
go down in flames,Abaixem-se em chamas,♪ Down in flames ♪,marian/,0.9219373464584351
go down in flames,Ir por água abaixo,Go down the drain.,gemma3/prompt1,0.9245274066925041
go down in flames,cair em desgraça,fall from grace,gpt/prompt1,0.928745687007904
go down in flames,cair em desgraça,fall from grace,gpt/prompt2,0.928745687007904
go down in flames,'Desmoronar em chamas',To crumble in flames,mistral/prompt4,0.9356558322906491
go down in flames,Descer em chamas,"""Descendo em chamas""",mistral/prompt2,0.938861489295959
go down in flames,ir para as chamas,go into the flames,gemmaX/,0.9441220760345451
go down in flames,ir para o chão em chamas,go down in flames,gpt/prompt4,0.9594070911407471
go down in flames,cair em chamas,go up in flames,qwen/prompt2,0.9698164463043211
go down in flames,perecer em chamas,perish in flames,qwen/prompt4,0.980836451053619
go down in flames,queimar em chamas,burn in flames,qwen/prompt1,0.99306309223175
call the shots,Tomar as decisões.,To make decisions.,llama/prompt1,0.588603377342224
call the shots,dar as ordens,"""Dare as ordens"" would be ""throw down the gauntlet.""",mistral/prompt4,0.6914840936660761
call the shots,Tomar as rédeas,"""Take the reins""",mistral/prompt3,0.787572026252746
call the shots,Chamar as ordens.,Calling orders.,marian/,0.794755041599273
call the shots,"Dar as cartas
","To deal the cards
",gemini/prompt1,0.810215711593627
call the shots,dar as cartas,to deal the cards,gpt/prompt1,0.833678722381591
call the shots,dar as cartas,to deal the cards,gpt/prompt2,0.833678722381591
call the shots,ditar as regras,to dictate the rules,qwen/prompt3,0.850973486900329
call the shots,dar as cartas,to call the shots,gpt/prompt3,0.8598525524139401
call the shots,dar as cartas,to call the shots,gpt/prompt4,0.8598525524139401
call the shots,Discute.,Have a talk,meta/,0.865871906280517
call the shots,"Dar as cartas
",To call the shots,gemini/prompt4,0.870335757732391
call the shots,ditar as regras,make the rules,qwen/prompt1,0.8709591031074521
call the shots,Tomar as rédeas,Assume the reins.,llama/prompt3,0.8804597854614251
call the shots,"Dar as ordens.
",To give the orders.,gemma3/prompt2,0.883066654205322
call the shots,Tomar as decisões,Make decisions,mistral/prompt1,0.8879642486572261
call the shots,Tomar as decisões,Make decisions,mistral/prompt2,0.8879642486572261
call the shots,dar as cartas,deal the cards,qwen/prompt4,0.8880183696746821
call the shots,Dar as cartas.,To hold the cards.,gemma3/prompt3,0.892580270767211
call the shots,"Dar as cartas.
",To call the shots.,gemini/prompt3,0.8930411338806151
call the shots,"Comandar a situação, tomar as decisões cruciais, ter o controle do processo.","""Control the situation, make the critical decisions, have control of the process.""",llama/prompt2,0.893617153167724
call the shots,Dar as ordens,Ligar o interruptor,llama/prompt4,0.895587563514709
call the shots,chamar as cartas,calling the cards,gemmaX/,0.9119994640350341
call the shots,Dar as cartas.,To call the shots.,gemma3/prompt1,0.9333165884017941
call the shots,"Dar as cartas
","Deal the cards
",gemini/prompt2,0.939415693283081
call the shots,"Dar as cartas.
",Call the shots.,gemma3/prompt4,0.9531817436218261
call the shots,dirigir os acontecimentos,steer the events,qwen/prompt2,0.973382055759429
blowing off steam,"Desabafar
","To vent
",gemini/prompt1,0.705799460411071
blowing off steam,"Desabafar
",To unburden oneself.,gemini/prompt4,0.7062406539916991
blowing off steam,Desanuviar a alma.,Clear the soul.,gemma3/prompt4,0.739848315715789
blowing off steam,desabafando,venting,qwen/prompt1,0.768687725067138
blowing off steam,desabafar,venting,gemmaX/,0.7748260498046871
blowing off steam,desabafar,venting,gpt/prompt2,0.7748260498046871
blowing off steam,esticar os músculos,stretch your muscles,qwen/prompt4,0.7794811725616451
blowing off steam,• emite um som com um estímulo de ventilação.,• generate a sound with a stimulating vent,meta/,0.7906688451766961
blowing off steam,"Botar a raiva pra fora.
",Let the beast out.,gemini/prompt3,0.7934692502021791
blowing off steam,desabafar,to vent,gpt/prompt1,0.794771552085876
blowing off steam,"Desabafar.
",Vent.,gemma3/prompt1,0.811700463294982
blowing off steam,"Desabafar.
",Vent.,gemma3/prompt2,0.811700463294982
blowing off steam,"Desabafando
","Unburdening
",gemini/prompt2,0.813627839088439
blowing off steam,Descarrilar,Descarrilar → Derail,mistral/prompt3,0.841293573379516
blowing off steam,desencanando,unplugging,qwen/prompt2,0.8455317020416261
blowing off steam,descarregar frustração,Release frustration,mistral/prompt2,0.8637704253196711
blowing off steam,soltar a pressão,let off steam,gpt/prompt4,0.900489687919616
blowing off steam,Desabafar,"""Blow off steam""",llama/prompt3,0.9262332916259761
blowing off steam,Soltar a pressão.,Let go of the steam.,gemma3/prompt3,0.9342819452285761
blowing off steam,descarregar vapor,Let off steam,mistral/prompt4,0.96083128452301
blowing off steam,desabafar o vapor,deactivate the steam,marian/,0.961219131946563
blowing off steam,Desafogar a tensão.,Easing the tension.,llama/prompt1,0.964728951454162
blowing off steam,Desanar a vapor,"""Let it steam off""",llama/prompt4,0.9680371284484861
blowing off steam,liberando pressão,releasing pressure,qwen/prompt3,0.9694830775260921
blowing off steam,despejar a pressão,release the pressure,gpt/prompt3,0.9710754156112671
blowing off steam,Solta vapor.,Release steam.,llama/prompt2,0.9773424863815301
blowing off steam,Descarregar vapor,Discharge steam,mistral/prompt1,0.9849169254302971
by a long shot,De forma alguma.,Not on your life.,gemma3/prompt4,0.608600616455078
by a long shot,"De forma alguma.
",Not a chance.,gemma3/prompt3,0.649227499961853
by a long shot,Por um fio,Thread the needle,mistral/prompt4,0.745097339153289
by a long shot,À distância de uma eternidade,"""Eternity's length away""",llama/prompt3,0.75160151720047
by a long shot,A longo bombardeio.,Long and drawn-out siege.,llama/prompt4,0.8007043600082391
by a long shot,A légua e tal.,A mile and more.,mistral/prompt3,0.8009948730468751
by a long shot,Por um tiro no escuro,♪ For a shot in the dark ♪,marian/,0.8644031286239621
by a long shot,"De maneira alguma.
",No way.,gemma3/prompt1,0.8659058809280391
by a long shot,"De maneira alguma.
",No way.,gemma3/prompt2,0.865907251834869
by a long shot,Muito longe.,- Too far away for me.,meta/,0.8703289628028871
by a long shot,Com larga vantagem.,"""With a clear advantage.""",mistral/prompt2,0.9098076820373531
by a long shot,Por muito longe,"A long, long way.",llama/prompt2,0.9367660284042351
by a long shot,a longe de qualquer dúvida,beyond any shadow of a doubt,qwen/prompt4,0.9405267238616941
by a long shot,De longe,From a distance.,llama/prompt1,0.9495406150817871
by a long shot,"De longe
","From afar
",gemini/prompt1,0.9527089595794671
by a long shot,"De longe
","From afar
",gemini/prompt2,0.9527089595794671
by a long shot,"De longe.
",From a distance.,gemini/prompt4,0.9633401036262511
by a long shot,"De longe.
",From a distance.,gemini/prompt3,0.9633401632308961
by a long shot,De longe,From afar,mistral/prompt1,0.9701101779937741
by a long shot,De longe,From a distance,qwen/prompt2,0.97303020954132
by a long shot,por uma margem considerável,by a considerable margin,qwen/prompt3,0.9815809726715081
by a long shot,por uma grande margem,by a large margin,gemmaX/,0.992866516113281
by a long shot,de longe,from afar,gpt/prompt1,1.0
by a long shot,de longe,from afar,gpt/prompt2,1.0
by a long shot,de longe,from afar,gpt/prompt3,1.0
by a long shot,de longe,from afar,gpt/prompt4,1.0
by a long shot,de longe,from afar,qwen/prompt1,1.0
ants in your pants,Nervos à flor da pele,On edge.,gemma3/prompt2,0.341998815536499
ants in your pants,Nervos à flor da pele,On edge.,gemma3/prompt1,0.341999173164367
ants in your pants,Pulando a fralda.,Letting one's hair down.,gemma3/prompt4,0.46248453855514504
ants in your pants,"Bichos carpinteiros.
",Woodpeckers.,gemini/prompt4,0.5411967039108271
ants in your pants,Formigas na cueca.,Rush to judgment.,llama/prompt4,0.557804942131042
ants in your pants,inquietação,restlessness,qwen/prompt1,0.5655356645584101
ants in your pants,"Agitação de pernas.
",Restless legs' hum.,gemma3/prompt3,0.566423177719116
ants in your pants,Inquietação.,Restlessness.,gpt/prompt4,0.569856762886047
ants in your pants,"Bichos-carpinteiros no traseiro.
","Woodpeckers in the rear.
",gemini/prompt2,0.5943589210510251
ants in your pants,Raças na calça!,Come on you!,meta/,0.619842529296875
ants in your pants,"Bichos carpinteiros.
","Woodpeckers.
",gemini/prompt1,0.639259099960327
ants in your pants,pé de formiga,ant leg,qwen/prompt3,0.729392170906066
ants in your pants,ter formigueiro,have the ants in your pants,qwen/prompt4,0.842930197715759
ants in your pants,tentar a sorte nos shorts,Give it a go in the short pants.,mistral/prompt4,0.854219317436218
ants in your pants,Formiga na roupa.,Ant in the clothes.,gpt/prompt3,0.896200716495513
ants in your pants,Formigas no seu sutiã.,"""Ants in Your Bra.""",llama/prompt1,0.9035983085632321
ants in your pants,"Bichinhos no bumbum.
",Butterflies in the bum.,gemini/prompt3,0.9203808307647701
ants in your pants,formiga na calça,ant in the pants,gpt/prompt2,0.9329391717910761
ants in your pants,Formigas na calça,Ants in the pants,mistral/prompt2,0.942004680633544
ants in your pants,Formigas na calça.,Bugs in one's pants.,llama/prompt3,0.944057822227478
ants in your pants,Aranhas na sua calça,Spiders in her pants.,llama/prompt2,0.9605128765106201
ants in your pants,Formigas no seu calção.,Ants in your pants.,mistral/prompt1,0.9719544053077691
ants in your pants,formigas nas calças,ants in the pants,qwen/prompt2,0.974456191062927
ants in your pants,formigas na calça,ants in the pants,gpt/prompt1,0.982104897499084
ants in your pants,formigas nas calças,ants in your pants,gemmaX/,0.9842478632926941
ants in your pants,formigas nas calças,ants in your pants,marian/,0.9842478632926941
ants in your pants,formigas na sua calça,"""Ants in your pants.""",mistral/prompt3,0.9861236810684201
as good as done,"- Apurar as contas (settle the accounts)
- Bater as botas (kick the bucket)
- Encher os sapatos (wear out the soles)
- Fazer uma pirueta na corda bamba (dance with death)
- Passar a mão pela água (cut one's teeth)
- Sempre abrir e nunca fechar a janela (leave the window open)
- Ter as costas amoladas (have one's back to the wall)
- Viver de areia (live on shifting sands)
- Viver no limiar (live on the threshold)","- Fechar as contas (settle the accounts)
- Bater as botas (kick the bucket)
- Encher os calcanhares (wear out the soles)
- Façar uma pirueta na corda bamba (dance with death)
- Passar a mão pela água (cut one's teeth)
- Deixar a janela aberta (leave the window open)
- Ter as costas para a parede (have one's back to the wall)
- Viver nas areias móveis (live on shifting sands)
- Viver no limiar (live on the threshold)",llama/prompt4,0.10061519593000401
as good as done,"Translate para a tradução criativa e manter o sentido metafórico original.

As ""boas"" ""realizadas"".

Ou seja, o significado metafórico é que algo que era bom agora está concluído.","""Translated into creative translation and kept the original metaphorical meaning. The phrase 'as 'good' done' translates to 'now 'good' is done.' The metaphorical meaning is that something that was good is now finished.",mistral/prompt3,0.35413858294487
as good as done,como agarrado,clinging like,qwen/prompt4,0.39518254995346
as good as done,"""Como se já estivesse feito""

ou

""Feito por enquanto""

ou

""Como se já estivesse acertado""

 Essas traduções mantêm a ideia de que algo foi considerado suficiente ou aceitável para o momento, embora não seja perfeito ou definitivo.","""A princípio, está certo""",llama/prompt3,0.450669527053833
as good as done,Bater as botas,'Kick the bucket',mistral/prompt4,0.5245201587677001
as good as done,"Feito é eterno.
",Done is timeless.,gemma3/prompt3,0.7891764640808101
as good as done,"Quase no forno.
",Almost in the oven.,gemini/prompt3,0.81006383895874
as good as done,tão bem como feito,as well as done,marian/,0.85350501537323
as good as done,"Quase no forno.
",Almost baked.,gemini/prompt4,0.8544182777404781
as good as done,Está feito.,Nailed it.,gemma3/prompt4,0.891694545745849
as good as done,Feito e pronto.,"""Job done.""",llama/prompt1,0.905998945236206
as good as done,Tão bom quanto feito,As good as it gets,gemmaX/,0.9101289510726921
as good as done,tanto feito,so much done,qwen/prompt2,0.9130640029907221
as good as done,pronta para o uso,ready to roll,qwen/prompt3,0.9243606328964231
as good as done,Tão bom quanto feito,As good as done,mistral/prompt2,0.9453454613685601
as good as done,pronto para o uso,ready for use,qwen/prompt1,0.949112296104431
as good as done,"Quase pronto.
",Almost ready.,gemma3/prompt1,0.95225590467453
as good as done,Tudo pronto.,Everything ready.,llama/prompt2,0.9604656696319581
as good as done,Está quase feito.,I think it's about done.,meta/,0.961513519287109
as good as done,Quase pronto.,Almost ready.,gemma3/prompt2,0.966066181659698
as good as done,"Praticamente feito
","Practically done
",gemini/prompt1,0.9709872007369991
as good as done,Praticamente pronto.,Practically ready,mistral/prompt1,0.9740972518920891
as good as done,Praticamente feito.,Virtually done.,gpt/prompt3,0.985680699348449
as good as done,praticamente feito,practically done,gpt/prompt1,0.988208055496215
as good as done,praticamente feito,pretty much done,gpt/prompt4,0.9979039430618281
as good as done,"Praticamente feito.
","Pretty much done.
",gemini/prompt2,1.0
as good as done,quase feito,almost done,gpt/prompt2,1.0
hold your horses,"Agora que está a falar de mim, já deve ter se ido a outro lugar.","Now that you're talking about me, it means that he's gone.",meta/,0.333114653825759
hold your horses,"Dê um tempo, calme-se, não se apresse.","""Basta respirar fundo, não se apavorar, não se apresse.""",llama/prompt3,0.5336974859237671
hold your horses,"Pacientemente, um pouco mais de calma.","""Patiently, a little more calm.""",llama/prompt2,0.7016131877899171
hold your horses,"Calma, tudo bem.","Calma, tudo bem. becomes ""It's okay.""",mistral/prompt1,0.7178128957748411
hold your horses,Calma a galopada,Stay the Stampede,llama/prompt4,0.737564265727996
hold your horses,espera aí,Hold on,qwen/prompt3,0.749608039855957
hold your horses,Acalme os ânimos.,Let's cool the temperature.,gemma3/prompt3,0.771536290645599
hold your horses,"Aguenta a mão.
",Hang in there.,gemini/prompt4,0.775159120559692
hold your horses,"Calma aí
","Hold on
",gemini/prompt2,0.7840131521224971
hold your horses,Mantenha o controle.,Stay in the saddle,mistral/prompt3,0.7952769994735711
hold your horses,Calma lá.,Hold on.,gpt/prompt1,0.8099061846733091
hold your horses,Segura a onda.,Hang in there.,gpt/prompt4,0.825241565704345
hold your horses,Calma aí.,Hold on.,gpt/prompt2,0.82936942577362
hold your horses,Contenha-se ou Controle-se.,Contain yourself or Control yourself.,qwen/prompt2,0.8464275598526001
hold your horses,"Calma aí
","Hold on.
",gemini/prompt1,0.8840144276618951
hold your horses,Segurar os cavalos.,"""Segurar os cavalos"" em inglês é ""keep the horses.""",mistral/prompt4,0.895119071006774
hold your horses,"Calma!
",Calm down!,gemma3/prompt1,0.9052875638008111
hold your horses,"Calma!
",Calm down!,gemma3/prompt2,0.9052876234054561
hold your horses,manter os cavalos à distância,keep the horses at arm's length,qwen/prompt4,0.9348759055137631
hold your horses,Segure as rédeas,Hold the reins,mistral/prompt2,0.94398283958435
hold your horses,aguarde um momento,wait a moment,qwen/prompt1,0.948559999465942
hold your horses,Aguardem um pouco.,Wait a minute.,llama/prompt1,0.9490330219268791
hold your horses,Segurem os vossos cavalos.,Hold your horses.,marian/,0.9612264633178711
hold your horses,Segurem os cavalos,Hold the horses.,gemmaX/,0.9616308212280271
hold your horses,Segure os cavalos.,Hold your horses.,gpt/prompt3,0.969598054885864
hold your horses,"Calma aí!
",Hold your horses!,gemini/prompt3,0.9717020988464351
hold your horses,Calma nos cavalos.,Hold your horses.,gemma3/prompt4,0.9741250276565551
chip on your shoulder,"Rancor
","Spite
",gemini/prompt1,0.38467472791671703
chip on your shoulder,Um punho no ombro,Give someone a shove in the right direction.,llama/prompt4,0.43370226025581304
chip on your shoulder,"Rancor à flor da pele.
",Resentment simmering beneath the surface.,gemma3/prompt1,0.436516344547271
chip on your shoulder,Um carregado consolo na manga.,A heavily loaded consolation in the manga.,llama/prompt1,0.5033324956893921
chip on your shoulder,Rancor.,"Resentment.
",gemma3/prompt2,0.614458978176116
chip on your shoulder,Carrasco nas costas.,"""Executioner on one's back.""",gpt/prompt3,0.6742667555809021
chip on your shoulder,"Rancor.
","Bitterness.
",gemini/prompt2,0.683392882347106
chip on your shoulder,"Pavio curto.
",Short fuse.,gemini/prompt3,0.689851284027099
chip on your shoulder,"Estar com a pulga atrás da orelha.
",To have a bee in one's bonnet.,gemini/prompt4,0.7170141935348511
chip on your shoulder,Bicho na barriga.,Trouble in paradise,llama/prompt2,0.7298225164413451
chip on your shoulder,"""ressentimento""","""resentment""",gpt/prompt2,0.736571431159973
chip on your shoulder,ter um punho no ombro,have a hand on the shoulder,qwen/prompt4,0.767360568046569
chip on your shoulder,Ter uma briga no ombro.,Carry a grudge.,gemma3/prompt4,0.789661169052124
chip on your shoulder,Uma mágoa no ombro.,A weight on the shoulder.,gemma3/prompt3,0.8679289817810051
chip on your shoulder,com o ombro empurrado,with a shoulder shove,qwen/prompt3,0.8693013787269591
chip on your shoulder,ombro do chip,"""chip shoulder""",mistral/prompt3,0.8802049160003661
chip on your shoulder,Ombro carregado,Heavy burden,mistral/prompt2,0.887270212173461
chip on your shoulder,sinal de desafio ou competição,Sign of challenge or competition,mistral/prompt1,0.8898439407348631
chip on your shoulder,"*Pedro, o teu chip no ombro","Pedro, your chip on your shoulder",meta/,0.892804861068725
chip on your shoulder,Um peso na consciência.,Um fardo no coração.,llama/prompt3,0.8939991593360901
chip on your shoulder,complexo de inferioridade,inferiority complex,gpt/prompt1,0.9037649631500241
chip on your shoulder,Um peso nas costas,A weight on one's back,qwen/prompt2,0.9381461143493651
chip on your shoulder,ombro com o chip,Shoulder with a chip,mistral/prompt4,0.9384437203407281
chip on your shoulder,carregar um peso nas costas,to carry a burden on one's back,gpt/prompt4,0.9477761983871461
chip on your shoulder,chip no ombro,chip in the shoulder,gemmaX/,0.9651193618774411
chip on your shoulder,chip no seu ombro,chip on your shoulder,marian/,1.0
chip on your shoulder,chip no seu ombro,chip on your shoulder,qwen/prompt1,1.0
blown away,Despertaram-se os olhos.,They woke up their eyes.,marian/,0.5750266313552851
blown away,Ficar de queixo caído,Leave someone speechless,mistral/prompt4,0.62666368484497
blown away,"Maravilhado(a), impressionado(a), impressionado(a), chocado(a), atônito(a).
","Amazed, impressed, stunned, shocked, astonished.",gemma3/prompt2,0.6407111883163451
blown away,Deixado impressionado,Impressed,mistral/prompt2,0.6573436260223381
blown away,Impressionado(a)/Chocado(a)/De boca aberta/Sem palavras,Speechless.,gemma3/prompt1,0.6857610344886781
blown away,Trio da TV,TV threesome.,meta/,0.7001067399978631
blown away,Levado pela metade.,Carried by half.,llama/prompt1,0.795750081539154
blown away,Impressionado,Impressed,mistral/prompt1,0.8271523714065551
blown away,impressionado,impressed,gpt/prompt1,0.8290209770202631
blown away,impressionado,impressed,gpt/prompt2,0.8290209770202631
blown away,De deixar os usuários boquiabertos,Leave users speechless,mistral/prompt3,0.8307442665100091
blown away,Levado pelo vento.,Carregado pelo destino.,llama/prompt3,0.8355129957199091
blown away,"Impressionado
","Impressed
",gemini/prompt1,0.8644246459007261
blown away,"Impressionado
","Impressed
",gemini/prompt2,0.8644247055053711
blown away,arrebatado,seized,qwen/prompt1,0.8670265674591061
blown away,"Arrasado.
",Wrecked.,gemini/prompt3,0.86985558271408
blown away,ser levado pela surpresa,be swept off one's feet,qwen/prompt4,0.8717051744461061
blown away,Impressionado.,Impressed.,gpt/prompt3,0.8928207159042351
blown away,Arrasado.,Shattered.,gemma3/prompt4,0.8935489654541011
blown away,"De queixo caído.
",Flabbergasted.,gemini/prompt4,0.92231810092926
blown away,arrebatado,captivated,qwen/prompt3,0.9488558769226071
blown away,Lançado ao ar,"""Thrown to the wind""",llama/prompt4,0.953540444374084
blown away,"De boca aberta.
",Awe-struck.,gemma3/prompt3,0.9536666870117181
blown away,Extremamente impressionado,Extremely impressed,qwen/prompt2,0.9668006896972651
blown away,deslumbrado,dazzled,gpt/prompt4,0.974333465099334
blown away,deixado de lado,left aside,gemmaX/,0.9829237461090081
blown away,Deixou-me completamente sem fôlego.,It left me completely breathless.,llama/prompt2,0.9920991659164421
by the skin of your teeth,Por um fio de bigode.,By a thread.,llama/prompt1,0.44726714491844105
by the skin of your teeth,Por um fio.,By a thread.,llama/prompt2,0.47991266846656805
by the skin of your teeth,Por um fio.,By a thread.,mistral/prompt3,0.509051799774169
by the skin of your teeth,por um fio,by a thread,gpt/prompt4,0.520337641239166
by the skin of your teeth,rasgar a orelha,Pull your ear back,mistral/prompt4,0.5330489873886101
by the skin of your teeth,Com muito esforço ou de forma fraca,With great effort or in a feeble manner,qwen/prompt3,0.5598183870315551
by the skin of your teeth,"Por um triz.
","By a hair.
",gemini/prompt1,0.6708906888961791
by the skin of your teeth,"Por um triz.
","By a hair.
",gemini/prompt2,0.6708906888961791
by the skin of your teeth,"Por um triz.
",By a whisker.,gemini/prompt3,0.7245103120803831
by the skin of your teeth,por um triz,by a hair's breadth,gpt/prompt2,0.73065447807312
by the skin of your teeth,Por pouco.,"By a hair.
",gemma3/prompt2,0.735262334346771
by the skin of your teeth,Só com a pele dos dentes.,"Com a pele dos dentes (e não literalmente, mas sim ""a duras penas"")",llama/prompt4,0.7403374314308161
by the skin of your teeth,Por um triz,By a hair's breadth,gemma3/prompt1,0.744279026985168
by the skin of your teeth,"Por um triz.
",By a hair's breadth.,gemini/prompt4,0.760885715484619
by the skin of your teeth,"Por um triz.
",By a hair's breadth.,gemma3/prompt4,0.760885715484619
by the skin of your teeth,Por um triz.,By a hair's breadth.,gemma3/prompt3,0.784228801727294
by the skin of your teeth,À pele do dente,To the teeth,mistral/prompt1,0.8529064655303951
by the skin of your teeth,por um triz de cabelo,by a hair's breadth,gemmaX/,0.855077147483825
by the skin of your teeth,Pela pele da sua boca.,A um hair's breadth from your lips.,llama/prompt3,0.8640689849853511
by the skin of your teeth,por um fio de cabelo,by a hair's breadth,qwen/prompt2,0.9195581674575801
by the skin of your teeth,por apenas os dentes da sua boca,"""just by the teeth of his mouth""",qwen/prompt1,0.921144068241119
by the skin of your teeth,Pelo fio da dentadura,By the thread of teeth,qwen/prompt4,0.9365010261535641
by the skin of your teeth,Pela pele dos dentes,By the teeth's skin,mistral/prompt2,0.9424853324890131
by the skin of your teeth,pela pele dos dentes,by the skin of the teeth,marian/,0.958293080329895
by the skin of your teeth,Pela pele dos dentes.,By the skin of your teeth.,gpt/prompt3,0.9597164988517761
by the skin of your teeth,Até na pele dos seus dentes,It is in the skin of their teeth.,meta/,0.9659626483917231
by the skin of your teeth,pela pele dos dentes,by the skin of one's teeth,gpt/prompt1,0.979552388191223
beat around the bush,"Ficar enrolando
","To stall
",gemini/prompt2,0.36111223697662304
beat around the bush,"Enrolar
","To roll
",gemini/prompt1,0.364267170429229
beat around the bush,"""Aos três anos, o meu filho só podia falar em português, porque o meu pai tinha problemas com os estudos"".","""When my son was 3, he spoke only in Portuguese, because my father had difficulties with his studies"".",meta/,0.42691382765769903
beat around the bush,beijar a bunda da galinha,"""kiss the chicken's behind""",mistral/prompt4,0.568786442279815
beat around the bush,Esvaziar linguiça.,"""To empty the sausage.""",gpt/prompt3,0.588858246803283
beat around the bush,Ficar de longe da realidade; evitar abordar um assunto diretamente.,Manter-se a uma distância prolongada da realidade; evitar abordar um assunto em frente.,llama/prompt3,0.6011337041854851
beat around the bush,Andar em tédio,Drudgery,mistral/prompt3,0.63331115245819
beat around the bush,Falar em torno da palha,Talk through a straw,llama/prompt4,0.7166676521301271
beat around the bush,Enrolar.,To wrap up.,gpt/prompt2,0.720149993896484
beat around the bush,Evitar ir direto ao ponto.,Avoid jumping straight to the point.,mistral/prompt1,0.7604324817657471
beat around the bush,"Ficar de rodeios.
",To beat around the bush.,gemini/prompt3,0.7624106407165521
beat around the bush,esticar o ponto,stretch the point,qwen/prompt4,0.7783461809158321
beat around the bush,Palavar a pena.,Rattle the chains.,llama/prompt1,0.780627191066741
beat around the bush,Ficar sussurrando em volta de uma árvore.,To whisper around a tree.,llama/prompt2,0.78063941001892
beat around the bush,Dar voltas.,Go around in circles.,gemma3/prompt3,0.8353409767150871
beat around the bush,"Enrolar a palha.
",To beat around the bush.,gemma3/prompt2,0.8492459058761591
beat around the bush,avoidir o assunto diretamente,"""to skirt around the issue directly""",qwen/prompt3,0.854155659675598
beat around the bush,Perdurar a conversa,Maintain the conversation,mistral/prompt2,0.8734282851219171
beat around the bush,evitar o assunto,avoid the topic,qwen/prompt1,0.8806067705154411
beat around the bush,"Ficar de rodeios
",Beat around the bush,gemini/prompt4,0.9127227067947381
beat around the bush,enrolar o assunto,to beat around the bush,gpt/prompt4,0.916889131069183
beat around the bush,dar voltas ao assunto,beat around the bush,gemmaX/,0.937961935997009
beat around the bush,"Enrolar a palha.
",Beat around the bush.,gemma3/prompt1,0.9422330260276791
beat around the bush,Enrolar a conversa.,Beat around the bush.,gemma3/prompt4,0.9493774175643921
beat around the bush,ir direto ao ponto,get straight to the point,gpt/prompt1,0.9521790742874141
beat around the bush,Dar voltas ao assunto,Beat around the bush,qwen/prompt2,0.9570685625076291
beat around the bush,bater ao redor do arbusto,beat around the bush,marian/,0.9787236452102661
flying by the seat of your pants,nas coxas.,half-baked,gpt/prompt4,0.25372636318206704
flying by the seat of your pants,Vou de avião de mala em mão.,Vou de avião de mala em mão significa andar a pé.,llama/prompt4,0.316497445106506
flying by the seat of your pants,ir na base da sorte,'base the luck',mistral/prompt4,0.38208901882171603
flying by the seat of your pants,De improviso.,Impromptu,gemma3/prompt1,0.39669832587242104
flying by the seat of your pants,Andando no fio da navalha.,Walking a tightrope.,gemma3/prompt3,0.480149269104003
flying by the seat of your pants,tomar decisões com base na intuição,make decisions based on intuition,gpt/prompt2,0.560282707214355
flying by the seat of your pants,vôar sem planoestreio,fly without blueprint,qwen/prompt4,0.661321222782135
flying by the seat of your pants,"Improvisando na hora.
",Improvising on the spot.,gemma3/prompt2,0.6930741071701051
flying by the seat of your pants,Navegando à vista.,Sailing by sight.,gpt/prompt3,0.711714267730712
flying by the seat of your pants,Viver à base de intuição.,Living by instinct.,llama/prompt2,0.7610897421836851
flying by the seat of your pants,De vento no rosto.,Wind in your hair.,gemma3/prompt4,0.7679638266563411
flying by the seat of your pants,"Voando no improviso.
",Taking flight on improvisation.,gemini/prompt3,0.774799346923828
flying by the seat of your pants,agindo por intuição,acting on intuition,gpt/prompt1,0.796099960803985
flying by the seat of your pants,vôando pela bunda do avião,"""flying under the airplane's butt""",qwen/prompt3,0.796913504600524
flying by the seat of your pants,"Voando às cegas.
",Flying blind.,gemini/prompt4,0.798974275588989
flying by the seat of your pants,"Voando no improviso
","Flying by the seat of my pants
",gemini/prompt1,0.8029313683509821
flying by the seat of your pants,"Voando no improviso
","Flying by the seat of my pants
",gemini/prompt2,0.8029313683509821
flying by the seat of your pants,Volejando de acordo com o pano.,Flying according to the wind.,mistral/prompt2,0.832643747329711
flying by the seat of your pants,Voar de pernas ao ar livre.,"""Flying by the seat of your pants.""",llama/prompt3,0.8660451769828791
flying by the seat of your pants,Voar de pernas para o ar.,Flying by the seat of your pants.,llama/prompt1,0.869519770145416
flying by the seat of your pants,Voando pelo assento das calças,Flying through the pants seat,marian/,0.8942108154296871
flying by the seat of your pants,flying by the seat of your pants,flying by the seat of your pants,gemmaX/,0.9001033306121821
flying by the seat of your pants,*A voar pelo assento das tuas calças*,♪ I fly by the seat of your pants ♪,meta/,0.903510689735412
flying by the seat of your pants,'Flying by the seat of your pants' traduz-se para o português como 'Voando pelos fundilhos da calça'.,"Flying by the seat of your pants translates to ""Voando pelos fundilhos da calça.""",mistral/prompt1,0.9041205644607541
flying by the seat of your pants,voando pela brisa das calças,flying by the seat of one's pants,qwen/prompt2,0.9138162732124321
flying by the seat of your pants,"""Pilotando por instinto"".","""Flying by instinct.""",mistral/prompt3,0.9206107854843141
flying by the seat of your pants,voo por conta e risco,flight at your own risk,qwen/prompt1,0.947464346885681
cut the mustard,"Desfrutar do sucesso ou atingir um objetivo, como um corredor que acaba o percurso (ou ""manteve a farinha"" ou fez ""o que deu azar ao pão de farinha"" o que é um jogo de palavras de ""cut the mustard"" (que era uma das variedades de ""cut the cheese"" e que era usado no Século XIX)","""Enjoying success or achieving a goal, like a runner crossing the finish line (or ""staying the cornbread"" or ""making the cornbread's mistake,"" a play on words from ""cut the mustard"" - a variety of ""cut the cheese"" - used in the 19th century).""",llama/prompt3,0.13141511380672402
cut the mustard,"Dar conta do recado
","To deliver the goods
",gemini/prompt2,0.363672316074371
cut the mustard,"Dar conta do recado.
","To deliver the goods.
",gemini/prompt1,0.45061463117599404
cut the mustard,"Não dar a pá de mão.
",Give the cold shoulder.,gemma3/prompt4,0.5729820728302001
cut the mustard,"Fazer a diferença.
",Make waves.,gemini/prompt4,0.575266361236572
cut the mustard,"Fazer sucesso, dar certo.","Landing well, hitting the mark.",llama/prompt4,0.616055190563201
cut the mustard,dar conta do recado,to manage the task,gpt/prompt2,0.6359428167343141
cut the mustard,"""Dar conta do recado""","""Account for the job""",mistral/prompt3,0.6485764980316161
cut the mustard,dar conta do recado,to handle the task,gpt/prompt3,0.650496125221252
cut the mustard,atender às expectativas,meet expectations,qwen/prompt1,0.687590360641479
cut the mustard,atender às expectativas,meet expectations,qwen/prompt3,0.7022547721862791
cut the mustard,Dar a pá de mão.,To throw in the towel.,gemma3/prompt1,0.7077427506446831
cut the mustard,"Satisfazer as expectativas.
",To meet the gaze.,gemini/prompt3,0.7146053910255431
cut the mustard,Dar conta do recado.,To rise to the occasion.,gpt/prompt4,0.723618745803833
cut the mustard,"Não dar conta do recado.
",To miss the mark.,gemma3/prompt3,0.7428231239318841
cut the mustard,Dar conta,Hold up.,mistral/prompt4,0.742830157279968
cut the mustard,atender às expectativas,meet the expectations,qwen/prompt4,0.7455472946166991
cut the mustard,Prove-se útil,"""Turns out to be useful.""",llama/prompt1,0.8064805269241331
cut the mustard,Fazer o trabalho,"""Get the job done""",llama/prompt2,0.826140165328979
cut the mustard,dar conta do recado,to get the message across,qwen/prompt2,0.910452663898468
cut the mustard,"Não corresponder ao padrão.
",Does not match the pattern.,gemma3/prompt2,0.937587618827819
cut the mustard,dar conta da tarefa,Complete the task,mistral/prompt1,0.949545323848724
cut the mustard,"- ""Corta a mostarda""",- Cut the mustard,meta/,0.9873077869415281
cut the mustard,cortar o mustard,Cut the mustard,mistral/prompt2,0.9912000298500061
cut the mustard,cortar a mostarda,cut the mustard,gemmaX/,1.0
cut the mustard,cortar a mostarda,cut the mustard,gpt/prompt1,1.0
cut the mustard,cortar a mostarda,cut the mustard,marian/,1.0
cut the mustardcross that bridge when you come to it,Não se preocupe com isso por enquanto.,Let sleeping dogs lie.,gemma3/prompt4,0.28190255165100103
cut the mustardcross that bridge when you come to it,"*   **Cut the mustard:** ""Estar à altura do desafio"" ou ""Dar conta do recado"".
*   **Cross that bridge when you come to it:** ""Deixar para resolver quando a hora chegar"" ou ""Preocupar-se com isso depois"".
","*   **Cut the mustard:** ""Be up to snuff"" or ""Measure up.""
*   **Cross that bridge when you come to it:** ""Cross that bridge when you get there"" or ""Deal with it later.""",gemini/prompt3,0.29227674007415705
cut the mustardcross that bridge when you come to it,Fazer o que se deve na ocasião adequada.,"""Seja o cavaleiro de sua própria história.""",llama/prompt2,0.298483908176422
cut the mustardcross that bridge when you come to it,"Cut the mustard: fazer a cara certa 
Cross that bridge when you come to it: contemplar o obstáculo quando ele chegar.","Here are the translations:

 ""Cut the mustard"" -> ""Saracinesca cair"" 

""Cross that bridge when you come to it"" -> ""Pular o fosso quando se chegar à ponte.""",llama/prompt4,0.364092171192169
cut the mustardcross that bridge when you come to it,"Cair na real quando a hora chegar.
","Face reality when the time comes.
",gemini/prompt1,0.382713824510574
cut the mustardcross that bridge when you come to it,Cortar a massa (ou dar certo) na ponte quando chegar lá.,"""Corte a massa (ou faça a ligação crucial) na ponte ao chegar lá.""

Alternativa traduzida:

""Conectar os pontos fracos (ou cair em casa) na ponte ao chegar lá.""",llama/prompt3,0.42773774266242903
cut the mustardcross that bridge when you come to it,Passar pelo cut de mostarda quando você chegar nele.,"""Passar pelo cut de mostarda"" traduz-se para inglês como ""to make the mustard cut""",mistral/prompt3,0.43807423114776606
cut the mustardcross that bridge when you come to it,"Não se preocupe com isso, deixe para depois quando precisar.
","Don't worry about it, save it for when you need it.
",gemini/prompt2,0.49415186047554005
cut the mustardcross that bridge when you come to it,"*   **Cut the mustard:** Fazer jus à fama.
*   **Cross that bridge when you come to it:** Deixar para resolver depois.
","*   **Cut the mustard:** Live up to the hype.
*   **Cross that bridge when you come to it:** Deal with that when the time comes.",gemini/prompt4,0.5026920437812801
cut the mustardcross that bridge when you come to it,"Fazer o que é necessário, resolver os problemas conforme eles surgem.","Do the necessary, solve problems as they arise.",llama/prompt1,0.516551911830902
cut the mustardcross that bridge when you come to it,"""dar conta do recado"" e ""resolver o problema quando chegar a hora""","""to handle the job"" e ""to tackle the issue when the time comes""",gpt/prompt4,0.524255752563476
cut the mustardcross that bridge when you come to it,"'cut the mustard' - ter capacidade adequada  
'trace o rio quando você chegar nele' - resolver problemas conforme surgem","""cut the mustard"" - have adequate capability  
""trace the river when you get to it"" - solve problems as they arise",qwen/prompt1,0.645516157150268
cut the mustardcross that bridge when you come to it,"Quando chegar a hora, enfrente o desafio.","When the time comes, face the challenge.",mistral/prompt2,0.6508080959320061
cut the mustardcross that bridge when you come to it,"Não se preocupe com o rio, pule quando chegar na ponte.","Don't worry about the river, leap when you reach the bridge.",gemma3/prompt3,0.668173015117645
cut the mustardcross that bridge when you come to it,"# Cortar a mostarda, passar essa ponte quando chegar lá#",* Cut down on the mustard * * Get past the bridge when I get there *,meta/,0.676656603813171
cut the mustardcross that bridge when you come to it,cruzar o rio quando você vier a ele,Cross the river when you come to it,mistral/prompt1,0.7295260429382321
cut the mustardcross that bridge when you come to it,faça quando for necessário atravessar o rio quando chegar lá,cross the river when you come to it,qwen/prompt3,0.73119831085205
cut the mustardcross that bridge when you come to it,Cortar o caroço e cruzar a ponte quando chegar lá.,"""Cross that bridge when you come to it.""",gpt/prompt3,0.74622368812561
cut the mustardcross that bridge when you come to it,Cruzar o obstáculo quando ele surgir,Overcome the challenge when it arises,mistral/prompt4,0.771195173263549
cut the mustardcross that bridge when you come to it,atender à exigência passar a ponte quando chegar,cross the bridge when you come to it,qwen/prompt4,0.7830075025558471
cut the mustardcross that bridge when you come to it,Resolva isso quando chegar a hora.,Deal with it when the time comes.,gemma3/prompt2,0.8043380975723261
cut the mustardcross that bridge when you come to it,cut the mustardcross that bridge when you come to it,cut the mustardcross that bridge when you come to it,gemmaX/,0.8419313430786131
cut the mustardcross that bridge when you come to it,Lidar com isso quando chegar a hora.,Deal with it when the time comes.,gemma3/prompt1,0.844045877456665
cut the mustardcross that bridge when you come to it,"cortar o queijo, passar a ponte quando chegar a ela","cut the cheese, cross the bridge when you get to it",qwen/prompt2,0.9091382026672361
cut the mustardcross that bridge when you come to it,Corte a cruz de mostarda que ponte quando você chegar a ela,Cut the mustard cross that bridge when you get to it,marian/,0.9103281497955321
cut the mustardcross that bridge when you come to it,"cortar a mostarda, cruzar essa ponte quando chegar nela","""Cut the mustard, cross that bridge when you come to it.""",gpt/prompt1,0.9268476963043211
cut the mustardcross that bridge when you come to it,cortar a mostarda cruzar essa ponte quando chegar lá,"""Cut the mustard, cross that bridge when you get there.""",gpt/prompt2,0.9459072351455681
