ingles_original,portugues_traduzido,ingles_traduzido,label,ROUGE,BLEU,BERTSCORE,BLEURT,COMET22,KIWI-XL,XCOMET-XL,Soma_ranking
Netanyahu Ditches US Jews For Alliance With Christian Evangelicals And The Alt-right – Countercurrents,Netanyahu Abandona Judeus Americanos por Aliança com Evangelistas Cristãos e a Direita Radical – ContraCorrentes,Netanyahu Deserting American Jews for Evangelical Christian and Radical Right Alliance – Countercurrents,0,181,752,1039,1835,1832,1255,1840,8734
Texas: Muslim who joined ISIS first became religious and started spending more time at the mosque,Texas: Musulmano que se juntou ao ISIS primeiro se tornou religioso e passou a frequentar mais o mosque.,Muslim from Texas who joined ISIS first became religious and started visiting the mosque more.,0,94,165,656,634,454,413,149,2565
Al Gore Joins Forces With John Kerry’s Wife To Recruit Climate Warriors,Al Gore se une às forças com a esposa de John Kerry para recrutar guerreiros do clima.,Al Gore joins forces with John Kerry’s wife to recruit climate warriors.,0,1,752,34,28,795,593,184,2387
Handling of Police Killing Spurs Grand Jury Inquiry Into Prosecutor,"""Gerenciamento da Matança Policial Acontece Grande Inquérito ao Promotor""","""Police Slaughter Management Takes Place Big Inquiry to Prosecutor""",0,293,752,2333,2403,2107,2203,2305,12396
Congress's DACA Bill Must Reflect Will of the People,O projeto de lei do DACA de Congress deve refletir a vontade do povo.,"""The DACA bill in Congress should reflect the will of the people.""",0,124,752,994,511,987,816,1,4185
Bernie Sanders Just Gave His Best Speech in 2 Years,Bernie Sanders acabou de fazer seu melhor discurso em dois anos,Bernie Sanders just delivered his finest speech in two years.,0,100,752,281,264,339,53,86,1875
"Recreational Marijuana Is Reversing the Opioid Crisis in Colorado, Study Suggests","""Cannabis Recreativo Está Invertendo a Crise dos Opioides em Colorado, Sugere Estudo""","""Cannabis Recreativo Está Invertendo a Crise dos Opioides em Colorado, Sugere Estudo""",0,375,752,2513,2487,933,2567,2161,11788
"Understand the Philipppines, and you understand the new multipolar world order","Conheça as Filipinas, e você entenderá a nova ordem multipolar.","Discover the Philippines, and you'll understand the new multipolar order.",0,85,507,1616,2215,1307,446,55,6231
"Lead BLM Investigator Blows Whistle, Exposes Government Conspiracy Against The Bundy Family","""Investigador-chefe do BLM apita e expõe a conspiração do governo contra a família Bundy""","""Lead BLM investigator whistles and unmasks government conspiracy against the Bundy family""",0,74,752,955,1066,2045,1364,1361,7617
Not Good: Airforce is preparing B-52's to return to 24 hr alert.,Não Boa: As Forças Aérea estão preparando B-52s para retornarem ao alerta 24 horas.,'Bad News: Air Forces are getting ready to bring B-52s back to 24-hour alert.',0,312,752,1519,939,880,911,964,6277
Newspeak! U.N. now calls abortion part of basic 'right to life',A N.U. agora classifica aborto como parte do direito básico de 'vida'.,"""The N.U. now categorizes abortion as part of the fundamental 'right to life'.""",0,139,752,1843,1256,561,410,827,5788
Crime drops in Phoenix after city drops sanctuary city status,"""Dropping Crime in Phoenix After the City Drops Sanctuary City Status""

""Crimen despencando em Phoenix após a cidade cancelar o status de santuário""","""Dropping crime in Phoenix as the city drops sanctuary city status""",0,68,373,975,1319,893,2132,1654,7414
In case you forgot: Donald Trump still has the 'nuclear football',caso você tenha se esquecido: Donald Trump ainda tem o 'código nuclear',"""Just in case you've forgotten: Donald Trump still has the 'nuclear button'.""",0,73,294,1056,1929,1165,1545,1850,7912
Federico Pieraccini. Saudi-Israeli Friendship Is Driving the Rest of the Middle East Together. Strategic Culture Foundation. Оn-line journal,A amizade entre a Arábia Saudita e Israel está unindo o restante do Oriente Médio.,"""The friendship between Saudi Arabia and Israel is bridging the rest of the Middle East.""",0,220,732,2262,1982,2358,555,2368,10477
Blog: The avalanche begins: Turkey dumps Paris Accord following US,Avalanche começa: A Turquia abandona o Acordo de Paris após os EUA,"""Turkey pulls out of the Paris Agreement as the US steps back, triggering an avalanche.""",0,318,752,2323,2200,1928,1843,1340,10704
How credit scoring by companies like Equifax reinforce racial and class inequality,Como a classificação de crédito por empresas como a Equifax reforça a desigualdade racial e de classe.,"""As the credit rating assigned by companies like Equifax amplifies racial and class disparities.""",0,139,620,1133,1722,994,1039,913,6560
This VC firm just wrote one of the most spot-on articles about Seed financing mistakes,This VC firm just wrote one of the most spot-on articles about Seed financing mistakes.,"'This VC firm just wrote one of the most spot-on articles about Seed financing mistakes.' traduzido literalmente é: 'Essa empresa de capital de risco escreveu um dos artigos mais precisos sobre erros de financiamento em semente.'

No entanto, para manter o sentido metafórico original, a tradução pode ser: 'Essa empresa de capital de risco criou um artigo sem erros sobre erros de financiamento em semente.'",0,260,694,2453,2249,2487,2111,2244,12498
Texans Owner Called Protesters 'Inmates' — Now Look What They Did in Retaliation,Texanas Owner Called Protesters 'Presos' — Now Look What They Did in Retaliation,'Texans' Owners Labelled Protesters 'Caged' — Now Look What They Did in Retaliation',0,74,164,586,1763,1297,2518,2138,8540
"E.J. Dionne Challenges John McCain to Kill the GOP Tax ""Reform"" Giveaway to The Rich.","E.J. Dionne Desafia John McCain a 'Enforcar' a 'Reforma' Fiscal do GOP 'Reforma' Fiscal do GOP, um 'Lance para os Ricos'.",E.J. Dionne Challenges John McCain to 'Hang' the 'GOP Tax Reform' a 'Giveaway for the Rich'.,0,33,255,395,1145,2149,2503,2271,8751
"‘Liberal’ Washington Post: $$15/hour minimum wage will put people out of work, hurt poorest people","$$15/hour mínimo salarial levará as pessoas ao desemprego, prejudicará as pessoas mais pobres","$15/hour minimum wage will push people into unemployment, hurt the poorest people.",0,136,366,1307,1757,1555,956,1598,7675
Trump meet Carmen Yulin Cruz in Puerto Rico slams him for lying about hurricane.,Trump encontra Carmen Yulin Cruz em Puerto Rico e a confronta por mentir sobre o furacão,"""Trump meets Carmen Yulin Cruz in Puerto Rico and confronts her over lying about the hurricane""",0,113,409,1392,1161,1071,818,870,5834
"REVEALED=> NFL Kneeler Colin Kaepernick Donated $$25,000 to Cop Killer Fund","REVEALED=> NFL Kneeler Colin Kaepernick Donated $$25,000 to Cop Killer Fund. Tradução: REVELAÇÃO=> Jogador da NFL Colin Kaepernick Doou R$25.000 para um Fundo de Assassino de Policial.","REVEALED => NFL Kneeler Colin Kaepernick Donated $$25,000 to Cop Killer Fund. Translation: REVEALED => NFL Kneeler Colin Kaepernick Donated R$25,000 to Cop Killer Fund.",0,129,248,881,1188,1626,2024,1984,8080
New Report Destroys Fabricated Myth of Syria’s ‘White Helmets’,Relatório Novo Destrói Mito Falsificado dos 'Capeleiros Brancos' da Síria,"""New Report Destroys Mythical Falsification of 'White Knights' from Syria""",0,196,752,1965,1744,1281,1713,1950,9601
Vice President Pence Makes Case for Healthcare Repeal Bill in Kentucky,Vice-Presidente Pence Defende a Revogação do Projeto de Lei de Saúde no Kentucky,"""VP Pence Defends Scuttling Healthcare Bill in Kentucky""",0,187,752,1977,1858,1783,1742,1500,9799
"Bitcoin Price Will Hit $1 Million, Says Social Capital Founder","Bitcoin Price Will Hit $1 Million, Says Social Capital Founder — Preço do Bitcoin Vai Atingir $1 Milhão, Diz Fundador da Social Capital","Bitcoin price will strike $1 million, says Social Capital founder — Bitcoin's price will reach $1 million, says Social Capital founder",0,158,752,461,724,973,1576,1169,5813
YAAAS: Susan Sarandon just dropped a seriously PAINFUL truth-hammer on Hillary Clinton,Susan Sarandon acaba de jogar um verdadeiro martelo-verdade doloroso na Hillary Clinton.,"""Susan Sarandon has just thrown a painful truth-hammer at Hillary Clinton.""",0,89,752,1372,1959,1218,1672,1052,8114
"We Hear You: A Thoughtful, Informative Chat With Trump Champion Sebastian Gorka",Ouvimos Você: Uma Conversa Informativa e Reflexiva com o Campeão de Trump Sebastian Gorka,"""Hear You: An Informative and Reflective Conversation with Trump's Champion Sebastian Gorka""",0,122,752,709,1105,1374,2049,1931,8042
"After Coup, Even Mugabe’s Own Party Is Dumping Him","Depois do Golpe, Mesmo o Próprio Partido de Mugabe está Desligando-o.","""After the Coup, Even the Own Party of Mugabe is Disconnecting Him.""",0,124,752,1570,1706,1645,1548,1563,8908
Can Classical Music Take a Joke? A Violinist Is Shredded,A música clássica pode pegar uma piada? A violinista é desmanchada.,Classical music can take a joke? The violinist is torn apart.,0,113,752,858,614,2439,2174,1170,8120
US attorney general Jeff Sessions due to face Democrats’ Russia questions next week,Procurador-geral dos EUA Jeff Sessions devido enfrentar perguntas sobre Rússia dos democratas na próxima semana,U.S. Attorney General Jeff Sessions faces questioning from Democrats next week about Russia,0,189,752,1940,1197,763,1205,413,6459
How To Totally OWN Walking Down Dark Laneways At Night,Como Dominar Andando em Ruas Escondidas à Noite,Mastering Hidden Streets by Night,0,360,752,2352,2451,2197,2193,1731,12036
"‘You imbeciles’! Yahoo News tries to paint GOPer Ed Gillespie as racist, fails MISERABLY",'Você é um imbecil',You are an idiot.,0,367,752,2530,2475,2456,4,2457,11041
Trump Must Embrace His Revolutionary Self Or Politically Perish,Trump Precisa Abraçar Seu Eu Revolucionário Ou Políticamente Envelhecer,"""Trump needs to embrace his revolutionary'self' or politically grow old.""",0,99,752,1515,1440,2080,1325,1604,8815
NBA coach Popovich lambastes ‘unfit’ Trump as a ‘soulless coward’ for not calling families of slain soldiers,'Mandou ver',''To give it to him' or 'to show him who is boss'',0,391,752,2531,2583,2579,2451,2480,13767
Judge Not Inclined to Reinstate Trump Sanctuary Cities Order,"""Não Inclinado a Restaurar as Cidades-Santuário da Ordem do Donald Trump""","""Not Predisposed to Restore the Shrines of the Order of Donald Trump""",0,303,752,2340,2393,2480,2429,2374,13071
Samsung rolled out Bixby to more than 200 countries worldwide,"""Samsung estendeu Bixby para mais de 200 países ao redor do mundo.""",Samsung has stretched Bixby to over 200 countries around the world.,0,210,752,907,983,411,150,475,3888
Rand Paul and John McCain Might Have Killed the GOP’s Obamacare Repeal Bill,"""Rand Paul e John McCain podem ter dado o golpe de misericórdia no projeto de lei do GOP para a derrubada da Obamacare.""","""Rand Paul and John McCain may have dealt the knockout blow to the GOP's bill to repeal Obamacare.""",0,144,668,1049,1371,1968,1731,1166,8097
UFC enters sponsorship deal with Modelo to expand brand in consumer market,MMA celebra acordo de patrocínio com Modelo para expandir marca no mercado consumidor,"""MMA signs sponsorship deal with Model to boost brand in consumer market.""",0,113,555,766,1522,946,1322,2170,7394
Why Jeff Bezos Barely Made Harvard’s 2017 Top 100 CEOs List,Por que Jeff Bezos Malquisto no Top 100 CEOs 2017 de Harvard,"""Why Jeff Bezos Didn't Make the Top 100 CEOs in 2017 Harvard List""",0,181,752,911,896,672,2115,1308,6835
Actress Marla Adams shows her amazing range on 'The Young and the Restless',Atriz Marla Adams revela seu incrível espectro em 'The Young and the Restless','Actress Marla Adams Unveils Her Spectacular Range in 'The Young and the Restless',0,64,373,399,1209,1294,1643,1316,6298
Michael Moore Takes His Broadway Audience on Buses to Protest Trump,"""Michael Moore leva seu público do teatro de Broadway em ônibus para protestar contra Trump""","""Michael Moore takes his audience from a Broadway theater in a bus to protest Trump""",0,139,752,1043,665,1230,582,653,5064
[WATCH] FAKE NEWS: MSNBC Lies About Hero Who Stopped Texas Church Mass Shooting,[ESPIONAGEM] NOTÍCIAS FALSAS: MSNBC MENTE SOBRE HEROI QUE PAROU MASSACRE EM IGREJA TEXANO,'SPY NEWS: MSNBC LIES ABOUT HERO WHO STOPPED MASSacre IN TEXAN CHURCH',0,122,752,1435,1675,2299,2073,2211,10567
Trump's extremist appointees are turning Health and Human Services into an evangelical crusade,Trump's extremist appointees are turning Health and Human Services into an evangelical crusade,'Trump's extremist appointees are turning Health and Human Services into an evangelical crusade',0,1,15,74,58,130,2582,316,3176
Military Demands Tougher Immigration Controls As Terrorists Ravage Filipino City,"""Exigências Militares Impõem Medidas Mais Rigorosas de Imigração à Tão Violência de Terroristas em Cidade Filipina""","""Tough Military Demands Tighten Harsh Immigration Controls Amid Fears of Terrorist Violence in Filipino City""",0,207,752,1873,930,1812,2161,2224,9959
Trump Thanks Putin for Slashing US Embassy Staff: ‘It Cut Our Payroll’,Trump agradece a Putin por cortar o efetivo da embaixada americana: 'Reduziu nosso custo operacional'.,Trump thanks Putin for reducing the US embassy staff: 'Reduced our operating costs.',0,122,752,1391,595,1818,493,1010,6181
Ninth Circuit Delivers Trump Admin. a Setback on Travel Ban Executive Order Before Supreme Court Hearing,"A Ninth Circuit delivers a setback to Trump admin. on travel ban exec. order before SC hearing.

A nona circuits delivery um contratempo ao governo Trump sobre a ordem executiva de proibição de viagens antes da audiência no tribunal supremo.","""The Ninth Circuit dealt a blow to the Trump administration on its travel ban exec. order before the Supreme Court hearing.""",0,149,752,2051,2072,2295,2113,1711,11143
What factors are affecting the strength of competition in Global Dermatology Drugs Market? What will be the size of the Dermatology Drugs Market in 2024?,Quais são os fatores que estão influenciando a intensidade da competição no mercado global de medicamentos dermatológicos? Quanto será o tamanho do mercado de medicamentos dermatológicos em 2024?,"""Which factors are driving the intensity of competition in the global market for dermatological medications? What will be the size of the dermatological medications market in 2024?""",0,103,392,207,441,892,505,604,3144
President Donald J. Trump Announces Ninth Wave of United States Attorney Nominations and Third Wave of United States Marshal Nominations,President Donald J. Trump Anuncia Nonasonda Wave de Nominations de Procuradores dos Estados Unidos e Três Vaga Wave de Nominations de Marshais dos Estados Unidos,'Nonasonda Wave of Nominations of Prosecutors of the United States and Three Vaga Wave of Nominations of Marshals of the United States' is 'Nonasonda Wave of Nominations of Prosecutors of the United States and Three Vaga Wave of Nominations of Marshals of the United States',0,294,752,2421,2383,2538,2522,2489,13399
Cartoon: Donald Trump sweeps the Fake News Awards nominations,Donald Trump varre as indicações aos Prêmios da Notícias Falsas.,'Donald Trump sweeps up the misinformation awards.',0,132,752,2106,1942,1729,2092,1738,10491
NFL: Steelers' David DeCastro slams his team over Jaguars' loss,"""David DeCastro da equipe dos Pittsburgh Steelers critica duramente a equipe pelos resultados decepcionantes contra os Jaguars.""","""David DeCastro da equipe dos Pittsburgh Steelers criticou duramente a equipe pelos resultados decepcionantes contra os Jaguars.""",0,326,752,2494,2458,1764,2432,1469,11695
How Pentagon Officials May Have Encouraged a 2009 Coup in Honduras,Como oficiais do Pentágono podem ter incentivado um golpe de 2009 em Honduras,"""Like Pentagon officials may have fueled a 2009 coup in Honduras.""",0,45,752,572,2011,1870,2219,1766,9235
NSA quietly removes ‘honesty’ from its stated ‘core values’,'A NSA silenciosamente remove a 'honestidade' de seus 'valores centrais',The NSA silently removes the 'truth' from its 'core values'.,0,129,752,1650,629,1132,739,366,5397
A Reporter’s East Africa File Cabinets Yield Untold Stories,Arquivos de Cabinets de uma Reportera de África Oriental Renderem Contos Inexplicáveis,Files of East Africa Cabinet Diaries Yield Enigmatic Tales,0,293,752,2023,1317,1880,2005,2136,10406
Hawaii gov sheepishly explains why he didn’t retract the fake missile alert sooner,"O Governo de Hawaii, envergonhadamente, explicou por que ele não havia retirado o alerta falso de mísseis antes.","The Hawaii Government, blushing, explained why it hadn't withdrawn the false missile alert earlier.",0,247,752,2222,1751,1433,611,1079,8095
Defense Secretary James Mattis Delivers Statement on North Korea…,Defesa do Secretário James Mattis Entrega Declaração sobre a Coreia do Norte…,Defense of Secretary James Mattis Hands Out Declaration on North Korea,0,99,752,1080,1548,2050,1944,1371,8844
"Despite Not Being President, Obama Takes Leader Role In Washington D.C. Visit…","Obama Assume Cargo de Líder no Senado, Mesmo sem Ser Presidente","Obama Assumes Senate Leadership Post, Even Without Being President",0,341,752,2214,2082,1963,921,1392,9665
Trump administration prepares to rob women of free birth control provided by health insurance,"""Governo Trump prepara-se para roubar mulheres do controle de natalidade gratuito fornecido pelo seguro saúde.""","""Trump administration sets out to steal birth control from women's free health care.""",0,238,752,1591,1382,1262,1204,465,6894
Release of Apple iPhone X leads to reduce shipping orders of iPhone 8,Soltar o iPhone X do iPhone 8,Loosen the iPhone X from the iPhone 8,0,263,752,2055,2328,2508,2037,2173,12116
VA-Sen: Tim Kaine (D) Refuses To Let Congress Help Trump Destroy The Iran Nuclear Deal,VA-Sen: Tim Kaine (D) se recusa a permitir que o Congresso ajude Trump a destruir o acordo nuclear iraniano.,"""VA-Sen: Tim Kaine (D) refuses to let Congress aid Trump in shattering the Iran nuclear deal.""",0,33,476,272,169,842,472,241,2505
Women’s March co-president responds to apologist for white nationalist patriarchy who questioned group’s ties,Presidenta-co do Women's March responde ao apologista do patriarcado racista que questionou os laços do grupo.,The Presidentess of the Women's March responds to the patriarchy's racist apologist who queried the group's connections.,0,201,752,1767,1716,1872,1775,1962,10045
Doughnut shop blasted over charity drive for needy family — because it asked Salvation Army to help,"""Loja de Donuts detonada em campanha para família necessitada — porque ela pedira ajuda à Salvação Army.""","""Bakery of donuts blasted in campaign for needy family — because it had requested aid from the Salvation Army.""",0,214,553,1797,2030,2008,1403,1870,9875
The Yankees Absolutely Own the Twins in the Postseason,Os Yankees Dominam Completamente os Twins na Postseason,The Yankees Overpower the Twins in the Postseason,0,42,138,353,1124,856,1367,796,4676
Nevada uprising leader Ryan Bundy vowed ‘whatever it takes’ to stop government,"""Ryan Bundy, líder do levante de Nevada, prometeu 'fazer o que for necessário' para parar o governo.""","Ryan Bundy, leader of the Nevada uprising, has promised to 'do whatever is necessary' to stop the government.",0,254,752,1954,440,730,301,295,4726
John McCain Goes ‘Maverick’ Again; Makes Anti-Trump Military Announcement Like A Real Leader,John McCain Volta a Ser 'O Maverick'; Faz Anúncio Contra Trump no Exercito como Um Verdadeiro Líder,'John McCain Makes a Comeback as 'The Maverick'; Makes an Announcement against Trump in the Army as a True Leader',0,249,752,1973,1204,1858,1885,1397,9318
Fox News allegedly published a fake article in favor of Trump,Fox News supostamente publicou um artigo falso em apoio a Trump,Fox News allegedly published a false article to support Trump,0,113,291,156,133,41,74,1,809
"Gaffney: On North Korea, ‘Strategic Patience’ Has Enabled Strategic Blackmail",'Paciência Estratégica' tem Permitido a chantagem Estratégica.,Patience and Strategic Foresight have Enabled Strategic Coercion.,0,287,752,2332,2075,2242,1436,2300,11424
These activists predicted Houston flooding catastrophe. Will politicians listen now?,Esses ativistas profetizaram a catástrofe das enchentes em Houston. Agora os políticos vão ouvir?,'These activists prophesied the flood catastrophe in Houston. Will politicians now listen?',0,177,752,873,485,609,565,131,3592
Photogallery - Friend of Joy-Anna Duggar reveals shocking secret about her pregnancy,Galeria de Fotos - Amigo da Joy-Anna Duggar revela segredo impactante sobre sua gravidez,"""Gallery of Photos - Friend of Joy-Anna Duggar reveals astonishing secret about her pregnancy""",0,65,193,551,1228,600,635,490,3762
"Defends Fox News in fact-free tweetstorm, rips CNN for pushing fake news","Protege Fox News em tuite sem informação, rasga CNN por empurrar notícias falsas.","""Tweet in support of Fox News without fact-checking, tear down CNN for peddling fake news.""",0,205,752,1885,1956,1850,2081,1871,10600
"Paris ‘March for Life’ Draws 40,000 in Protest Against Legal Abortion","""Paris Marcha pela Vida Atrai 40.000 em Protesto contra Aborto Legal"".","""Paris Marches for Life Draws 40,000 in Protest Against Abortion Legality"".",0,37,453,620,567,512,735,1384,4308
Hogue Announces Their Fixed Magazine Solution: The Freedom Fighter,"""Hogue announces their fixed magazine solution: The Freedom Fighter"" traduzido para o português fica:

""Hogue anunciam sua solução de revista fixa: O Lutador pela Liberdade""","""Hogue announce their fixed magazine solution: The Freedom Fighter""",0,21,598,213,379,1314,1136,1567,5228
What Christian Artifacts of the Middle East Can Show Us About Tolerance,"What Christian Artifacts of the Middle East Can Show Us About Tolerance pode ser traduzido para o português como:

Quais Objetos Cristãos do Oriente Médio Podem nos Ensinar sobre Tolerância","""Quais Objetos Cristãos do Oriente Médio Podem nos Ensinar sobre Tolerância'",0,391,752,2572,2472,1933,1082,1267,10469
Corruption Inquiry Draws Nearer to Former Chinese Prime Minister,Investigação de Corrupção Se Aproxima do Ex-Primeiro-Ministro Chinês.,Corruption Probe Nears Ex-Chinese Prime Minister.,0,196,752,1390,1538,2274,1503,1436,9089
WaPo: Russians Used Facebook 'Retargeting' Tool to Mess with 2016 Election,Russians Used Facebook 'Retargeting' Tool to Mess with 2016 Election, Russians Leveraged Facebook's 'Retargeting' Tool to Tamper with 2016 Election,0,85,752,571,924,261,2496,1446,6535
"To Pay for Wall, Trump Would Cut Proven Border Security Measures","""Para pagar pelo muro, Trump cortaria medidas comprovadas de segurança na fronteira.""","""To pay for the wall, Trump would cut proven security measures at the border.""",0,51,752,726,368,529,75,31,2532
"Sen. Ron Johnson: Media, Dems Are Sabotaging Trump Administration",Parlamentar Ron Johnson: Mídia e Demônios estão sabotando a administração Trump.,Parlamentar Ron Johnson: Media and Demons are sabotaging the Trump administration.,0,99,621,1724,1850,1751,763,1539,8347
Pokemon Go' APK update reveals major boost to 'Pokemon Go Plus device,O APK update revela um aumento significativo para o dispositivo 'Pokemon Go Plus'.,"""An APK update exposes a substantial boost for the 'Pokémon Go Plus' device.""",0,218,752,1438,998,1312,615,601,5934
North America Occupied the Global Self-Driving Car Market with The Foremost Market Share,América do Norte Ocupou o Mercado Global de Carros Autônomos com a Maior Parte do Mercado.,North America Seized the Global Automated Car Market with the Largest Share of the Market.,0,136,752,782,1320,1304,1980,1944,8218
or Why Tax Cuts for Wealthy Corporations Won't Create Jobs,Por que cortes de impostos para grandes corporações não criarão empregos,"""Por que cortes de impostos para grandes corporações não criarão empregos"" se traduz para o inglês como:

""Why tax cuts for big corporations won't create jobs""",0,237,752,2395,2325,2309,2032,1207,11257
Sessions outlines millions in grant funding sanctuary cities will lose this year,"""Esboços de sessões que resultaram em milhões em financiamento de subvenções que as cidades de refúgio perderão este ano.""","""Sketchy sessions yielding millions in grants that haven't quite fallen into the safekeeping of sanctuary cities this year.""",0,226,752,2265,2347,2495,2381,2446,12912
A Strongman Nicknamed ‘Crocodile’ Is Poised to Replace Mugabe,'Um peso-pesado conhecido como 'Crocodilo' está pronto para substituir Mugabe.',"""A heavyweight known as 'Crocodile' is ready to replace Mugabe.""",0,129,752,1626,1163,1259,939,763,6631
‘What is this crap’? Gun-grabbing ass David Frum just slammed MILLIONS of Americans,Qual é essa merda?,"""What the fuck?""",0,366,752,2539,2578,2539,1481,2452,12707
Stunning Interactive 3-D Graphic Tells 2016 Election Story in A Single Image…,"""Gráfico Interativo em 3D, de Impacto Estrelado, Conta a História da Eleição de 2016 em uma Imagem Sola…""","**""Interactive 3D Star-Shower Graph, Revealing the 2016 Election's Tale in a Single Sight...""**",0,238,752,2310,2124,1962,1746,2245,11377
University of Missouri struggles to recruit students two years after protests about racial injustice,Universidade do Missouri enfrenta dificuldades para atrair estudantes dois anos após protestos sobre injustiças raciais.,The University of Missouri is facing challenges in attracting students two years after protests over racial injustices.,0,157,495,698,307,194,300,1,2152
"Sean Hannity Teases ""HUGE ANNOUNCEMENTS Tonight"" -- Involves Bill O'Reilly!","""Sean Hannity Teases 'GRANDE ANUNCIOS Hoje' -- Involves Bill O'Reilly!""

(Fonte: ""HUGE ANNOUNCEMENTS Tonight"" -- Involves Bill O'Reilly)","'""Sean Hannity Teases 'HUGE ANNOUNCEMENTS Tonight' -- Involves Bill O'Reilly!""",0,1,295,285,199,252,1805,1314,4151
America lifts ban on import of elephant trophies from Africa,“América levanta a proibição à importação de troféus de elefantes da África.”,"""America lifts the ban on importing elephant trophies from Africa.""",0,50,528,557,167,83,256,1,1642
REAL GHOST CAUGHT ON TAPE {Most Scary Ghost Video Busted},REAL GHOST CAUGHT ON TAPE {Most Scary Ghost Video Busted},REAL GHOST CATCHED ON TAPE {Most Terrifying Ghost Video Exposed},0,100,460,93,715,967,2483,1149,5967
"In the Saudi Desert, World’s Business Leaders Follow the Money","No deserto saudita, os líderes do mundo seguem o dinheiro.","In the Saudi desert, the world's leaders follow the money.",0,15,752,288,206,1398,884,797,4340
Los Angeles Philharmonic Finds Its Next Leader in Seattle,"""Orquestra Filarmônica de Los Angeles Encontra Seu Próximo Líder em Seattle""","""Los Angeles Philharmonic Orchestra Finds Its Next Leader in Seattle""",0,7,130,372,161,89,154,259,1172
GOP Governor stiffs hamburger joint; tosses bill in garbage,Governador arremessa o cheque no lixo.,"""Governador throws the check in the trash.""",0,363,752,2434,2387,2399,1254,2241,11830
Trump just SAVED America From The Disastrous Paris Climate Treaty Fraud,Trump just SALVOU os Estados Unidos da Fraude do Tratado de Paris do Clima Desastroso.,'Trump just SAVED the United States from the Paris Climate Treaty Catastrophe.',0,101,752,922,630,1572,1501,390,5868
How Edie Windsor Championed Gay Rights: ‘She Was Everywhere’,Como Edie Windsor Defendeu os Direitos Gays: ‘Ela Estava em Todos os Lugares’.,"""How Edie Windsor Defended Gay Rights: 'She Was Everywhere'""",0,21,752,519,341,58,602,404,2697
‘Despicable’: Editorial cartoonist sinks to NEW ‘new low’ to link NRA to terrorists,"""Ilustração do cartoonista atinge novo 'próximo nível' para ligar NRA a terroristas""",Illustration by cartoonist reaches 'next level' to link NRA to terrorists,0,197,489,2091,2284,2071,653,2012,9797
Can the Obama Birth Certificate Issue Reach the Mainstream? -,'A questão do certificado de nascimento de Obama pode chegar ao mainstream?',"""The question of Obama's birth certificate could go mainstream?""",0,187,752,2111,1314,1930,1233,773,8300
Dark Storm Industries Drops Featureless DS-10 Typhoon in 6.5 Creedmoor,Tempest Indústrias Dark - Recursos DS-10 Furacão em 6.5 Creedmoor,"""Hurricane Industries Dark - DS-10 Resources, 6.5 Creedmoor""",0,160,752,1951,2440,2478,2038,2259,12078
Heroic Man Turns Flight Delay Into Airport Wide Karaoke Session,Homem Heroico Transforma Atraso de Voo em Sessão de Karaoke Aeroporto Todo,The Heroic Man Turns Flight Delay Into Airport Karaoke Session,0,17,36,77,526,155,1763,1251,3825
"Umm, NO: Alyssa Milano triggers avalanche of reality checks for claiming Obama killed Bin Laden",Alyssa Milano desencadeia um alçapão de reality checks pela declaração de que Obama matou Bin Laden.,Alyssa Milano triggers a reality-check trap by declaring that Obama killed Bin Laden.,0,173,634,1765,1273,1453,1577,1641,8516
Silicon Valley’s Peter Thiel Finally Cuts Ties with Y Combinator,Peter Thiel Finally Cuts Ties with Y Combinator,"""Peter Thiel Finally Drops Y Combinator.""",0,153,752,2213,2263,1501,2131,1277,10290
‘What a scumbag’! Dem Rep. Seth Moulton proudly disrespects #Vegas shooting victims,Que sujeitinho.,"""a little creep""",0,360,752,2529,2576,2587,2456,2467,13727
"West Point Cadet, Simone Askew, Breaks a Racial and Gender Barrier","Cadete de West Point, Simone Askew, quebra barreiras raciais e de gênero.",West Point cadet Simone Askew shatters racial and gender barriers.,0,68,752,452,276,570,82,615,2815
Photogallery - Cody Nickson fights his way back into the 'Big Brother' 19 house,Galeria de Fotos - Cody Nickson reconquista seu espaço no 'Big Brother' 19,**Photo Gallery - Cody Nickson regains his place in Big Brother 19**,0,197,752,2216,1285,1957,845,921,8173
"AT LAST: Illegal Immigrant Deported 20 Times Sexually Assaults Woman, Finally Gets Hit Back By Karma","Por fim, o ilegal deimigrado foi deportado 20 vezes, assediou sexualmente uma mulher e finalmente recebeu o troco do destino.","Finally, the illegal immigrant was deported twenty times, sexually harassed a woman, and finally got his just desserts from fate.",0,258,752,2290,2353,2504,2046,2107,12310
Liberal German Catholic Church Takes in Record $7.1 Billion in 2017 Tax Revenues,Igreja Católica Liberal Alemã Arrecada 7.1 Bilhões de Dólares em 2017,'Elephant Catholic Church Collects 7.1 Billions in 2017',0,188,752,2172,2421,2134,2165,2411,12243
Fox host shuts down BLM supporter over 10 requests for white people: ‘Textbook definition of racism’,'Fox host desliga apoiador do BLM após 10 solicitações para pessoas brancas: ‘Defineção text-book de racismo’',Fox host drops BLM supporter after 10 requests for white people: 'Classic definition of racism',0,62,303,725,1497,1371,1664,1857,7479
Game of Thrones: a new theory by a Redditor shakes the whole fandom,"Traduzir Game of Thrones: a new theory by a Redditor shakes the whole fandom para o português:

Um Reddit está agitando o fandom todo: uma teoria nova em ""Game of Thrones"".","Um Reddit está agitando o fandom todo: uma teoria nova em ""Game of Thrones"".",0,326,752,2479,2442,2105,2148,1778,12030
Coughlin to Raise Funds for Democrats in Battleground Districts,Pegar Coughlin para Arrecadar Fundos para Democratas em Distritos de Decisão,'Catch Coughlin for Fundraising for Democrats in Key Districts',0,170,752,1736,2089,1981,2218,2110,11056
"How Patrick Willingham, of the Public Theater, Spends His Sundays","Como Patrick Willingham, do Public Theater, Gasta Seus Domingos","""Patrick Willingham of Public Theater Spends His Sundays""",0,20,752,705,1147,2240,2439,1178,8481
Dragon Ball Super' Episode 118 photos leaked show Goku regained his strength,"""Fotos vazadas do episódio 118 de Dragon Ball Super mostram Goku recuperando sua força.""","""Leaked photos of Dragon Ball Super Episode 118 reveal Goku reclaiming his power.""",0,167,752,1285,817,332,395,319,4067
Journalist Who Uncovered Russia's Antigay Persecution Shockingly Dies at 52,Jornalista que Revelou Perseguição Antigay da Rússia Morre Repentinamente aos 52.,Repórter que Desvendou Perseguição Antigay da Rússia Morre Abruptamente aos 52,0,348,752,2503,2516,923,1486,1681,10209
The Cold War Meets ‘Romeo and Juliet’ at a Festival for Musicals,A Guerra Fria Encontra 'Romeu e Julieta' em um Festival de Musicais,"""The Cold War Meets 'Romeo and Juliet' in a Musical Festival""",0,59,603,1212,805,567,33,770,4049
How Russia Recruited George Papadopoulos to Penetrate the Trump Campaign,Como a Rússia recrutou George Papadopoulos para infiltrar a campanha de Trump,"""Como a Rússia recrutou George Papadopoulos para infiltrar a campanha de Trump"" em inglês fica:

""How Russia recruited George Papadopoulos to infiltrate Trump's campaign.""",0,236,752,2104,2110,2072,648,1147,9069
SF Legislation Aims to Save Cultural Enclaves from Gentrification,Legislação de São Francisco visa salvar enclaves culturais do gentrificação,"""São Francisco's legislation aims to preserve cultural enclaves from gentrification""",0,113,752,1041,1401,982,1336,1143,6768
Valeant Pharma nudges higher as billionaire investor joins board,Valent Pharmaceutical empurra os lucros para cima com a adição de um bilionário ao conselho.,"""The addition of a billionaire to the board propels Valent Pharmaceutical's profits higher.""",0,345,752,2419,1701,1716,693,1320,8946
Mueller finds that Manafort has three passports — and poses a ‘serious flight risk’,Mueller descobre que Manafort possui três passaportes — e representa um risco sério de fuga.,Mueller uncovers that Manafort holds three passports — posing a serious flight risk.,0,89,752,625,372,682,1748,389,4657
President Donald Trump lifts the Jones Act to help Puerto Rico,'President Donald Trump raises the Jones Act to aid Puerto Rico.',"""President Donald Trump raises the Jones Act to aid Puerto Rico.""",0,45,477,463,1020,199,2577,1043,5824
Amazon narrows the list of metro areas for its new headquarters to 20 (The List),A Amazon reduz a lista de metrópoles para sua nova sede a 20 (A Lista),"""The Amazon trims its list of metropolises to 20 for its new headquarters (The List)""",0,147,430,844,940,293,1105,1493,5252
The EU Must Not Threaten the Sovereignty of Poland,A UE Não Pode Ameaçar a Soberania da Polônia,'The EU Cannot Threaten Poland's Sovereignty',0,196,752,1664,429,181,101,138,3461
Tax Bill Would Curb Breaks for Sexual Abuse Settlements,Projeto de Lei Tributária Cortaria Brechas em Pagamentos de Consequências por Assédio Sexual,"""Tributária Law Project Would Plug Gaps in Payments for Sexual Harassment Consequences""",0,309,752,2286,2153,1973,2272,2459,12204
"Celebrities are defending an Obama, but it's not the former President","Celebridades estão defendendo um Obama, mas não é o ex-Presidente.","Famous people are backing an Obama, but it's not the former President.",0,51,79,205,853,1452,1426,893,4959
How Repealing Net Neutrality Can Kill Your Small Business,"""Como a revogação da neutralidade da rede pode matar seu pequeno negócio.""","""Como a revogação da neutralidade da rede pode matar seu pequeno negócio."" traduzido criativamente para o inglês é: ""How ditching net neutrality could kill your small business.""",0,271,752,2374,2266,2229,2133,1601,11626
Trump Russia Corruption Update #18: Trumps lie about his reason for firing Comey is fully exposed,A mentira de Trump sobre o motivo de demitir Comey foi completamente exposta.,The truth about Trump's reason for firing Comey has been completely laid bare.,0,286,726,2103,1923,1625,928,832,8423
Photogallery - Trump supporters should hold his feet to the fire,Fotógallery - Suportadores de Trump devem segurar seus pés na fogueira.,'Fotógallery - Trump Supporters Must Keep Their Feet in the Fire.',0,210,752,1310,1435,1883,2266,2022,9878
Vietnam is still holding Chinese Golden Buffalo Spirit from over 600 years ago,Vietnam ainda segura o espírito do golden buffalo chinês de mais de 600 anos atrás.,"""Vietnam still holds the spirit of the golden buffalo from over six hundred years ago.""",0,160,752,1521,953,2074,2109,619,8188
Weiner emails create new troubles for Hillary Clinton (Video),Emails de Weiner criam novos problemas para Hillary Clinton (Vídeo),"""Emails de Weiner cause new issues for Hillary Clinton (Video)""",0,129,307,1110,1512,288,158,691,4195
"Kendall Jenner, Nicole Kidman Attended the Biggest Polo Match New York Has Ever Seen","Kendall Jenner, Nicole Kidman compareceram ao maior jogo de polo que Nova Iorque já viu.",Kendall Jenner and Nicole Kidman attended the grandest polo match New York has ever seen.,0,18,752,107,409,834,756,420,3296
Hedge Funds Pouring Cash into Silver and Gold! (Video),Fundos Hedge Esguichando Dinheiro em Prata e Ouro! (Vídeo),"""Hedge Funds Spouting Money in Silver and Gold! (Video)""",0,113,175,872,1616,1608,1478,1306,7168
President Donald Trump kicks CNN reporter out of Oval Office,Donald Trump expulsa repórter da CNN da Sala Oval.,Donald Trump expulsa repórter da CNN da Sala Oval.,0,253,752,2444,2409,1947,2430,419,10654
"Girl Scouts will be adding 23 new badges in the fields of science, technology, engineering, and math","As Girl Scouts adicionarão 23 novos distintivos nos campos de ciência, tecnologia, engenharia e matemática.","The Girl Scouts will introduce 23 new badges in the areas of science, technology, engineering, and mathematics.",0,66,110,97,262,186,425,297,1443
House Homeland Security Committee to hold hearings on white supremacy,Casa de Segurança Interna dos Estados Unidos para realizar audiências sobre supremacia branca,House of Security for Internal Affairs of the United States to hold hearings on white supremacy.,0,138,442,1835,1820,1532,1726,2209,9702
"How to Eat a Keto Diet When You’re Vegan, Vegetarian, or Plant-Based","Como Comer uma Dieta Keto Quando Você é Vegetariano, Vegan ou Plant-Based","""Keto Diet for Vegetarians, Vegans, or Plant-Based: How to Do It""",0,262,752,1803,1977,911,1625,1830,9160
Do the Dunes: Where You Can Ride the Sand,Fazendo as Dunas: Onde Você Pode Montar no Areal,"""Riding the Dunes: Where You Can Ride the Beach""",0,60,78,849,1309,2191,2475,2149,9111
Alabama state auditor says Roy Moore bombshell ‘much ado about very little’ — even if ‘completely true’,Alabama state auditor says Roy Moore bombshell ‘much ado about very little’ — even if ‘completely true’,'The Alabama state auditor calls Roy Moore's bombshell'much ado about very little'—even if 'completely true''.,0,22,752,1298,535,1383,2542,1627,8159
‘The alt-right is a terrorist movement’: Ex-Bush ethics czar blasts Trump administration’s support of racists,A extrema direita é um movimento terrorista. Ex-czar da ética de Bush critica o apoio do governo Trump a racistas.,"""The extreme right is a terrorist movement. Former ethics czar of Bush criticizes Trump's support for racists.""",0,113,752,1396,1157,1018,1308,1504,7248
Tom Steyer and fellow Patriots make their Case on C-Span,Tom Steyer e seus colegas patriotas apresentam seu argumento no C-Span,Tom Steyer and his fellow patriots present their case on C-Span.,0,28,752,293,93,690,528,269,2653
Catholic group fighting HHS mandate disappointed exemption still unissued,"""Catholic group fighting HHS mandate disappointed exemption still unissued.""",Catholic group still bitter after HHS mandate; exemption still unserved.,0,129,752,1327,2022,1561,2502,1523,9816
Why US and Swedish Companies Are Pushing Microchip Implants on Employees,Por que empresas americanas e suecas estão empurrando implantes de microchip para os funcionários?,"""Why are American and Swedish companies pushing microchip implants for employees?""",0,85,752,648,252,1168,421,60,3386
"Despite Puerto Rico Disaster, Vulture Firms Relentlessly Seeking Billions in Debt Payments","""Apesar da tragédia em Porto Rico, empresas de abutres insaciáveis estão persistentes em busca de bilhões em pagamentos de dívida.""","""Despite the tragedy in Puerto Rico, vulture corporations are relentless in their pursuit of billions in debt repayments.""",0,216,752,1261,560,2075,1880,1141,7885
Internet drops epic education on Betsy DeVos after she dresses as beloved cartoon educator,"Internet drops epic education on Betsy DeVos after she dresses as beloved cartoon educator para o português:

""Internet deixa uma lição épica para Betsy DeVos após ela se vestir como educadora do cartão""","""Internet drops epic education on Betsy DeVos after she dresses as beloved cartoon educator""",0,1,11,81,101,532,2345,2038,5109
"Judi Dench Gives a Touching, Majestic Performance in ‘Victoria and Abdul’","""Judi Dench oferece uma performance emocionante e majestosa em 'Victoria and Abdul'.""",Judi Dench delivers a stirring and grand performance in 'Victoria and Abdul'.,0,101,752,680,729,958,470,703,4393
Natural Wine Movement Finds a Lively Hub in Copenhagen,Movimento do Vinho Natural Encontra um Centro Vibrante em Copenhague,"""Vin de Terroir à Fala em Copenhague""",0,391,752,2565,2550,2564,2498,2405,13725
Former Obama HACK Dan Pfeiffer deletes tweet on Trump admin. response to Puerto Rico,"""Former Obama's Cybersecurity Advisor Dan Pfeiffer Deletes Tweet on Trump's Administration Response to Puerto Rico""",Former Obama's cybersecurity advisor Dan Pfeiffer deletes tweet on Trump's administration response to Puerto Rico,0,63,239,1105,1380,1539,2581,1246,8153
Eva Longoria Scooped Up a Revamped Beverly Crest Mansion,Eva Longoria Pegou um Mansão Revampada em Beverly Crest,Eva Longoria Snagged a Revamped Beverly Crest Mansion,0,42,138,255,393,1715,1995,1474,6012
"Republican Tax Cut Would Benefit Wealthy and Corporations Most, Report Finds","Corte de Impostos Republicano Beneficiaria Mais os Rico e Corporações, Relatório Encontra","'Republican Tax Cut Would Benefit the Rich and Corporations, Report Finds'",0,45,478,409,469,949,1671,1157,5178
Democrat Alcee Hastings Left Taxpayers With An Expensive Sexual Harassment Tab,Deixou os Contribuintes com uma Conta Carissima de Assédio Sexual,Left the Taxpayers with an Expensive Invoice of Sexual Harassment,0,113,752,2109,2222,2128,1659,2277,11260
New York’s Muslim bomber goes on trial: “Attack the Kuffar [non-believers] in their backyard.”,“Novo York’s Muslim bomber vai a julgamento: 'Atacar os infiéis em seu próprio quintal'.”,"""New York's Muslim bomber goes on trial: 'Attack the infidels in their own backyard.'""",0,36,390,1036,1111,1296,1120,748,5737
Murphy Once Again Makes the Case for Gateway Tunnel,"Murphy Once Again Makes the Case for Gateway Tunnel

Murphy Novamente Faz a Defesa do Túnel de Gateway","""Murphy Once Again Makes the Case for Gateway Tunnel""

Murphy Novamente Faz a Defesa do Túnel de Gateway",0,121,265,2189,2102,1224,2296,1283,9480
VICTORY: Wichita State drops bogus Title IX investigation of fraternity for hanging a banner,VICTORY: Wichita State abandona investigação fraudulenta do Título IX sobre fraternidade por pendurar uma bandeira,"""VICTORY: Wichita State Drops investigation into Title IX fraud case involving fraternity for hanging a flag.""",0,113,509,1369,1162,1315,1452,1783,7703
Government committee declares HPV vaccines should never be given to teenage boys … Media pursues total BLACKOUT on the story,Comitê do governo declara que vacinas contra o HPV nunca devem ser dadas aos meninos adolescentes. Meios de comunicação buscam um completo BLACKOUT sobre a história.,Government committee declares that HPV vaccines should never be administered to adolescent boys. The media seeks a complete BLACKOUT of the story.,0,111,583,542,243,721,1263,550,4013
A Long-Tolerant Spa Town Feels the Chill of Slovak Populism,Uma Longa Tolerância a uma Praia Termal Sente o Frio do Populismo Eslovaco,"""Long Tolerance to a Thermal Bath Feels the Cold of Slovak Populism""",0,188,752,1722,2189,2427,1936,2075,11289
"TIME TO RAISE HELL, PARENTS! A program of Islamic indoctrination called ‘Access Islam’ is being forced on American public school students, grades 5 – 12","É hora de mexer com os pais, crianças! Um programa de lavagem cerebral islâmica chamado ‘Acesso ao Islã’ está sendo imposto aos estudantes americanos das escolas públicas, do 5º ao 12º ano.","It's time to turn on the parents, kids! A brainwashing Islamic program called ""Access to Islam"" is being imposed on American public school students from 5th to 12th grade.",0,170,723,1635,1454,1562,1326,1908,8778
"How Mashonda Tifrere, Art and Hip-Hop Maven, Spends Her Sundays","Como Mashonda Tifrere, Art and Hip-Hop Maven, Gasta Seus Domingos","As how Mashonda Tifrere, the Art and Hip-Hop Maven, Spends Her Sundays",0,13,75,72,266,929,2222,1540,5117
Marco Rubio still harbors doubts about Jim Bridenstine for NASA administrator,Marco Rubio ainda nutre dúvidas sobre Jim Bridenstine para a administração da NASA.,Marco Rubio still has reservations about Jim Bridenstine's suitability for the NASA administration.,0,122,752,681,797,504,385,61,3302
WATCH: Joy Reid stumps Trump-supporting pastor with question about what president has done for black people,Joy Reid deixa Trump em situação embaraçosa com perguntas sobre o que o presidente tem feito por pessoas de cor.,Embarass Trump with questions about what the president is doing for people of color.,0,227,752,2005,2339,2364,2290,2445,12422
"In Danang, Vietnam, Trump Makes a Friendlier American Landing","Em Danang, Vietnam, Trump Faz um Desembarque Mais Amigável","In Danang, Vietnam, Trump Arrives on a More Cordial Shore",0,187,225,785,1676,1877,2129,1929,8808
Photogallery - MSNBC host destroys Donald Trump over 'repulsive' support of Roy Moore,"""Galeria de Fotos - MSNBC Host Destrói Donald Trump sobre 'Repulsivo' Apoio a Roy Moore""","""Photo Gallery - MSNBC Host Takes on Donald Trump over 'Repugnant' Support for Roy Moore""",0,139,752,678,1597,1409,1406,1919,7900
How can a ‘sanctuary school’ protect its DACA students?,"Como um ""escolar-refúgio"" pode proteger seus estudantes DACA?","""How can a'school-sanctuary' protect its DACA students?""",0,21,199,1034,748,344,1243,1427,5016
"Government reports 261,000 new jobs created in October, wages slip","Relatório do governo: 261.000 novos empregos criados em outubro, salários caem","Government Report: 261,000 new jobs created in October, wages plummet.",0,45,102,403,176,161,808,451,2146
Jews of the Diaspora Bring Their Cause to the Israeli Public,Filhos da Dispersão Trazem sua Causa ao Povo Israelense.,The Children of Scattering Bring Their Cause to the Israeli People,0,125,172,1363,2017,2505,2042,2364,10588
"Crooked Hillary Denies Donna Brazile Accusations of DNC Rigging ""That Just Wasn't the Case"" (VIDEO)","""Hillary Corcovada Negou Acusações de Donna Brazile de Manipulação do DNC 'Isso Simply Não Foi Assim'""",Hillary the Crooked Denied Donna Brazile's Manipulation Accusations of the DNC - 'It Simply Wasn't So',0,203,752,2200,2183,1711,2137,2076,11262
Trump spreads fake news about Obama in the Philippines,'Trump espalha notícias falsas sobre Obama nas Filipinas',Trump spreads false news about Obama in the Philippines.,0,21,99,68,75,7,21,1,292
"George Soros Goes ""All-In"" With Monster Donation To Own Foundation",George Soros Apostas Todas em Uma Monumental Doação Para Controlar a Fundação,"""George Soros Bets It All on a Monumental Donation to Control the Foundation""",0,197,752,2300,1974,1977,1062,1305,9567
Quantum Speed Limit May Put Brakes On Quantum Computers,Liminate Velocidade Quântica Pode Colocar Freios nos Computadores Quânticos,"""Quantum Velocity Could Slap the Brakes on Quantum Computers""",0,170,752,1658,2034,1634,2270,1576,10094
First time buyers in Wokingham to be spared Stamp Duty,Primeros compradores em Wokingham não pagarão IPTU,"""First buyers in Wokingham won't pay property tax.""",0,242,752,2053,2272,1092,463,1247,8121
Trump White House trashes CBO for being inaccurate — and proceeds to misspell ‘inaccurately’,Casa Branca Trump descarta CBO como impreciso — e procede a errar na grafia 'inaccurately'.,Trump White House dismisses CBO as imprecise — and proceeds to err in spelling 'inaccurately'.,0,151,588,1402,475,1446,2232,1204,7498
Amazon just closed a contest where cities competed to be the second headquarters,A Amazon encerrou um concurso onde cidades competiam para ser a sede número dois.,The Amazon ended a competition in which cities competed to be the Number Two headquarters.,0,160,533,876,1286,1989,1300,1232,7376
"Sober and H.I.V. Positive, New Council Speaker Has Weathered Adversity","""Sober and H.I.V. Positive, Nova Líder do Conselho Passou Pela Tempestade da Adversidade""","""Sober and H.I.V. Positive, Nova Líder do Conselho Passou Pela Tempestade da Adversidade"" traduzido para o inglês:

""Sober and H.I.V. Positive, New Council Leader weathered the storm of adversity.""",0,239,586,2334,2234,2401,2217,2260,12271
"US ""Should & Will"" get along with Russia: Trump finally holds promise","""Vai se dar bem com a Rússia: Trump finalmente cumpre a promessa.""","""Will finally nail down the Russia angle: Trump makes good on his promise.""",0,285,752,2250,2327,2061,1762,1910,11347
Jessica Chastain teases about possible role on 'X-Men: Dark Phoenix',Jessica Chastain tateia sobre possível papel em 'X-Men: Dark Phoenix',Jessica Chastain 'probes' for possible role in 'X-Men: Dark Phoenix'.,0,85,478,654,975,1781,2044,1629,7646
How Climate Change Is Playing Havoc With Olive Oil (and Farmers),Como a Mudança Climática está Desestabilizando o Óleo de Oliva (e os Agricultores),"""As How Climate Change is Unsettling Olive Oil (And the Farmers)""",0,85,752,1073,1302,1731,1904,1787,8634
‘Failed’: Jake Tapper destroys Trump for disrespecting families of dead soldiers with ‘reckless’ words,Jake Tapper desmorona Trump por desrespeitar as famílias dos soldados mortos com palavras ‘descontroladas’.,Jake Tapper rips into Trump for disrespecting fallen soldiers' families with 'out-of-control' remarks.,0,205,752,2100,1916,1790,1654,1923,10340
Photogallery - Garbine Muguruza crushes Venus Williams in the 2017 Wimbledon women's final,"""Galeria de Fotos - Garbine Muguruza elimina Venus Williams na final feminina de Wimbledon de 2017""","""Photo Gallery - Garbine Muguruza tops Venus Williams in the 2017 Women's Wimbledon final""",0,77,388,459,1876,826,2223,1928,7777
Fox News host busts Citizens United architect for wanting accused molester Roy Moore to win ‘at any cost’,A Fox News host expõe o arquiteto do Citizens United por querer que o acusado de moléstia Roy Moore vença 'a qualquer custo'.,'A Fox News host exposes the architect of Citizens United by desiring that the Moore sexual assault accuser win at all costs.',0,255,752,2201,1783,2111,1670,1705,10477
A Duo of Fashionable Auctions Hit the Block in London This Month,Duo de leilões na moda de Londres este mês está na moda,"""London's fashion circuit is all the rage this month.""",0,310,752,2336,2009,2499,2466,2347,12719
Dominican Players Sharpen Their Skills With a Broomstick and Bottle Cap,Brincadeiras Dominicanas Afiam Suas Habilidades com um Pedaço de Palha e um Capacete,"""Dominican Jokes Sharpen Their Skills with a Stick and a Hat""",0,125,752,1482,2121,2349,2333,2380,11542
U.S. tourist breaks German law by giving Hitler salute in public—gets minor beating from passerby,U.S. turista quebra a lei alemã ao dar o saudação nazista em público — recebe uma surra de um transeunte,American tourist breaks German law by giving a Nazi salute in public — gets beaten by a bystander.,0,153,475,1381,804,957,1125,1038,5933
Tweeps rip Chelsea Handler for vulgar tweet about Melania Trump,"""Melania Trump é pior que um buraco sem fundo. Ela deve ser esmagada como uma banana em uma máquina de fazer smoothie.""","""Melania Trump is worse than a bottomless pit. She should be squashed like a banana in a smoothie maker.""",0,359,752,2480,2565,2544,396,2433,11529
Number Of Puerto Rico Residents Without Clean Water And Electricity Keeps Rising,'Número de moradores de Porto Rico sem água potável e energia elétrica continua aumentando.',"""The number of Puerto Rico residents without potable water and electricity continues to rise.""",0,102,752,865,394,1038,20,21,3192
Patriots QB Tom Brady has message for Jaguars cornerback Jalen Ramsey,"Patriots QB Tom Brady tem uma mensagem para o cornerback dos Jaguars, Jalen Ramsey.","Tom Brady, QB of the Patriots, has a message for Jacksonville Jaguars cornerback Jalen Ramsey.",0,103,652,807,292,758,1111,576,4299
Will planetary protection stop humans from going to Mars?,"Will planetary protection stop humans from going to Mars?

A proteção planetária impedirá humanos de irem para Marte?",Will planetary protection foil humans from reaching Mars?,0,95,752,162,204,330,1515,976,4034
We Need Water!' San Juan Mayor Rips Trump's Inadequate Response to Puerto Rico Crisis,'Precisamos de Água!' Prefeito de San Juan Critica Resposta Inadequada de Trump à Crise de Porto Rico,"""We need Water!"" San Juan's Mayor Criticizes Inadequate Trump Response to Puerto Rico Crisis",0,50,497,823,444,192,852,1321,4179
Details Emerge Showing Violent History of Texas Church Shooter…,Detalhes Emergem Revelando Violenta História do Atirador da Igreja no Texas,"""Details Emerge Revealing Violent History of Texas Church Shooter""",0,21,260,381,314,159,791,603,2529
Overwatch': spotted unfamiliar weapons sparked speculations of weapon skins,"""Overwatch: avistados armamentos desconhecidos levaram especulações sobre skins de armas.""","""Overwatch: Unearthed armaments prompted speculation about new weapon skins.""",0,286,752,1669,1089,1268,1541,1275,7880
Napolitano Sues Trump to Save DACA Program She Helped Create,Napolitano Save DACA Program She Helped Create,"""She Kicked the Bucket and Saved the DACA Program She Helped Create""",0,224,516,2260,2430,2378,2526,2451,12785
‘Greatest Showman’ Becomes a Sleeper Hit as Disrespected Films Flourish,O 'Maior Showman' vira um fenômeno surpresa enquanto os filmes desrespeitados prosperam.,"""The 'Greatest Showman' becomes a surprise phenomenon as disrespected films thrive.""",0,113,752,1670,974,1961,1797,1688,8955
Killing of Mother-Daughter Team Shakes Polio Fighters in Pakistan,Morte da Dupla Mãe-Filha Abala Luta Contra a Pólio no Paquistão.,"""The Death of the Dual Mother-Daughter Duo Rocks Battle Against Polio in Pakistan.""",0,196,752,1855,1424,2086,1965,1828,10106
"Rory McIlroy, a Wounded Champion, Begins FedEx Cup Defense","Rory McIlroy, o Campeão Ferido, Inicia Defesa do FedEx Cup","""Rory McIlroy, the Injured Champion, Begins Defense of the FedEx Cup""",0,147,752,544,710,1265,529,498,4445
Massachusetts governor signs bill hiking tax on recreational pot,Governador de Massachusetts assina lei que aumenta imposto sobre maconha recreativa.,"""Governador de Massachusetts assina lei que aumenta imposto sobre maconha recreativa."" - ""Massachusetts governor signs law increasing tax on recreational marijuana.""",0,248,752,2420,2371,1754,87,27,7659
Patch’s Local Advantage Makes Ad-Funded News Profitable 15 Months Straight,Vantagem Local de Patch Torna o Noticiário Fundado por Anúncios Rentável Durante 15 Meses.,Local Advantage of Patch Makes Ad-Founded News Profitable for 15 Months.,0,113,752,853,1150,1412,1687,1565,7532
‘Fire Emblem Heroes’ dataminers uncover a future hero coming from 'Echoes',Exploradores de dados do Fire Emblem Heroes desvendam um futuro herói procedente de 'Echoes'.,"""Data explorers in Fire Emblem Heroes uncover a future hero from 'Echoes'.""",0,59,643,1014,899,869,975,745,5204
"Tennessee Inmates Given Reduced Sentences in Exchange for Vasectomies, Birth Control","""Tennessee Inmates Given Reduced Sentences in Exchange for Vasectomies, Birth Control"" traduz-se como ""Internos do Tennessee Conseguem Reduzir Penas em Troca por Vasectomias, Controle de Nascimento"".","""Tennessee Inmates Given Reduced Sentences in Exchange for Vasectomies, Birth Control""",0,1,14,76,129,435,1095,1365,3115
Prosecutors Want Anthony Weiner to Serve About 2 Years in Prison,Promotores Querem que Anthony Weiner Fique cerca de 2 Anos na Cadeia,"""Promoters Want Anthony Weiner to Spend Nearly 2 Years in Jail.""",0,125,534,817,1515,1260,1168,1175,6594
"Clinton’s pastor violates Eighth Commandment, ‘Hillary’s daily devotions’ book pulled",O pastor de Clinton infringiu o oitavo mandamento; 'Hillary's daily devotions' livro foi confiscado.,"""The pastor of Clinton broke the eighth commandment; 'Hillary's daily devotions' book was seized.""",0,152,752,1647,1720,1499,841,1151,7762
"Now, more than ever, Democrats need to shut the Judiciary Committee down","Agora, mais do que nunca, os democratas precisam 'acabar com' o Judiciary Committee.","""Now, more than ever, Democrats need to 'finish off' the Judiciary Committee.""",0,37,112,892,573,1095,546,810,4065
California man who scaled White House fence in March was sentenced Monday,Californiano que escalou a cerca do Palácio em março foi condenado segunda-feira.,'California climber who breached the Palace fence in March was convicted on Monday.',0,167,674,1769,1154,1919,1292,1491,8466
Jared and Ivanka move personal email accounts to Trump Organization computers to avoid scrutiny,Jared e Ivanka transferiram contas de e-mail pessoais para computadores da Organização Trump para evitar escrutínio.,Jared and Ivanka moved their personal email accounts to Trump Organization computers to evade scrutiny.,0,40,123,85,156,76,420,132,1032
Justice Kennedy’s retirement rumors could spell the end of marriage equality and abortion rights: analysis,Boatos sobre a aposentadoria de Justice Kennedy podem marcar o fim da igualdade de casamento e do direito ao aborto: análise.,Whispers of Justice Kennedy's retirement may signal the end of marriage equality and abortion rights: analysis.,0,55,125,413,719,678,1423,655,4068
Ron Insana: Gun Makers Must Be Held Liable for Every Massacre,"""Fábricas de Armas Devem Ser Responsabilizadas por Cada Massacre.""","""Factory of Guns Must Be Held Responsible for Every Massacre.""",0,162,752,1920,2108,1186,1458,2008,9594
President Donald J. Trump Accepts the Resignation of White House Press Secretary Sean Spicer,"""O Presidente Donald J. Trump aceita a renúncia do Secretário de Imprensa da Casa Branca, Sean Spicer.""

---

""Donald J. Trump accepts the resignation of White House Press Secretary Sean Spicer.""","""O Presidente Donald J. Trump aceita a renúncia do Secretário de Imprensa da Casa Branca, Sean Spicer."" traduz-se para o inglês como ""Donald J. Trump accepts the resignation of White House Press Secretary Sean Spicer.""",0,198,669,2337,2303,1945,1906,552,9910
New Alien Hunting Telescope Makes First Attempt to Find ETs Around Sun-like Stars,Novo Telescópio de Caça a Alienígenas Realiza Primeiro Tentativo para Encontrar ETs ao Redor de Estrelas Similares ao Sol,'New Alien Hunter Telescope Makes First Attempt to Find ETs Around Sun-like Stars',0,11,58,129,186,167,872,505,1928
Disney Said to Have Held Talks to Acquire 21st Century Fox Assets,Disney diz-se ter tido negociações para adquirir os ativos da 21st Century Fox.,Disney has been in talks to buy the assets of 21st Century Fox.,0,206,752,1059,383,1187,1396,708,5691
Why the 6mm Creedmoor is poised to take the gun world by storm,Por que o Creedmoor de 6mm está prestes a abalar o mundo das armas.,"""Why Creedmoor's 6mm is about to shake up the gun world.""",0,167,752,1294,1054,1012,822,890,5991
Elizabeth Warren Attacks Neil Gorsuch’s Ties to Koch Network,Elizabeth Warren Ataca os Laços de Neil Gorsuch com a Rede Koch,Elizabeth Warren Attacks Neil Gorsuch's Ties to Koch Network,0,1,90,14,45,17,698,107,972
Rivers Carry Millions of Tons of Plastic Debris into The Sea,Os rios levam milhões de toneladas de resíduos plásticos para o mar.,The rivers carry millions of tons of plastic waste into the sea.,0,28,752,119,139,1074,59,1,2172
Shane Larkin can revive his career with the Boston Celtics,"""Shane Larkin pode reviver sua carreira com os Boston Celtics.""",Shane Larkin can breathe new life into his career with the Boston Celtics.,0,59,209,786,367,875,679,25,3000
Constellation Brands enters legal weed by buying into Canadian marijuana company,Constellation Brands adentra o mercado de maconha legal ao comprar uma participação na empresa canadense de cannabis.,"""Constellation Brands enters the legal marijuana market by purchasing a stake in the Canadian cannabis company.""",0,190,752,1514,1185,588,532,361,5122
Bill Maher shreds Donald Trump for wanting to be a 'dictator' like 'Kim Jong-un',Bill Maher desfiça Donald Trump por querer ser um 'ditador' como o Kim Jong-un.,Bill Maher tears into Donald Trump for wanting to be a 'dictator' like Kim Jong-un.,0,16,116,243,251,1298,1844,1428,5196
WATCH A Fox News Host SHRED David Clarke For Disrespecting John Lewis,VEJA UM APRESENTADOR DO FOX NEWS APREENDE David Clarke POR TRATAR JOHN LEWIS DE MANEIRA INDISCRETA,A Fox News Anchor Learns David Clarke for Disrespectfully Commenting About John Lewis,0,122,752,880,1809,2208,2289,2232,10292
Kushner being eyed as key figure in helping Russia improve its cyberattack,Kushner sendo visto como figura-chave para ajudar a Rússia a melhorar suas habilidades de ciberataque,"""Kushner seen as pivotal figure to help Russia upgrade its cyberattack skills.""",0,196,752,743,1540,425,793,713,5162
Ex-Sheriff Joe Arpaio Found Guilty of Contempt for Targeting Immigrants,Ex-Sheriff Joe Arpaio é encontrado culpado por menosprezar as normas ao alvo de imigrantes.,"Joe Arpaio, the former sheriff, is found guilty of disdaining immigrants' rules.",0,188,752,1483,1164,2065,1556,2007,9215
Wimbledon: Roger Federer and Marin Cilic Reach the Final,Roger Federer e Marin Cilic Alcancam a Final.,"""Roger Federer and Marin Cilic Reach the Final.""",0,8,47,867,901,664,1057,599,4143
White House Pressures Congress to Soften Russia Sanctions Bill,A Casa Branca pressiona o Congresso a atenuar a sanção à Rússia.,The White House presses the Congress to ease sanctions on Russia.,0,196,752,1578,976,980,476,35,4993
How petty is Trump? His admin ripped out an Obama-era bikeshare station at the White House,Quão pequeno é Trump? Sua administração arrancou uma estação de compartilhamento de bicicletas da era Obama da Casa Branca.,How small is Trump? His administration removed a bike-sharing station from Obama's White House.,0,240,671,1745,1624,2117,1571,1849,9817
Secret Service Holds First Full-Scale Training Exercise at the White House,Serviço Secreto Realiza Primeiro Exercício de Treinamento em Massa na Casa Branca,'Real Secret Service Conducts First Mass Training Exercise at the White House',0,74,305,780,1450,349,1646,1768,6372
In Berkeley Springs Morgan County Commission Hears Opponents of Mountaineer Gas Pipeline,Comissão do Condado de Morgan Berkeley Springs ouve oposição ao Pipeline Mountaineer,"""Comissão do Condado de Morgan Berkeley Springs ouve oposição ao Pipeline Mountaineer""",0,324,752,2488,2514,2127,2489,2236,12930
U.S. Airstrikes in Afghanistan Take Aim at Taliban Opium Labs,"""Bombardeios Aéreos dos Estados Unidos em Afghanistan Alcançam Laboratórios de Ópio do Taliban""","**""Bombardeios Aéreos dos Estados Unidos em Afghanistan Alcançam Laboratórios de Ópio do Taliban""**
**""US Air Raids in Afghanistan Hit Taliban Opium Labs""**",0,307,752,2472,2127,1803,1035,1017,9513
Trump aide slams media for hurting Puerto Rico’s ‘morale’ by reporting on slow Maria response,Auxiliar de Trump critica mídia por machucar a moral de Puerto Rico ao reportar resposta lenta para Maria.,"""Trump staffer slams media for wounding Puerto Rico's morale by reporting slow response to Maria.""",0,74,752,1398,1033,734,1192,1200,6383
Photogallery - 'Dragon Ball Super' fans have uncovered the identity of the new Super Warrior,Os fãs de 'Dragon Ball Super' revelaram a identidade do novo Super Guerreiro,"""Dragon Ball Super' fans unveil the identity of the new Super Warrior""",0,34,159,1579,1355,551,904,848,5430
BOOM! Sen. Grassley Launched Investigation Into Clinton-Uranium One Scandal Last Week (Video),Sen. Grassley Explodiu Investigação Sobre Escândalo Clinton-Uranium One da Última Semana (Vídeo),'Sen. Grassley Blows Up Investigation on Clinton-Uranium One Scandal of the Last Week (Video)',0,92,444,921,1524,1462,1969,1972,8384
Proposed legal immigration limits draw strong criticism from US bishops,Propostas de limites legais à imigração legal geram crítica forte por parte dos bispos dos EUA.,Proposals for legal limits to immigration draw strong criticism from US bishops.,0,86,241,184,144,321,712,38,1726
Food Stamp Rolls Drop in States That Implement Work Requirements,"""Estendidas em estados que implementaram exigências de trabalho""","""Estendidas em estados que implementaram exigências de trabalho"" deve ser traduzida como:

""Spread in states that implemented work requirements""",0,286,752,2448,2528,2540,2384,2398,13336
Yankees Sit Aaron Judge in Hopes of Restarting Him,Yankees Espera Aaron Judge para Recomeçar.,**Yankees await Aaron Judge's restart.**,0,254,752,2369,1620,1960,1909,1518,10382
VICTORY! The Supreme Court Killed The Refugee Ban Challenge,VITÓRIA! O Supremo Corte Matou o Desafio à Proibição de Refugiados,VICTORY! The Supreme Court Killed the Challenge to the Ban on Refugees,0,113,257,392,487,392,1140,284,3065
Climate Change Demands an End to Excess and Greed,"""A Mudança Climática Exige um Fim à Avarícia e à Excesso.""","""Climate Change Demands the End of Greed and Excess.""",0,170,752,995,493,327,638,213,3588
"McCain Backs ACA, Vote Reflect His Speech for Dedication to BiPartisanship","""McCain Apoia ACA, Voto Reflete Seu Compromisso com o Bilateralismo.""","""McCain Supports ACA, Vote Reflects His Commitment to Bilateralism.""",0,196,752,1890,1453,1403,1211,1114,8019
Discussing Bias Against Muslims After a Terrorist Attack: ‘The Media Does Play a Role’,Discutindo o Preconceito Contra os Muçulmanos Após um Atentado Terrorista: ‘A Mídia Tem um Papel a Jogar’,Discussing the Prejudice Against Muslims After a Terrorist Attack: 'The Media Has a Role to Play',0,81,300,548,864,413,475,311,2992
‘Oh no’: Dem Sen. Chris Murphy teases ‘bipartisan breakthrough on gun legislation’,'Oh não',''Oh no'',0,304,752,2532,2554,2545,1050,2439,12176
"Scathing report exposes century-old, ongoing genocide by Canada, Great Britain and the Vatican; Calls for sanctions, arrests and war crimes trials","Relatório devastador revela genocídio século-old e contínuo de Canadá, Grã-Bretanha e o Vaticano; Pede por sanções, prisões e julgamentos de crimes de guerra.","'Devastating report exposes long-standing, ongoing genocide by Canada, Britain, and the Vatican; Calls for sanctions, imprisonment, and war crimes trials.'",0,53,140,352,713,820,1391,892,4361
Man Charged After Telling Secret Service He Dropped Explosives Near the White House,Homem acusado depois de dizer ao Serviço Secreto que deixou explosivos perto da Casa Branca,Man accused after claiming to have planted explosives near the White House,0,167,752,950,1241,1648,1137,649,6544
Whiny Republicans whine about McConnell forcing them to vote yes to end health care for millions,Miseráveis republicanos reclamam sobre McConnell forçá-los a votar sim para acabar com o atendimento médico para milhões.,Wretched Republicans complain about McConnell forcing them to vote yes to end medical care for millions.,0,48,104,345,517,1003,1122,732,3871
Trump set to open $1 billion US Embassy in London,Trump deve inaugurar embaixada de US$ 1 bilhão em Londres.,"""Trump must inaugurate a £1 billion embassy in London.""",0,129,752,2148,1646,835,1446,1873,8829
Police Chief Association blasts Trump for encouraging Police brutality,Associação de Chefe de Polícia explode contra Trump por incentivar a brutalidade policial,Police Chief Association Blasts Trump for Encouraging Police Brutality,0,1,752,3,8,96,1400,1463,3723
Tori Roloff starts rumors she could be pregnant with her second child,Tori Roloff começou a circular a fofoca de que ela pode estar grávida do segundo filho.,Tori Roloff has been spreading the gossip that she may be pregnant with her second child.,0,121,384,434,474,1021,1890,1439,5763
"Paul Ryan Calls for Tax Reform, Letting Americans ‘Keep More of Your Own Money’","Paul Ryan Chama por Reforms Tributárias, Deixando Americanos 'Manterem Mais do Seu Próprio Dinheiro'.","Paul Ryan calls for tax reforms, leaving Americans to 'keep more of their own money'.",0,69,752,913,692,1216,372,386,4400
A call from a deactivated cellphone leads police to siblings in captivity.,Um chamado de um telefone celular desativado leva a polícia a descobrir irmãos em cativeiro.,"""A ringing call from a turned-off phone leads police to discover siblings in captivity.""",0,77,506,1585,1338,836,707,608,5657
City Hospital System Is Expanding Children’s Mental Health Programs,Sistema de Saúde da Cidade Está Expandindo Programas de Saúde Mental Infantil,Healthcare System's Child Mental Health Programs Are Expanding,0,187,752,1417,1693,903,1601,1896,8449
Mike and Nathaniel’s Week in Tech: Everybody Loves Bitcoin,Mike e Nathaniel's Week in Tech: Todo Mundo Ama Bitcoin,Mike and Nathaniel's Week in Tech: Everyone Loves Bitcoin,0,17,334,11,55,8,412,1,838
North Korea threatens a nuclear strike in the 'heart of the U.S.' after CIA director's comments,"""Coreia do Norte ameaça um ataque nuclear no 'coração' dos EUA após comentários do diretor da CIA.""","""North Korea threatens a nuclear attack on the 'heart' of the US after comments by the CIA director.""",0,113,599,855,460,652,359,120,3158
"Republican Tax “Reform” robbing Americans again, raising their Taxes, Fees and wildly increasing Health Care costs.","""Reforma Tributária Republicana roubando novamente os americanos, aumentando seus impostos, taxas e elevando dramaticamente os custos de saúde.""","""A Republican Tax Reckoning stealing from Americans, hiking their taxes, fees, and skyrocketing healthcare costs dramatically.""",0,196,752,1624,1824,1651,1429,1774,9250
Pro-Hillary TV Personality Suggests Military Coup To Depose Trump,Personagem da TV a favor de Hillary Sugere Golpe Militar Para Depor Trump,TV character backing Hillary proposes military coup to remove Trump,0,196,752,1082,1189,1231,1234,914,6598
"ADHD drug use has skyrocketed 345% among young women in 12 years according to the CDC, increasing birth defects","O uso de medicamentos para ADHD aumentou 345% entre mulheres jovens nos últimos 12 anos, segundo a CDC, resultando em um aumento de deficiências congênitas.","The use of medications for ADHD has increased 345% among young women over the last 12 years, according to the CDC, leading to an increase in congenital disabilities.",0,195,544,1180,603,1077,85,54,3738
"Alan Sagner, Who Revitalized the Port Authority, Dies at 97","""Alan Sagner, que revitalizou a Autoridade Portuária, faleceu aos 97 anos.""","Alan Sagner, who breathed new life into the Port Authority, has passed away at the age of 97.",0,161,685,1522,633,1633,210,196,5040
Josh Mandel ends campaign against Democratic Sen. Sherrod Brown a month before Ohio filing deadline,"Josh Mandel encerra campanha contra o senador democrata Sherrod Brown um mês antes do prazo de inscrição do Ohio para ser traduzida como:

Josh Mandel desiste da campanha contra o senador democrata Sherrod Brown um mês antes do prazo de inscrição do Ohio.",Josh Mandel withdraws from campaign against Democratic Senator Sherrod Brown one month before Ohio's filing deadline.,0,73,752,415,337,741,1758,682,4758
How Microsoft Has Become the Surprise Innovator in PCs,Como a Microsoft se Transformou no Inovador Surpresa no Mundo dos Computadores Pessoais,"""Como a Microsoft se Transformou no Inovador Surpresa no Mundo dos Computadores Pessoais"" traduzido para o inglês: ""How Microsoft Transformed into the Unexpected Innovation in the World of Personal Computers""",0,335,752,2446,2340,2206,1927,1856,11862
"The DHS must stop ""Slow-walking"" their Investigation of Voter System Intrusion","O DHS deve parar de ""camelñar"" a investigação sobre invasão ao sistema de votação.","The DHS must stop ""camel riding"" the investigation into the voting system's breach.",0,218,569,1281,1949,1908,1814,1655,9394
Senate Tax Reform Plan Fails to Protect American Family Businesses,Plano de Reforma Fiscal do Senado Falha em Proteger Pequenas Empresas Americanas Familiares,Senate's Tax Reform Plan Falha em Proteger Pequenas Empresas Familiares Americanas',0,276,752,2466,2453,895,2418,1547,10807
Anna Faris has 'Mom' star Allison Janney's full support amidst Chris Pratt split,"Allison Janney has ""mom"" star Anna Faris's full support amidst Chris Pratt split.","Allison Janney enjoys Anna Faris's unwavering ""mom"" backing while enduring Chris Pratt's split.",0,247,752,1684,1708,1760,2449,1748,10348
Does Anyone Not Named Hillary Clinton Actually Want Hillary Clinton To Keep Happening To Us?,Alguém que não seja Hillary Clinton realmente quer que Hillary Clinton continue acontecendo conosco?,Someone who's not Hillary Clinton really wants Hillary Clinton to go on happening to us?,0,158,752,984,1758,2003,1081,414,7150
Firefighters Appear to Win Weekend Battle with Thomas Fire,Homens do Fogo Mostram-se a Vencer a Batalha Final do Fim de Semana contra o Incêndio Thomas,"""The Men of the Fire Showcase the Final Weekend Battle Against the Fire Thomas""",0,313,752,2348,2275,2344,2512,2226,12770
Bernie Sanders says Democrats are ready to help Republicans fix Obamacare,Bernie Sanders diz que democratas estão prontos para ajudar republicanos a consertar o Obamacare.,Bernie Sanders says that Democrats are ready to assist Republicans in fixing Obamacare.,0,73,500,142,137,59,143,1,1055
Trump on Report He Ordered Mueller's Firing: 'Fake News','Fake News' é traduzido como 'Notícias Falsas'.,"""Fake News"" is translated as ""Fake News"".",0,320,752,2454,2248,2571,2411,2454,13210
WaPo presents another holiday horror story: the wokest Thanksgiving dinner ever?,WaPo apresenta outra história de terror natal: o jantar de Thanksgiving mais woke que jamais existiu.,The WaPo delivers another holiday horror: the most woke Thanksgiving dinner ever.,0,101,752,924,1585,2049,2145,1600,9156
"Congressman introduces ""COVFEFE Act"" to hold Trump's Tweets Accountable %%","""Congressman apresentou a 'COVFEFE Act' para tornar as tweets de Trump responsáveis""","""The Congressman brought the 'COVFEFE Act' to make Trump's tweets accountable.""",0,86,752,1425,1489,1184,1663,1319,7918
‘Wild West of sexual harassment’: Eric Bolling’s accuser tells Joy Reid about the despicable culture at Fox News,A Farinha do Pós-Carrete de Abuso Sexual: Acusadora de Eric Bolling Conta à Joy Reid sobre a Cultura Desavergonhada na Fox News,"""Flour of Post-Cartoon Sexual Abuse: Eric Bolling's Accuser Tells Joy Reid About Shameless Culture at Fox News""",0,79,752,1275,2150,1839,2095,2089,10279
"More than a week later, we still don't know who joined the conspiracy at Trump Tower","Mais de uma semana depois, ainda não descobrimos quem se juntou ao complô no Trump Tower.","After more than a week, we still haven't figured out who joined the plot at the Trump Tower.",0,87,752,700,502,850,560,1,3452
Cernovich Promises to Expose Top Democrat Accused of Sexual Harassment Tonight,Cernovich Revelações sobre Top democrata Acusado de Assédio Sexual Esta Noite,Cernovich Reveals About Top Democrat Accused of Sexual Harassment Tonight,0,68,89,177,1473,805,1620,2154,6386
STUPID ALERT! NARAL thinks they can get Gorsuch booted from SCOTUS case for THIS?,"""ALERTA DE SUCESSO: NARAL PENSA QUE PODEM ELIMINAR GORSUCH DO CASO DO STOP?","**""WARN OF SUCCESS: NARAL THINKS SHE MIGHT GET GORSUCH OUT OF THE CASE OF THE STOP?""**",0,286,752,2331,2314,2561,2490,2386,13120
Alt-right icon ‘Based Stickman’ faces a year in prison for beating counter-protesters with a baton,Ícone da direita 'Baseado Homem-Pau' enfrenta um ano na prisão por agredir contra-protestantes com um porrete.,'Right-wing 'Man-Stick' Icon Faces Year in Jail for Assaulting Counterprotesters with a Stick.',0,196,752,1846,2080,1865,2215,2387,11341
This Photographer Wants to Change the Narrative on Black Men,"""Este fotógrafo quer mudar a narrativa sobre homens negros""","""This photographer wants to change the narrative about black men.""",0,17,752,333,149,461,91,1,1804
Trump is reasserting his role as the ultimate Zionist pawn,Trump está reafirmando seu papel como o ultimate boneco zionista.,Trump is reaffirming his role as the ultimate Zionist puppet.,0,50,143,500,586,118,456,217,2070
"Ivanka Trump draws largest audience to witness a speech in Tokyo, period.",Ivanka Trump mobiliza maior plateia para assistir a um discurso em Tóquio.,Ivanka Trump attracts the largest audience to watch her speech in Tokyo.,0,113,752,882,929,803,797,371,4647
"In Crimea, Russian Land Grab Feeds Cries of ‘Carpetbaggers!’","No Crimeia, a agressão territorial russa gera gritos de “explotadores!”","In Crimea, the Russian territorial aggression elicits cries of ""exploiters!""",0,187,752,1857,1821,2095,1291,1470,9473
President Trump caught rigging Official Presidential Job Performance Survey,Trump foi flagrado manipulando a pesquisa oficial de desempenho de sua função presidencial.,"""Trump was caught manipulating the official performance data of his presidential role.""",0,263,752,2160,1287,1238,715,1165,7580
"Death, Snakes, Injury Await Smuggled Aliens in South Texas","Morte, Serpentes, Lesão Espera por Aliens Escondidos em Sul do Texas","""Death, Snakes, Harm Waits for Aliens Hidden in South Texas""",0,129,517,1077,1567,2077,1533,1622,8522
Egypt Opens Criminal Inquiry Over New York Times Article,"""Egito Inicia Inquérito Criminal sobre Artigo do New York Times""","**""Egypt Launches Criminal Investigation into New York Times Article""**",0,113,674,1718,1213,1169,961,1076,6924
Kid Rock For Senate? New Website Leaves More Questions Than Answers,Kid Rock For Senate? Novo Site Deixa Mais Perguntas Do Que Respostas,Kid Rock for Senate? New Site Leaves More Questions than Answers,0,15,752,10,105,63,499,693,2137
Woman holding American flag pulled to ground & dragged at ‘free speech rally’ in Boston,Mulher segurando a bandeira americana puxada ao chão e arrastada em uma rally de livre expressão em Boston,A woman holding the American flag dragged to the ground and pulled along in a rally of free expression in Boston.,0,192,752,1907,1239,2013,1259,1085,8447
Conway: Scaramucci Tweet Shows Someone Trying to 'Scare Him Off',"""O tuíte de Conway sobre Scaramucci mostra alguém tentando 'assustá-lo para ir embora'.""",Conway's tweet about Scaramucci demonstrates someone trying 'to scare him off'.,0,86,752,563,660,1358,984,235,4638
"Puerto Rico Faces ‘Apocalyptic’ Devastation, Says Governor — 70K in ‘Danger’","""Ontem, 70.000 pessoas em Puerto Rico estão no 'perigo', diz o governador, com a ilha enfrentando uma 'devastação apocalíptica'.""","""Yesterday, 70,000 people in Puerto Rico are in 'danger', says the governor, with the island facing 'apocalyptic devastation'.""",0,308,752,2187,1542,1791,883,842,8305
DACA Illegals say Impeach Trump vs Patriots Support President Trump,'Illegais do DACA dizem: Impeachment de Trump vs. Patriotas apoiam o presidente Trump'.,"""Undocumented DACA Dreamers say: Impeachment of Trump vs. Patriots support President Trump.""",0,86,752,1096,1996,1618,2392,1967,9907
New Hillary Clinton Emails Emerge -- Reveal Additional Mishandling of Classified Information,"""Novos E-mails de Hillary Clinton Emergem — Revelam mais Desempenho Improvisado com Informações Classificadas""","""New E-mails from Hillary Clinton Emerge — Reveal More Spontaneous Handling of Classified Information""",0,122,752,1856,1785,1406,1535,1139,8595
Hungary confronts Soros in battle for future of the West,Hungary enfrenta Soros em batalha pelo futuro da Europa Ocidental.,"""Hungary squares off against Soros in a clash for the future of Western Europe.""",0,196,752,1571,1172,1274,365,343,5673
"Find hope in the sign of the cross, Pope tells Eastern Christians","Encontre esperança no sinal da cruz, diz o Papa aos cristãos orientais.","""Find hope in the sign of the cross, the Pope tells Eastern Christians.""",0,4,71,241,95,231,480,298,1420
‘Horrifying’: Group behind Planned Parenthood sting releases new video,Abominável.,Loathsome,0,391,752,2509,2566,2565,1345,2431,12559
Trump trying to put a mole in the Russia investigation,colocar um mole no processo de investigação russa,Put a spanner in the works,0,196,752,2443,2585,2548,2511,2400,13435
‘What world are you living in?’ Paul Krugman sends heads to desks explaining why Trump won,'Qual é o mundo em que você está vivendo?',What world are you living in?,0,177,695,2353,2433,2524,130,2440,10752
‘Swing and a miss’: Jose Canseco addresses Political Pervalanche and it does NOT go well,Errou o alvo e deu um swing,Foiled a shot and swung.,0,334,752,2540,2588,2559,2239,2475,13487
A navy seal explains why you should end a shower with cold water - Eye Opening Info,Um selo da marinha explicou por que você deve endings chuveiro com água fria - Informação reveladora,A naval seal stated why you should end showers with cold water - Revelatory information,0,146,440,884,873,1623,2130,1423,7519
Here's something to be thankful for: Obamacare enrollments still breaking records,Aqui está algo pelo qual ser grato: inscrições no Obamacare continuam a quebrar recordes.,Here's something to be grateful for: Obamacare enrollments continue to break records.,0,89,325,144,183,67,415,76,1299
Who Do You Ship? What Tumblr Tells Us About Fan Culture,Para Quem Você Torce? O Que O Tumblr Revela Sobre a Cultura dos Fãs,"""For Whom Do You Root? What the Tumblr Reveals About the Culture of Fans""",0,208,752,1774,1695,1718,1139,1479,8765
How Rebecca Solnit Became the Voice of the Resistance,Como Rebecca Solnit Tornou-se a Voz da Resistência.,"""Rebecca Solnit Becomes the Voice of Resistance.""",0,74,752,951,1370,612,1690,1364,6813
"In Ohio, We Say No Knee-Jerk Bans On Any Gun Accessory","Em Ohio, Dizemos Não à Interdição Instantânea de Qualquer Acessório de Arma","In Ohio, We Say No to the Sudden Ban on Any Weapon Accessory",0,122,307,933,1174,1628,317,1121,5602
Harvey Weinstein Rebuked by Cannes and Bafta Over Sexual Abuse Scandal,Harvey Weinstein Reprovado pelo Festival de Cannes e pela BAFTA em Relação ao Escândalo de Abuso Sexual,Harvey Weinstein Rejected by the Cannes Film Festival and BAFTA Amid Sexual Assault Scandal,0,122,752,1507,1560,700,1439,1187,7267
BAM: Iowahawk drops a HEAVY mic on ‘Deliverance Twitter’ (PLEASE let these be parody accounts),"Iowahawk deixa uma MICA PESADA em 'Twitter da Deliverance' (POR FAVOR, que sejam contas de paródia)","IowaHawk leaves a HEAVY HITTER in 'Twitter of Deliverance' (PLEASE, that are parody accounts)",0,205,752,1759,2250,2228,2163,2342,11699
"Report: Matt Damon, Russell Crowe Helped Kill Harvey Weinstein Sexual Harassment Story in 2004",Mat Damon e Russell Crowe ajudaram a enterrar a história de assédio sexual de Harvey Weinstein em 2004.,Mat Damon e Russell Crowe ajudaram a enterrar a história de assédio sexual de Harvey Weinstein em 2004.,0,281,752,2456,2483,1929,2527,456,10884
Germany Offers Unprecedented Police Protection To Woman Behind ‘Liberal Mosque’,Alemanha Oferece Proteção Policial sem Precedentes para Mulher Atrás do 'Mosqueiro Liberal',Germany Offers Unprecedented Police Protection for Woman Behind 'The Liberal Mosque Keeper',0,45,327,693,1351,1472,1864,1548,7300
Uber Loses Appeal to Categorize Employees as ‘Self-Employed’ in UK,Uber Perde Apelo para Classificar Funcionários como 'Empreendedores' no Reino Unido,"""Uber's Appeal to Classify Workers as 'Entrepreneurs' Loses Steam in the UK""",0,197,752,2042,2079,1859,1500,1564,9993
Jill Duggar husband Derick Dillard bullies Jazz Jennings anew citing evil forces,"""Esposo de Jill Duggar, Derick Dillard, persegue Jazz Jennings com forças malignas.""","'""Derick Dillard, husband of Jill Duggar, hunts Jazz Jennings with malevolent forces.""",0,245,752,2101,1549,2376,1559,1716,10298
SAVAGES: Woman accused of adultery is caned in Sharia punishment in front of cheering mob in “moderate” Indonesia,SAVAGES: Mulher acusada de adultério é açoitada no castigo sharia em frente a uma multidão vibrante em “moderada” Indonésia,"""SAVAGES: Woman accused of adultery whipped in public in sharia punishment in “tolerant” Indonesia.""",0,132,439,1171,1658,1964,1863,1826,9053
McConnell Says Republicans Have the Votes to Pass the Tax Bill,McConnell afirma que os republicanos têm os votos necessários para aprovar a reforma tributária.,McConnell says the Republicans have the votes to pass the tax reform.,0,28,752,123,689,424,168,48,2232
"Trump administration threatens to shut down Palestinian office in Washington, D.C. – Dr. Rich Swier","""Administração Trump ameaça fechar o escritório palestino em Washington, D.C.""","""Trump administration threatens to shut down the Palestinian office in Washington, D.C.""",0,32,66,1193,1192,749,92,943,4267
Media Reports Say Trump Could Help Congress Pass an Unconditional Dream Act Amnesty,Relatórios da Mídia Sugerem Que Trump Pode Ajudar o Congresso a Aprovar a DACA Sem Condições,Media Reports Suggest That Trump Might Help Congress Pass DACA Without Conditions,0,206,752,1633,2187,894,970,756,7398
Golden State Warriors destroy the Minnesota Timberwolves in preseason game,"""Golden State Warriors exterminam Minnesota Timberwolves em jogo da temporada preparatória.""","""Golden State Warriors dismantle Minnesota Timberwolves in preseason game.""",0,35,238,1230,1073,1160,1147,803,5686
Red Star/White Star: Why the Lockheed F-35 Should Fear Russia’s Su-35,Estrela Vermelha/Estrela Branca: Por que o F-35 da Lockheed deve temer o Su-35 da Rússia,"""Red Star/White Star: Why the Lockheed F-35 Should Fear the Russian Su-35""",0,29,45,152,98,85,414,643,1466
"José Molina, 81, Who Brought Spanish Dance to U.S. Audiences, Dies","José Molina, 81, que levou o dança espanhola para plateias dos EUA, faleceu.","""José Molina, 81, who brought Spanish dance to US stages, has passed.""",0,113,579,1375,1300,1015,1087,782,6251
"Gov't reports November gain of 228,000 jobs, unemployment rate at 4.1%, wages still stuck","Relatórios governamentais indicam aumento de 228 mil empregos em novembro, taxa de desemprego em 4.1%, salários ainda encalhados.","""Government reports suggest a rise of 228,000 jobs in November, with an unemployment rate of 4.1%, salaries still at a standstill.""",0,196,752,1780,1175,1341,1101,679,7024
"Obama Bundler, DNC Mega-Donor John Morgan, Skewers Democrats During Announcement He’s Leaving The Party…","""Obama emite seu último apelo, doador megadador do Partido Democrata John Morgan, grelha democratas durante o anúncio de sua saída do partido.""","""Obama issues his final appeal, megadonor John Morgan of the Democratic Party sears Democrats as he announces his departure from the party.""",0,272,752,2242,2218,2485,1759,2348,12076
Eyewitnesses of Las Vegas Massacre Report FBI Has Wiped Their Phones & Laptops,Testemunhas do Massacre de Las Vegas Relatam: FBI Apaga Celulares e Notebooks,Witnesses of Las Vegas Massacre Report: FBI Erases Cell Phones and Notebooks,0,156,411,1274,536,614,1185,1415,5591
A huge new telescope in Canada is tracking the history of the universe’s expansion,"""Um novo telescópio gigantesco no Canadá está acompanhando a história da expansão do universo.""","""Canada is tracking the universe's expansive tale with a newly constructed behemoth telescope.""",0,247,708,2178,2097,1309,1401,1227,9167
"Dr. Michael Salla, Exopolitics.org 12-27-17… “Trump Executive Order targets Deep State & Opens Door to Full Disclosure”",“Executivo Trump atinge o Deep State & Abre a Porta para Revelação Completa”,"""Executive Trump reaches the Deep State & Opens the Door to Full Revelation""",0,226,731,2387,2439,2040,1385,2199,11407
SYRIANGIRL’s Facebook Ban Linked to Russia-gate Twitter Purge? – an Exclusive Interview,"""Chutes de Siri Girl: Ban do Facebook pode estar relacionado ao Twitter da Russia-gate""","""Twitter's Russia-gate connection might be what's behind Facebook's shutdown.""",0,323,752,2393,2220,2387,2371,2352,12798
Steve Wynn Claims Gun Free Zone Would Have Prevented Vegas Shooter,Steve Wynn afirma que o decreto de zona livre de armas poderia ter evitado o atirador de Las Vegas.,Steve Wynn asserts that the no-gun-zone decree might have foiled the Las Vegas shooter.,0,190,752,1665,925,1428,760,1016,6736
"Maxine Waters: 'Mr. President, we are organizing to bring you down'","'Mr. President, estamos organizando para derrubá-lo.'","""Mr. President, we're planning to take you down.""",0,147,752,2057,1699,1720,2121,1136,9632
LeBron calls out Cavs teammates for prior beef with D-Wade,LeBron alfineta colegas do Cavs por briga antiga com D-Wade,LeBron roasted Cavs teammates over old beef with D-Wade,0,113,752,1178,2021,1939,1804,1521,9328
"Beer Cellars, Whiskey Tastings and the Women Bringing Them to Life","Celle de Vinhos, Degustações de Whiskey e as Mulheres que os Trazem à Vida","'Vineyard, Whiskey Tastings, and the Women Who Bring Them to Life'",0,85,752,808,1278,1394,1983,1968,8268
Nike’s Islamic supremacist headbag for women has been named one of Time Magazine’s 25 BEST INVENTIONS OF 2017,"Tecnologia de Nike para cobrir a cabeça para mulheres, considerada uma das 25 melhores invenções de 2017 pelo Time Magazine.","""Nike technology to cover a woman's head, deemed one of the 25 best inventions of 2017 by Time Magazine.""",0,228,752,2237,2086,2067,503,1897,9770
"Their Sons Sought a More Democratic Hong Kong, and Got Prison",Seus Filhos Procuraram um Hong Kong Mais Democrático e Obtiveram a Prisão,"""His Sons Sought a More Democratic Hong Kong and Found the Prison""",0,59,192,1024,1358,1171,1004,1501,6309
Fracking Has Cut More CO2 Emissions Than All Renewable Energy Combined,Fracking cortou mais emissões de CO2 do que todas as energias renováveis somadas.,'Fracking cut more CO2 emissions than all renewable energies combined.',0,31,752,584,448,536,329,632,3312
Wind power gusts past coal to become second largest electricity source in Texas,O poder do vento sopra além do carvão para se tornar a segunda maior fonte de energia elétrica no Texas.,The power of the wind blows beyond the coal to become the second largest source of electric energy in Texas.,0,176,752,959,829,876,578,382,4552
"Arrested Former C.I.A. Officer Had Ties to Chinese Spies, Ex-Colleague Says","Ex-Oficial da C.I.A. Detido Tinha Ligas a Espiões Chineses, Diz Ex-Colega","""Ex-CIA Agent Arrested Had Ties to Chinese Spies, Says Former Colleague""",0,181,414,1909,1139,596,457,805,5501
Muslim killer-cop’s story falls apart: Justine Damond’s neighbors heard no loud noises- multiple people interviewed,A história do assassino-muçulmano policia se desintegra: os vizinhos de Justine Damond ouviram nenhum som alto – vários pessoas entrevistadas.,The story of the Muslim-rapper police officer falls apart: Justine Damond's neighbors heard no loud sounds – several people were interviewed.,0,147,600,1058,1484,1969,2187,1976,9421
Homeland Security Faces Lawsuit Over Warrantless Searches At Border,Homeland Security Enfrenta Ação Judicial por Buscas Sem Mandado nas Fronteiras,**Homeland Security Faces Judicial Action for Border Raids Without Warrants**,0,242,752,2233,1051,915,613,700,6506
ADAPT storms Bobby Rush's office to protect Americans with Disabilities Act.,"""Transformar tempestade""","""Transformar tempestade"" em inglês é ""transform storm"".",0,369,752,2535,2570,2570,2473,2470,13739
Former Auburn University professor turned priest busted in massive Alabama child porn sting,Professor ex-Auburn University convertido em padre é flagrado em operação maciça de pornografia infantil no Alabama,'A former Auburn University professor turned priest is caught in a massive child pornography operation in Alabama',0,148,564,1550,816,868,574,808,5328
Congressional Republicans Are Escalating Their Feud With The FBI,"""Congressional Republicans Are Escalating Their Feud With The FBI"" traduz-se como ""Republicanos do Congresso Estão Aumentando Sua Disputa com a FBI"".","""Republicanos do Congresso Estão Aumentando Sua Disputa com a FBI""",0,370,752,2562,2477,1988,1376,680,10205
"Bless her HEART! Chelsea Clinton confuses health insurance with health care, gets SCHOOLED","Mantê-la na linha! Chelsea Clinton confunde seguro-saúde com saúde, vai de ROXO!","""Keep her in line! Chelsea Clinton confuses health insurance with health, goes all ROXO!""",0,151,289,1844,2362,2352,1202,2146,10346
"America's Most Dangerous Politician, Kris Kobach, moves to redefine Democracy","""O Mais Perigoso Político da América, Kris Kobach, se move para redefinir a Democracia""","""The Most Dangerous Politician in America, Kris Kobach, Moves to Redefine Democracy""",0,59,575,343,237,446,507,280,2447
"In Catalonia, a Church Becomes a Place of Artistic Pilgrimage","Na Catalunha, a Igreja Torna-se um Lugar de Peregrinação Artística.","In Catalonia, the Church Becomes a Venue for Artistic Pilgrimage.",0,100,752,561,399,238,708,142,2900
Plan to forbid words at Trump’s FDA withdrawn after after report of new CDC policy draws outrage,Plano para proibir palavras no FDA de Trump foi retirado após novo relatório do CDC gerar indignação,"""Plano to ban words at the FDA of Trump was withdrawn after a new CDC report sparked outrage""",0,196,752,1947,1960,1368,1921,1721,9865
Park Lane Hotel Draws No Bids Near $1 Billion Price,"""O hotel da Rua Park não atrai lances próximos a US$ 1 bilhão.""","""The hotel on Park Street doesn't draw bids close to US$ 1 billion.""",0,286,752,1838,1249,2120,772,931,7948
Trump administration taps coal consultant for mining oversight role,Trump administration names coal consultant for mining oversight post.,The Trump administration names coal consultant for mining oversight position.,0,80,260,487,1001,241,2571,606,5246
A White House reporter went rogue and livestreamed the press briefing despite video and audio ban,Um repórter da Casa Branca foi desleal e transmitiu ao vivo a coletiva de imprensa apesar da proibição de vídeo e áudio.,"A White House reporter breached protocol by broadcasting the press conference live, despite the ban on video and audio.",0,161,657,1572,933,859,594,147,4923
"Trump's laughably unqualified judicial nominee loves ghost hunting, guns, and secrecy","A candidatura judicial risivelmente inadequada de Trump adora caça-fantasmas, armas e sigilo.","The laughably unsuitable legal bid of Trump cherishes bogeymen, weapons, and secrecy.",0,317,752,2064,2165,2296,2164,2169,11927
An Iranian Wrestler Throws His Match to Avoid an Israeli,Um lutador iraniano joga sua luta para evitar um israelense.,"""A boxer from Iran throws his fight to avoid an Israeli.""",0,162,752,1388,677,1937,1938,1480,8334
Russia marking day of defeat of Nazi forces | TASS, Russia marca o Dia da Derrota das Forças Nazistas | TASS,Russia marks Day of Defeat of Nazi Forces | TASS,0,21,752,5,152,69,485,485,1969
"Manchester City 3, Burnley 0, Aguero marked his 177th EPL goal with a penalty","Manchester City 3, Burnley 0, Agüero marcou seu 177º gol na Premier League com um pênalti.","'Manchester City 3, Burnley 0, Agüero scored his 177th goal in the Premier League with a penalty.'",0,106,404,690,543,1106,259,372,3480
Buzzfeed Crew Shocked To Learn They Have Low Testosterone Levels,Equipe do Buzzfeed Em choque ao descobrir ter níveis baixos de testosterona,The Buzzfeed team is in shock after finding low testosterone levels,0,263,752,1468,506,1640,1170,154,5953
Reviled coal businessman Don Blankenship reportedly mulling a Senate bid against Joe Manchin,"Homem de negócios de carvão revilado, Don Blankenship, estaria considerando uma corrida ao Senado contra Joe Manchin.","""Embued with grime of coal, Donald Blankenship, a scorned businessman, would be considering a run for the Senate against Joe Manchin.""",0,250,752,1941,2000,2336,2078,2321,11678
Bill Maher Accuses Republicans Of ‘Murder’ Over Health Care Bill,Bill Maher Acusa Republicanos de 'Assassinato' por Projeto de Saúde,Bill Maher Accuses Republicans of 'Murder' over Health Bill,0,7,458,550,578,52,1226,1096,3967
Joy Ann Reid unleashes 42 tweets about the 'rigged' DNC—that all sides may want to read,"""Joy Ann Reid libera 42 tweets sobre o 'golpe' do DNC — que todos os lados possam ler""","""Joy Reid unleashes 42 tweets on the 'coup' by DNC — for all sides to enjoy.""",0,133,698,977,2133,1953,1918,1690,9502
"As Texas reels from Harvey, Trump may tear DACA from 120,000 immigrant youth in the state",As Texas reels de Harvey podem rasgar o DACA de 120.000 jovens imigrantes no estado.,"The Texas reels of Harvey can shred the DACA of 120,000 young immigrant state residents.",0,203,752,1442,2166,2113,2326,1980,10982
"With Open Arms, LaDainian Tomlinson Leads Hall of Fame Inductees","Com Braços Abertos, LaDainian Tomlinson Leva Líderes da Gala do Hall da Fama","With Arms Wide Open, LaDainian Tomlinson Welcomes Leaders to the Hall of Fame Gala",0,156,752,1645,1476,1396,1657,1687,8769
Big City Liberals Are Forcing Rural Counties To Secede -,Liberais das Grandes Cidades estão Fazendo as Contagens Rurais se Separarem,'Liberals from the Big Cities Are Making the Rural Counts Divide',0,297,752,2287,2147,2421,1917,1701,11522
Brazilian President’s Latest Attack on Environment Opens Amazon Reserve to Mining,Ataque recente do presidente brasileiro à natureza abre reserva amazônica à mineração.,"""Recent assault by the Brazilian president on nature opens the Amazon rainforest to mining.""",0,181,752,1675,1296,1774,637,402,6717
Trump Himself Signed 'Letter of Intent' to Build in Russia during Campaign,O próprio Trump assinou uma 'Carta de Intenção' para construir na Rússia durante a campanha.,"""Trump personally signed a 'Letter of Intent' to build in Russia during the campaign.""",0,34,620,470,422,673,378,224,2821
Vice Media’s Digital Chief Loses Job After Sexual Harassment Investigation,Chief Digital da Vice Media Perde Emprego Após Investigação de Agressões Sexuais,"""Chief Digital of Vice Media Loses Job After Investigation of Sexual Assaults""",0,188,752,1687,1478,592,1015,1115,6827
Jimmy Kimmel adds his voice in support of the Children's Health Insurance Program,Jimmy Kimmel adiciona sua voz em apoio ao Programa de Seguro de Saúde para Crianças,"""Jimmy Kimmel lend his voice to the Children's Health Insurance Program.""",0,65,361,764,1978,1457,1160,1031,6816
WATCH: Kate Bolduan nails Virginia GOPer for appearing with top white nationalist just 5 months ago,"Assista: Kate Bolduan encena Virginia GOPer, expondo-se com o topo do neonazista há 5 meses.","Witness: Kate Bolduan assumes the role of Virginia GOPer, baring herself to the neonazi alt-right's peak over the last 5 months.",0,294,752,2329,2341,2474,2370,2369,12929
Groups Make Last-minute Push to Save National Monument Areas,Grupos dão o último impulso para salvar áreas monumentais do país.,Groups give the final push to save iconic areas of the country.,0,224,752,1800,1848,1662,1468,1676,9430
Trumpian ‘bravado isn’t how we conduct ourselves’: Democratic military vets enlist in Congressional races,O comportamento altivo não é o nosso procedimento,"""Arrogant behavior is not our modus operandi.""",0,391,752,2471,2356,2465,1615,2449,12499
FedEx raises full year profit outlook after quarterly growth,FedEx eleva previsão de lucro integral após crescimento trimestral.,FedEx raises forecast for full-year profit following quarterly growth spurt.,0,99,752,802,1092,94,671,376,3886
Trump Pressed Top Republicans to End Senate Russia Inquiry,Trump pressionou líderes republicanos a encerrar a investigação do Senado sobre a Rússia.,"""Trump applied pressure on Republican leaders to shut down the Senate investigation on Russia.""",0,282,752,1997,958,996,757,406,6148
We Should Have Followed Germany’s Example For Our Confederate Monuments,Deveríamos ter seguido o exemplo da Alemanha para nossos monumentos confederados.,"""We should have followed Germany's example for our Confederate monuments.""",0,1,752,310,107,356,448,1,1975
China Denies Rex Tillerson’s Accusations of Predatory Economic Policy,China Desmente Agressões de Tillerson sobre Política Econômica Predatória,"""China Denies Aggressive Claims by Tillerson About Predatory Economic Policy""",0,147,752,1346,1155,638,1252,908,6198
Prof Who Said ‘Trump Must Hang’ Won’t Be Returning To Teach,"""Prof que disse que Trump deve 'pender' não vai retornar a ensinar.""","""Prof who said Trump should 'hang' is not coming back to teach.""",0,156,752,1832,1422,1481,1592,1073,8308
Leveraging data to provide insight into complex issues surrounding Veteran homelessness,"""Utilizar dados para fornecer insight em questões complexas sobre o domicílio de veteranismo""",Use data to illuminate intricate issues surrounding veterans' residency.,0,255,752,1988,2168,1943,1410,2129,10645
"Inspiring Mother Has Made Over 15,000 Capes for Superhero Kids in Need","""Mãe Inspiradora Fez Mais de 15 Mil Casacos para Crianças-Super-Heróis em Necessidade""","""Mãe Inspiradora Fez Mais de 15 Mil Casacos para Crianças-Super-Heróis em Necessidade""",0,383,752,2557,2504,1677,2553,1764,12190
St. Louis archbishop leads prayer for peace after violent protests,O arcebispo de St. Louis leva a oração pela paz após violentas protestos.,The archbishop of St. Louis leads the prayer for peace following violent protests.,0,101,752,545,261,254,302,45,2260
Planned Parenthood Is Targeting Baby Girls in the Womb,Planned Parenthood está mirando filhas no útero,"""Planned Parenthood is targeting fetuses in the womb.""",0,42,752,961,991,324,1957,221,5248
Taylor Swift presents behind-the-scenes of ‘Look What You Made Me Do’,'Taylor Swift apresenta os bastidores de 'Look What You Made Me Do',Taylor Swift unveils the behind-the-scenes of 'Look What You Made Me Do'.,0,20,528,800,333,378,897,370,3326
The global car oil filter market is poised to reach about US$$ 535 Mn by the end of 2022,O mercado global de filtros de óleo para automóveis está prestes a alcançar aproximadamente US$ 535 milhões até o final de 2022.,The global market for engine oil filters for automobiles is set to reach approximately US$ 535 million by the end of 2022.,0,126,584,442,551,335,129,324,2491
Internet Erupts Over Woman Who Posted Breastfeeding Pic at Disneyland,'Internet Explode After Woman Posts Breastfeeding Pic at Disneyland',Internet Blows Up After Woman Posts Breastfeeding Pic at Disneyland,0,147,471,471,591,165,2536,1110,5491
"Mohammed bin Salman bought ""Salvatore Mundi"". Talibangelical heads explode in...","""Mohammed bin Salman comprou 'Salvator Mundi' e cabeças talibanegrais explodem em...""",Mohammed bin Salman bought 'Salvator Mundi' and the heads of Taliban-influenced factions explode.,0,156,680,2219,1336,2144,2377,1880,10792
Rev. Graham: No President in My Lifetime Has Defended the Christian Faith Like Trump,Nenhum presidente em minha vida tem defendido a fé cristã como Trump.,No president in my life has championed Christian faith like Trump.,0,88,752,1112,1217,1227,232,811,5439
Trump personally attacks Colin Kaepernick over national anthem protests,Trump ataca pessoalmente Colin Kaepernick por protestos contra o hino nacional.,"""Trump goes after Colin Kaepernick personally for anthem protests.""",0,170,752,1176,1558,823,727,463,5669
AL-Sen: Sen. Cory Booker (D. NJ) Helps Get Out The Vote For Doug Jones (D) To Defeat Roy Moore (R),Sen. Cory Booker (D. NJ) Ajuda a Mobilizar a Votação Para Doug Jones (D) Para Derrotar Roy Moore (R),"""Sen. Cory Booker (D. NJ) Assists in Mobilizing Voter Turnout for Doug Jones (D) to Defeat Roy Moore (R)""

A tradução literal para a frase seria:
""Senador Cory Booker (D. NJ) Ajuda a Mobilizar o Voto para Doug Jones (D) para Derrotar Roy Moore (R)""",0,244,563,2295,1999,2169,1626,1625,10521
"Becerra Tried To Block Server Admin Over Red Flags, But Logins Continued, With Muted Reaction","Becerra Tentou Bloquear o Administrador do Servidor sob Sinal de Alertas, Mas os Logins Prosseguiram, Com Reação Atenuada","""Becerra tried to stifle the server administrator under the banner of alerts, but logins persisted with a muted reaction.""",0,185,752,1634,934,2167,1679,1991,9342
Beyonce Starts Her Residency 2 Weeks Late After Delivering Twins,Beyoncé Enche Suas Botas Duas Semanas Atras De Começar Sua Residência Após Dar à Luz Gêmeos,Beyoncé fills her boots two weeks ago when she began her residency after giving birth to twins.,0,299,752,1471,2210,2461,2244,2258,11695
"HAARP Weather Warfare? Water Recedes In South America, Huge Waves Hit Africa","Tempo de Meteorologia de Guerra; Água Regressa na América do Sul, Grandes Ondas Batem na África.","""Time of Weather Warfare; Water Returns to South America, Great Waves Strike Africa.""",0,167,752,1847,1878,1786,1152,1841,9423
Fox News Poll: Majority Believe Trump Tearing Country Apart,Política de Fox News: Maioria Acredita Que Trump Está Rompendo o País em Pedaços,"""Fox News Policy: Majority Believes Trump Is Shattering the Nation to Pieces""",0,263,752,1881,1719,1670,660,1155,8100
DAAAMN! Jenna Jameson drops the MOTHER OF ALL TRUTH-BOMBS on Lisa Bloom,DAAAAMN! Jenna Jameson solta a BOMBA DE TODAS AS VERDADES na Lisa Bloom.,Damn! Jenna Jameson drops the ultimate truth bomb on Lisa Bloom.,0,112,290,1867,1633,1719,2027,1288,8936
"So yeah, we’re thinking the Auto Mag in .44AMP is back (PHOTOS)","Claro, ""So yeah, we’re thinking the Auto Mag in.44AMP is back (PHOTOS)"" pode ser traduzido como ""Então, sim, estamos achando que a Auto Mag de.44AMP está de volta (FOTOS)"".","Then yes, we're thinking the Auto Mag.44AMP is back (PHOTOS).",0,51,123,829,993,1602,1822,1698,7118
False charges of ‘Fake News’ are harming our free press,Acrus de notícias falsas estão ferindo nossa imprensa livre.,Mules of misinformation are wounding our free press.,0,170,752,2030,2245,1650,1702,1898,10447
‘No innocent explanation for this’: Kurt Eichenwald exposes reasons for Kushner meeting with Russian bankers,'Não há explicação inocente para isso': Kurt Eichenwald revela razões para o encontro de Kushner com banqueiros russos.,There is no innocuous explanation for this: Kurt Eichenwald reveals reasons for Kushner's meeting with Russian bankers.,0,56,601,1028,627,921,575,253,4061
The Lakers might bag the NBA Sixth Man of the Year Award,Os Lakers podem embolsar o NBA Sixth Man of the Year Award.,'O Lakers can net the NBA Sixth Man of the Year Award.',0,74,135,946,1787,1223,1574,1380,7119
Sony will unveil its media showcase at the Paris Games week predictions for Sony,Sony revelará seu evento de media showcase na Paris Games Week com previsões para a Sony.,"""Sony will unveil its media showcase event at the Paris Games Week with predictions for Sony.""",0,10,212,276,892,979,1438,955,4762
Photogallery - Laura Peterson presents 'FAILURE' on stage in NYC,Laura Peterson apresenta 'Falência' no palco em Nova York,"Laura Peterson takes the stage in New York with her debut, ""Failure"".",0,263,752,2330,2321,1747,2168,1924,11505
Russobot Fake News is polluting our Weblog with Foul-Mouthed Diaries,A Weblog está sendo poluída com Diários com Vocabulário Profano.,"""The weblog is being sullied with Diaries brimming with Vulgar vocabulary.""",0,310,752,2154,1941,2284,1975,2028,11444
Nancy Pelosi releases scathing statement over these reports about Trump,Nancy Pelosi lançara declaração ardente contra esses relatórios sobre Trump.,"""Nancy Pelosi will unleash a searing statement against these reports about Trump.""",0,124,643,1602,1353,1193,699,911,6525
Harlem Globetrotter Sets New Guinness World Record With Highest Upwards Shot,Harlem Globetrotter marca novo recorde da Guinness com lançamento mais alto,'Harlem Globetrotter sets a new Guinness World Record for highest launch with its debut',0,122,752,1223,1921,1955,2009,1339,9321
Migrant Youth Gangs Turn Berlin Area into Borderline No-Go Zone,"""Grupos de Gangues de Jovens Migrantes Transformam Área de Berlim em Zona de Não Ir (ou Zone of No-Go)""","""Youth Gangs in Transit Groups Turn Berlin's District into a No-Go Zone""",0,122,752,1549,1611,1464,1589,2064,9151
This Hamptons Dinner Series Is Elevating the Reputation of Rosé,Esta série de jantares no Hamptons está elevando a reputação do rosé.,This series of dinners in the Hamptons is elevating the reputation of rosé.,0,101,752,589,244,1145,1554,354,4739
Campus Carry' Law Would End Students as Victims in Fla.,Campus Carry' Law Would End Students as Victims in Fla. - Lei Campus Carry Acabaria com Estudantes como Vítimas na Flórida,"""Campus Carry Law Would End Students as Victims in Fla.""",0,1,58,581,200,815,1976,1560,5191
Rising Star Dem Harris Raises Funds for Fellow Lawmakers,Estrela Ascendente Harris Reúne Fundos para Colaboradores Legislativos,"""Ascendant Star Harris Raises Funds for Legislative Allies""",0,153,493,2092,1715,1456,1362,1549,8820
Floyd Mayweather Treated Himself to a Lavish Beverly Hills Estate,Floyd Mayweather se deu uma esplêndida mansão de Beverly Hills.,"""Floyd Mayweather built himself a splendid Beverly Hills mansion.""",0,129,752,1308,1671,2069,895,624,7448
VIDEO: Javier Baez robs Bryce Harper with spectacular catch,Javier Baez rouba Bryce Harper com captura espetacular.,"""Javier Baez rouba Bryce Harper with a spectacular steal.""",0,113,752,2121,2264,2110,2446,1636,11442
Paul Kagame Appears Set for Victory in Rwanda Vote,Paul Kagame Parece Estar Em Caminho para a Vitória nas Eleições em Ruanda.,Paul Kagame seems to be on his way to victory in the Ruanda elections.,0,282,752,2118,1233,1582,164,441,6572
"Trump Campaign Raises $$11.6 Million, Spends $$1 Million on Legal Fees","Campanha de Trump Arrecada R$11.6 Milhões, Gasta R$1 Milhão em Honorários Legais","Trump's Campaign Raises $11.6 Million, Spends $1 Million on Legal Fees.",0,4,57,131,50,178,389,636,1445
"Morning Digest: GOP turns to Missouri attorney general for Senate race, but he may face a primary","Manhã Digest: O GOP recorreu ao procurador-geral de Missouri para a disputa pelo Senado, mas ele pode enfrentar uma primary.","'Morning Digest: The GOP sought the Attorney General of Missouri in the Senate battle, but he could face a primary.'",0,149,752,1379,1222,1894,2057,2041,9494
The Secret Service Will No Longer Protect These Trump Team Members,O Serviço Secreto Não Protegerá Mais Esses Membros da Equipe Trump,The Secret Service Will No Longer Protect These Members of Trump's Team,0,38,62,394,115,35,249,34,927
Watch: Rellik the Psycho Clown could lose his job with the Circus of Horrors,"""Rellik, o palhaço psicopata, pode perder o emprego com o Circo dos Horrores.""","""Rellik, the psychopathic clown, can lose his job with the Circus of Horrors.""",0,47,254,795,1219,1166,787,710,4978
Schumer and Allies Use Jimmy Kimmel Like a Pawn,'Schumer e os Aliados Usam Jimmy Kimmel Como Peão',Schumer and the Allies Use Jimmy Kimmel as a Pawn,0,35,334,163,88,654,1144,611,3029
Trump says O. J. Simpson was framed and the LAPD planted evidence in newly released transcripts,Trump diz que O.J. Simpson foi enquadrado e a LAPD plantou provas em transcrições recém-divulgadas.,Trump says O.J. Simpson was set up and the LAPD planted evidence in newly released transcripts.,0,15,26,86,331,1888,1587,1447,5380
Anti-Establishment Billionaire Andrej Babiš to be Named Czech PM,Empresário Antiestablishment Multimilionário Andrej Babiš é Nomeado Primeiro-Ministro Tcheco,"""Anti-Establishment Multimillionaire Andrej Babiš is Named as Czech Prime Minister""",0,162,752,1385,1052,338,1550,1410,6649
House Democrats Take Demands for Trump Hotel Records to Court,Casa dos Democratas levará à Justiça demandas pelo Hotel de Trump,The House of Democrats will bring Trump's Hotel justice's claims to,0,234,752,2238,2329,2409,2334,2365,12661
PURE HELL: We spent 24 hours living through Florida’s FLAKKA crisis,Viver o inferno: Passamos 24 horas sobrevivendo à crise do FLAKKA da Florida,Livin' hell: We survived 24 hours through the Florida FLAKKA crisis.,0,101,752,1508,1393,2098,1971,2042,9865
Photogallery - Samsung to break tradition with dual cameras from 2018,Fotogaleria - Samsung quebra tradição com câmeras duplas.,"""Photo Gallery - Samsung Breaks Tradition with Dual Cameras.""",0,170,752,1743,1866,742,500,1164,6937
LMAO: Hillary Says If Trump Investigates Her It’ll Be A ‘Disastrous Step Towards…,"Tradução criativa: Hillary diz que, se Trump investigar ela, será um ""passo catastrófico em direção a...""","""Criative translation: Hillary says that if Trump investigates her, it will be a 'catastrophic step towards...'""",0,81,752,1926,1830,2023,702,1140,8454
Remembering the Future: How Ancient Maya Agronomists Changed the Modern World,"""Lembrando o Futuro: Como Agrônomos Maias Antigos Transformaram o Mundo Moderno""","""Remembering the Future: How Ancient Mayan Farmers Transformed the Modern World""",0,85,209,826,766,727,628,753,3994
Trump touts 'Made in America' week but is quietly hiring more foreign workers at Mar-a-Lago,"""Trump celebra 'Seman da Produtos Americanos', mas discretamente contrata mais trabalhadores estrangeiros em Mar-a-Lago.""","""'Trump lauds 'America First Week', but quietly hires more foreign workers at Mar-a-Lago.'""",0,73,612,1149,1865,1615,1194,1686,8194
"A year after Don the Con promised to save their jobs, Carrier Corp. employees face more layoffs","Um ano depois que Don o Con prometeu salvar seus empregos, os funcionários da Carrier Corp. enfrentam mais demissões.","""A year after Don the Con promised to save their jobs, Carrier Corp. employees face more layoffs.""",0,1,13,169,38,172,572,705,1670
"It makes sense for progressives to go after Trump voters, too",Faz sentido para progressistas também irem atrás dos eleitores de Trump.,"""Make sense for progressives to go after Trump supporters.""",0,99,145,1093,877,320,945,776,4255
Kaepernick’s Girlfriend Just Called Ravens Owner Racist Which Writer Says 'Just Doomed’ His NFL Season,Kaepernick's Girlfriend Just Called Ravens Owner Racist Which Writer Says 'Just Doomed’ His NFL Season,"""Kaepernick's Girlfriend Just Called Ravens Owner Racist, Which Writer Says 'Just Doomed’ His NFL Season""

""Kaepernick's Girlfriend Just Called Ravens Owner Racist, Which Writer Says 'Just Doomed’ His NFL Season""",0,113,416,1005,889,1488,2590,2333,8834
"Rep. Paul Gosar Unveils 'Not All DREAMers' PAC, Plans to Fight Open Border Candidates","Paul Gosar Revela o Projeto de Lei ""Não Todos Sonhadores"", Planejando Combater Candidatos por Borda Aberta","Paul Gosar Unveils the Bill ""Not All Dreamers,"" Planning to Battle Candidates by Open Border",0,136,752,1452,2207,2170,2003,2164,10884
Russian trolls watched ‘House of Cards’ to learn about US politics," Russian trolls watched ‘House of Cards’ to learn about US politics

Trolls russos assistiram a ‘House of Cards’ para aprender sobre a política dos EUA",Russian trolls watched ‘House of Cards’ to pick up on U.S. politics.,0,112,294,1197,458,412,1445,448,4366
Donald Trump will increase the US military power in Afghanistan,Donald Trump vai dar um boost à força militar dos Estados Unidos no Afeganistão.,"""Donald Trump will give a boost to the U.S. military force in Afghanistan.""",0,156,752,1456,905,549,174,145,4137
"As with Bannon before he was fired, Kelly questions Kushner's position","como Bannon antes de ser demitido, Kelly questiona a posição de Kushner.","""As before being fired, Kelly questions Kushner's position, much like Bannon.""",0,113,372,1099,1151,1133,2048,1226,7142
Nord Stream 2 Pipeline Would Put European Stability at Risk,Tuberculização Europeia com o Pipeline Nord Stream 2,European Tuberculosis with the Nord Stream 2 Pipeline,0,229,481,2159,2510,2530,568,2284,10761
Missing: Rex Tillerson—have you seen your Secretary of State,Desapareceu: Rex Tillerson—você viu seu Secretário de Estado?,"""Vanished: Rex Tillerson—did you see your Secretary of State?""",0,100,571,926,1114,649,1264,876,5500
The new 'Jane Crow' in the foster care system separates children from their poor mothers,A nova 'Jane Crow' no sistema de adoção separa crianças de suas mães pobres.,The new 'Jane Crow' system in the adoption process separates children from their poor mothers.,0,50,151,262,1063,1181,1187,565,4459
"AMAZING! President Trump to Countries Who Vote Against US on Jerusalem -- Fine, We'll Cut Your Aid","Espetacular! Presidente Trump a Países que Votam Contra os EUA sobre Jerusalém -- Tudo bem, Vamos Cortar Sua Ajuda","""Spectacular! President Trump to Countries Voting Against U.S. on Jerusalem -- Alright, Let's Cut Your Aid""",0,153,521,1089,857,1183,670,835,5308
"Arrow' Season 6 features time jump, features a new Oliver","Arrow' Season 6 features time jump, features a new Oliver","""Arrow"" Season 6 apresent will jump forward in time, introducing a new Oliver",0,143,752,2081,2167,1664,2248,1471,10526
"Ivana says Donald Trump isn’t racist, he just says ‘silly’ things because he gets confused","Ivana diz que Donald Trump não é racista, ele simplesmente diz coisas ""sorridentes"" porque ele se confunde.","Ivana says that Donald Trump is not racist, he just says things that are ""cheerful"" because he is muddled.",0,131,608,1032,2027,2125,1521,1373,8817
Saudi Arabia plans to lift driving ban on women,Arábia Saudita planeja revogar a proibição de dirigir para mulheres.,"""Saudi Arabia plans to repeal the ban on women driving.""",0,80,474,787,400,546,81,169,2537
Alaskan Bush People' Billy slammed for smoking while Ami suffers cancer,Billy é repreendido por fumar enquanto Ami luta contra o câncer.,Billy is chastised for smoking while Ami battles cancer.,0,147,524,2314,1944,1950,370,1066,8315
WATCH LIVE: President Donald Trump unveils Afghanistan strategy in address to nation,ASSISTA AO VIVO: O presidente Donald Trump revela estratégia para o Afeganistão em discurso para a nação,WATCH LIVE: President Donald Trump reveals strategy for Afghanistan in address to the nation,0,65,214,300,150,214,316,17,1276
"Have the US, Trump Really Abandoned ‘Regime Change’ in Syria?",O presidente Trump deixou mesmo os EUA abandonarem o'regime change' na Síria?,Trump left even the U.S. kick the can on regime change in Syria,0,246,752,2182,2319,2523,2390,2375,12787
Lott: Democrats keep guns out of poor people’s hands,Manter as armas longe das mãos dos pobres.,Keep power out of the hands of the poor.,0,242,752,2373,2331,2060,1393,2469,11620
DAFUQ? Chicago florist SO WOKE they make you take ‘hate quiz’ BEFORE finishing your purchase,DAFUQ? Florista de Chicago tão woken que te faz fazer um 'quiz de ódio' antes de completar a compra.,WTF? This Chicago florist is so woke it makes you take an 'hate quiz' before finishing your purchase.,0,86,752,1403,1888,1826,2162,1793,9910
Monsanto and Bayer are Maneuvering to Take Over The Cannabis Industry,Monsanto e Bayer estão manobrando para assumir o controle da indústria de cannabis.,Monsanto and Bayer are maneuvering to take control of the cannabis industry.,0,28,640,47,71,625,248,1,1660
I Tried to Defend Colin Kaepernik and This is What I Learned,Tentei defender Colin Kaepernick e é o que aprendi.,I tried to defend Colin Kaepernick and that's what I learned.,0,74,752,278,148,922,1791,39,4004
"NBA recap: The Utah Jazz beat the Oklahoma City Thunder on Saturday, 96-87","O Utah Jazz venceu o Oklahoma City Thunder no sábado, 96-87.","The Utah Jazz triumphed over the Oklahoma City Thunder on Saturday, defeating them 96-87.",0,69,181,1412,1083,913,651,342,4651
Lord & Taylor Is ‘Toast’ Now That WeWork Has Bought Its Flagship NYC Store,"""Lord & Taylor é 'pão' agora que WeWork comprou sua loja bandeira em Nova Iorque""","""Lord & Taylor is 'bread' now that WeWork bought its flagship store in New York""",0,77,752,1313,1443,2213,998,1390,8186
Photogallery - US Lawmakers set to question Trump campaign chairman,Fotogaleria: congressistas dos EUA prestes a questionar o diretor de campanha de Trump,Photo Gallery: U.S. Congressmen on the Brink of Questioning Trump's Campaign Director,0,345,752,1955,1545,1728,977,1538,8840
TV host Maria Menounos reveals battle with brain tumor,TV host Maria Menounos revela luta contra tumor cerebral,"""TV Host Maria Menounos Reveals Battle with Brain Tumor""",0,1,752,101,91,783,692,694,3114
"Healthcare Costs Could Eat Up Retirement Funds, Forecast Shows","Custos de Saúde Podem Devorar Fundos de Aposentadoria, Previsão Aponta","""Health Costs Can Devour Retirement Funds, Forecast Warns""",0,214,548,1026,936,428,1509,1211,5872
BREAKING: Paul Manafort Offered To Give Campaign Briefings To A Pro-Kremlin Businessman (VIDEO/TWEET),Paul Manafort FEZ uma OFERTA para Dar Reuniões de Campanha ao Um Negociante Pró-Kremlin (VIDEOC/ÁUDIO),Paul Manafort MADE an OFFER to GIVE campaign MEETINGS to a pro-Kremlin BUSINESSMAN (VIDEO/ AUDIO).,0,94,752,796,1374,1641,1249,2015,7921
The Dating Advice Elite Matchmaker Sameera Sullivan Gives All Her Clients,A Elite Embaixadora de Namoro da Matchmaker Sameera Sullivan Dá a Todos os Seus Clientes,"""The Elite Matchmaker Sameera Sullivan's Court of Love Brings Joy to All Her Clients""",0,139,752,1763,2300,2186,2280,2310,11730
"Scarborough Spills Secrets Of Relationship With Mika, Says ‘Too Much Crazy There’","'Scarborough Spills Secrets Of Relationship With Mika, Says ‘Too Much Crazy There’","""Scarborough spills secrets of relationship with Mika, says 'Too Much Crazy There'"" translates to:

""Scarborough unveils secrets of relationship with Mika, admits 'Too Much Crazy There'""",0,129,752,1589,1571,1987,2463,2037,10528
"McCain shocks again, calls partisan gerrymandering 'wasted votes, silenced voices and hidden power'","McCain surpreende novamente, chamando a gerrymandering partidária de 'votos desperdiçados, vozes silenciadas e poder oculto'.","McCain surprises again, calling partisan gerrymandering 'wasted votes, silenced voices, and hidden power.'",0,34,263,78,230,289,1016,1045,2955
Google Home Mini affected with bug that records conversations,Google Home Mini afetado com o vírus que grava conversas,Google Home Mini infected with the virus that records conversations,0,80,752,451,538,308,356,1,2486
Journalist Joins His Jailer’s Side in a Bizarre Persian Gulf Feud,'Repórter se Une ao Lado do Carrasco em uma Gorda Feud da Baía do Golfo'.,"""A Repórter Sides with the Executioner in a Fat Feud at the Gulf Bay.""",0,326,752,2346,2384,2411,2488,2366,13073
How the transgender crusade made me rethink my support for gay marriage,Como a cruzada transgênero me fez reavaliar meu apoio ao casamento gay,How the transgender crusade made me reassess my support for same-sex marriage,0,51,119,214,363,109,520,74,1450
New York Schools for Off-Track Students May Face Stricter Rules,Escolas de Nova York para Alunos Fora do Passeio Podem Enfrentar Regras Mais Rigorosas,"""Schools of New York May Enforce Stiffer Rules on Students Outside the Gated Route""",0,291,752,2071,1511,1605,2189,1713,10132
"At the Palais de Tokyo, Camille Henrot Finds Wonder in the Everyday","No Palais de Tokyo, Camille Henrot Encontra Maravilha no Corriqueiro","In the Palace of Tokyo, Camille Henrot Finds Wonder in the Ordinary",0,113,102,222,875,1140,1558,1284,5294
5 Things Ivanka Trump Could Do Right Now on Equal Pay,"1. Pular a corda de igualdade
2. Dar um chute no balde do preconceito salarial
3. Espancar o sapato do preconceito salarial
4. Dar um calote no balde da discriminação salarial
5. Pular na forca da paridade salarial","1. Jump the rope of equality
2. Kick the bucket of the salary prejudice
3. Whip the boot of the salary prejudice
4. Dodge the bullet of the salary discrimination
5. Jump the hangman of the wage parity",0,389,752,2555,2500,2586,2184,2495,13461
President Trump defends Melania's fashion on her foreign visits,Donald Trump defende o estilo de moda da Melania em suas visitas internacionais.,"Donald Trump defende o estilo de moda da Melania em suas visitas internacionais.

""Donald Trump champions Melania's fashion style on his international visits.""",0,280,752,2251,1991,1816,905,346,8341
Bernie Sanders dismissed Chuck Todd snark & schools him on Medicare for all,Bernie Sanders repreendeu Chuck Todd com sarcasmo e o instruiu sobre Medicare para todos.,Bernie Sanders scolded Chuck Todd with sarcasm and lectured him on Medicare for all.,0,102,408,1982,1269,1471,209,847,6288
Growbots vs. Zenprospect: Which Lead Generation Tool Can Grow Your Business,Growbots vs. Zenprospect: Qual Ferramenta de Geração de Leads Pode Aumentar o Seu Negócio,"""Growbots vs. Zenprospect: Which Lead Generation Tool Can Supercharge Your Business""",0,15,52,274,1626,448,1352,777,4544
Fox News host smacks down Geraldo Rivera for making a sexual harassment ‘exception’ for senior citizens — like himself,'Fox News host desdenha Geraldo Rivera por fazer uma exceção ao harasamento sexual para senhores idosos — como ele mesmo.',"""Fox News host berates Geraldo Rivera for making an exception to sexual harassment against old men — like himself.""",0,141,616,1641,928,912,1857,1177,7272
Former top lieutenant to Ku Klux Klan chief is now looking at prison time for running pill mills,Ex-líder do KKK agora enfrenta pena de prisão por operar farmácias ilegais,Ex-líder do KKK now faces prison time for operating illegal pharmacies,0,314,752,2321,2446,2099,1354,1932,11218
Valeant Pharma nudges higher as billionaire investor John Paulson joins board,Valeant Pharma dá um chute para cima quando John Paulson entra no conselho.,"""Valeant Pharma gets a boost when John Paulson joins the board.""",0,177,752,1773,1337,1612,1043,809,7503
Elegance on Display: How 68-year-old Patti LuPone vocalizes her Trump Derangement Syndrome (NSFW),"Classe à Vista: Como a vocalista de 68 anos, Patti LuPone, revela seu Transtorno do Donald Trump","""Class in Sight: How 68-year-old Vocalist Patti LuPone Exposes Her Trump Disorder""",0,173,567,1751,1987,2141,2017,2091,10727
Why is Emma Stone helping to defile our daughters?,Por que Emma Stone está ajudando a corromper nossas filhas?,"""Why is Emma Stone helping to corrupt our daughters?""",0,21,130,508,413,542,579,160,2353
Did the Media Do Its Homework on the London Bucket Bomber... -,O Media Fez o Trabalho de Casa com o London Bucket Bomber...,'O Media Made the Housework with the London Bucket Bomber...',0,210,232,1927,2391,2017,1806,1951,10534
Photogallery - Maybe they don’t hit you: 5 relationship emotional abuse tactics,"""Galeria de Fotos - Talvez não te acertem: 5 táticas de abuso emocional em relacionamentos""","""Photo Gallery - Maybe It Won't Hit You: 5 Tactics of Emotional Abuse in Relationships""",0,189,752,1523,1460,1734,1009,1492,8159
BREAKING: Senate Announces Deal To Reopen Government – What About DACA?,BREAKING: SENADO ANUNCIA ACORDO PARA REABRIR GOVERNO – O QUE ACONTECE COM DACA?,BREAKING: SENADO ANNOUNCES DEAL TO REOPEN GOVERNMENT – WHAT HAPPENS TO DACA?,0,68,752,423,1423,2175,1115,561,6517
Killer Aadhaar Kills Another Aadivasi Woman By Denying Her Food – Countercurrents,Aadhaar assassino atira em outra mulher adivasi negando a comida – Contra-correntes,"""Murderous Aadhaar shoots another adivasi woman, refusing food – Countercurrents""",0,196,752,1367,1468,2140,2155,1904,9982
Strong Yuan Could Open Door to Relaxing Currency Curbs,"""Força Yuan Poderá Abrir Portas para Restrições de Moeda Abertas""

Em inglês:
""Strong Yuan Could Open Door to Relaxing Currency Curbs""

Em português, mantendo o sentido metafórico original:
""Força Yuan Pode Abrir Portas para Restrições de Moeda Abertas""","""Força Yuan Pode Abrir Portas para Restrições de Moeda Abertas"" para o inglês:
""Strong Yuan Can Open Doors to Unbound Currency Restrictions""",0,301,752,2408,2388,2441,2455,2357,13102
WNBA team Seattle Storm raising money for baby butchers Planned Parenthood,Seattle Storm da WNBA arrecadando fundos para bebês carneiros da Planned Parenthood,"""Seattle Storm of the WNBA raising funds for Planned Parenthood's lamb babies""",0,197,752,1517,2280,2321,2271,2029,11367
Spotlight on green news & views: Hurricane Irma spins northward; Big Oil beats CA on drilling,Destaque nos verdes: Irma gira para o norte; Big Oil vence CA na perfuração,"""Spotlight on greens: Irma spins north; Big Oil wins CA in drilling.""",0,152,752,1721,2211,1376,1532,1818,9562
‘We were literally on the helicopter’: Journo who flew with Coast Guard owns Trump over anti-press jab,Estamos literalmente no helicóptero.,We are literally on the helicopter.,0,245,752,2288,2232,2481,2351,2373,12722
"Poynter, Facebook’s Arbiter of ‘Fake News,’ Sees Jewish Conspiracy to Purge H.R. McMaster","'Refent Poynter, o Arbiter de ‘Falsa Informação’ do Facebook, Vê Conspiração Judeu para Expurgar H.R. McMaster'

Tradução:","""Refent Poynter, Arbitrator of ‘Fake News’ on Facebook, Sees Jewish Conspiracy to Purge H.R. McMaster""",0,62,174,445,1725,824,1725,1214,6169
"Trump tweets GIF of him hitting Hillary Clinton with golf ball, Twitter erupts",Twitter explode com o GIF de Trump batendo na Hillary Clinton com uma bola de golfe,"""Twitter explodes com o GIF de Trump batendo na Hillary Clinton com uma bola de golfe""

""Twitter explodes with the GIF of Trump hitting Hillary Clinton with a golf ball""",0,243,747,2324,2019,1579,2288,1862,11062
"Pujols Hits Slam for 600th HR, Leads Angels Past Twins 7-2","Pujols Hits Slam for 600th HR, Leads Angels Past Twins 7-2","Pujols hits slam for 600th HR, leads Angels past Twins 7-2",0,1,307,3,6,409,2516,1838,5080
"If Paul Ryan is such a 'Russia hawk,' why hasn't he passed the Russian sanctions bill?","Se Paul Ryan for tão um 'agente duro contra a Rússia', por que ele ainda não passou o projeto de sanções à Rússia?","""If Paul Ryan is such a 'hard agent against Russia', why hasn't he yet passed the sanctions bill on Russia?""",0,54,454,575,1552,878,803,1034,5350
Researchers Restore Consciousness In Man Who Spent 15 Years In Vegetative State,Cientistas Restauram Consciência em Homem que Ficou 15 Anos em Estado Vegetativo,Scientists Awaken Man's Consciousness After 15 Years in Vegetative State,0,188,752,878,809,1053,599,543,4822
"Pope Francis Reverses Vatican Judgment on Charlie Gard Case, Siding with Parents","O Papa Francisco Reverte o Julgamento do Vaticano no Caso Charlie Gard, Alinhando-se com os Pais.","""Pope Francis Reverses Vatican Judgment in Charlie Gard Case, Aligning with Parents.""",0,37,245,511,312,621,937,1198,3861
"With no explanation, Trump fired the entire Presidential Advisory Council on HIV",Trump descartou completamente o Conselho Presidencial sobre HIV,"""Trump completely wrote off the Presidential HIV Advisory Council""",0,209,752,2123,1636,1236,375,1285,7616
"Bridal designer mixes up the runway with sensual, untraditional gowns",Designer de casamentos embaralha a passarela com vestidos sensuais e pouco convencionais.,"""Designer de casamentos embaralha a passarela com vestidos sensuais e pouco convencionais.""",0,374,752,2559,2517,2142,2508,1798,12650
It’s confusing. There is no explanation': Some green card holders getting turned away from US Army,'É um enigma. Não há explicação: Alguns holders de green card estão sendo recusados pelo US Army.',It is a puzzle. There is no explanation: Some green card holders are being rejected by the U.S. Army.,0,179,561,1801,568,1273,386,300,5068
Michael Bloomberg: Facebook May Need to ‘Read Every Message’ to Stop Fake News,O Facebook Pode Precisar de 'Ler Cada Mensagem' para Parar Notícias Falsas,The Facebook May Need to 'Read Every Message' to Stop Fake News,0,24,317,965,1617,296,397,1710,5326
"200,000 Americans call on Trump to 'recognize Antifa as terror organization'","200,000 Americans call on Trump to'recognize Antifa as terror organization' = 200 mil americanos pedem a Trump que'reconheça a Antifa como organização terrorista'","200,000 Americans plead with Trump to 'acknowledge Antifa as a terror organization'.",0,89,752,287,236,282,650,164,2460
‘#AJediYouAreNOT’: Star Wars’ Mark Hamill cuts down FCC chairman Ajit Pai for ridiculous anti-net neutrality video,'#UmJediVocêNãoÉ' - Star Wars' Mark Hamill corta Ajit Pai da FCC pela ridícula campanha anti-net neutrality,"""A Jedi não é você"", Mark Hamill corta Ajit Pai da FCC com sua ridícula campanha anti-net neutrality.",0,266,752,2418,2452,2276,2465,2403,13032
"""Why are We Talking about Tax Cuts when We Should Be Talking Treason!""",Por que estamos falando de corte de impostos quando deveríamos estar falando de traição!,"""Why are we talking about tax cuts when we should be talking about betrayal!""",0,20,752,28,304,959,502,558,3123
Hungary's 'wall' has cut illegal migrant inflow by over 99%,"""A barreira da Hungria cortou o fluxo de migrantes ilegais em mais de 99%.""","""The Hungarian barrier has cut the flow of illegal migrants by over 99%.""",0,197,682,1546,716,351,25,30,3547
Marxist Google fires employee behind anti-diversity memo for ‘perpetuating gender stereotypes’,'Queimar uma empresa',''Burn the company.'',0,391,752,2519,2582,2580,445,2463,11732
Mormon Church calls on political leaders to create protections for Dreamers,A Igreja Mórmon pede a líderes políticos que criem proteções para os Sonhadores.,"""The Church of Jesus Christ of Latter-day Saints asks political leaders to create safeguards for dreamers.""",0,196,727,1969,977,1985,1518,1527,8899
Al Gore Calls Naturally Occurring Iceberg A ‘Jarring Reminder’ Of The ‘Climate Crisis’,Gore Chama Icebergs Naturais Ocorrentes de um 'Recordatório Repentino' da 'Crise Climática',"""Gore calls nature’s icebergs to mind as a sudden reminder of the 'climate crisis'.""",0,160,752,2185,1846,2177,2176,2289,11585
The Writers of ‘Planet of the Apes’ Went Bananas with Christian Imagery,Os autores de 'O Planeta dos Macacos' Ficaram doidos com Imaginação Cristã.,The authors of 'Planet of the Apes' Lost Their Minds to Christian Imagination.,0,167,752,1717,1594,2426,1682,2100,10438
Serena Williams Is Serving Up Her Bel Air Estate,Serena Williams está servindo seu imóvel em Bel Air,Serena Williams is selling her pad in Bel Air,0,113,752,1060,2101,1782,2216,2067,10091
"Something really f--king fishy is buried in Graham-Cassidy's funding numbers, and it involves Alaska","Algo bem estranho está enterrado nos números de financiamento de Graham-Cassidy, e envolve Alaska.","A mysterious something is buried in the Graham-Cassidy funding numbers, involving Alaska.",0,148,752,1869,1896,1631,1283,1262,8841
‘I WANT you to pay for abortions!’ Salon writer so VILE over taxes you THINK he’s a parody (he’s not),"""Eu quero que você pague por abortos!"" Escrevedor do Salon tão DEVOLTO por impostos que VOCÊ PENSA que ele é uma paródia (ele não é)","""I want you to pay for abortions!"" The Salon writer is so taxed that you THINK he's a parody (he isn't)""",0,72,523,738,861,1663,2127,1930,7914
Witness from Las Vegas concert blows the truth wide open on TV-Mutiple shoothers at the ground fired upon us and killed people,"Witness da apresentação do Las Vegas em vivo na TV revela a verdade, espalhando-a por toda a parte. Muitos espectadores foram alvejados no chão e mortos.","""A witness of Las Vegas' live TV presentation unveils the truth, spreading it across all regions. Many viewers are hit by it and killed.""",0,298,752,2402,1934,2414,1964,2291,12055
SCIENCE FOR SALE: Shocking emails reveal editor of food science journal was secretly on Monsanto’s payroll at $$400 per hour – Infinite Unknown,"""Ciências à Venda: E-mails Revelam Editor de Revista de Ciência de Alimentos Era Secretamente no Payroll da Monsanto a U$400 por Hora – Desconhecido Infinito""","""Sciences on Sale: E-mails Reveal Magazine Editor Was Secretly on Payroll at Monsanto for U$400 per Hour - Mysterious Infinite""",0,177,752,1728,1743,2092,1769,2182,10443
Abortion Clinic Performed 85 FREE Abortions In the Wake Of Hurricane Harvey,"Em um contexto de tempestade, a clínica de aborto executa 85 abortos gratuitos.","In a storm of controversy, the abortion clinic performs 85 free abortions.",0,245,752,2067,1790,2129,1498,2183,10664
Kellyanne Conway loses it on Twitter after being questioned over Trump's lies,"""Kellyanne Conway loses it on Twitter after being questioned over Trump's lies""

""Kellyanne Conway perde a cabeça no Twitter após ser questionada sobre as mentiras de Trump""",Kellyanne Conway loses it on Twitter after being questioned over Trump's lies,0,1,1,1,18,55,2108,629,2813
Court Throws Out Blackwater Guards' Sentences for 2007 Baghdad Massacre,"""Court Joga Fora as Sentenças da Blackwater's 2007 Massacre no Bagdá""","""Court Joga Fora as Sentenças da Blackwater's 2007 Massacre no Bagdá"" traduzido para o inglês:

""Court Tosses Aside Sentences from Blackwater's 2007 Massacre in Baghdad""

""Court"" traduzido como ""Court"" (tribunal).
""Tosses Aside"" traduzido como ""Tosses Aside"".
""Sentenças"" traduzido como ""Sentences"".
""Blackwater's"" traduzido como ""Blackwater's"".
""2007"" traduzido como ""2007"".
""Massacre"" traduzido como ""Massacre"".
""no Bagdá"" traduzido como ""in Baghdad"".",0,348,752,2506,2399,2563,2344,2486,13398
Nutrawise Unveils Youtheory Slimming Citrus Fruit Tablets To Promote Abdominal Fat Loss,Nutrawise Desvenda Suplementos Citrus Slimming da Tabela De Frutas Para Promover a Perda de Gordo da Barriga,Nutrawise Unveils Oranges' Secret Slimming Formula From The Fruit Chart To Promote Belly Fat Loss,0,152,752,1083,2071,1923,2107,2228,10316
Study finds ancient Hydrothermal vents on Mars ‘cradle for alien life’ on Red Planet,"Descobriu-se na Terra ancestral hidrotermais de Martelida, 'berço de vida alienígena' no planeta Vermelho","""Discovered on Mars in the ancient hydrothermal springs of Martelida, the 'cradle of alien life' on the Red Planet.""",0,203,752,2082,1927,1837,2075,2191,11067
Trump Sharply Warns Turkey Against Military Strikes in Syria,Trump Agudamente Alerta Turquia Contra Golpes Militares na Síria,"""Trump Sharply Warns Turkey of Military Coup Threats in Syria""",0,80,527,801,863,579,402,657,3909
So Youtube Denied My Appeal For Banned Video – W/O Explanation,O Youtube Rejeitou Meu Pedido de Revisão Sem Explicação – W/O Explicação,YouTube Rejected My Review Request Without Explanation – W/O Explanation,0,210,438,1251,1312,1979,176,1327,6693
"Target of Racist Graffiti Wrote It, Air Force Academy Says","Alvo de Grafites Racistas Foi o Autor, Disse a Academia da Força Aérea","""Target of Racial Graffiti Was the Writer, Said the Academy of the Air Force.""",0,246,752,2006,1689,2053,2020,1832,10598
Two More Accusers Say Moore Pursued Them at Alabama Mall,Dois acusadores adicionais afirmam que Moore os perseguiu no centro comercial da Alabama.,Two additional accusers allege that Moore pursued them at the Alabama mall.,0,86,752,275,192,548,1323,391,3567
Available jobs number hits all-time high as employers struggle to find workers,"O número de vagas disponíveis está no seu ponto mais alto de todos os tempos, conforme os empregadores lutam para encontrar trabalhadores.","""The number of available positions is at its highest peak in history, as employers struggle to find workers.""",0,227,607,2022,776,658,189,203,4682
"Trump is losing 'friends,' but not losing Paul Ryan or Mitch McConnell","Trump está losing 'amigos', mas não está losing Paul Ryan ou Mitch McConnell.","""Trump está perdendo 'amigos', mas não está perdendo Paul Ryan ou Mitch McConnell.""",0,262,752,2481,2486,348,2022,984,9335
‘Creeping annexation’: Why Israel shelved the ‘Greater Jerusalem Law’,Annexação silenciosa,Subtle annexation,0,343,752,2391,2559,2573,250,2399,11267
Healthcare Cloud Computing Market revenue will reach $$25.7 billion by 2024,"A receita do mercado de computação em nuvem para saúde atingirá USD 25,7 bilhões até 2024.",The cloud computing prescription for healthcare will reach USD 25.7 billion by 2024.,0,102,628,686,1517,1289,1686,1751,7659
Philadelphia City Council Approves Crackdown on Nuisance ‘Beer Delis’,Conselho Municipal de Filadélfia Aprova Ação Contra 'Delis de Cerveja' Incomodantes,Philadelphia City Council Approves Action Against 'Beer Delis' That Are Obnoxious,0,147,576,1772,738,1301,1114,1004,6652
Kevin James on Why ‘Kevin Can Wait’ Dumped Erinn Hayes,"""Kevin James on Why ‘Kevin Can Wait’ Dumped Erinn Hayes"" se traduz para o português como:

""Kevin James sobre por que ‘Kevin Pode Esperar’ Descartou Erinn Hayes""","""Kevin James on Why ‘Kevin Can Wait’ Ditched Erinn Hayes""",0,17,105,218,756,981,1892,1509,5478
Chelsea Manning calls U.S. ‘police state’ after Harvard fellowship revoked,"Chelsea Manning critica Estados Unidos como ""estado policial"" após revogação de Fellowship da Universidade Harvard","Chelsea Manning criticizes the United States as a ""police state"" after the revocation of her fellowship at Harvard University.",0,255,752,2165,1390,1099,685,176,6522
Ex-Con Interpreter Delivers Gibberish Sign Language at Police Press Conference,Interpreta Ex-Aposentado Entrega Sinais de Mão de Signo de Polícia em Conferência de Imprensa.,Retired Cop Signals Imprisonment from Conference Pressroom.,0,368,752,2366,2438,2541,2517,2430,13412
Trump family to spend Christmas in their secret lair under volcano,A família Trump decidiu passar o Natal na sua toca secreta sob um vulcão.,The Trump family chose to spend Christmas in their secret lair beneath a volcano.,0,51,197,920,950,342,58,93,2611
Jim Fetzer: “Jeff Rense Fired Me for This Show”,"Jeff Rense ""me jogou pelas tabelas"" para este programa.","Jeff Rense ""threw me under the bus"".",0,267,752,2407,2310,2518,2493,2423,13170
"Canada probes ‘act of terrorism’ as five injured, suspect arrested","Canada probes act of terrorism as five injured, suspect arrested","'Canada investigates act of terror as five wounded, suspect arrested'",0,100,752,877,656,363,2349,491,5588
Goldfish make alcohol to survive the winter without oxygen,Peixes dourados produzem álcool para sobreviver ao inverno sem oxigênio.,"""Goldfish produce alcohol to survive the winter without oxygen.""",0,21,129,321,207,395,114,197,1384
It took the Washington Post one hour to debunk Kris Kobach's ridiculous voter fraud claims in NH,Levou uma hora para o Washington Post desmontar as declarações absurdas de Kris Kobach sobre fraude eleitoral no NH.,"""Washington Post took one hour to dismantle Kris Kobach's absurd claims about election fraud in NH.""",0,130,752,847,1247,936,465,975,5352
"EA beefs up gaming portfolio, acquires 'Titanfall' maker Respawn","""EA engorda seu portfólio de games, adquire criadora de 'Titanfall' Respawn"".","""EA fattens its portfolio of games by acquiring the creator of 'Titanfall', Respawn.""",0,274,752,2004,1206,924,1275,885,7320
Neoliberalism has conned us into fighting climate change as individuals,Neoliberalismo nos enganou para que lutemos contra as mudanças climáticas como indivíduos.,Neoliberalismo has deceived us into fighting climate change as individuals.,0,50,94,160,1086,268,1907,338,3903
Rep. Pete King on Iran Deal: US Needs to 'Clean This Up',"""Rep. Pete King on Iran Deal: US Needs to 'Clean This Up'"" deve ser traduzido como ""Deputado Pete King sobre o Acordo Nuclear: os EUA Precisam 'Limpar Esta Bagunça'""",Rep. Pete King on Iran Deal: US Needs to 'Clean This Up',0,1,1,4,14,21,1307,791,2139
Watch Podesta dodge the fact that Hillary Clinton let 20% of U.S. uranium go to the Russians and more,Watch Podesta evitar o fato de Hillary Clinton ter deixado 20% do urânio dos EUA nas mãos dos russos e mais,"""Watch Podesta dance around Hillary Clinton leaving 20% of U.S. uranium in Russian hands and more.""",0,149,309,1557,2064,1949,2179,2050,10257
We Don’t Meet Anyone by Accident – 5 Types of Cosmic Connections,"""Não Esbarramos em Ninguém por Acaso – 5 Tipos de Conexões Cósmicas""","""Not Encountering Anyone by Chance – 5 Types of Cosmic Connections""",0,124,233,1698,1652,630,1374,1811,7522
US taxpayers rush to claim deductions that are under threat from the GOP’s tax bill,Tributários dos EUA correm para garantir deduções ameaçadas pelo projeto de lei tributária do GOP.,U.S. tax collectors rush to secure threatened deductions from the GOP tax bill.,0,183,752,1612,834,1507,1251,263,6402
A reminder Stephen Miller once dumped a childhood friend because he was Latino,Um lembrete: Stephen Miller já descartou um amigo da infância porque ele era latino.,"""A reminder: Stephen Miller had already discarded an old childhood friend because he was Latino.""",0,92,428,1270,722,1318,240,457,4527
North Korea has launched six nuclear tests amidst growing UN concerns,Coreia do Norte realiza seis testes nucleares em meio a crescente preocupação da ONU.,North Korea Conducts Six Nuclear Tests Amid Rising Concerns by the UN,0,188,752,490,449,889,544,1124,4436
Top Female Music Executives Send Rebuke to Grammys Leadership,Empresárias musicais femininas renomadas enviam uma resposta ao comando da Academia de Gravação,Renowned female music entrepreneurs respond to the Academy of Recording's decree.,0,303,752,2204,1825,2259,1408,2113,10864
How Obama Handled An Attack By A Racial Nationalist,"""How Obama Managed An Assault By A Racial Nationalist""","""How Obama Managed An Assault By A Racial Nationalist""",0,60,472,389,592,64,2579,1062,5218
Countless Scores Of Muslims Are Renouncing Islam And Giving Their Lives To Christ In Finland,Milhares de Muçulmanos Estão Abandonando o Islam e Se Dando a Cristo na Finlândia,"""Thousands of Muslims are defecting from Islam and converting to Christ in Finland.""",0,121,752,1476,838,1702,323,793,6005
"Pressure on Manafort grows as feds track more income, possible money laundering","Pressão sobre Manafort aumenta à medida que os federais rastreiam mais renda, possível lavagem de dinheiro.","'The pressure on Manafort builds as the feds trace more cash, potential money laundering.'",0,139,752,825,880,1076,1790,1007,6469
"Pope Francis Warns G20 Of 'Very Dangerous Alliances With Distorted Visions', America and Russia","Pope Francis Adverte G20 sobre 'Aliiances Muito Perigosas com Visões Deformadas', América e Rússia.","""Pope Francis Warns G20 on 'Dangerous Alliances with Twisted Visions', America and Russia.""",0,47,320,235,269,866,1256,1318,4311
Who Ordered The ‘Unmasking’ Of Americans? None Other Than Trump Puppet Devin Nunes,"Quem Mandou a 'Desmascarar' os Americanos? Ninguém senão a Marionete de Trump, Devin Nunes.","""Who Ordered the 'Unmasking' of the Americans? None other than Trump's Puppet, Devin Nunes.""",0,11,752,914,295,310,1195,733,4210
Trump mega-donor Rebekah Mercer tried to buy access to Clinton emails but ran into ‘major legal liabilities’,"'Rebekah Mercer tentou comprar acesso aos e-mails de Clinton, mas se deparou com 'liberalidades legais significativas'.","Rebekah Mercer attempted to buy access to Clinton's emails but ran into ""significant legal loopholes"".",0,95,444,1211,1173,1340,1368,843,6474
"How Modern Women Are Destroying Society (And Before You Scream Sexist, WATCH THE VIDEO)","Como Mulheres Modernas Estão Destruindo a Sociedade (E Antes de Gritar Sexista, ASSISTA AO VÍDEO)","""As How Women Are Modernly Disrupting Society (And Before You Shout ‘Sexist,’ WATCH THE VIDEO)""",0,69,389,502,1245,1500,2126,1973,7804
California ‘Puppy Mill’ Ban Would Also Cover Kittens and Bunnies,Proíbo 'California Puppy Mill' Também Abrangeria Gatinhos e Coelhos,I forbid 'California Puppy Mill' Would Also Cover Kittens and Rabbits,0,68,343,1374,2085,2311,2237,2309,10727
Authorities Arrest Four in India for ‘Game of Thrones’ Leaks,"Autoridades Detêm Quatro Pessoas na Índia por Fugas de ""Game of Thrones""","Authorities Arrest Four People in India for Escapes from ""Game of Thrones""",0,45,752,1229,1881,1045,801,1847,7600
Sen Al Franken Exposed as Sex Predator Who Groped Unconscious Woman While Proudly Smiling for Sick Photo +Video,"""Sen Al Franken Exposto como Predador Sexual que Agarrou Mulher Inconsciente enquanto Proudamente Sorria para Fotos e Vídeos.""","""Sen. Al Franken Exposed as a Sexual Predator Who Groped an Unconscious Woman While Proudly Smiling for Photos and Videos.""",0,80,340,1309,1158,1498,1065,1421,6871
Rep. Steve Scalise says his shooting fortified his views on gun rights; Liberal hate also fortified,"""Rep. Steve Scalise diz que seu disparo reforçou suas opiniões sobre o direito à arma; ódio liberal também reforçou.""",Rep. Steve Scalise says his shooting bolstered his views on gun rights; liberal hatred also bolstered.,0,48,107,201,658,676,1338,1014,4042
"Roy Moore breaks silence after latest sexual assault claim, destroyed on Twitter","Roy Moore quebra o silêncio após a última acusação de assédio sexual, devastado no Twitter","Roy Moore breaks his silence after the latest sexual harassment accusation, shattered on Twitter",0,102,752,251,482,1170,1881,501,5139
The White House has become the craziest reality show on TV,"""The White House has become the craziest reality show on TV"" traduzido criativamente para o português:

""A Casa Branca se tornou o programa de reality show mais maluco na TV.""","""The White House has become the craziest reality show on TV""",0,1,15,106,80,49,1529,716,2496
New Democratic ad turns the words of Roy Moore's own party against him,A nova estratégia democrata vira as palavras de seu próprio partido contra ele.,"""The new Democratic strategy turns its own party's words against itself.""",0,218,752,2156,2288,1847,942,1670,9873
ACLU take offensive measures against Trump's voting fraud claims,ACLU toma medidas ofensivas contra as alegações de fraude eleitoral de Trump.,"""ACLU strikes against Trump's voting fraud allegations.""",0,114,493,1159,1551,372,1567,1006,6262
Sen. McCain Expresses Dismay 'We Are a Unicameral Govt',Sen. McCain Expresses Dismay 'We Are a Unicameral Govt' traduzido para o português é: Sen. McCain Expressa seu Desespero 'Nós Somos um Governo Bicameral'.,Sen. McCain Expresses Dismay 'We Are a Bicameral Government'.,0,60,47,538,338,364,2323,1531,5201
"Born in Grief, New Group Helps Families of Slain Officers","Nascido na Tristeza, Novo Grupo Auxilia Famílias de Policiais Mortos em Combate","'Born in Sadness, New Group Aids Families of Police Officers Killed in Action'",0,143,752,1543,799,2043,1350,1623,8253
Acting Manhattan U.S. Attorney and DEA announce provisional arrest in London of Pakistani National for drug-trafficking on a massive scale,Promotor de Manhattan nos EUA e a DEA anunciam prisão cautelar em Londres de nacional pakistanês por tráfico de drogas em grande escala.,"""The Manhattan promoter in the US and the DEA announce an arrest warrant in London for a Pakistani national for drug trafficking on a large scale.""",0,134,752,1505,1690,1660,918,1746,8405
"Washington Redskins work out five players, sign one to practice squad","""Washington Redskins treinam cinco jogadores, assinam um para o elenco de desenvolvimento.""","""Washington Redskins train five players, sign one for the development roster.""",0,177,483,1451,626,1460,811,1069,6077
"In a Play, Rafael Nadal Inhabits a New Role: Gay Icon",Rafael Nadal Adquire um Novo Papel: Ícone Gay,"""Rafael Nadal takes on a new role: Gay Icon""",0,99,752,1266,973,1291,900,553,5834
Trump admin. signals states can tie Medicaid to work,Administração de Trump sinaliza que estados podem ligar Medicaid ao trabalho,"""Trump administration indicates states can link Medicaid to work.""",0,113,752,1827,1160,149,625,192,4818
Sexual Harassment Allegations Hit the Clinton and Sanders Campaigns,Assédio Sexual Acusado Bate na Campanha de Clinton e Sanders,'Sexual Harassment Accused Kicks Campaign for Clinton and Sanders',0,170,752,1823,2385,2198,2021,2262,11611
Ex-Trump adviser dismisses church massacre: Why don’t we talk about the things the world cares about?,Ex-Trump adviser desdenha massacre na igreja: Por que não falamos sobre os temas que o mundo realmente se importa?,Ex-Trump adviser scoffs at church massacre: Why don't we talk about the things the world truly cares about?,0,19,150,168,121,246,1227,521,2452
Appeals Panel Stays Injunction Against Texas Voter ID Law,Painel de Apelos Mantém Injeção Contra Lei de Identificação Eleitoral do Texas,'Apetrecho of Appeals Holds Off Law Enforcement Agencies' Injection Against Texas Voter Identification Bill',0,282,752,2236,2429,2402,2452,2447,13000
"Republicans aim to loosen gun laws, allow convicted stalkers to conceal-carry nationwide","Republicanos buscam afrouxar as leis de armas, permitir que infratores de stalking tenham o direito de carregar armas escondidas em todo o país.",Republicanos estão tentando aliviar as leis de armas e permitir que infratores de stalking tenham o direito de carregar armas escondidas em todo o país.,0,391,752,2579,2479,1903,2287,1515,11906
PressTV-‘Iran not crossing red lines in cooperating with IAEA’,Prensa TV-’Irã não cruzando as linhas vermelhas ao colaborar com a AIEA’.,"""TV-Iran not crossing red lines while collaborating with the IAEA""",0,113,598,889,947,1162,2167,1935,7811
"DHS Kelly Drops ‘Likely’ Approval for H-2B Worker Expansion, Now Studying Issue","""DHS Kelly Drops ‘Likely’ Approval for H-2B Worker Expansion, Now Studying Issue"" traduzido criativamente para o português:

""Kelly DHS Desiste da Aprovação Provável para Expansão de Trabalhadores H-2B, Agora Estudando o Assunto""","""Kelly DHS Abandona a Possível Aprovação para Expansão de Trabalhadores H-2B, Agora Analisando o Problema""",0,340,752,2491,2548,2231,1858,2304,12524
Tax Reform Will Kill the Death Tax and AMT,"""A Reforma Tributária Matará o Imposto sobre a Death Tax e o AMT""",'The Tax Reform Will Kill the Estate Tax and the AMT',0,52,260,636,1589,445,1963,1735,6680
MT-Sen: Jon Tester (D) Pushes The Call To Reduce The Number Of Standardized Testing,Jon Tester (D) Empurra a Iniciativa para Reduzir o Número de Testes Padronizados.,Jon Tester (D) Pushes Initiative to Trim the Number of Standardized Tests,0,114,441,1139,1777,1386,355,1411,6623
Arizona GFD Takes Possession of Newborn Fawn “Kidnapped” from Wild,"""Arizona Toma Possessão da Criança Nova Recém-Nascida ""Kidnapped"" da Natureza.""","""Arizona claims ownership of the newly born infant 'Kidnapped' from Nature.""",0,263,752,2328,2119,2377,1977,1587,11403
How the Amtrak Dining Car Could Heal the Nation,Como o Carro-Dining da Amtrak Pode Curação o País,"""As the Amtrak Diner can cure the nation""",0,214,752,1460,2318,2390,2399,1943,11476
Republican pundit loses his mind after ex-Obama adviser says Trump-supporting marchers are ‘actual Nazis’,Colunista republicano perde a cabeça depois que ex-aliado de Obama chama adeptos de Trump de ‘nazi de verdade’.,'Republican columnist loses it after Obama former ally labels Trump supporters'real Nazis'.',0,248,752,2089,1490,1997,1796,1939,10311
Chinese Man Allegedly Imprisoned 500 Cats to Sell Them to Restaurants,Cinese Presumido Preso com 500 Gatos para Vender para Restaurantes,"""Chines Presumido Preso com 500 Gatos para Vender para Restaurantes""",0,371,752,2566,2552,2436,2555,2275,13507
Republicans Won’t Regulate Gun-Toting Domestic Terrorists But Plan to Regulate Women,"Republicanos Não Regulamentarão Tiros e Terrorismo Doméstico, Mas Planejam Regulamentar Mulheres.","""Republican Won't Regulate Gunfire and Domestic Terror, but Will Regulate Women.""",0,167,752,1998,1363,1047,1272,2035,8634
"If You Watch Anything Today, Watch This Video Of Marshawn Lynch Messing With People","Se Você Assistir a Algo Hoje, Assista Este Vídeo de Marshawn Lynch Brincando com Pessoas","If you watch something today, watch this video of Marshawn Lynch playing with people",0,32,752,29,263,2253,1315,818,5462
Roy Moore fundraising to fight assault accuser in court,Moore está levantando fundos para lutar contra sua acusadora em tribunal.,Moore is raising funds to take a stand against her accuser in court.,0,223,752,1902,1965,1570,550,1452,8414
"Ahead of Independence Referendum, Catalan Citizens Occupy Polling Stations","Adiante do Referendo de Independência, Cidadãos Catalães Conquistam estações de Voto.","""Beyond the Referendum on Independence, Catalan Citizens Conquer the Vote Stations.""",0,255,752,1865,2088,2356,1781,1545,10642
Teen Mom 2': Kailyn Lowry changing her son's last name amid custody drama?,Kailyn Lowry mudando o sobrenome do filho durante a disputa de guarda.,Kailyn Lowry changing the last name of her child during the custody battle.,0,229,752,2054,1732,2009,997,894,8667
ELEY Makes Significant Investment in Competition Segment Within the USA,Ele faz um investimento significativo no segmento da concorrência dentro dos EUA,Ele faz um investimento significativo no segmento da concorrência dentro dos EUA,0,391,752,2547,2553,1820,2541,1848,12452
Murphy Leads Guadagno by 14 Points in New Monmouth Poll,Murphy Leads Guadagno by 14 Points in New Monmouth Poll,Murphy Lida sobre Guadagno por 14 Pontos em Nova Pesquisa de Monmouth,0,276,752,2516,2532,1441,2312,2116,11945
Donna Brazile reveals the extent of Hillary Clinton corruption at the DNC,Donna Brazile revela a extensão da corrupção de Hillary Clinton no DNC,Donna Brazile uncovers the extent of Hillary Clinton's corruption at the DNC,0,24,186,75,141,180,460,1,1067
Parents of Charlie Gard have decided to end the fight,Os pais de Charlie Gard decidiram pôr fim à luta.,The parents of Charlie Gard decided to call it quits.,0,147,752,1554,1029,1525,696,130,5833
"Undercover video exposes violent plans at Antifa event: Threats, weapons, and violence abound","Undercover video expõe violentos planos em evento da Antifa: Ameaças, armas e violência abundam","Undercover footage exposes violent schemes at Antifa event: Threats, weapons, and violence abound.",0,34,59,43,246,227,610,163,1382
“I Can’t Believe My Public Service Card Will Hold So Much Information” Says Facebook User,"""Não consigo acreditar que meu cartão de serviço público conseguirá segurar tamanha quantidade de informações"", disse um usuário do Facebook.","""I can't believe that my public service card will hold such a massive amount of information,"" a Facebook user said.",0,98,752,1263,249,773,800,285,4220
"Bill Cosby unveils new legal team, gets retrial for sexual assault postponed until 2018","Bill Cosby revela nova equipe jurídica, obtém adiamento do julgamento por estupro até 2018","Bill Cosby unveils new legal team, secures postponement of rape trial to 2018.",0,189,249,1063,455,898,1091,233,4178
The President of Honduras Is Deploying U.S.-Trained Forces Against Election Protesters,O presidente de Honduras está usando forças treinadas pelos EUA contra manifestantes eleitorais.,"""The president of Honduras is deploying forces trained by the U.S. against electoral protesters.""",0,92,719,529,445,732,157,153,2827
"Gay man sues Oklahoma town for terrorizing his family, letting his house burn down","Homem gay processa cidade da Oklahoma por assustar sua família, permitindo que sua casa queime.","'Gay man sues Oklahoma city for frightening his family, letting his home burn.'",0,77,388,1022,525,679,888,978,4557
BP to Take $1.7 Billion Charge Over Deepwater Horizon Spill,"""BP levará um prejuízo de US$ 1,7 bilhão devido ao desastre do Deepwater Horizon"".",BP will take a $1.7 billion hit due to the Deepwater Horizon disaster.,0,166,752,1013,1544,1510,127,453,5565
Ottawa Senators sign John Oduya to a short-term deal in NHL contracts,Ottawa Senators assina John Oduya para um acordo de curto prazo em NHL,The Ottawa Senators signs John Oduya to a short-term NHL deal.,0,89,287,165,226,331,856,768,2722
"Increased Prevalence of Cancer to Drive the Growth of Bone Marrow Transplant Market in Future, according to Research Nester","Aumento da prevalência de câncer para impulsionar o crescimento do mercado de transplante de medula óssea no futuro, de acordo com a Research Nester.","The rise in cancer prevalence is expected to drive the bone marrow transplant market growth in the future, according to Research Nester.",0,111,702,755,360,1445,1524,363,5260
Disney Targeted In Lawsuit: Actress Seeks $4 Million Over Alleged Weinstein Assaults,'Disney Targeted em Litígio: Atriz Busca $4 Milhões por Alegadas Assaltos de Weinstein',Disney Targeted in Litigation: Actress Seeking $4 Million for Alleged Weinstein Attacks,0,113,752,70,507,184,2105,1624,5355
"He Puts Bill Maher on TV, and Jefferson, Dickens and Tolstoy on Stage","Ele coloca Bill Maher na TV e Jefferson, Dickens e Tolstoy no palco.","He places Maher on television and Jefferson, Dickens, and Tolstoy on stage.",0,51,473,322,1153,267,815,1223,4304
Berkshire Hathaway Makes a $9 Billion Bid for Energy Future Holdings,"""Berkshire Hathaway Apresenta Oferta de $9 Bilhões por Energy Future Holdings""","""Berkshire Hathaway Offers $9 Billion Bid for Energy Future Holdings""",0,31,79,230,514,99,907,1168,3028
"""We need water."" A cry for help from our fellow citizens in Puerto Rico",Chamada por socorro de nossos colegas cidadãos de Puerto Rico,"""Cry for help from our fellow citizens of Puerto Rico.""",0,74,337,957,2178,1878,1761,1737,8922
Mexico City archdiocese counters allegations of sex abuse cover up,A arquidiocese do México contra-ataca acusações de encobrimento de abusos sexuais,The archdiocese of Mexico fights back against allegations of concealing sexual abuse,0,276,752,1826,1070,737,978,514,6153
Microsoft’s Surface Book 2 features more computational power than any rival,O Surface Book 2 oferece mais poder computacional que qualquer concorrente.,The Surface Book 2 provides more computational punch than any rival.,0,101,752,956,1792,1356,306,1256,6519
ALDS Game 1: Trevor Bauer leads Cleveland Indians past New York Yankees,"""ALDS Game 1: Trevor Bauer lidera os Cleveland Indians sobre os New York Yankees""","""ALDS Game 1: Trevor Bauer leads Cleveland Indians over New York Yankees""",0,13,64,334,329,460,2097,289,3586
"In Talk of a Tennis Union, Women Seek a Leading Voice","Na conversa sobre a união de tenistas, as mulheres buscam uma voz líder.","""In the discussion of tennis players' union, women are seeking a leading voice.""",0,112,752,1213,796,1239,1389,961,6462
Aircraft Carrier Delivers Mountains Of Aid To Thousands Of Irma Victims,Porta-Aviões Transporta Montanhas de Ajuda para Milhares de Vítimas de Irma,"""Aircraft Carrier Delivers Mountains of Aid to Thousands of Hurricane Survivors""",0,45,621,732,667,396,1421,1148,5030
Late-Stage Abortion Provider Won’t Succumb to Protesters Who Forced Him Out of His Last Maryland Clinic,"""Fornecedor de Aborto Tardio Não Sucederá aos Manifestantes Que o Expulsaram do Seu Último Consultório em Maryland"".","""Late Term Abortion Provider Will Not Succeed Where Protesters Forced Him Out of His Last Clinic in Maryland.""",0,141,504,1479,1712,1766,1847,1927,9376
"Marijuana Grower Buys Entire California Town to Build ‘Pot Town, USA’","Marijuana Grower Adquire Todo Povoado da Califórnia para Construir ‘Cidade do Bumba, EUA’","""Marijuana Grower Buys Entire Town in California to Build ‘Bumptown, USA’""",0,85,539,335,1668,375,1865,2068,6935
"This November, Pennsylvania Democrats flipped offices for first time since 1799","Neste novembro, democratas de Pennsylvania inverteram cargos pela primeira vez desde 1799.","In November, Pennsylvania Democrats switched roles for the first time since 1799.",0,101,325,580,214,393,459,531,2603
"John McCain exposes Donald Trump in scathing op-ed, 'We don't answer to him!'","John McCain expõe Donald Trump em artigo duramente crítico, 'Não atendemos a ele!'.","""John McCain lays it on thick on Donald Trump in a harshly critical article, 'We won't take him!'.""",0,214,752,1646,2173,2176,2166,2299,11426
DROP THE CHARGES against Charlottesville community members resisting white supremacist terror,DROP THE CHARGES contra os membros da comunidade de Charlottesville que estão resistindo ao terror supremacista branco.,'DROP THE CHARGES against the members of the Charlottesville community resisting white supremacist terror.',0,51,540,375,122,533,1974,1024,4619
North Korea Has Finally Agreed to Hold Official Talks with South Korea,"""Coreia do Norte Concordou Finalmente em Realizar Negócios Oficiais com Coreia do Sul""","""North Korea Agrees to Officially Engage in Business with South Korea""",0,188,752,1555,1126,1586,548,1216,6971
Hospital Ship in Puerto Rico Has Seen Few Patients,Navio-Hospital em Porto Rico Não Viu Muitos Pacientes,Ship-Hospital in Puerto Rico Saw Few Patients,0,95,752,492,1329,475,960,1120,5223
Dodgers’ Justin Turner Delivers a Walk-Off Homer to Topple Cubs,Justin Turner do Dodgers Faz uma Bate-estaca para Eliminação Topar Cubs,Justin Turner of the Dodgers makes a grand slam to eliminate the Cubs,0,246,752,2012,981,2442,2283,2145,10861
Israeli Defense Minister’s Party Revives Death Penalty Bill Following Har Hadar Terror Attack,Defesa israelense renasce com projeto de volta à pena de morte após atentado no Har Hadar,"""Israeli defense'reborn' with project to reinstate capital punishment following Har Hadar attack""",0,229,752,2107,1972,2209,1765,1933,10967
Can the Dallas Cowboys beat Philadelphia Eagles in Sunday Night Football?,Pode o Dallas Cowboys derrotar os Philadelphia Eagles na segunda-feira à noite?,Can the Dallas Cowboys defeat the Philadelphia Eagles at Monday night?,0,125,527,226,587,419,361,923,3168
"Gretchen Carlson Reveals New Sexual Harassment Claims, Encourages Other Women to Speak Up","Gretchen Carlson Revela Novas Acusações de Assédio Sexual, Encoraja Outras Mulheres a Falar

Por favor, forneça o texto que deseja traduzir para que eu possa começar a tradução.","'Gretchen Carlson Reveals New Sexual Harassment Accusations, Encourages Other Women to Speak Out'",0,34,75,196,212,301,1896,1309,4023
"CNN Preacher Jim Acosta Should Shut His Loud, Irritating Face","""CNN: pregador Jim Acosta Deve Parar de Fazer Fala Ruidosa e Irritante.""","""CNN: preacher Jim Acosta Should Stop Making Noisy and Annoying Speeches.""",0,210,752,1916,1290,1925,854,1379,8326
Photogallery - LeBron James ties yet another Michael Jordan record,Bancada de Fotos: LeBron James amarra outro recorde de Michael Jordan,"""Bench of Photographs: LeBron James Ties Another Michael Jordan Record""",0,80,752,1495,1649,1655,2346,1907,9884
"HUD Ignored Procedures in Selling Distressed Mortgages, Report Says","Relatórios Indícios Ignorados em Vendas de Hipotecas em Situação Crítica, Diz a Reportagem","""Reports on Unnoticed Evidence in Critical Mortgage Sales, Says the Investigation.""",0,335,752,2228,2364,2430,2332,2424,12865
Vector Network Analyzer Market to Reflect Impressive Growth Rate During 2017 – 2025,"""Vector Network Analyzer Market Aumenta com notável crescimento durante 2017 – 2025.""","""Vector Network Analyzer Market Experiences Notable Growth in 2017 - 2025.""",0,124,640,1614,886,1220,1800,1307,7591
Why climate change is creating a new generation of child brides,Por que a mudança climática está criando uma nova geração de meninas casadas cedo.,Why is climate change spawning a new generation of early marriage?,0,125,507,1322,1433,1805,1471,878,7541
"Iran May be Experiencing a World-Changing, Legitimate Resistance Movement While American Media Yawns","O Irã pode estar enfrentando um movimento de resistência legítimo que pode transformar o mundo, enquanto a mídia americana boceja.","""The United States is facing a legitimate resistance movement that could change the world, while American media yawns.""",0,196,752,1666,1487,1414,2356,2251,10122
Kansas police department breaks internet with tweet after teen fails horribly at mocking them,"""Departamento de Polícia de Kansas quebra a internet com tweet após adolescente falhar horrorosamente ao tentar ridicularizá-los""","""Police Department of Kansas'shatters the internet' with a tweet following a teenager's dismal attempt to mock them""",0,275,752,1948,1377,1669,944,1278,8243
Spotlight on green news & views: GM reveals an all-electric fleet; Puerto Rico digs out,Iluminação verde nos noticiários: GM revela uma frota inteiramente elétrica; Porto Rico se recupera.,"""Green glow in the news: GM unveils an entirely electric fleet; Puerto Rico recovers.""",0,173,706,1707,2059,1665,1228,1872,9410
President Trump Finds His TV Niche in Softball Interviews,O presidente Trump Encontra Seu Nicho na TV com Entrevistas de Softball,O presidente Trump Encontra Seu Nicho na TV com Entrevistas de Softball,0,303,752,2517,2435,1461,2535,1450,11453
Sean Spicer trolled for tweet ripping WaPo for ignoring Harvey Weinstein scandal,Sean Spicer foi engendrado no Twitter por um tweet rasgando WaPo por ignorar o caso Harvey Weinstein.,Sean Spicer was hatched on Twitter by a tweet ripping WaPo for ignoring the Harvey Weinstein case.,0,135,532,891,1985,2184,2089,2074,9890
Scaramucci: Trump loves pizza so he can’t be elitist,"Trump adora pizza, então ele não pode ser elitista.","""Trump loves pizza, so he can't be elite.""",0,35,752,2126,2038,1158,1055,1050,8214
"Gee, what changed? After 8 years, CNN suddenly discovers WH’s ‘gender pay gap’; Updated","Caramba, o que mudou? Depois de 8 anos, a CNN de repente descobre o 'gap salarial' de WH","Oh, dear! After 8 years, the CNN suddenly discovers the 'gender pay gap' of WH.",0,147,654,1694,1655,1846,2103,1356,9455
‘Trump Must Comment’ on US Allegedly Rescuing Daesh Commanders From Deir ez-Zor,"""Trump precisa comentar sobre supostamente os EUA resgatando comandantes do Daesh de Deir ez-Zor""","""Trump needs to comment on the alleged U.S. rescue of Daesh leaders from Deir ez-Zor.""",0,183,752,1094,569,1138,1361,216,5313
Samantha Bee Demands an End to Arbitration in Sexual Misconduct Cases,Samantha Bee Pede Fim à Arbitragem em Casos de Abuso Sexual,Samantha Bee Seeks End to Arbitration in Sex Abuse Cases,0,113,462,233,704,236,219,362,2329
21st Century Fox Inc edge lower premarket after better than expected first quarter results,"""Ação da Fox Corp Inc no pregão cai em ritmo ascendente após um primeiro trimestre melhor do que o esperado""","""Ação da Fox Corp Inc no pregão sobe em ritmo ascendente após um primeiro trimestre surpreendentemente bom.""",0,366,752,2543,2560,2383,2395,2250,13249
How lucky can you get! Debbie Wasserman Schultz’s brother will be handling the Awan case,Como afortunado você pode ser! O irmão de Debbie Wasserman Schultz vai cuidar do caso Awan.,"""As lucky as you can be! Debbie Wasserman Schultz's brother will take care of the Awan case.""",0,118,752,1122,628,1208,1079,786,5693
Speak up before there is no one left to speak out for you,'Fale enquanto ainda há alguém para falar por você.',''Talk while there's still someone to speak for you.'',0,234,752,2301,1519,2263,665,595,8329
Death of 2 State Troopers Adds Another Layer of Tragedy in Charlottesville,Morte de Dois Agentes da Polícia Estadual Aumenta Outro Nível de Tragédia em Charlottesville,Death of Two State Police Officers Ups Other Tragedy Level in Charlottesville,0,196,752,1539,1267,1355,1605,1761,8475
Jeff Sessions Snaps At Republican Rep Who Demands Appointment Of Second Special Counsel,Jeff Sessions Rebate em Rep. Republicano Que Requer Nomeação de Segundo Procurador Especial,Jeff Sessions Rebate in Republican Rep. Who Sought Name in Second Special Counsel,0,138,752,2045,2323,2360,2246,2256,12120
Houston-Area Driver Presses the Boundaries of the Free Speech Issue,Motorista da Área Metropolitana de Houston Pressiona os Limites do Debate sobre a Liberdade de Expressão,'Motorista da Área Metropolitana de Houston Pressiona os Limites do Debate sobre a Liberdade de Expressão' pode ser traduzido como 'Houston Metro Driver Puts Pressure on the Bounds of the Debate on Freedom of Speech'.,0,315,752,2440,2286,2375,1619,2174,11961
Dean Unglert of 'The Bachelorette' has found love with 'Bachelor' alumni.,Dean Unglert do 'The Bachelorette' encontrou o amor com o ex-participante do 'Bachelor'.,"'Dean Unglert from ""The Bachelorette"" found love with the ex-“Bachelor” participant.'",0,101,752,1627,1647,1257,1018,686,7088
How the MS-13 gang flourishes seven blocks from the White House,Como a gangue MS-13 prospera sete quadras da Casa Branca.,"""As the MS-13 gang thrives seven blocks from the White House.""",0,37,209,431,1704,1069,1930,873,6253
"Pakistan: Student charges principal with “blasphemy,” guns him down","Estudante acusa diretor de “blasfêmia”, atira nele e mata.","""Student accuses principal of 'blasphemy', shoots him and kills him.""",0,242,752,1894,1600,711,713,1095,7007
Exceptionally Critical Audit Exposes Costly Failures in DOD’s Afghanistan Reconstruction,Exposição Crucial de Auditoria Revela Erros Caros na Reconstrução da Defesa dos EUA no Afeganistão,"""Vital Audit Exposure Reveals Expensive Mistakes in U.S. Afghan Defense Reconstruction""",0,282,752,1995,1509,1177,1149,1810,8674
Prince Harry and Meghan Markle Were Caught Kissing in Toronto,'Prince Harry e Meghan Markle Foram Pegos Dando um Beijo em Toronto'.,"""Prince Harry and Meghan Markle Caught Kissing in Toronto.""",0,7,130,497,574,153,266,857,2484
A West Coast Spotlight on Latino Artists Leads the Fall Art Season,Um Foco na Costa Oeste para Artistas Latino-Americanos Inicia a Temporadas Artística de Outono,A West Coast Spotlight on Latino American Artists Launches the Artistic Fall Season,0,51,229,166,645,239,1709,1036,4075
PressTV-New Astana talks on Syria to be held end of month,PressTV - Nova rodada de conversas sobre Síria será realizada no final do mês,"""PressTV - New round of talks about Syria will be held at the end of the month.""",0,121,752,1494,1182,1123,346,642,5660
What?! Sally Kohn defends Linda Sarsour AFTER her smear of Jake Tapper,Sally Kohn defende Linda Sarsour APÓS seu ataque a Jake Tapper.,"""Sally Kohn stands up for Linda Sarsour AFTER her attack on Jake Tapper.""",0,122,636,1841,1775,1255,1398,988,8015
"Trump was so angry about the small crowd at his Phoenix rally, he fired a longtime event organizer",Trump ficou tão irritado com a pequena multidão em seu evento em Phoenix que demitiu um longo organizador de eventos.,Trump became so enraged by the sparse crowd at his Phoenix event that he fired the long-standing event coordinator.,0,187,707,953,646,917,857,688,4955
More disturbing news comes out about 13 children tortured by California parents,Mais informações perturbadoras surgem sobre 13 crianças torturadas por pais da Califórnia.,Disturbing information continues to emerge about 13 children tormented by their parents in California.,0,218,752,1249,699,811,676,92,4497
"Mark Penn and Andrew Stein have published the most execrable ""advice to Democrats"" op-ed ever",Mark Penn e Andrew Stein publicaram a pior coluna de conselhos para democratas que já se viu.,Mark Penn and Andrew Stein published the most insipid column of advice for Democrats ever seen.,0,107,422,1260,1754,1048,462,853,5906
Conway Urges Alabama Voters: 'Don't Be Fooled' by Doug Jones,Conway Urges Alabama Voters: 'Don't Be Fooled' by Doug Jones.,'Doug Jones Urges Alabama Voters: 'Don't Be Fooled' by Conway.',0,85,93,468,893,319,2529,1790,6177
Scientist Faces Criminal Charges Because Environmentalists Didn’t Like His Work,Cientista Face Acusações Criminais Porque Ambientalistas Não Gostaram de Seu Trabalho,"Scientist ""Faces"" Charges for Alleged Criminal Activities Due to Environmentalists' Displeasure with His Work.",0,208,752,1912,479,1797,1629,1659,8436
"When Donald Trump said Republican tax plan was 'not good for me,' he told a $$1 billion lie","Quando Donald Trump disse que o plano tributário republicano ""não era bom para mim"", ele mentiu uma quantia de $$1 bilhão.","When Donald Trump said that the Republican tax plan ""wasn't good for me,"" he lied about $$1 billion.",0,97,352,439,890,1185,795,1263,5021
Russia Facebook ads targeted more than two states: Senate intelligence chair,Anúncios de Facebook direcionados a mais de dois estados: Comitê de Inteligência do Senado.,"""Targeted ads on Facebook for more than two states: Senate Intelligence Committee's ad.""",0,166,442,1740,2188,1966,1914,2186,10602
Trump Announces New Ways to Help Veterans Get Medical Care,Trump Anuncia Novas Formas de Ajudar Veteranos a Obter Tratamento Médico,Trump Unveils New Ways to Help Veterans Secure Medical Treatment,0,100,234,339,346,106,523,275,1923
"Wells Fargo, Awash in Scandal, Faces Violations Over Car Insurance Refunds",Encharcado em Escândalo,Soaked in Scandal,0,303,752,2405,2568,2542,1606,2444,12620
Wisniewski Sues Christie for Plan to Borrow $250 Million for Trenton Office Buildings,Wisniewski Sues Christie por plano de empréstimo de US$ 250 milhões para edifícios comerciais de Trenton,Wisniewski Sues Christie for $250 million loan plan for Trenton commercial buildings,0,89,562,147,649,1277,1395,1577,5696
Rasmussen Poll: 56 Percent of Voters Don't Believe Border Wall Should Be Built,Rasmussen Poll: 56% dos Eleitores Não Acreditam Que O Muro Fronteiriço Deve Ser Construído,Rasmussen Poll: 56% of Voters Do Not Believe the Border Wall Should Be Built,0,57,235,46,41,43,93,116,631
Nancy Pelosi: Trump Hasn't Said He Won't Support DREAM Act,"""Trump não disse que não apoiará o DREAM Act.""",Trump did not say he would not support the DREAM Act.,0,235,752,2088,1365,1387,313,778,6918
Travis Scott Sued by Fan Who Says Concert Injury Paralyzed Him,Travis Scott processado por fã que afirma que show causou lesão permanente,Travis Scott sued by fan who claims show caused permanent injury.,0,125,752,908,2177,1725,804,1013,7504
Bernie Sanders Urges New Yorkers to Back Bill de Blasio By a ‘Huge Vote’,Bernie Sanders Incentiva Nova-Iorquinos a Apoiarem Bill de Blasio por um 'Voto Muito Grande',"""Bernie Sanders Encourages New Yorkers to Back Bill de Blasio for a 'Big Vote'""",0,57,239,778,765,452,1424,1189,4904
"German Nurse Is Thought to Have Killed at Least 86, Officials Say","Enfermeira Alemã É Suspeita de Ter Matado Pelo Menos 86 Pessoas, Disseram Autoridades","""German Nurse Suspected of Killing at Least 86 People, Authorities Say""",0,188,752,1481,1327,765,117,699,5329
Addie Zinone says that she had an affair with Matt Lauer 16 years ago,Addie Zinone afirma que teve um caso com Matt Lauer 16 anos atrás.,Addie Zinone claims to have had a fling with Matt Lauer 16 years ago.,0,121,308,284,674,1072,280,1,2740
Trump administration has detained a Texas Dreamer for a month despite valid DACA status,"Trump Administration prendeu um sonho texano por um mês, apesar do status válido do DACA.","The Trump Administration jailed a Texas dream for a month, despite the valid status of DACA.",0,113,752,640,909,1992,1513,944,6863
The president has declared war on his own country,O presidente declarou guerra contra seu próprio país.,The president declared war on his own country.,0,8,60,258,228,6,6,1,567
WATCH: Texas College Apartment Party Causes Floor to Collapse,APARTAMENTO UNIVERSITÁRIO EM TEXAS CAUSA COLAPSO,UNIVERSITY DORM IN TEXAS CAUSES CRASH,0,312,752,2298,2351,2500,2417,2427,13057
Jurors in Menendez Trial Tell Judge They Are Deadlocked,"""Jurados no julgamento de Menendez dizem ao juiz que estão bloqueados""","""Jurados in Menendez trial say to judge they are blocked off.""",0,147,752,1879,2360,2027,1998,1805,10968
Arkansas Teacher Hilariously Sends Insurance Agency Photos Of Herself Instead Of Her Car,"'Ensinar no Arkansas, Professora Risivelmente Envia Fotos da Si Mesma Em vez do seu Carro'","Teach in Arkansas, Teacher Comically Sends Photos of Herself Instead of Her Car.",0,64,752,723,1839,1753,1946,2215,9292
Dragon Ball Super' reveals Goku's new form in a dramatic way,"""Dragon Ball Super revela a nova forma de Goku em um momento dramático""","""Dragon Ball Super reveals Goku's new form in a dramatic moment""",0,13,141,491,347,104,408,69,1573
Cavaliers’ Derrick Rose reveals true status of his ankle injury,Rose revela verdadeira condição de sua lesão no tornozelo.,"""Rose exposes the true state of her ankle injury.""",0,187,752,2241,2236,1598,1013,1996,10023
"FOX NEWS SUSPENDED ERIC BOLLING FOR ALLEGED ‘LEWD PICTURES’, BOLLING DENIES AND WILL PURSUE LEGAL ACTIONS","FOX NEWS SUSPENDEU ERIC BOLLING POR FOTOS 'MASULHAS', BOLLING NEGA E VAI PERSEGUIR AÇÕES LEGAIS","""FOX NEWS HAS PUT ERIC BOLLING ON PAUSE OVER 'FEMALE' PICTURES, BOLLING DENIES IT AND WILL TAKE LEGAL ACTIONS""",0,131,752,1644,2130,1600,1869,2270,10396
Trump blames Obama again for Russian hacking — but still refuses to do anything about it,Trump culpa Obama novamente pelo hacking russo – mas ainda se recusa a fazer qualquer coisa sobre isso.,"""Trump blames Obama once again for Russian hacking – but still refuses to do anything about it.""",0,2,124,187,99,18,226,145,801
"Golden State Warriors finalize signings of Steph Curry, Kevin Durant and others","Golden State Warriors finalizam as assinaturas de Stephen Curry, Kevin Durant e outros.","Golden State Warriors finalize contracts with Stephen Curry, Kevin Durant, and others.",0,74,330,614,971,202,706,267,3164
Photogallery - Dwyane Wade shares his amazing Kobe Bryant story about their first matchup,Galeria de Fotos - Dwyane Wade Compartilha Sua Incrível História sobre Seu Primeiro Encontro com Kobe Bryant,**Photo Gallery - Dwyane Wade Shares His Incredible Tale about His First Meeting with Kobe Bryant**,0,238,752,1622,1212,1316,543,1197,6880
A Federal Regulator Is Probing Wells Fargo’s Mortgage Practices,O Regulador Federal está Investigando as Práticas de Hipotecário do Wells Fargo,The Federal Reserve is looking into the mortgage practices of Wells Fargo,0,276,752,1908,1553,1493,1923,972,8877
McCarthy announces Rodgers' replacement and also signs 3rd QB,McCarthy apresenta substituto de Rodgers e assina o 3º QB.,McCarthy unveils successor to Rodgers and signs the 3rd QB.,0,129,752,1469,794,757,519,392,4812
‘Washington Must Stop Spending Tax Dollars to Fund Regime Change Wars’ – Tulsi Gabbard,Washington Deve Parar de Gastar Dinheiro do Imposto para Financiar Guerras de Mudança de Regime - Tulsi Gabbard,'Washington Should Stop Squandering Taxpayer Money to Fund Regime Change Wars - Tulsi Gabbard',0,103,651,1295,666,219,920,388,4242
Why One Company is Trading Smoke Breaks for Vacation Time,Qual empresa está trocando intervalos para café com férias?,"""Which company is swapping coffee breaks with vacation?""",0,229,752,2141,2176,2403,404,1252,9357
Robin Bell projects new messages onto Trump Int'l Hotel in DC,Bell projeta novos mensagens sobre o Trump International Hotel em DC.,"""Bell casts new messages over the Trump International Hotel in DC.""",0,142,752,1922,1520,1673,1873,1253,9135
Killer Cop Says He Shot Justine Damond Because He was ‘Startled’,Policial Matador Declara que Disparou contra Justine Damond porque Ele se 'Assustou',"""I have already told you, I shot Justine Damond because I was startled.""",0,197,752,2239,2070,2256,2195,2121,11830
That became the basis for spying on the Trump campaign!,Isso se tornou a base para espionar a campanha Trump!,"""That has become the foundation for spying on the Trump campaign!""",0,68,192,594,362,47,868,167,2298
Baltimore Officers Will Face No Federal Charges in Death of Freddie Gray,Oficiais de Baltimore Não Enfrentarão Ações Federais na Morte de Freddie Gray.,Officials in Baltimore Will Not Face Federal Actions in the Death of Freddie Gray.,0,102,646,767,616,830,649,736,4346
POLITICAL CORRECTNESS ON STEROIDS: What social media is doing to pretend the Muslim terrorist attacks in Spain never happened,"""POLITICAL CORRECTNESS ON STEROIDS: What social media is doing to pretend the Muslim terrorist attacks in Spain never happened.""","""POLITICAL CORRECTNESS ON STEROIDS: What social media is doing to pretend the Muslim terrorist attacks in Spain never happened.""",0,1,12,48,68,285,2589,524,3527
Venues across the country are banning white nationalist events after Charlottesville violence,Locais em todo o país estão proibindo eventos de supremacia branca após a violência de Charlottesville.,Locations across the nation are banning white supremacy events following the violence in Charlottesville.,0,181,752,383,911,251,586,77,3141
US Supreme Court rejects stay of execution for Ohio convict,"""US Supreme Court rejects stay of execution para o Ohio convict""","""US Supreme Court rejects stay of execution para o Ohio convict"" traduzido para o inglês pode ser:

""The US Supreme Court denies clemency to the Ohio convicted individual""",0,218,663,2039,2007,2124,2506,2175,11732
"Vancouver Man Who Promised Riches to Investors Committed Fraud, Panel Says","'Vancouverense Que Prometeu Rico a Investidores Cometido Fraude, Painel Dizia'","""Vancouverite Who Promised Riches to Investors Committed Fraud, Panel Said""",0,68,63,277,534,1337,2285,1948,6512
Hillary Wanted To Make Voodoo Dolls Of The Media And Congressmen,Hillary Queria Fazer Bonecas Voodoo Da Mídia e dos Deputados.,Hillary wanted to create voodoo dolls of the media and the politicians.,0,59,752,220,684,1742,1431,909,5797
There is no such thing as a good Trump voter,Não existe algo assim como um bom voto em Trump.,"""There is nothing like a good vote for Trump.""",0,187,752,2130,1952,1668,1230,1172,9091
Leaker Reality Winner Smuggled Classified NSA Report in Her Pantyhose,Reality Winner Leak Classificado NSA Relato Escondido em Meias de Nylon,"""Reality Winner Leak Classificado NSA Relato Escondido em Meias de Nylon"" traduzido como:

""Reality Winner Leak Classified NSA Account Hiding in Sheer Nylon Socks""",0,301,752,2439,2380,2506,2477,2428,13283
Customs and Border Patrol Announces First Four Contracts for Border Wall Prototypes (Video)…,Patrulha de Fronteiras e Controle de Alfândega Anuncia os Primeiros Quatro Contratos para Prototipos de Muro na Fronteira (Video),"""Border Patrol and Customs Announce the First Four Contracts for Prototype Walls on the Border (Video)""",0,172,633,1140,747,276,1253,1053,5274
"Pope urges Peruvians to focus on hope, unity ahead of trip","""Pope exhorta os peruanos a focar na esperança e na união antes da viagem.""","""Pope urges Peruvians to focus on hope and unity before the trip.""",0,59,236,642,563,265,598,129,2492
"U.S. Hernia Mesh Repair Devices Market is Poised to Reach USD 2,061.89 Million by 2024","""Dispositivos de Reparação de Mesh de Hérnia dos EUA estão Prontos para Alcançar USD 2.061.89 Milhões em 2024.""","""Devices from the U.S. for repairing mesh hernias are ready to reach USD 2.061.89 million in 2024.""",0,159,735,1359,1664,2108,1328,1238,8591
Photogallery - Jill Duggar's husband Derick Dillard has angered feminists all around the world,A Photogallery - Jill Duggar's husband Derick Dillard has angered feminists all around the world,'A Photogallery - Jill Duggar's husband Derick Dillard has stirred up a feminist fury all around the world'.,0,74,217,799,1579,2038,2501,1150,8358
Raqqah Sheiks change sides as easily as the opposition groups do,Os sheiks de Raqqah trocam de lado com a mesma facilidade dos grupos de oposição.,The sheiks of Raqqah switch sides with the same ease as opposition groups.,0,246,752,1052,384,1244,1051,18,4747
Can Dominic Thiem be considered a title contender at the 2017 US Open?,"Can Dominic Thiem be considered a title contender at the 2017 US Open?

Será que Dominic Thiem pode ser considerado um candidato legítimo ao título no US Open de 2017?","""Será que Dominic Thiem pode ser considerado um candidato legítimo ao título no US Open de 2017?""",0,317,752,2496,2470,1276,187,145,7643
Chick-fil-A is offering a free breakfast the entire month of September,Chick-fil-A está oferecendo café da manhã gratuito durante todo o mês de setembro.,Chick-fil-A is serving free breakfast all through the month of September.,0,64,752,193,529,127,67,1,1733
EPA Developed Neighborhood Risk Tool For Eight Years But Nobody Uses It,"Ferramenta de Risco de Bairros Desenvolvida Durante Oito Anos, Mas Ninguém a Usa","Eight-Year-Old Urban Risk Tool, but No One Uses It",0,235,752,1993,2271,1454,2251,2223,11179
Fox’s Tomi Lahren admits she has no idea why players are protesting — but she’s still furiously angry,O Tomi Lahren de Fox admite que não tem ideia de por que os jogadores estão protestando — mas ela está furiosamente zangada.,The Tomi Lahren of Fox admits she has no idea why the players are protesting—but she is fuming mad.,0,112,468,927,1261,1661,1962,1584,7975
Steven Rosenbaum of Waywire Enterprise Attacks his Own Paying Customer in OP-Ed WTF?,Steven Rosenbaum de Waywire Enterprise Ataca seu Próprio Cliente Paga em Coluna de Opinião WTF?,"""Steven Rosenbaum of Waywire Enterprise Turns on His Own Paying Client in Opinion Column 'WTF!'""",0,105,595,1407,577,1514,1387,1965,7550
UC Berkeley has spent about $$1.4 million in security costs for conservative speakers this year,UC Berkeley gastou cerca de $1.4 milhões em custos de segurança para palestrantes conservadores este ano.,"""The University of California, Berkeley, spent nearly $1.4 million on security costs for conservative speakers this year.""

Nenhuma tradução criativa foi aplicada, pois a frase já contém uma metáfora original do inglês.",0,225,677,2326,2152,2381,2085,2376,12222
E.U. to Trump: 'We're Not Renegotiating Iran Nuclear Deal',Não estamos refazendo o acordo nuclear iraniano.,"""Não estamos refazendo o acordo nuclear iraniano.""

""Nous ne refaisons pas l'accord nucléaire iranien.""",0,380,752,2524,2457,2397,1348,1484,11342
Trump just spent $24 million on upgraded refrigeration for Air Force One,'Trump acabou de gastar $24 milhões em um sistema de refrigeração mais eficiente para o Air Force One.',Trump has just spent $24 million on a more efficient cooling system for the Air Force One.,0,104,370,1006,533,455,95,59,2622
Hawaii begins cold war preparations in response to North Korean threat,"""Hawaii começa a se preparar para a Guerra Fria em resposta à ameaça da Coreia do Norte.""",Hawaii starts to don its cold war boots in response to the North Korean threat.,0,103,752,899,2180,1592,1676,1315,8517
US Republicans seek special counsel’s removal from Russia probe,Republicanos Americans buscam a remoção do especialista da Rússia do inquérito.,Republicans are seeking the removal of the Russian specialist from the investigation.,0,310,752,2343,1513,1025,1032,933,7908
Mother Kills Her Baby By Throwing Him Out Of 6th Floor Window Naked,A mãe mata seu bebê jogando-o pela janela do sexto andar nu,The mother kills her baby by throwing it out of the sixth-floor window naked.,0,58,752,694,619,1603,747,1407,5880
"Israel Sends More Troops to West Bank after Stabbing, Unrest",Israel Envia Mais Tropas para a Cisjordânia após Facadas e Instabilidade,Israel Sends More Troops to the West Bank Following Stabbings and Instability,0,124,327,449,519,275,1353,1008,4055
Chelsea Clinton reportedly flees the scene when asked about returning Weinstein money,Chelsea Clinton relata que fugiu da cena quando perguntada sobre devolver o dinheiro do Weinstein.,"""Chelsea Clinton reports that she escaped the scene when asked about refunding Weinstein's money.""",0,114,538,1347,1311,1204,882,1205,6601
Derek Jeter Discusses His New Job and (Sort of) Giancarlo Stanton,"""Derek Jeter Discute Seu Novo Trabalho e (quase) Giancarlo Stanton""","**""Derek Jeter Discusses His New Gig and (Almost) Giancarlo Stanton""**",0,68,459,1574,1101,2152,1689,1419,8462
The Ukrainian army won a place in the ranking of the strongest primarily by the number of,The Ukrainian army won a place in the ranking of the strongest primarily by the number de para o português.,"""The Ukrainian army won a spot in the list of the strongest primarily due to the numbers.""",0,95,371,896,828,671,2459,1056,6376
Iraq Reclaims its Sovereignty with Victory Against ISIS & US Colonialisation,"""O Iraque Recupera Sua Soberania com Vitória Sobre o Estado Islâmico e a Colonização Estadunidense""","""Injures Iraq regains its Sovereignty with Victory over ISIS and US Colonization""",0,124,640,1000,2231,2057,1826,1412,9290
Wireless Carriers Are Helping Customers Affected by Hurricane Harvey,Portadores de Rede Sem Fio Estão Ajudando Clientes Afetados pelo Furacão Harvey,Wi-Fi Hotspot Providers Are Assisting Hurricane Harvey Affected Clients,0,293,752,1815,1183,1058,902,1381,7384
"Action: You, yes you, can help victims of domestic violence and our pets!","Ajude, você, sim, você, pode ajudar vítimas de violência doméstica e nossos pets!","Help, you, yes, you can assist victims of domestic violence and our pets!",0,34,156,269,1621,806,1470,1499,5855
Public Open House to Share Info on Gros Ventre Roundabout,Casa Aberta ao Público para Divulgar Informações sobre a Rotatória do Gros Ventre,Open House Publicity for Information on Gros Ventre Roundabout,0,129,400,370,1140,1524,2274,1843,7680
"White House loyalty blames Democrats, not Trump, for obstructing new hires","Lealdade à Casa Branca culpa democratas, não Trump, pela obstrução de novos contratos.","Loyalty to the White House blamed Democrats, not Trump, for blocking new contracts.",0,156,347,1214,1181,788,1444,1533,6663
Iranian Hacker Charged in HBO Hacking That Included ‘Game of Thrones’ Script,'Cibercriminoso Irã e o Hacking da HBO que Incluía o Roteiro de 'Game of Thrones' Foi Acusado',Iranian Cybercriminal and HBO Hacking that Included 'Game of Thrones' Script Was Accused,0,89,752,1428,1905,1541,1950,2148,9813
Stallone is filming 'Escape Plan 3' while Lundren is training for 'Creed II',Stallone está filmando 'Escape Plan 3' enquanto Lundgren está se preparando para 'Creed II'.,Sylvester Stallone is filming 'Escape Plan 3' as Lundgren is gearing up for 'Creed II'.,0,92,281,499,923,714,1029,306,3844
Reporter puts Trump on the spot about 'extreme vetting' for gun purchases,"Jornalista obriga Trump a se explicar sobre ""vizinhança extrema"" para compra de armas.","""Journalist makes Trump justify 'extreme neighbor' clause for gun purchases.""",0,224,752,2061,2377,2224,1812,2201,11651
Millions of Americans Are Ingesting a Chemical Some Experts Believe Has No Safe Exposure Level,Milhões de Americans estão ingerindo um químico que alguns especialistas acreditam que não tem nível seguro de exposição.,Millions of Americans are consuming a chemical that some experts believe does not have a safe level of exposure.,0,119,752,340,215,1397,172,3,2998
"East Germany Celebrated the Completion of the ""Anti Fascist"" Wall with Folk Songs and Stories","""O Leste da Alemanha Celebrado Completou a Murada Anti-Fascista com Canções e Histórias Populares""","""East Germany's Singing and Storytelling Filled the Antifascist Wall with Warmth""",0,268,752,2308,1992,2250,2262,2378,12210
Andrea Mitchell scolds Stephen Miller for being rude to Cuban-American Jim Acosta,"Andrea Mitchell criticou Stephen Miller por ser mal-educado com o Jim Acosta, que é cubano-americano.","Andrea Mitchell criticized Stephen Miller for his poor manners with Jim Acosta, a Cuban-American.",0,196,752,1135,865,1378,858,481,5665
FBI demands answers on sale of baby body parts,FBI solicita respostas sobre a venda de partes de bebês,'FBI requests responses about the sale of baby parts.',0,170,752,1329,758,696,387,178,4270
80 nations celebrate International Workers Day on May 1. Why not the U.S.?,80 nações celebram o Dia do Trabalhador em 1º de maio. Por que não os Estados Unidos?,Eighty nations rejoice on May Day. Why not the United States?,0,208,689,1450,1608,1679,850,2053,8537
The USS JohnMcCain has rammed another vessel off Malaysia,O USS John McCain esmagou outro navio ao largo da Malásia.,The USS John McCain smashed another ship off the coast of Malaysia.,0,209,752,2046,2170,1451,277,380,7285
Women quit their jobs in Google due to workplace culture,Mulheres deixam seu emprego no Google por causa da cultura de trabalho.,Women leave their jobs at Google due to the work culture.,0,113,752,316,258,456,381,1,2277
"Our Revolution, a Bernie Sanders Inspired PAC, Refused to Endorse Northam! Official Hint: Vote Hyra!","""Nossa Revolução, o PAC Inspirado por Bernie Sanders, Refusou Endossar Northam! Dica Oficial: Vote Hyra!""","""Our Revolution, the PAC Inspired by Bernie Sanders, Refused to Endorse Northam! Official Tip: Vote Hyra!""",0,94,203,203,478,661,1384,1125,4148
Priest Found Guilty Of Cyanide Assassination Plot Against Church Leader,'Prestes foi considerado culpado de plano de assassinato cianureto contra líder da Igreja.',Prestes was found guilty of plotting a cyanide assassination against the church leader.,0,101,752,1332,1563,2011,828,1005,7592
Paypal is canceling white supremacists' accounts and the alt-right is pissed,PayPal está cancelando as contas dos supremacistas brancos e a extrema-direita está revoltada.,PayPal is kicking out the extremist accounts. The far right is livid.,0,196,752,1985,1132,1167,1324,1579,8135
"Trump copies Obama, commits US to open-ended Afghanistan war","Trump copies Obama, commits US to open-ended Afghanistan war para o português, mantendo o sentido metafórico original.","Trump replicates Obama, commits U.S. to an open-ended war in Afghanistan",0,143,752,1069,353,503,2484,905,6209
HOLD UP: Is the Trump International Hotel in D.C. REALLY handing out this petition?,STOP: O Trump International Hotel em Washington DC realmente está distribuindo esta petição?,"""STOP: Is the Trump International Hotel in Washington DC Really Handing Out This Petition?""",0,69,396,898,1271,1334,802,1510,6280
An IGA Supermarket in Montreal is growing its own vegetables on the roof,Um supermercado IGA em Montreal está cultivando suas próprias verduras no telhado.,An IGA supermarket in Montreal is growing its own vegetables on the roof.,0,1,31,8,9,51,140,12,252
Small farmers who voted for Trump are suing him for taking away Obama-era protections,Pequenos agricultores que votaram em Trump estão processando ele por ter tirado as proteções da era Obama.,"""Small farmers who voted for Trump are suing him for removing Obama-era protections.""",0,18,73,270,117,168,362,225,1233
Teen Mom 2': Kailyn Lowry had officially announced her baby's unusual name,Teen Mom 2: Kailyn Lowry havia oficialmente anunciado o nome incomum do bebê,Teen Mom 2: Kailyn Lowry had officially announced the unusual baby's name,0,34,188,237,247,360,405,123,1594
"Trump Tells Reporters ""He's Not Worried"" plus He's ""Very Happy""",Trump diz aos repórteres que não está preocupado plus está muito feliz.,"Trump says to reporters he isn’t worried, plus is very happy.",0,156,752,1688,340,1336,1156,509,5937
Steve Bannon told Ivanka Trump: You don’t know what you’re doing,Você não sabe o que está fazendo.,"""You don't know what you're doing.""",0,68,752,2404,2137,2133,14,1092,8600
How Amanda Gorman Became the Nation’s First Youth Poet Laureate,Como Amanda Gorman se tornou a primeira poetisa laureada jovem da nação,How Amanda Gorman became the youth poet laureate of the nation,0,85,752,902,1080,1114,1231,332,5496
Isaiah Thomas thinks the Celtics will regret trading him,Isaiah Thomas crê que os Celtics se arrependerão de ter trocado por ele.,Isaiah Thomas believes the Celtics will regret trading for him.,0,35,243,157,119,242,761,223,1780
"""Mitch & Greg"" Explain Why You Should Never Have Kids","""Mitch & Greg"" Explique Por Que Você Nunca Deve Ter Filhos","""Mitch & Greg"" Explain Why You Should Never Have Kids",0,1,1,3,20,2,131,208,366
"In Rare Gesture, North Says It Will Return South Korean Fishing Boat","In Rare Gesture, North Says It Will Return South Korean Fishing Boat","In a Rare Act, North Declares It Will Return South Korean Fishing Boat",0,51,152,139,381,398,2534,1091,4746
What Happens to Your Body After You Drink Diet Soda,O que acontece com seu corpo depois de beber refrigerante dietético.,What happens to your body after drinking diet soda.,0,35,752,254,110,1534,368,1,3054
1 Minute Video Explains The Evil Of Gun Control & What It Really Means,Um Minuto de Vídeo Explica o Mal da Controle de Armas e O Que Ele Significa de Verdade,"""One Minute of Video Explains the Evil of Gun Control and What It Really Means""",0,32,639,401,299,235,835,567,3008
"How House Conservatives Plan to Revive Obamacare Repeal, and Why It Could Work","Como Conservadores do Congresso Planejam Reviver a Derrogação do Obamacare, e Por que Poderia Funcionar","""How Conservatives in Congress Plan to Resurrect the Repeal of Obamacare, and Why It Could Work""",0,104,421,760,541,358,973,775,3932
Dragon Ball Super' new spoiler explains the Caulifla-Kale relationship,"'Caulifla-Kale: O novo spoiler explica a relação'

'A relação entre Caulifla e Kale é um enigma, uma dança entre dois mundos diferentes, como um borboleta que se encontra com uma estrela cadente. Uma relação que mistura a violência do calor com a luz do frio, duas tempestades que, em vez de se colidirem, se completam. É como um dueto entre o sol e a lua, onde cada um brilha em sua própria intensidade, mas juntos, eles formam uma sinfonia que ecoa através dos anos-luz da galáxia. '","'Caulifla-Kale: The New Spoiler Explains the Relationship'

'The relationship between Caulifla and Kale is a mystery, a dance between two different worlds, like a butterfly meeting a falling star. A relationship that mixes the violence of heat with the light of cold, two storms that, instead of clashing, complete each other. It's like a duet between the sun and the moon, where each one shines in its own intensity, but together, they form a symphony that echoes through the light-years of the galaxy.'",0,357,752,2416,2447,2515,1277,2141,11905
Bushnell Announces Dozens of New Optics at SHOT Show 2018,Bushnell Anuncia Dúzias de Novas Lentes na SHOT Show 2018,Bushnell Announces Dozens of New Lenses at the SHOT Show 2018,0,31,167,84,153,157,1089,618,2299
Wells Fargo May Have Found More Fake Accounts Created by Employees,Wells Fargo Pode Ter Encontrado Mais Contas Falsas Criadas por Funcionários,Wells Fargo May Have Found More Fake Accounts Created by Employees,0,1,1,3,19,4,540,317,885
"Increasing Awareness Towards Preventing Maintenance of Vehicles is Expected to Intensify the Growth of Automotive Filter Market in Near Future, According to Research Nester.","Intensificar a Conscientização da Manutenção Preventiva dos Veículos é Esperada para Impulsionar o Crescimento do Mercado de Filtros Automotivos nos Próximos Anos, Conforme Pesquisa Nester.","""Increasing Awareness of Preventive Vehicle Maintenance is Expected to Boost Growth in the Automotive Filter Market in the Next Few Years, According to Nester's Research.""",0,167,679,1254,913,1122,1124,1173,6432
Nancy Pelosi does not answer simple questions from Las Vegas Victim's family,Nancy Pelosi não responde a perguntas simples da família da vítima de Las Vegas.,"""Nancy Pelosi refuses to answer simple questions from the family of the Las Vegas shooting victim.""",0,136,683,1189,917,628,364,261,4178
"New Hampshire Republicans vote to disenfranchise college students, impose poll tax on voters",Republicanos de New Hampshire votam para desfranquear estudantes universitários e impor um imposto de votação sobre os eleitores,Republicanos do New Hampshire votam para desfranquear estudantes universitários e impor um imposto de votação sobre os eleitores.,0,364,752,2551,2467,1836,2519,689,11178
#Takeaknee Why you should watch a football game tomorrow!!,Fique de pé. Por que você deve assistir a um jogo de futebol amanhã!!,Stand up. Why must you watch a soccer game tomorrow!!,0,129,550,1738,2312,2217,716,1611,9273
Could One of These Four Screenplays Win the Oscar?,Poderia um desses quatro roteiros levar o Oscar?,"""Would any one of these four scripts win the Oscar?""",0,80,752,870,224,945,341,667,3879
"Trump officials ignored ethics rules, creating 'ethical crises' that are still going on","Trump officials ignored ethics rules, creating 'ethical crises' that are still going on para o português:

Trump officials ignoraram regras éticas, criando 'crises éticas' que ainda continuam.","Trump officials ignored ethics rules, creating 'ethical crises' that are still going on.",0,1,4,35,23,92,2094,175,2424
‘No Man’s Sky’ DLC: Update 1.3 to introduce a fourth race? What we know so far,O DLC da atualização 1.3 introduz uma nova raça. O que sabemos até agora.,""" The DLC for the 1.3 update introduces a new race. What we know so far.""",0,153,611,2036,1981,1909,308,1644,8642
Here are 10 times white people falsely accused innocent people of color of crimes they didn’t commit,Aqui estão 10 ocasiões em que pessoas brancas acusaram falsamente pessoas de cor de crimes que elas não cometeram.,Here are ten instances where white people falsely accused people of color of crimes they didn’t commit.,0,37,113,319,241,218,63,11,1002
House Rejects Amendment Prohibiting DOD Funds For Gender Transition,Emenda Rejeitada da Casa Proibindo Fundo do DOD para Transição de Gênero,Rejected Amendment from the House Preventing DOD Funds for Gender Transition,0,147,752,416,1446,1207,1772,1816,7556
Netflix renews 'House of Cards' for the sixth and final season,"""Netflix renovou 'House of Cards' para a sexta e última temporada.""","""Netflix has renewed 'House of Cards' for a sixth and final season.""",0,59,364,758,227,325,354,16,2103
How We Used VR to Explore What Music Feels Like to a Deaf Person,Como usamos a VR para explorar o que a música sente para uma pessoa surda.,Using VR to delve into what music feels like to a deaf person.,0,77,752,552,871,1391,1285,673,5601
Federal Judge Orders State Dept To Search Hillary Aides’ Accounts For Benghazi Records,Juiz Federal Ordena ao Departamento de Estado Procurar Registros de Benghazi nas Contas dos Auxiliares de Hillary,Federal Judge Orders State Department to Seek Benghazi Records from Hillary's Aides,0,181,581,715,1076,603,1736,1153,6045
All things military: 41 family members join the army at the same time,Todas as coisas militares: 41 membros da família ingressam no exército ao mesmo tempo.,All things military: 41 members of the family simultaneously enlist in the army.,0,181,425,1167,222,1024,504,340,3863
Trump insults the media in front of their children during W.H. Halloween event,Trump insulta a mídia na frente das crianças durante o evento de Halloween da Casa Branca.,Trump denounces the press before children at the White House Halloween event.,0,262,752,2078,1739,1538,524,1224,8117
38 minutes until missile alert declared false ... Trump was golfing... couldn't be bothered,38 minutos até o alerta de míssil ser considerado falso... Trump estava jogando golfe... não se importou,38 minutes until the missile alert is deemed false... Trump was golfing... he didn't care,0,113,134,404,968,1028,675,327,3649
Even America is ignoring their President Donald Trump Climate Change,Mesmo a América está ignorando seu presidente Donald Trump sobre a mudança climática.,Even America is turning its back on its president Donald Trump regarding climate change.,0,113,752,587,679,1548,269,212,4160
"Colin Kaepernick Donated $$25,000 to Group Honoring Convicted Cop Killer","Colin Kaepernick doou $$25,000 a grupo homenageando assassino de policial condenado.","Colin Kaepernick donated $25,000 to group honoring convicted cop killer.",0,1,752,20,54,571,869,111,2378
Health insurance will cost more because of GOP tax plan,"""O plano fiscal da República levará o seguro saúde a custar mais""",The fiscal plan of the Republic will cause health insurance to cost more.,0,282,752,1984,2125,1613,205,1375,8336
Anyone watch Sunday Pro Football? If so which team is your favorite?,"Alguém está assistindo ao futebol de domingo? Se sim, qual equipe é o seu favorito?","Someone is watching the Sunday football match? If yes, which team is your favorite?",0,139,384,814,774,394,77,512,3094
Last year Trump stood at the podium and encouraged a white nationalist leader assaulting a protester,Last year Trump stood at the podium and encouraged a white nationalist leader assaulting a protester.,Last year Trump stood at the podium and cheered on a white nationalist leader who attacked a protester.,0,42,131,171,425,977,2549,589,4884
"Ryan Says Social Security, Medicare Reform Not Likely This Year",Ryan diz que a reforma da Segurança Social e do Medicare não é provável este ano.,Ryan says that the social security and Medicare reform is not likely this year.,0,38,752,629,303,814,406,489,3431
WND » Red-handed! Cops caught Dem IT aide hiding secret server » Print,WND: Nas mãos! Polícia pegou o ajudante de TI escondendo um servidor secreto » Impresso,"""The cat is out of the bag: Cops nabbed the IT aide with a secret server 'hidden in his hands'""

ou

""Cat out of the bag: Cops caught the IT aide with a hidden server 'in his hands'""

Ambas as traduções mantêm o sentido metafórico original.",0,347,752,2475,2505,2525,2362,2384,13350
Donna Brazile: “I hope to God we find out who murdered Seth Rich”,Que Deus nos ajude a descobrir quem matou Seth Rich.,May God help us find out who killed Seth Rich.,0,188,752,2166,1612,1449,16,555,6738
"Exclusive: Kevin Spacey’s Father Was ‘Nazi Child Rapist’ Who Hated Jews and Sexually Abused His Own Son for Years – and Their Mother Knew, Claims Actor’s Brother","""Exclusivo: Pai de Kevin Spacey era 'Nazi, Estuprador de Crianças', que odiava judeus e abusou sexualmente de seu próprio filho por anos – e sua mãe sabia, afirma irmão do ator"".","""Exclusive: Kevin Spacey’s father was a 'Nazi, Child Molester,' who hated Jews and sexually abused his own son for years – and his mother knew, says actor’s brother.""",0,25,749,406,438,1120,299,858,3895
Lavar Ball Discusses His Son Getting Arrested In China,Lavar Ball Discute o Filho Preso na China,"""Rinse Ball Discusses the Son Held Hostage in China""",0,170,752,2052,2503,2345,2120,1911,11853
NC State Admin Proposes Exclusive Housing for ‘Women of Color’,NC State Proposta Exclusiva de Habitação para 'Mulheres de Cor',Exclusive Housing Proposal for Women of Color,0,96,752,1897,2045,1290,1895,1959,9934
Making It Relevant: Helping Students Connect Their Studies to the World Today,Tornando-o Relevante: Ajudando os Estudantes a Conectar Seus Estudos ao Mundo Hoje,'Making it Relevant: Helping Students Connect Their Studies to Today's World',0,37,111,320,238,306,664,353,2029
Kevin McCarthy: Tax Reform Will Help Innovation and Entrepreneurship,Reforma tributária ajudará inovação e empreendedorismo,"""Reforma tributária ajudará inovação e empreendedorismo"" traduz-se como ""Tax reform will boost innovation and entrepreneurship"".",0,230,752,2432,2358,2223,1609,2204,11808
BREAKING: Protesters Try to BREAK INTO St. Louis Prison,ROMPI: Manifestantes TENTAM ROMPE A Prisão de São Luis,"""BREAK: Protestors ATTEMPT TO BREAK INTO São Luis Prison""",0,242,752,1870,1087,1948,2294,2069,10262
Susan Collins (R-ME) Begins To Realize The Terrible Mistake She Made,Susan Collins (R-ME) Percebe a Terrível Falta de Cuidado que Cometeu.,'Susan Collins (R-ME) Sees the Terrible Lack of Care She Committed.',0,156,674,1936,1598,2279,1017,1430,9090
Trump accuses ex-FBI Director Comey of ‘crimes’ and calls for him to be investigated by a ‘special council’,Trump acusa ex-Diretor do FBI Comey de 'crimes' e pede que seja investigado por um 'conselho especial','Trump accuses ex-FBI Director Comey of 'crimes' and calls for investigation by a'special council'',0,31,498,643,650,316,700,477,3315
Jennifer Garner Reportedly Warned Lindsay Shookus About Ben Affleck,Jennifer Garner supostamente alertou Lindsay Shookus sobre Ben Affleck,Jennifer Garner is rumored to have warned Lindsay Shookus about Ben Affleck,0,68,752,159,179,677,728,134,2697
"Muslim Woman Renounces Islam And Gives Her Life To Jesus After Her Daughter Is Miraculously Healed, Her Husband Violently Attacks Her And She Is Now In Hiding","""Mulher Muçulmana Renuncia ao Islam e Dedica Sua Vida a Jesus Após a Filha Ser Milagrosamente Curada, o Esposo Agressivamente a Ataca e Ela Está em Fuga.""","""Muslim Woman Rejects Islam and Dedicates Her Life to Jesus After Daughter Is Miraculously Cured, and Husband Aggressively Attacks Her, She Is in Flight.""",0,95,752,1079,1990,1907,1799,2132,9754
Medical marijuana is helping people for many more health problems than just pain,"""Medical marijuana está ajudando pessoas para muitos mais problemas de saúde do que apenas dor.""","""Medical marijuana is helping people with many more health issues than just pain.""",0,34,306,366,285,110,192,1,1294
Trump Appellate Nominee Says Her Religion Supersedes the Constitution,"""Nominação de Trump para a Corte de Apelações Declara que Sua Religião Precede a Constituição""","""'Nominação de Trump para a Corte de Apelações Declara que Sua Religião Precede a Constituição"" pode ser traduzido para o inglês como:

""'Trump's Nomination to the Court of Appeals Declares That His Religion Trumps the Constitution""",0,351,752,2442,2414,2498,1732,2073,12262
Initiative proposed in Montana to allow suing if you see transgender folks going potty.,Proposta Montana de permitir processar se você vir pessoas trans usando o banheiro,"""Montana Proposition to permit processing if you see people trans using the bathroom""",0,268,752,2108,2163,2313,2001,2172,11777
"Raid on Paul Manafort's house involved no-knock warrant, expectations of evidence being destroyed","""A invasão da casa de Paul Manafort envolvendo mandado de busca e apreensão sem aviso, com expectativas de que as evidências fossem destruídas.""","""Manafort's house stormed with a no-notice search warrant, expecting evidence to be shredded.""",0,253,752,1949,1746,2252,1854,1926,10732
Photogallery - Will Bernie Sanders make a presidential bid in 2020?,"""Galeria de Fotos: Bernie Sanders fará uma disputa à presidência em 2020?""","""Bernie Sanders will go for the White House in 2020?""",0,253,752,2297,2028,1283,1931,1571,10115
North Korean Pop Singer Leads Pre-Olympic Delegation to South,Cantora Pop Coreana do Norte Lidera Delegação Pré-Olimpica para o Sul,Pop K-Pop Northern Star Leads Delegation to South,0,187,752,2315,2309,1876,2460,2171,12070
*POPCORN* Hillary found somebody else to blame for ‘What Happened’ in 2016 (Just guess),Hillary achou alguém novo para culpar por 'O Que Aconteceu' em 2016 (Adivinhe quem).,"""Hillary found someone new to blame for 'What Happened' in 2016 (Guess who).""",0,77,752,2074,1726,1008,303,826,6766
Something lighter: Video shows dog honking car horn to get owner’s attention,'Cachorro buzina carro para chamar a atenção do dono',"""Dog honks car to get owner's attention""",0,112,752,1950,2171,2002,384,1460,8831
OUCH! GOP Rep. reminds Obama what he ‘left out’ of his DACA statement,"Aaaai! Deputado republicano lembra ao Obama o que ele ""esqueceu"" no seu comentário sobre DACA.","""Aaaai! Republican deputy reminds Obama what he ""forgot"" in his DACA comment.""",0,206,690,2016,1593,1427,745,1707,8384
Captain of Cargo Ship Claims It Tried to Avoid U.S. Navy Destroyer in Deadly Collision,'Piloto de Navio-Cargueiro Afirma que T Tentou Evitar o Destruidor da Marinha dos EUA em Colisão Mortal'.,Pilot of Cargo Ship Claims He Attempted to Dodge US Navy's Destroyer in Deadly Collision.,0,133,480,622,891,1420,1330,1435,6311
Trump Statements Bring a Variety of Responses from International Community,Declarações de Trump geram uma variedade de respostas da comunidade internacional.,Trump's statements evoke a range of reactions from the international community.,0,124,752,887,211,813,600,1,3388
Three Equifax Managers Sold Stock Before Cyber Hack Revealed,Três gerentes da Equifax venderam ações antes que o hack de cibersegurança fosse revelado.,Three managers at Equifax sold shares before the cybersecurity breach was revealed.,0,209,752,1354,785,963,182,23,4268
Photogallery - ‘Star Wars: The Last Jedi’ book confirms old theory about Snoke,'Photogallery - ‘Star Wars: The Last Jedi’ livro confirma velha teoria sobre Snoke.',''Photogallery - ‘Star Wars: The Last Jedi’ book confirms old theory about Snoke.''',0,1,20,221,74,173,1507,625,2621
"Michael Flynn's family sets up a legal defense fund for Flynn, but not his son","Michael Flynn's family sets up a legal defense fund para Flynn, mas não para seu filho.","Michael Flynn's family establishes a legal defense fund for Flynn, but not for his son.",0,26,88,42,128,146,1666,103,2199
"Fools Crow, Lakota Sioux Spiritual Leader, Gave a Prayer Before the U.S. Senate in 1975","Fools Crow, líder espiritual dos Lakota Sioux, recitou uma oração na frente do Senado dos Estados Unidos em 1975.","Fools Crow, spiritual leader of the Lakota Sioux, recited a prayer before the U.S. Senate in 1975.",0,67,273,115,259,931,626,538,2809
"David Reid, Black Kos managing editor explains its need at DailyKos","""David Reid, editor-managing do DailyKos, explica sua necessidade""","""David Reid, the Daily Kos' editor-in-chief, expounds his necessity.""",0,275,752,2261,1734,2148,2204,2264,11638
PressTV-'North Korean missile could reach US in a year',"""Um míssil da Coreia do Norte poderia alcançar os Estados Unidos em um ano.""","""A North Korean missile could reach the United States in a year.""",0,86,653,1731,1061,648,19,328,4526
"Army Vet Sentenced to Night In Jail, Hidden Camera Captures Judge Entering His Cell [VIDEO]","Exército Vet Sentenciado a Passar a Noite na Xilinha, Câmera Escondida Registra Juiz Entrando na Cela","""Sentenced to spend the night at the 'xilinha', hidden camera records judge entering cell.""",0,173,752,2270,2090,2502,2209,2418,12414
Police Drone Battle Continues After LAPD Approves New Purchase and Officer Training,Pequena Guerra de Drones da Polícia Continua Após a Aprovação de Nova Compra e Treinamento de Oficial pela LAPD.,"""Little War of Police Drones Persists Post New Purchase and Training Approval for LAPD.""",0,262,752,1864,1986,1714,1876,1883,10337
"Govt, Private Sector Encryption Upgrade Could Enhance Cyber Security",Upgradar a Criptografia no Setor Público e Privado Pode Melhorar a Segurança Cibernética,"""Upgrading Cryptography in the Public and Private Sectors Can Enhance Cybersecurity.""",0,335,752,2304,1121,707,474,648,6341
Why Are Our Most Important Teachers Paid the Least?,Por que nossos professores mais importantes são pagos menos?,"""Why do our most important teachers get paid less?""",0,113,752,1247,256,1110,185,145,3808
Know Your Enemy: US considered most dangerous country globally (Video),"""Conheça seu Inimigo: Os EUA Considerados o Países Mais Perigoso Mundialmente""","""Get to Know Your Enemy: The U.S. Seen as the World's Most Dangerous Country""",0,218,737,2344,1373,1366,691,676,7405
Return to Uzbekistan Could Mean Death for Gay Reporter in Russia,Voltar ao Uzbequistão Pode Ser a Morte para o Jornalista Homossexual na Rússia,"""Returning to Uzbekistan Could Be Death for the Gay Journalist in Russia""",0,101,752,777,309,380,1096,1055,4470
The Pneumonic Plague Killed 50 Million People in the Middle Ages and Now It’s Back,"The Pneumonic Plague Killed 50 Million People in the Middle Ages and Now It’s Back

A Peste pneumônica Matou 50 Milhões de Pessoas na Idade Média e Agora ela Está de Volta",The Black Death Claimed 50 Million People in the Middle Ages and Now It's Returning,0,74,109,1084,1523,2467,2050,2188,9495
"In NAFTA Negotiations, Trump Must Ensure Protection of US Property Rights","Em negociações da NAFTA, Trump deve garantir a proteção dos direitos de propriedade dos EUA.","In NAFTA negotiations, Trump needs to ensure that US intellectual property rights are safeguarded.",0,122,752,305,405,775,866,14,3239
CLINTON LAWYER MARC ELIAS DENIES TRUMP RUSSIA DOSSIER INVOLVEMENT…REALLY?,Clint Elias Advogado de Clinton nega envolvimento com dossiê russo da Trump...Realmente?,"Clint Elias, Clinton's lawyer, denies involvement with Trump's Russian dossier... Really?",0,188,752,1876,1125,2526,695,1457,8619
Alabama Radio Host to Trump: We Love You and We Support You But Don’t Tell Us Who to Vote For,"""Alabama Radio Host to Trump: We Love You and We Support You But Don’t Tell Us Who to Vote For"" traduzido como:

""Apresentador da Rádio de Alabama para Trump: Nós Te Amamos e Te Apoyamos, Mas Não nos Diga Quem Devemos Vote.""","""Alabama Radio Host to Trump: We Love You and We Support You, But Don’t Tell Us Who to Vote For.""",0,1,24,110,77,400,1358,1399,3369
Alabama rep says that if the women are telling the truth about Roy Moore they should be prosecuted,"A deputada de Alabama disse que, se as mulheres estarem dizendo a verdade sobre Roy Moore, elas devem ser processadas.","""Alabama's congresswoman said that if women are telling the truth about Roy Moore, they should be charged.""",0,60,240,980,1062,872,1010,1074,5298
Palestinian Christians Burn Trump Posters In Bethlehem In Fury Over Embassy,Cristãos Palestinos Queimam Pôsteres de Trump em Belém em Ira com a Mudança da Embaixada,'Palestinian Christians Burn Trump Posters in Bethlehem in Rage over Embassy Change',0,28,577,447,687,772,837,1280,4628
Jenelle Evans talks about all of her kids but fans remind her of abortion,"Jenelle Evans fala sobre todos os seus filhos, mas os fãs lembram-na de aborto","Jenelle Evans talks about all her children, but fans remember her of abortions.",0,77,388,317,1119,1344,1552,597,5394
Kirk Cousins wife gives birth to couple's first child,"Kirk Cousins' wife gives birth to couple's first child é traduzido como ""a esposa de Kirk Cousins dá à luz ao primeiro filho do casal"".","""The wife of Kirk Cousins delivers the couple's first child.""",0,162,752,1971,1418,1347,890,871,7411
Interior Secretary Ryan Zinke has a side grift going: raising money for 'scam PACs',Interior Secretary Ryan Zinke tem um esquema paralelo em operação: arrecadando dinheiro para 'PACs fraudulentas'.,"""Secretary of the Interior Ryan Zinke operates a parallel scheme: collecting money for 'fraudulent PACs'.""",0,205,752,1732,1315,1190,641,1051,6886
"On 9/11 Anniversary, Pope Francis Says ‘Religions Cannot Want Anything But Peace’","""Em comemoração ao 9/11, Papa Francisco Declara que 'As Religões Não Podem Querer Nada Além da Paz'""","""In celebration of 9/11, Pope Francis Declares 'Religions Cannot Want Anything More than Peace'""",0,121,752,812,672,290,844,641,4132
AND POOF THEY’RE GONE: Baltimore removes Confederate monuments during the night,"Eis a tradução:

AND POOF THEY’RE GONE: Baltimore removes Confederate monuments during the night

E PUF! ELES SUMIRAM: Baltimore remove monumentos Confederados durante a noite","""E PUF! THEY’RE GONE: Baltimore removes Confederate monuments during the night""",0,37,72,1050,1627,417,2213,1525,6941
EPA Chief Scott Pruitt Proposes to Save $33 Billion with Repeal of Obama-Era Energy Plan,"""Chefe da EPA Scott Pruitt Propõe Economizar $33 Bilhões com Revogação do Plano Energético do Obama""","""Head of EPA Scott Pruitt Proposes Saving $33 Billion by Scrapping Obama's Energy Plan""",0,158,752,1040,848,511,1058,1196,5563
President Bannon Thanks You For Your Service! PS We're Deporting the Haitians,"""Obrigado, sr. Bannon, por seus serviços. PS: Estamos enviando os haitianos de volta.""","""Thank you, Mr. Bannon, for your services. P.S.: We are sending the Haitians back.""",0,238,752,2113,1733,1395,57,564,6852
Suspect in Charlottesville Car Attack Is Denied Bail in Court Appearance,Suspeito do Atentado com Carro em Charlottesville é Negado à Liberdade Provisória,Suspected Charlottesville Car Attacker Denied Bail,0,213,752,1338,1631,1643,1490,1692,8759
"Franco Harris: Joe Greene, Jack Lambert would have stopped political grandstanding like Kaepernick’s","Harris: Greene, Lambert parariam o alarde político como o de Kaepernick.","Harris and Greene, along with Lambert, would silence the political ruckus like Kaepernick.",0,189,752,2119,2141,1913,2060,2025,11199
"Keith Olbermann has nothing left to say, reportedly retires from political commentary","Keith Olbermann tem nada mais a dizer, relata-se que se aposenta do comentário político.","""Keith Olbermann has nothing left to say, and it's been reported that he is retiring from political commentary.""",0,120,310,1558,697,681,1360,675,5401
"Trump says he's had 'tremendous reviews' in Puerto Rico, isn't distracted because 'All I do is work'","Trump diz que teve'resenhas tremendas' em Puerto Rico, não está distraído porque 'Tudo o que faço é trabalhar'.","""Trump says he received tremendous reviews in Puerto Rico, he's not distracted because 'Everything I do is work.' """,0,79,666,756,462,881,1287,765,4896
People Are Saying 'We Don't Like Hatred and Bigotry',"""As Pessoas Estão Dizia 'Nós Não Gostamos de Ódio e Intolerância'""","'The People Said, 'We Don't Like Hate and Intolerance''",0,147,752,1276,641,500,606,1011,4933
Bowe Bergdahl Expected to Make His Plea in Court Today,"""Bowe Bergdahl deve apresentar seu caso hoje no tribunal""","""Bowe Bergdahl deve apresentar seu caso hoje no tribunal"" é traduzido como ""Bowe Bergdahl must stand his trial today.""",0,304,752,2384,2374,2204,2154,1107,11279
Joe Rogan Shares Incredible Knowledge About Women & Relationships From The Perspective of Men,'Joe Rogan Compartilha Conhecimento Incrível sobre Mulheres e Relacionamentos da Perspectiva dos Homens',"""Joe Rogan Shares Remarkable Insights about Women and Relationships from a Man's Perspective""",0,151,752,1107,639,934,374,540,4497
Fourth U.S. Soldier Is Found Dead After Ambush in Niger,Quarto Soldado dos EUA é Encontrado Morto Após Emboscada em Nigéria,U.S. Fourth Man Found Dead After Ambush in Nigeria,0,113,153,639,1281,391,990,1922,5489
Business Owner Was Never Convicted. But Police Kept 130 Of His Computers Anyway,O Empreendedor Nunca Foi Condenado. Mas a Polícia Retirou 130 De Seus Computadores.,'The Entrepreneur Was Never Condemned. But the Police Took Away 130 of His Computers.',0,151,752,1350,1079,1258,293,922,5805
Democrats fail to pick up any seats in special elections for Congress,Democrats miss a chance to get any seats in special elections for Congress.,' Democrats miss a chance to get any seats in special elections for Congress.',0,89,272,1262,959,851,2588,947,6968
PaulCraigRoberts.org The Witch Hunt for Donald Trump Surpasses the Salem Witch Trials of 1692-93,A caçada às bruxas contra Donald Trump supera as caçadas às bruxas de Salem em 1692-93.,The witch hunt against Donald Trump surpasses the Salem witch hunts of 1692-93.,0,52,655,1153,1277,2033,473,1348,6991
Don’t Tell the Left: More Guns Means Fewer Homicides,Não conte à esquerda: Mais armas significam menos homicídios.,'Don't tell the left: More guns mean fewer homicides.',0,17,752,706,39,1175,780,537,4006
RT Boss Calls Barack Obama ‘Insignificant Human Being’ – by Inessa,RT Boss Calls Barack Obama 'Insignificant Human Being’ – by Inessa,'RT Boss Calls Barack Obama 'Insignificant Human Being’ – by Inessa',0,1,182,112,67,143,2550,995,4050
WOW! Surveillance Video Shows Stephen Paddock Practice Shooting Before Massacre,"Incrivelmente, vídeo de vigilância mostra Stephen Paddock praticando tiroteio antes do massacre","Strikingly, surveillance video shows Stephen Paddock rehearsing the massacre before the shooting spree.",0,188,752,1917,1816,1553,1569,1239,9034
"US’s Second Largest Union Promotes A ‘Broad Environment Of Misogyny,’ Former Employee Says","“União dos EUA, Segunda Maior em Porte, Promove um ‘Amplo Contexto de Misoginia’, Ex-Empregada Acusa”","""Union of the United States, Second Largest in Size, Promotes a 'Wide Context of Misogyny', Former Employee Accuses""",0,196,752,1819,1194,1573,1476,1495,8505
Weekend Gun Show at Las Vegas Casino Is Canceled Following Mass Shooting,"""Fim de Semana de Armas em Vegas no Casino é Cancelado Após Atentado à Bomba""","""Weekend of Gunfire in Vegas Casino is Canceled After Bomb Blast""",0,235,752,1679,1653,1444,1540,1603,8906
Must-See Moments: Text Messages Prove Bias and Corruption in FBI,"""Momentos Imperdíveis: Mensagens de Texto Revelam Preconceito e Corrupção na FBI""","""Unmissable Moments: Text Messages Reveal Prejudice and Corruption in the FBI""",0,125,517,1488,1670,633,498,712,5643
Saudi Government Takes Control of Binladin Group Construction Giant,"Governo Saudita Toma Controle da Binladin Group, Gigante da Construção","Saudi Government Seizes Control of Binladen Group, Construction Giant.",0,60,752,341,274,229,1184,1660,4500
Chrissy Metz Will Make Her Stage Debut in ‘Fat Pig’,Chrissy Metz fará sua estréia em palco em 'Porco Gordo'.,Chrissy Metz will make her stage debut in 'Big Pork'.,0,50,752,917,1027,1064,851,1550,6211
Pitbull Sends Private Jet to Ferry Puerto Rico Cancer Patients to US,Pitbull Envia Jet particular para transportar pacientes de câncer de Puerto Rico para os EUA,"""Pitbull sends private jet to transport cancer patients from Puerto Rico to the US.""",0,102,752,466,498,1100,538,310,3766
India Begins Shipping Wheat to Afghanistan Through Iran's Chabahar Port,"""India starts shipping wheat to Afghanistan through Iran's Chabahar Port.""","""India starts shipping wheat to Afghanistan through Iran's Chabahar Port""",0,15,752,80,124,233,2583,780,4567
Fabio Aru Takes the Lead as Chris Froome Falters in the Tour de France,Fabio Aru Assume the Command as Chris Froome Loses the Grip in the Tour de France,"""Fabio Aru Takes the Helm as Chris Froome Loses His Grip in the Tour de France""",0,52,261,1062,918,1609,2464,2030,8396
ESPN Host Who Called Trump A White Supremacist Is Leaving ‘SportsCenter’,Apresentador da ESPN que chamou Trump de supremacista branco está saindo do 'SportsCenter',The presenter from ESPN who called Trump a white supremacist is leaving the SportsCenter.,0,51,752,610,278,1515,612,568,4386
"Sebastian Gorka, ousted from White House, may be blabbering national secrets on 'Fox and Friends'","""Sebastian Gorka, expulso da Casa Branca, pode estar revelando segredos nacionais no 'Fox and Friends'"".","""Sebastian Gorka, kicked out of the White House, may be spilling national secrets on 'Fox and Friends'.""",0,73,228,720,561,691,891,518,3682
Red-handed! Cops caught Dem IT aide hiding secret server,"Capturados, policiais pegaram ajudante de TI com servidor secreto.","Captured, police arrested IT assistant with secret server.",0,287,752,2225,2244,2046,1933,2179,11666
Did John Lackey and Anthony Rizzo confront eachother in dugout?,DId John Lackey e Anthony Rizzo confrontaram-se no dugout.,Did John Lackey and Anthony Rizzo traded barbs in the dugout.,0,68,205,1889,2182,2368,2423,2093,11228
Does The Israeli-Saudi Alliance Plans A War Against Iran? – Countercurrents,O plano israeliano-saudita para declarar guerra ao Irã é um tema de debate e especulação.,The Israeli-Saudi plan to declare war on Iran is a topic of debate and speculation.,0,270,752,2278,1510,1533,254,1323,7920
"HA! Chelsea Handler just ADMITTED she feels like an idiot, and there was great rejoicing","AHA! Chelsea Handler finalmente ADMITIU que se sente uma idiota, e houve grandes comemorações.","""Eureka! Chelsea Handler finally ADMITTED she feels like an idiot, and there was widespread celebration.""",0,82,136,1383,1532,399,1449,915,5896
Betsy DeVos announces campus rape reforms this week and we should all be worried,Betsy DeVos anuncia reformas sobre estupros nos campi esta semana e deveríamos todos nos preocupar,Betsy DeVos announces rape reforms on campuses this week and we should all be concerned.,0,40,160,117,193,874,1267,68,2719
"Something wrong, Bern? Sen. Sanders deletes, rephrases tweet blaming Trump for inspiring violence","Há algo errado, Bern? Sen. Sanders deletou, reformulou o tweet que atribuía à Trump a responsabilidade pela inspiração de violência.","Is there something wrong, Bern? Sen. Sanders took down and rephrased the tweet blaming Trump for inspiring violence.",0,93,178,831,733,1476,1678,1081,6070
"Afghan Pedophiles Get Free Pass From U.S. Military, Report Says","Crimeiros Afghanos de Pedofilia Recebem Isenção pela Força Militar dos EUA, Relato Indica","Afghan Pedophilic Crimes Get Amnesty from US Military Force, Report Alleges",0,224,752,1459,1236,1699,1594,1671,8635
American automakers plan joint ventures to make electric cars in China,American automakers plan joint ventures to make electric cars in China.,American automakers are cooking up joint ventures to bake electric cars in China.,0,73,477,426,1899,1084,2414,1022,7395
Hillary And Bill Wore Royal Colors On Election Day,Hillary e Bill usaram cores reais no Dia das Eleições,Hillary and Bill employed real colors on Election Day.,0,60,752,531,1481,1509,304,831,5468
Rohingya Exodus Continues As Satellite Images Reveal Burning Villages,Fuga Ininterrupta dos Rohingya: Imagens de Satélite Revelam Vilarejos em Chamas,"""Uninterrupted Exodus of Rohingya: Satellite Images Reveal Villages in Flames""",0,187,752,1808,1411,930,659,856,6603
CNN Analyst Gets Savaged on Twitter For Saying 'Racist and Misogynist' People Don't Have the 'Right' to Stay Anonymous,Analista da CNN é Vítima de Atacar nas Redes Sociais por Dizer que 'Racista e Misógino' não têm 'Direito' de Ficar Anônimos,CNN analyst attacked in social media for saying 'racist and misogynistic' don't 'deserve' anonymity,0,220,752,1259,1853,1879,1504,2268,9735
"Rep. Franks Predicts Awans Will Get Immunity For “Significant, Disturbing Story” About Wasserman Schultz","""Franks prevê que Awans obterá imunidade por 'história significativa e preocupante' sobre Wasserman Schultz.""",Franks predicts that Awans will obtain immunity by'significant and alarming' story on Wasserman Schultz.,0,136,752,1335,1441,2162,1818,1631,9275
Texas Senate Says No to Boys in Girls’ Bathrooms,Tennessee Assembleia Recusa Entrada de Meninos em Banheiros de Meninas.,Tennessee Assembly Rejects Entry of Boys in Girls' Bathrooms.,0,230,752,1848,1642,595,1366,1543,7976
Criminal Complaint Filed Against EU Authorities Who Gave Glyphosate Green Light,Acusações Formais Apresentadas contra Autoridades da UE que Deram Licença para a Uso de Glyphosate,"""Charges Filed against EU Authorities for Granting Glyphosate Approval""",0,196,752,1053,1994,1163,1220,1345,7723
MORE ‘special exceptions’ being given to muslims in the States,"""Mais 'exceções especiais' sendo dadas aos muçulmanos nos Estados Unidos.""","""More'special exceptions' are being granted to Muslims in the United States.""",0,45,752,1600,471,220,501,528,4117
Republicans are budgeting Arctic National Wildlife Refuge for drilling to pay billionaires billions,Republicanos estão orçamentando a Reserva de Vida Selvagem de Arctic National Wildlife Refuge para perfurar e pagar bilionários bilhões.,Republicanos estão planejando explorações na Reserva de Vida Selvagem do Arctic National Wildlife Refuge para perfurar e enriquecer bilionários bilhões.,0,328,740,2528,2536,2367,2306,2254,13059
When Durbin Asked the IRS to Silence Karl Rove,Quando Durbin solicitou ao IRS que silenciasse Karl Rove,"""When Durbin requested the IRS to silence Karl Rove""

tradução criativa: ""When Durbin asked the IRS to gag Karl Rove""",0,183,752,1676,2041,2333,2325,2060,11370
Why Net Neutrality Was Repealed and How It Affects You,Por que a Neutralidade de Rede foi Revogada e Como Isso Afeita Você,"""Why the Network Neutrality Was Revoked and How It Impacts You""",0,113,752,821,554,171,108,226,2745
Judge Rules Hate Crime For Gay Man Who Fell Off A Cliff,'Juiz Aciona crime de ódio por homem gay que caiu de penhasco','Judge Slaps Hate Crime Charges Against Gay Man Who Fell Over Cliff',0,113,543,1330,1768,1148,2178,1887,8967
Sanctuary City Denver Freed An Illegal Alien Homicide Suspect Over ICE Objections,"Cidade Santuário Denver, Denver Solta Suspeito de Homicídio Ilegal Sobre Objeções da ICE",Sacred Denver Refuge Releases Suspect in Illegal Homicide Case Despite ICE Objections.,0,245,752,2050,1765,1789,2157,2257,11015
Mass Terror: FBI Informant Testifies Against Jihadi Who Plotted to Behead Pamela Geller for Islamic State,Mass Terror: FBI Informante Depõe Contra Jihadi Que Plotou Deixar Pamela Geller Desfigurada Para o Estado Islâmico,Major Panic: FBI Informant Testifies Against Jihadi Who Plotted to Disfigure Pamela Geller for ISIS,0,94,108,556,1412,1497,2260,1994,7921
Mueller Has Hired at Least 7 Democratic Donors for Investigation,Mueller Contratou Pelo Menos 7 Doadores Democratas para Investigação,Robert Mueller Hired At Least 7 Democratic Donors for Investigation,0,17,115,149,296,34,1779,1190,3580
Doug Jones's Gay Son Wore a Rainbow Flower Pin for Mike Pence to See,"""O filho gay de Doug Jones usou um broche com uma flor arco-íris para que Mike Pence visse.""",The gay son of Doug Jones wore a rainbow brooch so Mike Pence could see.,0,183,752,1234,1384,1735,1347,1123,7758
Biological DELUSIONS of the Left: Washington state may allow new parents to request gender-less birth certificates for newborns,ILUSÕES BIOLÓGICAS DA ESQUERDA: O estado de Washington pode permitir que novos pais solicitem certificados de nascimento sem gênero.,"""Biological Delusions of the Left: Washington state may allow new parents to request gender-neutral birth certificates.""",0,21,80,225,415,1213,1216,754,3924
Why is the GOP desperate to pass this terrible healthcare bill? The Koch brothers threatened them,Por que a GOP está desesperada para passar essa terrível lei de saúde? Os Irmãos Koch os pressionam.,Why is GOP desperate to pass this terrible health law? The Koch Brothers are pushing them.,0,74,311,483,1829,1254,1372,1335,6658
Nazi Sympathizer Profiled by The Times Loses His Job,Simpatizante com o Nazismo Identificado pelo Times Perde o Emprego,Nazi Sympathizer ID’d by the Times Loses Job,0,60,752,1535,1330,756,860,717,6010
Distiller Makes Booze Out of Wine Spat Out by Strangers at a Tasting Event,Ensinar a transformar o álcool que outros cuspiram em um evento de degustação.,"""Teach to turn the alcohol others spat into a tasting event.""",0,291,752,2365,2481,2496,1941,2331,12657
Chris Bosh says LeBron and Wade can win another title together,Chris Bosh afirma que LeBron e Wade podem ganhar outro título juntos.,Chris Bosh claims that LeBron and Wade can win another title together.,0,28,79,51,81,40,208,1,488
The Pope Demands a ‘One World Government’ to ‘Save Humanity’,O Papa Exige um Governo Mundial para Salvar a Humanidade.,The Pope Demands a Global Government to Save Humanity.,0,35,493,1187,1099,598,632,329,4373
BREAKING: Missing Strzok/Page Text Messages Found (It’s a Miracle!),TROCANDO: Mensagens de Texto de Strzok/Page Faltantes Encontradas (É Um Milagre!),**EXCHANGED: Lost Text Messages from Strzok/Page Found (A Miracle!)**,0,210,752,1592,1914,1838,2031,1899,10236
"If You Have Kids, Share This Video With Them","Se você tiver filhos, compartilhe este vídeo com eles.","If you have kids, share this video with them.",0,1,752,52,4,277,3,1,1090
"Policy or Character? New Poll Examines the Preference of Voters, Going Into Today’s Alabama Election","Novo Pesquisa Avalia a Preferência dos Eleitores, à Enfrentar Hoje Alabama's Eleição",New Research Examines Voters' Preference in Today's Alabama Election,0,181,752,1653,1607,1522,2245,1776,9736
It appears the Trump admin. hasn’t learned from Michelle Obama’s school lunch fiasco,Parece que o governo Trump ainda não aprendeu com o fiasco das refeições escolares da Michelle Obama.,It seems the Trump administration hasn't learned from the disaster of Michelle Obama's school lunches.,0,107,752,1628,1060,640,344,97,4628
Prince Harry designs a one-of-a-kind ring for Meghan Markle,Delineou um anel único para a Meghan Markle.,Drawn a unique ring for Meghan Markle.,0,187,391,2142,2324,2183,1198,2353,10778
"One Night a Year, This Cactus Flower May Surprise You"," Uma noite por ano, essa flor de cactus pode surpreendê-lo.","""A once a year, this cactus flower can amaze you.""",0,147,752,1849,1198,2319,1829,987,9081
"Robert de Zafra, Who Made Key Findings on Ozone, Dies at 85","Robert de Zafra, que destacou-se nas descobertas sobre ozônio, morreu aos 85 anos.","Robert de Zafra, who excelled in discoveries about ozone, died at 85.",0,156,643,504,542,1292,222,271,3630
Danielle Steel reveals that she writes six books per year.,Danielle Steel revela que escreve seis livros por ano.,Danielle Steel discloses that she writes six books per year.,0,17,28,24,57,30,128,1,285
Andy Murray’s butcher created this “meaty tribute” to celebrate the birth of his daughter,"Criação de Andy Murray: o ""carniça"" celebrou o nascimento da filha com uma ""homenagem carnuda"".","""Murray's Miracle: The 'Rotten' Celebrated Daughter's Birth with a 'Fleshy' Homage.""",0,303,752,2386,2416,2519,2397,2479,13252
Why Andy Murray tennis fans should not ignore Tim Henman's comments,Por que os fãs de Andy Murray não devem ignorar os comentários de Tim Henman,Why the Andy Murray fans should not dismiss Tim Henman's comments,0,37,752,121,349,1119,194,50,2622
Wolff Said Trump Enacted Trans Military Ban for 'No Evident Reason'; But He's Wrong,"""Wolff disse que Trump implementou uma proibição da carreira militar para 'nenhuma razão evidente'; mas ele está enganado.""",Wolff said that Trump implemented a ban on a military career for 'no evident reason'; but he was wrong.,0,119,752,612,1455,1487,170,1383,5978
"ISIS Is Apparently Selling Stolen Artifacts on eBay, Amazon, Facebook, WhatsApp","ISIS vende artesanatos roubados no eBay, Amazon, Facebook, WhatsApp.","ISIS hawks looted crafts on eBay, Amazon, Facebook, WhatsApp.",0,147,127,503,1595,2207,1310,1183,7072
Veterans shared their stories in Israel while recovering from war – The Daily Texan [del.icio.us],Veteranos compartilharam suas histórias na Terra Prometida enquanto se recuperavam da guerra,Veteranos shared their stories in the Promised Land while recovering from the war.,0,172,701,2253,2276,2278,509,1866,10055
Rahm just banned Trump from Chicago after DACA decision,Rahm expulsou Trump de Chicago após a decisão sobre DACA,Rahm forced Trump out of Chicago following the DACA decision.,0,187,752,666,827,928,666,162,4188
When the Boss Wants You to Do Something Unethical,Quando o Chefe Quer Que Você Faça Algo Inescrupuloso,"""When the Boss Wants You to Do Something Underhanded""",0,21,47,608,537,1511,1289,1065,5078
"Sens. Cory Booker, Al Franken and Elizabeth Warren propose that the U.S. ‘prevent genocide’","Sens. Cory Booker, Al Franken e Elizabeth Warren propõem que os EUA 'prevencionem o genocídio'.","Sens. Cory Booker, Al Franken, and Elizabeth Warren propose that the US 'prevent genocide'.",0,18,106,180,171,403,673,49,1600
Uber Loses London License Because of ‘Lack of Corporate Responsibility’,"""Uber perde licença em Londres por 'falta de responsabilidade corporativa'.""","""Uber loses license in London due to 'lack of corporate responsibility'.""",0,113,752,1184,348,541,50,5,2993
Sportsmen Urge Senate to Reject Plan to Drill Arctic Refuge,"""Atletas pressionam o Senado a rejeitar plano para perfurar a Refúgio Ártico""","""Atletas pressionam o Senado a rejeitar plano para perfurar o Refúgio Ártico""",0,391,752,2573,2518,1686,2566,1606,12092
Saudi Who Attended Qaeda Camp Is Arrested in Oklahoma,'Saudi Who Attended Qaeda Camp Is Arrested in Oklahoma' é 'Saudi que frequentou o acampamento do Qaeda é preso em Oklahoma'.,'Saudi Who Attended Qaeda Camp Is Arrested in Oklahoma' is 'Saudi that attended Qaeda's training is detained in Oklahoma.',0,136,456,1163,1438,1809,1522,1553,8077
Magnesium found to treat DEPRESSION better than antidepressant drugs: New science,Magnésio encontrado para tratar a DEPRESSÃO melhor que medicamentos antidepressivos: Nova ciência,"""Magnésio found to treat DEPRESSION better than antidepressant drugs: New science""",0,28,25,427,2078,179,559,823,4119
Did You Know These Details About the Democratic Party?,Você sabia desses detalhes sobre o Partido Democrata?,Did you know these details about the Democratic Party?,0,1,493,3,16,36,11,1,561
Bears’ Zach Miller Needed Emergency Surgery After Negated Touchdown,Bears’ Zach Miller Precisou de Cirurgia de Emergência após Touchdown Negado,Zach Miller Needed Emergency Surgery After Denied Touchdown,0,42,74,1267,1196,784,1624,877,5864
FLYNN: I Unfriend You! Polling Shows Half of Liberal Democrats Troubled by Socializing with Trump Voters,FLYNN: Eu Te Deixe! Enquete Revela que Metade dos Democratas Liberais Se Sentem Inconfortáveis ao Interagir com Eleitores de Trump.,"""FLYNN: I Let Him Go. Poll Reveals Half of Liberal Democrats Feel Uncomfortable Interacting with Trump Supporters.""",0,203,687,1996,2094,1796,2068,2240,11084
Tyronn Lue predicts Kevin Love will have his best season as a Cavalier,Tyronn Lue prevê que Kevin Love terá sua melhor temporada como Cavalier,Tyronn Lue predicts Kevin Love will have his best season as a Cavalier.,0,1,5,7,17,29,450,1,510
Elizabeth Smart Tells the True Story of Her Abduction in 2 New TV Projects,Elizabeth Smart Revela a Verdadeira História do Seu Sequestro em 2 Novos Projetos de Televisão,"""Elizabeth Smart Reveals the True Story of Her Kidnapping in 2 New Television Projects.""",0,57,393,356,233,703,810,954,3506
State Department: Russian consulate in San Francisco closed to reach 'parity' after US expulsions,Departamento de Estado: o consulado russo em São Francisco está fechado para alcançar 'paridade' após a expulsão dos EUA.,Department of State: The Russian consulate in San Francisco is closed to achieve 'balance' following the expulsion of the U.S.,0,222,667,986,1026,1569,1235,2036,7741
How HQ Trivia Became the Best Worst Thing on the Internet,Como HQ Trivia se tornou a melhor pior coisa da Internet,"""Como HQ Trivia se tornou a melhor pior coisa da Internet""",0,310,752,2489,2551,1895,2528,1597,12122
Students Are Bringing Capitalism to Latin America: New at Reason,"""Alunos Estão Trazendo Capitalismo para a América Latina: Novidade no Reason""","""Students Are Bringing Capitalism to Latin America: New to Reason""",0,17,58,419,273,639,2000,1104,4510
GOP Senator Wants To Double The Number Of H-1B Visas,Senador da GOP quer dobrar o número de vistos H-1B.,'Senador da GOP wants to double the number of H-1B visas.',0,28,752,1368,1584,1544,1788,1230,8294
Loretta Lynch Lackey: She Only Let Bill Clinton on Her Plane Because It Was Too Hot and He Was Too Old (VIDEO),Ela permitiu que Bill Clinton entrasse em seu avião porque era muito quente e ele já estava muito velho.,"She let Bill Clinton on board her plane because it was very hot, and he was already quite old.",0,83,752,1903,2054,2249,214,989,8244
Brazilian company changes slogan of black toilet paper after racism claims,""" Brazilian company changes slogan de black toilet paper after racism claims para "" Brazilian company changes slogan de toalha de papel preto após alegações de racismo.""","""Brazilian company changes slogan de toalha de papel preto após alegações de racismo""",0,294,704,2451,2390,1874,2476,1674,11863
Will personalised ebooks make it through within the electronic time,Livros personalizados sobreviverão na era eletrônica.,"""Customized books will endure in the electronic age.""",0,287,752,2410,1928,1886,924,929,9116
Pope Francis Says Concern for ‘Cultural Identity’ Doesn’t Justify Opposition to Mass Migration,O Papa Francisco diz que o cuidado com a 'identidade cultural' não justifica a oposição à migração em massa.,The Pope Francis says that caring for 'cultural identity' does not justify opposition to mass migration.,0,81,752,1169,516,1070,281,115,3984
LOL. Hillary Bought a Second Home in New York in Anticipation of Winning 2016 Election (VIDEO),Hillary comprou uma segunda casa em Nova York antecipando a vitória nas eleições de 2016 (VIDEO),"Hillary bought a second home in New York, prematurely banking on her 2016 election victory. (VIDEO)",0,107,752,1264,1638,1666,1593,1221,8241
"The KC Star posted an article Wed eve on their Internet page, then a third of a page on their print","O KC Star publicou um artigo na quarta-feira à noite em seu site na internet, e um terço de uma página em sua versão impressa.","The KC Star published an article on its website in the late hours of Wednesday night, and one-third of a page in its printed version.",0,239,752,1811,1794,1530,228,580,6934
Michael Kors to Buy Jimmy Choo in $1.2 Billion Deal,"Traduzir a tradução criativa de ""Michael Kors to Buy Jimmy Choo in $1.2 Billion Deal"" como ""Michael Kors a Comprar Jimmy Choo em um acordo de $1,2 Bilhões.""","""Michael Kors to Buy Jimmy Choo in a $1.2 Billion Deal""",0,5,75,164,280,212,1740,1328,3804
"Possible Reason Mandalay Bay Shooter Needed Two ""Platforms"" in His Room.","""Posível Razão do Atirador do Mandalay Bay Precisava de Duas 'Plataformas' em Seu Quarto.""","""Possible reason the Mandalay Bay shooter needed 'two platforms' in his room.""",0,5,752,661,205,1442,1199,609,4873
Sam and Alexis make relationship choices regarding Julian and Jason,Sam e Alexis fazem escolhas relacionais envolvendo Julian e Jason,Sam and Alexis are making relational choices involving Julian and Jason.,0,113,752,354,389,719,186,139,2652
Blockchain May Become an Important Part of the Gold Market,Blockchain pode se tornar uma parte importante do mercado de ouro.,'Blockchain pode se tornar uma parte importante do mercado de ouro.' = 'Blockchain may become a crucial element in the gold market.',0,259,752,2202,2116,1884,177,56,7446
Sportscaster Dick Enberg Found Dead at Home at Age 82,Apresentador esportivo Dick Enberg é encontrado morto em casa aos 82 anos.,"Sportscaster Dick Enberg found dead at home, aged 82.",0,35,752,217,56,284,199,65,1608
Sheriff Joe Arpaio Says He Would Accept Pardon from Donald Trump,Sheriff Joe Arpaio diz que aceitaria o perdão de Donald Trump.,"""Sheriff Joe Arpaio says he would accept Donald Trump's pardon.""",0,45,752,562,496,601,336,66,2858
Saudi Arabia takes full control of the largest oil refinery in North America,Arábia Saudita assume o controle total do maior refino de petróleo na América do Norte.,Saudi Arabia takes full control of the biggest oil refinery in North America.,0,12,41,12,103,20,242,1,431
Dylan Marron Wants to Know Why People Hate One Another,Dylan Marron Wants to Know Why People Hate One Another.,Why does Dylan Marron want to understand the reason why people hate one another?,0,113,752,672,1098,801,1303,482,5221
Queen Elizabeth II faces problems with royal duties being neglected,A Rainha Elizabeth II enfrenta problemas com os deveres reais sendo descuidados.,The Queen Elizabeth II faces difficulties with royal duties being neglected.,0,31,130,83,82,217,455,20,1018
Trump’s Interior Secretary Is Overhauling Obama-Era Sage Grouse Protections,Secretário do Interior de Trump está reestruturando as proteções do Obama para a Galinha-veadora.,The Secretary of the Interior for Trump is revamping Obama’s protections for the Chickadee.,0,294,752,2098,2201,2236,1793,1983,11357
"They Quietly Left the Church, but the Sexual Abuse Continued","eles silenciosamente saíram da igreja, mas o abuso sexual continuou.","They slipped away from the church, but the sexual abuse continued.",0,68,752,232,323,974,1939,1488,5776
"Why I stand for the national anthem, and why I will never force anyone else to stand","Por que me levanto para o hino nacional, e por que nunca forçarei ninguém a fazer o mesmo.","Why do I stand for the national anthem, and why will I never force anyone to do the same.",0,60,171,422,808,900,347,356,3064
Vince Young surpassed by Marcus Mariota in Tennessee Titans record book,Vince Young superado por Marcus Mariota no livro de recordes dos Tennessee Titans.,Vince Young overshadowed by Marcus Mariota in the record book of the Tennessee Titans.,0,122,556,653,972,1399,1451,888,6041
Joseph P. Kennedy III Gives Democratic Response to State of the Union,"""Joseph P. Kennedy III Fala sobre a Relação com o Estado da União""","""The State of the Union is his stage.""",0,254,637,2463,2571,2552,2525,2485,13487
Illegal Immigrant Faces Federal Charges in Kate Steinle's Death,Imigrante Indocumentado Enfrenta Acusações Federais na Morte de Kate Steinle,"""Undocumented Immigrant Faces Federal Charges in Death of Kate Steinle""",0,100,355,1236,990,552,722,924,4879
And Then There Were Two: 2nd Woman Accuses Franken of Groping,"""E então, sobraram dois: 2ª Mulher Acusa Franken de Assédio""","""Then, there were two left: 2nd Woman Accuses Franken of Harassment""",0,45,368,1466,1831,1485,775,1332,7302
Half A Billion Fewer Animals Were Killed Since 2007 Because People Are Eating Less Meat,Half a billion fewer animals were killed since 2007 because people are eating less meat.,"Since 2007, half a billion fewer animals have escaped the kill because people are eating less meat.",0,107,752,296,663,1707,2510,1249,7284
15-Minute Stand-Up Specials? Netflix Is Trying a New Format,'15-Minute Stand-Up Specials? Netflix Is Trying a New Format',''15-Minute Stand-Up Specials? Netflix Is Trying a New Format'',0,1,17,387,62,32,2580,863,3942
"Pope Urges End to Venezuela Violence, Prays for Victims","""Pope Pede Fim à Violência na Venezuela, Oração Pelos Vítimas""","""Pope Asks for End to Violence in Venezuela, Prays for Victims""",0,99,578,731,335,195,734,659,3331
Live-In Grandparents Helped Human Ancestors Get a Safer Night’s Sleep,Vovôs em Aconchego Ajudaram Ancestrais Terem Noites de Sono Seguras,"""Grandfathers in Comfort Aided Ancestors to Have Nights of Safe Sleep.""",0,313,752,2198,1804,2320,2396,2306,12089
"Truck follows GPS directions onto boardwalk, leaving trail of damage behind","Truck follows GPS directions onto boardwalk, leaving trail of damage behind

Truck segue GPS em direção ao calçadão, deixando rastro de destruição","Truck follows GPS directions onto boardwalk, leaving trail of damage behind

Truck follows GPS instructions onto promenade, leaving a path of destruction in its wake",0,141,256,336,1225,798,1835,1266,5857
Jeff Sessions Wants the Cops to Take More Money from Americans,Jeff Sessions quer que a polícia tire mais dinheiro dos americanos.,Jeff Sessions wants the police to squeeze more cash out of Americans.,0,142,752,474,325,1001,948,146,3788
CERN Scientists Conclude “UNIVERSE SHOULDN’T EXIST”… Or Could They Be Wrong?,"""Cientistas do CERN Concluem que 'O UNIVERSO DEVERIA NÃO EXISTIR'… Ou Poderiam Estar Errados?""","""Scientists at CERN Conclude that 'THE UNIVERSE SHOULD NOT EXIST'… Or Could Be Wrong?""",0,139,752,1590,520,429,1318,1639,6387
"‘I Voted for Donald Trump, and I Regret It’",Votei em Donald Trump e me arrependo.,"""I voted for Donald Trump and regret it.""",0,8,752,773,126,237,705,137,2738
Chester Bennington commits suicide at age 41 mainstream media report,"""Chester Bennington comete suicídio aos 41 anos, segundo reportagem da mídia mainstream.""","""Chester Bennington takes his own life at 41, according to mainstream media report.""",0,143,752,2044,1534,1091,224,323,6111
Pension Funding Policies are Putting Colorado’s Credit Rating at Risk,Políticas de Apuração de Benefícios estão Pondo em Risco a Notação de Crédito do Colorado,**Benefits Scrutiny Policies Are Threatening Colorado's Credit Rating**,0,147,752,2060,1434,1542,1546,2103,9584
National secret ‘inmate swap’ program may have spread ‘popular’ neo-Nazi prison gang’s ideology across US,'Programa clandestino de troca de prisioneiros pode ter espalhado a ideologia da gangue popular nazista pelas prisões nos EUA'.,"""Clandestine prisoner exchange program could have spread the ideology of the popular Nazi gang through prisons in the US.""",0,257,752,2049,1564,1043,1312,906,7883
Four States Declare ‘State of Emergency’ as Tropical Storm Nate Approaches,Quatro Estados Declaram Estado de Emergência à Abordagem de Tempestade Tropical Nate,Four States Declare Emergency Over Tropical Storm Nate Approach,0,99,752,859,2161,1373,1108,1210,7562
Pope Asks Forgiveness For ‘Pain And Shame’ Of Child Sex Abuse,"""Pope busca perdão pelo 'dano e vergonha' da abuso sexual infantil.""","""The Pope seeks pardon for the 'harm and shame' of the child sexual abuse scandal.""",0,180,752,1795,882,1370,424,701,6104
Dragon Ball Super' give the clue to easily defeat UI Vegito,dê uma pista para derrotar facilmente UI Vegito de forma criativa.,Provide a key to effortlessly defeat UI Vegito in a creative way.,0,282,752,2263,2227,2210,1443,1986,11163
General in Charge of US Nukes says he can Defy an ‘Illegal’ Strike Order from Trump,Responsável pelas Armas Nucleares Americanas diz que pode Desobedecer uma Ordem de 'Strike' de Trump,"""Bearer of the American Nuclear Weapons Says Could Disobey a 'Strike' Order from Trump""",0,255,752,2305,2069,1983,1948,2187,11499
SUDDEN JIHAD SYNDROME? Toronto police can’t seem to figure out the motive of a Muslim man who went on a shooting spree in Toronto,"SUDDEN JIHAD SYNDROME? Toronto police can’t seem to figure out the motive of a Muslim man who went on a shooting spree in Toronto

SÍNDROME JIHAD SUDDENO? A polícia de Toronto não consegue entender o motivo de um homem muçulmano que foi em uma rajada de tiros em Toronto.",'Suddenly IHADIC SYNDROME? Toronto police can't seem to figure out the motive of a Muslim man who went on a rampage in Toronto.',0,31,69,596,1705,1701,2314,2216,8632
White nationalist rally: Obama quotes Nelson Mandela's 'Long Walk to freedom',Rali de nacionalistas brancos: Obama cita 'Long Walk to freedom' de Mandela,Rally of white nationalists: Obama cites 'Long Walk to Freedom' by Mandela,0,196,752,804,1127,497,689,174,4239
Trump voter admits he’d have to check with Trump first if Jesus Christ proved Russia collusion,Trump votante admite que teria que checar com Trump primeiro se Jesus Cristo provasse a colusão russa.,A Trump voter admits they would have to check with Trump first if Jesus Christ proved Russian collusion.,0,52,107,346,310,401,1447,535,3198
Trump appears to be serious in his efforts to defeat insufficiently loyal Republican Sen. Jeff Flake,"Trump parece estar sério em seus esforços para derrotar o senador Jeff Flake, que não é sufficiently (infiamente) leal.","Trump seems to be dead serious about his efforts to defeat Senator Jeff Flake, who isn't sufficiently loyal.",0,161,678,1268,1067,1466,1068,578,6286
"Eduardo del Río, Cartoonist Who Mocked Politics and Religion, Dies at 83","Cartoonista que zombou de política e religião, morre aos 83 anos",'Cartoonist who mocked politics and religion dies at 83',0,46,752,1806,2098,953,929,855,7439
Truman Put Nukes In Guam And Gave The Order To Nuke North Korea,Truman botou a bomba em Guam e deu a ordem para detonar a Coreia do Norte.,Truman dropped the bomb on Guam and gave the order to detonate North Korea.,0,113,752,1436,1088,1871,1673,928,7861
O’Reilly Case Shows The Corporate Complicity in Workplace Abuse,Casuística O’Reilly Expõe a Cumplicidade Corporativa no Abuso no Local de Trabalho,"""O’Reilly’s Casuistry Uncovers Corporate Conspiracy in Workplace Misconduct""",0,196,752,2068,1773,1717,1488,1648,9642
The Verge is now livestreaming “Circuit Breaker” on Twitter,"A Verge está agora transmitindo ao vivo ""Interrupteur"" no Twitter.","The Verge is now live streaming ""Interrupteur"" on Twitter.",0,113,543,1353,1786,761,212,1264,6032
"Immigrant youth rallied for DREAM Act in D.C., the streets—and outside Speaker Ryan's house","Juventude imigrante se mobilizou em Washington, nas ruas e na frente da casa do presidente Ryan, pelo DREAM Act.","""Immigrant youth rallied in Washington, on the streets and in front of President Ryan's house, advocating for the DREAM Act.""",0,187,752,1836,1042,1159,753,760,6489
Someone tweeted this about their dad and the response was just amazing,Alguém twittou sobre seu pai e a resposta foi simplesmente incrível.,Someone tweeted about your father and the response was simply amazing.,0,101,507,338,1166,336,1297,446,4191
This Olympic Skier Wants to Save the World’s Snow,Este esquiador olímpico quer salvar o mundo dos seus snow.,"""This Olympic skier wants to save the world from their own snow.""",0,45,752,1418,997,1785,2134,1646,8777
"Libya: At Slave Auctions, Muslim Smugglers Are Selling Off Migrants For As Little As $$400","Libya: Na Venda de Migrantes nas Feiras de Escravos, Smugglers Muçulmanos Estão Vendendo por Apenas R$ 400","Libya: Migrants Sold at Slave Markets, Muslim Smugglers Sell for Only R$ 400",0,196,752,1320,1218,1424,1454,1703,8067
Las Vegas Shooter Brought More Than 10 Suitcases Into The Hotel,Método de Las Vegas: Mais de 10 malas trazidas ao hotel,"""Vegas Method: Over 10 bags delivered to the hotel""",0,255,752,2076,2093,2509,1309,2198,11192
Roy Moore Finds a Rival From Afar: Gloria Allred,Roy Moore Encontra um Rival à Distância: Gloria Allred,Roy Moore Finds a Distant Rival: Gloria Allred,0,42,267,136,343,129,181,373,1471
"James Comey is tweeting again, this time quoting the chief Nuremberg prosecutor","James Comey está tweetando novamente, desta vez citando o chefe da Procuradoria de Nuremberg.","James Comey is tweeting again, this time citing the head of the Nuremberg Prosecutor's Office.",0,91,219,298,472,1180,1106,365,3731
Black Man Who Wielded Flamethrower During White Nationalist Rally in Charlottesville is Arrested,Homem Negro que Manipulava Lança-Fogo Durante Rassemblement Nacionalista Branco em Charlottesville foi Preso,Black Man Manipulating Firebomb at Charlottesville White Nationalist Rally Arrested,0,188,752,1486,1651,1875,1118,1724,8794
"Hah-Hah! Julian Assange Masterfully Trolls John Podesta For Complaining About Being a ""Victim""","'Rir alto! Julian Assange Mestremente Trola John Podesta por se Queixar de Ser uma ""Vítima""'.","""Laugh loudly! Julian Assange masterfully trolls John Podesta by whining about being a 'victim'.""",0,91,752,1576,1779,1637,1568,1467,8870
Amateur Hour: Axios Reporter Reveals Incompetence of His WH Sources,Amador da Semana: Correspondente do Axios Revela Incompetência de Seus Fontes da Casa Branca,Weekly Amator: Axios Correspondent Exposes Incompetence of His White House Sources,0,210,752,1291,1920,1367,2054,2040,9634
Report Prepared for Congress Offers Details on ATF Funding,"""Relatório Preparado para o Congresso Fornece Detalhes sobre o Financiamento da ATF""","""Prepared Report for Congress Provides Details on ATF Funding""",0,60,451,242,1226,323,1508,486,4296
This Female Small Business Owner Wants Tax Reform. Not Handouts.,"""Essa Empreendedora Feminina de Pequeno Negócio Quer Reforma Tributária, Não Ajuda.""","""She wants a Tax Reform, Not Help.""",0,214,752,2380,2489,2130,2170,1505,11640
Alabama GOP now openly defending pedophilia in defense of Roy Moore,Alabama GOP agora defende abertamente a pedofilia em defesa de Roy Moore,The Alabama GOP now openly supports pedophilia in defense of Roy Moore.,0,28,100,128,326,75,403,71,1131
Russia Used Facebook to Try to Spy on Macron Campaign,"""Uso do Facebook para tentar espionagem na campanha de Macron"".",Using Facebook to try to spy on Macron's campaign.,0,50,752,972,1749,1402,1320,1656,7901
Dwyane Wade shares his amazing Kobe Bryant story about their first matchup,Dwyane Wade compartilha sua incrível história sobre o seu primeiro confronto com Kobe Bryant.,Dwyane Wade shares his incredible story of his first encounter with Kobe Bryant.,0,206,593,684,793,513,122,333,3244
Ed Sheeran says no one wants to see him back in 'Game of Thrones',"Ed Sheeran diz que ninguém quer vê-lo de volta em ""Jogos Vorazes""","""Ed Sheeran says no one wants to see him back in 'The Hunger Games'""",0,57,61,818,1935,359,1473,1709,6412
Roy Moore claims victory over Trump's chosen candidate Luther Strange in Alabama Senate GOP runoff,"Roy Moore vence Strange, candidato escolhido por Trump, na disputa pela vaga no Senado pelo Partido Republicano da Alasca.","Moore nabs Strange, Trump's favored pick, in Senate Republican race in Alaska.",0,283,752,2124,2410,1986,1710,2432,11697
Federal Judge Rejects a Revised Voter ID Law in Texas,Juiz Federal Rejeita Nova Lei de Identificação de Votantes no Texas,"""Federal Judge Rejects New Texas Voter Identification Law""",0,170,752,1065,664,258,279,432,3620
Dragon Ball Xenoverse 2' DLC Pack 5 has a couple of surprises for players,"""Dragon Ball Xenoverse 2' DLC Pack 5 tem algumas surpresas para os jogadores""",'Dragon Ball Xenoverse 2' DLC Pack 5 has a few surprises in store for players.',0,40,187,170,221,384,251,41,1294
New Barbie Is Modeled After American Olympian Who Wears a Hijab,Nova Barbie é inspirada em atleta americana que usa um hijab.,New Barbie is inspired by an American athlete who wears a hijab.,0,101,752,476,283,966,109,88,2775
Jerry Falwell Can't Say If There Were 'Very Fine People' in Charlottesville,"Jerry Falwell não pode dizer se havia ""pessoas muito finas"" em Charlottesville.","Jerry Falwell cannot say whether there were ""very refined people"" in Charlottesville.",0,89,752,546,1262,1545,1193,487,5874
Tim Tebow Hits Homer After Embrace With Autistic Boy,Tim Tebow atinge Homer após abraço com garoto autista,Tim Tebow reaches home after hug with autistic child,0,170,752,834,2058,2121,2233,2018,10186
Photogallery - Trump insults the media in front of their children during W.H. Halloween event,Photogallery: Trump insulta a mídia na frente das crianças durante o evento do Halloween da W.H.,"""Photogallery: Trump Slams Media in Front of Kids During WH Halloween Event.""",0,114,752,1788,1499,1354,1564,1957,9028
Far Cry 5': Coop Mission has a massive problem with mission progress,"""Missão Cooperativa tem um problema imenso com o progresso da missão.""","""Cooperative Mission is in deep trouble with progress.""",0,297,752,2351,2223,2463,2087,2058,12231
NFL: The Kansas City Chiefs defeat the Philadelphia Eagles 27-20,NFL: Os Kansas City Chiefs dão uma surra nos Philadelphia Eagles por 27-20,NFL: The Kansas City Chiefs thrash the Philadelphia Eagles by 27-20,0,28,128,58,257,250,919,569,2209
"Kidnapped Pharmacist Gives Violent Gunman Drugs, He Doesn’t Realize What Kind Until It’s Too Late","Farmacêutico Secoestrado Devolve Drogas a Violento Com Fogo, Ele Não Percebe a Natureza até Ficarmo tarde","""Arson-Prescribed Druggist Returns Drugs to Violent One with Fire, He Doesn't Recognize the Reality Until It Gets Late""",0,266,752,2153,2293,2294,2410,2437,12605
Witnesses Tell How Percoco Gave Developers Access to the ‘Albany Game’,Os depoimentos revelam como Percoco deu aos desenvolvedores acesso ao ‘Jogo de Albany’.,"""Os depoimentos revelam como Percoco forneceu aos desenvolvedores acesso ao ‘Jogo de Albany’.""

""Atestados disclose how Percoco granted developers access to the 'Albany Game’.""",0,220,752,2341,2239,2081,1215,1119,9967
PERFORMANCE ANXIETY: John McAfee Says He Will Still ‘Eat His Own D*ck’ If Wrong About Bitcoin,PERFORMANCE ANXIETY: John McAfee Diz Que Continuará a ‘Comer Seu Próprio Pênis’ Se Estiver Errado Sobre Bitcoin,PERFORMANCE ANXIETY: John McAfee Says He Will Keep 'Eating His Own Penis' If He Is Wrong About Bitcoin,0,76,173,754,621,1523,1816,1863,6826
Photogallery - Al Gore compares Trump presidency to ‘Red Wedding’ episode of ‘Game of Thrones’,"Photogallery - Al Gore compara a presidência de Trump a um ""matar todos os participantes na boda vermelha"" do episódio da série ""Game of Thrones"".","Photogallery - Al Gore compares Trump's presidency to a ""kill all guests at the Red Wedding"" episode of the ""Game of Thrones"" series.",0,70,704,1303,1546,1821,1729,1464,8637
CNN Panel Claims Trump Mentally Ill Then Denies It,"Cnn Painel Afirma Que Trump Tem Doença Mental, E Negação","CNN's Panel Claims Trump Has Mental Illness, and Denial",0,242,752,1726,952,1494,1274,1483,7923
Jimmy Kimmel and Son Billy Make an Emotional Appeal to Fund the Children's Health Program...Now.,Jimmy Kimmel e filho Billy fazem um apelo emocional para financiar o programa de saúde infantil... Agora.,Jimmy Kimmel and son Billy are making an emotional appeal to fund a children's health program.,0,43,752,535,807,1154,1861,293,5445
"Norman Baker, Adventurer, Dies at 89; Crossed Atlantic on Reed Raft","Norman Baker, Aventurier, Muere aos 89; Navega Atlântico em Raft de Vime.","'Norman Baker, Adventurer, Dies at 89; Navigates the Atlantic in a Raft of Straw.'",0,122,289,1188,1877,1860,1719,1989,9044
Tesla installs world’s largest lithium-ion battery in South Australia,Instala a maior bateria de íons de lítio do mundo na Austrália do Sul,Plug in the world's largest lithium-ion battery pack in South Australia,0,73,752,549,2053,1205,1133,1664,7429
AWKWARD! MoveOn.org establishes ‘new definition of chutzpah’ by supporting this hashtag,AWKWARD! MoveOn.org estabelece uma 'nova definição de chutzpah' ao apoiar esse hashtag,AWKWARD! MoveOn.org establishes a 'new definition of chutzpah' by supporting this hashtag,0,4,133,65,125,33,1608,539,2507
NFL Refuses to Run Veteran AMVETS Ad Asking People to Stand,NFL Refusa a Correr Veterano AMVETS anúncio Pedindo Pessoas Para Levantar,"The NFL Refuses to 'Ride' the Veteran AMVETS ad, Calls for People to 'Stand Up'",0,103,752,1534,2129,2034,2434,2252,11238
The Pneumonic Plague Killed 50 Million People in the Middle Ages and Now It’s Back (VIDEO),"""Peste Pneumônica Matou 50 Milhões de Pessoas na Idade Média e Agora Está de Volta""","""The Black Death Killed 50 Million People in the Middle Ages and It's Back.""",0,48,179,1861,1759,2189,1526,1801,9363
Spoilers hint at drama unanswered questions and scheming on 'General Hospital',"""Indícios de drama, perguntas sem resposta e intrigas em 'General Hospital'.""","""Indícios de drama, perguntas sem resposta e intrigas em 'General Hospital'.""

""Clues of drama, unanswered questions, and intrigue in 'General Hospital'.""",0,276,752,2327,2256,2288,1479,1360,10738
Cindy Crawford and Rande Gerber Just Bought Another Incredible Home,Cindy Crawford e Rande Gerber acabaram de adquirir outra moradia incrível.,"""Cindy Crawford and Rande Gerber have just snapped up another stunning home.""",0,86,557,1048,1493,1379,740,872,6175
‘The Originals’ Season 5: Why did Paul Wesley refuse to do the crossover?,"A Tradução criativa de ""The Originals"" Season 5: Why did Paul Wesley refuse to do the crossover? é: ""Por que Paul Wesley recusou a fazer o crossover?""","""Why did Paul Wesley refuse to cross the river?""",0,125,346,2350,2496,2385,2486,2355,12543
75 Percent of Reishi Supplements Don’t Actually Contain Reishi Mushroom,"Seventy-Five Percent of Reishi Supplements Don't Actually Contain the Reishi Mushroom

""Oitenta e Quatro Percentos de Suplementos de Reishi Não Contêm o Cogumelo Reishi""","""The truth is, seventy-five percent of reishi supplements are nothing more than a shell game.""",0,300,752,2390,2294,2510,2263,2329,12838
Back to Saturn? Five Missions Proposed to Follow Cassini,"""Voltar para Saturno? Cinco Missões Propostas para Seguir Cassini.""","""Regress to Saturn? Five Proposed Missions to Pursue Cassini.""",0,113,585,971,1709,535,1044,1077,6034
Hurricane Irma Forces Yankees to Play Tampa Bay Rays at Citi Field,"""Tempestade Irma força Yankees a jogar com Tampa Bay Rays no estádio Citi Field.""","""Tempestade Irma forces Yankees to play with Tampa Bay Rays at Citi Field.""",0,24,347,978,2104,627,1734,638,6452
Manafort accused of lying to bankruptcy court — by his own son-in-law,Manafort acusado de mentir para o tribunal de falências — pelo seu próprio genro.,"""Manafort accused of lying to bankruptcy court — by his own grandson.""",0,38,39,945,1264,522,530,1218,4556
Top DHS official resigns over past racist remarks...and I have a question...,"""Top DHS official desiste devido a comentários racistas passados...e tenho uma pergunta...""","""Top DHS official steps down over past racist remarks...and I have a question.""",0,20,43,462,1223,343,831,286,3208
Photogallery - Ten Commandments monument in AK defaced less than 24 hours after installation,Galeria de Fotos - Monumentos dos Dez Mandamentos em AK foram vandalizados menos de 24 horas após a instalação,Photo Gallery - AK's Ten Commandments monuments defaced less than 24 hours after installation,0,113,163,358,745,450,880,845,3554
There Are People Who WANT To Be Micro Chipped,Existem pessoas que desejam ser microchipadas.,There are people who want to be microchipped.,0,42,752,291,903,1215,41,1,3245
I'm Writing a Book About Andrew Cuomo (So You Don't Have To),Eu Estou Escrevendo um Livro Sobre Andrew Cuomo (Para Você Não Ter que Fazer),I am writing a book about Andrew Cuomo (For You Not to Have to).,0,91,752,868,376,844,823,977,4731
Hackers Exploit Recently Disclosed Microsoft Office Bug to Backdoor PCs,'Piratas exploram bug recentemente descoberto da Microsoft Office para backdoor em PCs',Pirates discover Microsoft Office's recently found bug to backdoor PCs,0,162,752,1240,1134,1770,2153,1536,8747
Designer of Roy Halladay Plane Died While Flying One Earlier This Year,Designer de avião de Roy Halladay morreu enquanto voava no início deste ano.,"""Roy Halladay's airplane designer died while flying at the start of the year.""",0,218,752,2105,1780,1887,1162,1109,9013
Joe Biden Charging Hundreds of Dollars to Those Who Want a Signed Copy of His Latest Book,Joe Biden está cobrando centenas de dólares de quem deseja um exemplar assinado de seu novo livro.,"""Joe Biden is charging hundreds of dollars from those who want a signed copy of his new book.""",0,32,752,457,456,1249,52,529,3527
Dragon Ball Super' a new Super Warrior will interrupt the Tournament of Power,'Um novo Super Guerreiro Interromperá o Torneio do Poder.',"A translation for ""Um novo Super Guerreiro Interromperá o Torneio do Poder"" into English, preserving the metaphorical sense, is:

""A new Super Warrior will cut the tournament short.""",0,256,750,2457,2412,2454,2454,2255,13038
Bachelorette' star Chad Johnson reveals new woman in his life,"'Chad Johnson, estrela da Bachelorette, revela a mulher de sua vida.'","Chad Johnson, Bachelorette star, unveils the woman of his life.",0,196,752,1929,1077,745,469,542,5710
HOLY COW: Susan Rice tweet about Bowe Bergdahl and his family from 2014 will ENRAGE you,HOLY COW: Susan Rice tweet about Bowe Bergdahl and his family from 2014 will ENRAGE you,'Holy Cow! Susan Rice's tweet about Bowe Bergdahl and his family from 2014 will MAKE YOU BOIL OVER!',0,31,213,925,1525,1430,2347,1891,8362
Russia to counter Boeing’s Х37В with top secret MiG-41 project,Bater o traseiro da Boeing com o projeto ultrassecreto do MiG-41,To kick the butt of the Boeing with the ultra-secret MiG-41 project,0,181,752,1972,2317,2218,1749,2330,11519
Rick Perry presides over bogus rewrite of energy report that contradicts its own findings,Rick Perry presidiu sobre a reescrita fraudulenta do relatório de energia que contradiz os próprios achados.,Rick Perry presided over the deceitful redaction of the energy report that contradicted its own findings.,0,113,752,1289,935,940,842,1015,5886
"""I'm not rich,"" said the lawyer to the nurse, ""so we don't need campaign finance reform.""","Eu não sou rica, disse o advogado à enfermeira, então não precisamos de reforma na política de financiamento de campanhas.","""I'm not wealthy, the lawyer told the nurse, so we don't need a policy change for campaign financing.""",0,109,590,609,920,685,642,272,3827
WATCH: Mitch McConnell condemns another Republican senator for sexual misconduct in 1995,ASSISTIR: Mitch McConnell condena outro senador republicano por conduta sexual em 1995,"""WATCH: Mitch McConnell slams another Republican senator for sexual misconduct in 1995.""",0,13,85,378,810,226,1390,752,3654
‘Coffee boy’ Papadopoulos regularly contacted top aide Stephen Miller and helped write Trump’s major foreign policy speech,Menino da Coffee Boy Papadopoulos frequentemente entrava em contato com o principal assessor Stephen Miller e ajudava a escrever os principais discursos de política externa de Trump.,The Coffee Boy Papadopoulos frequently entered in contact with the main aide Stephen Miller and helped to write the main political speeches of Trump.,0,209,716,1423,1352,1688,2084,2047,9519
"David Ferry Won the National Book Award in His 80s. In His 90s, He Has Translated Virgil.","David Ferry, nas suas décadas, venceu o National Book Award. Já em seus 90s, ele traduziu Virgílio.","David Ferry, in his decades, won the National Book Award. Already in his nineties, he translated Virgil.",0,95,709,721,1276,1998,1661,1517,7977
There is no reason for the health insurance industry to exist,Não há razão para a indústria de seguros de saúde existir.,There's no reason for the health insurance industry to exist.,0,15,21,63,46,24,34,1,204
"Trump-CNN Meme Creator Apologizes, Reveals Video POTUS Tweeted ‘Was Not Original Post’","Criador de Memes do Trump-CNN Se Desculpa, Revela Vídeo: POTUS Tweetou 'Não Era um Post Original'.","Memes Trump-CNN Creator Apologizes, Unveils Video: POTUS Tweeted 'It Wasn't an Original Post'.",0,121,752,1243,1394,988,1703,1869,8070
Google employees plotted with Antifa terror groups to wage violent revolution to overthrow President Trump,"""Funcionários do Google tramaram com grupos de terror da Antifa para levar a cabo uma revolução violenta e derrubar o presidente Trump.""",Google employees colluded with Antifa terror groups to orchestrate a violent revolution and overthrow President Trump.,0,62,362,318,355,207,451,82,1837
"Signs in sky reveal America as 'Covenant' nation, says 'Blood Moons' discoverer","Os sinais no céu revelam a América como nação do pacto, diz o descobridor dos 'Luas Vermelhas'.","The signs in the sky reveal America as a nation of the pact, says the discoverer of 'Red Moons.'",0,157,725,1611,1979,1593,1617,1544,9226
"A federal judge just sent it back to him with a big ""No!""","Ele só acabou de devolver para ele com um forte ""Não!""","""He only just handed it back to him with a forceful 'No!'""",0,122,359,1657,1849,2235,1945,1405,9572
Think Beet and Goat Cheese Salad Is a Cliché? A New Recipe Proves It’s a Classic,Pense na Salada de Ameixa e Queijo de Cabra como um Clichê? Uma Nova Receita Prova Que É uma Clássica,'Think of the Mash of Plums and Goat Cheese as a Cliché? A New Recipe Proves It's a Classic.',0,71,348,1217,1915,1619,2007,1697,8874
"Press Conference #2 – President Trump Answers Lengthy Media Questions on National Security, Policy and Status…","Palestra de Imprensa #2 – Presidente Trump Responde a Questões Detalhadas da Mídia sobre Segurança Nacional, Política e Estado...","Press Conference #2 - President Trump Answers Detailed Media Questions on National Security, Politics, and the State...",0,62,319,765,1254,832,276,907,4415
Russian General Killed in Syria and You’ll Never Believe Who Gets the Blame,Militar russo morto na Síria e você não vai acreditar quem é o culpado.,"A Russian soldier died in Syria, and you wouldn't believe who's at fault.",0,205,752,1928,631,1922,148,685,6271
What Can Tony Robbins Teach Us About Mass Shootings?,"""What Can Tony Robbins Teach Us About Mass Shootings?"" pode ser traduzido para o português como: ""O que Tony Robbins Pode Nos Ensinar Sobre Massacres em Grande Escala?""","""O que Tony Robbins Pode Nos Ensinar Sobre Massacres em Grande Escala?""",0,336,752,2526,2501,1036,988,824,8963
Trump tries to change the subject from 'he knew what he signed up for' to uranium,'Trump tenta mudar o tema de 'ele sabia o que assinou' para 'ele sabia o que fez.',"""Trump tries to shift the topic from 'he knew what he signed' to 'he knew what he did'.""",0,118,565,964,1995,1607,439,2157,7845
Fired TV Reporter: I’ve Received Thousands of ‘Sexual and Violent’ Threats,Cadeira da TV: Recebi Milhares de 'Ameaças Sexuais e Violentas'.,"""TV Chair: I Received Thousands of Sexual and Violent Threats.""",0,45,752,1485,2175,1580,1581,1812,9430
Justin Trudeau welcomes refugees into Canada and then wishes he hadn’t,Justin Trudeau acolhe os refugiados no Canadá e depois deseja não ter feito isso.,Justin Trudeau embraces refugees in Canada and later wishes he hadn't done so.,0,102,752,928,430,769,1014,600,4595
"Trump, Putin agree to ceasefire deal for south-western Syria","""Trump e Putin concordam com acordo de cessar-fogo para o sudoeste da Síria.""","""Trump e Putin concordam com acordo de cessar-fogo para o sudoeste da Síria.""

""Trump and Putin agree on a ceasefire for the southwest of Syria.""",0,289,752,2406,2134,1571,623,114,7889
"Probably Not Good- Russian-funded Facebook ads backed Stein, Sanders and Trump-Politico","Probablemente Não é Bom: anúncios patrocinados por Facebook e ligados a Stein, Sanders e Trump - Politico","Probably Not Good: Facebook Ads Linked to Stein, Sanders, and Trump - Politico",0,51,752,475,1880,1897,1343,1589,7987
"‘WTF is going on’? Paul Manafort is suing Rod Rosenstein, Robert Mueller, AND the DOJ","'Cala a boca, o que tá acontecendo?'","Shut up, what's going on?",0,338,752,2546,2587,2532,1547,2443,12745
Alibaba Co-Founder Joseph Tsai Said to Buy Brooklyn Nets Stake,"Co-fundador de Alibaba, Joseph Tsai, anunciou a compra de uma participação nos Brooklyn Nets","""Co-founder of Alibaba, Joseph Tsai, announced the acquisition of a stake in the Brooklyn Nets.""",0,230,752,1553,1231,1568,915,1067,7316
A Young Poet Loses His Rhythm and Finds His Voice,Um jovem poeta perde seu ritmo e encontra sua voz.,"""The young poet loses his beat and finds his voice.""",0,50,752,569,1142,1432,1825,1181,6951
Jeff Sessions just put a military general in charge of our federal prison system,Jeff Sessions apenas colocou um general militar no comando do nosso sistema penal federal.,Jeff Sessions has merely placed a military general at the helm of our federal penal system.,0,146,752,837,659,575,885,288,4142
The makers of the Solarin secure cellie are building a bitphone,"'The makers of the Solarin secure cellie are building a bitphone' pode ser traduzido como:

'Os fabricantes do Solarin seguro celular estão construindo um bitfone'",'Os criadores do Solarin celular seguro estão construindo um bitfone'.,0,373,752,2523,2524,2422,2152,1714,12460
Australia imposes new checks for arrivals from Gulf emirates,Australia impõe novos filtros para quem chega dos emirados do Golfo,'Australia imposes new filters for those coming from the Gulf emirates',0,99,752,1414,1234,591,1466,637,6193
"Little Boy Forgot Lunch Money And Asks School For Food, Look What They Gave Him","""O menino que esqueceu o dinheiro do lanche perguntou à escola por comida e veja o que eles deram a ele.""

Alternativa:
""Um menino que esqueceu o dinheiro do lanche questionou a escola sobre comida e veja o que ele recebeu.""","""The boy who forgot his lunch money asked the school for food and see what they gave him.""",0,113,752,1617,1043,1833,1650,1418,8426
AMAZING! Iranian Protesters Continue to Tear Down and Torch the Ayatollah Banners!,Protesters iranianos continuam a derrubar e queimar bandeiras do Aiatolá!,Protesters in Iran keep toppling and burning Ayatollah's flags!,0,310,752,1248,1417,1649,2101,1638,9115
P.S. I Love You: Postscripts a Powerful Marketing Tool,P.S. Eu Te amo: P.S. I Love You: Postscripts a uma ferramenta poderosa de marketing.,A powerful marketing tool is a postscript.,0,214,752,2349,2379,2418,2273,2054,12439
Man Who Sheltered Homeless People in His Basement Stops After City Order,Homem que Abrigou Pessoas Sem-Teto no Porão de Sua Casa Para de Fazê-lo após Receber Order da Cidade,Man who hosted homeless people in the basement of his house stopped doing so after receiving an order from the city,0,202,752,1810,955,1678,278,408,6083
"Today's ""Oh My"" Rant: Trump is Increasingly Doing it Alone","""Trump está cada vez mais fazendo tudo sozinho""","""Trump is pulling more strings by himself.""",0,327,752,2450,2128,2312,1997,2307,12273
Scientists May Have Found First Proof that We Live in A Multiverse,Cientistas Podem ter Encontrado a Primeira Prova de que Vivemos em um Multiverso,"""Scientists May Have Found the First Evidence That We Live in a Multiverse""",0,24,540,435,168,123,153,136,1579
Teen Mom 2': It seems like Chelsea Houska may be quitting the MTV series,Chelsea Houska pode estar deixando a série da MTV.,"""Chelsea Houska may be jumping ship on the MTV show.""",0,196,648,2190,2304,2264,2018,1588,11208
Russia State Media: Russians See Crimea as ‘First Step in the Reunification of Russia’,"""Russians See Crimea as ‘First Step in the Reunification of Russia’""

""Os russos veem a Crimeia como ‘primeiro passo para a reunificação da Rússia’""","""Russians See Crimea as ‘First Step in the Reunification of Russia’""",0,23,37,388,824,163,458,1294,3187
Looking for a London Vacation Rental? We Tried the Plum Guide,A procura por um aluguel de férias em Londres. Experimentamos o Plum Guide.,The quest for a holiday rental in London. We experienced the Plum Guide.,0,156,752,1384,1969,1901,1516,1108,8786
GOP Senatorial Committee Chair Says Senate Should Expel Roy Moore If He Wins,"""Líder da Comissão Sensorial do Senado Federal afirma que o Senado Deve Expulsar Roy Moore Se Ele Vencer.""","""Leader of the Sensory Commission of the Federal Senate states that the Senate should expel Roy Moore if he wins.""",0,202,752,1854,2336,1982,1681,1941,10748
Arrest Warrant Issued for Model Who Wore Tee-Shirt and Skirt in Saudi Arabia Streets,Despacho de Mandado de Captura para Modelo que Usou Camiseta e Saiota nas Ruas da Arábia Saudita,"""Delivery of Arrest Warrant for Model Who Wore a Shirt and a Cap in the Streets of Saudi Arabia""",0,119,699,1095,2039,1938,1882,2120,9892
What Would You Do If Satanists Erected a Giant Pentagram in Your Local Park?,"What Would You Do If Satanists Erected a Giant Pentagram in Your Local Park?
O Que Você Faria Se Satanistas Construissem uma Grande Estrela de Cinco Pontos no Seu Parquinho Local?","""If Satanists erected a giant pentagram in your local park.""",0,38,752,1137,1832,2337,1428,1771,9295
"Modern Love Podcast: Betty Gilpin Reads ‘A Lost Child, but Not Mine’","""Betty Gilpin Leitora de 'Uma Criança Perdida, Mas Não Minha' - Modern Love Podcast""","'""Betty Gilpin, Reader of 'A Child Lost, But Not Mine' - Modern Love Podcast'""",0,167,752,1563,1535,1727,954,1535,8233
UnitedHealth Buys Large Doctors Group as Lines Blur in Health Care,UnitedHealth adquire grande grupo de médicos; As linhas se embaracam na saúde.,"""UnitedHealth acquires vast medical group; The health lines entangle.""",0,297,752,1783,1748,2248,1786,1640,10254
"Deliveryman in New York handed a noose by customer is left traumatized, unable to return to work","Entregador em Nova York recebe uma corda pelas mãos do cliente e é deixado traumatizado, incapaz de retornar ao trabalho.","A messenger in New York receives a rope from the client and is left traumatized, unable to return to work.",0,117,224,1081,1357,1671,833,979,6262
"Man Sets Himself on Fire in Sydney, Protesting Immigration Policy","'Um homem se queima em Sydney, protestando contra a política de imigração'.","A man burns up in Sydney, protesting against immigration policy.",0,147,752,1706,1268,1527,147,185,5732
Photogallery - Chinese workers expose physical and verbal abuse at Ivanka Trump factory,Cápsula fotográfica - Trabalhadores chineses expõem abuso físico e verbal na fábrica da Ivanka Trump,Photo capsule - Chinese workers expose physical and verbal abuse at Ivanka Trump's factory,0,34,44,211,671,353,682,515,2510
Thousands of DACA Recipients Are Already Losing Their Protection From Deportation,Centenas de beneficiários do DACA já estão perdendo sua proteção contra a deportação.,"""Hundreds of DACA beneficiaries are already losing their protection against deportation.""

Respostas com a mesma estrutura:

- ""Fazer água na testa"" se torna ""to bust a nut"".
- ""Bater as botas"" se torna ""to kick the bucket"".
- ""Estragar a festa"" se torna ""to spoil the party"".",0,302,752,2426,2370,2583,2379,2493,13305
Hurricane Irma Makes Landfall in Caribbean as Category 5 Storm,Hurricane Irma Makes Landfall em Ilhas do Caribe como Tempestade de Categoria 5,"""Hurricane Irma Makes Landfall em Ilhas do Caribe como Tempestade de Categoria 5"" translates to:

""Hurricane Irma Makes Landfall on Caribbean Islands as Category 5 Storm""",0,196,712,2072,1735,2143,2443,2001,11302
Chilling! UK Acid Attack Victim Speaks Out (Shocking Video),Vítima de Ataque com Ácido no UK Fala pela Primeira Vez (Video chocante),Acid Attack Victim in the UK Speaks for the First Time (Shocking Video),0,176,540,1915,2065,622,70,335,5723
Richard Branson Defies Irma From Wine Cellar in Caribbean,Richard Branson Resiste à Irma do Fundamente da Vinícola no Caribe,"""The hurricane Irma hits Richard Branson's Caribbean vineyard from the foundation.""",0,303,752,2246,2395,2417,2337,2026,12476
"Transgender Recruits Welcome at Police Departments, Even if Trump Doesn’t Want Them","""Gente Trans de Bem Vinda nas Delegacias de Polícia, Mesmo que Trump Não Queira.""","""Gente Trans de Bem Vinda nas Delegacias de Polícia, Mesmo que Trump Não Queira.""",0,381,752,2575,2543,1825,2573,1979,12628
What you don’t know could hurt you: Google censoring documents for the Banks?,O que você não sabe pode machucar: Google censurando documentos para os bancos?,"""What you don't know can hurt: Google censoring documents for banks?""",0,34,425,658,271,748,806,1113,4055
Man Ends Up in the Hospital After Drinking “Satan’s Shot” Vodka,"Homem ends up in the hospital after drinking ""Satan's Shot"" vodka.","""Man ends up in the hospital after downing 'Satan's Shot' vodka.""",0,13,752,1160,1038,643,2114,1336,7056
US congress threatens to cut payments to Iraqi Kurds,"""O Congresso dos EUA ameaça cortar os pagamentos aos Curdos Iraquianos.""","""The US Congress threatens to cut payments to Iraqi Kurds.""",0,7,164,344,111,105,112,1,844
What prompted Trump's ban on transgender service? Wall funding.,"What prompted Trump's ban on transgender service? Wall funding.

O que impulsionou o ban de Trump sobre os serviços de transgênero? Financiamento de muro.","What prompted Trump's ban on transgender service? Wall funding.

The what impelled Trump's ban on transgender services? Wall funding.",0,120,216,264,1034,1763,2415,2235,8047
Photogallery - Vince Young surpassed by Marcus Mariota in Tennessee Titans record book,Album de fotos - Vince Young foi ultrapassado por Marcus Mariota no livro de recordes do Tennessee Titans.,'Photo album - Vince Young has been surpassed by Marcus Mariota in the record book of the Tennessee Titans.',0,147,508,1103,1680,1338,580,1078,6434
Josh Duggar may be replacing Derick Dillard on ‘Counting On’,Josh Duggar pode substituir Derick Dillard em 'Contando com'.,Josh Duggar can replace Derick Dillard in 'Counting on.',0,129,752,1802,734,482,1848,852,6599
WATCH: Driver Broadcasts Alleged High-Speed Chase on Facebook Live,Assista: Motorista Transmite Perseguição Alégua a Alta Velocidade ao Vivo no Facebook,"""Watch: Driver Transmits High-Speed Chase to Live on Facebook""",0,100,752,895,1342,1152,1872,1643,7756
Palestinian PM to Visit Gaza Next Week for Reconciliation Efforts,'Palestinian PM to Visit Gaza Next Week for Reconciliation Efforts' - 'Primeiro-ministro da Palestina a visitar a Faixa de Gaza daqui a uma semana para efforts de reconciliação'.,'Palestinian PM to Visit Gaza Next Week for Reconcililiation Efforts',0,17,67,937,1081,431,1448,1331,5312
Manafort Used Trump Campaign Email to Correspond With Ukrainian Contact,Manafort Utilizado E-mail da Campanha Trump para Correspondência com Contato Ucraniano,Manafort Emailed Trump Campaign About Ukrainian Contact,0,154,752,579,1297,1477,2196,1650,8105
Roy Moore reveals frightening reality: Many Evangelicals agree with and encourage child predation,Roy Moore revela a realidade assustadora: Muitos evangélicos concordam com e incentivam a predação infantil.,"""Roy Moore exposes the frightening reality: Many evangelicals agree with and promote child predation.""",0,47,574,249,265,201,138,158,1632
Meet The American Hero Who Led A Bayonet Charge In WWII,Conheça o Herói Americano que Liderou uma Charge de Bayoneta na Segunda Guerra Mundial.,'Discover the American Hero Who Led a Bayonet Charge During World War II.',0,112,653,875,611,487,967,994,4699
"Edgar Smith, Killer Who Duped William F. Buckley, Dies at 83","""Edgar Smith, o'matador' que ludibriou William F. Buckley, morre aos 83 anos"".","'Edgar Smith, 'The Trickster', who outsmarted William F. Buckley, passes away at 83'",0,112,538,1705,1110,2255,1845,1715,9280
Cuomo Considering Monitor for NYCHA Amid Lead Paint Scandal,Cuomo Considerando Monitor para NYCHA em Escândalo de Tinta de Chumbo,Cuomo Looking at Painting Lead Scandal at NYCHA,0,280,752,1593,2274,2244,2372,1473,10988
Pope hopes Trump will ‘rethink’ DACA decision on pro-life grounds,Pope hopes Trump will ‘rethink’ DACA decision on pro-life grounds.,"""Pope expects Trump to'reevaluate' DACA decision on pro-life basis.""",0,125,577,1265,837,651,2402,930,6787
Donald Trump Jr. and Kellyanne Conway Support Bullied Tennessee Middle Schooler,"""Donald Trump Jr. e Kellyanne Conway Apóiam Aluno do Tennessee de Escola do Meio Ambiente que Foi Bully.""

Nenhum sentido metafórico foi solicitado ou identificado no texto original.","""Donald Trump Jr. e Kellyanne Conway são defensores de um aluno do Tennessee da Escola do Meio Ambiente que foi bullying.""",0,276,739,2468,2465,2407,2457,2356,13168
Gary Cohn Sold Someone a Bunch of Dying Cows,Vendeu um monte de bois moribundos.,'Sold a bunch of dead horses.',0,183,752,2218,2506,2491,2470,2294,12914
"""Indictment Weekend"" claims its first victim: Roger Stone banned from Twitter",Final de Semana do Julgamento: Roger Stone é banido do Twitter,End of Judgment Weekend: Roger Stone Is Banned from Twitter,0,162,752,1961,2106,1674,1060,1878,9593
Erotica writing: take inspiration from your own adventures & experiences.,Letra erótica: tire inspiração de suas próprias aventuras e experiências.,"**Letra erótica: draws inspiration from your own adventures and experiences.**

Translate it to the following way: **Sensual letter: draw inspiration from your own adventures and experiences.**",0,286,745,2177,2230,2251,2420,1977,12086
What Trump is Doing in Jerusalem and Why He Is Doing It,O que Trump está fazendo em Jerusalém e por que ele está fazendo isso,What Trump is doing in Jerusalem and why he is doing it.,0,1,752,33,29,160,49,1,1025
"Americans don’t trust CNN, but believe Trump even less","Americanos não confiam na CNN, mas acreditam ainda menos no Trump.","""Americans do not trust CNN, but they trust Trump even less.""",0,113,555,1061,106,145,12,1,1993
"[VIDEO] Adult Film Star/Band Teacher Ends Both Careers, Upon Discovery of Double Life","""[VIDEO] Atriz de Filme Adulto / Professor de Banda Encerra Ambas Carreiras, Após Descobrir Vida Diferente""","""[VIDEO] Adult Film Actress / Band Teacher Ends Both Careers After Discovering a Different Life""",0,121,204,948,742,736,934,1290,4975
Photogallery - Hackers try to spread a new virus through Facebook Messenger,"""Galeria de fotos: Hackers tentam disseminar um novo vírus através do Facebook Messenger""","""Gallery of photos: Hackers attempt to spread a new virus via Facebook Messenger""",0,112,505,1201,1129,292,190,104,3533
"Joe Taub, Basketball Fan Who Became Part Owner of the Nets, Dies at 88","Joe Taub, Torcedor de Basquete que Tornou-se Co-proprietário dos Nets, Morre aos 88","Joe Taub, basketball fan who became Nets co-owner, dies at 88.",0,65,752,246,288,841,764,880,3836
​BREAKING: Limerick Man Swears He Didn’t Invite Facebook Friend To Messenger There,Quebrando: Homem de Limerick Jura que Não Convidou Amigo do Facebook para O Messenger,"""Cracking: Limerick Judge Claims Not Inviting Facebook Friend to Messenger""",0,234,752,1813,1576,1683,2159,2338,10555
"Maurice Bluestein, Who Modernized the Wind Chill Index, Dies at 76","Maurice Bluestein, que modernizou o Índice de Sentiência ao Vento, faleceu aos 76 anos","Maurice Bluestein, who modernized the Emotional Index to the Wind, passed away at 76 years old.",0,152,752,835,2199,2096,1992,1889,9915
Lewandowski approved Page's Moscow Trip the same day Papadopoulos contact asked for someone else,Lewandowski aprovou a página de Moscou da viagem do Papadopoulos do mesmo dia em que ele contactou por outro alguém,Lewandowski approved Moscow's page from the Papadopoulos trip on the same day he contacted someone else.,0,165,752,792,1843,2157,1943,2253,9905
Novak Djokovic Criticizes Wimbledon Officials After His Match Is Delayed,"""Novak Djokovic critica autoridades de Wimbledon após seu jogo ser atrasado"".","""Novak Djokovic lashes out at Wimbledon officials after his match is delayed.""",0,45,752,613,788,1173,442,309,4122
Centrist Florida Senator Nelson Refuses to Support Removal of Confederate Monuments.,O Centrista Senador da Flórida Nelson Recusa-se a Apoiar a Remoção dos Monumentos Confederação,The Centrist Florida Senator Nelson Refuses to Back the Removal of Confederate Monuments,0,38,100,240,524,362,510,563,2337
Why Stephen Curry never overtook LeBron James as the best player in the NBA,Por que Stephen Curry nunca superou LeBron James como o melhor jogador da NBA.,"""Why Stephen Curry Never Outshone LeBron James as the NBA's Greatest Player.""",0,113,572,724,590,688,1164,1057,4908
University refuses to ban symbols of hate; liberals react by going ballistic,Universidade recusa banir símbolos de ódio; liberais reagem como fogos de artifício.,University refuses to ban hate symbols; liberals react like fireworks.,0,124,450,677,1902,1139,1691,1064,7047
Why Asking About Citizenship Could Make the Census Less Accurate,Por que questionar sobre a cidadania pode tornar o censo menos preciso,"""Why questioning citizenship can make the census less accurate.""",0,80,752,687,565,1161,391,344,3980
"Project Bluebeam Active??? Meteor Slows Down And Fires Upon Detroit… Are Some Meteors, Actually Alien Craft?","""Projeto Bluebeam Active: Meteoro desacelera e atira sobre Detroit... Alguns meteoroides, na verdade, são naves alienígenas.""","""Bluebeam Project: Meteor slows down and crashes into Detroit... Some meteoroids, actually, are alien spaceships.""",0,158,752,1939,1615,1856,1351,1465,9136
Raiders Safety Keith McGill to Need Surgery After Fracturing Foot on Saturday,O raideiro Keith McGill precisa passar por cirurgia após fraturar o pé na manhã de sábado.,The injured Keith McGill must undergo surgery after fracturing his foot on Saturday morning.,0,139,752,1615,1397,1767,1270,1466,8406
LeBron James has some interesting things to say about the Celtics,LeBron James tem algumas coisas interessantes para dizer sobre os Celtics.,LeBron James has a few interesting things to say about the Celtics.,0,28,100,87,43,61,107,1,427
"India: Muslim mob rampages, beats up police officers, torches homes over Facebook post “disrespectful” to Muhammad","Multidão muçulmana desrespeita, agride policiais, incendeia casas devido a post no Facebook ""desrespeitoso"" a Muhammad.","""Muslim crowd disregards, assaults policemen, burns houses due to Facebook post 'disrespectful' to Muhammad.""",0,255,752,1216,2060,1473,879,1691,8326
The NFL Might Be Changing Their Policy On Marijuana,A NFL pode estar mudando sua política sobre maconha.,'The NFL is changing its policy on marijuana.',0,95,752,1002,926,751,733,476,4735
Las Vegas Cover-Up Continues: Video Shows Three Extra Missing Windows On West Side Of The Mandalay Bay Hotel Around The 29th and 30th Floors,"O Mistério de Las Vegas Continua: Vídeo Revela Três Janelas Extra Ausentes no Lado Oeste do Hotel Mandalay Bay, nos Andares 29 e 30","""The Mystery of Las Vegas Persists: Video Reveals Three Missing Windows on the West Side of the Hotel Mandalay Bay, on Floors 29 and 30""",0,166,752,1355,1347,1101,864,1237,6822
Trump Ally Scaramucci Expected To Be Named Communications Director,Ally de Trump Esperado para Ser Nomeado Diretor de Comunicações,"""Trump's Loyalist Expected to be Named Communications Director""",0,60,752,1935,1983,1881,922,2119,9652
‘This is brutal’! Wolf Blitzer scolds CNN reporter for using ‘not good sources’,'This is brutal' traduzido para o português com uma metáfora similar é: 'Isso é um inferno'.,This is hell.,0,317,752,2518,2495,2576,2431,2484,13573
Net Neutrality Activists Launch Crowdfunded Billboards Targeting Key Members Of Congress During August Recess," Aktivistas de Neutralidade na Rede Lançam Campanhas de Crowdfunding em Painéis com Alvos em Evento de agosto, Durante Recesso.","""Activists of Neutrality in the Digital Realm Launch Crowdfunding Campaigns on Virtual Boards with Targets at an August Event, During a Break.""",0,346,752,2354,2025,2359,2010,2286,12132
"She Recognized Her Own Photo, But Can't Account for 42 Years","Ela reconheceu a própria foto, mas não dá conta de 42 anos.","""She recognized her own photo, but can't keep up with 42 years.""",0,51,752,1138,1039,2104,1886,1194,8164
Hillary Clinton Reads ‘Fire and Fury’ at the Grammys,Hillary Clinton Lê 'Fire and Fury' na Academia de Grammy.,Hillary Clinton 'kicks the bucket' at the Grammy Awards.,0,230,752,2247,2290,2322,2442,2360,12643
Michael Flynn failed to disclose Russia—Saudi nuke deal—Democrats want Mueller to investigate,"Michael Flynn falhou em revelar acordo nuclear EUA-Rússia—Sauditas, democratas querem investigação do Mueller",Michael Flynn missed revealing the nuclear deal between the U.S. and Russia with the Saudis. Democrats are demanding an investigation by Mueller.,0,311,752,2296,1368,1784,1922,1775,10208
PA: Democrats HELPING Republicans Win Supreme Court (& Superior and Commonwealth Court) Election,Democratas Ajudando Republicanos a Ganhar Eleições para o Supremo Tribunal (e Superior e Superior Tribunal),"""Democrats Helping Republicans Win Supreme Court (and Superior and Superior) Elections""",0,101,485,1025,1769,1601,1511,2039,8531
The Glass You Threw Almost Killed My Boyfriend. Please Share !,O Copo Que Você Quebrou Quase Matou Meu Namorado.,The Glass You Broke Nearly Killed My Boyfriend.,0,114,426,996,1886,1852,1491,1352,8117
Photogallery - 'Dragon Ball Super' Goku can go Super Saiyan Blue Ultra-Instinct,Galeria de fotos do 'Dragon Ball Super': Goku pode alcançar o Super Saiyan Blue Ultra-Instinto,"""Gallery of photos from Dragon Ball Super: Goku can reach Super Saiyan Blue Ultra Instinct""",0,77,752,1729,1918,1081,1862,1404,8823
Poll: George W. Bush’s favorability rating has nearly doubled since he left office,Poll: A taxa de aprovação de George W. Bush quase dobrou desde que ele deixou o cargo.,"""Bush's approval rate has nearly doubled since he left office.""",0,88,244,1746,1046,1382,1349,812,6667
Should You Become Your Parents’ Guardian Before Someone Else Does?,Deveria Se Tornear o Guardião dos Seus Pais Antes Que Outra Pessoa o Faça,Should Carve the Guardian of His Parents Before Someone Else Does,0,162,530,1892,2436,2450,2276,2322,12068
‘30 Rock’ and ‘Friday Night Lights’ Are Leaving Netflix in October,'30 Rock' e 'Friday Night Lights' estão de saída da Netflix em outubro.,"""30 Rock and Friday Night Lights are bailing on Netflix in October.""",0,28,752,1613,1232,1829,1570,1448,8472
"@jimmykimmel tells everyone ""Bill Cassidy lied right to my face""","Jimmy Kimmel diz a todos: ""Bill Cassidy mentiu na minha cara""","""Jimmy Kimmel tells everyone: 'Bill Cassidy lied straight to my face'.""",0,68,752,983,610,562,436,322,3733
Injustice League: Rose McGowan Claims She Told Ben Affleck About Alleged Harvey Weinstein Rape,Justiça League: Rose McGowan Afirma Que Contou a Ben Affleck Sobre a Suposta Rape de Harvey Weinstein,Justice League: Rose McGowan Claims to Have Told Ben Affleck About Alleged Weinstein Rape,0,57,133,181,509,715,654,899,3148
David Beckham Shows Off a Perfectly Accessorized Summer Suit,David Beckham Exibe um Perfeito Acessoriado Suíte de Verão,David Beckham Shows a Perfect Accoutrements Summer Suit,0,95,752,958,1556,1822,2055,1609,8847
"Would You Pay $$30,000 for the “World’s Most Luxurious Coloring Book”?","Você pagaria $$30.000 pelo ""Livro de Cores Mais Luxuoso do Mundo""?","Would you shell out $30,000 for the ""Most Luxurious Color Book in the World""?",0,121,690,1007,912,283,225,833,4071
2017 Data: Pew Reports 60% of Young Americans Use Online Streaming as Primary Way to Watch TV,60% dos jovens americanos usam streaming online como principal forma de assistir TV,"""60% dos jovens americanos usam streaming online como principal forma de assistir TV"" traduzido para o inglês mantendo o sentido metafórico é: ""Sixty percent of American youth rely on streaming online as their main way to watch TV.""",0,305,752,2396,2378,2317,1499,2178,11825
Is the National Security Council becoming a national security threat?,A National Security Council está se tornando uma ameaça à segurança nacional?,Is the National Security Council becoming a threat to national security?,0,31,87,55,102,10,149,1,435
Canada’s Justin Trudeau awards millions to convicted terrorist and war criminal,Justin Trudeau entrega milhões a terrorista condenado e criminoso de guerra.,"""Justin Trudeau hands over millions to a convicted terrorist and war criminal.""",0,74,408,1837,1128,873,207,244,4771
Study Reveals Stunning Truth About The Environmental Impacts Of Tobacco,'Descoberta Revela Verdade Estremecedora Sobre os Impactos Ambientais do Tabaco'.,Uncovering Reveals Shocking Truth About Tobacco's Environmental Impact,0,242,752,1124,1104,939,1143,1021,6325
AGAIN? Who wore it better: Donald Trump or Hillary Clinton?,Quem usou melhor: Donald Trump ou Hillary Clinton?,"""Who kicked the can best: Donald Trump or Hillary Clinton?""",0,147,207,1901,2413,2287,2221,1834,11010
Roger Stone is right: Trump needs to demand a Uranium One investigation now,Roger Stone tem razão: Trump precisa exigir uma investigação sobre Uranium One agora mesmo.,"""Roger Stone is right: Trump must insist on an investigation into Uranium One right now.""",0,160,457,1010,696,203,288,186,3000
"Days of Our Lives' spoilers: Ben returns, reveals stunning news about Will","Ben returns, reveals stunning news about Will.","Ben returns, reveals jaw-dropping news about Will.",0,147,549,2114,1678,1531,2556,1133,9708
"Add another one, Virginia Tech has owned Virginia football since 2003.","Adicione mais um, a Virginia Tech controla o futebol da Virginia desde 2003.","""Add one more, Virginia Tech has been running the football in Virginia since 2003.""",0,122,615,1595,954,927,1707,859,6779
Photogallery - Josh Duggar may be replacing Derick Dillard on ‘Counting On’,Ala da Fotografia - Josh Duggar pode estar substituindo Derick Dillard em 'Contando em cima',"""Josh Duggar might be taking over the photography department from Derick Dillard in 'Counting Upwards'.""",0,218,752,2041,1955,1873,1538,1888,10265
Alabama Republican Rep. Rogers DESTROYED Key Hurricane Monitoring Satellite,Alabama Republican Rep. Rogers DERRUBOU satélite-chave de monitoramento de furacões.,'Representative from Alabama derrubou satélite crucial for storm tracking.',0,369,752,2435,2473,2528,2436,2102,13095
Public Distrust in Vaccine Safety Is Becoming a Public Relations Crisis,Perda de confiança pública na segurança das vacinas está se tornando uma crise de relações públicas,"""Loss of public confidence in vaccine safety is becoming a public relations crisis.""",0,38,752,583,330,882,110,100,2795
President Trump asks Congress for $7.9 billion down payment for Harvey relief,"Trump solicita à Congresso um ""pagamento à vista de US$ 7,9 bilhões para alívio do Harvey"".",Trump requests $7.9 billion immediate cash payment from Congress for Harvey relief.,0,138,752,534,854,164,974,644,4060
An ancient jawbone from a cave in Israel shows humans may have left Africa much earlier than thought,Um fêmur antigo de uma caverna na Israel sugere que os humanos deixaram a África muito antes do que se acreditava até agora.,'A fossilized femur from a cave in Israel suggests that humans may have left Africa much earlier than previously believed.',0,109,178,673,661,855,260,692,3428
How US Tries to Link Iran to Al Qaeda,Como os Estados Unidos Tentam Vincular o Irã à Al-Qaeda,"""As the United States Attempts to Link Iran to Al-Qaeda""",0,147,626,1019,1313,790,927,172,4994
‘Family Guy’ Predicted the Kevin Spacey Scandal Way Back in 2005,"'O family guy previu o escândalo do Kevin Spacey muito antes, em 2005.'","""The Family Guy predicted the Kevin Spacey scandal way back in 2005.""",0,5,752,897,219,794,725,421,3813
Colorado Republicans forced to discount tickets to see Mike Pence due to low sales,Colorado Republicans are forced to discount tickets to see Mike Pence due to low sales,Colorado Republicans have been compelled to lower ticket prices to attract patrons for Mike Pence's visit due to lackluster sales.,0,192,752,1364,678,1030,2353,723,7092
"Russian Company Sells $$17,000 Fidget Spinners Made of Solid Gold","Empresa Russa Vende Fidget Spinners de Ouro Solido por $$17,000","""Russian Company Sells Solid Gold Fidget Spinners for $17,000""",0,210,752,671,830,427,1634,1106,5630
"He Excelled as a Detective, Until Prosecutors Stopped Believing Him","Ele foi um detetive excelente, até que os promotores pararam de acreditar nele.","He was an outstanding detective, until the prosecutors stopped believing in him.",0,124,752,999,613,662,285,101,3536
This Large Group of Public Officials Backs a Christian Baker’s First Amendment Rights,Um Grande Número de Autoridades Governamentais Apóia os Direitos de Liberdade de Expressão de um Padeiro Cristão.,Many High Officials Support a Christian Baker's Right to Freedom of Expression.,0,268,752,2193,1369,2106,2206,1743,10637
Stephen Colbert Wants One of Trump’s ‘Corrupt Media Awards’,Stephen Colbert Quer Um dos 'Prêmios da Imprensa Corrupta' de Trump,Stephen Colbert Wants One of 'Trump's Corrupt Media Awards',0,1,183,425,217,79,646,530,2081
New details emerge proving Trump campaign and Russia both went after online Clinton supporters,"Novos detalhes emergem, demonstrando que a campanha de Trump e a Rússia foram atrás dos apoiadores online de Clinton.","New revelations surface, indicating that the Trump and Russia campaign sought Clinton's online supporters.",0,247,752,1842,1017,1121,423,709,6111
Hackers Find ‘Ideal Testing Ground’ for Attacks: Developing Countries,"""Hackers discover 'ideal trial field' for attacks: Developing countries""","""Hackers discover 'ideal trial field' for attacks: Developing countries""",0,113,752,1409,851,273,2586,1132,7116
Prince Harry Joined a Youth Rugby Team During His Recent Leeds Visit,O príncipe Harry integrou um time de rúgbi da juventude durante sua recente visita a Leeds.,"""The Prince Harry joined a youth rugby team during his recent trip to Leeds.""",0,34,752,520,404,474,1753,495,4432
Trump Jr. on Lawyer Meeting: 'Would Have Done Things Differently',Trump Jr. on Lawyer Meeting: 'Would Have Done Things Differently','Would Have Done Things Differently',0,113,552,2028,2206,2055,2564,1482,11000
Must I Tell My Therapist About My Other Therapist?,Devo Informar Minha Terapista sobre Meu Outro Terapista?,I need to inform my counselor about my other counselor.,0,187,752,1401,1015,2166,1955,1023,8499
General Hospital' spoilers: William deVry teases big return as Julian Jerome,General Hospital spoiler: William deVry sugere um retorno monumental como Julian Jerome.,"""General Hospital spoiler: William deVry hints at a monumental return as Julian Jerome.""",0,112,620,1472,1135,905,923,981,6148
Michael Moore Leads Audience of Broadway Play to Trump Tower,Michael Moore leva o público da Broadway até o Trump Tower,Michael Moore brings the Broadway crowd to Trump Tower.,0,129,752,1749,698,909,312,398,4947
#TrumpRussia ...Kushner's firm was given $285M Deutsche Bank loan a month before Election Day,#TrumpRussia...A firma de Kushner recebeu um empréstimo de $285M da Deutsche Bank um mês antes do Dia da Eleição.,'TrumpRussia...Kushner's firm received a $285M loan from Deutsche Bank one month before Election Day.',0,94,356,337,302,528,151,209,1977
Did they think we wouldn't notice? Senate Republicans exempt themselves from parts of Trumpcare,Acreditaram que não notaríamos?,They thought we wouldn't notice?,0,210,741,2031,2326,2056,211,1203,8778
"Non-Lethal? Police Tasers Have Killed Over 1,000—Many With Mental Health Problems","Disparos com Taser da Polícia Mortais a 1.000 Pessoas, Inclusive Muitos com Problemas de Saúde Mental.","Fatal Taser Shocks from Police Wound 1,000 People, Including Many with Mental Health Issues.",0,205,752,1544,1528,2159,1724,1804,9716
Nashville church killer may have wanted revenge for Dylann Roof rampage in Charleston,Nashville church killer pode ter desejado vingança pela devastação de Dylann Roof em Charleston.,"""Nashville church killer may have sought revenge for the devastation Dylann Roof wrought in Charleston.""",0,58,487,866,942,1270,1578,789,5990
"POTUS Proposes ‘Fake News Awards’, French Conservatives Have Been Doing it For Years and It’s Hilarious","""O POTUS propõe os Prêmios 'Notícias Falsas', os Conservadores Franceses Fazem Isso Há Anos e é Hilário""","""The POTUS offers the 'Fake News' Awards, French Conservatives Have Been Doing This for Years and It's Hilarious.""",0,38,541,794,1044,441,552,910,4320
"Trump Retweets, Quickly Deletes Post Saying ‘He’s a Fascist’ (SCREENSHOTS)","Donald Trump retuitou rapidamente, depois deletou o post dizendo ""Ele é um fascista"" (CAPTURAS DE TELAS).","'Donald Trump retwit rapidamente, então deleteu o post, chamando-o de ""Ele é um fascista"" (CAPTURAS DE TELAS).'",0,359,752,2505,2492,2285,2192,2125,12710
Mooch chose to be with Trump instead of wife giving birth,Mooch escolheu estar com Trump em vez de esperar pelo nascimento de sua esposa,"""Mooch opted to be with Trump rather than waiting for the birth of his wife""",0,180,692,1454,1238,1172,1008,557,6301
Google Play Apps May Have Infected Phones With Malware,Aplicativos do Google Play Podem Ter Infectado Celulares Com Malware,Google Play Apps May Have Injected Malware Into Your Phones,0,129,234,450,530,224,1417,645,3629
Anita Hill Wants Women In Tech To Sue Their Employers,Anita Hill Quer que Mulheres da Tech Processem seus Empregadores,"""Anita Hill Wants Tech Women to Audit Their Employers""",0,80,752,1204,1420,746,1365,1511,7078
CCW Weekend: Why You Could Shoot A Car Jacker But Not A Car Thief,"Você pode dar um tiro em um carrasco, mas não em um ladrão de carro.","""You can take a shot at a hangman, but not at a car thief.""",0,196,752,2194,2254,2300,1536,1963,11195
"Following Reports of Sexual Harassment, Republicans Want Roy Moore to Withdraw","""Relatórios Seguintes de Assédio Sexual Fazem com que Republicanos Queram que Roy Moore Se Retire""",Next Reports of Sexual Harassment Lead Republicans to Want Roy Moore to Resign,0,73,271,454,735,286,1683,1881,5383
Antifa Protester Who Slashed Police Horse in Face with Nail on Pole Is Formally Charged,Manifestante Antifa que desferiu um golpe com um prego em uma estaca no rosto de um cavalo policial foi formalmente acusado.,Anti-fascist protester who struck a police horse with a nail at the face was formally charged.,0,196,752,1533,1130,1959,1611,1726,8907
Kids given biscuits 18 years past their sell by date as Halloween trick or treat,"""Crianças que recebem biscoitos há 18 anos depois da data de validade""","""Children who are given cookies 18 years after the expiration date""",0,294,752,2375,2198,2489,1296,1129,10533
Authorities To Start Arresting People For Posting Photos Of Their Children Online,Autoridades Começando a Prender Pessoas Por Postar Fotos de Seus Filhos Online,Authorities Starting to Lock Up People for Posting Their Children Online,0,101,752,601,1107,969,1855,1334,6719
Russian billionaire insists Trump Tower meeting not about Clinton,"""Rico bilionário russo nega que reunião no Trump Tower tenha a ver com Clinton""","""A wealthy Russian billionaire denies that the meeting at Trump Tower had anything to do with Clinton""",0,262,752,2255,1596,1385,325,662,7237
Wells Fargo Just Reported The Worst Mortgage Number Since The Financial Crisis,Wells Fargo Just Reported the Worst Mortgage Number Since the Financial Crisis,"""Wells Fargo Just Reported the Worst Mortgage Number Since the Financial Crisis""",0,1,285,145,60,56,2584,647,3778
Firefighter Suffers Opioid Overdose While Taking An OD Patient To The ER,Bombeiro Sofre Overdose de Opióide enquanto Leva um Paciente em Sobrecarga para o PS,Firefighter Overdoses on Opioid While Overloading Patient to ER,0,160,752,1106,2257,1225,2012,2072,9584
Halloween Terror 2017 has changed the future of 'Overwatch' loot boxes forever,O Halloween Terror 2017 transformou para sempre os lotes de 'Overwatch'.,"""Overwatch's batches were forever transformed by the 2017 Halloween Terror.""",0,345,752,2292,1815,1902,1465,1637,10208
Grigor Dimitrov wins the 2017 Cincinnati Masters over Nick Kyrgios,Grigor Dimitrov conquista o 2017 Cincinnati Masters sobre Nick Kyrgios,Grigor Dimitrov dominates Nick Kyrgios in the 2017 Cincinnati Masters.,0,147,402,268,1367,298,1003,588,4073
Man accused of killing Richard Collins III is not being charged with a hate crime. Why not?,"""Acusado de matar Richard Collins III não está sendo acusado de um crime de ódio. Por quê? Não?""","""A defendant accused of killing Richard Collins III isn’t being accused of a hate crime. Why not? Surely not.""",0,117,202,992,1108,1381,1175,430,5405
Alright! Nancy Pelosi Has Urged All Democrats To Vote Against Short-Term Funding Bill,'Tudo bem! Nancy Pelosi Incentivou Todos os Democratas a Votarem Contra o Projeto de Lei de Financiamento Temporário.',Everything is fine! Nancy Pelosi Urged All Democrats to Vote Against the Temporary Funding Bill.,0,105,752,763,969,1125,1109,884,5707
"Baltimore police officer stole $100,000 from citizens in years-long robbery spree — and brought his son along for the crime",Um policial de Baltimore roubou $100.000 de cidadãos ao longo de anos em um assalto contínuo — e levou seu filho para o crime.,"A police officer from Baltimore stole $100,000 from citizens over years in a continuous heist — and brought their child into crime.",0,194,583,1422,1356,1097,294,1037,5983
‘Game of Thrones’ Hot Pie actor opened a bakery,'Padeiro de Game of Thrones' abriu uma padaria,"""Game of Thrones Baker opened a bakery""",0,74,752,1405,2029,1202,1219,1583,8264
Christians Provide More Aid To Hurricane Victims Than FEMA,Cristãos oferecem mais ajuda às vítimas de furacão do que FEMA.,"""Christians provide more help to hurricane victims than FEMA.""",0,21,752,304,172,668,496,1,2414
ISIS threatens Britain’s Prince George on messaging app Telegram,ISIS ameaça o Prince George no aplicativo de mensagens Telegram,ISIS threatens Prince George on the Telegram messaging app.,0,80,752,1464,751,120,142,1,3310
Melissa McCarthy Wins Emmy for Her Portrayal of Sean Spicer,Melissa McCarthy Conquista Emmy pela Interpretação de Sean Spicer,Melissa McCarthy Wins Emmy for Sean Spicer Interpretation,0,61,189,894,757,607,819,660,3987
Photogallery - J.R. Smith says LeBron James is leaving the Cleveland Cavaliers,J.R. Smith afirma que LeBron James está abandonando os Cleveland Cavaliers.,J.R. Smith declares that LeBron James is abandoning the Cleveland Cavaliers.,0,74,259,1203,1503,701,333,488,4561
Rafael Nadal Wins the U.S. Open for His 16th Grand Slam Title,Rafael Nadal conquista o U.S. Open pelo seu 16º título de Grand Slam,"Rafael Nadal grabs the U.S. Open title, marking his 16th Grand Slam victory.",0,77,326,190,178,576,609,634,2590
Google’s Eric Schmidt admits political censorship of search results,"""Eric Schmidt do Google admite a censura política dos resultados da pesquisa.""","""Eric Schmidt from Google admits to political censorship of search results.""",0,68,405,1238,811,124,431,1,3078
U.S. Air Force Space Chief Sees Final Frontier as Battleground,Fronteira Final é a linha de frente,"""Borderline is the front line.""",0,391,752,2499,2419,2529,1648,2402,12640
Justin Bieber cancels tour to have sustainable career and lifestyle,Justin Bieber cancela tour para ter carreira e estilo de vida sustentáveis,Justin Bieber pulls the plug on tour for a sustainable career and lifestyle.,0,143,610,1115,1506,1250,861,337,5822
"Nebraska regulators approve Keystone XL pipeline in narrow 3-2 vote, despite South Dakota spill","""Nebraska reguladores aprovam Keystone XL pipeline por 3-2 votos esmagadores, apesar do derramamento no South Dakota.""","""Nebraska regulators back Keystone XL pipeline by a 3-2 landslide vote, despite spill in South Dakota.""",0,107,752,930,904,1061,1720,1353,6827
"Jinger Duggar abused by Jeremy Vuolo, fans fear domestic violence?","Jinger Duggar abusada por Jeremy Vuolo, fãs temem violência doméstica?","'Jinger Duggar allegedly abused by Jeremy Vuolo, fans fear domestic violence?'",0,6,44,197,151,314,1380,607,2699
New trailer for 'Gintama Rumble' features the shogun assassination arc,Novo trailer para 'Gintama Rumble' apresenta o arco de assassinato do shogun.,New trailer for 'Gintama Rumble' unveils the shogun assassination arc.,0,17,95,313,187,437,1189,519,2757
Michael B. Jordan to Make Directorial Debut Because Actor/Producer Wasn’t Cool Enough,Michael B. Jordan se tornou diretor porque o ator/produtor não era o bastante cooler.,Michael B. Jordan became a director because the actor/producer was not cool enough.,0,161,717,845,1324,1755,1543,742,7087
I Am Not Bringing My Laptop on Vacation Next Year,Não estou trazendo meu laptop de férias no próximo ano.,I am not bringing my laptop on vacation next year.,0,1,752,19,1,619,31,1,1424
Jean-Claude Bastos de Morais extolls Ghana government for funding innovation,Jean-Claude Bastos de Morais louvou o governo da Gana pelo financiamento da inovação.,Jean-Claude Bastos de Morais lauded the government of Ghana for funding innovation.,0,73,455,582,318,731,417,1,2577
Polish Leader Says Other Nations Envy Trump Visit to Warsaw,Polonês diz: Outros países invejam a visita de Trump a Varsóvia,A Polish says: Other countries envy the visit of Trump to Warsaw,0,124,752,1316,876,709,639,1595,6011
LONDON: Perpetual Muslim victimhood made possible by self-hating British Christian and Jewish useful idiots,"LONDON: Vítima eterna do islâmico, viabilizada por britânicos cristãos e judeus auto-odiosos, úteis idiotas.","LONDON: Eternal victim of Islamic, enabled by British Christians and self-loathing Jews, useful idiots.",0,253,752,1548,1890,2115,1555,1859,9972
Why Stanford Researchers Tried to Create a ‘Gaydar’ Machine,Por que pesquisadores da Stanford tentaram criar uma 'Gaydar' máquina,Why researchers from Stanford attempted to create a 'gaydar' machine,0,80,752,533,453,964,1530,1018,5330
German Mayor Who Welcomed Refugees Is Stabbed by Angry Resident,Prefeito Alemão Que Recebeu Refugiados É Esfaqueado por Residente Irado,'Mayor Who Welcomed Refugees Is Stabbed by Furious Resident'.,0,35,144,729,1625,650,1827,1551,6561
How a simple clerical error led to this DACA recipient losing her protections,Como um erro simples de digitação levou essa DACA a perder suas proteções,"""As a simple typo led this DACA to lose its protections.""",0,197,752,2179,2397,1912,1238,1422,10097
Unfunny comedian George Lopez booed off stage for Trump jokes,"Um humorista mal-sucedido, George Lopez, foi vaiado do palco após fazer piadas sobre Trump.","""Um comediante infeliz, George Lopez, foi vaiado do palco após fazer piadas sobre Trump.""",0,318,752,2544,2484,2164,1493,1243,10998
"SpaceX’s Big Rocket, the Falcon Heavy, Finally Reaches the Launchpad","""SpaceX's Big Rocket, the Falcon Heavy, Finally Reaches the Launchpad"" pode ser traduzido como ""A Grande nave da SpaceX, o Falcon Heavy, finalmente chega ao lançamento.""","""SpaceX's Big Rocket, the Falcon Heavy, Finally Reaches the Launchpad"" pode ser traduzido como ""A Grande nave da SpaceX, o Falcon Heavy, finalmente chega ao lançamento.""",0,164,486,2025,2172,1521,2416,1861,10645
Democratic Senators Accepted Thousands From Tony Podesta For 2018 Campaigns,Senadores Democratas Aceitaram Milhares De Tony Podesta Para Campanhas De 2018,"""Democratic Senators Accepted Thousands of Tony Podesta Funds for 2018 Campaigns""",0,31,528,566,915,883,1339,1191,5453
"British Singer, Morrissey, Should Probably Expect a Secret Service Visit","British Singer, Morrissey, Should Probably Expect a Secret Service Visit - Traduzido: Cantor Britânico, Morrissey, Deve Provavelmente Esperar uma Visita dos Serviços Secretos.","""British singer Morrissey should probably expect a visit from the Secret Service""",0,45,752,590,528,849,1135,379,4278
Morning Digest: Arch-conservative Attorney General Adam Laxalt joins GOP primary for Nevada governor,Advogado-Geral Arch-conservador Adam Laxalt se junta à disputa republicana para governador de Nevada.,"""Arch-conservative Solicitor General Adam Laxalt jumps into the Republican race for Nevada governor.""",0,161,752,1333,1429,1448,1433,2056,8612
"Is Your Coffee Killing You? Over 1,500 Chemicals Found In One Cup","Is Your Coffee Killing You? Over 1,500 Chemicals Found In One Cup

Is o seu café matando você? Mais de 1.500 substâncias encontradas em uma xícara","Is Your Coffee Killing You? Over 1,500 Chemicals Found In One Cup

""Is your coffee killing you?"" is a metaphorical question suggesting that consuming a cup of coffee might have negative health effects due to the presence of over 1,500 chemicals. The literal translation would be ""Is o seu café matando você?"" which conveys the same metaphorical meaning of questioning the potential health hazards of drinking coffee.",0,292,715,2220,1799,2350,2365,1669,11410
Hurricane Nate Could Cause Nearly $$4 Billion In Damage Along Gulf Coast,"""Hurricane Nate Could Cause Nearly $4 Billion In Damage Along Gulf Coast"" pode ser traduzido como ""Hurricane Nate Pode Causar Quase $4 Bilhões Em Danos Ao Longo Da Costa do Golfo"".","""Hurricane Nate Pode Causar Quase $4 Bilhões Em Danos Ao Longo Da Costa do Golfo""",0,329,752,2556,2544,1574,1373,1568,10696
Flake Says He Will Support Democrat Over Roy Moore,Flake diz que apoiará o democrata em vez de Roy Moore.,Flake will back the Democrat instead of Roy Moore.,0,170,752,1651,712,768,467,696,5216
Pro-life groups to Senate Dems: Don’t eliminate Hyde Amendment,'Grupos pró-vida aos Democratas do Senado: Não eliminem o Ato Hyde',"""Life-friendly groups to Senate Democrats: Don't nullify the Hyde Act""",0,142,752,2035,1650,1375,1952,1915,9821
Friend of Joy-Anna Duggar reveals shocking secret about her pregnancy,Amigo de Joy-Anna Duggar revela segredo chocante sobre sua gravidez,"""Friend of Joy-Anna Duggar Spills Shocking Truth About Pregnancy""",0,68,576,842,883,2068,2076,1759,8272
Photogallery - Fox News allegedly published a fake article in favor of Trump,Galeria de Fotos - Fox News supostamente publicou um artigo falso a favor de Trump.,"Fox News allegedly published a fake article in favor of Trump.

**Obs:** A tradução é bastante literal, mas mantém o sentido do artigo original.",0,150,424,2358,2316,2225,2207,2096,11776
Kim Kardashian flaunts her weight loss success in a bikini,Kim Kardashian exibe com orgulho sua transformação no biquíni.,Kim Kardashian showcases with pride her transformation in the bikini.,0,196,752,1631,1541,1233,400,202,5955
Photogallery - Anna Faris has 'Mom' star Allison Janney's full support amidst Chris Pratt split,Galeria de Fotos - Anna Faris recebe o apoio integral de 'Mom' da Allison Janney enquanto se recupera da separação com Chris Pratt.,"""Anna Faris gets the full support of 'Mom' from Allison Janney as she recovers from her separation with Chris Pratt.""",0,254,752,2086,2142,1811,1841,1960,10846
"Wyclef Jean Partners With NASA, Uses Sounds From Juno Jupiter Mission in New Song","Wyclef Jean Colabora com NASA, Usa Sons da Missão Juno em Júpiter em Nova Canção","Wyclef Jean Collaborates with NASA, Uses Sounds of Juno Mission to Jupiter in New Song",0,69,519,61,488,216,877,548,2778
Congress Paid $265K in Sexual Harassment Claims Over Last Decade,Congresso Paga $265K em Acusações de Assédio Sexual nos Últimos Dez Anos,Congresso Paga $265K em Acusações de Assédio Sexual nos Últimos Dez Anos é traduzido como: 'Congress Shelled Out $265K in Sexual Harassment Allegations Over the Last Ten Years'.,0,277,738,2378,2268,2063,1994,2004,11722
Harvey Weinstein loses The Weinstein Company amid sexual assault allegations,Harvey Weinstein perde The Weinstein Company em meio a alegações de assédio sexual.,Harvey Weinstein loses The Weinstein Company amidst sexual harassment allegations.,0,50,158,56,66,150,324,281,1085
This Restauranteur Has Somehow Upgraded the Workout and Brunch Combo,"Este Restaurateur Conseguiu, De Alguma Forma, Ajustar o Combo de Treino e Café da Manhã","""The restaurateur managed, in some way, to tweak the training and breakfast combo.""",0,313,752,2362,1788,2083,2265,1807,11370
Victory for academic freedom: Judge dismisses Israel Lobby suit against SF State and Palestinian professor,Triumfo pela liberdade acadêmica: Juiz arquiva processo da lobby de Israel contra SF State e professor palestino,"""Triumph for academic freedom: Judge dismisses case of Israel lobby against SF State and Palestinian professor""",0,36,148,294,1439,479,1001,1174,4571
Every Republican should know Dictionary.com's 2017 Word of the Year,Every Republican should know Dictionary.com's 2017 Word of the Year,Every Republican should know Dictionary.com's 2017 Word of the Year,0,1,1,2,21,3,2569,1,2598
You’ll Never Guess Where Kate Middleton Is Spending Halloween,Você jamais adivinhará onde Kate Middleton está pasando o Halloween.,"""You'll never guess where Kate Middleton is spending Halloween.""",0,1,752,939,33,256,125,145,2251
Donald Trump continues campaign rhetoric because he is unable to be presidential,Donald Trump continua com sua retórica de campanha porque ele é incapaz de ser presidente.,Donald Trump continues to peddle his campaign rhetoric because he is unequipped to be president.,0,77,368,905,1707,1455,863,325,5700
‘Now THAT’S a good one!’ Gracious Ben Shapiro gives Berkeley props for this,"Agora, isso é um argumento sólido! Ben Shapiro, com graça, dá um crédito a Berkeley por isso.","""Now, that's a solid point! Ben Shapiro, with flair, gives credit to Berkeley for that.""",0,146,752,2271,1892,1857,1076,1476,9470
London Islamic State Sympathiser Planned to Bomb ‘Smart People’,"""London Islamic State Sympathiser Planned to Bomb ‘Smart People’"" traduzido de maneira metafórica é ""London, simpatizante do Estado Islâmico, planejava explodir 'Pessoas Inteligentes'"".","""London, State Islamic Sympathizer Planned to Blast ‘Smart People’""",0,113,752,991,556,1245,2355,2156,8168
Security guard in Las Vegas shooting inexplicably disappears moments before interviews,Guarda de segurança em um tiroteio em Las Vegas desaparece inexplicavelmente momentos antes das entrevistas.,"""Security guard in a Las Vegas shootout vanishes inexplicably moments before interviews.""",0,59,752,708,802,569,765,503,4158
"Trump has tried to stop the Russia investigation again, and again, and again","Trump tem tentado, vez após vez, barrar a investigação sobre a Rússia.",Trump has repeatedly attempted to block the investigation into Russia.,0,234,752,2143,1138,2042,363,234,6906
Cobie Smulders and Taran Killam Still Want to Leave Battery Park,Cobie Smulders e Taran Killam ainda querem sair do parque Battery.,"""Cobie Smulders e Taran Killam ainda querem 'kick the bucket'.""",0,263,752,2363,2558,2434,2491,2410,13271
Republican Collins Wants More Middle Income Help in U.S. Senate Tax Bill,Republican Collins Quer Mais Auxílio para Classes Médias no Projeto de Lei de Tributos do Senado dos EUA,Republican Collins Pushes for More Middle-Class Aid in U.S. Senate's Tax Bill,0,92,388,355,705,539,873,962,3914
Historians explain the difference between George Washington and Confederate monuments,Historiadores explicam a diferença entre George Washington e estátuas confederadas,Historians explain the difference between George Washington and Confederate statues.,0,17,21,62,203,101,332,1,737
Goldman Is Preparing To Launch A Cryptocurrency Trading Desk,Goldman está preparando para lançar um trading desk de criptomoedas.,Goldman is ready to roll out a crypto trading desk.,0,129,752,1437,859,1087,588,236,5088
"On 9/11: How We Slighted the Real Threat, Climate Change, and Hyped Terrorism","""Em 11 de Setembro: Como Desprezamos a Ameaça Real, o Aquecimento Global, e Exageramos o Terrorismo.""","""On 9/11: How We Dismiss the Real Threat, Global Warming, and Exaggerate Terrorism.""",0,91,231,663,965,1206,1222,1158,5536
"In the Depths of the Ecuadorian Amazon, Digital Communications Aid the Process of Self-Determination","Nos Profundos da Floresta Amazônica do Equador, As Comunicações Digitais Auxiliam o Processo de Auto-Determinação","""In the Deep Heart of the Amazon Rainforest of Ecuador, Digital Communications Empower the Process of Self-Determination""",0,86,617,797,651,1554,946,952,5603
Jennifer Lopez Wants to Leave Her New York Penthouse Behind,Jennifer Lopez quer deixar para trás seu novo apartamento em Nova York,Jennifer Lopez is looking to leave behind her new apartment in New York.,0,143,752,934,562,1372,352,585,4700
WOW: Yashar Ali explains why Elisabeth Moss winning an Emmy for Handmaid’s Tale is a TRAVESTY,"""Uau: Yashar Ali explica porque Elisabeth Moss ganhar um Emmy por The Handmaid's Tale é uma DESPUDOR.""","""Wow: Yashar Ali explains why Elisabeth Moss winning an Emmy for The Handmaid's Tale is a FARCE.""",0,14,117,564,248,1035,1771,1102,4851
BOMBSHELL: DOJ Reveals What Sessions Is Planning To Do To HILLARY – I Think You’ll LOVE This,"A BOMBSHELL: DOJ Reveals What Sessions Is Planning To Do To HILLARY – I Think You’ll LOVE This deve ser traduzido como:

EXPLOSÃO: DEPARTAMENTO JUSTIÇA REVELA O QUE SESSIONS ESTÁ PLANEJANDO FAZER A HILLARY – EU ACHO QUE VOCÊ VAI ADORAR ISSO","""The Explosive Reveal: DOJ Unveils What Sessions Is Planning to Do to Hillary – I Think You’ll Love This""",0,38,547,722,1045,1543,1982,2003,7880
Ten Commandments monument in AK defaced less than 24 hours after installation,Monumento dos Dez Mandamentos em AK vandalizado menos de 24 horas após a instalação,"""Monumento dos Dez Mandamentos in AK defaced less than 24 hours after installation.""",0,89,146,1966,1938,861,2240,1270,8510
Metropolis at 90: You’ll Never See a Movie Like This Again,"""Metropolis at 90: Você nunca verá outro filme como este de novo.""","""A metrópole aos 90 anos: Você nunca verá outro filme como este novamente.""",0,379,752,2558,2450,1828,1258,926,10151
Top Lawyer Confirms ‘Poltergeist’ Child Actor Killed by Hollywood Pedophile Ring,Advogado Top Confirmado: 'Poltergeist' Ator Criança Morta por Círculo de Hollywood de Pedofilia,'Attorney Top Confirmed: 'Poltergeist' Actor Child Dead by Hollywood Pedophile Circle',0,177,752,1258,2002,2039,2257,2293,10778
Game of Thrones': we may have discovered Arya's new face in HBO's latest video,"""Arya pode ter descoberto um novo rosto em o último vídeo do HBO.""",Arya might have unearthed a new persona in the latest HBO video.,0,278,752,2144,1847,1920,1404,1893,10238
CIA Mike Pompeo Not Inviting Media to CIA Christmas Party,CIA Mike Pompeo Não Convite Mídia para Festas de Natal da CIA,"""CIA Mike Pompeo Uninvites Media to CIA's Christmas Parties.""",0,100,752,1357,1095,602,1591,1599,7096
Pot meet kettle! WATCH: Al Sharpton says President Trump IS a racist,"""O vaso encontra a panela!"" WATCH: Al Sharpton diz que o presidente Trump É um racista.","""Pot finds the pan!"" WATCH: Al Sharpton says that the president Trump is a racist.",0,77,596,669,2052,1726,2136,1477,8733
"Photogallery - Verlander, Altuve lead Astros to Game 1 route of Red Sox in 2017 ALDS","""Álbum de Fotos: Verlander e Altuve levam os Astros à vitória sobre os Red Sox na série de 2017 da ALDS""","""Photo Album: Verlander and Altuve Lead the Astros to Victory Over the Red Sox in the 2017 ALDS""",0,145,752,1845,1308,1752,1161,1802,8765
Sean Spicer and Chelsea Manning Join Harvard as Visiting Fellows,Sean Spicer e Chelsea Manning se juntam a Harvard como Visitantes Dignos,Sean Spicer e Chelsea Manning se juntam a Harvard como Visitantes Dignos de Respeito,0,246,752,2459,2459,1105,2458,1901,11380
Billionaire restauranteur Tilman Fertitta purchases Houston Rockets for $$2.2B,'Milionário empresário de restaurantes Tilman Fertitta adquire Houston Rockets por $$2.2B'.,''Billionaire restaurateur Tilman Fertitta acquires Houston Rockets for $2.2B.'',0,50,494,1075,607,555,1492,1012,5285
Wasserman Schultz Planned to Pay Imran Awan Even While He Lived in Pakistan,"Wasserman Schultz Planejava Pagá-lo, Inclusive Enquanto Ele Viveu no Paquistão.","""Wasserman Schultz planned to pay him, even while he lived in Pakistan.""",0,24,752,1150,1229,1496,516,825,5992
Why are Democrats suddenly distancing themselves from Hillary? Anybody? Mueller?,Por que os democratas estão subitamente se afastando de Hillary? Alguém? Mueller?,"""Why are Democrats suddenly bailing on Hillary? Anyone? Mueller?""",0,129,477,1269,1745,1620,2156,1254,8650
The Technology Our Personal Finance Columnist Trusts His Money With,O Colunista de Finanças Pessoais confia Seu Dinheiro à Tecnologia.,"""The Financial Columnist Trusts His Money to Technology.""",0,170,530,1775,1913,1423,1505,1541,8857
PHOTOS: Kim Kardashian Showed An Insane Amount Of Skin During Snack Run,Kim Kardashian Mostrou uma Quantidade Insana de Pele Durante a Compra de Snacks,"""Kim Kardashian showed an insane amount of skin while buying snacks""",0,101,752,944,894,2215,2224,2027,9157
Photogallery - Georgina Chapman announces plan to leave husband Harvey Weinstein amid scandal,Album de fotos - Georgina Chapman anuncia plano de deixar o marido Harvey Weinstein em meio a escândalo,Album de fotos - Georgina Chapman announces plan to leave husband Harvey Weinstein amidst scandal,0,65,65,517,1801,281,932,345,4006
Texas sheriff threatens criminal charges for driver of a truck with ‘F*ck Trump’ sticker,Sheriff texano ameaça Processar criminalmente motorista de caminhão com adesivo 'F*ck Trump',"""Texan sheriff threatens to prosecute truck driver for displaying 'F*ck Trump' sticker""",0,196,752,1804,895,478,1054,887,6066
10-Year-Old Shopped Alone At Lego Store. So Police Arrested His Mom.,Criança de 10 anos fez compras sozinho na loja do Lego. A polícia prendeu sua mãe.,"""Ten-year-old child shops alone at Lego store. Police arrest mother.""",0,167,752,1630,1819,1287,1357,1920,8932
North Korean Ballistic Missile Accidentally Hit A Local Town – Infinite Unknown,"""North Korean Ballistic Missile Acidentally Hit A Local Town – Infinite Unknown"" traduzido criativamente como:

""Míssil Ballístico da Coreia do Norte Bateu no Balde em Cidade Local – Infinito Desconhecido""","""North Korean Ballistic Missile Accidentally Hit a Local Town – Infinite Unknown""",0,1,75,94,63,439,2065,1614,4351
Mike Pence humiliates himself after tweeting endless praise of Donald Trump,Mike Pence se humilha ao tweetar um elogio infindável a Donald Trump.,"""Mike Pence pays humble tribute to Donald Trump through a seemingly endless tweet.""",0,285,752,2062,1485,2211,1968,1903,10666
Bill Gates Donates $$100 Million to Find Alzheimer’s Cure in 10 Years,Bill Gates Doa R$ 100 Milhões para Encontrar Cura para Alzheimer em 10 Anos,Bill Gates Donates $100 Million to Find Alzheimer's Cure in 10 Years,0,1,76,79,52,97,488,200,993
"Trump has decided to end DACA, with 6-month delay",Trump decidiu colocar um fim em DACA com um adiamento de 6 meses.,Trump pulled the plug on DACA with a six-month delay.,0,210,752,1733,1280,1009,947,586,6517
Pastor Robert Jeffress: Gun Control Could Not Have Prevented Texas Church Shooting,"""A lei de controle de armas não poderia ter impedido o tiroteio na igreja do Texas.""","""The law of gun control couldn't have prevented the shooting at the Texas church.""",0,229,752,2116,1656,1389,220,1042,7404
Photogallery - Chicago Cubs coaching staff expected to lose Dave Martinez,"A imagem mental do Chicago Cubs coaching staff expected to lose Dave Martinez traduz-se como ""A equipe técnica do Chicago Cubs espera perder Dave Martinez.""","""The Chicago Cubs coaching staff expects to lose Dave Martinez.""",0,50,290,1551,1561,1153,1999,1666,8270
CUNY professor says having “white nuclear family” promotes white supremacy,"""Um professor da CUNY diz que ter uma 'família nuclear branca' promove o supremacismo branco.""","""A CUNY professor says having a 'nuclear white family' promotes white supremacy.""",0,45,572,1552,638,234,111,566,3718
Trump using donors' campaign cash to pay for his idiot son's legal defense,Trump usando o dinheiro das doações de campanha para pagar pelo advogado do filho idiota.,Trump is using campaign donation money to pay for his son's idiot lawyer's fees.,0,146,646,727,1415,877,379,1094,5284
Legislation Proposed To Remove Cannabis From Schedule 1 Drug List,Proposta de Legislação para Remover a Cannabis da Lista de Drogas da Categoria 1,Proposed Legislation to Remove Cannabis from the First Category Drug List,0,113,752,568,1122,488,630,802,4475
Unclean? Muslim Prof ID’ed As Woman Who Demanded Dogs Be Removed From Plane,'Sujinho? Profissional Muslim ID’d Mulher Que Demandou Cães Se Removerem Do Avião',''Messy? Professional Muslim ID'd Woman Demand Dog Removal from Airplane'',0,291,752,2186,2109,2151,2435,2288,12212
Wait... Peter Strzok Discussed ‘Insurance Policy’ Against Trump Presidency With Andrew McCabe?,Pare... Peter Strzok Discutiu com Andrew McCabe uma 'Política de Seguro' Contra o Mandato de Trump?,"""Did Peter Strzok Discuss a 'Policy of Insurance' with Andrew McCabe Against Trump's Mandate?""",0,229,752,1886,2001,1520,1989,1662,10039
Watch EyeSwoon’s Athena Calderone Make Her Favorite Fall Recipe,"Observar os olhos de Swoon, Athena Calderone, fazer sua receita favorita do outono.","""Watch Swoon, Athena Calderone, as she makes her favorite autumn recipe.""",0,162,752,2221,2158,2012,1884,1591,10780
"Long After Protests, Students Shun the University of Missouri","Muito tempo após as protestos, os estudantes evitam a Universidade do Missouri","Far too long after the protests, the students steer clear of the University of Missouri.",0,112,717,1280,755,1990,1850,1222,7926
Scientists Can Predict Your Personality Based on Just One Facebook Like,Cientistas podem prever sua personalidade com apenas um Like no Facebook.,'Scientists can predict your personality with just one Facebook like.',0,31,752,805,770,521,720,36,3635
Colorado: Most who de-registered when Trump commission sought voting data haven’t signed back up,Colorado: Muitos que desistiram quando a comissão de Trump buscou dados de votação ainda não voltaram a se cadastrar.,Colorado: Many who gave up when the Trump commission sought voting data have not yet re-registered.,0,203,542,733,623,458,838,206,3603
"In a Swiss Ski Town, Private Chalets Have Become the Place to Stay","Em uma cidade suíça de esqui, chalets particular estão se tornando o lugar certo para se hospedar.","In a Swiss ski town, private chalets are becoming the right place to stay.",0,47,752,113,473,659,640,410,3094
A few schools reopen in Puerto Rico as it tries to regain normalcy,"""Algumas escolas reabrem na Puerto Rico, tentando recuperar a normalidade"".","""Some schools reopen in Puerto Rico, attempting to recapture normalcy.""",0,143,474,1038,492,270,597,254,3268
"Having Ousted the Kurds, Iran-Allied Shiite Militias Are Reportedly Fighting Each Other","""Esgotando os Curdos, as Milícias Xíitas Aliadas ao Irã Estão Relatadamente Lutas entre Si"".","""Draining the Kurds, Iran-aligned Shia Militias Are Reportedly At Odds with Each Other.""",0,151,752,1480,1537,2168,2116,2020,10224
Officer Who Tackled James Blake Was Told He Might Be Armed,Agente Que Empurrou James Blake Foi Instruído a Preparar-se para o Combate,The Agent Who Pushed James Blake Was Instructed to Prepare for the Fight,0,285,752,2169,2144,2327,1305,1769,10751
US Senators Deny Bill will Criminalize Boycotting – Response to ACLU,Legisladores Americanos Negam que Projeto Criminalizará Boicotes – Resposta à ACLU,"""American Lawmakers Deny That Project to Criminalize Boycotts—ACLU Response""",0,297,752,2163,1613,827,1580,1821,9053
Bermuda Triangle mystery has finally been solved claim scientists,"Enigma do Triângulo das Bermudas finalmente desvendado, afirmam cientistas.","The Enigma of the Bermuda Triangle finally solved, claim scientists.",0,129,752,1781,1469,510,732,1162,6535
LaVar Ball starting to criticize Lakers coach Luke Walton,"LaVar Ball está começando a criticar o técnico dos Lakers, Luke Walton.","LaVar Ball is starting to criticize Lakers' coach, Luke Walton.",0,7,752,410,140,404,796,152,2661
Pope Wants Change on Death Penalty—a Fulfillment of Prophecy?,Pope Wants Change on Death Penalty—a Fulfillment of Prophecy? - Papa Quer Mudança na Pena de Morte—um Cumprimento da Profecia?,"""Pope Wants Change on Death Penalty—a Fulfillment of Prophecy?"" becomes ""Pope Asks for Change on the Death Penalty—a Fulfillment of Prophecy?""",0,144,377,624,1703,1761,2019,1581,8209
"A Century Later, Artist Sue Coe Takes Up Käthe Kollwitz’s Social Justice Crusade","Um Século Depois, a Artista Sue Coe Toma Posição da Cruzada de Justiça Social de Käthe Kollwitz","""After a Century, Artist Sue Coe Takes Up the Cross of Social Justice, as Kate Kollwitz Did.""",0,133,553,2015,1814,2122,1701,1729,10067
New Scaramucci Tweet: 'I Made a Mistake Trusting a Reporter',Cometi um erro confiando em um repórter.,"""I trusted a reporter and made a mistake.""",0,229,752,2275,2040,2026,171,1286,8779
John McCain Given a Liberty Medal Instead of a Prison Sentence,Receber uma Medalha da Liberdade em vez de uma Sentença de Prisão,Receiving a Medal of Freedom instead of a Prison Sentence,0,113,524,1157,1842,712,159,2197,6704
Televangelist predicts Christians will begin a civil war if Trump gets impeached,Evangelista da TV prevê que cristãos começarão uma guerra civil se Trump for impeachmentado.,"""Televangelist forecasts Christians may start civil war if Trump is impeached.""",0,142,640,347,313,135,1457,965,3999
The BBC Salaries Reveal the Skewed Priorities of Entertainment,Os salários da BBC Revelam as Prioridades Distorcidas do Entretenimento,"""The BBC's Paychecks Expose the Distorted Priorities of Entertainment""",0,129,752,1713,618,837,1668,895,6612
"RT targeted for ‘giving platform to anti-imperialist, anti-capitalist critics’ ‒ Chris Hedges",'Plataforma de expressão para críticos antiimperialistas e anticapitalistas',"""Forum for anti-imperialist and anti-capitalist expression"".",0,209,752,2146,2350,1905,741,2390,10493
Ban On MKs Visiting Temple Mount Will Likely Continue,Proibição Contínua para MKs Visitando Monte do Templo,'Ban on MKs from Entering Temple Mount',0,132,752,1798,1943,1546,2149,1293,9613
"We Need the EMP Threat Commission, Now More Than Ever","Precisamos da Comissão de Ameaça do EMP, Agora Mais do Que Nunca","We Need the Threat Commission of the EMP, Now More Than Ever.",0,45,249,109,688,410,820,1138,3459
‘Hawaii Five-O’ Season 8 Episode 7: Does McGarrett make a tragic misfire?,"""Hawaii Five-O"" Temporada 8 Episodio 7: McGarrett comete um erro trágico?","""Hawaii Five-O"" Season 8 Episode 7: McGarrett makes a tragic mistake.",0,51,465,1029,1498,1217,1130,341,5731
A Voracious Starfish Is Destroying the Great Barrier Reef,Uma estrela-do-mar insaciável está destruindo a Grande Barreira de Corais.,"""An insatiable starfish is consuming the Great Barrier Reef.""",0,113,626,970,823,2076,1165,980,6753
Report: Comey's Memos on Trump Conversations Contained Classified Info,Relatório: Notas de Comey sobre Conversas com Trump Contendo Informações Classificadas,"""Memorandum: Comey's Notes on Conversations with Trump Containing Classified Information""",0,210,752,940,1774,791,999,1456,6922
Hawkins: Good Guy with a Gun Could Have Stopped Stephen Paddock Before Mass Shooting,Boa pessoa com uma arma poderia ter evitado o tiroteio de Paddock antes do massacre,A good man with a gun could have prevented Paddock's shootout before the massacre.,0,173,752,1659,1723,1946,1179,1215,8647
Proof: There Were at Least 7 Different Shooters During the Las Vegas Massacre (Video),"""Há pelo menos 7 diferentes atiradores durante a carnificina de Las Vegas""","""At least 7 different shooters during the Las Vegas massacre.""

Obrigado pela consulta!",0,77,752,2267,2033,2307,1733,2458,11627
These Naked Porn Stars Will Help You Understand Net Neutrality [NSFW],Estes Nus de Pornôs Vai Ajudar Você a Entender a Neutralidade da Rede [NSFW],"""These Nude Porn Stars Are Going to Help You Understand the Neutrality of the Network [NSFW]""",0,152,752,783,410,1098,1496,1097,5788
Literally a few hours ago the world was in shock – George Soros was dead! He was found dead in the Burj al Arab hotel in Dubai. He was 87 years old.,"Literalmente: Recentemente, o mundo ficou em choque – George Soros estava morto! Ele foi encontrado morto no hotel Burj al Arab em Dubai. Ele tinha 87 anos.","""Literally: Recently, the world was shocked – George Soros was dead! He was found dead at the Burj al Arab hotel in Dubai. He was 87 years old.""",0,41,53,312,695,879,183,546,2709
Gay Rights Groups Seek One More Win From Justice Kennedy,Grupos de Direitos LGBT Buscam uma Nova Vitória do Justice Kennedy,"""LGBT Rights Groups Pursue a New Kennedy Victory.""",0,287,752,2115,1447,1435,1801,1217,9054
Congressional Democrats Promise a ‘Better Deal’ for American Workers,Congressional Democrats Prometem um 'Melhor Acordo' para os Trabalhadores Americanos,Congressional Democrats Promise a 'Better Deal' for American Workers,0,1,230,359,163,5,428,89,1275
Kyrie Irving Reportedly Tells Cavaliers He Wants to Be Traded,Kyrie Irving supostamente diz aos Cavaliers que deseja ser negociado.,"""Kyrie Irving is reportedly telling the Cavaliers that he wishes to be traded.""",0,101,752,1297,417,1051,394,352,4364
‘He’s proven to be a liar’: Rep. Frederica Wilson denounces President Donald Trump,Ele se revelou um mentiroso.,He turned out to be a snake.,0,264,752,2492,2590,2584,2426,2464,13572
Why I’ve decided to unfollow the president on Twitter,Eu decidi seguir o presidente no Twitter.,I decided to follow the president on Twitter.,0,61,335,2066,2297,1288,27,2160,8234
"NYT Reporter: Clinton Lawyer ""Vigorously"" Denied Funding Trump-Russia Dossier","Advogado de Clinton ""Vigorosamente"" Negou Financiamento ao Dossier Trump-Rússia","Lawyer for Clinton ""Ferociously"" Denied Funding for the Trump-Russia Dossier",0,162,752,1206,2032,447,1414,1557,7570
"OR, CO & MD-Gov: Victory Fund Wants To Make These LGBTQ Champs Governors","OR, CO & MD-Gov: Victory Fund Wants To Make These LGBTQ Champs Governors para o português:

OR, CO & MD-Gov: Fundo da Vitória Deseja Transformar Esses Campeões LGBTQ em Governadores",Fundo da Vitória Deseja Transformar Esses Campeões LGBTQ em Governadores,0,378,752,2502,2531,2271,1621,1875,11930
Rotten Apples Database Tracks Sexual Predators in Your Favorite Films and Shows,Banco de Dados de Maçãs Podres: Acompanha Predadores Sexuais em Seus Filmes e Séries Favoritos,Rotten Apple Database: Tracks Serial Killers in Their Favorite Films and Shows,0,113,585,851,1003,1712,2300,2287,8851
The Elite Are Doing Their All To Ensure Americans Only Have Fake News,Os elitistas estão fazendo o possível para garantir que os americanos só tenham notícias falsas.,The elite are doing their best to ensure that Americans only get false news.,0,77,752,351,268,586,116,83,2233
Hillary Clinton fired up the Democrat civil war by what she wrote in her new book,Hillary Clinton acendeu o conflito civil do Democratas ao escrever seu novo livro.,Hillary Clinton sparked the intraparty conflict among Democrats by writing her new book.,0,205,752,1911,1085,582,1146,133,5814
PaulCraigRoberts.org George Soros Could Not Subvert Europe Without Washington’s Approval,George Soros não poderia subverter a Europa sem o consentimento de Washington.,George Soros could not subvert Europe without Washington's consent.,0,45,752,1768,1303,1108,126,677,5779
NYC Mayor Bill de Blasio won’t rule out removing Christopher Columbus statue,NYC Mayor Bill de Blasio não descartará a remoção da estátua de Christopher Columbus.,New York City Mayor Bill de Blasio will not rule out the removal of the Christopher Columbus statue.,0,157,641,734,154,334,1000,15,3035
Can I Let My Friend Pay Off My Mortgages?,Posso Permitir que Meu Amigo Pague Meu Empréstimo?,"""Can I Let My Friend Pay Off My Debt?""",0,21,70,874,549,303,870,820,3507
Disney Said to Be Nearing a Deal With 21st Century Fox,A Disney foi informada que está se aproximando de um acordo com a 21st Century Fox.,The Disney was informed that it is nearing an agreement with the 21st Century Fox.,0,218,752,1068,1191,1495,399,1296,6419
Congress Can Save Taxpayers Billions By Closing Unneeded Bases,Congresso pode poupar bilhões de dólares para os contribuintes ao fechar bases desnecessárias.,Congresso may save billions of dollars for taxpayers by closing unnecessary bases.,0,209,752,1219,1948,1705,1718,1844,9395
"‘Goodbye Pittsburgh Steelers, Burn In Hell’: Angry Fans Burn Gear Over National Anthem Protest +1","'Goodbye Pittsburgh Steelers, Queime No Inferno': Fãs Irados Queimam Utensílios Por Protestos à Toca Do Nacional. +1","""Sayonara Pittsburgh Steelers, Burn in Hell: Angry Fans Burn Utensils in National Anthem Protests. +1'""",0,82,535,1443,2004,1733,2360,2059,10216
Someone Made a Fake Equifax Site. Then Equifax Linked to It.,"Alguém criou um site falso da Equifax. Depois, a Equifax apontou para ele.",Someone set up a fake Equifax website. Then Equifax pointed at it.,0,142,752,480,1030,1422,561,658,5045
Hamas: We’ve built many towns underground. Israel is scared,Nós construímos muitas cidades subterrâneas. Israel está com medo.,We built many underground cities. Israel is scared.,0,61,462,1179,1292,906,257,517,4674
"Eagle Imports, Inc., Brings the Llama Micro Max to American Shores","Llama Imports, Inc., Traz o Llama Micro Max para as Praias Americanas","Llama Imports, Inc., Brings the Llama Micro Max to American Beaches",0,45,14,104,1037,1156,1425,1992,5773
Here's a question for Trump on his public shaming of Jeff Sessions: Why don't you grow a pair?,Por que você não cresce um par?,Why don't you grow a pair?,0,190,711,2137,2287,2512,2146,2426,12409
"Wait, WHAT!? Time Mag wants you to know something about Trump’s Obama eclipse retweet","Esperta, o que foi! A Time Magazine quer que você saiba algo sobre o retweet do eclipse da Obama do Trump.","""Clever, what was that? The Time Magazine wants to know something about the retweet eclipse of Obama from Trump.""",0,214,730,1938,2229,2153,2376,2290,11930
South Dakota Republican whip shares meme supporting vehicular attacks on protesters,Compartilhamento de meme do líder republicano do South Dakota em apoio a ataques veiculares contra manifestantes,'South Dakota Republican leader shares meme supporting vehicular attacks on protesters',0,15,143,194,411,174,1244,940,3121
8 Frugal and Forgotten Ways Your Great-Grandparents Made it Through Hard Times,"Aqui estão as traduções das expressões metafóricas mantendo o sentido original:

1. **Kick the bucket** - Bater as botas
2. **Punch the clock** - Punir o relógio
3. **Tighten your belt** - Ajustar o cinto
4. **Catch a cold** - Peçar um resfriado
5. **Ride out the storm** - Pular a tempestade
6. **Put food on the table** - Colocar comida na mesa
7. **Lay low** - Ficar debaixo do radar
8. **Make ends meet** - Fazer sobrar para o jantar","1. Kick the bucket - Bater as botas
2. Punch the clock - Punir o relógio
3. Tighten your belt - Ajustar o cinto
4. Catch a cold - Peçar um resfriado
5. Ride out the storm - Pular a tempestade
6. Put food on the table - Colocar comida na mesa
7. Lay low - Ficar debaixo do radar
8. Make ends meet - Fazer sobrar para o jantar",0,390,752,2550,2468,2591,2205,2472,13428
Escaped Inmate Turns Himself in After Berlin Prison Break,Preso Furtivo se Rende após Fuga do Presídio de Berlim,"""Elusive Prisoner Surrenders after Escape from Berlin Jail""",0,320,752,2229,1808,2282,2151,1884,11426
N.B.A. Summer League Produces Buzz (Lonzo Ball) and Panic (Markelle Fultz),"""NBA Summer League Gera Burburinho (Lonzo Ball) e Pânico (Markelle Fultz)""","""NBA Summer League Kicks Up a Stir (Lonzo Ball) and Spawns Fear (Markelle Fultz)""",0,189,383,1989,1851,2018,2331,1791,10552
President Trump calls the Primetime Emmys ‘the worst ever’,Trump critica as Primetime Emmys como 'as piores de todos os tempos'.,Trump slams Prime Time Emmys as 'the worst ever.',0,170,752,1979,1385,158,537,593,5574
Appeals court allows prayer at Michigan county’s public meetings,Corte de apelações permite oração em reuniões públicas do condado de Michigan,Court of appeals allows prayer in public county meetings of Michigan,0,210,752,1318,908,559,916,697,5360
Obama: India needs to “cherish and nurture” its Muslims,"India precisa ""cultivar e alimentar"" seus muçulmanos.","""India needs to 'cultivate and nourish' its Muslims.""",0,95,752,1817,1428,1029,1534,1236,7891
Fallen Angels? New Documentary Reveals Profound Bible Secrets Solving the Origin of Mankind (Video),"""Anjos Caídos? Novo Documentário Revela Segredos Profundos da Bíblia Resolvendo o Origem da Humanidade (Video)""","""Fallen Angels? New Documentary Reveals Deep Secrets of the Bible Solving the Origin of Humanity (Video)""",0,81,250,179,293,962,1355,715,3835
"U.S. Report Says Humans Cause Climate Change, Contradicting Top Trump Officials","Relatório dos EUA Indica que Seres Humanos Causam Mudanças Climáticas, Contrariando Principais Oficiales de Trump","""US Report Suggests Humans Trigger Climate Change, Defying Trump's Key Officials""",0,196,752,1362,717,1135,1319,1377,6858
IHOP waiter takes down robber with marital arts move (VIDEO),IHOP waiter takes down robber with marital arts move (VIDEO),'Waiter takes down robber with marital arts move',0,20,251,1677,1645,1039,2514,1530,8676
No more triple talaq: India court bans Islamic instant divorce,"""Acabou o divórcio instantâneo: tribunal da Índia proíbe o talaq triplo"".","""End of instant divorce: Indian court bans triple talaq.""",0,330,752,1587,1740,1020,1104,1195,7728
Fox News puts up unintentionally damning graphic of Neo-Nazis' praise for Donald Trump (Updated),"Fox News errou ao expor, de forma inadvertida, uma imagem incriminadora de Neo-Nazis saudando Donald Trump (Atualizada)",Fox News made a boo-boo by accidentally flashing an incriminating picture of neo-Nazis cheering Donald Trump (Updated).,0,214,622,1994,1322,2016,1658,1882,9708
How 41 People in Lithuania Took Over Your Facebook Feed,Como 41 pessoas na Lituânia tomaram conta do seu feed do Facebook,"""As 41 people in Lithuania took over your Facebook feed.""",0,17,752,522,1717,2004,1071,282,6365
The Democrats should spend some time with Camille Paglia this weekend,Os democratas deveriam passar um tempo com Camille Paglia neste fim de semana.,'The Democrats should spend some time with Camille Paglia this weekend.',0,1,29,250,47,264,188,145,924
Egypt Shakes Up Security Forces After Deadly Ambush of Police,O Egitoabalança a segurança após emboscada mortal da polícia,The Egyptian balance tips security after a deadly police ambush.,0,253,752,1991,2043,2492,2123,1851,11505
When Californians Led The Way On Campus Civil Rights,Quando Califórnios Pioneiros Levaram a Líderança no Campus na Questão dos Direitos Civis,"""When California Pioneers Took the Lead on Campus in the Fight for Civil Rights""",0,188,752,1536,749,1089,1284,1130,6728
UH OH! NBC Made Payment to Staffer After Chris Matthews Accused of Sexual Harassment,'Ops! NBC fez o pagamento após a acusação de Chris Matthews de assédio sexual'.,Ops! NBC paid after Chris Matthews' sexual harassment allegation.,0,188,752,2127,2037,1235,1036,1409,8784
Iran Complains Instagram Shut Down Terror Chief ‘Hero’ Qasem Soleimani’s Page,"""Persia Protesta: Instagram Desativa a Página do 'Herói' Qasem Soleimani"", que simbolizava o 'Chefe do Terror', é traduzida criativamente para o português.","""Persia Protests: Instagram Disables the Page of 'Hero' Qasem Soleimani, Who Symbolized the 'Chief of Terror', is creatively translated into Portuguese as 'Persia Protesta: Instagram Desativa a Página do 'Herói' Qasem Soleimani, Que Simbolizava o 'Chefe do Terror'.""",0,353,752,2431,2285,2431,1520,1917,11689
Government Lawyers Ask Judge To Deny Release of Comey Memos,Advogados do Governo Peclam para Juiz Recusar Solução dos Memos de Comey.,"""Lawyers for the Government's Plea Case to the Judge Refuse the Solution of Comey's Memos.""",0,269,752,2122,2296,2258,2183,2225,12105
Hannity Promises To Expose CNN & NBC News In “EpicFail”,"""Hannity Promete Expor CNN & NBC News em 'EpicFail'"".","""Hannity vows to expose CNN & NBC News in 'EpicFail'"".",0,21,640,714,297,885,1459,1265,5281
Photogallery - Streaker at Buffalo Bills game storms the field,Galeria de Fotografia - Trocador invade o campo do Buffalo Bills.,Gallery of Photography - Bills' Exchange invades the Buffalo Bills' territory.,0,330,752,2359,2262,2475,2269,2314,12761
Toddler Sherin Mathews adopted from India by Americans who didn’t deserve her,Criança Mathews adotada da Índia por americanos que não a mereciam.,"""Mathews' child, taken from India by Americans who didn't deserve her.""",0,51,483,1779,1674,2052,1744,2086,9869
MD-Gov: Ben Jealous (D) Hits Larry Hogan (R) For Not Doing Enough To Combat The Opioid Crisis,Ben Jealous (D) Dá Um Toco Em Larry Hogan (R) Por Não Fazer O Suficiente Para Combater A Crisis das Opióides,"""Ben Jealous (D) Kicks Larry Hogan (R) to the Curb for Not Doing Enough to Fight the Opioid Crisis""",0,71,341,832,1529,1447,1427,1815,7462
Infographic Of The Day: How Tech Is Changing Our Food Systems,Infográfico do Dia: Como a Tecnologia está Mudando os Sistemas Alimentares,"""Infographic of the Day: How Technology is Transforming Food Systems""",0,68,752,650,284,294,265,511,2824
Global Chromatography Solvents Market Expected to Reach USD 3.56 billion with annual revenues 9.5% by 2024,"""Mercado de Solventes para Cromatografia Global Esperado Chegar a USD 3,56 Bilhões com Receitas Anuais de 9,5% em 2024""","""Global Market for Chromatography Solvents Anticipated to Reach USD 3,56 Billion with Annual Revenue Growth of 9.5% in 2024""",0,90,752,286,512,705,492,496,3333
Apple plans to build an Iowa data center that fully runs with renewable energy,Apple planeja construir um centro de dados em Iowa que opere inteiramente com energia renovável.,Apple is planning to build a data center in Iowa that will run entirely on renewable energy.,0,191,752,456,174,78,44,1,1696
CA Assembly Considers Bill to Delay Start of Public Schools to 8:30,Assembleia Legislativa da Califórnia Considera Projeto de Lei para Adiar o Início das Escolas Públicas para as 8:30,California's Legislative Assembly Considers Bill to Postpone Start of Public Schools to 8:30,0,58,64,364,185,350,1225,953,3199
We Fought a War of Independence' Against King George for That,"""Lutamos por uma guerra de independência contra o rei George.""",Fight for a war of independence against King George.,0,99,752,1741,2044,1440,2143,2062,10281
Seattle Seahawks Star Claims Police Threatened To Blow His Head Off,"""Homem do Seattle Seahawks diz que polícia ameaçou explodir sua cabeça.""

Resposta: ""Homem do Seattle Seahawks diz que polícia ameaçou fazer sua cabeça explodir.""","""Seattle Seahawks fan says police threatened to make his head explode.""",0,125,752,1186,1049,1675,1704,1489,7980
Where Police Care More About Internet Trolls Than Child Sex Rings,Onde a Polícia se importa mais com internet trolls do que com anéis de tráfico infantil.,"""Where the Police care more about internet trolls than they do about rings of child trafficking.""

Traduzido literalmente:

""Onde a Polícia se importa mais com internet trolls do que com anéis de tráfico infantil.""",0,267,752,2313,2291,2514,1741,937,10815
Selena Gomez Turns Heads In NYC In Low-Cut Top [PHOTOS],Selena Gomez vira cabeças em NYC com top decotado [FOTOS],Selena Gomez turns heads in NYC with daring bustier [PHOTOS],0,113,752,737,1697,1915,1660,1831,8705
Angola’s Governing Party Wins Most Parliament Seats in Vote,Partido Governante de Angola Vence Maior Número de Bancos no parlamento com o Voto,'Ruling Party in Angola Wins Larger Bank in Parliament Vote',0,253,752,2168,2368,2158,2409,2385,12493
North Fork’s First Designer Hotel Makes a Splash on the Sound,"""A ramificação Norte do primeiro designer hotel faz uma onda de choque nas águas do som.""","""The Northern branch of the first designer hotel sends a shock wave through the waters of sound.""",0,248,752,2335,2103,2365,1760,2048,11611
PressTV-Susan Rice fires back at AIPAC over Iran deal,Susan Rice ataca a AIPAC em relação ao acordo com o Irã,Susan Rice strikes a blow against AIPAC over Iran deal,0,147,493,1154,1869,1492,1145,1276,7576
Trump Takes Aim at Iran’s ‘Clandestine Nuclear Weapons Program’,"""Trump Mira Direto no 'Programa Nuclear Encoberto' do Irã""","""Trump points directly at Iran's 'Nuclear Shadow Program'""",0,129,752,1690,1782,1229,2006,1101,8689
Amazon Opens Its First “Just Walk Out” Store in Seattle,"Amazon Abre a Sua Primeira Loja ""Só Passear"" em Seattle.","'Amazon Opens Its First ""Just Window Shopping"" Store in Seattle.'",0,50,752,1573,1863,1155,2241,1794,9428
Why Dylan O'Brien is taking on a new role,Por que Dylan O'Brien está assumindo um novo papel,Why is Dylan O'Brien taking on a new role?,0,17,170,215,87,16,369,1,875
Twitter reacts to Donald Trump Jr. posting proof he colluded with Russia,Kick the bucket.,kick the bucket → bater as botas,0,391,752,2536,2569,2590,2437,2468,13743
"New News in ExxonKnew Storyline: Exxon Sues Cali Cities, NYC Sues Exxon","New News in ExxonKnew Storyline: Exxon Sues Cali Cities, NYC Sues Exxon","'Novo capítilo na história da ExxonKnew: Exxon processa cidades da Califórnia, NYC processa Exxon.'",0,308,752,2367,2398,2324,1908,2278,12335
"Apple Said to Be Acquiring Shazam, the Song Identifying App","Apple disse ter comprado o Shazam, o aplicativo de identificação de música.","Apple said it had acquired Shazam, the music identification app.",0,196,752,1205,412,897,137,121,3720
Total Insanity! North Korea Announces Nuclear Sneak Attack Plan (Video),Total Insanidade! Coreia do Norte Anuncia Plano de Ataque Nuclear Surpresa (Vídeo),"""Total Madness! North Korea Announces Surprise Nuclear Strike Plan (Video)""",0,100,351,373,648,406,724,571,3173
"Instead of Launching a Missile, North Korea Throws a Party","Em vez de lançar um míssil, a Coreia do Norte celebra uma festa.","""Instead of launching a missile, North Korea throws a party.""",0,1,752,297,64,499,515,273,2401
White House Chief of Staff John Kelly’s Civil War comment draws fire,'John Kelly's Civil War comment draws fire' = 'Comentário sobre a Guerra Civil de John Kelly acende polêmica'.,John Kelly's Civil War comment stirs controversy,0,161,752,2059,1307,1415,1377,781,7852
"Young girl flips off Infowars interviewer, instantly becomes a Twitter favorite","""Menina da praia responde ao entrevistador do Infowars""","""Beach girl replies to Infowars interviewer""",0,281,752,2094,2444,2304,771,1876,10522
"Ted Nugent, Who Has Violently Threatened Obama And Clinton, Calls On Liberals To Be 'Civil' %%","""Ted Nugent, quem já violentamente ameaçou Obama e Clinton, exorta os liberais a serem 'civis'.""","""'Ted Nugent, who has violently threatened Obama and Clinton, urges liberals to be 'civic'.""",0,40,752,559,1235,1209,1776,1041,6612
"Only 6 days on the job, Scaramucci jumps the shark","""Só seis dias no trabalho, Scaramucci salta o tubarão.""","""Only six days at work, Scaramucci jumps the shark.""",0,129,411,1361,229,1802,2160,1272,7364
"Fearing the Worst, China Plans Refugee Camps on North Korean Border","Fearing the Worst, China Plans Refugee Camps on North Korean Border

""Com Fala na Mente, China Planeja Acampamentos de Refugiados na Fronteira com a Coreia do Norte""

(Em português literal: ""Tendo Fobia do Pior, China Planeja Acampamentos de Refugiados na Fronteira com a Coreia do Norte"")","""With Worst-case in Mind, China Plans Refugee Camps on North Korean Border""

(A português literal: ""Com Pior em Mente, China Planeja Acampamentos de Refugiados na Fronteira com a Coreia do Norte"")",0,251,656,2414,2205,1893,2074,2147,11640
NJ House Members Take Sides on GOP Tax Bill,Representantes da Casa dos EUA Dividem-se sobre Projeto de Lei Tributária do Partido Republicano,House Representatives Split over Republican Tax Bill,0,267,752,1937,1813,1778,1261,1578,9386
Suspect for Attempted Murder of California Wildlife Officer Turns Himself In,Suspeito de Tentativa de Homicídio de Oficial de California de Vida Selvagem se Rende,'Suspeito de Tentativa de Homicídio de Oficial de California de Vida Selvagem se Rende' → 'Wildlife Ranger Attempted Murder Suspect Surrenders',0,363,752,2487,2369,2216,1597,1892,11676
Christendom can be absurd these days; Roy Moore case beats all,A Cristandade pode ser absurda nos dias de hoje; o caso de Roy Moore supera todas.,Christianity can be absurd in today's world; the case of Roy Moore tops it all.,0,230,752,2017,1100,786,656,412,5953
"‘Crooklyn’ Wins the One Film, One New York Contest",'Crooklyn' conquista o prêmio de Melhor Filme de um Novo Contest de Nova York.,''Crooklyn' wins the award for Best New Film at a New York Contest.',0,125,752,2013,1639,1241,1072,1788,8630
Boycott The Government? Ann Arbor City Council Members Take A Knee During Pledge,Boicote o Governo? Membros do Conselho da Cidade de Ann Arbor Pegam o Joelho Durante o Juramento,'Shutdown the Government? Members of Ann Arbor's City Council Kneel During Oath',0,181,752,1656,1700,1830,1993,1757,9869
Photogallery - The US punishes Chinese and Russian companies because of North Korea,"""Alfaiate de Galáxia: Os EUA castigam as empresas chinesas e russas por causa da Coreia do Norte.""","""Galaxy Tailor: U.S. Punishes Chinese and Russian Companies for North Korea's Sake.""",0,181,752,2140,2246,2332,1590,2105,11346
Gingrich: GOP Will Keep Majority in Congress If Tax Bill Approved,O GOP manterá a maioria no Congresso se a reforma tributária for aprovada.,"""El GOP mantendrá la mayoría en el Congreso si se aprueba la reforma tributaria.""",0,379,752,2577,2541,1834,309,801,9193
"J.R. Smith reveals King's injury status, Says he will...","J.R. Smith revela o estado da lesão do Rei, diz que ele...","""J.R. Smith spills the beans on LeBron's condition, says he...""",0,188,513,2020,1961,2257,1954,2168,11061
"Pokemon the Movie: I Choose You,' Ash and his pokemon Pikachu is back.",Pikachu e Ash estão de volta!,Pikachu and Ash are back!,0,327,752,2174,2355,1965,54,1324,8951
Photogallery - #WhiteWednesday is taking over social media as women in Iran protest,'#WhiteWednesday está dominando as redes sociais à medida que mulheres no Irã protestam','#WhiteWednesday is taking over social media as Iranian women protest.',0,45,122,699,1179,137,452,594,3228
Silicon Valley As Richard II: Setting The Stage For Teachers,Silicon Valley: O Vale do Silício como Richard II: Preparando o Palco para os Professores,"""The Silicon Valley: The Silicon Valley as Richard II: Setting the Stage for the Teachers""",0,51,698,651,1250,1305,1696,1814,7465
Justices Take Cases on Free Speech at Pregnancy Centers and Polling Places,"""Justices Taking Cases on Freedom of Speech at Pregnancy Clinics and Polling Places""","""Justices Taking Cases on Freedom of Speech at Pregnancy Clinics and Polling Places""",0,89,752,652,1137,581,2576,1626,7413
US Justice Department faults DEA over agent’s dangerous liaison,"""Departamento de Justiça dos EUA culpa DEA por relação perigosa de agente""","""The U.S. Justice Department blames the DEA for a dangerous agent relationship.""",0,282,752,2232,1381,1704,621,308,7280
Taliban Say Top Leader’s Son Carried Out a Suicide Attack,"""Filho do Líder Supremo do Taliban Comete Atentado Suicida""","""Son of the Supreme Taliban Leader Perpetrates Suicide Bombing""",0,297,752,2155,1372,822,1379,1355,8132
"Tucked Into the Tax Bill, a Plan to Help Distressed America","Enfundado na Proposta Tributária, um Plano para Ajudar a América Distressed","""Sheathed in the Tax Proposal, a Plan to Assist the Distressed America""",0,142,605,888,1931,1632,1563,1475,8236
Chile and South Africa Make Cut for Foreign-Language Oscar,Chile and South Africa Make Cut for Foreign-Language Oscar,Chile and South Africa Make the Cut for the Foreign-Language Oscar,0,15,201,89,40,72,2532,936,3885
"Hungarian PM: Soros, EU Are Trying To Establish A ‘Muslimized’ Europe","Hungarian PM: Soros, EU Are Trying To Establish A ‘Muslimized’ Europe. Tradução: Primeiro-ministro húngaro: Soros, a UE está tentando estabelecer uma Europa 'Islamizada'.","Prime Minister: Soros, the EU is trying to create an 'Islamized' Europe.",0,235,752,1671,1404,1793,1573,1993,9421
Nick Jonas Is Throwing His Hat Into the Ring for a Major Superhero Role,Nick Jonas está jogando o chapéu no anel para um papel de super-herói major.,Nick Jonas is throwing his hat in the ring for a major superhero role.,0,11,752,45,53,972,2295,1244,5372
NEO: How Washington Found Itself in Bed with ISIS,NEO: Como Washington Se Encontrou Na Cama com o ISIS,"""NEO: How Washington Lay in Bed with the ISIS""",0,60,403,890,803,871,889,1615,5531
"Indiana Man Accused Of Killing, Eating Girlfriend Deemed Incompetent To Stand Trial [VIDEO]","Indiano é Acusado de Matar, Comer Namorada e Não Pode Ser julgado no Tribunal.","Indian accused of killing, eating girlfriend, and cannot be judged in court.",0,254,752,2223,2367,2458,1651,2208,11913
Dear Trump Supporters: Look What LeBron James Just Called YOU,Queridos apoios de Trump: Veja o que LeBron James Acabou de Chamar Vocês,"""Dear supporters of Trump: See what LeBron James just called you""",0,68,752,518,769,1200,1898,1683,6888
"Samsung might launch Galaxy S9 in January 2018, based on the assembly schedule","""Samsung pode lançar o Galaxy S9 em janeiro de 2018, conforme o cronograma de montagem.""","""Samsung can roll out the Galaxy S9 in January 2018, according to the assembly timeline.""",0,160,475,1207,878,553,175,135,3583
Morning Digest: Rep. Colleen Hanabusa kicks off Democratic primary bid against Hawaii Gov. David Ige,Morning Digest: Rep. Colleen Hanabusa começa campanha primária democrata contra o governador do Havaí David Ige,**Morning Digest: Rep. Colleen Hanabusa starts Democratic primary campaign against Hawaian governor David Ige.**,0,105,353,989,594,1203,894,572,4710
Rand Paul on GOP Health Bill: Trying 'to Buy the Votes' of Sens,Rand Paul no projeto de saúde do GOP: Tentando 'comprar os votos' de sens.,Rand Paul attempting to 'buy the votes' for the GOP healthcare project.,0,206,752,1527,1800,1898,2082,1552,9817
HBO Brings Back Bill Maher For Another Two Seasons,HBO Traz De Volta Bill Maher Para Mais Duas Temporadas,HBO brings Bill Maher back for two more seasons.,0,60,752,125,157,111,487,108,1800
Anfield Resources to change its name to Anfield Energy to emphasize focus on energy metals,Recursos de Anfield para mudar seu nome para Energia de Anfield para destacar o foco em metais de energia.,"""Shift from Anfield's assets to Anfield's energy to emphasize its focus on energy metals.""",0,120,672,1932,1859,1866,1919,2406,10774
Donna Brazile: Clinton Campaign Took Over DNC in August 2015.,Donna Brazile: A Campanha Clinton Conquistou o DNC em agosto de 2015.,Donna Brazile: Hillary Clinton's Campaign Captured the DNC in August 2015.,0,86,271,443,839,817,569,584,3609
Local PA activist Katie Muth takes on anti-women's health commissioner publicly and wins!,Local ativista de direitos das mulheres Katie Muth enfrenta publicamente comissária contra a saúde feminina e vence!,"""Social justice warrior Katie Muth publicly confronts female health commissioner and emerges victorious!""",0,279,752,2099,1728,1384,1525,1367,9134
"How Vietnam dramatically changed our views on soldiers, honor and war","Como o Vietnã transformou radicalmente nossas visões sobre soldados, honra e guerra.","How Vietnam Transformed Radical Ideas About Soldiers, Honor, and War",0,162,752,306,900,1191,1299,1570,6180
Remember those emolument issues? Trump's D.C. hotel is raking it in,Recordar aquelas questões de emolumentos? O hotel de Trump em D.C. está enriquecendo,"""Remember those emolument issues? Trump's D.C. hotel is enriching itself.""",0,51,50,446,1096,1352,1167,1131,5293
"To Control Patient Volumes, Hospital Takes Down Hospital Signs Within 5-Mile Radius","""Para controlar a quantidade de pacientes, o hospital tira os sinais de si mesmo dentro de um raio de 5 milhas.""","""To control the number of patients, the hospital takes the signs of itself within a five-mile radius.""",0,191,752,1696,1906,2382,1747,1835,10509
Welcome to 2018: White House issuing unhinged Trump rants as official statements,Welcome to 2018: Casa Branca emitindo declarações malucas de Trump como se fossem oficiais.,"""Welcome to 2018: White House Spouting Crazy Trump Declarations as If They Were Official.""",0,139,482,1723,1028,1758,1042,1630,7802
Bombs Will Not Defeat ISIS (but Maybe the Internet Will),Bombas Não Derrotarão o ISIS (Mas Talvez a Internet Consiga),Bombs Won't Defeat ISIS (But Maybe the Internet Can),0,100,752,99,135,22,106,545,1759
Seattle Mayor Steps Down Following Fifth Allegation Of Child Sex Abuse,Prefeito de Seattle Renúncia Após Quinta Acusação de Abuso Sexual Infantil,'Mayor of Seattle Resigns After Fifth Child Sexual Abuse Accusation',0,263,752,1777,700,616,390,664,5162
"On North Korea, ‘Strategic Patience’ Has Enabled Strategic Blackmail","""A Estratégia Paciente"" Permitiu ao Preço Precisar a Precisão.","""Patient Strategy Allowed the Price to Precisely Pinpoint Precision.""",0,391,752,2417,2529,2533,2090,2392,13104
Corrupt Politicians Make Way for Muslims to Attack America +Videos,Políticos Corruptos Cravam Espaço para Muçulmanos Atacarem a América,Corrupt Politicians Are Craving Space for Muslims to Attack America,0,100,258,1023,1951,1243,1462,1732,7769
Arizona Supreme Court Upholds Statute Forbidding Destruction of Valuable Guns,O Tribunal Supremo do Arizona Mantém Estátua Proibindo a Destruição de Armas Valiosas,"""Supreme Court of Arizona Upholds Statue Preventing Destruction of Precious Arms""",0,210,752,1465,2224,1438,1416,1231,8736
"Redskins place Dustin Hopkins on IR, work out 20 players, sign new kicker","Indians retiram Dustin Hopkins do departamento de reabilitação, fazem exercícios com 20 jogadores e assinam novo chutador.","Indians take Dustin Hopkins out of the rehab department, do exercises with 20 players and sign new kicker.",0,191,752,1863,1570,1863,1542,2248,10029
Vatican Urges Online Protections for Kids amid Porn Scandal,Santa Sé Exorta Proteções Online para Crianças Em Meio a Escândalo de Pornografia,"""Vatican Urges Online Safeguards for Children Amid Pornography Scandal""",0,113,752,374,320,119,1075,1135,3888
ISIS Declares It Is Sending Secret Brigades Of Fighters To Terrorize Europe,Deus e Guerra Declara que está Enviando Esquadrões Secretos de Guerreiros para Assustar a Europa.,"""God and War declare that He is sending secret squads of warriors to intimidate Europe.""",0,229,752,1906,2066,2391,949,2266,10559
Copper Basin Announces Third Generation of its Takedown Firearm Backpack,Base Copper Announces Third Generation of Its Shake Down Firearm Backpack,Base Copper Unveils Third Generation of Its Takedown Rifle Backpack,0,100,752,904,1919,584,2320,1981,8560
David Letterman Earns Mark Twain Prize for Late-Night High Jinks,David Letterman Ganha Prêmio de Twain para Brincadeiras Noturnas,"""David Letterman Wins Mark Twain Prize for Late Night Humor""",0,68,543,1311,1255,785,1523,1400,6885
"California Needs a “Spec” Water Market, Not Contrived Markets","California precisa de um mercado ""definitivo"" de água, não de mercados engendrados.","California needs a ""final"" market for water, not contrived markets.",0,80,752,679,1348,1306,1382,1572,7119
"U.S. Put 92 Somalis on a Deportation Flight, Then Brought Them Back","Enviar 92 Somalis para um Voo de Deportação, Depois os Trazerem de Volta","Ship 92 Somalis to a Deportation Flight, Then Bring Them Back.",0,112,445,1643,1462,1067,774,2303,7806
"American Legion, VFW Decide to Play Nice With Goodell; Don’t Support Boycott of NFL","American Legion, VFW Decide to Play Nice With Goodell; Don’t Support Boycott of NFL.",American Legion and VFW choose to play nice with Goodell; don't support the NFL boycott.,0,62,752,498,282,1248,2369,904,6115
North Korea says it will accelerate the development of nuclear weapons,"""Coreia do Norte afirma que acelerará o desenvolvimento de armas nucleares"".","""North Korea claims it will speed up the acceleration of nuclear weapons development.""",0,112,752,985,386,520,1282,663,4700
The Shannara Chronicles' to finish off season 2 with back to back episodes,"The Shannara Chronicles' Season 2 finale in Portuguese with back-to-back episodes should maintain the sense of the original episodes while incorporating the idiomatic and metaphorical nuances.

""To finish off season 2 with back-to-back episodes"" would translate to:

""Terminar a segunda temporada com episódio duplo.""

And then, depending on the context from the episodes, it could be:

1. ""Encerrar a segunda temporada com episódios consecutivos.""
2. ""Finalizar a segunda temporada com episódios seguidos.""","""Finalizar a segunda temporada com episódios consecutivos.""",0,391,752,2569,2488,2455,2547,2415,13617
Major German Parties Leave Migrant Issues out of Campaign,Principais Partidos Alemães Deixam Assuntos de Migrantes de Lado das Campanhas,Main German Parties Leave Immigration Issues Off Campaigns,0,214,752,525,772,481,1708,1257,5709
the Democratic Party is not going to save America in the coming years,O Partido Democrata não vai salvar os Estados Unidos nos próximos anos.,"""The Democratic Party is not going to pull the rabbit out of the hat for the United States in the next few years.""",0,171,627,1786,2334,2329,1870,1954,11071
"Senate Budget Sells Out Our Environment, Health, and the Treasured Arctic National Wildlife Refuge","""Senado Vende Nossos Recursos Ambientais, Saúde e O Tesouro do Santuário Nacional do Ártico""","""Senado Sells Our Environmental Resources, Health, and the Treasure of the Arctic Sanctuary""",0,229,564,1888,2352,1491,1586,1514,9624
John Mayer Backs Up Justin Bieber Over Canceled ‘Purpose’ World Tour,John Mayer Suporte Justin Bieber Após a Turma ‘Purpose’ Cancelada,'John Mayer Backs Justin Bieber After 'Purpose' Tour Cancels',0,99,752,2021,1953,1094,1878,1736,9533
"In Trump’s America, There is No Difference Between Partisan and Racial Gerrymandering","Na América de Trump, não há diferença entre a manipulação eleitoral partidária e a racial.","In Trump's America, there is no difference between partisan political manipulation and racial manipulation.",0,32,752,473,421,1093,244,769,3784
The Occupant throws his AG completely under the bus in interview with New York Times.,O ocupante joga seu AG completamente sob o ônibus durante a entrevista com o The New York Times.,The renter plays his A-game completely under the bus during his interview with The New York Times.,0,113,427,1583,2055,2503,2393,2283,11357
"Veterans, Americans Don’t Believe US Foreign Policy Makes US Safer","Veteranos, Americanos não acreditam que a política externa dos EUA tornem o país mais seguro.","""Veterans, Americans don't believe U.S. foreign policy makes the country safer.""",0,73,752,1497,382,1439,1155,245,5543
"ISIS Has Lost Raqqa, Where Will It Go Next?","ISIS Perdeu Raqqa, Para Onde Irá Agora?","ISIS Lost Raqqa, Where Will It Go Now?",0,42,77,138,322,27,1311,721,2638
Steve Kerr: Government Puts Interests of ‘Gun Industry’ Ahead of ‘People’s Safety’,"""O governo prioriza os interesses da indústria de armas sobre a segurança das pessoas.""","""The government prioritizes the interests of the arms industry over people's security.""",0,217,752,2234,1724,1143,69,939,7078
Senator John McCain Opposes Any Attempt at Obamacare Repeal…,Senator John McCain Se Opõe a Qualquer Tentativa de Abolição do Obamacare,Senator John McCain Objects to Any Attempt to Abolish Obamacare,0,129,752,1221,881,302,549,350,4184
"President Donald J. Trump is Taking Action to Improve Access, Increase Choices, and Lower Costs for Healthcare","Presidente Donald J. Trump está Agindo para Melhorar o Acesso, Aumentar as Escolhas e Diminuir os Custos na Saúde","""President Donald J. Trump is acting to enhance accessibility, boost options, and slash costs in healthcare.""",0,176,541,611,723,858,201,400,3510
"‘Massive military response’: After meeting with Trump, Gen. Mattis strongly warns North Korea","'Massive military response' traduzido para o português, mantendo o sentido metafórico original, é: 'Resposta militar de grande escala'.",Resposta militar de grande escala.,0,391,752,2568,2557,2507,2028,2388,13191
K.K.R. to Buy WebMD and Take Majority Stake in Nature’s Bounty,K.K.R. to Buy WebMD and Take Majority Stake in Nature’s Bounty = K.K.R. para comprar WebMD e adquirir participação majoritária no Tesouro da Natureza.,K.K.R. to acquire WebMD and secure a majority stake in Nature's Treasury,0,69,274,204,980,1808,2011,2049,7395
The Nation Hates Thanksgiving More Than Ever This Year,O Povo Odia Mais o Dia de Ação de Graças do Que Nunca Este Ano,People Hate Thanksgiving More Than Ever This Year,0,95,86,263,208,87,1046,650,2435
Police chiefs association refutes Trump’s speech that endorsed officer brutality,"""Associação de chefes de polícia refuta discurso de Trump que apoiou violência policial""","""Police chiefs' association denies Trump's speech supporting police violence""",0,162,752,1493,1021,457,343,53,4281
Photogallery - Google accidentally shuts down half of Japan’s Internet,Google acidentalmente desliga metade da internet do Japão.,"""Google accidentally shuts down half of Japan's internet.""",0,7,190,1192,1448,274,135,459,3705
Jimmy Kimmel Now Blaming 2nd Amendment Supporters for Las Vegas,Jimmy Kimmel Now Blaming 2nd Amendment Supporters for Las Vegas,'Batalha do Apito',0,391,752,2581,2563,2588,2560,2488,13923
Trump administration to open up new areas for oil and gas exploration,desenvolver novos territórios para exploração de petróleo e gás,chart new frontiers for oil and gas exploration,0,147,382,1812,2135,1317,1647,1970,9410
Bruce Springsteen Could Be Going for the EGOT as He Makes Broadway Debut,Poderia estar almejando o EGOT ao fazer sua estreia no Broadway.,'Dreaming of an EGOT on Broadway.',0,331,752,2409,2463,2464,2293,2414,13126
Bloomberg-Funded Everytown Gives $$1 Million to Gun Control Candidates in Virginia,"""Apoio do Bloomberg para a Fundação de Cada Canto de Virginia doa $$1 Milhão para Candidatos de Controle de Armas""","""Bloomberg's Support to Virginia's Cornerstone Foundation donates $1 Million to Gun Control Candidates""",0,189,314,1752,1762,1746,1652,2133,9548
MSNBC twists Las Vegas shooting to advocate for national gun registry – TheBlaze,'MSNBC vira Las Vegas shooting para defender o cadastro nacional de armas – TheBlaze'.,MSNBC turns Las Vegas shooting into defense of national gun registry - TheBlaze,0,113,752,719,1305,738,1514,687,5828
University of Florida students shut down white supremacist Richard Spencer,Universidade da Flórida: estudantes encerram Richard Spencer.,Florida University students shut Richard Spencer down.,0,154,752,2102,1967,1002,1440,946,8363
Kansas City Royals’ manager says he warns his team about porn,O Kansas City Royals’ manager diz que ele alerta sua equipe sobre pornografia.,The Kansas City Royals' manager says he warns his team about pornhub.,0,28,141,657,709,269,1248,198,3250
NKorean Media Claims 5 Million Have Signed up to Join Army,Cerca de 5 milhões se inscreveram para se alistar na exército,About 5 million signed up to enlist in the army.,0,162,752,2184,1392,2091,198,731,7510
Interview: Man Who Stopped Texas Shooting Is Being Harassed by the Mainstream Media (Video),Entrevista: Homem Que Parou Tiroteio em Texas Está Sendo Assediado pela Mídia Tradicional ( Vídeo).,"""Interview: Man Who Stopped Gunfight in Texas Is Being Hounded by Traditional Media (Video).""",0,91,363,1123,1383,968,1506,1712,7146
"As More Teams Host Gay Pride Events, Yankees Remain a Holdout","As Mais Equipes Anfitriãs do Orgulho LGBTQIA+, Yankees Ficam de Fora","""The Most Hosting Teams of Pride for LGBTQIA+, Yankees Stay Out""",0,310,752,2312,2313,2297,2313,2280,12577
Is Israel Winning “The War Between The wars” With Iran,"Is Israel Winning ""The War Between the Wars"" With Iran","Is Israel Winning ""The War Between the Wars"" With Iran
Is Israel Winning ""The War Between the Wars"" With Iran
Is Israel Winning ""The War Between the Wars"" With Iran",0,196,752,1833,1599,2188,2585,2487,11640
‘This guy’s busted’: Morning Joe says Mueller has ‘smoking gun’ evidence of Trump obstruction on tape,Esse cara está com a corda toda. Morning Joe diz que Mueller tem 'prova de fumo' de obstrução de Trump gravada em áudio.,"'That guy has everything in order. Morning Joe says Mueller has ""smoking gun"" proof of Trump obstructing justice on audio.'",0,149,696,2014,1694,1941,2122,2335,10951
Toyota to Take 5 Percent Stake in Mazda and Build Joint U.S. Plant,Toyota assume 5% de participação em Mazda e constrói planta conjunta nos EUA,"""Toyota takes a 5% stake in Mazda and builds a joint factory in the USA.""",0,205,752,1760,818,1019,216,374,5144
"Trump Makes Fools of His Spokespeople Again, Makes Explicit Nuclear Threat","Deixando Os Portadores de Sua Mensagem na Vergonha Outra Vez, Fazendo Uma Ameaça Nuclear Explicita","Leaving the Bearers of Its Message in Shame Again, Making an Explicit Nuclear Threat",0,254,752,2368,2126,2035,1269,2327,11131
Tunisia Ends Ban on Non-Muslim Men Marrying Muslim Women,Túniia Extingue Proibição de Homens Não-Muçulmanos Casarem com Mulheres Muçulmanas,"""Tunisia Drops Ban on Non-Muslim Men Marrying Muslim Women""",0,17,94,130,136,524,464,998,2363
Nebraska regulator to announce Keystone XL permit decision on November 20,Regulador do Nebraska vai decidir sobre permissão do Keystone XL no dia 20 de novembro.,Governor of Nebraska to decide on Keystone XL pipeline approval on November 20.,0,156,752,1725,1917,1059,669,1742,8020
"Israel, U.S. Deny Report Claiming Trump Will Recognize Palestinian State",Israel e Estados Unidos negam relatório alegando que Trump reconhecerá Estado palestino,"""Israel and the United States deny the report, claiming that Trump will recognize the Palestinian state.""",0,113,752,1809,576,1647,1207,438,6542
Starbucks interviewing refugees in California for jobs as baristas – Dr. Rich Swier,Starbucks contratando refugiados na Califórnia para trabalhar como baristas – Dr. Rich Swier,Starbucks hiring refugees in California to work as baristas – Dr. Rich Swier,0,74,120,98,319,295,360,42,1308
Reverend Says Brits Should Pray Prince George Turns Out Gay,O Reverend Says Brits Should Pray Prince George Turns Out Gay,"""O Reverendo Diz que os Britânicos Deveriam Orar para Prince George Se Tornar Homossexual""",0,348,752,2525,2461,2066,1582,1558,11292
Drug Enforcement Administration Collects Record Number of Unused Pills as Part of its 14th Prescription Drug Take Back Day,Administração de Combate ao Uso de Drogas Coletou Número de Comprimidos Inutilizados Recorde Como Parte de seu 14º Dia de Resgate de Remédios,Drug Control Administration Collects Record Number of Unused Pills as Part of Its 14th Drug Recovery Day,0,38,137,133,654,938,1598,1971,5469
PressTV-S Korea links detected xenon to North’s nuclear test,PressTV - Coreia do Sul detecta a presença de xenon nos testes nucleares da Coreia do Norte,PressTV - South Korea detects presence of xenon in North Korea's nuclear tests,0,197,752,1257,898,739,607,472,4922
1824: Congress decides outcome of presidential election on this day in history,Decisão do Congresso define o resultado da eleição presidencial nesta data da história.,Decision of Congress sets the presidential election outcome on this date in history.,0,167,752,1395,1798,1272,953,934,7271
"Why Did the State Department Pay $$100,000 For Tiffany Trump and Her Mother's Vacation Car Rentals?",O departamento de Estado pagou $100.000 por aluguel de carro para Tiffany Trump e sua mãe?,"""The State Department shelled out $100,000 for a car rental for Tiffany Trump and her mother?""",0,130,752,1097,1901,1559,479,1524,7442
Pope Francis Criticizes Fake News Yet The MSM Is More Guilty Than Anyone,"O Papa Francisco critica as notícias falsas, mas os meios de comunicação tradicionais estão mais culpados do que qualquer um.","The Pope Francis criticizes fake news, but traditional media outlets are more guilty than anyone else.",0,136,752,1121,1514,918,435,150,5026
CIA Director Pompeo contradicts Trump: Russia meddled with 2016 election,Diretor da CIA Pompeo contradiz Trump: Rússia interferiu na eleição de 2016,"""CIA Director Pompeo contradicts Trump: Russia interfered in the 2016 election.""",0,68,214,633,239,46,197,145,1542
Canada Wants a New Nafta to Include Gender and Indigenous Rights,"""Canada Quer uma Nova NAFTA que Inclua Direitos de Gênero e Indígenas""","""Canada is looking for a New NAFTA that Includes Gender and Indigenous Rights""",0,112,643,482,270,213,409,96,2225
Photogallery - Sony is reducing the prices of its PlayStation VR bundles,"""Sony está reduzindo os preços dos seus kits PlayStation VR.""","""Sony is lowering the prices of its PlayStation VR kits.""",0,68,233,1526,1770,997,48,375,5017
Seth Meyers calls out Trump for pardoning two turkeys ‘despite the fact that they lied about Russia under oath’,Seth Meyers critica Trump por perdoar duas aves ‘apesar de elas mentirem sobre a Rússia sob juramento’,Seth Meyers criticizes Trump for pardoning two birds 'despite their lying under oath about Russia.',0,185,681,1345,1019,1890,2316,1689,9125
"Gov't reports far fewer new jobs created in December than economists expected: 148,000","""Relatórios do governo registram muito fewer new jobs created in December than economists expected: 148,000""","""Government reports record significantly fewer new jobs created in December than economists anticipated: 148,000.""",0,82,223,685,1002,247,1958,277,4474
Sexual assaulter Trump privately doubted the accusers of sexual predator Moore,"'Sextuador Trump, em particular, teve suas dúvidas sobre os acusadores de estuprador Moore.'","Trump, in particular, had his doubts about Moore's sex accuser.",0,342,752,2208,1795,2420,2302,2055,11874
White House says Trump is considering Russia sanctions legislation,Casa Branca afirma que Trump está considerando sanções contra a Rússia,The White House says Trump is considering sanctions against Russia.,0,80,158,485,589,115,5,1,1433
$1.6 Billion Copyright Suit Claims 21% of Spotify Songs Are Unlicensed,"A ação legal de $1,6 Bilhões alega que 21% das canções do Spotify são não licenciadas.",The legal action of $1.6 Billion contends that 21% of the songs on Spotify are unlicensed.,0,172,752,536,557,1691,264,861,4833
EMP Bias Puts US at Risk as North Korea Threat Grows,Preconceito com viés coloca-nos em risco enquanto a ameaça norte-coreana cresce.,"""Bias-tainted prejudice puts us at risk as the North Korean threat looms.""",0,112,752,1588,1971,1644,1037,1192,8296
DARPA unveils gene editing infrastructure to build genetically engineered “super soldiers”,DARPA revela infraestrutura de edição genética para construir'super-soldados' geneticamente modificados.,"""DARPA unveils genetic editing infrastructure to build'super-soldiers' with genetic modifications.""",0,101,752,1608,662,262,744,1142,5271
Twitter blames human error for deactivation of President Trump’s personal account; Updated,"""Twitter culpa erro humano pelo desativamento da conta pessoal do presidente Trump; Atualizado.""","""Twitter blames human error for Trump personal account deactivation; Updated.""",0,59,345,1118,467,142,703,898,3732
Australia Exported Most Of Its Natural Gas As Citizens Dealt With Prolonged Power Outages,"""Australia Exportou a Maioria do Seu Gás Natural enquanto os Cidadãos Lidaram com Interrupções Elétricas Prolongadas.""",Australia Exported Most of Its Natural Gas While Citizens Dealt with Prolonged Power Outages.,0,11,752,38,73,141,652,157,1824
Tom Brady has new backup and Broncos have new starter,Tom Brady tem um novo reserva e os Broncos têm um novo início.,Tom Brady has a new backup and the Broncos have a new beginning.,0,59,752,605,1008,618,785,840,4667
Trumps Spend $$5 Million Less Than Obamas on White House Salaries,Trump gastou US$5 milhões a menos do que Obama em salários da Casa Branca.,Trump spent US$5 million less on White House staff salaries than Obama.,0,156,752,682,585,407,141,614,3337
"Texas Church Shooting Video Shows Gunman’s Methodical Attack, Official Says","'Um vídeo do tiroteio na igreja do Texas mostra o método meticuloso do atirador, diz autoridade oficial.'","""A video from the church shooting in Texas shows the meticulous method of the shooter, says an official.""",0,308,752,2112,740,1722,564,483,6681
Bob Marley Comes Alive in This Collection of Interviews With the People Who Knew Him Best,Bob Marley Vive em Esta Coleção de Entrevistas Com Quem Melhor o Conhecia,"""The Bob Marley Collection: Resurrected by Those Who Knew Him Best""",0,190,660,1943,1874,1713,1842,2162,10384
CBS News: Congress Wants Phone Records of Trump Jr.-Russia Meeting,Congresso Deseja Gravações de Telefones de Encontro Trump Jr.-Rússia,"""Congresso Deseja Gravações de Telefones de Encontro Trump Jr.-Rússia"" = ""Congress Wants Transcripts of Phone Calls Between Trump Jr. and Russia""",0,281,752,2356,2107,2031,1539,1864,10930
50 pastors throw their hats into the ring for suspected molester Roy Moore—or did they?,"50 pastores jogam suas chapéus na arena para Roy Moore, suposto molestador — ou será que jogaram?","Fifty shepherds throw their hats into the ring for Roy Moore, the alleged molester—or did they?",0,86,253,223,1148,2044,2061,1561,7376
Germany Accuses China of Using LinkedIn to Recruit Informants,Alemanha Acusa a China de Utilizar o LinkedIn para Recrutar Informantes,Germany Accuses China of Using LinkedIn to Recruit Informants.,0,1,10,6,5,25,62,94,203
Immigrant teenager at center of US legal fight has abortion,Adolescente imigrante no centro de uma batalha legal americana tem aborto,An immigrant teenager at the center of an American legal battle has an abortion.,0,113,752,2138,841,1652,688,447,6631
"20 Years Ago, Hollywood Imagined a Wormhole Machine at Kennedy Space Center","A 20 anos atrás, Hollywood imaginou uma máquina de buraco negro no Centro Espacial Kennedy.","""Twenty years ago, Hollywood envisaged a black hole machine at the Kennedy Space Center.""",0,102,752,1031,720,1581,536,1188,5910
Detroit Tigers hire Ron Gardenhire to be their next manager,Os Detroit Tigers contratam Ron Gardenhire como seu próximo técnico.,The Detroit Tigers hire Ron Gardenhire as their new manager.,0,100,297,191,104,183,322,122,1319
Attorneys allege Motel 6 is siccing ICE on undocumented immigrant guests,Advogados alegam que Motel 6 está chamando o ICE contra hóspedes sem documentação.,Lawyers allege that Motel 6 is contacting ICE against guests without documentation.,0,188,752,1914,1672,1537,684,417,7164
Sprint rolling out update for BlackBerry KEYone devices on its network,"""Lançamento rápido de atualização para dispositivos BlackBerry KEYone na rede.""","""Quick rollout of update to BlackBerry KEYone devices on the network.""",0,177,651,1360,2026,1141,614,1199,7168
"Trump ""Justice"" Department argues in favor of firing employees because they're gay",Justiça argumenta a favor de despedir empregados porque são gays.,Justice advocates for firing employees who are gay.,0,263,752,2018,2095,1267,1838,1520,9753
Trump administration lied when it said DHS had vetted their bogus and racist terror report,A administração Trump mentiu quando disse que o DHS tinha verificado seu relatório fajuto e racista.,The Trump administration lied when they claimed that the DHS had verified their fraudulent and racist report.,0,133,658,860,1035,646,830,435,4597
Hate Group's Email Uses Nazi Imagery to Denounce LGBT People,"""Gmail de Grupo de Ódio Usa Imagaria Nazi para Condenar Pessoas LGBT""","""Group Hate's Gmail Uses Nazi Imagery to Condemn People LGBT""",0,125,577,1503,1793,1107,1519,1619,8243
Study Shows Corporate Cable Networks Largely Ignoring FCC Plan to Kill Net Neutrality,Estudo Revela que Redes Corporativas de Cabos Ignoram Plano da FCC para Matar a Neutralidade da Rede,"""Study Unveils That Corporate Fiber Optic Networks Ignore FCC Plan to Kill Network Neutrality""",0,151,674,1200,1120,620,1743,866,6374
Patriots to sit four players versus Raiders; Tom Brady says sorry to wife,Patriots sentam quatro jogadores contra os Raiders; Tom Brady diz 'desculpa' à esposa.,"""The Patriots sit four players against the Raiders; Tom Brady says'sorry' to the wife.""",0,58,623,1502,922,1411,1840,1809,8165
White supremacist website Daily Stormer has a new home — Russia,Website supremacista Daily Stormer tem uma nova casa — a Rússia,The supremacist website Daily Stormer has a new home — Russia,0,17,8,40,910,19,55,255,1304
Los Angeles Libertarians Plan a Large Presence at Third Annual Politicon,Los Angeles Libertarians Planejam uma Grande Presença no Terceiro Encontro Político.,Los Angeles Libertarians Plan to Make a Major Splash at the Third Political Gathering.,0,166,664,1528,1341,1502,1418,1496,8115
"From San Juan to New York, He Offers Help and Hope for the Uprooted","Da San Juan a Nova York, Ele Oferece Ajuda e Esperança para os Deslocados","From San Juan to New York, He Offers Aid and Hope to the Displaced",0,57,82,299,771,531,663,504,2907
Photogallery - More disturbing news comes out about 13 children tortured by California parents,"""Fotogalería: Outras notícias ainda mais perturbadoras emergem sobre os 13 crianças torturadas pelos pais da Califórnia"".","""Photo Gallery: More disturbing news about the 13 tortured California children is emerging.""",0,181,752,1785,1803,854,2014,556,7945
Cowardly Republicans ban the Rev. William Barber from North Carolina legislative building,Cowardly Republicans banem o Rev. William Barber da legislatura da Carolina do Norte.,Timid Republicans banish Rev. William Barber from the North Carolina legislature.,0,142,336,1356,1817,1429,1090,889,7059
NKorea Says It's Seriously Considering Plan to Strike Guam,Coreia do Norte Estaria Considerando Sério Planear Aquecer Guam,"""North Korea Might Seriously Be Planning to Warm Guam Up""",0,297,752,2400,2462,2155,1925,2205,12196
Conservative Republicans plotting to oust Paul Ryan — and elect Gingrich or Santorum as new house speaker,Conservadores Republicanos tramando para destituir Paul Ryan — e eleger Gingrich ou Santorum como novo líder da Câmara.,"""Conservadores Republicanos conspirando para remover Paul Ryan — e eleger Gingrich ou Santorum como novo líder da Câmara.""",0,325,752,2501,2535,1118,1279,522,9032
Senate Intelligence Committee Warns Russia Will Upend Local Elections,Comitê de Inteligência do Senado Alerta que a Rússia pode Desestabilizar as Eleições Locais,"""Senate Intelligence Committee Warnings: Russia May Disrupt Local Elections""",0,113,752,1162,707,642,1276,1087,5739
Rubio and the GOP are STILL trying to use the tax bill to take away reproductive rights.,Rubio e os republicanos ainda estão tentando usar o projeto de lei tributária para tirar os direitos reprodutivos.,"""Rubio e os republicanos ainda estão tentando usar a proposta de lei tributária para tiranizar os direitos reprodutivos.""",0,385,752,2570,2460,2094,2438,1429,12128
GOLD IS MAKING A COMEBACK AT THE CENTER OF THE INTERNATIONAL MONETARY SYSTEM,O Ouro está fazendo um retorno triunfal no centro do Sistema Monetário Internacional.,"""Gold is staging a triumphant return to the center of the International Monetary System.""",0,77,752,856,1169,2341,595,738,6528
FATIMA: The Third Secret Predicts World War III and Worse?,Fátima: O Terceiro Segredo Prevê a Terceira Guerra Mundial e Algo Pior?,"""Fátima: The Third Secret Predicts the Third World War and Something Worse?""",0,101,447,748,691,993,687,1186,4853
"Arizona would lose $$1.7 billion under Graham-Cassidy, fully a third of its federal funding","Arizona perderia $$1.7 bilhão com o Graham-Cassidy, que seria um terço total de seu financiamento federal.","Arizona would lose $1.7 billion with Graham-Cassidy, which would be a third of its total federal funding.",0,52,376,326,602,563,571,222,2712
Did I Miss It? Or was there no Saturday Morning Bucket today?,Eu errei? Ou não havia um balde da manhã de sábado hoje?,"""Did I err? Or was there no Saturday morning bucket today?""",0,28,266,990,2197,1756,2088,1645,8970
The Kurds Want A “Federal” Regime Change In Syria,"Os curdos desejam uma ""federalização"" da situação na Síria.","The Kurds want a ""federalization"" of the situation in Syria.",0,129,752,1492,836,1331,230,113,4883
Blindeside sends the next houseguest home from 'Big Brother',Blindside envia o próximo hóspede para casa,"""Blindside sends the next guest home""",0,183,752,2235,2122,2305,353,1396,9346
"Hezbollah, Al-Qaeda Reach Ceasefire Near Syrian Border After Fighting Leaves Dozens Dead",Hezbollah e Al-Qaeda conseguem acordo de cessar-fogo perto da fronteira síria após lutas deixam dezenas de mortos.,Hezbollah e Al-Qaeda reach ceasefire near Syrian border after deadly fights leave dozens dead.,0,58,752,100,483,1083,987,1349,4812
Photogallery - Boog Powell tearing it up for Oakland Athletics,Alaúde das fotos - Boog Powell detonando para os Oakland Athletics,"""Bottled photos - Boog Powell blowing up for the Oakland Athletics""",0,129,752,1475,2208,2363,2343,2221,11491
‘Wonderstruck’ Director Todd Haynes Refuses to Dumb Down Stories for Kids,'Wonderstruck': Diretor Todd Haynes Recusa-se a Simplificar Histórias para Crianças,"""Amazed: Director Todd Haynes Refuses to Simplify Stories for Children""",0,113,373,2001,1480,990,2361,1780,9098
Trump administration threatens Alaska's energy industry over Murkowski's Trumpcare vote,"Trump administration threatens Alaska's energy industry over Murkowski's Trumpcare vote
Trump administration ameaça o setor energético do Alasca devido ao voto da Murkowski sobre Trumpcare",The Trump administration kicks the bucket for Alaska's energy industry over Murkowski's Trumpcare vote,0,57,175,229,1588,1854,2253,1946,8102
Damascus: Syrian Army Poised to Retake Last Al-Qaeda Held District,Tirar os Al-Qaeda do tabuleiro.,Eliminate Al-Qaeda from the board.,0,319,752,2455,2448,2466,1820,2436,12696
The Protest Art of Cuba Finds an Unlikely Champion,A Arte Protestiva de Cuba Encontra um Advogado Inesperado,The Inventive Art of Cuba Meets an Unlikely Advocate,0,113,752,929,2240,1882,1947,1942,9805
"Judge Jeanine Takes Huge Risk, Exposes Michelle Obama Live on Air [VIDEO]","Judge Jeanine Toma Grande Risco, Revela Michelle Obama ao Vivo no Ar [VIDEO]","Judge Jeanine Takes Big Risks, Michelle Obama Reveals Live On Air [VIDEO]",0,74,491,118,778,1242,1852,1781,6336
"“That’s Really Sad,” Flyers Promoting White Supremacy Found at OSU","""Isso realmente é trágico. Propaganda de supremacia branca encontrada na OSU.""","""That's truly tragic. White supremacy propaganda found at OSU.""",0,113,752,1701,1577,1549,73,794,6559
"Country Music Association Tells Journalists Not to Talk About Guns, Politics or Las Vegas","Associação de Música Country Proíbe Jornalistas de Falar sobre Armas, Política ou Las Vegas","**Country Music Association Bars Journalists from Talking About Guns, Politics, or Las Vegas**",0,77,568,1231,245,624,522,1058,4325
Orange County Board of Education Reverses Position and Bans Confederate Flag,Conselho Escolar do Condado de Orange Reverte Posição e Proíbe a Bandeira confederada,The Orange County School Board Flips Position and Bans the Confederate Flag,0,101,752,420,461,245,440,849,3268
IDF Intel Chief After Syria Strike: Israel Fighting Enemies ‘Near and Far’,Chefe da Inteligência do IDF depois do ataque à Síria: Israel Combate Inimigos 'Próximos e Distantes',"Israel is facing a war against its close and distant enemies.

(Israel is facing a battle against its close and distant enemies.)",0,344,752,2441,1802,2470,1988,2343,12140
"David Madden, Former Fox Executive, Is Taking Over Programming at AMC","David Madden, ex-executivo da Fox, está tomando conta da programação da AMC.","David Madden, ex-executivo da Fox, está tomando conta da programação da AMC. -> David Madden, ex-executivo da Fox, is taking charge of the AMC programming.",0,293,752,2379,1945,1823,1879,401,9472
Good news! GOP House nears CR extension agreement. Bad news. they only agree with each other.,Boas notícias! A Casa dos Deputados se aproxima de acordo sobre prorrogação de CR. Más notícias: Eles só concordam entre si.,Good news! The House of Representatives draws closer to an agreement on CR extension. Bad news: They only agree among themselves.,0,179,752,2043,1000,1696,1331,806,7807
"New study backs up reports of near-death experiences, claiming that consciousness continues to work","Um novo estudo confirma relatos de experiências quase mortais, afirmando que a consciência continua a funcionar.","""Fresh findings affirm reports of near-death experiences, asserting that consciousness persists.""",0,189,483,1288,1263,867,661,534,5285
"North Korea Surrounded by US Warships, Bombers, Missiles and 80,000 Soldiers Ready","""Coreia do Norte Cercada por Navios de Guerra Americanos, Bombardeiros, Mísseis e 80.000 Soldados Prontos.""","""The North Korean peninsula surrounded by American warships, bombers, missiles and 80,000 soldiers ready.""",0,58,752,380,466,1469,966,771,4862
Rupi Kaur Is Kicking Down the Doors of Publishing,Rupi Kaur está derrubando as portas da publicação.,Rupi Kaur is shattering the gates of publishing.,0,95,752,506,504,2353,2303,1281,7794
The US Has a Niger by the Tail? Why Are American Soldiers Dying in Africa?,O Estados Unidos Tem um Negro pela Corda? Por Quê Soldados Americanos Estão Morrendo na África?,The United States has a black man on a rope? Why are American soldiers dying in Africa?,0,133,752,735,2012,2303,1727,2167,9829
America Cannot Afford to Have Afghanistan Become the New Vietnam,Os Estados Unidos não podem se dar ao luxo de permitir que o Afeganistão se torne o novo Vietnã.,The United States cannot afford to let Afghanistan become the new Vietnam.,0,86,752,437,123,462,234,1,2095
"To Great Applause, Paris Announces Combustion Engine Ban by 2030","A Paris Annuncia a Proibição dos Motores a Combustão até 2030, a To Great Applause","""Paris Announces the Ban on Gasoline Engines by 2030 to Great Acclaim.""",0,224,752,1663,1048,1552,1667,1513,8419
A Catskills Art Scene Makes a Splash With Free Curry,"""Cena artística dos Catskills Faz um Burburinho com Curry Grátis""","""Artsy Catskills Scène Spices Up with Free Curry""",0,242,752,1850,2148,2135,2310,2014,11451
"New-Media Journalist Mike Cernovich Predicts ""A Change in Season"" -","Novo Jornalista de Mídia Digital Mike Cernovich Prevê ""Uma Mudança de Estação""","""Digital Media Journalist Mike Cernovich Predicts a 'Station Change'""",0,80,573,1625,2031,1103,1986,1770,9168
The French Data Protection Agency threatens to fine WhatsApp,O regulador de proteção de dados francês ameaça impor multas a WhatsApp.,"""O supervisor de privacidade de dados francês ameaça impor sanções a WhatsApp.""",0,376,752,2522,2561,976,959,722,8868
"If You Don’t Trust People, Then You Shouldn’t Trust Politics","Se você não confia nas pessoas, então não deve confiar na política.","""Se você não confia nas pessoas, então não deve confiar na política."" -> ""If you don't trust people, then you shouldn't trust in politics.""",0,155,752,2412,2157,2078,910,126,8590
Toyota and Mazda Are Said to Pick Alabama for $1.6 Billion Plant,Toyota e Mazda se dizem que escolheram Alabama por $1.6 bilhão para o fábrica.,Toyota and Mazda declare that they selected Alabama for $1.6 billion for the plant.,0,121,606,757,596,1551,1502,784,5917
"Sixers lose a close one to Wizards, but they played to win","Sixer's deram uma luta, mas jogaram para ganhar.","""Sixer's gave a fight, but played to win.""",0,209,752,2245,2365,2392,971,2101,11035
Photogallery - ISIS claims attack on Iraqi embassy in Kabul and Trump has his plate full,Foto-Galeria - ISIS reivindica ataque à embaixada iraquiana em Cabul e Trump tem o prato cheio.,Photo-Gallery - ISIS Claims Attack on Iraqi Embassy in Kabul and Trump Has a Field Day,0,94,636,486,2154,1899,1888,1964,9121
"After shockingly inaccurate comments, one of America's best takes John Kelly to school on Twitter","Após comentários surpreendentemente inexatos, um dos melhores nomes da América coloca John Kelly na escola no Twitter.","""Putting John Kelly in Twitter’s school after remarkably inaccurate comments.""",0,327,752,2325,2330,2054,2469,2438,12695
FLEISCHMAN: National Anthem Protesters Help Trump – But Can’t Help Themselves,"FLEISCHMAN: Protesters of the National Anthem Aid Trump – But Can’t Help Themselves

Pegue traduzida para o português:

Manifestantes contra o Hino Nacional Ajudam Trump – Mas Não Conseguem Se Esconder","""Meat-and-Potatoes People: Trump's Fans – But They Can't Help Themselves""

FLEISCHMAN (carne-e-potatoes)",0,238,752,2357,2437,2555,2499,2434,13272
Virginia needs to reject the Atlantic Coast and Mountain Valley pipeline projects,Virginia precisa virar as costas para os projetos das pipelines da Costa Atlântica e do Vale das Montanhas.,Virginia needs to turn her back on the Atlantic Coast Pipeline and Mountain Valley projects.,0,77,752,710,583,1594,1397,1250,6363
U.S. Doubled Fuel Support for Saudi Bombing Campaign in Yemen After Deadly Strike on Funeral,Dois Veículos Doublement Aumentados para a Bombardeio do Saudi na Guerra do Iêmen Após um Golpe Mortal Durante o Funeral,"""Two Doubly Expanded Vehicles for Saudi Bombing in the Yemeni War Following a Mortal Blow During the Funeral""",0,301,752,2360,2418,2451,2357,2442,13081
Germans Sentence Syrian Fighter to Three Years in Prison,Sentença alemã do combatente sírio: Três anos na prisão.,'Verurteilung eines syrischen Kämpfers: Drei Jahre im Gefängnis.',0,391,752,2582,2584,2232,1831,1202,11574
Part 5: America’s Immigration-Driven Population Predicament—oil created a 100 year window that’s closing,America's Immigration-Driven Population Predicament—oil created a 100 year window that’s closing,"""America's Immigration-Driven Population Predicament: oil created a 100-year window that’s closing""",0,9,540,453,869,831,2554,836,6092
"FBI OPENLY Working Against Trump: Pro-Clinton FBI Agents Conducted The Michael Flynn Interview, Cornered Him In The White House Under False Pretenses","Agentes do FBI Operando Aberta e Contra Trump: Agentes do FBI Pró-Clinton Conduziram o Entrevistado Flynn, Coletaram Informações no White House Sob Pretextos Falsos","FBI Agents Operating Openly and Against Trump: Pro-Clinton FBI Agents Handled Interview with Flynn, Collected Information at the White House Under False Pretenses",0,123,338,595,944,1408,1706,2019,7133
"Seattle redistributes $230,000 of taxpayer money to political candidates in the name of “democracy”","Seattle redistribui $230.000 dos impostos dos cidadãos para candidatos políticos sob o pretexto de ""democracia"".","Seattle redistributes $230,000 from citizens' taxes to political candidates under the guise of ""democracy.""",0,113,635,1072,682,200,241,118,3061
How Banks are Working to Improve the Customer Experience,How Banks are Working to Improve the Customer Experience → Como os Bancos Estão Trabalhando para Melhorar a Experiência do Cliente,"""As the banking industry strives to polish the 'customer experience gem'""",0,255,752,2248,2243,2445,1785,2080,11808
DBS' has explained a mistake of 'Dragon Ball Z',"""DBS têm explicado um erro de 'Dragon Ball Z'"".",DBS have explained a 'Dragon Ball Z' mistake.,0,95,752,702,500,367,327,145,2888
European Union threatens retaliation over US sanctions bill against Russia,União Europeia ameaça retaliação sobre sanções americanas contra Rússia.,The European Union threatens retaliation against American sanctions against Russia.,0,100,472,854,555,70,236,1,2288
EPA abandons changes to U.S. biofuel program after lawmaker pressure,EPA recua de mudanças no programa de biocombustíveis dos EUA após pressão de parlamentares,EPA reverses changes to U.S. biofuels program under political pressure,0,125,241,216,522,185,817,296,2402
Breakking NEWS – U.S. successfully intercepts a long-range missile for the first time,Quebrando Notícias – E.U.A. intercepta com sucesso um mísseis de longo alcance pela primeira vez,"""Shattering News – U.S. Successfully Intercepts Long-Range Missile for the First Time""",0,20,554,325,822,1126,1182,1300,5329
Green Energy Coalition Compares Solar Tariff Supporters To Obama’s Solyndra,Green Energy Coalition Compares Solar Tariff Supporters To Obama’s Solyndra,'Green Energy Coalition Compares Solar Tariff Supporters To Obama’s Solyndra' becomes 'Green Energy Coalition Compares Solar Tariff Supporters to Obama’s Solyndra.',0,118,401,824,1756,1817,2551,1918,9385
Apple is expected to unveil the iOS 11 & iPhone 8 next month,Apple deve ser esperado a revelar o iOS 11 & iPhone 8 no próximo mês.,Apple should be anticipated to unveil the iOS 11 & iPhone 8 in the coming month.,0,114,219,224,145,402,848,383,2335
Dragon Ball Super' just confirmed the possibility of Ultra-Instinct Vegito,"""Dragon Ball Super confirmou a possibilidade de Vegito em Ultra-Instinto.""","""Dragon Ball Super confirmed the possibility of Vegito in Super Instinct.""",0,85,610,1126,1569,1680,1342,1354,7766
US Picks Up Iranian Chess Master Banned for Not Wearing Hijab,O chess master iraniano foi 'bateu' por não usar o hijab.,"""The Iranian chess master was 'beaten' by not wearing the hijab.""",0,177,752,1859,1778,2326,2071,2308,11271
The Cavaliers could consider trading their superstar for DeAndre Jordan,Os Cavaliers poderiam considerar trocar seu astro pelo DeAndre Jordan,"""Considering swapping their star for DeAndre Jordan.""",0,214,752,2173,2174,2156,2040,2344,11853
Pizza Hut is giving away free pizza for life,Pizza Hut está distribuindo pizza de graça para sempre.,Pizza Hut is giving away free pizza forever.,0,42,32,348,921,48,71,1,1463
SMEs see banks as utility providers not business partners – and banks agree,"Entendem os bancos como fornecedores de utilidades, não como parceiros de negócios – e os bancos concordam.","They see banks as providers of conveniences, not as business partners – and banks agree.",0,65,304,1057,1437,337,865,766,4831
"Las Vegas Survivors Speak Out, Multiple Shooters in Multiple Locations","Sobreviventes de Las Vegas Tomam a Palavra, Atiradores em Diversos Locais","'Survivors of Las Vegas Take Center Stage, Shooters in Multiple Locales'",0,210,752,1860,1562,1849,1920,2249,10402
"X22Report It’s On, The Cabal Goes All In To Push The Next Event – Episode 1423b","""The Cabal Goes All In To Push The Next Event – Episode 1423b""

X22Report

O Cabal se jogou de corpo e alma para impulsionar o próximo evento – Episódio 1423b","""The Cabal Goes All In To Push The Next Event – Episode 1423b""",0,32,27,952,1661,781,1853,2332,7638
How Activate Virginia Recruited 76 Candidates to Refuse $$ from Dominion—A Model for Other States,Como Ativar Virginia Atraiu 76 Candidatos a Recusar $$ de Dominion - Um Modelo para Outros Estados,How Virginia Lured 76 Candidates to Reject Dominion's $$ Offer - A Model for Other States,0,82,560,617,1328,1417,2299,1537,7840
Russia Is Now Calling On The US To Leave Syria (Video),Russia Is Now Calling On The US To Leave Syria,Russia Is Now Calling On The US To Leave Syria becomes: Russia Is Now Calling On The US To Walk Away From Syria,0,153,309,1317,1691,1944,2539,1635,9588
U.S. Carries Out Drone Strike Against Shabab Militants in Somalia,"""Estados Unidos Realiza Ataque com Drone Contra Milicianos da Shabab em Somalia""

Você pode me ajudar com a tradução de mais alguma coisa?","""United States Launches Drone Strike against Al-Shabab Militants in Somalia.""",0,125,752,713,476,365,1695,1235,5361
‘What in the world’? Report: Saudi Arabia says Lebanon has declared war on them,"""Que diabos no mundo?""","""What the hell in the world?""",0,254,752,2508,2525,2513,2058,2046,12656
"A young prodigy, Michael Sayman, is leaving Facebook for Google","Um jovem prodígio, Michael Sayman, está deixando o Facebook para o Google.","A young prodigy, Michael Sayman, is jumping ship from Facebook to Google.",0,86,152,417,424,377,729,551,2736
Sony Takes Home Top Honors at the Red Dot Awards,Sony Leva Prêmios de Honra para Casa no Red Dot Awards.,'Recebe Premiações de Mérito para o Lar no Red Dot Awards',0,313,752,2483,2526,2493,2324,2412,13303
South Africa converts to Islam plotted jihad attacks on Jewish institutions,África do Sul se transforma em jihad ao atacar instituições judaicas,The Africa South turns into a jihad by striking Jewish institutions.,0,275,752,2192,1827,2041,1441,2247,10775
An Up-and-Coming Designer Sets Her Sights on New York Fashion Week,Uma jovem estilista em ascensão fixa seus olhos no desfile de moda de Nova Iorque,"""A rising young designer fixes her gaze on the runway of New York Fashion Week""",0,196,717,1681,1378,1721,726,841,7260
Los Angeles Clippers defeated The Utah Jazz with a score of 102-84,Los Angeles Clippers superou os Utah Jazz por 102-84,The Los Angeles Clippers swept the Utah Jazz by 102-84.,0,112,752,524,356,442,563,684,3433
University of Minnesota Teamsters approve strike authorization vote by large margin,Universidade da Minnesota: Grevistas autorizam greve com ampla maioria,University of Minnesota: Grevistas allow strike with overwhelming majority,0,255,752,1968,2225,2119,1894,1112,10325
Madison Square Garden Is Seeking to Sell the Liberty,O Madison Square Garden Está Buscando para Vender a Liberdade,"""Madison Square Garden is Looking to Sell Freedom""",0,95,752,1293,902,1142,1247,999,6430
Pentagon Denies Knowledge of Cameroon Base Abuses — Despite Being Aware of Reports of Torture,Pentágono Nega Conhecimento de Abusos na Base do Camarão - Despite Being Aware of Reports of Tortura,"""Pentágono Denies Awareness of Abuses at Shrimp Base - Despite Reports of Torture""",0,189,752,1453,2132,1264,2407,2349,10546
PressTV-‘Russia has right to retaliate against US property seizure’,'Russia tem direito de retaliar contra a apreensão de propriedade dos EUA',Russia has the right to retaliate against the seizure of its property by the US.,0,166,684,1824,1605,989,556,549,6373
"The GOP deserves this tax bill, but America doesn't.","O Partido Republicano merece este projeto de lei tributário, mas a América não.","The Republican Party deserves this tax bill, but the America doesn't.",0,45,157,161,703,366,1239,1160,3831
FBI Cites “Black Identity Extremists” as Domestic Terror Threat,"""Terrorismo Doméstico de Extremistas do Identity Black""",Domestic Extremist Identity Black Terrorism.,0,358,752,1866,2469,2419,1461,2334,11659
Harvey has knocked out a significant portion of the nation’s oil refining capacity,Harvey desativou uma grande parte da capacidade de refino de petróleo da nação.,Harvey disabled a significant portion of the nation's oil-refining capacity.,0,34,399,516,1240,263,136,9,2597
Tory MP caught red-handed sharing pro-Brexit fake news on social media,'Tory MP pega com a mão na massa distribuindo fake news pró-Brexit nas redes sociais',"""UK MP caught red-handed spreading Brexit propaganda on social media""",0,112,752,901,1467,689,2335,1800,8056
Right-wing groups are waging online campaign against new Star Wars films because ... too many women,Direitas de grupos em campanha online contra novos filmes do Star Wars porque há... muitas mulheres,"""Right-wing groups are launching online campaigns against new Star Wars films because... there are... many women.""",0,55,264,360,979,506,1607,1019,4790
Moon Express wants to mine the moon for minerals,Moon Express quer minerar a lua em busca de minerais.,Moon Express wants to mine the moon for minerals.,0,1,10,9,10,9,9,1,49
Health Insurance Marketplaces Offer More Low-Cost Options than Ever Before,Mercados de Seguros de Saúde Oferecem Mais Opções de Custo Baixo do que Nunca,Health Insurance Markets Provide More Cost-Low Options Than Ever Before.,0,85,752,244,694,44,547,874,3240
US military has been covering up civilian death counts from its bombing raids.,O exército americano tem estado cobrindo os números de mortos civis em suas missões de bombardeio.,American troops have been whitewashing the tally of civilian casualties from their bombing missions.,0,299,752,1235,795,960,1203,409,5653
"ISIS releases new video, bragging that Las Vegas shooting is REVENGE for US attacks against their ‘caliphate’","ISIS lanza nuevo video, presumiendo que o tiroteio em Las Vegas foi uma VINGANÇA pelos ataques dos EUA contra seu 'califado'.","ISIS releases new video, claiming that the Las Vegas shooting was a REVENGE for the U.S. attacks on its 'caliphate.'",0,128,632,798,345,291,608,314,3116
Saudi Arabia Accuses Iran and Lebanon of Acts of War,"""Arabia Saudita Acusa Irã e Líbano de Atos de Guerra""","""Arabia Saudita acusa Irã e Líbano de atos de guerra"" = ""Saudi Arabia accuses Iran and Lebanon of acts of war""",0,120,739,2117,1807,1503,1,58,6345
Virginia woman was fired from her job after she was photographed flipping off Trump's motorcade,Mulher de Virginia foi despedida do emprego depois que foi fotografada com o dedo do meio para o motorcade do Trump.,Woman from Virginia was fired from her job after being photographed with the middle finger to the Trump motorcade.,0,161,529,1439,1845,2180,1224,1868,9246
How the Obama Administration Bypassed Congress to Grant De Facto Amnesty to Young Illegals,Como a Administração Obama Contornou o Congresso para Conceder De Facto Amnistia a Jovens Imigrantes,"""As the Obama Administration Bypassed Congress to De Facto Grant Amnesty to Immigrant Youths""",0,91,298,647,1660,1346,792,1621,6455
Apple is reducing the accuracy of Face ID for quicker iPhone X production,Apple está reduzindo a precisão do Face ID para acelerar a produção do iPhone X.,Apple is dialing down Face ID accuracy to speed up iPhone X production.,0,181,752,941,855,518,203,1,3451
Lufthansa to Buy Units of Air Berlin for $249 Million,Lufthansa vai adquirir parte da Air Berlin por $249 milhões.,Lufthansa is buying part of Air Berlin for $249 million.,0,100,225,208,369,463,66,429,1860
White-Power Rock Bands Find Platform Online to Incite Hatred,Banda de Rock de Direita Branca Encontra Plataforma Online para Incitar Ódio.,"""Right-Wing, White Rock Band Finds Online Platform to Stir Hate""",0,263,752,1601,1663,904,1489,1586,8258
Kushner Family Business Court Ordered to Give Up Names of Business Partners,Corte de Negócios Kushner Ordenado a Abrir Mão dos Nomes dos Parceiros de Negócios,"""Kushner's Business Deal Ordered to Surrender Names of Business Partners""",0,101,527,1397,2048,2090,2317,2281,10761
Israel bans Code Pink and Jewish Voice for Peace from entering country while NYT forgets Gaza exists,Israel bans Code Pink e Jewish Voice for Peace from entering the country while NYT forgets Gaza exists - traduzido para o português: Israel proibiu Code Pink e Jewish Voice for Peace de entrarem no país enquanto o NYT esqueceu que Gaza existe.,Israel has kicked out Code Pink and Jewish Voice for Peace while the NYT has overlooked the existence of Gaza.,0,149,423,1282,1360,1518,1250,1229,7211
Iraqi victory in Mosul feared to bring on ISIS’ ‘Phase 3’,A queda de Mosul pode ser vista como o 'fim do jogo' do Estado Islâmico.,The fall of Mosul can be seen as the 'end of the game' for the Islamic State.,0,380,752,2461,2281,1940,298,1663,9775
Star Trek' Introduces Its First Gay Couple to the Universe,Star Trek apresenta seu primeiro casal gay para o universo.,Star Trek presents its first gay couple to the universe.,0,17,752,247,100,635,454,249,2454
HACKED? CNN is investigating who accessed @AndersonCooper’s account and called Trump a ‘pathetic loser’,CNN está investigando quem acessou o perfil de @AndersonCooper e chamou Trump de ‘perdedor patético’.,CNN is investigating who accessed @AndersonCooper's profile and called Trump 'pathetic loser.',0,32,292,458,1082,644,373,148,3029
Why is the CIA allowing such open leaking about what Trump administration knew and when it knew it?,Qual é o motivo pelo qual a CIA está permitindo um vazamento tão claro sobre o que o governo Trump sabia e quando ele sabia?,Why is the CIA allowing such a clear leak about what the Trump administration knew and when they knew it?,0,54,171,146,334,162,629,156,1652
Japan and Utility Are Found Negligent Again in Fukushima Meltdowns,"No Japão, a negligência é uma presença recorrente nos desastres nucleares de Fukushima.","In Japan, negligence is a persistent presence in the Fukushima nuclear disaster.",0,310,752,2299,1673,2114,433,2081,9662
"Riton USA Announces the Launch of a New, Easy to Use Website","Riton USA Anuncia o Lançamento de um Novo Site, Fácil de Usar","Riton USA Announces the Launch of a New Website, Easy to Use",0,13,22,95,162,13,337,218,860
Future of the 328 forest conservation units in Brazilian Amazon to be determined by Federal Supreme Court – “Brazil is currently experiencing an unprecedented offensive against the conservation units”,"O futuro das 328 unidades de conservação florestal no Brasil amazônico será determinado pelo Supremo Tribunal Federal – ""O Brasil está atualmente experimentando um ataque sem precedentes contra as unidades de conservação"".","The future of the 328 Amazonian forest conservation units in Brazil will be decided by the Supreme Court – ""Brazil is currently experiencing an unprecedented assault on the conservation units.""",0,78,522,615,515,653,834,544,3761
Bulgaria Government Shocked To Discover It Owns $$3 Billion In Bitcoin,The Bulgarian government was shaken to discover it owns $3 billion in Bitcoin,The Bulgarian government was rattled to discover it owns $3 billion in Bitcoin,0,73,752,141,450,1004,2563,502,5485
‘Game of Thrones’ deleted this important scene in Season 7 finale,“Game of Thrones” cortou uma cena importante no episódio final da Season 7.,"""The Game of Thrones"" cut a crucial scene in the final episode of Season 7.""",0,180,752,1599,789,753,982,785,5840
BTS enters Billboard's Hot 100 charts with title track 'DNA',"BTS entra na Billboard Hot 100 com a faixa de título ""DNA"".","BTS breaks into the Billboard Hot 100 with the title track ""DNA.""",0,101,752,988,457,205,449,917,3869
Entire eight-and-under football team takes a knee during national anthem,Todo o time de futebol com menos de oito anos se ajoelha durante o hino nacional.,The entire soccer team under eight years old kneels down during the national anthem.,0,262,752,2149,1823,1194,553,901,7634
Canada's newest victim category trips up local airport in Toronto,A nova vítima canadense desafia o aeroporto local em Toronto,'New Canadian victim challenges Toronto airport locale',0,327,752,2226,2190,2301,2119,1987,11902
News About Malia Obama – Barack Did it to Her!,Notícias sobre Malia Obama – Barack Fez Isso com Ela!,"""News about Malia Obama – Barack Did This to Her!""",0,21,271,140,26,228,422,360,1468
Trump administration wants to make it harder for lawmakers to assist their immigrant constituents,A administração Trump quer dificultar para os parlamentares ajudar seus constituintes imigrantes.,The Trump administration is making it difficult for legislators to assist their immigrant constituents.,0,121,447,573,232,466,619,1,2459
"For Older Gays Who Might Re-enter the Closet, a Ball Invites Them Out","Para Homossexuais Mais Velhos que Podem Reentrar no Armário, a Ball Convida-os a Saírem.","""For Older Gays Who Can Come Out of the Closet, The Ball Invites Them to Step Out.""",0,120,618,1296,566,1682,2069,1741,8092
Photogallery - Apple could increase iPhone 8 sales by bundling it with freebies,Galeria de Fotos - A Apple poderia aumentar as vendas do iPhone 8 ao oferecê-lo com brindes gratuitos,'Apple Photos Showcase - Apple Could Boost iPhone 8 Sales by Offering Free Gifts',0,206,752,1636,1248,1642,1266,1740,8490
"LOL: Twitter Responds to ""a dozen armed FBI woke up Manafort by knocking on his bedroom door.""","""Uma dúzia de agentes armados do FBI acordou Manafort ao baterem na porta do seu quarto.""","""Twelve heavily armed FBI agents woke Manafort by knocking at the door of his room.""",0,233,752,1678,2010,1418,258,1796,8145
"Burundi exits the ICC, an interview with David Paul Jacobs","""Burundi se despede da ICC, uma entrevista com David Paul Jacobs""","""Burundi Says Goodbye to the ICC: An Interview with David Paul Jacobs""",0,45,643,1352,1016,1436,926,1212,6630
The Organic Label is Losing Its Cachet with Shoppers,O selo orgânico está perdendo o seu brilho entre os consumidores.,The organic seal is losing its sheen among consumers.,0,170,752,1735,1854,2298,1334,1171,9314
Dems pick Conor Lamb to run for PA-18 seat vacated by disgraced Tim Murphy,"Dems pick Conor Lamb to run for PA-18 seat vacated by disgraced Tim Murphy
Dems escalam Conor Lamb para ocupar a cadeira do PA-18, vaga deixada por Tim Murphy, o desgraçado","Dems pick Conor Lamb to run for PA-18 seat vacated by disgraced Tim Murphy
Dems escalam Conor Lamb para ocupar a cadeira do PA-18, vaga deixada por Tim Murphy, o desgraçado",0,140,276,2024,2100,2265,2375,950,10130
General Hospital' bombshell-Patient 6 will be declared Jason on November 30,Bomba do Hospital Geral: Paciente 6 será declarado Jason em 30 de novembro.,"""Geral Hospital Bomb: Patient 6 to be declared 'Dead' on November 30th.""",0,156,752,2196,2357,2109,521,2184,10275
Chicago Mayor Rahm Emanuel Walked Out On Chance The Rapper During A City Council Meeting,Rahm Emanuel Walked Out On Chance The Rapper During A City Council Meeting.,"""Rahm Emanuel Dismissed Chance The Rapper During A City Council Meeting.""",0,65,139,1387,1431,1252,2543,1402,8219
"PressTV-N Korea rejects UN bans, warns US of ‘great pain’","N. Coreia rejeita sanções da ONU, avisa EUA sobre ""grande sofrimento"".","""North Korea rejects UN sanctions, warns US of 'great suffering'.""",0,113,534,2084,1752,593,812,1156,7044
"Harvey update: Media analyzes its own analysis of Melania Trump’s shoes, finds it not sexist","Harvey analisa a análise da mídia sobre os saltos de Melania Trump, conclui que não é sexista.","Harvey examines the media's analysis of Melania Trump's jumps, concludes that it is not sexist.",0,144,752,1104,1834,2079,1154,1443,8510
"Pokemon Go' is bringing the Legendary Birds, Unown, and Mr. Mime in a new event","Pokémon Go está trazendo as Aves Lendárias, os Unown e o Sr. Mime em um novo evento.","Pokémon Go is bringing forth legendary birds, Unown, and Mr. Mime in a new event.",0,36,101,135,189,992,683,1082,3218
A NSC Official Booked a Room at Mar-a-Lago and the Government Picked up the Tab,A NSC oficial fez reserva num quarto do Mar-a-Lago e o governo pagou a conta.,"""The NSC made a reservation at the Mar-a-Lago and the government picked up the tab.""",0,66,752,810,1195,1892,1924,960,7599
"Photogallery - Pittsburgh Steelers dropped the ball, lost to New England Patriots","Galeria de fotos - Pittsburgh Steelers perderam a bola, perderam para os New England Patriots","""A photo gallery - Pittsburgh Steelers dropped the ball, dropped to the New England Patriots.""",0,88,288,1302,2067,1842,2359,2214,10160
NEO – Saudi Arabia and Israel replace Syria with Lebanon as their next victim,NEO – O Líbano será o próximo alvo de Arábia Saudita e Israel.,**NEO – The Lebanon will be the next target for Arábia Saudita and Israel.**,0,326,752,2230,1692,1638,202,1333,8173
Reunion in New England: Patriots claim former tight end Martellus Bennett,Reunião no Novo Englena: Pátria se apodera do antigo tight end Martellus Bennett.,Meeting in New England: Homeland seizes the old tight end Martellus Bennett.,0,142,333,1447,1893,2316,1951,2340,10422
Rick and Morty' just killed off a fan favorite,Rick and Morty acabou com um dos personagens preferidos dos fãs.,Rick and Morty killed one of fans' favorite characters.,0,170,752,1957,879,1134,273,331,5496
Why Is the UN Setting up Operations in Various Locations Inside the US?,O que é a ONU se estabelecendo em diferentes localidades nos EUA?,"""What is the United Nations setting up shop in various places across the USA?""",0,189,752,1597,1908,2462,2039,2112,11059
More U.S. Parks and Attractions Are Offering Online Reservations,Mais Parques e Atrações dos EUA Estão Oferecendo Reservações Online,"""More US Parks and Attractions are Opening Their Books Online""",0,147,752,1862,2068,2273,2374,2203,11679
Burger King Russia Introduces The “Whoppercoin” – The Fast-Food Industry’s First Digital Currency,Burger King Rússia Introduz o 'Whoppercoin' – A Primeira Moeda Digital da Indústria de Alimentos Rápidos,'Burger King Russia Introduces 'Whoppercoin' - The First Digital Currency in the Fast Food Industry',0,121,752,923,690,368,859,559,4272
Cartier Hosted a Lavish Takeover of Governors Island With Caviar and Diamonds,Cartier promoveram uma tomada de posse opulenta de Governors Island com caviar e diamantes.,Cartier held a lavish inauguration at Governors Island with caviar and diamonds.,0,74,752,265,820,2102,1206,1071,6290
Court denies all Peanut Corp. of America criminal appeals,Court rejeita todos os recursos de apelação da Peanut Corp. of America.,"""Court rejects all appeals from The Peanut Corp. of America.""",0,129,453,1244,1293,778,247,574,4718
Facebook is going to release 3000 ads used by Russians,Facebook vai liberar 3000 anúncios usados pelos russos.,"Facebook will release 3,000 ads used by Russians.",0,129,458,771,235,65,23,1,1682
Cleveland Cavaliers will most likely waive their big man,Cleveland Cavaliers will most likely waive seu grande homem.,They will probably jettison their large star.,0,317,752,2381,2466,2473,2358,2090,12837
"Der Postillon: Mann mit 6800 Atomraketen bezeichnet Mann mit 15 Atomraketen als ""Rocket Man""","Mulher com 6800 Atomraketen chama homem com 15 Atomraketen de ""Rocket Man"".","""A Woman with 6800 Atomraketen calls a Man with 15 Atomraketen a 'Rocket Man'.""",0,238,752,2385,2520,2201,2135,2131,12362
Photogallery - Disney to end streaming partnership with Netflix by 2019,Galeria de fotos da Disney encerra parceria de streaming com a Netflix até 2019,"""Disney's Photo Gallery Ceases Stream Partnership with Netflix through 2019""",0,210,752,1831,1580,1302,1674,1556,8905
Apple to Spend $$1 Billion on Original Content—Netflix and Amazon Are Unimpressed,'Apple está pronta para gastar $1 bilhão em conteúdo original—Netflix e Amazon não se impressionam.',"""Apple is ready to splurge $1 billion on original content—Netflix and Amazon aren't impressed.""",0,104,752,1461,1258,1037,1074,431,6117
CANADA: Judge (who appears to be a Muslim) strikes down section of Quebec law that bans Muslim face-coverings,Canada: Julgador (que aparenta ser muçulmano) derruba seção da lei do Quebec que proíbe覆面,"""A judge in Canada, who appears to be Muslim, strikes down section of Quebec law prohibiting facial coverings.""",0,97,406,967,423,916,912,724,4445
"Fox News host calls out Trump, GOP over phony 'secret society' FBI conspiracy","""Fox News host aponta o dedo para Trump e o GOP sobre a conspiração fajuta da'sociedade secreta' do FBI""",Fox News host points the finger at Trump and the GOP for the bogus FBI'society' conspiracy theory,0,227,752,1594,1391,1380,1565,1852,8761
"Gun Owners Need the NRA, and the NRA Needs You","Os Proprietários de Armas Precisam da NRA, e a NRA Precisa de Você","""Gun Owners Need the NRA, and the NRA Needs You.""",0,1,25,393,31,471,76,428,1425
The U.S. Should Support Kurdish Independence for Moral and Practical Reasons,Os EUA Deveriam Apoyar a Independência Curda por Razões Éticas e Práticas.,"'The U.S. Should Support Kurdish Independence for Ethical and Practical Reasons.'

É isso.",0,24,155,843,1279,710,862,1255,5128
California adopts measure to take guns from those in the ‘Hate Crime Loophole’,California adota medida para tirar armas de mãos da 'Fresta do Ódio'.,California adopts measure to take guns out of the 'Fresta do Ódio',0,167,269,2176,2332,2199,2348,1900,11391
"I Was In The Illuminati…now I Am Telling All (obama, Space Flights, Denver, Aliens)","Eu estava na Iluminação... agora estou contando tudo (Obama, viagens espaciais, Denver, extraterrestres)","""I was in the Light... now I'm telling all (Obama, space travels, Denver, extraterrestrials)""",0,82,752,1445,1891,1595,1178,2087,9030
15000 and counting scientists sign letter of warning to humanity.,"Cientistas estão assinando uma carta de alerta para a humanidade: ""Contando e sem parar"".","Scientists are signing an alert letter to humanity: ""Counting and Never Stopping.""",0,276,752,2231,2320,2331,1329,2024,11263
Afternoon Mirror: Reader Calls Me A ‘Truly Horrible Person’,Afternoon Mirror: Leitor Me Chama um 'Pessoa Verdadeiramente Horrorosa',Midday Mirror: I am 'A Truly Hideous Person',0,214,752,1637,1727,1393,2267,1593,9583
Future Apple Macs to make adjusting volume very easy,"""Próximos Apple Macs transformam a regulagem do volume em algo extremamente simples""",Next Apple Macs make volume adjustment extraordinarily simple,0,214,752,1516,1133,782,972,351,5720
"For $350 in Rent, a Tenant Becomes a Landlord’s Helper","Por $350 em Aluguel, um Inquilino Virou a Ajuda do Dono da Propriedade",'A $350 Tenant Turned the Owner's Help',0,293,752,2215,2401,2468,2471,2362,12962
"Corker Says He Hasn’t Read Tax Bill, Denies Quid Pro Quo","Corker Afirma Que Não Leu o Projeto de Lei Fiscal, Negou Quid Pro Quo","Corker Claims He Didn't Read the Fiscal Bill, Denies Anything for Anything.",0,206,752,1934,1760,2193,2200,2150,11195
NJ Politics Digest: Judge Could Decide to Toss Menendez Charges,Juiz Poderia Decidir Jogar Fora Acusações contra Menendez,A Judge Could Decide to Toss Out Charges against Menendez,0,147,291,1828,1602,1115,643,1462,7088
"Jim Bob Duggar humiliates 'single' Jana Duggar, brags up John-David on birthday","Jim Bob Duggar humilha'solteira' Jana Duggar, se vangloria de John-David no aniversário.","Jim Bob Duggar puts Jana Duggar on blast, proudly gloating about John-David on her birthday.",0,136,752,1820,1714,2328,2421,2323,11494
Activists Name Public Toilet After Interior Secretary Ryan Zinke in Protest,Ativistas batizam sanitário público em homenagem ao Secretário do Interior Ryan Zinke em protesto.,"""Activists consecrate public restroom in honor of Secretary of the Interior Ryan Zinke in protest.""",0,180,752,1566,2139,1693,1399,1295,9024
Professor rightly cautions Cornell on celebrating its FIRE due process rating,Professor alerta Cornell sobre celebrar seu FIRE devido process rating,Professor warns Cornell about celebrating his FIRE because of his due process rating.,0,156,752,1441,1465,2059,2400,1498,9771
"As ISIS’ Role in Syria Wanes, Other Conflicts Take the Stage","O papel do ISIS na Síria diminui, outros conflitos ganham destaque.",The role of ISIS in Syria wanes as other conflicts take center stage.,0,112,752,707,584,545,1034,1,3735
White supremacist finally served for ‘terror campaign’ targeting Jewish woman — after five months in hiding,Supremaçista branco finalmente é julgado por ‘campanha de terror’ dirigida a mulher judia — após cinco meses de esconderijo.,"""White supremacist finally faced judgement for 'terror campaign' targeting Jewish woman — after five months in hiding.""",0,16,169,1136,1721,423,388,665,4518
Should I create a separate blog focused on Domaining?,Devo criar um blog separado dedicado ao domaining?,Should I launch a separate blog dedicated to domaining?,0,113,752,31,275,37,99,1,1308
"Trump to Disavow Iran Nuclear Deal, Not Abandon It","Desligar-se do Acordo Nuclear Iraniano, não abandoná-lo","Disconnect from the Iran Nuclear Deal, but do not abandon it",0,147,626,2026,2046,1914,718,1842,9319
Both Parties Have Failed to Learn the Lessons of 2016,Ambas as Partes Falharam em Aprender com 2016.,Both Parties Failed to Learn from 2016.,0,96,752,1490,1333,800,662,1,5134
Some Bernie Sanders Supporters Organize National Meeting for Purpose of Creating a Progressive Party,"""Alguns seguidores de Bernie Sanders se organizam para um encontro nacional com o objetivo de criar um partido progressista.""","""Some Bernie Sanders supporters are coming together for a national meeting with the aim of forming a progressive party.""",0,144,752,1348,781,1137,229,166,4557
"Trump blames Texas mass shooting on mental illness. With 26 dead, it 'isn't a guns situation'","""Trump culpa massacre no Texas em doença mental. Com 26 mortos, ele diz que 'não é uma questão de armas'"".","""Trump blames Texas shooting on mental health. With 26 dead, he says 'it's not about guns'.""",0,118,488,943,1012,971,542,243,4317
Saudi 5th-grade textbook: The “Hour” will come after Muslims “kill the Jews”,"O ""Ano"" chegará após os muçulmanos ""encontrarem os judeus"".","""The 'Year' will come after the Muslims 'find' the Jews.""",0,143,752,2318,2432,2424,2305,2381,12755
Mueller's indictment of Manafort and Papadopoulos plea may mean fall of Trump,"""A denúncia de Mueller contra Manafort e o depoimento de Papadopoulos podem significar o fim de Trump""","""The Mueller probe against Manafort and Papadopoulos's testimony could spell the end for Trump.""",0,279,752,1714,978,1129,349,702,5903
"35 years ago today, The Young Ones made their debut on the BBC","'35 anos atrás hoje, os Young Ones estrearam na BBC'","Thirty-five years ago today, The Young Ones debuted on the BBC.",0,89,126,604,281,1086,315,8,2509
Halliburton shares up premarket after market beating fourth quarter,Halliburton shares subem premarket após batida de mercado no quarto trimestre.,Halliburton shares surge premarket after fourth-quarter market beating.,0,113,752,523,860,436,2072,1723,6479
Democrats Call on Rep. John Conyers to Resign in Light of Sexual Misconduct Claim,Democratas convocam Rep. John Conyers a Renunciar à Luz de Acusações de Abuso Sexual.,'Democrats demand that Rep. John Conyers step down amidst sex abuse allegations.',0,294,704,1748,736,1176,779,718,6155
Inez Barron Wants to Become the First Black NYC Council Speaker,Inez Barron quer se tornar a primeira speaker do Conselho de Nova York.,Inez Barron is poised to become the first speaker for the New York Council.,0,166,752,1256,1811,1676,908,1182,7751
Indiana: Muslims enraged by billboard telling truth about Muhammad,Muçulmanos indignados com outdoor revelando a verdade sobre Maomé,Muslims incensed by billboard revealing the truth about Muhammad,0,113,752,836,1207,255,1116,449,4728
YIKES: Debbie Wasserman Schultz REALLY should have sat this one out,YIKES: Debbie Wasserman Schultz realmente deve ter dado um tempo dessa.,"""YIKES: Debbie Wasserman Schultz must have finally pulled the plug on herself.""",0,235,569,2191,2282,2408,2350,1916,11951
Homosexual Ellen DeGeneres faces backlash over Katy Perry tweet,Ellen DeGeneres enfrenta repercussão por tweet de Katy Perry.,Ellen DeGeneres faces backlash over Katy Perry's tweet.,0,21,81,377,1495,577,1132,211,3894
"Six Muslim “refugees” arrested, plotted major Christmas market attack in Germany","Seis muçulmanos ""refugiados"" presos, planejaram um grande ataque no mercado de Natal na Alemanha.","Six Muslims ""refugees"" arrested, plotted a major attack at the Christmas market in Germany.",0,88,752,803,601,280,461,264,3249
"No, NASA Is Not Developing Flying Taxis for Uber","Não, a NASA não está desenvolvendo táxis voadores para a Uber.","No, NASA is not developing flying taxis for Uber.",0,1,752,27,3,128,51,1,963
Not quite woke: AP deletes tweet after misgendering newly elected transgender council member,Quase desperto: AP exclui tweet após errar ao se referir à nova membro transexual do conselho eleita,"""Almost Awake: AP withdraws tweet after mistaking the new transgender council member for someone else""",0,238,752,1674,1684,1840,2047,2117,10352
So who’s buying CNN’s explanation for the anti-Trump tweet from @AndersonCooper,Quem está comprando a explicação de CNN para o tweet anti-Trump do @AndersonCooper?,"""Who's buying CNN's explanation for the anti-Trump tweet from @AndersonCooper?""",0,3,135,405,311,243,809,749,2655
"Wait, what? Cory Booker says instead of building wall on the southern border we should build tunnels","Espera, o que é isso? Cory Booker diz que, em vez de construir um muro na fronteira sul, deveríamos construir túneis.","Hold on, what’s this? Cory Booker says that instead of building a wall on the southern border, we should build tunnels.",0,44,296,1033,884,554,100,57,2968
"‘Friday the 13th: The Game’ dev previews secret game mode, Spring Break DLC","""Friday the 13th: The Game"" dev previews secret game mode, Spring Break DLC","""Friday the 13th: The Game"" dev previews secret game mode, Spring Break DLC.",0,1,92,209,352,204,2537,294,3689
Richard Dreyfuss's Son Harry Alleges Kevin Spacey Groped Him at Age 18,Harry Sone sonha que Kevin Spacey agarrou-o aos 18 anos.,Harry Sone dreams that Kevin Spacey had a hold of him at 18.,0,217,752,2339,2376,2433,2063,2243,12423
The Grande Dame of Documentary Is Leaving Her Home at HBO,"""A Grande Dame dos Documentários Está Partindo de sua Casa no HBO""",The Grand Dame of Documentaries is Leaving Her Home on HBO,0,85,752,231,521,209,1092,547,3437
Iron Man is real: Richard Browning sets jet suit speed record,Homem de Ferro é real: Richard Browning estabelece recorde de velocidade com traje jet.,Iron Man is real: Richard Browning sets speed record in jet suit.,0,59,83,90,220,259,1121,631,2463
Man shot by Chicago police officer is awarded $$44.7 million,Um homem abatido pela polícia de Chicago recebe $44.7 milhões.,A police in Chicago shoots a man and pays out $44.7 million.,0,285,752,2037,1375,1657,1866,2092,10064
The Boston Globe seems surprised that Mitt Romney is living like a private citizen,"The Boston Globe seems surprised that Mitt Romney is living like a private citizen para o português, mantendo o sentido metafórico original. Responda apenas com a tradução.

O O Globo de Boston parece surpreso que Mitt Romney está vivendo como um cidadão comum.",O The Boston Globe parece surpreso que Mitt Romney está vivendo como um cidadão comum.,0,286,752,2534,2537,1942,2388,1386,11825
ISIS calls on Muslims to commit jihad attacks at hurricane relief centers,ISIS convoca muçulmanos a realizar ataques de jihad em centros de ajuda durante tempestades.,"""ISIS summons Muslims to launch jihad attacks on relief centers amidst storms.""",0,156,752,1208,846,660,931,860,5413
Multi-Year Breakout in Gold at $1400 Could Boost Junior Miners,"""Um Quase-Década de Ganhos em Ouro a $1400 Pode Impulsionar os Exploradores Juniores""","""A Near-Decade of $1400 Gold Profits May Boost Junior Explorers""",0,310,752,1975,1895,1750,1077,1566,9325
Photogallery - Peter Dinklage asks 'Game Of Thrones' fans to stop buying huskies,Albufeira da Fotos - Peter Dinklage pede aos fãs de Game of Thrones que parem de comprar huskies.,Peter Dinklage asks GoT fans to stop adopting huskies,0,113,752,1953,2337,1703,1953,1490,10301
"Photogallery - Transgender troop enlistment not happening yet, Pentagon delays it for 6 months","Fotogalerias - Alistamento transgender não acontecendo ainda, o Pentágono adia por mais 6 meses","""Photo Galleries - Transgender enlistment not yet happening, Pentagon delays by 6 more months""",0,138,752,1220,1587,1333,1867,1455,8352
Josh Duggar left kids with family ahead of his new baby,Josh Duggar abandonou os filhos com a família antes do nascimento do novo bebê.,Josh Duggar left his children behind with the family before the birth of the new baby.,0,152,752,1175,1326,1646,1240,461,6752
"Toronto Maple Leafs may need to trade Leo Komarov, Tyler Bozak, or Matt Martin","Os Toronto Maple Leafs podem precisar trocar o Leo Komarov, o Tyler Bozak ou o Matt Martin.","""The Toronto Maple Leafs may need to switch out Leo Komarov, Tyler Bozak, or Matt Martin.""",0,30,84,363,784,839,633,970,3703
Jeff Bezos donates $33 million to fund college scholarships for ‘Dreamers’,Jeff Bezos doa $33 milhões para financiar bolsas de estudo para 'Dreamers',Jeff Bezos donates $33 million to fund scholarships for 'Dreamers',0,6,48,271,681,28,678,81,1793
The Cryptocurrency Phenomenon - What You Need To Know Moving Forward,O Fenômeno das Criptomoedas - O Que Você Precisa Saber para Frente,"""Cryptocurrency Phenomenon - What You Need to Know to Get Ahead""",0,100,275,478,1007,932,1472,1279,5543
Maintenance Man Recalls His Time On The 32nd Floor Before Las Vegas Shooting,O Operador de Manutenção Lembra-se do Tempo no 32º Andar Antes do Atentado em Las Vegas,The Maintenance Operator Remembers the Time on the 32nd Floor Before the Attack in Las Vegas,0,136,752,1410,812,1017,1083,726,5936
America's Wealthiest Private School Admits Staff Showed Conversion Therapy Video,Escola Privada Mais Rica dos EUA Admite Funcionários Que Mostraram Vídeo de Terapia de Conversão,'Auxiliary Hospital School is the richest in the US accepts employees who have demonstrated the use of conversion therapy',0,335,752,2266,2228,2477,2258,2408,12724
"$$2,000/year Muslim girls’ school won’t provide toilet paper or soap for students ‘for cultural reasons’","Escola de meninas muçulmanas com orçamento de $$2,000/ano não fornece papel higiênico ou sabonete para os alunos ‘por razões culturais’.","'A school for Muslim girls with a $2,000 annual budget doesn't provide toilet paper or soap for students, 'for cultural reasons'.'",0,127,503,1501,1143,587,124,450,4435
Why Everyone is Wearing Black at the Golden Globes,Tudo mundo está vestindo preto nos Globos de Ouro.,"""All is black out in the Golden Globes.""",0,153,752,2096,2359,2374,2025,1494,11253
Fobus Holster Announces Launch of its Summer Carry Giveaway,"""Fobus Holster Anuncia o Lançamento do Sorteio de Verão para Cinto de Carregamento""","""Fobus Holster Announces the Summer Raffle for Charge Belt Launch""",0,242,752,1887,1968,2007,1722,2122,10700
Justice Department issues memo on religious liberty to federal agencies,Memorando do Departamento de Justiça sobre liberdade religiosa para as agências federais,Memorandum from the Department of Justice on religious freedom to federal agencies,0,177,752,1037,1648,799,596,396,5405
Bill Maher blames Fox News for white supremacy violence in Charlottesville,Bill Maher acusa a Fox News pela violência supremacista branca em Charlottesville.,"""Bill Maher accuses Fox News of fanning the flames of white supremacist violence in Charlottesville.""",0,139,752,1340,1316,729,936,473,5685
Team Wilson Combat Brings Home IDPA National Championship Titles,Time Wilson: Campeão Nacional de IDPA,**Wilson Timer: National IDPA Champion**,0,304,752,2277,2292,2339,1656,1925,11545
Catholics encounter the homeless on the streets of Hollywood,"Catholics batem na vida de quem está na rua, de Hollywood.","""Catholics beat the life out of someone on the street, from Hollywood.""",0,209,752,2345,2299,2521,2440,2185,12751
"In open letter, Team Hillary accuses Donna Brazile of buying into ‘Russian-fueled propaganda’","Carta Aberta: Time Hillary acusa Donna Brazile de entrar na 'propaganda russa'.

Fui o melhor que você poderia obter em um tradutor. Se precisar de mais alguma coisa, estou à disposição para ajudar.","""I was the best that could be obtained in a translator. If you need anything else, I am at your disposal to help.""

""Open Letter: Hillary Campaign Accuses Donna Brazile of Joining the 'Russian Propaganda.'""",0,252,752,2383,2428,2447,1575,2465,12302
The EU now threatens the Republic of Ireland with a hard border,The EU now threatens the Republic of Ireland with a hard border,'The EU now threatens the Republic of Ireland with a hard border' traduzido criativamente é: 'A União Europeia agora ameaça a República da Irlanda com um muro de concreto'.,0,168,479,2258,2159,2290,1517,772,9643
Bill Maher trolls Donald Trump presidency with his Christmas tweet,"""Bill Maher sacaneou a Presidência de Donald Trump com seu tweet de Natal.""","""Bill Maher roasted the Trump presidency with his Christmas tweet.""",0,50,233,541,1683,1771,1166,800,6244
Trump has nominated at least six 'explicitly anti-LGBTQ activists' to federal judgeships,Trump nomeou pelo menos seis 'ativistas explicitamente anti-LGBTQ' para cargos de juízes federais.,Trump named at least six 'explicitly anti-LGBTQ' activists to federal judge positions.,0,64,571,253,388,197,748,248,2469
LOCK HIM UP: Kyle Adam Maraghy arrested for sucker punching fan at Panthers-Eagles game,'Tranca-o!': Kyle Adam Maraghy preso por dar um golpe na fanada no Panthers-Eagles game.,"""Clam him! Kyle Adam Maraghy arrested for pulling a fast one on the Panthers-Eagles game.""",0,158,614,1739,2333,2310,2398,2276,11828
Surgeons Remove 263 Coins And 100 Nails From One Man’s Stomach,Médicos retiram 263 moedas e 100 pregos de um homem's estômago.,Doctors remove 263 coins and 100 nails from a man's stomach.,0,37,752,176,166,1221,1295,743,4390
Photogallery - GOP postpones healthcare vote following Sen. McCain surgery,Galerias de fotos - Votação sobre saúde retardada pela GOP após cirurgia de Senador McCain,"**Galleries of photos - Voting on delayed health due to GOP after Senator McCain's surgery**

""Galleries of photographs - Voting on delayed health due to the GOP after Senator McCain's surgery""",0,354,752,2428,2247,2482,2259,2328,12850
A reporter asked Trump what his health care plan is. He didn't know,A jornalista perguntou a Trump qual é o plano de saúde dele. Ele não sabia.,She asked Trump about his health plan. He didn't know.,0,88,545,1286,1321,1151,239,247,4877
Chicago Cubs coaching staff expected to lose Dave Martinez,Staff de treinamento do Chicago Cubs espera que Dave Martinez perca sua posição.,Chicago Cubs' training staff expects Dave Martinez to lose his job.,0,196,752,1102,946,1359,401,526,5282
What Is the Iran Nuclear Deal? And Why Does Trump Hate It?,What Is the Iran Nuclear Deal? And Why Does Trump Hate It? se traduz como:,"'What Is the Iran Nuclear Deal? And Why Does Trump Hate It?' se traduz como:

'Qual é o acordo nuclear iraniano? E por que Trump o odeia?'",0,129,339,2075,1910,1390,1293,84,7220
Makeup artist demands apology from Ben Affleck for allegedly grabbing her bottom,Maquiador exige pedido de desculpas de Ben Affleck por supostamente apalpar seu bumbum.,Makeup artist demands apology from Ben Affleck for allegedly pinching his butt.,0,74,63,186,1444,1116,1653,1829,6365
Photogallery - Apple is expected to unveil the iOS 11 & iPhone 8 next month,Apple está prestes a revelar a iOS 11 e o iPhone 8 no próximo mês.,Apple is about to unveil the iOS 11 and the iPhone 8 next month.,0,47,206,697,1436,523,139,73,3121
Yankees Hope to Have Holliday and Castro Back Next Weekend,Yankees esperam ter Holiday e Castro de volta no próximo fim de semana.,The Yankees expect Holiday and Castro to be back in the next weekend.,0,188,752,1720,1634,1311,357,302,6264
More Than Sports: Stadiums Try Video Games and Surfing,"More Than Sports: Estádios Tentam Video Games and Surfing

Mais que Esportes: Estádios Tentam Video Games e Surf.",More Than Sports: Stadiums Try Video Games and Surfing,0,1,1,3,22,1,1767,1033,2828
Super Mario Odyssey Nintendo sampled every Mario game to form a masterpiece.,"""Pegar o carona de cada jogo de Mario para formar uma obra-prima.""","""Ride the coattails of each Mario game to create a masterpiece.""",0,235,752,2048,2396,2429,2214,2361,12435
After 72 Years the Sea Finally Gives Up This Historic Shipwreck (VIDEO),"Após 72 Anos, o Mar finally Desiste do This Historic Shipwreck (VIDEO)","After 72 Years, the Sea Finally Relents on This Historic Wreckage (VIDEO)",0,74,752,649,564,656,1599,1025,5319
It Begins. Owner of Historic US Clothing Company Pulls Ads from NFL Games,"""Começa. Proprietário de Companhia de Roupas Históricas nos EUA Retira Anúncios dos Jogos de Futebol Americano""","""CEO of Historical Clothing Company in the USA Pulls Ads from Football Games"".",0,181,752,1564,1924,1055,2059,1610,9145
How the South Pacific Countries Are Selling Their Votes,Como os Países do Pacífico Sul Estão Vendendo Seus Votos,"""Como os Países do Pacífico Sul Estão Vendendo Seus Votos"" em inglês, mantendo o sentido metafórico original, traduz-se como:

""As Pacific Rim Nations are hocking their votes""",0,337,752,2473,2431,2488,2340,2194,13015
"Photogallery - California: lawmaker shelves health care proposal, receives death threat","Albúm de Fotos: Legislador arquiva proposta de saúde, recebe ameaça de morte.","**""Photo Album: Lawmaker Files Health Bill, Threatened with Death""**",0,293,752,2311,2212,2338,1834,2265,12005
Julia Barretto Might Have Showed Off the OPPO F5 Plus,"""Poder ter mostrado o OPPO F5 Plus""",'Poder ter mostrado o OPPO F5 Plus' traduz-se como 'have demonstrated the OPPO F5 Plus'.,0,261,752,2398,2443,2522,2275,2363,13014
"‘She did NOT wear that!’ Check out San Juan mayor’s latest statement t-shirt [pic, video]","""Ela NÃO usou isso mesmo! Veja o último t-shirt do prefeito de San Juan""","""She didn't use that, see the latest t-shirt of the mayor of San Juan!""",0,295,752,2069,1603,2237,1751,1534,10241
"Hurricane Harvey closes on Texas coast, slow-moving storm set to trigger massive floods","Hurricane Harvey se aproxima da costa do Texas, tempestade lenta ameaça causar enchentes massivas","Hurricane Harvey is approaching the Texas coast, a slow-moving storm threatens to cause massive flooding.",0,146,752,915,617,1147,617,821,5015
Donald Trump seeks to punish teachers with 'morally bankrupt' tax plan,Donald Trump deseja punir os professores com um plano fiscal que está moralmente corrompido.,Donald Trump wants to punish teachers with a fiscally compromised plan that is morally corrupt.,0,180,664,1284,1058,1025,562,520,5293
Photogallery - 'Disco Demolition Night’ 38 years later: Steve Dahl changes disco forever,Galeria de Fotos - 'Noite da Destruição do Disco’ 38 anos depois: Steve Dahl muda para sempre o que é um disco.,'Photo Gallery - 'Night of the Destruction of the Disk' 38 years later: Steve Dahl changes forever what a disk is.',0,196,537,1990,2289,2302,1335,1822,10471
How the god you worship influences the ghosts you see,Como o deus que você adora influencia os fantasmas que vê.,"""As the god you adore influences the ghosts you see.""",0,50,290,1054,1950,1578,1005,695,6622
Libertarian Activist and Candidate for State Senate Corey Fauconier Calls on Fellow African-Americans to Vote Hyra!,"""Libertário Ativista e Candidato à Senador Estadual Corey Fauconier Convoca Compatriotas Africanos-Diaspara Votar Hyra!""","""Liberal Activist and Candidate Corey Fauconier Calls on African American Allies to Vote with Him!""",0,133,602,1406,2050,1413,1774,2088,9466
Big Government and Environmentalists Are Causing Massive Fires in Western States,Grandes Governos e Ambientalistas Estão Provocando Incêndios Massivos em Estados Ocidentais.,"""Large Governments and Environmentalists Are Fanning Major Wildfires in Western States.""",0,177,752,1117,744,995,843,1357,5985
Video from 2012: What did Jimmy Kimmel know about Harvey Weinstein and when did he know it?,O que Jimmy Kimmel sabia sobre Harvey Weinstein e quando ele sabia disso?,What Jimmy Kimmel knew about Harvey Weinstein and when he knew it.,0,104,587,1473,2131,706,513,788,6302
President Trump rescinds DACA mostly on false pretenses that are obvious,"""Rescindir DACA principalmente em fundamentações falsas que são evidentes.""","""Rescindir DACA principalmente em fundamentações falsas que são evidentes"" deve ser traduzido para o inglês como:

""Scrapping DACA largely based on false grounds that are evident.""",0,316,752,2449,2427,2448,2279,2317,12988
Protesters temporarily shut down Senate vote on health care reform,Manifestantes pararam temporariamente a votação no Senado sobre a reforma de saúde,Protesters temporarily stopped the Senate vote on the health reform.,0,100,752,527,418,309,512,33,2651
Writer triggered by Trump’s thwarted attempt to assault Puerto Ricans with cans of chicken,Escrever acionado por tentativa frustrada de Trump para agredir porto-riquenhos com latas de frango,"""Write with the pen of a frustrated Trump's attempt to assault Puerto Ricans with canned chicken.""",0,165,514,1577,1976,2163,2408,2269,11072
A Lambo For Under 10 Bitcoin: You Can Now Buy Supercars For Cryptos,"""Compre um Supercarro pelo Custo de Apenas 10 Bitcoins: Agora Você Pode Adquirir Automóveis de Luxo Com Criptomoedas"".","""Buy a Supercar for the Cost of Just 10 Bitcoins: Now You Can Purchase Luxury Cars with Cryptocurrency.""",0,290,752,1986,1885,1234,526,1985,8658
Matt Ryan leads Falcons to 23-17 win over Chicago Bears,Matt Ryan dirige Falcons à vitória de 23-17 sobre Chicago Bears,Matt Ryan leads Falcons to a 23-17 victory over the Chicago Bears.,0,38,316,143,70,84,296,214,1161
Star Wars: The Last Jedi': Rian Johnson discusses the effect of Fisher's death,Rian Johnson discusses the effect of Fisher's death,Rian Johnson talks about the ripple effect of Fisher's demise.,0,166,752,2147,2016,2227,1737,1282,10327
Photogallery - Nintendo Switch has surpassed 4.7 million units sold worldwide,"Fotogalerias - Nintendo Switch ultrapassou 4,7 milhões de unidades vendidas mundialmente","""Photo Galleries - Nintendo Switch has surpassed 4.7 million units sold globally.""",0,59,118,599,1011,169,287,592,2835
Research shows barriers for girls and students of color negatively impacts innovation in the US,Pesquisa mostra que barreiras para meninas e estudantes de cor prejudicam a inovação nos EUA.,Research indicates that barriers to girls and students of color are stifling innovation in the U.S.,0,133,513,741,622,514,245,1,2769
Cardinal Says Countries Have Right to Reject Migrants Who Won’t Assimilate,Países têm direito de rejeitar migrantes que não se assimilarem.,Countries have the right to reject migrants who refuse to assimilate.,0,101,752,1232,1406,1261,321,399,5472
Republicans are realizing they have to actually do policy work to make stuff happen,Republicanos estão percebendo que têm que fazer trabalho de política para fazer algo acontecer.,Republicans are realizing they need to put in the political legwork to make things happen.,0,173,653,1046,867,537,437,315,4028
UN Health Agency: Measles Has Killed 35 Children in Europe,UN Health Agency: Measles Matou 35 Crianças na Europa,UN Health Agency: Measles Killed 35 Children in Europe,0,7,35,13,116,23,601,29,824
St. Louis Protests: Police Say They ‘Owned’ the Night After 80 Arrests,Protestos em St. Louis: Polícia Diz que 'Comandou' a Noite Após 80 Apresentações,Police Says it 'Called' the Night After 80 Demonstrations,0,209,676,2158,2515,2325,2229,2267,12379
Elizabeth Warren Seeks SEC Probe of Trading in Shares of Loan Servicer Navient,Elizabeth Warren quer uma investigação da SEC sobre o comércio de ações do provedor de serviços de empréstimo Navient.,Elizabeth Warren is calling for the SEC to probe Navient's stock trading.,0,261,752,1962,1257,1685,1321,739,7977
Robert Spano Will Leave the Atlanta Symphony After 20 Years,Robert Spano está deixando a Atlanta Symphony após 20 anos.,"""Robert Spano está deixando a Atlanta Symphony após 20 anos""",0,210,752,2469,2493,708,2383,690,9705
Photogallery - 'Dragon Ball Super' Spoilers reveal the next universe that will be erased,Galeria de Fotos Revela o Próximo Universo Que Será Apagado,"""Exhibition of Photos Reveals the Next Universe That Will Be Extinguished""",0,197,752,2199,1818,2361,1614,2312,11253
Mylan finalizes their soft $465 million settlement over EpiPen defrauding of American taxpayers,"""Mylan finaliza acordo de $465 milhões por fraude com EpiPen, prejudicando contribuintes americanos.""","""Mylan completes $465 million deal over EpiPen fraud, harming American taxpayers.""",0,156,752,1648,1591,1313,690,741,6891
St. Louis couple wins $32.4 million over illegal Bible-thumping robocalls voiced by Mike Huckabee,"Um casal de Saint Louis vence $32.4 milhões após robocalls ilegais de ""pregação bíblica"" vozes de Mike Huckabee.",A couple from Saint Louis wins $32.4 million after illegal 'biblical voice' robo-calls from Mike Huckabee.,0,214,675,1394,1486,1765,1680,1906,9120
Yankees Pound the Red Sox and Win a Four-Game Series,Os Yankees Esmaga os Red Sox e Vencem uma Série de Quatro Jogos,Yankees Squash Red Sox and Claim Four-Game Sweep,0,147,752,750,1550,1342,1705,2057,8303
Sen. Ted Cruz Opposes the Graham-Cassidy Obamacare Repeal Bill,Senador Ted Cruz é contrário à Proposta Graham-Cassidy para a Abolição do Obamacare,"""Senator Ted Cruz is opposed to the Graham-Cassidy Proposal for the Repeal of Obamacare"".",0,207,752,1756,964,1263,746,452,6140
House Republicans Release Secret Memo Accusing Russia Investigators of Bias,'Republicanos do Casa Reúnem Memo Secreto Acusando investigadores de Inquérito a Burocracia',Republicans of the House Gather Secret Memo Accusing Investigator of Inquiry of Bureaucracy.,0,234,752,1700,2298,2423,2255,2316,11978
The Warriors sign Nick Young while Dion Waiters stays in Miami,"""The Warriors sign Nick Young while Dion Waiters stays in Miami.""","""The Warriors sign Nick Young while Dion Waiters stays in Miami.""",0,1,25,295,85,73,2559,991,4029
"RNC asks Democrats 'Where's your plan?' for health care, gets owned in response","RNC pergunta aos democratas: ""Onde está o seu plano?"" para saúde, e leva uma resposta na cara.","The RNC asks Democrats: ""Where is your plan?"" and gives a response in the face.",0,205,752,1963,2056,2268,2102,2229,11575
Why You Need to Pay Attention to The SITSA Act,Por Que Você Precisa Ficar de Olho no SITSA Act,"""Keep your eye on the SITSA Act.""",0,281,752,2205,1416,2187,1290,819,8950
18 states are suing Betsy DeVos for putting for-profit college fraudsters over student borrowers,Dezoito estados estão processando Betsy DeVos por priorizar ladrões de universidade lucrativa sobre os empréstimos dos alunos.,Eighteen states are suing Betsy DeVos for favoring money-making university crooks over student loans.,0,183,329,833,787,1182,1531,1658,6503
"Marshawn Lynch, Michael Bennett sit out national anthem during weekend NFL games",Marsawn Lynch e Michael Bennett tiraram a vez de cantar o hino nacional em jogos da NFL no fim de semana.,Marsawn Lynch and Michael Bennett stepped up to sing the national anthem at NFL games over the weekend.,0,216,752,1228,1637,1364,1460,1080,7737
Republicans blocked President Obama from telling the public about Russian actions to help Trump,Republicanos bloquearam Obama de informar o público sobre ações russas para ajudar Trump,Republicans stymied Obama from informing the public about Russian actions to aid Trump.,0,77,247,331,350,311,940,187,2443
McCain tells Clinton to ‘shut up’ like he did,McCain diz a Clinton para ‘cair na real’.,"McCain tells Clinton to ""face the music.""",0,196,526,2285,2191,2289,2444,2130,12061
India is building an Israel-developed fence along its Pakistan border,India está erguendo uma cerca desenvolvida por Israel ao longo de sua fronteira com o Paquistão.,India is raising a fence developed by Israel along its border with Pakistan.,0,197,752,555,605,381,494,276,3260
New Audio Book: The American Mercury on Leo Frank – Frank Takes the Stand,New Audio Book: The American Mercury on Leo Frank – Frank Takes the Stand,New Audio Book: The American Mercury on Leo Frank – Frank Takes the Stand,0,1,1,3,30,12,2472,1417,3936
Even Republicans assume Trump leaked Kislyak intercepts to force out Jeff Sessions,Mesmo republicanos pressentem que Trump vazou as interceptações de Kislyak para forçar a saída de Jeff Sessions.,"""Even Republicans sense that Trump leaked Kislyak intercepts to force Jeff Sessions to resign.""",0,65,349,631,845,604,1262,829,4585
Nigerian Christian: “Why do they think Islam is a religion of peace? These people have been killing us for decades.”,Por que eles pensam que o Islam é uma religião de paz? Essas pessoas nos têm matando há décadas.,Why do they think that Islam is a religion of peace? These people have been killing us for decades.,0,12,38,252,1211,469,252,155,2389
Robots will touch more tenderly when they wear this sensitive skin,Robôs vão tocar com mais carinho quando usarem essa pele sensível.,Robots will play with more tenderness when they use this sensitive skin.,0,101,752,412,966,975,1991,774,5971
Los Angeles police are arresting people for speaking 20 seconds over their allotted time at city meetings,"""Polícia de Los Angeles prendendo pessoas por falarem 20 segundos além do tempo permitido em reuniões da cidade.""","""Los Angeles police arresting people for speaking 20 seconds over the allowed meeting time.""",0,94,218,1202,835,1188,1186,737,5460
Actors in a World Series Drama Are Now Gracing a New Stage,Atores em uma série dramática de uma liga estão agora brilhando em um novo cenário.,Stars in a dramatic league are now shining in a new stage.,0,156,752,1561,1566,2373,1787,1865,10060
PressTV-‘US air raids shed more civilian blood in Syria’,Afastar voo de moscas.,Shoo away flies.,0,391,752,2504,2581,2589,2186,2473,13476
Japanese Princess Mako leaves royal status after marrying a commoner,A Princesa Japonesa Mako abandona seu status real após se casar com um plebeu.,The Japanese princess Mako abdicates her royal status upon marrying a commoner.,0,86,752,386,158,496,318,98,2294
Trump claims Republican healthcare bill covers pre-existing conditions. False. Untrue. Fake.,"""Trump afirma que o projeto de lei republicano de saúde cobre condições preexistentes. Falso. Mentira. Fake.""","""Trump claims that the Republican health care bill covers preexisting conditions. Lies. A fake.""",0,181,752,1524,739,538,955,1128,5817
Trump Advisers Poll Whether Senate Should Expel Menendez If Convicted,"Consultores de Trump sobre Senadores devem expulsar Menendez, se for condenado.","""Trump's advisors urge senators to expel Menendez if he's convicted.""",0,224,752,2019,1084,1741,1780,1061,8661
Reporter Who Exposed BBC Child Abuse Cover Up Found Dead,"""Repórter que Desvendeu Abuso Infantil de BBC e Foi Encontrado Morto""","**""Repórter que Desvendou Abuso Infantil de BBC e Foi Encontrado Morto""** becomes **""Reporter Who Exposed Child Abuse in BBC and Was Found Dead""**.",0,249,752,2403,2346,2246,2033,1719,11748
Megyn Kelly cracks 'joke' asking 'Will & Grace' fan if watching show made him choose to be gay,"""Vai fazer você escolher a opção Gay?""","""Will it make you pick the gay option?""",0,349,752,2512,2445,2452,704,2220,11434
"A Mysterious 3,000-Year-Old Castle Was Discovered Underwater In A Turkish Lake",Um castelo enigmático de 3.000 anos foi descoberto sob a água em um lago turco.,"A mystery castle from 3,000 years was discovered under water in a Turkish lake.",0,136,752,793,999,1253,290,242,4465
Name Me One Way ETs Have Saved This Planet – Part 1/2,Nome Me Um Jeito Onde ETs Salvaram Este Planeta – Parte 1/2,'Naming Ways Where ETs Saved This Planet – Part 1/2',0,124,200,1703,1366,1377,2117,1695,8582
Can I Test the Health of My Gut Microbiota?,Você pode testar a saúde da sua microbiota intestinal?,"""Can you take the pulse of your gut's microbiome?""",0,242,752,1964,2361,2260,1807,919,10305
"Trump's Bombing Campaign In Middle East Has Already Killed At Least 2,200 Civilians","A campanha de bombardeios de Trump no Oriente Médio já matou pelo menos 2,200 civis.","Trump's bomb campaign in the Middle East has already killed at least 2,200 civilians.",0,16,752,30,120,843,118,240,2119
Barney Smith Is Selling the Contents of His Toilet Seat Art Museum,Barney Smith está vendendo os conteúdos do seu museu de arte do assento do banheiro.,Barney Smith is flushing the contents of his toilet seat museum.,0,28,752,414,2136,2453,1996,2158,9937
"The Zika Virus Grew Deadlier With a Small Mutation, Study Suggests","A Mutação do Zika Virus Fez com que Ele Ficasse Mais Mortal, Sugere Estudo.","""The Mutation of Zika Virus Has Made Him More Fatal, Suggests Study.""",0,282,752,2087,2196,1806,1942,1749,10814
‘UNACCEPTABLE’ Fleitz warns Russian money behind North Korean missile tests,"""IMPRESCINDÍVEL"" Fleitz alerta para o dinheiro russo por trás dos testes dos mísseis Norte-Coreanos","""INEXORABLE"" Fleitz warns about the Russian money behind the North Korean missile tests.",0,59,551,1586,1221,942,1754,1532,7645
Mike Pence's chief of staff asks donors to 'purge' Republicans not loyal to Trump,"traduzir Mike Pence's chief of staff asks donors to 'purge' Republicans not loyal to Trump para o português.

Chief of Staff de Mike Pence solicita aos doadores para 'expurgar' republicanos não leais a Trump.

Chief of Staff de Mike Pence solicita aos doadores para 'liquidar' republicanos não leais a Trump.",'Chief of Staff de Mike Pence asks donors to 'liquidate' Republicans not loyal to Trump',0,82,540,553,1565,1627,2171,2155,8693
“Al Jazeera is running a jihad out of Jerusalem”,"""Al Jazeera está promovendo uma jihad a partir de Jerusalém"".","""Al Jazeera is fueling a jihad from Jerusalem.""",0,95,752,852,468,117,233,1,2518
Ex-IT Aide for Debbie Wasserman Schultz Allegedly Abused Three Muslim Women,"Ex-It Aide for Debbie Wasserman Schultz Allegedly Abused Three Muslim Women

Ex-assistente para Debbie Wasserman Schultz Allegadamente Agrediu Três Mulheres Muçulmanas","""Ex-It Aide for Debbie Wasserman Schultz Allegedly Abused Three Muslim Women Ex-assistente para Debbie Wasserman Schultz Allegadamente Agrediu Três Mulheres Muçulmanas""",0,116,283,1715,1922,2226,2507,1782,10551
ME & MT-Sen: Council For A Livable World Helps These Senators Save The Iran Nuclear Deal,"""ME & MT-Sen: Mesa Redonda Para Um Mundo Habitável Ajuda Esses Senadores Salvar o Acordo Nuclear do Irã""","**""ME & MT-Sen: Roundtable for a Livable World Aids These Senators Save the Iran Nuclear Deal""**",0,26,638,761,1332,2275,1464,1699,8195
New York City Will Miss a Deadline to Accommodate 5 New Charter Schools,Cidade de Nova York vai sentir falta de uma prazo para receber cinco novas escolas charter.,New York City will miss a time frame to receive five new charter schools.,0,77,752,261,396,1127,871,287,3771
Comey intentionally tried to 'prompt the appointment of a special counsel',Comey tentou 'instigar' a nomeação de um promotor especial.,James Comey attempted to 'ignite' the appointment of a special prosecutor.,0,125,355,1114,1855,1835,1257,868,7409
Video captures Kids brush with death as a lightning bolt struck just feet away,Um vídeo capturou a aproximação das crianças com a morte como um raio que atingiu a poucos metros.,"""Captured a video of children approaching death as if a lightning bolt struck a few feet away.""",0,157,707,1719,1131,1967,2236,2202,10119
Poll: 40% Of Americans Think Global Warming Will Make Humans Go Extinct,40% dos americanos acreditam que o aquecimento global levará os humanos à extinção.,"""40% of Americans believe that global warming will lead humanity to extinction.""",0,196,752,1378,676,777,78,145,4002
Germany could have deported Hamburg supermarket jihad murderer in 2015,Germany could have deported Hamburg supermarket jihad murderer in 2015 pode ser traduzido criativamente como:,'Germany could have deported Hamburg supermarket jihad murderer in 2015' could have been translated creatively as:'Germany might have sent the Hamburg supermarket jihad killer back to his roots in 2015'.,0,199,642,1895,1806,2357,2445,1913,11257
We'll make sure Barbara Comstock won't serve another term; first make her vote against the tax bill,"Garantiremos que Barbara Comstock não sirva outro mandato; primeiro, faremos ela votar contra a reforma tributária.","""We will ensure Barbara Comstock does not serve another term; first, we will make her vote against the tax reform.""",0,112,344,728,868,187,351,268,2858
Pokemon Go' players noticed a change in the way Ex Raid Passes are sent,'Jogadores de Pokémon Go notaram uma mudança na forma como os passes de Ex Raids são enviados.',"""Pokémon Go players have noticed a change in the way Ex Raids are being handed out.""",0,120,381,1341,813,1096,914,729,5394
Photogallery - Evangelical Christians continue to support Donald Trump and Steve Bannon,Galerias de fotos - Cristãos evangélicos continuam a apoiar Donald Trump e Steve Bannon,Christians keep standing by Donald Trump and Steve Bannon,0,147,369,1537,2151,1434,1332,1497,8467
Turkish Hackers Take Over Twitter Account of Ex-Netanyahu Aide Dore Gold,Turkish Hackers Hack the Twitter Account of Ex-Netanyahu Aide Dore Gold,Turkish hackers hack the Twitter account of ex-Netanyahu aide Dore Gold,0,37,752,44,426,1576,2515,1027,6377
Tom Steyer bought 535 copies of 'Fire and Fury'—one for each member of Congress,Tom Steyer comprou 535 cópias de 'Fire and Fury'—uma para cada membro do Congresso.,"""Tom Steyer bought 535 copies of 'Fire and Fury'—one for each member of Congress.""",0,1,19,73,51,93,7,195,439
ALEC Wants To Steal Your 17th Amendment Rights (VIDEO),Alec Quer Roubar Seu Direito à Emenda 17 (VÍDEO),"""Alec wants to steal your right to amend 17 (VIDEO)""",0,129,752,1382,1833,1768,1180,1184,8228
Israel's Netanyahu Expresses Hope for US Peace Push in Middle East,Israel Netanyahu expressa esperança por um empurrão dos Estados Unidos para a paz no Oriente Médio.,"""Israel Netanyahu expresses hope for a push from the United States to promote peace in the Middle East.""",0,147,752,1560,1018,1078,478,912,5945
"Dear white women, there is nothing heroic about not having sex with Nazis","Queridas mulheres brancas, não há nada heroico em não ter sexo com nazistas.","""Dear white women, there's nothing heroic about not having sex with Nazis.""",0,12,85,314,96,176,38,168,889
Activists replace statue of Robert E. Lee with statue of a pregnant black woman in Baltimore,"""Ativistas substituem estátua de Robert E. Lee por estátua de uma mulher negra grávida em Baltimore""","""Protesters replace Robert E. Lee statue with statue of a pregnant Black woman in Baltimore.""",0,36,277,290,374,572,180,813,2542
"Military Times Poll Finds drumpf Underwater with Troops, Especially Officers.",Pesquisa de Military Times: Troops e Officers Especially Afundam Drumpf.,Military Times survey: Troops and officers especially sink Drumpf.,0,242,752,1778,2112,2355,2468,2227,11934
German Smoke Show Sprinter Will Have You Questioning Your Olympic Allegiance,"""German Smoke Show Sprinter Will Have You Questioning Your Olympic Allegiance"" para o português é:

""Corredor Alemão de Fumaça Vaporizante Faz Você Questionar Sua Lealdade às Olimpíadas.""","""Sparkling German Fumigation Racers Will Make You Question Your Olympic Loyalty.""",0,224,752,1930,2308,2085,2197,2142,11638
Mobster tries to escape prison with hacksaw — and a priest,O bandido tentava fugir da prisão com uma serra de metal — e um padre.,The outlaw was trying to escape from jail with a metal saw— and a priest.,0,207,752,2077,1432,2064,1394,1374,9300
Senate Officially Investigating Al Franken Due To Claims of Improper Behavior Toward Women,Senado Oficialmente Investiga Al Franken Por Alegações de Comportamento Inapropriado em Relação a Mulheres,The Official Senate Is Investigating Al Franken Over Allegations of Inappropriate Behavior Towards Women,0,189,752,429,1310,430,1665,1468,6243
Scott argues that an outgoing GOP'R can pick judges,Scott argumenta que um político republicano saído pode escolher juízes.,"""Scott argues that a former Republican politician can 'throw a constitution'.""",0,263,752,2269,2426,2351,2450,2346,12857
Watch As Sheriff Clarke Drops A 6 Word BOMBSHELL Live On Fox News…. EPIC,Observe como o Xerife Clarke explode com uma BOMBA SIX WORDS ao vivo no Fox News... ÉPICO,"**""Watch Sheriff Clarke drop a SIX-WORD BOMB live on Fox News... EPIC!""**",0,77,752,1946,701,886,1340,1895,7597
Newt Gingrich: Mueller's Law Firm Gave 99.81% of its Campaign Contributions to Hillary Clinton (VIDEO),"O escritório advocatício da firma de Robert Mueller destinou 99,81% de suas contribuições de campanha para Hillary Clinton.","""The law office of Robert Mueller's firm allocated 99.81% of its campaign donations to Hillary Clinton.""",0,130,678,1530,1376,1295,204,1785,6998
American Sprinter Tori Bowie Wins a Surprise Gold at the Worlds,Corredora americana Tori Bowie ganha o ouro inesperado nos Mundiais.,American sprinter Tori Bowie snags the unexpected gold in the World Championships.,0,188,752,1545,763,1587,1298,1206,7339
"One Tree Planting Drone Will Plant 36,000 Trees in a Day","Um Drone de Plantio de Árvores Plantará 36,000 Árvores em um Dia","An Unmanned Aerial Vehicle (UAV) will Plant 36,000 Trees in a Day.",0,122,388,1878,914,1924,335,1310,6871
UK student receives 6-year sentence for planned school shooting spree,Estudante britânico recebe pena de 6 anos por plano de assassinato em série na escola.,British student sentenced to 6 years for plot to serial kill at school.,0,285,752,1875,1168,965,348,1086,6479
Students Criticize UCLA For Kicking Out Well-Rated Conservative Prof,Alunos criticam UCLA por expulsar professor bem avaliado conservador.,"""Students criticize UCLA for booting out well-regarded conservative professor.""",0,100,752,691,847,1210,1012,590,5202
"Alternative Media Journalist Broke a Story Before Local News, So She Was Arrested, Charged With Felonies","'Repórter de Mídia Alternativa quebrou a notícia antes da notícia local, então foi presa e acusada de crimes'.","Alternative Media Reporter Broke the Story Before Local News, Then Was Arrested and Accused of Crimes",0,165,518,1020,1167,1112,1316,1048,6346
Forget the Emails … DNC Chair ADMITS DNC and Clinton Rigged Election Against Sanders,Desculpe as mensagens… Presidente da DNC ADMITE QUE DNC e Clinton Manipularam Eleições contra Sanders,"""Excuse the messages… DNC President ADMITs DNC and Clinton Rigged Election Against Sanders""",0,64,236,342,862,1622,1392,1995,6513
"New Report Suggests Seth Rich Murder Not Robbery, Possible “Hired Killer”","Relatório Recente Sugere que o Assassinato de Seth Rich Não foi um Roubo, Possível “Assassino Contratado”","Latest Report Suggests Seth Rich's Murder was not a Robbery, Possibly a ""Hired Assassin""",0,139,752,1868,1032,762,767,762,6082
American Invasion: Imported Crawfish Are Taking Over a Park in Berlin,Invasão Americana: Caranguejos Importados Estão Dominando um Parque em Berlim,American Invasion: Imported Crabs Are Taking Over a Park in Berlin,0,15,30,103,503,102,1600,883,3236
Canada takes in LGBT Russians fleeing ‘gay purge’ in Chechnya,Canadá recebe refugiados LGBT da 'limpeza' LGBTQ+ na Chechênia,'Canada receives LGBTQ+ refugees fleeing the 'purge' in Chechnya',0,187,752,1794,1224,890,1475,581,6903
"Trump supporter Peter Thiel gave $$300,000 to AG investigating Google","""Peter Thiel, um defensor de Trump, deu $$300,000 ao AG investigando o Google.""","""Peter Thiel, Trump's advocate, has given $$300,000 to the AG investigating Google.""",0,122,641,969,885,352,1127,279,4375
Saudi woman conveniently dies in crash ‘while learning to drive’ before the country lifts its ban on female drivers,'Mulher saudita morre convenientemente em acidente 'enquanto aprende a dirigir' antes do país levantar o banimento às motoristas mulheres'.,"A Saudi Arabian woman conveniently died in an accident ""while learning to drive"" just before the country lifted the ban on women drivers.",0,113,752,1225,532,1104,1236,393,5355
10 Ways My Wife And I Cut Our Grocery Bill By 75 Percent,10 Formas de Reduzir o Custo da nossa Compra de Supermercado em 75%,"""10 Ways to Slash Our Supermarket Shopping Bill by 75%""",0,188,752,1983,1622,1478,486,1346,7855
GOP Congress Authorizes $$500 Million In Security Assistance For Ukraine,Congresso da GOP Autoriza $$500 Milhões em Assistência de Segurança para a Ucrânia,"""Congress of the GOP Authorizes $500 Million in Security Assistance for Ukraine""",0,45,752,368,437,453,1119,711,3885
Republicans Want Trump And Corker To Please SHUT UP,"""Republicanos Querem Trump e Corker para Calar a Boca.""","""Republicanos Querem Trump e Corker para Calar a Boca"" traduzido literalmente e mantendo o sentido metafórico seria:

""Republicans Want Trump and Corker to Shut Up.""",0,220,752,2392,2269,2335,2226,2324,12518
Trump defends Roy Moore by saying 'Access Hollywood' tape could be fake,Trump defende Roy Moore ao dizer que a fita do 'Access Hollywood' pode ser falsa.,Trump defende Roy Moore ao dizer que a fita do 'Access Hollywood' pode ser falsa. -> Trump backs Roy Moore by saying the 'Access Hollywood' tape could be fake.,0,175,604,1952,1862,1192,305,106,6196
Jerry Brown Acts Like He Is Representing The US At Climate Conference,Jerry Brown Age como Se Estivesse Representando os EUA na Conferência sobre Clima,Jerry Brown Aging as if Representing the US at the Climate Conference,0,113,752,789,2193,1935,2043,2002,9827
Maxine Waters’s campaign committee wrote off $$10K spent on Hamilton tickets as fundraiser expense,O Comitê de Campanha de Maxine Waters classificou $$10K gastos em ingressos para Hamilton como despesa de arrecadação de fundos.,"""The Campaign Committee of Maxine Waters deemed $10K expenses on Hamilton tickets as fundraising expenses.""",0,215,710,1215,1501,1575,887,1343,7446
Flag Found in Public Housing Unit in Tenn. Town a Mystery to Residents,Achado de bandeira em apartamento de edifício público em cidade do Tennessee é um mistério para os moradores.,Discovery of a flag in the apartment of a public building in a Tennessee city is a mystery to the residents.,0,214,752,2338,1767,2174,855,1269,9369
"High school students are protesting the Pledge of Allegiance, and now schools are getting sued","High school students estão protestando o Juramento à Bandeira, e agora as escolas estão sendo processadas.","High school students are raising their voices against reciting the flag pledge, and schools are now being brought to court.",0,192,714,1273,1203,1951,1631,1717,8681
Brad refuses Angelina Jolie's invitation to trick-or-treat with the kids,Brad se recusa a acompanhar Angelina Jolie no trick-or-treat com as crianças.,Brad refused to tag along with Angelina Jolie on the trick-or-treat.,0,217,752,1642,1430,865,2243,1575,8724
Ex-congressman who nominated radical Kaepernick supporter to West Point speaks out,Ex-congressista que apoiou radicais como Kaepernick é nomeado para a West Point e fala,"""Former congressman who backed radicals like Kaepernick is nominated to West Point and speaks out""",0,152,752,1141,1729,733,1809,1271,7587
Study Exposes Dark Side of Coffee Cultivation in Uganda,Estudo Revela o Lado Sombrio da Cultura de Cultivo do Café em Uganda.,"""Study Reveals Dark Side of Coffee Cultivation Culture in Uganda.""",0,35,358,628,599,312,162,462,2556
How universal background checks could have stopped Sutherland Springs,Como os exames de antecedentes universais teriam impedido o massacre de Sutherland Springs.,"""How universal background checks would have stopped the Sutherland Springs massacre.""",0,52,566,1301,1349,951,334,471,5024
Disneyland water cooling towers shut down after Legionnaire’s disease cases reported,As torres de resfriamento do Disneyland foram desligadas após a notificação de casos de doença do legionário.,The cooling towers of Disneyland were shut down following reports of Legionnaires' disease.,0,254,752,1737,721,1027,541,423,5455
‘I want to hear all of it’: Congressional investigators call for Don Jr.’s phone records,'Desejo ouvir tudo.','Desejo ouvir tudo.' para o inglês mantendo o sentido metafórico original: 'I long to hear all.',0,320,752,2510,2464,2547,2428,2474,13495
Comstock says the rich are STILL paying too much in taxes,Os ricos ainda estão pagando muito de impostos.,The rich are still paying a lot of taxes.,0,147,752,1822,1731,792,587,443,6274
"I didn't want her to be blindsided, so I leaked the debate questions to Hillary ahead of the debate!","""Eu não queria que ela fosse surpreendida, então vazei as perguntas do debate para Hillary antes do debate!""","""I didn't want her to be caught off guard, so I leaked the debate questions to Hillary beforehand!""",0,65,97,768,552,519,616,468,3085
Katy Perry just traded her Pixie for a Blonde Bob,Katy Perry trocou seu Pixie Cut por um Blonde Bob,"""Katy Perry traded her Pixie Cut for a Blonde Bob.""",0,17,418,637,919,1144,1572,1478,6185
Why did early cultures glorify only Venus as a goddess?,Por que culturas antigas glorificaram exclusivamente Vênus como uma deusa?,"""Why did ancient cultures exclusively deify Venus as a goddess?""",0,100,358,871,321,390,1830,1093,4963
"Less than one day after terror attack, Trump's campaign accuses the media of attacking the president","A menos de um dia após o ataque terrorista, a campanha de Trump acusa a mídia de atacar o presidente.","A menos de um dia após o ataque terrorista, a campanha de Trump acusa a mídia de atacar o presidente.",0,386,752,2580,2476,935,2561,19,9709
Tamra Judge's birthday brings out interesting social media comments,O aniversário de Tamra Judge faz surgirem comentários interessantes nas redes sociais.,"""Tamra Judge's birthday sets off interesting discussions on social media.""",0,113,752,819,624,318,237,1,2864
Photogallery - NBA executive believes Cavs should trade Nets pick or Love or LeBron,"""Álbum de fotos da NBA - Executivo acredita que os Cavs devem trocar a escolha dos Nets por Love ou LeBron""","""NBA Photo Album - Executive Believes Cavs Should Trade Nets' Pick for Love or LeBron""",0,47,752,704,1665,1585,1232,1772,7757
global electronic power steering market is expected to witness high growth during the forecast period,O mercado global de direção elétrica de potência deve testemunhar um crescimento alto durante o período de previsão.,The global electric power steering market is set to witness significant growth during the forecast period.,0,62,270,198,254,299,1052,494,2629
This Simple Shopping Trick Will Save You Loads of Money,Este Simples Truque de Compras Vai Te Economizar Milhares de Reais.,"""This Simple Trick Will Save You Thousands of Real.""",0,80,527,1959,2454,2146,1911,1512,10589
She loved Sushi Wooshi like no little boy had ever been loved before,"""She loved Sushi Wooshi like no little boy had ever been loved before.""

""Ela amava Sushi Wooshi como nenhum pequeno menino havia sido amado antes.""","""She loved Sushi Wooshi like no little boy had ever been loved before.""",0,1,20,206,118,103,1583,735,2766
Photogallery - Halloween Terror 2017 has changed the future of 'Overwatch' loot boxes,Galeria de Fotos - Terror de Halloween 2017 mudou o futuro das 'caixas de loot' de 'Overwatch',Photo Gallery - Halloween 2017 Terror Transformed the Future of 'Loot Boxes' in 'Overwatch',0,167,752,919,1452,1199,1562,1302,7353
Communist West Point grad was inspired to infiltrate military by Chelsea Manning,Formação de uma criança de uma família operária do oeste de Cleveland que foi inspirada a infiltrar a milícia,"""A molding of a working-class child from the west of Cleveland inspired to infiltrate the militia""",0,308,752,2445,2441,2386,1883,2416,12631
Fox News host: Trump family 'has done more for this country than any Democratic elected official',"Fox News host: ""A família Trump tem feito mais por este país do que qualquer político eleito pelo Partido Democrata.""","""Fox News host: 'The Trump family has done more for this country than any Democrat elected politician.'""

""Fox News host: 'La família Trump tem feito mais por este país do que qualquer político eleito pelo Partido Democrata.'""",0,197,670,2134,1926,1993,1510,1382,9812
"Whether Trump’s Refugee Ban Expires or Not, the U.S. Will Take in a Record Low Number of Refugees","Seja independentemente se a proibição de Trump para refugiados expira ou não, os EUA admitirão o menor número de refugiados da história.","""If the expiration or non-expiration of Trump's refugee ban has no effect, the USA will admit the fewest refugees in history.""",0,288,752,2085,1214,1864,1579,1803,9585
Letter Written By 'Possessed' Nun 340 Years Ago Is Decoded Using Deep Web Software,Carta Escrita por freira Possessa 340 Anos Atrás é Decifrada Usando Software da Deep Web,"""Letter Written by a Possessed Nun 340 Years Ago is Deciphered Using Deep Web Software""",0,18,410,806,305,695,789,1054,4077
"Israeli Labor Party Tries a New Leader: Gabbay, Self-Made Millionaire","""Israel's Labor Party Experimenta com Novo Líder: Gabbay, Self-Made Multimillionário""","""Israel's Labor Party Experiments with New Leader: Gabbay, Self-Made Multimillionaire""",0,142,282,1326,1078,919,1910,864,6521
"President Trump, Air Force One, Left Japan – Approaching North Korea",O Trump presidente está voando o Air Force One. A Esquerda está se aproximando da Coreia do Norte.,The Trump president is piloting the Air Force One. The Left is closing in on North Korea.,0,190,752,2132,1940,2412,2030,2190,11646
Military Chiefs Seeking 6-Month Delay for Transgender People Looking to Enlist,""" Líderes Militares Buscando um Recesso de Seis Meses para Pessoas Transexuais Que Querem se Alistar""","""Leaders in Search of a Six-Month Break for Trans People Looking to Enlist""",0,218,688,1609,1696,1853,1770,1554,9388
Corporate Media Continues Blackout of DNC Lawsuit Even as 2 Witnesses Die,"""A Mídia Corporativa Continua o Blackout do Processo Judicial contra o Partido Democrático, Mesmo Com a Morte de Dois Testemunhas""","""A Corporate Media Continues the Blackout of the Judicial Process Against the Democratic Party, Even With the Death of Two Witnesses""",0,241,752,2273,2096,1769,1141,1088,9360
Margaret Court 'Disappointed' Billie Jean King Called Out Her Homophobia,Margaret Court 'Desiludida' Disse que Billie Jean King a Chamou de Homofóbica,"""Margaret Court's 'Disillusioned' Remarks: She Called Billie Jean King 'Homophobic'""",0,210,752,1793,1857,1738,1782,2095,10227
Two Handgun Companies Are Still Fighting Over An Army Contract Finalized Months Ago,Duas Empresas de Armas Estão Ainda Lutas Pela Um Contrato Do Exército Finalizado Há Meses,Two companies are still locked in combat for a military contract that was signed months ago.,0,205,752,1444,1925,2245,1739,815,9125
Drug Company Under Fire After Revealing Dengue Vaccine May Harm Some,"""Fábrica de Remédios Em Chamas Após Revelação: Vácina contra Dengue Pode Ferir Algumas Pessoas""","""Fábrica de Remédios Em Chamas Após Revelação: Vácina contra Dengue Pode Ferir Algumas Pessoas"" traduzido como ""Burning Medicine Factory After Revelation: Dengue Vaccine May Harm Some People""",0,306,743,2425,2420,2372,1688,1855,11809
The US Military Will Not Solve the Venezuela Crisis,A Militarização dos EUA Não Resolverá a Crise Venezuelana,"""The U.S. Military Solution Won't Resolve the Venezuelan Crisis""",0,255,752,1399,1306,560,481,313,5066
These Democrats can make Virginia history and bring much-needed progressive views to the statehouse,Esses democratas podem fazer história na Virgínia e levar visões progressistas à casa legislativa.,"""These Democrats can make history in Virginia and bring progressive visions to the legislative house.""",0,113,652,1242,609,278,416,582,3892
Blue States Practice the Family Values Red States Preach,Estados Azuis Praticam os Valores Familiares Estados Vermelhos Falam.,"""Blue States Practice Familiar Values. Red States Speak.""",0,95,752,1682,2235,2126,1833,1304,10027
WITCH HUNT: Congressional Investigators Want Donald Trump Jr.'s Phone Records,'WITCH HUNT: Investigadores do Congresso Querem os Registros de Telefone de Donald Trump Jr.',"""Hunt for Witches: Congressional Investigators Demand Trump Jr.'s Phone Records""",0,85,252,711,1112,1900,1750,1730,7540
Nolte: Yahoo Sportswriter Shames Black NHL Star Who Refuses to Protest National Anthem,'Yahoo Sportswriter Humilha Jogador Negro do NHL Que Se Recusa a Protestar o Hino Nacional',"""A Yahoo Sportswriter Humilha Jogador Negro do NHL Que Se Recusa a Protestar o Hino Nacional""",0,333,752,2474,2508,1801,2531,2077,12476
"Jebus. drumpf Thinks He Invented the Term ""Fake"" News.","Jebus. drumpf acha que inventou o termo ""Fake"" News.","Trump thinks he invented the term ""Fake"" News.",0,42,436,1420,2219,1528,1641,1672,8958
Donald Trump took $$107 million promised to charities ... and kept it,Donald Trump pegou $$107 milhões prometidos a instituições de caridade... e manteve para si.,'Donald Trump grabbed $107 million earmarked for charity... and kept it for himself.',0,156,386,1087,718,948,531,652,4478
Democrats Propose More Gun Bans & Where are the Republicans?,Democratas Propõem Mais Restrições à Possessão de Armas & Onde Estão os Republicanos?,"""Democrats Propose More Restrictions on Gun Ownership & Where Are the Republicans?""",0,52,752,528,298,244,178,454,2506
Russians take the plunge in -38C at EXTREME swimming club,Russianos mergulham no frio de -38°C no EXTREME clube de natação.,"""Russian cold-blooded swimmers dive into the freeze of -38°C at the EXTREME swimming club.""",0,261,752,2135,1889,1583,1603,1613,9836
Sorority Sisters Face Probe for Singing Kanye West Song Containing Word Forbidden to Whites,Irmãs Irmandade Face Escova para Cantar Música de Kanye West Contendo Palavra Proibida aos Brancos,"""Sisters of Sublime Brotherhood Blend for Singing Kanye West's Music Including the White-Prohibited Word""

(Note que a metáfora mantém um tom crítico e sarcástico similar ao original.)

---

**English:**

""Sisters of Sublime Brotherhood Blend for Singing Kanye West's Music Including the White-Prohibited Word""",0,339,752,2478,2422,2484,2523,2492,13490
‘It’s a blessing’: Muslim relief groups help disaster-stricken Southern communities recover,É uma bênção.,"""It's a blessing.""",0,214,752,2422,2348,2437,15,1592,9780
Al Franken: So Dumb Even the Hard Left Corrects Him,Tão burro que até os da extrema esquerda corrigem.,So dumb that even the extreme left corrects him.,0,80,752,1852,1442,2203,1163,925,8417
Huffington Post Misrepresents Islam To Give ISIS A Pass,O Huffington Post distorce o Islam para dar um passe a ISIS.,"""Huffington Post distorts Islam to give ISIS a free ride.""",0,80,752,1358,1116,864,1616,740,6526
‘Three Musketeers’ Terror Group Found Guilty Of Plotting Attack On UK Authorities,Três Mosqueteiros Terroristas Encontrados Culpados Por Conspiração de Ataque a Autoridades do Reino Unido,"""Three Musketeer Terrorists Found Guilty of Conspiracy to Attack British Authorities""",0,188,752,1427,1036,617,1469,1258,6747
Sister Wives' star Mykelti Brown's husband Tony Padron has angered some fans,"O marido de Sister Wives' star Mykelti Brown, Tony Padron, irritou alguns fãs.","'The husband of Sister Wives star Mykelti Brown, Tony Padron, pissed off some fans.'",0,113,752,1419,1171,1228,909,640,6232
"We did the impossible, almost did more- and it was thanks to you.","Realizamos o impossível, quase fizemos mais - e tudo foi graças a você.","""We accomplished the impossible, nearly achieved more - all thanks to you.""",0,156,588,1693,852,845,160,605,4899
Tyga wants a paternity test once Kylie's baby is born,Tyga deseja realizar um teste de paternidade após o bebê de Kylie nascer.,Tyga wants to take a paternity test after Kylie's baby is born.,0,38,418,59,146,116,86,204,1067
Will Chiwetel Ejiofor play Scar in 'The Lion King' live-action?,"""Will Chiwetel Ejiofor vai interpretar o Scar em 'O Rei Leão' ao vivo.""","Chiwetel Ejiofor will portray Scar in ""The Lion King"" live.",0,68,752,815,1004,828,1903,1000,6370
"Flight Crew Takes A Knee And Walks Off, Leaving New Orleans Saints Stranded On Runway","Tripulação de Aviação Faz uma Genuflexão e Sai Andando, Deixando os New Orleans Saints Abandonados na Pista de Descolagem.","""Airline crew does a genuflection and walks off, leaving New Orleans Saints stranded on the runway.""",0,62,752,1008,1583,1889,1040,1363,7697
Army of Us: Queer Soldiers Do Battle Against ISIS,Exército de Nós: Soldados LGBTQ lutam contra o ISIS,"""Army of Us: LGBTQ Soldiers fight against ISIS""",0,95,530,1164,510,477,438,440,3654
"Pearson Foods: Workers demand respect in Grand Rapids, MI","Pessoas pedem respeito em Grand Rapids, MI","People are asking for respect in Grand Rapids, Michigan.",0,230,343,2240,1766,1891,246,1154,7870
New White House Comms Director Helped Recover Mike Piazza’s 9/11 Jersey,"""Diretor de Comunicações da Nova Casa Branca ajudou a recuperar a camisa do Mike Piazza dos ataques de 11 de setembro.""","**""Director of Communications at the New White House helped retrieve Piazza's shirt from the attacks of September 11.""**",0,232,752,2382,2117,1980,1273,1506,10242
Thousands of DACA recipients are scrambling to make the Trump administration’s ‘unworkable and cruel’ deadline,"Milhares de portadores de DACA estão tentando, com pressa, cumprir o prazo intransigente e cruel da administração Trump.",Thousands of DACA holders are desperately rushing to meet the administration Trump's unyielding and harsh deadline.,0,144,752,1098,1295,1189,783,1350,6611
Hillary Clinton Overshadows the Most Important Moment of The Grammys,Hillary Clinton Sombreia o Momento Mais Importante dos Grammy,"""Hillary Clinton Casts a Shadow Over the Moment of the Grammy""",0,162,752,1921,1270,1535,1622,1122,8384
Mitch McConnell doesn't appreciate his party's president interfering in government,Mitch McConnell não apreceia a interferência de seu partido na liderança governamental.,Mitch McConnell is not fond of his party's interference in government leadership.,0,167,752,910,1220,415,979,228,4671
Crooked Clinton Foundation Won't Return ONE PENNY of Harvey Weinstein Donations,Fundação Clinton Encurvada Não Devolverá Um Centavo das Doações de Harvey Weinstein,The Clinton Foundation Bent Out of Shape Won't Give Back a Penny of Harvey Weinstein's Donations,0,147,752,740,1389,1690,1371,1696,7785
MSNBC’s Katy Tur Lashes Out At Male Viewer Who Noticed Her Cleavage,Katy Tur Ataca Homem Que Notou Suas Roupas,Katy Tur Attacks Man Who Noted Her Clothes,0,263,752,2063,2471,2334,1157,2124,11164
Trump Has Killed More Civilians with Illegal Drone Strikes in 9 Months Than Obama Did in 8 Years,Trump Matou Mais Civis em 9 Meses com Ataques de Drones Illegais do Que Obama em 8 Anos,"""Trump Killed More Civilians in 9 Months with Illegal Drone Attacks Than Obama Did in 8 Years""",0,76,208,219,253,112,32,405,1305
Sean Spicer trolled for tweet ripping WaPo for ignoring Weinstein scandal,"""Sean Spicer foi caçado por um tweet arrancando o Washington Post por ignorar o escândalo Weinstein.""",Sean Spicer was hunted down by a tweet that put the Washington Post on notice for ignoring the Weinstein scandal.,0,227,752,2079,1776,2220,1949,2217,11220
Leader Who Rebuilt Time Warner Empire Prepares an Exit,"""O Líder Que Reconstruiu o Império de Time Warner Prepará Um Encerramento""","""O Líder Que Reconstruiu o Império de Time Warner Prepará Um Encerramento"" se traduz para o inglês como: ""The Leader Who Rebuilt the Empire of Time Warner Is Preparing a Farewell.""",0,322,752,2433,2434,2379,1823,1677,11820
Simona Halep reaches 2nd round of the 2017 Citi Open in Washington,Simona Halep vence a segunda rodada do Citi Open 2017 em Washington,Simona Halep edges through the second round of the Citi Open 2017 in Washington.,0,102,752,398,378,505,1110,1297,4542
"WHOA: Alyssa Milano tweets story about Hillary and Benghazi emails, freaks her followers OUT","Allyss Milano twitta história sobre Hillary e e-mails de Benghazi, deixa seguidores LOUCO.","Allyss Milano tweets story about Hillary and Benghazi e-mails, sending followers wild.",0,151,268,1415,1828,1584,1877,1762,8885
Nikola Mirotic and Gordon Hayward both set to miss time due to injury,Nikola Mirotic e Gordon Hayward estão prestes a perder tempo devido a lesões.,Nikola Mirotic and Gordon Hayward are about to squander time due to injuries.,0,103,325,1148,1149,1361,1612,974,6672
"Rob Goldstone, Trump Intermediary, Likes Silly Hats and Facebook","Rob Goldstone, intermediário de Trump, que adora chapéus engraçados e Facebook","Rob Goldstone, Trump's go-between, who loves whimsical hats and Facebook.",0,160,752,1933,907,2029,849,1562,8192
Suspect Identified In NYC Terror Attack That Left 8 Dead; Pled Allegiance To ISIS,Suspito Identificado em Ataque Terrorista em NYC que Deixou 8 Mortos; Presta Aliança ao ISIS,Suspected ID'd in NYC Terrorist Attack; Aids ISIS,0,282,752,2073,2474,2415,2315,2176,12487
‘This is SICK’! Actor Michael McKean attacks the VICTIMS of #SutherlandSprings,Isso é doente! Ator Michael McKean ataca os VÍTIMAS de #SutherlandSprings,Michael McKean lays into the VICTIMS of #SutherlandSprings,0,129,378,1305,2185,2460,2336,2045,10838
House Republican Cuts to Nutrition Assistance Would Harm Families in Every State,Recortes dos Republicanos na Nutrição Assistencial Danificariam Famílias em Cada Estado,"""Republican Cuts in Nutritional Assistance Would Harm Families Across Every State""",0,101,510,602,501,494,994,367,3569
BREAKING: Trump Makes Surprise Announcement About Transgenders… LGBT Shocked,TRUMP FAZ ANÚNCIO SURPRESA SOBRE TRANSGÊNEROS... LGBT EMBARGADO,TRUMP MAKES SURPRISING ANNOUNCEMENT ABOUT TRANSGENDER PEOPLE... LGBT COMMUNITY PUMMELED.,0,187,752,1910,2073,2088,1956,1953,10919
Miami Art Professor Turns American Flags into KKK Hoods Causing Outrage,Miami Art Professor Transforma Bandeiras Americanas em Capuzes da KKK Causando Revolta,'Miami Art Professor Transforms American Flags into KKK Hoods Sparking Outrage',0,45,260,303,177,483,1268,1301,3837
Blog: Sympathy for terrorists: State Department touts Palestinian charade,Blog: Sympathy for terrorists: State Department touts Palestinian charade para o português.,"""Blog: Empathy for terrorists: State Department touts Palestinian farce""",0,60,141,444,582,1772,2533,1767,7299
Democrats set to question Jeff Sessions on another ‘clarification’ around meetings with Russians,Democratas estão prestes a questionar Jeff Sessions por mais uma 'clarificação' sobre encontros com russos.,Democrats are about to grill Jeff Sessions for yet another 'clarification' on meetings with Russians.,0,121,752,1325,752,230,993,112,4285
Scaramucci Memo Leaked: Shows 'Communication Plan' For WH Staff Before His Firing,Comunicado Interno do Scaramucci: Revelado Plano de Comunicação Para Funcionários da Casa Branca Antes de Sua Demissão,'Communique Interno do Scaramucci: Plano de Comunicação Revelado para Funcionários da Casa Branca Antes de Sua Saída',0,384,752,2500,2511,2172,2405,2108,12832
Supreme Court Justice Ruth Bader Ginsburg Speaks About #MeToo And Her Own Experience Being Sexually Harassed,"Ruth Bader Ginsburg, da Suprema Corte dos Estados Unidos, fala sobre #MeToo e sua própria experiência com assédio sexual.","Ruth Bader Ginsburg, a Supreme Court of the United States, spoke about #MeToo and her own experience with sexual harassment.",0,196,752,916,439,1681,591,1590,6165
Security Incident Management Market to Witness a Pronounce Growth During 2017 – 2025,"""Mercado de Gerenciamento de Incidentes de Segurança: Prevê Crescimento Expressivo Durante 2017-2025.""","""Security Incident Management Market Predicts Strong Growth from 2017-2025.""",0,124,640,2120,832,526,985,1163,6390
‘This is not our America’: Hispanic CEO quits Trump’s diversity council,"""Isso não é nosso América"".","""This is not our America.""",0,153,752,2320,2404,2342,2,1799,9772
Time Traveler Who Has Been To The Year 2030 Shares His Experiences,Viajante no Tempo que Esteve no Ano 2030 Comparte Suas Experiências,Time Traveler Who Spent Time in the Year 2030 Shares Their Experiences,0,113,752,585,433,760,778,1219,4640
Kurt Russell Walks Off 2nd Interview on Gun Control [2 separate interviews here] (Video),Kurt Russell abandona 2ª entrevista sobre controle de armas,Kurt Russell drops the 2nd interview on gun control,0,142,752,1782,1939,1697,297,1159,7768
"Photogallery - Apple will build its new billion-dollar data center in Waukee, Iowa","Galeria fotográfica - A Apple construirá seu novo centro de dados bilionário em Waukee, Iowa.","Photo gallery - The Apple will build its billion-dollar data center in Waukee, Iowa.",0,47,123,357,773,193,221,661,2375
Comic book company pulls cover showing lynching and castration of man of color,"""Empresa de quadrinhos revela capa mostrando linchamento e castração de homem de cor.""","""Company unveils comic cover depicting lynching and castration of man of color.""",0,89,249,644,843,699,758,1208,4490
‘Thought-police scientists shutting down factual climate change debate’ – Ex-Aussie PM,Cientistas de vigilância de pensamentos extinguindo debate sobre mudanças climáticas,"""Mind watch scientists smothering climate change debate""",0,242,752,2309,2335,2413,1777,2326,12154
Why does it take so long to get an apartment?,Parece que está demorando uma eternidade para conseguir um apartamento.,It seems like it's taking forever to find an apartment.,0,263,752,2256,1144,1788,134,1,6338
Liberal org vows to pressure Fox News’ advertisers in boycott over this story about Roy Moore,Liberal org promete pressionar os anunciantes da Fox News com um boicote devido a esta história sobre Roy Moore.,Fox News advertisers could face a liberal boycott over the Moore story.,0,238,752,1766,1907,1226,1159,1441,8489
Has 'Dragon Ball Super' turned Frieza into a good guy?,"Has 'Dragon Ball Super' turned Frieza into a good guy? traduz-se como:

Has 'Dragon Ball Super' turned Frieza into a good guy? (tradução literal): ""Dragon Ball Super transformou Freeza em um bom cara?""

Translation (tradução): ""Dragon Ball Super transformou Freeza em um homem bom?""

Mantendo o sentido metafórico original, a resposta adequada é:
""Dragon Ball Super transformou Freeza em um homem bom?""","""Dragon Ball Super transformou Freeza em um homem bom?""",0,293,752,2465,2519,1349,2401,1755,11534
"People Died in Red Bluff, California and There are No Easy Solutions","Pessoas Morreram em Red Bluff, Califórnia e Não Há Soluções Fáceis","People Died in Red Bluff, California and There Are No Easy Solutions.",0,1,41,57,13,74,471,560,1217
"As Petro-Yuan Looms, Bundesbank Adds Renminbi To Currency Reserves","As Sombras das Petro-Yuan Pair, Bundesbank Adiciona Yuan ao Resgate em Reservas Monetárias","'The Shadows of the Petro-Yuan Pair, Bundesbank Adds Yuan to Monetary Reserve Basket'",0,246,752,1992,2255,2283,2002,2325,11855
Toymaker VTech Settles Charges of Violating Child Privacy Law,Fabricante de Brinquedos VTech Acusa a Justiça de Violação à Lei de Privacidade Infantil,"""Toy Maker VTech Accuses Justice of Child Privacy Law Breach""",0,187,752,1331,2169,796,1402,2143,8780
GOP Senate candidate Josh Mandel embraces far right Pizzagate conspiracy theorists,Josh Mandel acolhe os teóricos da conspiração de Pizzagate do lado direitista.,Josh Mandel harbors Pizzagate's conspiratorial theorists to his right.,0,263,752,2347,2013,2293,1497,1720,10885
ECB Spawned Mass Culture of Financial Dependency that’s Now Very Hard to Undo,"""ECB gerou uma cultura massiva de dependência financeira que agora é muito difícil de desfazer.""","""The ECB has fostered a massive culture of financial dependency that is now very difficult to unwind.""",0,157,752,1662,1530,816,1201,403,6521
‘I Love Islamic State’: Muslim Guilty of Showing Beheading Video to Child,"""Muslim Culpa de Exibir Vídeo de Decapitação para Criança""","""Muslims 'Guilty' for 'Exhibiting' Beheading 'Video' to 'Child'""

(Note: If the original text doesn't literally translate word-for-word, but rather uses idioms or figures of speech, try to capture the spirit and intent of the original text in the translation. If any ambiguity exists or if the text requires contextual clues to be understood, those should be carefully considered to ensure an accurate representation.)",0,361,752,2458,2226,2543,2322,2421,13083
Obama rips the 'fundamental meanness' of the GOP's healthcare repeal bill,"Obama rasga a ""maldade fundamental"" do projeto de desmantelamento da saúde do GOP.","""Obama tears apart the 'fundamental evil' from the GOP's healthcare destruction project.""",0,167,752,1416,1894,1792,1551,1633,9205
Proof GMOs Cannot Be Contained — GM Mosquitoes Mating With Wild Mosquitoes And Spreading GM Traits,GMOs que não podem ser contidos — GM Mosquitos se acasalam com Mosquitos selvagens e disseminam traços GM,GMOs that can't be contained — GMO mosquitoes mate with wild mosquitoes and spread GMO traits.,0,158,752,641,1399,1974,1610,666,7200
"At a Public School in Denver, Refugee Children Find Hope and Frustration","""Em uma escola pública em Denver, crianças refugiadas encontram esperança e frustração.""","""In a public school in Denver, refugee children find hope and frustration.""",0,13,752,436,89,1516,345,1,3152
#Nuclearban: How Will China Play Its Hand? – Antiwar.com Blog,#BanNuclear: Como China Jogará Sua Cartada – Blog do Antiwar.,#BanNuclear: How China Will Play Its Hand - Antiwar Blog,0,80,752,1761,1491,516,2182,1605,8387
The Situation' is facing 15-years in prison for tax charges,'Ele enfrentará uma sentença de 15 anos de prisão por acusações fiscais.',He will face a sentence of 15 years in prison for tax allegations.,0,197,492,1504,1006,1322,358,875,5754
BUSTED: Vermont white nationalist loses job at pizza chain after being spotted in Charlottesville,Desmascarado: Nacionalista de Vermont do movimento supremacista branco perde emprego em rede de pizzarias após ser flagrado em Charlottesville,'Revealed: Vermont nationalist in the white supremacist movement loses job at pizza chain after being caught in Charlottesville',0,106,324,1045,1574,1150,1134,1813,7146
Topless Pro-Abortion Feminist Tries to Steal Baby Jesus From Vatican Nativity Scene,Mulher Feminista Anti-Abolição Sem Topo Tenta Roubar o Menino Jesus do Presépio do Vaticano,'Feminist Anti-Abolitionist Woman Without a Top Tries to Steal the Baby Jesus from the Vatican Nativity Scene',0,120,752,1299,2111,1566,1973,1885,9706
Deadly Ambush of Green Berets in Niger Belies a ‘Low-Risk’ Mission,Emboscada Mortal de Beretes Verdes no Níger Desmente uma 'Missão de Baixo Risco',"""A deadly ambush of green berets in Niger disproves a 'low-risk mission'.""",0,24,752,900,1230,2037,1463,1341,7747
NBC Is Making $5 Million For 30-Second Super Bowl Commercials,A NBC está fazendo $5 milhões por comerciais de 30 segundos para o Super Bowl.,"""NBC is raking in $5 million for 30-second commercials during the Super Bowl.""",0,88,752,861,395,978,340,839,4253
America is desperately failing Puerto Rico in the wake of Hurricane Maria,"""America is failing Puerto Rico desperately in the wake of Hurricane Maria"" - ""A América está falhando miseravelmente com a Puerto Rico no rastro do Furacão Maria""","America is failing Puerto Rico desperately in the wake of Hurricane Maria.

- ""A América está falhando miseravelmente com a Puerto Rico no rastro do Furacão Maria.""",0,175,631,2151,1989,2286,2211,1044,10487
Uber CEO Travis Kalanick Takes Leave After Eric Holder Report,Uber CEO Travis Kalanick Take Leave After Eric Holder Report,"""Uber CEO Travis Kalanick Takes Leave After Eric Holder Report""

Translado criativo: ""Uber CEO Travis Kalanick Sai De Folga após Relatório de Eric Holder""",0,170,432,2070,2024,2101,1960,1905,10662
Aleppo’s Melkite archbishop looks to rebuild city from the ashes,Arcebispo de Aleppo dos Melquitas busca reconstruir a cidade das cinzas,The Patriarch of the Melkites of Aleppo seeks to rebuild the city from the ashes,0,180,653,1190,737,1327,1480,1127,6694
University Clinic Teaches Transgender People How To Speak With Voices To Fit Their Gender Choice,Clínica Universitária Ensinava Pessoas Transgênero a Falar com Vozes que Correspondiam à Sua Escolha de Gênero.,University Hospital Taught Transgender Individuals How to Speak with Voices That Corresponded to Their Choice of Gender.,0,133,752,689,499,821,1223,1376,5493
Has NASA Lost Its Way? | 1993 Washington Post Article by Peter Carlson,"O artigo 'Has NASA Lost Its Way?' | 1993 Washington Post Article by Peter Carlson, foi traduzido para o português como ""A NASA Se Perdeu?""","The article ""O artigo 'Has NASA Lost Its Way?' | 1993 Washington Post Article by Peter Carlson, foi traduzido para o português como ""A NASA Se Perdeu?"""".",0,139,484,2197,2051,2214,2485,2151,11721
Virginia needs Ralph Northam as its next governor. Here's why,Virgínia necessita de Ralph Northam como seu próximo governador. Aqui está o porquê.,"""Virginia needs Ralph Northam as its next governor. Here's why.""",0,1,25,273,44,114,29,145,631
Photogallery - Scottie Pippen puts LeBron James ahead of Michael Jordan,"""Scottie Pippen coloca LeBron James à frente de Michael Jordan.""",Scottie Pippen put LeBron James in front of Michael Jordan.,0,100,752,1336,1687,818,667,426,5786
Pit Bulls save children from copperhead snake lurking in their yard,Cães Pitbull salvam crianças de cascavel de cobre escondida em seu quintal.,"""Pitbulls rescue kids from a copper snake hidden in their backyard.""",0,275,752,1799,1283,1659,906,1049,7723
"Turner Prize Goes to Lubaina Himid, Whose Work Depicts African Diaspora","Prêmio Turner Vá Para Lubaina Himid, Cujas Obras Depictam a Diáspora Africana","""Turner Prize Goes to Lubaina Himid, Whose Work Depicts the African Diaspora""",0,5,52,137,109,687,952,646,2588
Russia and China backed crippling UN sanctions against North Korea,Sanções esmagadoras da UN apoiadas pela Rússia e China contra a Coreia do Norte,Crushing UN sanctions backed by Russia and China against North Korea.,0,162,752,1173,1103,1443,1196,1657,7486
Unhinged Ann Coulter Calls For ‘Death Squads’ To Clear Out Immigrants (AUDIO/VIDEO),"""Aninhado Ann Coulter Pede ‘Esquadrões Mortais’ Para Limpar Imigrantes""","""Nestled Ann Coulter Calls for ‘Death Squads’ to Clean Immigrants""",0,101,752,1805,2084,2261,2036,2242,11281
W.H.O. Is Right? World Health Organisation Argues Monsanto Uses Cancerogenics,Mundo.,World,0,352,752,2578,2592,2582,275,2455,11586
HHS Creates Exemption for Companies Opposed to Providing Birth Control on Religious Grounds,"""O HHS cria isenção para empresas que se opõem a fornecer anticoncepcionais por razões religiosas.""",The HHS grants religious exemption for businesses that oppose providing contraceptives.,0,285,752,1661,1471,1749,1021,622,7561
"How Shelley Worrell, Creator of CaribBeing, Spends Her Sundays","How Shelley Worrell, Criadora de CaribBeing, Gasta Seus Domingos","""How Shelley Worrell, Creator of CaribBeing, Spends Her Sundays.""",0,1,25,116,72,68,1712,493,2487
Out for votes: Battle over rights inspires more US transgender candidates,"Por fora, mais candidatos transexuais em jogo","""By outside, more transgender candidates in play.""",0,287,752,2447,2507,2501,2281,2358,13133
Satanists Are Trying to Force Christian Bakers to Make Satanic Cakes,Satanistas Estão Tentando Forçar Padeiros Cristãos a Fazerem Bolos Satanistas,"""Bakers Must Craft Satanic Pastries under Satanic Pressure""",0,330,752,2133,1771,2347,2363,2319,12015
Project Veritas Drops Another Video Bomb Of CNN Producer Mocking Chris Cuomo [VIDEO],Vídeo Bomba de Project Veritas: Ex-produtor da CNN Critica Publicamente Chris Cuomo,"""Video Bomb from Project Veritas: Ex-CNN Producer Publicly Criticizes Chris Cuomo""",0,206,752,1792,2113,1332,1245,1303,8743
Maddow reveals that Sater & Cohen may have violated the Trading with the Enemy Act,Madow revela que Sater & Cohen podem ter violado a Lei de Comércio com o Inimigo,Madow reveals that Sater & Cohen may have breached the Law of Trade with the Enemy.,0,105,218,660,945,771,750,678,4127
Court: Texas Can Enforce More of 'Sanctuary Cities' Law,A lei do Texas pode forçar mais cidades-refúgio a agirem.,The Texas law can force more sanctuary cities to act.,0,187,752,2136,1840,2030,338,830,8113
How to make a brine for turkey that will make mouths water on Thanksgiving Day,Como fazer um salmour que vai fazer a saliva esguichar no Dia de Ação de Graças,How to make a turkey that will make the saliva splash on Thanksgiving,0,92,328,848,1963,1848,2327,2318,9724
Antifa Website Admitted To Pouring Concrete On Amtrak Tracks – Could This Have Caused Derailment?,Website Antifa Admitiu Ter Vertido Concreto nos Trilhos da Amtrak – Poderia Isso Ter Causado a Derivação?,"""Antifa Website Admitted to Pouring Concrete on Amtrak Tracks – Could This Have Caused a Detour?""",0,18,246,266,962,361,1453,1602,4908
ISIS Is Now Using Female Sex Slaves To Recruit Rapists,ISIS agora está usando escravas sexuais para recrutar estupradores.,ISIS is now using sex slaves to recruit rapists.,0,7,752,22,539,716,35,32,2103
At Least 6 White House Advisers Used Private Email Accounts,Menos de seis assessores da Casa Branca utilizaram contas de e-mail privadas.,"""Less than six White House aides used private email accounts.""",0,147,752,1252,1069,692,105,982,4999
Sen. Al Franken broke down in tears describing the impact of government policies in his own family,Sen. Al Franken se desfez em lágrimas ao descrever o impacto das políticas governamentais sobre sua própria família.,Sen. Al Franken melts into tears as he describes the impact of government policies on his own family.,0,108,323,440,402,373,328,510,2484
Green Bay Packers put Aaron Rodgers on IR again,Green Bay Packers colocaram Aaron Rodgers no 'IR novamente'.,Green Bay Packers placed Aaron Rodgers back in the 'IR' again.,0,99,752,1478,547,1082,2406,1582,7946
Acorda Therapeutics shares jump on media reports of takeover interest from Biogen and others,Acorda Therapeutics vê ação alta na mídia com relatórios de interesse em aquisição de Biogen e outros.,Acorda Therapeutics sees high stock activity in the media with reports of interest in the acquisition of Biogen and others.,0,185,752,1198,1159,2116,1370,1461,8241
Randy Newman: And You Thought ‘Short People’ Was Controversial?,E você pensou que 'Pessoas Pequenas' fosse Controversial?,"""And you thought 'Little People' was Controversial?""",0,74,752,2038,1772,1157,1961,2181,9935
The Government Of Ohio Bans Abortion For Children With Down Syndrome,O governo do Ohio proíbe abortos para crianças com síndrome de Down.,The government of Ohio bans abortions for children with Down syndrome.,0,15,752,37,35,574,65,1,1479
Global Driving Recorder Market Expected To Consume the Largest Market Share By 2022,"""Mercado de Registro de Direção Global Esperado Para Consumir a Maior Parte do Mercado até 2022""","""The Global Vintage Market is Expected to Consume the Majority of the Market by 2022""",0,121,752,1712,2343,1814,2190,1966,10898
"North Korea Fires a Ballistic Missile, in a Further Challenge to Trump","Coreia do Norte Lança um Mísil de Foguete, Em Um Novo Desafio a Trump","'North Korea Launches Ballistic Missile, New Challenge to Trump'",0,113,752,1981,637,566,1138,900,6087
"Corporate Media Proves Loyalty to Abusers, Belittles Corey Feldman After He’s Vindicated (Video)","""Mídia Corporativa Demonstra Lealdade a Abusadores, Menospreza Corey Feldman Após Sua Redenção ( Vídeo)""","""Corporate Media Demonstrates Loyalty to Abusers, Disdains Corey Feldman After His Redemption (Video)""",0,113,512,1185,1010,926,1107,935,5788
Congress Must Audit PREPA as Hurricane Fallout in Puerto Rico Continues,Congresso Deve Examinar O Desdobramento PrepA como Devastação Devida ao Furacão em Puerto Rico Continua,"Congresso Deve Examinar o Desdobramento PrepA como Devastação Devida ao Furacão em Puerto Rico Continua
Congress Must Consider Unfolding PrepA As Devastation Due to Hurricane in Puerto Rico Persists",0,264,752,2254,2381,2497,2394,2391,12933
"Trump Administration Defends Cuba Embargo at U.N., Reversing Obama","""Governo Trump Defende Embargo à Cuba na ONU, Invertendo Políticas de Obama""","""Trump Administration Defends Cuba Embargo at UN, Reversing Obama's Policies""",0,68,233,1044,364,374,1636,698,4417
Jets Move Safety Ronald Martin to the Colts for Long Snapper Thomas Hennessy,Jets Move Safety Ronald Martin to the Colts for Long Snapper Thomas Hennessy = Ronald Martin do New Jets e do Safety para os Colts por Thomas Hennessy do Snap do Long,Ronald Martin was moved into the Colts for long snapper Thomas Hennessy from the Jets safety.,0,136,752,513,1409,2173,2467,2339,9789
"BREAKING! SINGER KAYA JONES: PUSSYCAT DOLLS WAS A PROSTITUTION RING, DRUGGED & MENTALLY BROKE US UNTIL ONE MEMBER COMMITTED SUICIDE","TRAGÉDIA! CANTORA KAYA JONES: O GATO SEDUZIDO FOI UMA RINGUE DA PROSTITUIÇÃO, SEDADA & MENTALMENTE FRATURADA ATÉ QUE UMA INTEGRANTE COMETEU SUICÍDIO","""Tragedy! Singer Kaya Jones: The Cat-Seduction Act Was a Prostitution Ring, Sedated & Mentally Shattered Until One Member Committed Suicide.""",0,112,752,1030,2003,2549,2329,2419,11194
Trump in Devastated Puerto Rico: You've Thrown Budget 'Out of Whack',Puerto Rico desolada: Você jogou o orçamento 'fora de esquadro'.,"""Puerto Rico desolada: You tossed the budget 'out of square'.""",0,177,752,2009,2283,2161,2106,2359,11847
Ralph Northam Did Better Among Virginia Women Than Hillary Clinton Did,Ralph Northam fez melhor entre as mulheres da Virgínia do que Hillary Clinton.,Ralph Northam exceeded Hillary Clinton in Virginia by a mile among women.,0,282,752,1872,1887,1917,1792,1291,9793
Sloppy U.S. Spies Misused a Covert Network for Personal Shopping — and Other Stories from Internal NSA Documents,Agentes Americanos de Inteligência Desajeitados Usaram uma Rede Secreta para Compras Pessoais - e Outras Histórias de Documentos Internos da NSA,"""Clumsy American Intelligence Agents Used a Secret Network for Personal Purchases - And Other Stories from Internal NSA Documents""",0,141,466,1066,1024,1246,813,1002,5758
Real Housewives of Orange County' Tamra Judge has skin cancer again,"Tamra Judge teve que lidar novamente com a ""pele"" da saúde.","Tamra Judge had to deal with the ""skin"" of health again.",0,275,752,2411,2389,2531,2191,2315,12864
Photogallery - Justin Bieber settles issue with Marilyn Manson over T-shirt design,Álbum de fotos - Justin Bieber resolve questão com Marilyn Manson sobre o design da camiseta.,Photo Album - Justin Bieber settles issue with Marilyn Manson over t-shirt design.,0,24,79,195,1102,71,434,795,2700
Windows Phone 8.1 has reached its limit in terms of updates and security patches,Windows Phone 8.1 alcançou seu limite em termos de atualizações e patches de segurança.,"""Windows Phone 8.1 has reached its shelf life in terms of updates and security patches.""",0,16,92,382,1025,240,518,434,2707
Dragon Ball Super' fans have uncovered the identity of the new Super Warrior,O fã de Dragon Ball Super revelou a identidade do novo Super Guerreiro.,The Super Dragon Ball fan disclosed the new Super Warrior's identity.,0,206,752,1279,826,970,1618,1777,7428
Missouri Man Faces Terrorism Charges for Attempted Train Hijacking,Homem de Missouri é processado por tentar roubar um trem,Man of Missouri is sued for attempting to rob a train.,0,297,752,2129,1903,1787,566,1342,8776
Niall Horan denies dating Olympia Valance: Here's what he has to say,Niall Horan nega qualquer envolvimento amoroso com Olympia Valance: Aqui está o que ele tem a dizer.,Niall Horan denies any romantic involvement with Olympia Valance: Here's what he has to say.,0,41,112,257,210,389,104,67,1180
"Jimmy Kimmel slams Republican healthcare bill: 'This guy, Bill Cassidy, just lied right to my face'","Este cara, Bill Cassidy, acabou de mentir bem na minha cara.","""This guy, Bill Cassidy, just pulled a fast one right on my face.""",0,172,511,2293,2455,2551,2366,2302,12650
Just A Reminder: It Was Ivanka Who Insisted Daddy Appoint Mike Flynn,Lembrando: Foi Ivanka quem insistiu que Daddy nomeasse Mike Flynn.,"""Reminder: It was Ivanka who insisted that Daddy appoint Mike Flynn.""",0,28,752,772,608,416,1246,764,4586
Brutal Russian Nightclub Fight Turns Into Dramatic Shooting [VIDEO],Combate Brutal em Nightclub Russo Turna em Drâmatica Tiros [VIDEO],"""Ruthless Fight in Russian Nightclub Turned into Dramatic Gun Battle [VIDEO]""",0,196,752,936,1093,1459,2079,1779,8294
The Lost Sphinx of Giza—Experts claim there was a SECOND Sphinx near the Pyramids,O Mistério Desaparecido do Sábio de Gizé—Experts claim there was a SECOND Sphinx near the Pyramids,The Mysterious Disappeared Wisdom of Giza—Experts claim there was a SECOND Sphinx near the Pyramids.,0,36,56,96,1407,2019,2487,2106,8207
"Let Them Eat (Yellow) Cake, Where the Uranium Comes From","Deixe-os Comer (Amarelo) Bolovo, Onde a Urânio Vem da",'Let them eat the Bolovo (Yellow) Urânio Where it comes from'.,0,124,752,2207,2417,2476,2386,2383,12745
Iraqi Politicians Considering Law Allowing Legal Marriage for Nine-Year-Old Girls,Políticos iraquianos considerando lei que permite casamento legal para meninas de nove anos.,"""Politicians in Iraq are considering a law that allows legal marriage for nine-year-old girls.""",0,91,752,600,495,1130,319,256,3643
Photogallery - Channing Frye shares his amazement over Derrick Rose,Channing Frye partilha sua admiração por Derrick Rose,Channing Frye shares his admiration for Derrick Rose,0,95,395,1380,1354,908,56,70,4258
Shady data mining firm sought Clinton dirt from WikiLeaks right after getting hired by Trump,"""Firma de mineração de dados sombria tentou encontrar 'dirt' sobre Clinton do WikiLeaks logo depois de ser contratada por Trump.""","""The dark data mining firm attempted to find 'dirt' on Clinton from WikiLeaks just after being hired by Trump.""",0,153,752,1129,1040,747,1784,1433,7038
Microsoft Discloses DREAMer Employees in Plea for DACA Continuance,Microsoft Revela Funcionários DREAMer no Apelo para a Continuidade do DACA,"""Microsoft Unveils DREAMer Staff in Call to Preserve DACA""

(Note: The original phrase ""Microsoft Revela Funcionários DREAMer"" is a play on the acronym ""DREAMer"", which refers to people who grew up in the US without immigration status and qualify for the Deferred Action for Childhood Arrivals (DACA) program. The translation aims to preserve the acronym and its context.)",0,356,752,2460,2192,2494,2479,2351,13084
Police Found Hundreds Of Shell Casings At Scene Of Texas Shooting,A Polícia Encontrou Centenas De Casulos De Carregadores No Cena Do Tiroteio No Texas,Police found hundreds of spiderlings in the scene of the Texas shootout.,0,142,752,1610,2349,2404,2378,1961,11596
"Anthony Scaramucci Denies His Tweet Targeted Reince Priebus for FBI Investigation, Has Simple Explanation","Anthony Scaramucci nega que seu tweet tenha alvo Reince Priebus para investigação do FBI, tem uma explicação simples.","Anthony Scaramucci denies that his tweet was aimed at Reince Priebus in an FBI probe, but he offers a simple explanation.",0,161,752,998,490,1610,1265,416,5692
Will Trump Invade Iran? An Interview with Middle East Expert Lawrence Davidson,Will Trump Invadir o Irã? Uma Entrevista com o Especialista do Oriente Médio Lawrence Davidson.,'Will Trump Invade Iran? An Interview with Middle East Expert Lawrence Davidson.',0,1,23,192,159,154,166,219,914
"Joy Reid shreds Trump’s ‘racist, fear-mongering’ ad claiming Democrats will be ‘complicit in murders’","Joy Reid rasga o anúncio racista, de instigação ao medo, do Trump, que afirma que os Democratas serão ""complices em assassinatos"".","Joy Reid tears apart the racist, fear-mongering ad from Trump that claims Democrats will be ""accessories to murders.""",0,161,752,1458,673,1232,1212,1395,6883
"‘The Sims 4 Cats & Dogs’ gets a new trailer, Know how to use Create-a-Pet system","'Os Sim 4 Cats & Dogs' recebem um novo trailer, saiba como usar o sistema Create-a-Pet.","""The Sim 4 Cats & Dogs receive a new trailer, learn how to use the Create-a-Pet system.""",0,52,592,379,464,728,776,990,3981
Texas Clinics Offer ‘No-Cost Abortions’ for Victims of Hurricane Harvey,Clínicas do Texas Oferecem Abortos Sem Custo para Vítimas de Hurricane Harvey,Texas Clinics Provide Free Abortions to Hurricane Harvey Victims.,0,196,752,1278,544,473,274,183,3700
Voters trust Jimmy Kimmel over GOP on health care: poll,Eles depositam mais confiança em Jimmy Kimmel do que no GOP no que diz respeito à saúde: pesquisa,They put more trust in Jimmy Kimmel than in the GOP when it comes to health: survey.,0,269,752,2162,1395,1278,782,956,7594
Justice Department Agrees To Pay Tea Party Victims In Obama IRS Targeting Scandal,Ministério da Justiça Concorda em Pagar Vítimas do Caso de Perseguição da Receita de Obama,"""Ministério da Justiça Concorda em Pagar Vítimas do Caso de Perseguição da Receita de Obama"" traduz-se para o inglês como ""Justice Department Agrees to Pay Victims in Obama’s IRS Harassment Case"".",0,280,752,2429,2400,2165,1756,2336,12118
Russia playing all sides in the North Korean issue,Russia está jogando em todos os lados no conflito da Coreia do Norte.,Russia is playing both sides in the North Korea conflict.,0,129,530,1562,842,797,1314,52,5226
‘He drank the Kool-Aid’: Homeland Chief Kelly ripped for lying at his hearing — then pushing Trump agenda,"""Ele bebeu o xarope.""","""It was a bitter medicine to swallow.""",0,391,752,2486,2574,2550,2220,2471,13444
Donald Trump states that China does nothing to stop North Korea,Donald Trump afirma que China nada faz para deter a Coreia do Norte,Donald Trump asserts that China does nothing to reign in North Korea.,0,59,315,521,1521,1616,195,1176,5403
"Major Islamic Terrorists Declare This Order For Muslim Terrorists To Kill Christians: “Blow Up Their Churches And Monasteries, Kill Their Priests And Monks, Do Not Show Mercy Toward Any Christian For ","""Declaramos esta ordem aos terroristas muçulmanos para que matem cristãos: 'Explodam suas igrejas e mosteiros, matem seus padres e monges, não demonstrem misericórdia com nenhum cristão.'""","'Declare this order to Muslim terrorists: ""Blow up your churches and monasteries, kill your priests and monks, show no mercy to any Christian.""'",0,112,752,987,1421,1831,680,2085,7868
"Egypt: Christians pelted with rocks, four churches closed as government treats prayer “as a crime”","Egito: Cristãos apedrejados, quatro igrejas fechadas enquanto o governo trata a oração ""como um crime"".","""Egypt: Christians stoned, four churches closed as the government treats prayer as a crime.""",0,40,398,857,731,1113,466,1502,5107
‘Stranger Things’ creators plan to end series after fourth season,Criadores de 'Stranger Things' planejam encerrar a série após a quarta temporada.,"""Stranger Things' Creators Plot to Wrap Series After Fourth Season.""",0,50,752,1532,1294,1285,672,1727,7312
BOOM! Editor-in-chief of @RT_com drops a bomb on @Jack and Twitter,BOOM! Editor-chefe de @RT_com deixa um bomba em @Jack e Twitter,Boom! Editor-in-chief of @RT_com drops a bomb on @Jack and Twitter,0,1,3,3,25,151,1817,942,2942
Pokemon Go' datamine reveals anti cheat measures & PTC improvements,"""Datinamento revela medidas anticheat e melhorias PTC""","""Datinamento reveals anti-cheat measures and PTC improvements""",0,95,752,2002,2149,1736,2004,1240,9978
How a Radical Left-Wing Historian Birthed the Anti-Columbus Crusade,"""Como um historiador radicámente de esquerda gerou a cruzada anti-Colombo.""","""How a radically left historian sparked the anti-Columbus crusade.""",0,68,752,963,970,1486,489,918,5646
Hospitals Are Killing Thousands From ‘Climate Change’ Each Year Or Something,Hospitais são matando milhares por ano devido ao ‘cambio climático’ ou alguma coisa do tipo.,"""Hospitals are killing thousands yearly due to the ‘climate change’ or something similar.""",0,112,752,1343,612,1807,1085,458,6169
Trump’s Border Security Plans Create Efficiencies in Deporting Illegal Aliens,Planos de Segurança da Fronteira de Trump Criam Eficiências na Deportação de Imigrantes Illegais,"""Trump's Border Security Plans Foster Efficiency in Deportation of Illegal Immigrants""",0,142,752,1891,477,808,407,617,5094
"Citing Recusal, Trump Says He Wouldn’t Have Hired Sessions","Citação Recusando, Trump Diz que Não Would Have Hired Sessions","""Refusing to Hire Sessions, Trump Declares He Wouldn't Have""",0,196,752,1923,1997,2212,2268,2231,11579
Senate Republicans to make another attempt at Obamacare repeal,Republicanos do Senado tentarão novamente derrubar o Obamacare.,The Republicans in the Senate will attempt to repeal Obamacare once again.,0,303,752,1753,643,565,752,10,4778
"Trump disillusioned with Congress, 'regrets' making Obamacare repeal his first effort","Trump, desiludido com o Congresso, 'arrependeu-se' de fazer a desmistificação da 'Obamacare' sua primeira tentativa.","Trump, disillusioned with Congress,'regretted' trying to repeal the 'Obamacare' 'first shot'.",0,188,674,1064,1123,2062,2070,2023,9204
How abstinence-only sex ed keeps some people from reporting their sexual assaults,Como a educação sexual baseada na abstinência impede que algumas pessoas relatem seus abusos sexuais.,"""How sexual education based on abstinence prevents some people from reporting their sexual abuses.""",0,151,464,1017,1836,498,382,301,4649
Buffett’s Berkshire To Reap $37 Billion Benefit From Trump Tax Cuts,"Buffett's Berkshire To Reap $37 Billion Benefit From Trump Tax Cuts para o português:

Buffett's Berkshire To Reap $37 Billion Benefício Das Reformas de Impostos do Trump",Buffett's Berkshire To Reap $37 Billion Benefit From Trump Tax Cuts,0,1,7,18,48,14,2188,1391,3667
"Verlander, Altuve lead Astros to Game 1 route of Red Sox in 2017 ALDS",Altuve e Verlander lideraram os Astros na derrota dos Red Sox na ALDS de 2017.,Altuve e Verlander led the Astros in defeating the Red Sox in the 2017 ALDS.,0,205,752,1791,1685,1904,721,1330,8388
in the past they died more readily and then at that point they are not posing a risk.,"No passado, eles morriam com mais facilidade e, nesse ponto, não representavam um risco.","They were easier to wipe out in the past, and at this point, they didn't pose a threat.",0,236,752,2047,1592,2405,1412,1734,10178
We Hear You: The Failure of Republicans to Repeal or Replace Obamacare,Ouçamos Vocês: O Fracasso dos Republicanos em Repele ou Substituir Obamacare,"""**Let's Hear You: The Republicans' Failure to Repeal or Replace Obamacare**""",0,74,354,1742,693,910,1717,1752,7242
"Level of Affection Given to a Baby Physically Affects their DNA, Research Finds","Nível de Afeto Físico que uma Criança Recebe Afeta seu DNA, Descobre Pesquisa.","""The level of physical affection a child receives affects their DNA, as discovered by research.""",0,160,752,1762,484,1060,444,105,4767
John Lewis blasts Trump’s ‘election fraud’ commission as a form of voter intimidation and harassment,"John Lewis dispara contra a comissão de 'fraude eleitoral' de Trump, chamando-a de uma forma de intimidação e assédio aos eleitores.","John Lewis opens fire on Trump's 'election fraud' commission, labeling it a form of voter intimidation and harassment.",0,52,376,1004,316,767,495,384,3394
A scientist just destroyed the conservative myth that inequality is necessary for economic motivation,Um cientista destruiu o mito conservador de que a desigualdade é necessária para a motivação econômica.,A scientific mind has shattered the conservative myth that inequality is essential for economic motivation.,0,105,281,323,655,615,282,436,2697
"Riders Outside Manhattan Can Now Hail Accessible Taxis, Too",Cavaleiros fora de Manhattan agora podem chamar taxis acessíveis também.,Riders outside of Manhattan can now also hail accessible cabs.,0,80,752,537,428,1536,2128,963,6424
"DUDE, really? Tim Kaine plays dumb about AntiFa, tweeps point to this PAINFUL (related!) source","Dude, realmente? Tim Kaine faz o idiota sobre AntiFa, twitters apontam para essa PAINFUL (relacionada!) fonte.","""Dude, really? Tim Kaine plays the fool with Antifa, Twitter points to this PAINFUL (linked!) source.""",0,120,367,1131,725,1624,2086,1661,7714
Whistleblower: FBI Informant Says ‘Secret Society’ Held Secret Meetings Off Site,Informante do FBI diz que 'Sociedade Secreta' realizou encontros secretos fora do local,"""Informante do FBI diz que 'Sociedade Secreta' realizou encontros secretos fora da pista""",0,376,752,2554,2539,2058,2474,1753,12506
Hizballah says an Israeli “spying device” spotted on Mt. Barouk,"Hizballah afirma que um ""dispositivo de espionagem"" israelense foi avistado no Monte Barouk.","""Hizballah asserts that an 'Israeli surveillance device' was spotted on Mount Barouk.""",0,124,752,1003,625,999,491,385,4379
Republican donor sues GOP for fraud over ObamaCare repeal failure,Doador republicano processa GOP por fraude devido ao fracasso na repetição do ObamaCare,"""Republican donator sues GOP for fraud due to failure in Obamacare rollout.""",0,177,674,1152,1304,490,1415,1234,6446
Travel ban could be revised to tackle possible terror attacks,Barreira de viagem pode ser revisada para enfrentar possíveis ataques terroristas.,Travel barrier may be revised to confront possible terrorist attacks.,0,147,752,530,1547,465,805,304,4550
The Arrested Saudi Prince Alwaleed Owns These 12 US Companies,O Príncipe Saudi Arrestado Alwaleed Possui Essas Doze Empresas Americanas,The Saudi Prince Arrested by Alwaleed owns these twelve American companies.,0,113,752,245,1400,1489,1644,1519,7162
Donald Trump Jr.'s mobster-lawyer wants you to know there's nothing to see here,"""O advogado-marfim de Trump quer que você saiba que não há nada para ver aqui.""",The ivory-tusked lawyer of Trump wants you to know that there's nothing to see here.,0,112,262,1389,2077,2005,1913,1982,9740
"With Styrka Dollars, Dealer Employees Save Big Bucks on Optics","Com Força de Dólares, Funcionários da Concessionária Economizam Grande Montante em Óticas","**""With the Power of Dollars, Dealership Employees Save a Large Sum in Optics""**",0,234,752,2281,1933,1599,1693,2200,10692
California Bans ICE Agents from State Labor Offices to Protect Illegal Workers,'California Baniu Agentes do ICE dos Escritórios Estaduais para Proteger Trabalhadores Ilegais',California banished ICE agents from state offices to shield illegal workers.,0,59,752,385,436,1513,1066,562,4773
Baltimore Dept Switched Out Whistleblower Cop’s Partner The Day He Was Murdered With his Own Gun,"De Baltimore, Polícia Desativada na Noite em que o Denunciante Policial Foi Assassinado com a Própria Arma","""From Baltimore, Police Shutdown on the Night the Denouncing Officer Was Assassinated with His Own Weapon""",0,276,752,2203,1856,2219,992,2128,10426
"MoviePass Drops Its Price, Pleasing Customers but Angering AMC","MoviePass Abaixa Preço, Agrada Clientes, Irrita AMC","""MoviePass Dropped Price, Pleases Customers, Bores AMC""",0,196,752,2183,1654,1667,1633,1675,9760
Illegal Immigrant Beheaded Mother And Gives SICK Excuse When Asked Why [WATCH],'Mulher Imigrante Ilegal Decapitada e Dá Desculpa Enfermizada Quando Perguntada Pelo Motivo [ASSISTIR]',"""Illegal Immigrant Woman Decapitated and Offers Sickly Excuse When Asked the Reason [WATCH]""",0,167,752,1430,1483,1748,2256,2282,10118
How Jeff Sessions is Stopping the EPA's Slush Fund,Como Jeff Sessions está Parando o Fundo Furtivo do EPA.,"""How Jeff Sessions is Curbing the EPA's Shady Budget""",0,100,490,1051,1274,1266,1789,1359,7329
Reese Witherspoon’s Makeup Artist Is Promoting Self-Love With Jewelry,Maquilhador de Reese Witherspoon está promovendo autoestima com joias,Reese Witherspoon's makeup artist is promoting self-esteem with jewelry,0,15,752,64,371,1136,867,369,3574
Ayatollah Khamenei scolds US about Charlottesville (and goes for new PROJECTION record),"""O Ayatollah Khamenei critica os EUA sobre Charlottesville (e bate novo RECORDE PROJEÇÃO)""",The Ayatollah Khamenei Criticizes U.S. Over Charlottesville (and Sets New RECORD PROJECTION),0,206,752,1339,1502,1556,2172,1858,9385
Photogallery - Apple to pursue ‘Augmented Reality' while earnings continue to increase,"""Photogallery"" da Apple se dedica a perseguir ""Realidade Aumentada"" enquanto suas receitas continuam a crescer.","""Photos by Apple's Gallery""",0,362,752,2495,2577,2566,2545,2490,13787
Tillerson Says the U.S. Will Never Accept Crimea Annexation,"""Tillerson Afirma que os EUA Nunca Aceitarão a Annexação da Crimeia"".","""Tillerson says U.S. will never accept the annexation of Crimea.""",0,68,684,1174,336,665,46,78,3051
Texas AG Paxton Urges Residents Not to Venture Out,"""Texas AG Paxton Pede que os Residentes Não Se aventurem Fora"".","""Texas AG Paxton Urges Residents to Stay Off the Streets""",0,129,375,1455,831,1617,2254,790,7451
‘Star Wars’ Royalty: Princes Said to Have Cameo in Film,'Star Wars' Royalty: Principes Dizerem Aterem Em Filme,''Star Wars' Royalty: Princes Should Stop Talking in the Movies'',0,196,752,2170,2315,2082,2181,2263,11959
Garbine Muguruza crushes Venus Williams in the 2017 Wimbledon women's final,Garbine Muguruza esmaga Venus Williams na final do Wimbledon feminino de 2017.,Garbine Muguruza pulverizes Venus Williams in the 2017 Wimbledon women's final.,0,13,54,202,354,432,1053,612,2720
"Far from Winner’s Circle, Saratoga Track Workers Fear Deportation","Longe do Pódio dos Vencedores, Trabalhadores do Hipódromo de Saratoga Têm Medo de Ser Deportados","Far from the Winners' Podium, Workers at Saratoga Racecourse Fear Deportation",0,210,752,2029,779,944,1006,897,6617
Ferguson Drops Charges Against Man Cited in Justice Dept. Report,Ferguson Solta Acusações contra Homem Citado no Relatório do Departamento de Justiça,"""Ferguson Lets Slip Accusations Against Man Named in Department of Justice Report""",0,177,752,1556,1629,954,1728,1912,8708
"John Legend Puts Out Music Video Casting Call for White, ‘Out of Shape’ Trump Supporters","John Legend Sairá com um Video Musical Casting Call para Pessoas Brancas, 'Fora de Forma' Trump Supporters","John Legend to Release a Musical Video Casting Call for White People, 'Out of Form' Trump Supporters",0,107,506,1011,937,1482,2202,2115,8360
Gay Escort Found Dead of Meth Overdose at Home of Top Democrat Donor,"Tradução: 'Encontrado morto, vítima de overdose de metanfetamina, em casa de doador de maior importância para Democratas'","Found dead, victim of a metamphetamine overdose, in the home of a major Democratic benefactor",0,238,752,2032,1837,2036,711,1245,8851
BREAKING NEWS About The CLINTON FOUNDATION… We KNEW IT!!,"""QUEBROU A NOTÍCIA SOBRE A FUNDAÇÃO CLINTON... NÓS SABÍAMOS!!!""","""We broke the story on the Clinton Foundation... we knew it all along!""",0,176,752,1814,1190,2362,1783,1665,9742
Lawmaker makes shocking claim about the Vegas massacre (video),Legislador faz declaração chocante sobre massacre em Las Vegas (vídeo),'Lawmaker makes shocking declaration about Las Vegas massacre (video)',0,60,305,784,548,82,824,368,2971
"Congressman Tells All: Secret Society In The FBI, FISA Memo Lists Names, DOJ Wants Trump Taken Out…","Congressman Tells All: Sociedade Secreta dentro da FBI, Lista de Nomes no FISA, DOJ Quer Trump Derrotado...","'Congressman Unveils: Secret Society Within the FBI, List of Names in FISA, DOJ Wants Trump Defeated...'",0,176,686,1541,2018,1284,1560,1693,8958
American Peace Activist Is Denied Entry to South Korea,"""Ativista de Paz Norte-americano Tem Acesso Negado à Coreia do Sul""","**""Peace Activist American Denied Entry to South Korea""**",0,42,405,1931,1474,862,769,1440,6923
"The Pentagon Drops the SPLC, Other Agencies Must, Too","O Pentágono Abandonou a SPLC, Outras Agências Devem Seguir Seu Exemplo.","""The Pentagon abandoned the SPLC, other agencies should follow its lead.""",0,147,752,1621,1187,1606,839,480,6632
Las Vegas Shooter Took Multiple Trips Around the Middle East,Las Vegas Shooter Fez Viagens em Múltiplas Rodadas pelo Oriente Médio,'Las Vegas Shooter Made Multiple Rounds in the Middle East',0,100,752,1529,1659,1324,2142,1542,9048
How Funboy Floats Became the Ultimate Status Symbol on Instagram,Como Funboy Flutuar se Tornou o Símbolo do Status Ultimate no Instagram,"""How Funboy Float Became the Ultimate Status Symbol on Instagram""",0,17,105,155,398,66,2261,1299,4301
Woman Ordered to Take Down Pro-Trump Signs Would Rather Go to Jail Than Remove Them,Mulher que é Mandada a Remover Sinais Pro-Trump Prefere Ir Para a Cadeia do que Removê-los,A woman ordered to remove Pro-Trump signs prefers to go to jail rather than remove them.,0,86,752,501,170,1777,1064,541,4891
"Audi Engineer Implicates Superiors in Diesel Case, Lawyer Says","Engenheiro de Áudio Acusa Superiores em Caso de Diesel, Advogado Disse","""Audio Engineer Accuses Superiors in Diesel Case, Lawyer Says""

The translation maintains the original metaphorical meaning.",0,166,446,1784,2405,2147,2427,2460,11835
West Virginia Gov. Jim Justice reportedly switching to GOP during Thursday evening Trump rally,"O Governador de West Virginia, Jim Justice, relatou estar se alinhando ao Partido Republicano durante uma reunião na noite desta quinta-feira promovida por Trump.","The Governor of West Virginia, Jim Justice, reported aligning with the Republican Party during a meeting held last night hosted by Trump.",0,287,752,2058,1265,1529,853,1248,7992
Watch: Jason Aldean Opens SNL With Tom Petty’s ‘I Won’t Back Down’,"Veja: Jason Aldean abre o SNL com ""I Won't Back Down"" de Tom Petty.","Behold: Jason Aldean debuts on SNL with ""I Won't Back Down"" by Tom Petty.",0,136,752,1755,1244,1237,1214,714,7052
"Photogallery - Derrick Rose tried to recruit LeBron, Wade, Bosh to Chicago in 2010","Photogallery - Derrick Rose tentou atrair LeBron, Wade e Bosh para Chicago em 2010.","Photogallery - Derrick Rose tried to rope in LeBron, Wade, and Bosh for Chicago in 2010.",0,58,198,460,390,1369,1237,867,4579
Republican representative: Taking down Confederate monuments will lead to closing Holocaust museum,"""Congressista republicano: Derrubar monumentos confederados levará ao fechamento do museu do Holocausto.""","""Congressman: Toppling Confederate monuments will lead to the Holocaust Museum's closure.""",0,156,515,1629,1282,1931,1802,1516,8831
ROGER STONE: Cabinet Members Are Plotting To Remove President Trump From Office,Secretários Estão Planejando Remover o Presidente Trump do Poder,"""Secretários estão planejando derrubar o Presidente Trump do poder"" traduz-se como ""Secretaries are plotting to remove President Trump from power"".",0,254,752,2437,2415,2354,624,2246,11082
I Went Door to Door in Search of Ancient Elevators in New York City,Bati nas portas em busca de elevadores antigos em Nova York.,I knocked on the doors in search of old elevators in New York.,0,151,752,1699,1298,2020,1356,525,7801
11-Year-Old Boy Holds Bb Gun To An Employee’s Head,Um menino de 11 anos segura uma arma BB na cabeça de um funcionário.,A boy of 11 years old is holding a BB gun to an employee's head.,0,121,752,869,194,1996,1375,948,6255
Spotify surpasses Apple Music and reaches 60 million paying subscribers,"""Spotify ultrapassa o Apple Music e atinge os 60 milhões de usuários pagantes.""","""Spotify surges past Apple Music, reaching 60 million paying users.""",0,147,752,1304,932,426,120,437,4118
Bill de Blasio Says He Regrets Promising List of Donors,Bill de Blasio diz que lamenta ter prometido uma lista de doadores,Bill de Blasio regrets having promised a list of donors,0,100,752,369,675,819,814,190,3719
Sophie Turner and Joe Jonas have adopted a husky,Sophie Turner e Joe Jonas adotaram um husky.,Sophie Turner e Joe Jonas adopted a husky.,0,42,752,1111,1445,139,1063,602,5154
Flood of Republican retirements continues even after supposed GOP tax win,O fluxo de aposentadorias republicanas continua mesmo após a suposta vitória do GOP em impostos.,"""The stream of Republican pensions continues even after the supposed victory of the GOP in taxes.""",0,190,752,1652,1340,1709,1073,620,7336
Somebody Stole A Lunar Spacecraft Right Out Of A Museum,Alguém roubou uma nave espacial lunar do museu.,Someone has stolen a lunar spacecraft from the museum.,0,242,752,1366,306,1321,30,179,4196
"Denouncing Iran As A Terrorist State, Trump Refuses To Recertify Nuclear Accord – Countercurrents","""Denunciando o Irã como Estado Terrorista, Trump Recusa a Recertificação do Acordo Nuclear – Contra Correntes""","""Accusing Iran as a Terrorist State, Trump Refuses to Re-certify the Nuclear Deal – Against the Tide""",0,148,645,1365,1975,683,1409,1394,7619
Minnesota jihadi’s “descent into extremism” began “after he began attending mosque”,"""O mergulho do Minnesota jihadi em extremismo começou 'após ele ter começado a frequentar a mesquita'"".","""The Minnesota jihadi's plunge into extremism began after he started attending the mosque.""",0,65,752,1070,575,540,1027,266,4295
"Harvey Drops Nearly Two Feet of Water on the Houston Area, Causing Fatal Flooding","Harvey Drops Nearly Two Feet of Water on the Houston Area, Causing Fatal Flooding translate to ""Harvey Derrama Quase Dois Pés de Água na Área de Houston, Causando Inundações Fatais"".","Harvey Dropped Nearly Two Feet of Water on the Houston Area, Causing Fatal Flooding.",0,11,18,36,196,136,1635,1039,3071
People Are Destroying Their Keurig Coffee Makers in Bizarre Show of Support for Sean Hannity,"""Pessoas estão destruindo seus Keurig de cafeteira de maneira estranha em um show de apoio a Sean Hannity""","""People are oddly ruining their Keurig coffee makers in a show of support for Sean Hannity.""",0,36,752,397,443,1689,892,1060,5269
"Security Flaws Put Virtually All Phones, Computers at Risk","Vulnerabilidades de Segurança Colocam em Risco Quase Todos os Telefones, Computadores",Exposure to security vulnerabilities puts almost all phones and computers at risk.,0,160,752,1246,726,1050,798,79,4811
‘Are you insane?’: Seth Meyers torches our ‘neediest and most insecure president’ Trump,Você está louco?,'You are mad.',0,363,752,2497,2542,2459,2110,2441,13164
Florida sets its next death row execution in August,Florida marca sua próxima execução na fila da morte para agosto,Florida schedules its next round in the death queue for August.,0,196,752,2171,2221,2032,1306,1909,10587
People are noticing the coffee mug in subtweet king James Comey’s Christmas tree picture,As pessoas estão reparando na caneca de café na foto do pinheirinho de Natal do rei James Comey.,"""The people are noticing the coffee cup in the pine tree photo of King James Comey's Christmas tree.""",0,95,721,1386,1932,2073,1628,1678,9513
"Pelosi, House Democrats Display “Political Desperation” Over Tax Reform Plan","""Pelosi, os Democratas da Câmara Demonstram 'Desesperança Política' Sobre o Plano de Reforms Fiscais""","""Pelosi, Democrats in the House Show 'Political Despair' over Fiscal Reform Plan""",0,177,752,1132,984,1468,1026,1259,6798
Governments have collected UFO information in the highest secrecy.Video,Governos têm coletado informações sobre UFOs na mais alta discrição.,Governments have been collecting information about UFOs with the utmost discretion.,0,263,752,1499,683,1339,255,80,4871
Britain Considers a ‘Latte Levy’ to Cut the Use of Coffee Cups,"Britain Considers a ‘Latte Levy’ to Cut the Use of Coffee Cups
para o português é:

Britain Pensa em um ‘Imposto ao Latte’ para Reduzir o Uso de Copos de Café",Britain Considers a ‘Latte Levy’ to Cut the Use of Coffee Cups,0,1,1,3,15,77,1874,1289,3260
Obama Admin Ignored Proper Procedure In Vetting Illegal Immigrants Ties To Terrorism,A Administração Obama Negligenciou os Procedimentos Adequados ao Avaliar Vínculos de Imigrantes Ilegais com Terrorismo.,The Obama Administration Neglected Proper Procedures in Assessing Illegal Immigrants' Links to Terrorism.,0,167,752,1128,342,467,554,444,3854
Trump Just Named Five New Possible Supreme Court Nominees,Trump indicou cinco novos possíveis indicados para o Supremo Tribunal.,Donald Trump nominated five potential Supreme Court candidates.,0,214,752,1155,435,420,380,260,3616
We Need a Truly Grassroots Democratic Party: A Call for DNC Chair Tom Perez To Implement Findings Of #UnityReformCommission,Precisamos de um Partido Democraticamente Autêntico e Raiz: Uma Chamada Para o Chair Tom Perez Implementar as Encontradas da #ComissãoDeReformasDeUnião.,We need a Party Authentically Democratic and Deep-Seated: A Call to Chair Tom Perez to Implement the Findings of the #LaborUnionReformCommission.,0,126,752,942,1852,1560,1675,2285,9192
"In Acquiring Jose Quintana, Cubs Receive Much-Needed Help From Next Door","""Em 'Adquirindo' Jose Quintana, Cubs Obtêm Grande Ajuda da Vizinhança"".","""In 'Acquiring' Jose Quintana, Cubs Gain Big Help from the Neighborhood.""",0,142,674,1789,1554,1365,1557,1451,8532
Baltimore Police Now Blocking FBI From Investigating Murder of Cop Set To Testify Against Fellow Cops,Polícia de Baltimore Agora Bloqueia FBI da Investigação do Assassinato do Cop que Iria Testemunhar Contra Colegas de Farda,Baltimore Police Now Blocks FBI from Blocking Investigation of Cop Who Would Testify Against Colleagues,0,158,752,717,1170,1293,2225,1827,8142
Brien Lundin sees “considerable” potential at Balmoral’s Martiniere property,Brien Lundin vê “considerável” potencial no propriedade Martiniere de Balmoral.,"""Brien Lundin sees ""considerable"" potential in the Martinaire property of Balmoral.""",0,162,752,1649,1344,983,1344,916,7150
"Abbreviated pundit roundup: GOP proves again it can't govern, Trump shutdown deadline today","Resumo resumido de especialistas da direita: GOP demonstra mais uma vez que não é capaz de governar, o prazo da paralisação de Trump é hoje.","""Condensed summary of right-wing experts: The GOP once again shows it cannot govern, Trump's freeze deadline is today.""",0,249,752,2095,1879,1639,1432,1867,9913
Bitcoin vs Gold: Most pick bitcoin in a survey tweeted by Ron Paul,Most pick Bitcoin as they would gold,'Most are picking Bitcoin as they would gold',0,336,752,2427,2513,2318,2413,1997,12756
Leaks Show Russian Oligarchs Registering Jets in Isle of Man,Vazamentos revelam oligarcas russos registrando jatos na Ilha de Man,"""Leaks reveal Russian oligarchs registering jets in Isle of Man.""",0,17,621,327,191,697,1174,469,3496
MINDBLOWING! THE 12-MONTH LIST OF ATTACKS AGAINST CONSERVATIVES SINCE TRUMP NOMINATION IN 2016,"""DERRUBANTE! A LISTA DE 12 MÊSES DE ATAQUES CONTRA CONSERVADORES DESDE A NOMINAÇÃO DE TRUMP EM 2016.""","""SHOW-STOPPER! THE LIST OF 12 MONTHS OF ATTACKS ON CONSERVATIVES SINCE TRUMP'S NOMINATION IN 2016.""",0,120,752,1431,1573,833,1697,1760,8166
He’d know? Eric Holder urges voters to turn out because ‘voting machines get lost’,Ele saberia? Eric Holder exorta os eleitores a comparecerem porque 'as máquinas de votar se perdem'.,He would know? Eric Holder urges voters to turn up because 'the voting machines expire.',0,82,254,1113,1291,1819,2056,1312,7927
"Democratic senator: Reports are true. Trump said 'hate-filled, vile, and racist' things.","Senador democrata: Os boatos são verdadeiros. Trump disse que ele disse coisas cheias de ódio, repugnantes e racistas.","Democratic senator: The rumors are true. Trump said he said things that are filled with hatred, disgust, and racism.",0,196,583,1161,434,807,622,359,4162
Rand Paul says that there was no reason for the violence that he endured,Rand Paul afirma que não havia motivo para a violência que ele sofreu.,Rand Paul claims that there was no cause for the violence he endured.,0,47,413,183,108,100,295,1,1147
"How Jim Willie Sees the Fall of the House of Saud, Finally","Como Jim Willie Vê a Queda da Casa de Saud, Finalmente","""Willie Willie's Perspective on the Fall of the House of Saud, at Last""",0,139,196,1569,1581,1841,2403,2193,9922
"Myanmar Military Report Blames ARSA for Rohingya Crisis, Acquitting Itself","""Relatório Militar do Myanmar Acusa ARSA pela Crise dos Rohingya, Inocentando-se""","""Military Report from Myanmar Blames ARSA for Rohingya Crisis, Clears Its Name""",0,124,308,1001,1618,1467,2210,1874,8602
"Republicans cut to Student Tax Break means, “the end of research in the United States.”","""O fim da pesquisa nos Estados Unidos.""","""O fim da pesquisa nos Estados Unidos""",0,391,752,2576,2545,2348,2521,1974,13107
Witness the Older Generation Taking Advantage of Medical Marijuana in California,"""Presenciar a Geração mais Velha se Apoderando da Maconha Medicinal na Califórnia""","""Witnessing the Older Generation Seizing the Medical Marijuana in California""",0,113,433,742,1275,2388,1959,1824,8734
Who Did Saudi Arabia Detain Last Night in Anti-Corruption Move?,Quem a Arábia Saudita Deteve ontem à Noite em um Movimento Anti-Corrupção?,"""Quem a Arábia Saudita Deteve ontem à Noite em um Movimento Anti-Corrupção?"" -> ""Who did Saudi Arabia apprehend last night in its Anti-Corruption Movement?""",0,200,752,2294,2251,1861,917,1426,9701
There Are So Many Elk In One Colorado County They Can Legally Be Hunted,Existe tanta quantidade de veados em uma única condado do Colorado que podem ser legalmente caçados.,There are so many deer in a single Colorado county that can be legally hunted.,0,105,752,267,545,1867,1084,783,5403
Senators Klobuchar and Warner demonstrate how easily the Russians could hijack Facebook ads,Klobuchar and Warner mostram como facilmente os russos poderiam sequestrar anúncios do Facebook.,"""Klobuchar and Warner demonstrate how easily the Russians could intercept Facebook ads.""",0,24,91,593,988,408,393,270,2767
Man has an eel trapped in his body after 'sticking it into his rectum',O homem tem um verme preso dentro do corpo após 'enfiar em seu ânus'.,The man has a worm stuck inside his body after 'filling' his ass.,0,229,752,1300,1937,2394,1613,2065,10290
Daily Kos Founder Moulitsas Says NRA and Nazis 'One and the Same',"Moulitsas, fundador do Daily Kos, afirma que a NRA e os nazistas são ""iguais"".","""Moulitsas, founder of Daily Kos, asserts that the NRA and the Nazis are 'equal'.""",0,262,752,1754,989,1080,1183,865,6885
Photogallery - The US needs another Deng Xiaoping in North Korea,A Galeria de Fotos - Os Estados Unidos precisam de outro Deng Xiaoping na Coreia do Norte,"""The photo gallery - The United States needs another Deng Xiaoping in North Korea.""",0,101,293,716,1466,434,367,734,4111
How Can We Fix The CFPB? Shut It Down,Como Podemos Corrigir o CFPB? Feche-O,Close down the CFPB.,0,294,752,2195,2020,2185,2264,798,10508
"Do We Need the ICO Regulation, and How to Tell Promising Projects From Hopeless and Fraudulent Ones",Temos que regular a ICO e aprender a distinguir projetos promissores de casos desesperadores e fraudulentos.,"""We need to tame the ICO and learn to separate promising projects from desperate and fraudulent cases.""",0,118,752,1925,2006,2093,1069,1879,9842
XS Sights illuminates the night with F8 Night Sights,Ilumina a noite com XS Sights.,Light the night with XS Sights.,0,183,752,1858,1867,1779,983,2082,9504
You Can Buy Pat McGrath Makeup on Maggie Lindemann’s Spotify Channel,Você pode comprar maquiagem da Pat McGrath na canal do Spotify da Maggie Lindemann.,You can buy Pat McGrath makeup from Maggie Lindemann's Spotify channel.,0,13,752,148,155,326,723,75,2192
Philadelphia Eagles to make a deal with the Miami Dolphins for Jay Ajayi,Fechar um acordo com os Dolphins de Miami para Jay Ajayi,Sign a deal with the Dolphins of Miami for Jay Ajayi,0,112,448,607,1215,1470,1242,1978,7072
New York Times risks spontaneous combustion by printing annotated Constitution alongside editorial pages,"""New York Times arriscar-se à combustão espontânea por imprimir a Constituição anotada ao lado das páginas editoriais.""","""New York Times runs the risk of spontaneous combustion by printing the annotated Constitution next to the editorial pages.""",0,107,661,676,339,809,1640,433,4665
How a Republican Idea for Reducing Medicare Costs Could Affect You,Como uma ideia republicana para reduzir os custos do Medicare pode afetar você,As an idea for a republican approach to reducing Medicare costs may affect you,0,166,752,560,2015,2380,681,1144,7698
"Danny Sjursen Discusses “Apartheid New York” at the College of Staten Island July 20, 2017","Danny Sjursen Discute ""Apartheid no Brooklyn"" na College of Staten Island em 20 de julho de 2017.","""Danny Sjursen Discusses 'Apartheid in Brooklyn' at College of Staten Island on July 20, 2017.""",0,50,398,906,486,440,291,492,3063
"With one tweet, Bernie Sanders exposes the cowardly Republican tax scam","""Com um único tuíte, Bernie Sanders revela a tramoia covarde do esquema de impostos republicano"".","""With a single tweet, Bernie Sanders exposes the cowardly scheme of the Republican tax scam.""",0,65,288,472,315,347,1061,822,3370
The Trump Administration Just Stabbed the Kurds in the Front,A administração Trump apenas atingiu os curdos na fronte.,"""The Trump administration merely struck the Kurds in the forehead.""",0,100,585,1370,1334,1773,1280,719,7161
Treasury Sec. Mnuchin Takes 'Bond Villain' Slap as 'Compliment',Secretário do Tesouro Mnuchin aceita 'bofetada do Bond' como 'elogio'.,'Secretário do Tesouro Mnuchin aceita 'bofetada do Bond' como 'elogio'.',0,335,752,2462,2555,1271,2548,1836,11759
Republicans make absurd policy change in their fight against reproductive rights,Republicanos realizam mudanças absurdas na política para combaterem os direitos reprodutivos.,Republicanos make preposterous changes in policy to fight reproductive rights.,0,210,752,1771,657,634,737,799,5560
Photogallery - LaVar Ball starting to criticize Lakers coach Luke Walton,"""Fotogaleria - LaVar Ball começando a criticar o técnico do Lakers, Luke Walton.""","""Photo Gallery - LaVar Ball starting to criticize Lakers' coach, Luke Walton.""",0,31,347,683,916,491,1639,959,5066
Global Organic Manure Market 2017-2022: Market to Remain the Fastest Growing market- Research and Markets,Mercado de Adubo Orgânico Global 2017-2022: Mercado a Remanecer o Mais Rápido a Crescer - Pesquisa e Mercados,"""Organic Fertilizer Global Market 2017-2022: The Fastest-Growing Remaining Market - Research and Markets""",0,81,469,712,1451,1124,1813,2044,7694
Rhode Island lawmakers delay decision on raw milk until 2018,"""os legisladores de Rhode Island adiam a decisão sobre leite cru para 2018""","""Legislators in Rhode Island delay the decision on raw milk until 2018.""",0,45,308,912,344,387,874,37,2907
"Speeding Car Takes Flight, Plows into 2nd Floor of Office Building (PHOTOS)","Carro em Velocidade Alucinante Foge, Destrói 2º Andar de Edifício Comercial (FOTOS)","'Astonishingly Fast Car Speeds Away, Razes 2nd Floor of Commercial Building (PHOTOS)'",0,196,575,1692,1870,1795,1757,1786,9671
Trump Organization Proves It Has Russian Business Ties (VIDEO),Donald Trump's Organization Proves It Has Business Connections to Russia (VIDEO),"""Donald Trump's Organization Demonstrates Its Russia Business Ties (VIDEO)""",0,187,443,1199,994,191,2354,886,6254
Judge in Arpaio Case Wants to Hear Arguments Before Vacating Former Sheriff’s Conviction,"""Judge em caso Arpaio deseja ouvir argumentos antes de anular a condenação do ex-xerife.""","""Judge in Arpaio case wants to hear arguments before overturning ex-sheriff's conviction.""",0,32,752,668,780,1269,980,725,5206
It’s complicated: Dems who took money from Harvey Weinstein mostly staying quiet for now,É complicado: Demos que pegaram dinheiro de Harvey Weinstein estão principalmente calados agora.,"""It's complicated: Weinstein's former associates who took money from him are mostly quiet now.""",0,120,682,2007,1117,1687,1649,1145,8407
Trump's Ex-Campaign Chief Manafort Faces Obama Appointee on Bench,"Trump's Ex-Campaign Chief Manafort Faces Obama Appointee on Bench
Tradução Criativa: Ex-Chefe de Campanha de Trump, Manafort, Enfrenta Nombrado por Obama no Tribunal",Ex-Campaign Chief Manafort Faces Obama Appointee on Bench,0,17,9,122,844,573,2282,2382,6229
How to Win at Winter When You Hate Winter,Como Vencer no Inverno Quando Você Odetesta,How to Win in Winter When You Hate It,0,60,230,212,653,1131,941,750,3977
Migrants from the U.S. make a beeline for Canada,Migrantes dos EUA se dirigem a Canada como se fossem uma linha reta.,"""American migrants heading to Canada like a straight line.""",0,330,752,2397,2145,2205,759,1795,10383
"Trump says new Pennsylvania coal mine created 45,000 jobs. The actual number is 70.",Trump diz que nova mina de carvão na Pensilvânia criou 45.000 empregos. O número real é 70.,"Trump says new coal mine in Pennsylvania created 45,000 jobs. The real number is 70.",0,36,184,25,143,26,39,1,454
Former FBI Head Comey Calling His Book 'A Higher Loyalty',Ex-FBI Chefe Chamando seu Livro de 'Uma Lealdade Maior',"""Ex-FBI Chief Calling His Book 'A Greater Loyalty'""",0,129,493,909,1113,1014,963,2010,6631
LeBron James compliments Lonzo Ball after breaking his record,"""LeBron James é um monstro em um mar de gigantes.""","""LeBron James is a monster in a sea of giants.""",0,330,752,2470,2523,2435,79,2297,10886
Police Make Disturbing Discovery Concerning Baby Whose Skull Was Crushed,Os policiais fazem descoberta perturbadora sobre o bebê cujo crânio foi esmagado,The police make a disturbing discovery about the baby whose skull was crushed.,0,59,752,418,182,1885,270,207,3773
White House Procurement Priorities for Renegotiating NAFTA Do Not Advance Free Trade,Prioridades da Casa Branca para a Renegociação do NAFTA Não Alavancam o Comércio Livre,"""White House Priorities for NAFTA Renegotiation Don't Punt Free Trade""",0,142,752,701,2087,1005,1566,1526,7779
Intentional usurpation of the Court’s authority': Democrats call on judge to reject Arpaio pardon,'Usurpação intencional da autoridade do tribunal': Democratas pedem que o juiz rejeite o perdão a Arpaio,"""Intentional usurpation of the court's authority""",0,125,722,1874,2305,1995,2422,1969,11412
‘Did he come with a gift receipt?’: Meyers ridicules pro-Trump pastor’s claim that president is ‘a gift from God’,Ele trouxe a nota fiscal do presente?,He brought the receipt from the gift?,0,329,752,2430,2564,2557,484,2341,11457
"Summer Reading Contest Winner, Week 4 | On ‘Liu Xiaobo, Chinese Dissident Who Won Nobel While Jailed, Dies at 61’","Campeão do Concurso de Leituras de Verão, Semana 4 | Sobre Liu Xiaobo, Dissidente Chinês que Ganhou o Nobel Preso, Morre aos 61","Summer Reading Championship, Week 4 | Liu Xiaobo, Chinese Dissident Who Won Nobel Prize Behind Bars, Dies at 61",0,71,221,509,1059,1596,1934,1546,6936
Calls to start Nathan Peterman grow even louder in Buffalo,'Chamados para começar a crescer ainda mais alto em Buffalo',"""Called to begin to grow even higher in Buffalo""",0,187,752,2249,2411,2308,2158,2292,12357
BMW will be bringing a Tesla Model 3 opponent with the i5,BMW está trazendo um concorrente para o Tesla Model 3 com o i5,BMW is launching a rival to the Tesla Model 3 with the i5.,0,122,752,688,598,647,477,251,3535
CDC Recommends IV Dilaudid to Treat Foot Pain Caused by Stepping on a Stray Lego Piece,"CDC Recommends IV Dilaudid to Treat Foot Pain Caused by Stepping on a Stray Lego Piece para português, mantendo o sentido metafórico original.

""CDC Recomenda aplicação intravenosa de Dilaudid para tratar dor no pé causada por pisar em uma peça de Lego solta.""

Aqui, ""stray Lego piece"" é uma metáfora para ""uma coisa que está fora do seu lugar"". ""IV Dilaudid"" é o tratamento recomendado para aliviar a dor causada por essa ""coisa fora do lugar"".",CDC Recomenda aplicação intravenosa de Dilaudid para tratar dor no pé causada por pisar em uma peça de Lego solta.,0,330,752,2533,2480,2270,1926,1616,11907
Shocking Intel Document Gives Names! People Going To Jail! Dwarfs Watergate!! Verified By Q Anon!,"""Documento Inteligente Shocking Nomeia! Pessoas Indo para a Cadeia! Supera o Watergate!! Verificado por QAnon!""","""Smart Document Shocker Names Them! People Going to Jail! Beats Watergate!! Verified by QAnon!""",0,136,649,774,2203,1851,2023,2354,9990
Trump's sham election commission preps to embrace faulty explanation for Trump's New Hampshire loss,"""Trump's sham election commission preps to embrace faulty explanation for Trump's New Hampshire loss""","""Trump's sham election commission prepares to embrace a flawed justification for Trump's New Hampshire defeat.""",0,86,459,495,680,887,2504,467,5578
Stephen Colbert is Launching a Donald Trump Parody Show on Showtime,"""Stephen Colbert está lançando um show de paródia de Donald Trump na Showtime.""","""Stephen Colbert is launching a parody show of Donald Trump on Showtime.""",0,59,752,465,408,249,218,64,2215
"PressTV-In Japan, Trump says ‘patience’ with North Korea over","PressTV - No Japão, Trump diz que tem ‘paciência’ com a Coreia do Norte.","PressTV - In Japan, Trump says he has 'patience' with North Korea.",0,31,534,570,706,840,429,220,3330
China Announces Their Official Threats Against President Trump’s Economic Security Policy…,China ameaça oficialmente as ameaças ao presidente Trump contra a política econômica de segurança do governo…,"""China officially challenges Trump's threat to the government's economic security policy...""",0,206,752,1956,948,1550,2045,1653,9110
"Henry Help Raise Over $$70,000 For Sick 14-Year-Old Volunteer Firefighter","Henry Help Levantar Acima de $$70,000 para Adolescente de 14 Anos de Seca com Doenças, Bombeiro Voluntário","""Henry Help Lifted Above $$70,000 for Teenager of 14 years in the Dry with Illness, Volunteer Firefighter""",0,191,752,1851,2156,2446,2169,2367,11932
Families of Captive French Islamic State Jihadis Sue to Bring them Back to Europe,"""Grupos de jihadistas da França no Estado Islâmico, que estão detidos, processam para serem trazidos de volta à Europa""","""Parisian jihadist cells in the Islamic State, currently incarcerated, are seeking to return to Europe.""",0,284,752,2027,1796,2395,1795,2394,11443
New Wall Street Journal report might totally destroy Republicans’ favorite anti-FBI talking point,Relatório do New Wall Street Journal pode totally destruir os Republicanos' favorite anti-FBI talking point.,The New York Times' report could totally crush the Republicans' favorite anti-FBI talking point.,0,136,664,1012,647,225,2125,1030,5839
Dakota Pipeline Developer Sues Enviros For Using Misinformation Against Pipeline,Desenvolvedor de Dakota Pipeline Processa Ambientalistas Por Utilização de Desinformação Contra Pipeline,"""Dakota Pipeline Developer to Process Environmentalists for Spreading Misinformation Against Pipeline""",0,113,752,1709,2311,853,986,1667,8391
PROOF: Trump Handled VA Riots Way Better Than Obama Handled 5 Cops Killed By BLM…,Prova: Trump Manuseou os Riots da VA Melhor do Que Obama Manuseou os 5 Policiais Mortos pelo BLM,Test: Trump Managed the VA Riots Better Than Obama Managed the 5 Cops Killed by BLM,0,94,752,400,1152,1010,1721,1370,6499
Senators Promise to Amend Israel Boycott Bill After Backlash,Senadores Prometem Ajustar Lei de Boycotting Israel Após Rejeição,"""Senadores Promise to Tune Law of Boycotting Israel After Rejection""",0,242,752,2217,2366,1198,1602,1860,10237
Gov. Terry McAuliffe Refuses to Denounce Antifa Attacks on Journalists,Gov. Terry McAuliffe Recusa-se a Condenar Ataques de Antifa contra Jornalistas,**Gov. Terry McAuliffe Refuses to Condemn Antifa Attacks on Journalists**,0,17,161,820,300,144,592,378,2412
McClatchy: Trump Could Lose Hispanic Support Over Merit-Based Immigration,Trump Pode Perder o Apoio dos Hispânicos com a Imigração Com Base em Mérito,'Trump could lose Hispanic support over merit-based immigration',0,7,752,903,597,1251,1020,1070,5600
U.S. and Turkey Try to Prevent a Diplomatic Dispute From Growing,Os Estados Unidos e a Turquia tentam evitar que uma crise diplomática se enraíze.,"""Os Estados Unidos e a Turquia tentam evitar que uma crise diplomática se enraíze."" = ""The United States and Turkey try to prevent a diplomatic crisis from taking root.""",0,265,752,2436,2338,1972,577,188,8528
Judge strikes down Texas law to limit second-trimester abortions,A juíza derrubou a lei do Texas que limitava abortos no segundo trimestre.,The judge struck down the Texas law that restricted abortions in the second trimester.,0,196,752,1067,465,480,447,171,3578
This Safeguard Is Actually Putting Your Home at Risk,Esse Dispositivo de Proteção Está Pondo Sua Casa em Risco,"""Putting Your House at Risk""",0,161,752,1987,2138,1954,2140,1733,10865
ANOTHER Las Vegas Shooting Survivor Found Dead After Hit-And-Run Accident,Outra Sobrevivente de Tiroteio em Las Vegas Encontrada Morta em Acidente de Atropelamento,Another Shooting Survivor in Las Vegas Found Dead in Hit-and-Run,0,113,752,302,635,884,686,1179,4551
‘Trump Wants to End Legal Immigration to the U.S.’,Trump deseja fechar as portas legais da imigração nos EUA.,Trump wishes to shut the legal doors to immigration in the U.S.,0,143,515,1194,732,1357,604,140,4685
Erin Heatherton Is Struggling to Leave This West Village Abode,Erin Heatherton está lutando para deixar este ninho no West Village.,Erin Heatherton is struggling to break free from this West Village nest.,0,86,752,606,1180,2087,1544,838,7093
The Senate Tax Bill Threatens Access to Health Care,Projeto de Lei Tributária do Senado Ameaça Acesso à Saúde,"**'Senado's Tax Law Bill Threatens Access to Healthcare'**

**'Senado's Tax Law Bill Threatens to Bat its Own Hands'**",0,283,748,2424,2184,2315,2453,2395,12802
Bannon appeals to US Jewish community to join war on GOP establishment,Bannon apela à comunidade judaica dos EUA para se juntar à guerra contra o establishment republicano.,Steve Bannon calls on the U.S. Jewish community to join the war against the Republican establishment.,0,205,724,1853,1289,485,657,394,5607
What Did Hillary Clinton Know and When Did She Know It?,O que Hillary Clinton sabia e quando é que ela sabia?,"What did Hillary Clinton know, and when did she know it?",0,1,752,41,34,60,18,1,907
Some Readers Say ‘White Nationalist’ Normalizes the Charlottesville Protesters,"""Alguns leitores dizem que ‘nacionalista branco’ normaliza os manifestantes de Charlottesville""",Some readers say that 'white nationalist' normalizes the Charlottesville protesters.,0,7,752,384,218,1179,1229,464,4233
‘My actions were despicable’: Priest takes leave of absence after revealing secret KKK past,Minhas ações foram indignas. Sacerdote solicita licença após revelar passado na KKK,"""My actions were unworthy. Priest requests leave after revealing past in KKK.""",0,139,752,1905,1677,1810,1474,1459,9216
Please Raise Your Hand If You’re Not a Sexual Predator (Audio),"""Por favor, levante a mão se você não for um predador sexual.""","""Please raise your hand if you are not a sexual predator.""",0,28,752,1598,963,1023,10,144,4518
Lana Parrilla will not play Regina Mills anymore in 'Once Upon a Time',"Lana Parrilla não será mais Regina Mills em ""Era uma Vez"".","""Lana Parrilla is no longer playing Regina Mills in 'Once Upon a Time'.""",0,103,463,438,255,170,419,787,2635
NBC: Green Berets Were Chasing ISIS Terrorist in Niger,Corpo de Elite dos EUA perseguiam terrorista do ISIS no Níger,U.S. Special Forces Tracking ISIS Terrorist in Niger,0,230,576,2307,1359,1046,1341,2043,8902
Another 'Teen Mom OG' star takes aim at the show's 'fake' storylines,Outra estrela de 'Teen Mom OG' ataca os enredos 'falsos' da série.,"""Another 'Teen Mom OG' star takes aim at series' 'phony' storylines.""",0,73,135,779,527,2047,2066,1808,7435
Jimmy Fallon Picked Up a Stranger in the Middle of Storm,"Já traduzido para português, mantendo a essência metafórica do original, ""Jimmy Fallon Picked Up a Stranger in the Middle of Storm"" pode ser traduzido como ""Jimmy Fallon Conseguiu um Estranho no Meio da Tempestade"".

O texto original sugere a ideia de encontrar ajuda ou alguém inesperado em uma situação difícil e agitada, como uma tempestade. A tradução para português manteve essa imagem, mas de uma forma mais literal e direta, que preserva o sentido de ""conseguir"" ou ""encontrar"" um estranho em uma situação extrema.","""Jimmy Fallon picked up a stranger in the middle of the storm"" é traduzido para ""Jimmy Fallon pegou um estranho no meio da tempestade"".",0,118,752,2302,2164,2346,1981,2000,11663
"With Election Near, Mayor de Blasio Loves a Town Hall","Com Eleições Proximas, Prefeito de Blasio Quer um Encontro Com a Comunidade.","With Upcoming Elections, Blasio Wants a Meeting with the Community.",0,297,752,2227,2181,1868,2062,2296,11683
Hillary Clinton… She Actually Did it and Here Is the Proof,Ela De facto o Fez e Aqui Está a Prova,"She in fact did it, and here is the proof",0,68,752,1596,1844,1011,42,635,5948
Sixth Accuser Says Roy Moore Groped Her When She Was 28,'Seisº Acusador Afirma que Roy Moore a Tocou quando Ela Tinha 28 Anos.',"""Sixth Accuser Claims Moore Touched Her When She Was 28.""",0,68,358,974,1364,686,1337,1529,6316
"UCLA Tries to Hold Panel on “Civil Discourse,” With Predictable Results","UCLA Tentando Realizar Painel sobre “Discurso Civil,” com Resultados Previsíveis","UCLA Trying to Host Panel on “Civil Discourse,” with Predictable Results.",0,45,247,238,508,206,1041,1398,3683
Alan Dershowitz: 'I Don't See a Crime' With Don Jr.,Não vejo um crime com Júnior.,I don't see a crime with Junior.,0,79,752,2355,2322,2370,1197,1185,10260
"Russia Builds a Syrian Spetsnaz, Is Taking over Iran’s Shiite Militias","Russia builds its Syrian Spetsnaz, Taking over Iran's Shiite militias.","Russia builds its Syrian Spetsnaz, Taking over Iran's Shiite militias.",0,28,752,199,357,449,2578,1432,5795
‘The Runaways’ actress reveals one important change in the show,'A Runaways' atriz revela uma mudança importante na série,''A Runaways' actress reveals a significant change in the series'',0,147,752,1432,1227,779,714,1099,6150
“Something Is Very Wrong With The Global Economy”: Richest 1% Made 82% Of Global Wealth In 2017,"""Algo Está Muito Errado com a Economia Global: 1% Mais Rico Fez 82% Da Riqueza Global em 2017""","""Something is Very Wrong with the Global Economy: The 1% Richer Made 82% of Global Wealth in 2017""",0,14,752,481,366,132,261,411,2417
"Apple wants you to learn Swift language, become an Apple developer.","""Apple quer que você aprenda a linguagem Swift, se tornem um desenvolvedor Apple.""","""Apple wants you to learn the Swift language, become an Apple developer.""",0,5,51,311,65,131,898,1,1462
U.K. Lawmakers Ask Facebook About Russian Influence in Brexit Vote,U.K. Lawmakers Questionam Facebook sobre Influência Russa no Voto do Brexit,British Parliament Queries Facebook About Russian Influence on Brexit Vote,0,162,582,1314,1259,307,1148,536,5308
Trump will cite China and Russia as competitors in ‘America First’ national security speech,"O Trump will cite China and Russia as competitors in ‘America First’ national security speech será traduzido como:

O Trump citará a China e a Rússia como concorrentes em discurso de segurança nacional ‘América Primeiro’.","""O Trump will cite China and Russia as competitors in ‘America First’ national security speech.""

Tradução criativa: ""O Trump irá citar a China e a Rússia como concorrentes no discurso de segurança nacional ‘América Primeiro’.""",0,186,431,2056,2114,1827,1937,1999,10550
"Mother And Daughter Record Disgusting Adult Film Together, Think Nothing Of It [WATCH]","Mãe e filha gravam filme pornográfico juntos, sem ligar para isso. Assista.","Mother and daughter act in a pornographic film together, without caring about it. Watch.",0,189,752,2152,1559,2022,1217,1180,9071
Russia's Data Access Means US Must Rethink Cybersecurity — Now,"Acesso dos Dados da Rússia Mudou, os EUA Devem Repensar a Cibersegurança — Agora","'Acesso to Russian Data Changed, U.S. Must Reconsider Cybersecurity — Now'",0,263,752,1924,2238,693,1100,1425,8395
President of Judicial Watch Says What Everybody is Thinking: “I Don’t Trust the FBI”,"O presidente da Judicial Watch diz o que todos estão pensando: ""Não confio no FBI.""","The president of Judicial Watch says what everyone is thinking: ""I don't trust the FBI.""",0,16,752,371,84,666,1038,199,3126
"Desperate for War Profits, U.S. Cabal Sends 3000 More Troops to Afghanistan","Afastados por Lucros de Guerra, Cabala dos EUA Envia Mais 3000 Soldados para o Afeganistão","""Distant by War Profits, U.S. Cabala Sends 3000 More Soldiers to Afghanistan""",0,103,226,828,1993,1994,2029,1958,9131
NJ Politics Digest: Murphy Leads Guadagno by 14 Points in New Poll,Murphy Leads Guadagno by 14 Points in New Poll -> Murphy Gana de Guadagno por 14 Pontos em Nova Pesquisa,"""Murphy Beats Guadagno by 14 Points in New Poll""",0,68,162,1290,2035,1085,655,1485,6780
Poland ‘Will Accept Migrants From Europe—but Not Africa or Middle East’,"Poland will ""open its doors"" to migrants from Europe—but not Africa or the Middle East","""Poland will ""open its doors"" to migrants from Europe—but not Africa or the Middle East.""",0,57,752,885,1053,675,2497,151,6070
"Food has a major impact on getting pregnant faster, study says","Alimentação tem um impacto significativo na rapidez de gravidez, diz estudo","""Diet has a significant impact on the swiftness of pregnancy, study says.""",0,188,752,1491,961,846,1099,252,5589
"Mueller Claims Incriminating ‘Text Messages’ Gone, Trump Finds ‘Evidence’ in Oval Office","Trump Descobre 'Evidências' em Oval Office, Mensagens de Texto Incriminadoras Desaparecem","Trump Uncovers 'Evidence' in Oval Office, Incriminating Texts Vanish",0,209,752,1470,1667,1197,1210,2104,8609
House Bill Will Make Churches Dark Money Super PACs,Projeto de Lei Tornará as Igrejas em Super PACs de Dinheiro Escuro.,"""Bill Will Turn Churches into Super PACs of Dark Money.""",0,187,752,1716,1737,1526,2100,1728,9746
Canadian Doctor Finds Limited Evidence That The ‘Man Flu’ Is The Real Deal,Medicina Canadense Descobre Provas Limitadas de Que a 'Gripe Masculina' é Real,Canadian Medicine Uncovers Limited Evidence That the 'Male Flu' Is Real,0,112,752,1691,1643,369,1821,1481,7869
"Google, largest lobbyist in Washington, to Build ‘Vertical Monopoly’ on Information",O Google é o maior lobista em Washington para construir uma'monopólio vertical' sobre a informação.,"""Google is the largest lobbyist in Washington to build a vertical monopoly on information.""",0,23,703,947,489,718,742,299,3921
‘What???’ This update to the Vegas shooting case raises EVEN MORE questions,Isso?? Essa atualização sobre o caso de Vegas levanta EVEN MAIS QUESTÕES.,"""Isso?? Essa atualização sobre o caso de Vegas levanta EVEN MAIS QUESTÕES."" -> ""Is this?? This update on the Vegas case raises EVEN MORE QUESTIONS.""",0,212,746,2284,2354,2021,1798,1445,10860
Watchdog: U.S. Wasted Up to $62 Million on Afghan Border Security,Cachorro-Vigia: Os EUA Gastaram até $62 Milhões na Segurança da Fronteira Afegã,"""Watchdog: The U.S. Spent Up to $62 Million on Afghanistan Border Security""",0,51,222,396,452,385,1088,992,3586
"Steve Scalise Praises God on the House Floor, Showing the Power of Prayer","Steve Scalise Louva a Deus no Plenário da Casa, Demonstrando o Poder da Oração.","Steve Scalise Praises God in the House Chamber, Showing the Power of Prayer.",0,34,133,124,571,657,1086,1700,4305
"North Korea Does Not Threaten World Peace, the US Does","Coréia do Norte não ameaça a paz mundial, os EUA é que ameaçam","""North Korea does not threaten world peace, it's the USA that threaten.""",0,101,752,1463,1266,1300,84,124,5090
Controversial Judicial Pick Failed to Disclose His Wife Is WH Lawyer,Polêmico escolha judicial falhou ao não revelar que sua esposa é advogada WH,'Controversial judicial choice failed to disclose that its spouse is a lawyer WH'.,0,156,752,1604,2186,2247,2067,2111,11123
Howard Cheerleaders Add Voices to the Anthem Debate by Taking a Knee,Os animadores do Howard se unem à discussão do hino tomando um joelho.,The animators of Howard join the anthem discussion taking a knee.,0,188,752,2131,2195,2366,2141,2152,11925
Ethics official who sparred with Trump is leaving government,Lutador ético que trocou golpes com Trump está deixando o governo,'Ethical fighter who traded blows with Trump is leaving the government',0,147,548,1839,1900,2089,1553,1877,9953
Netflix Made a Super Creepy Version of Its TV App and It Is Glorious,Netflix Criação da Superversão Assustadora do Seu Aplicativo de TV e É Glorioso,"Netflix Brings to Life a Terrifyingly Awesome Superpowered Version of Your TV App, and It's Glorious",0,157,752,1744,1864,1780,1929,2195,10421
Comey Sends Another Cryptic Message From His 'Secret' Twitter Account,Comey Envia Outra Mensagem Criptografada de Sua 'Conta Secreta' do Twitter.,Comey Sends Another Encrypted Message from His 'Secret' Twitter Account.,0,17,342,236,195,723,342,109,1964
"A Revolution in Jazz? An Avant-Garde Festival Makes History, but Not Community","""Uma Revolução no Jazz? Um Festival de Vanguarda Faz História, Mas Não o Conjunto"".","""A Revolution in Jazz? A Vanguard Festival Makes History, But Not the Band.""",0,103,354,1125,1702,1075,957,1773,7089
"After 30 Years, Alarmists Are Still Predicting A Global Warming ‘Apocalypse’","After 30 Years, Alarmists Are Still Predicting A Global Warming ‘Apocalypse’ (30 anos depois, alarmistas ainda preveem uma ‘catástrofe’ do aquecimento global)","""After 30 Years, Alarmists Are Still Predicting A Global Warming ‘Doomsday’""",0,15,25,260,856,484,1764,587,3991
Former Commander Warns US Could Lose War Against NKorea,"""Ex-comandante alerta: Estados Unidos poderia perder a guerra contra Coreia do Norte.""","""Ex-commander warns: U.S. could lose the war against North Korea.""",0,160,752,2274,2277,899,383,117,6862
OH-Gov: Nan Whaley (D) Hits Trump For Refusing To Declare A National Emergency On Opioid Epidemic,'D' Ohio Governor Nan Whaley Pega Donald Trump Por Recusar Declarar Emergência Nacional na Epidemia de Opioides,"""Ohio Governor Nan Whaley Takes Aim at Donald Trump for Declining to Declare National Emergency on Opioid Epidemic""",0,130,752,1568,1764,1090,1669,1388,8361
MSNBC and CNN guests look to blame Manhattan truck terror on anything but jihad,MSNBC and CNN guests aim to attribute the Manhattan truck terror to anything but jihad.,MSNBC and CNN guests endeavor to pin the blame for the Manhattan truck terror on anything except jihad.,0,74,360,411,131,253,2404,424,4057
Baltimore Police Now Blocking FBI from Investigating Murder of Cop Set to Testify Against Fellow Cops,"""Policiais de Baltimore Agora Bloqueando FBI da Investigação do Assassinato do Policial que Será Testemunha Contra Cúmplices""","""Baltimore Police Now Blocking FBI from Murder Investigation of Cop Who Will Be Witness Against Accomplices""",0,133,409,1272,1500,2136,1467,1784,8701
What Do You Mean The Occult? A Brief Introduction,"""O Que Você Quer Dizer com 'Oculto'? Uma Introdução Breve""","""What Do You Mean by 'Hidden'? A Brief Introduction""",0,60,238,1899,2261,2025,1031,1434,8948
WYFP? I Wish I Had Something New to Tell You,WYFP: I Wish I Had Something New to Tell You,I Wish I Had New Words to Share,0,114,525,2289,1669,2154,2368,1035,10154
Trump Appears to Endorse Path to Citizenship for Millions of Immigrants,Trump Parece Endorsar Caminho para Cidadania de Milhões de Imigrantes,"""Trump Endorses Path to Citizenship for Millions of Immigrants""",0,52,94,350,518,341,1455,257,3067
‘Creeping Annexation’: Why Israel Shelved The ‘Greater Jerusalem Law’ – Countercurrents,Anexação Escalonada: Por Que Israel Abandonou a Lei de ‘Gran Grande Jerusalem’ – Countercurrents,Gradual Annexation: Why Israel Abandoned the 'Great Jerusalem' Law – Countercurrents,0,100,752,655,985,1465,1142,1797,6896
Marco Rubio: We Need to Reward Work Instead of Collecting Welfare for Having Children,"""Precisamos recompensar o trabalho em vez de colecionar ajuda social por ter filhos.""","""We need to reward effort instead of accumulating social aid for having children.""",0,113,752,1538,1791,1744,506,971,7415
FLOTUS Sends Out Well Wishes to Hurricane Irma Victims,FLOTUS Envia Boa Vontade aos Vítimas do Furacão Irma,"""FLOTUS Sends Warm Regards to Hurricane Irma's Victims""",0,113,752,1134,814,340,1158,610,4921
Paul Newman’s Rolex Daytona watch sells for world record $$17.8 million,Rolex Daytona de Paul Newman é vendido por um recorde mundial de 17.8 milhões.,The Rolex Daytona once owned by Paul Newman sold for a record-breaking $17.8 million.,0,205,752,1710,1472,1407,1126,554,7226
WSJ: Facebook Takes the Next Step to Monetize WhatsApp,Facebook da o próximo passo para monetizar WhatsApp,"""The Facebook is taking the next step to monetize WhatsApp.""",0,80,752,1183,1136,1335,377,1998,6861
"A month after Trump declared opioids a 'national emergency,' his team still has no plan","""Um mês após Trump declarar os opioides uma 'emergência nacional', sua equipe ainda não tem um plano.""","""One month after Trump declared the opioid crisis a 'national emergency,' his team still has no plan.""",0,48,103,349,234,86,17,1,838
Teacher crosses out ‘men’ in Declaration of Independence; 4th-graders recite gender-neutral version,"""Ensino cruza os 'homens' na Declaração de Independência.""","""Teaching traverses the'men' in the Declaration of Independence.""",0,235,752,2283,2375,2558,2230,2409,12842
"Though They Apologized to Hannity, Keurig Still Boycotting Breitbart","""Although They Apologized to Hannity, Keurig Still Boycotting Breitbart""

""Apesar das Desculpas a Hannity, a Keurig Continua a Boicotar o Breitbart""","""Although They Apologized to Hannity, Keurig Still Refuses to Cooperate with Breitbart""",0,113,249,507,1199,852,2228,1241,6389
VIDEO: Why we no longer need the mainstream media – Dr. Rich Swier,VIDEO: Por que já não precisamos da mídia tradicional – Dr. Rich Swier.,"""VIDEO: Why we no longer need traditional media – Dr. Rich Swier.""",0,28,71,484,652,215,262,305,2017
How Far Infrared Rays Can Totally Change Your Life (and Health),"""Quão longe os raios infravermelhos podem totalmente mudar sua vida (e saúde)""","""How far can infrared rays completely transform your life (and health)""",0,85,752,330,180,947,1978,669,4941
Niger President Wants 600 Billion Per Year from Europe Or Else,Presidente do Niger Pede 600 Bilhões ao Ano da Europa ou Caso Contrário,"""Niger President Seeks €600 Billion Annually from Europe or Face Consequences""",0,125,752,1770,1176,1588,2053,1607,9071
Washington Should Take Note of Chinese Advancement in Brazil,Washington Deve Repare na Avanço da China no Brasil,"""Washington Must Take Note of China's Advancement in Brazil""",0,80,752,770,317,752,1049,1,3721
Archeologists discover cave drawings of Pitocin infusion on post partum woman,Arqueólogos descobrem desenhos em cavernas da injeção de Pitocin em mulheres no pós-parto,Archéologists uncover drawings in caves of Pitocin injections in women postpartum.,0,313,752,1130,782,1512,943,674,6106
"Hillary Clinton Attacks Middle America, Calls For Elimination of Electoral College (VIDEO)","Hillary Clinton Ataca a América Média, Chama pela Eliminação do Colégio Eleitoral (VÍDEO)","""Hillary Clinton Pounces on Middle America, Demands Abolition of Electoral College (VIDEO)""",0,113,286,962,741,755,1313,1260,5430
Denver high school students stage massive walkout to protest Trump's DACA repeal,Alunos do ensino médio de Denver realizam uma caminhada em massa para protestar contra a decisão do presidente Trump de revogar o DACA.,Teenagers from Denver's high schools take a massive march to protest President Trump's decision to repeal DACA.,0,196,752,1321,540,608,558,969,4944
"McCain tries to bring Trump to Heel, cites draft record","McCain tenta trazer Trump à linha, citando a ficha técnica.","McCain tries to bring Trump in line, citing the stats.",0,196,375,1944,2005,1557,1271,1890,9238
Dismissed FBI Agent Falsified Statement That Would’ve Implicated Hillary Clinton in a CRIME,Agente Despedido do FBI Falsificou Declaração que Poderia Implicar Hillary Clinton em um CRIME.,'Former FBI Agent Who Forged Statement That Could Link Hillary Clinton to a CRIME.',0,161,752,1974,1784,1419,2093,2218,10401
"Hurricane Harvey poised to disproportionately impact blacks in Texas, but no one is talking about it","'Tempestade Harvey em posição de afetar desproporcionalmente os negros no Texas, mas ninguém está falando disso.'","Tempestade Harvey is positioned to disproportionately affect blacks in Texas, but no one is talking about it.",0,55,96,769,1946,754,1209,626,5455
"In Los Angeles, Hotel Hipness Makes a Grand Return","No Los Angeles, a Hotel Hipness Retorna com Grandiosidade","In Los Angeles, the Hotel Hipness Returns with Grandeur",0,170,415,603,570,759,935,1068,4520
Maduro Puts Army on Alert as Venezuela Threatened by 'the Most Criminal Empire',Maduro Coloca o Exército em Alerta à Fronte de 'O Mais Criminal Império',Maduro activates the army at the border with the'most criminal empire'.,0,206,752,1980,2140,2306,1327,1366,10077
US climate assessment exposes ‘simply terrifying’ recklessness of Trump,Avaliação do clima dos EUA revela'simplemente aterrador' comportamento negligente de Trump,The US climate assessment reveals a simply terrifyingly negligent behavior of Trump,0,160,752,1440,702,1348,1190,143,5735
"Trump Administration Faces Hurricane Harvey, Its First Major Natural Disaster","""Administração Trump Enfrenta o Furacão Harvey, Seu Primeiro Grande Desastre Natural""","""Trump Administration Faces Hurricane Harvey, Its First Major Natural Disaster""",0,1,15,172,69,54,314,292,917
Paul Ryan says spending bill will save Obama’s Dreamers,"""Paulo Ryan diz que o projeto de lei sobre despesas salvará os sonhos de Obama""","""Paulo Ryan says the bill on expenses will save Obama's dreams.""",0,124,752,1818,1711,793,770,1632,7600
Think Russia and Mueller Are 'Going to Save Us',"""Pensar na Rússia e em Mueller como 'quem vai nos salvar'"".","""Thinking of Russia and Mueller as 'who will save us'.""",0,187,752,1520,1335,1410,1181,1413,7798
Google Executive Creates Biblical “Image Of The Beast” End Times Are Here,“Executivo do Google Cria a ‘Imagem da Besta’ dos Últimos Dias”,“Google Executive Creates the 'Beast of the Last Days' Image”,0,224,752,2175,2047,1614,2292,1528,10632
The Mercers play both sides of the climate change issue,"The Mercers play both sides of the climate change issue para o português se traduz para ""Os Mercers jogam os dois lados do problema das mudanças climáticas"".",Os Mercers navegam pelos dois lados da questão das mudanças climáticas.,0,377,752,2564,2449,2406,2235,1351,12134
"Until Elected Officials Champion Medicare for All, They Can Expect Nurses at Their Offices — and in Their Seats","""Até que os representantes eleitos defendam Medicare para Todos, possam esperar enfermeiros em seus escritórios — e em seus assentos.""","""Until the elected representatives stand up for Medicare for All, they can wait for nurses in their offices — and in their seats.""",0,99,729,841,1299,1815,1637,1453,7873
FEMA director heads to Puerto Rico amid reports of apocalyptic conditions; Hillary Clinton says ‘send the Navy’,"""Diretor da FEMA vira a cabeça para Porto Rico em meio a relatórios de condições apocalípticas; Hillary Clinton diz ‘enviar a Marinha’""","""FEMA chief turns his head to Puerto Rico amidst reports of apocalyptic conditions; Hillary Clinton says'send the Navy'""",0,60,332,626,644,397,1150,1075,4284
"Migrants Travel to ‘Soft Touch’ Scotland for Female Genital Mutilation (FGM), One Midwife Sees 150 Cases a Year – Infinite Unknown",Migração para'mão suave' da Escócia para FGM: Uma parteira vê 150 casos por ano - Um universo de desconhecido.,**A smooth transition from Scotland to FGM**,0,355,752,2498,2580,2572,2538,2491,13786
Stephen Curry thinks the Boston Celtics could make the NBA Finals,Stephen Curry acredita que os Boston Celtics possam ir para os playoffs da NBA.,Stephen Curry believes the Boston Celtics might make the NBA playoffs.,0,85,752,167,190,107,311,61,1673
"Pittsburgh Steelers dropped the ball, lost to New England Patriots","Pittsburgh Steelers deixou a bola cair, perdeu para os New England Patriots","""A Pittsburgh Steelers botou a bola no chão, perdeu para os New England Patriots.""",0,254,752,2482,2494,1800,1849,1325,10956
NBA Star Chris Paul May Have Threatened The President of The United States,NBA Star Chris Paul Pode Ter Ameaçado O Presidente dos Estados Unidos,"""A NBA Star Chris Paul May Have Threatened the President of the United States""",0,3,206,292,870,232,1288,1059,3950
Marshawn Lynch Gives The Media A Taste Of Beast Mode,Marsawn Lynch Dá ao Meio de Comunicação um Sabor do Modo Fera,Marsawn Lynch Gives Communications a Taste of the Raw,0,187,752,1498,2074,2262,2309,2239,11321
Treasury Inspector General Finds No Political Meddling in Tax Analysis,O Treasury Inspector General Encontra Ausência de Ingerências Políticas na Análise de Impostos,"""O Treasury Inspector General Encontra Ausência de Ingerências Políticas na Análise de Impostos"" = ""The Treasury Inspector General Finds No Political Interference in Tax Analysis""",0,211,644,2276,2120,1694,1456,1233,9634
GOP Senator Receives Death Threat to Oppose Obamacare Repeal,Congressista Senador Republicano Recebe Ameaça de Morte Para Se Opor à Derrogação do Obamacare,"""Congressman Republican Senator Threatened with Death to Oppose Obamacare Repeal""",0,129,577,1292,1679,848,1900,2079,8504
VIDEO: President Trump shunned ‘fancy lunch’ to dine with U.S. and South Korean soldiers – Dr. Rich Swier,President Trump desdenhou do 'almoço chique' para jantar com soldados dos Estados Unidos e da Coreia do Sul – Dr. Rich Swier,"""President Trump skipped the 'posh lunch' to have dinner with U.S. and South Korean soldiers – Dr. Rich Swier.""",0,71,121,1035,1201,1700,1808,1765,7701
VPNs pulled out by Apple in China and Russia signs banning of VPNs,"VPNs pulled out by Apple in China and Russia, signs banning of VPNs","VPNs withdrawn by Apple in China and Russia, signs banning VPNs",0,38,194,175,380,847,2495,507,4636
Suit Argues New Angle in Claim of For-Profit College Fraud,Suit Argues New Angle in Claim of For-Profit College Fraud,The Lawsuit Advances a New Perspective in Its Profit-Making College Fraud Case.,0,246,752,1945,1604,1910,2461,2230,11148
"Spencer Johnson, ‘Who Moved My Cheese?’ Author, Dies at 78","‘Spencer Johnson, Autor de “Quem Mexeu o Queijo?”, Morre aos 78′","'Spiritual innovator of ""Who Moved My Cheese?"" Passes Away at 78'",0,162,665,2224,2279,2006,2433,2345,12114
PressTV-Iran demands EU bring US into line with nuclear deal,PressTV – Iran exige que a UE traga os EUA para dentro da linha do acordo nuclear.,'PressTV – Iran demands the EU to bring the US back in line with the nuclear agreement.',0,113,752,1408,447,1149,827,278,4974
Ron Paul Warns America’s “on the Verge of Something Like 1989’s Soviet System Collapse”,“Ron Paul alerta que os EUA estão à beira de uma queda semelhante à do sistema soviético de 1989.”,"""Ron Paul warns that the US is on the brink of a collapse similar to the Soviet system of 1989.""",0,229,752,1816,714,937,184,355,4987
I.R.S. Says It Will Reject Tax Returns That Lack Health Insurance Disclosure,O IRS Disse que Rejeitará Devoluções de Imposto sem Declaração de Seguro de Saúde,'The IRS Said It Would Reject Tax Refunds Without Health Insurance Declaration',0,262,752,2181,2061,1049,430,627,7362
New York Times Asks Fox for Apology After ‘Inaccurate Segment’,"O ""New York Times"" solicita um pedido de desculpas da ""Fox"" após'seção inexata'.","The ""New York Times"" demands an apology from ""Fox"" over'misleading' section.",0,276,752,2259,1682,1706,836,1338,8849
"‘If you support the racist, you are the racist’: Michael Moore holds Trump backers accountable for Charlottesville","Se você apoiar o racista, você é o racista. Michael Moore responsabiliza os simpatizantes de Trump pelas violências de Charlottesville.","""If you support a racist, you are the racist. Michael Moore blames Trump supporters for the Charlottesville violence.""",0,76,597,1108,1009,590,196,506,4082
Amazon’s Whole Foods Acquisition Makes Stores An Extension of E-Commerce,Comprar Whole Foods pela Amazon Torna as Lojas uma Extensão do E-Commerce,'Buy Whole Foods from Amazon Makes the Stores an Extension of E-Commerce',0,89,752,1168,1718,985,1897,1952,8561
"Photogallery - Roger Federer dismantles Rafael Nadal, targets world No. 1 spot","""Álbum de fotos: Roger Federer desmonta Rafael Nadal, mira posição do número 1 mundial""","""Photo album: Roger Federer dismantles Rafael Nadal, eyes world No. 1 spot.""",0,59,185,576,1644,1759,1623,1947,7793
"Overwatch' sets new milestone for Blizzard, acquires 46 million users","Blizzard dá novo salto, atinge 46 milhões de usuários","Stormy weather leads to a new leap, reaches 46 million users.",0,263,752,2188,2260,2416,2419,2478,12776
As Russia Warns ‘World Faces War Worse Than Any Other In Human History’,A Rússia adverte: 'o mundo enfrenta uma guerra pior do que qualquer outra na história humana'.,Russia warns: 'The world faces a war worse than any other in human history.',0,20,752,954,225,720,97,90,2858
ZOMG! Obvious Photoshop of Trump saving cats in Hurricane Harvey flood water goes viral,'Obvio Photoshop de Trump salvando gatos na água do furacão Harvey vai viralizar',''Obvious Photoshop of Trump saving cats from Harvey's hurricane water will go viral'',0,121,531,1829,1425,1282,1450,1406,8044
"With a Monday Vote Expected, Democrats Press to Release Their Own Memo","Com uma votação na segunda-feira esperada, os democratas pressionam para lançar seu próprio memorando.","With an anticipated vote on Monday, Democrats push for their own memorandum.",0,245,752,1224,1094,1653,976,951,6895
Huckabee Sanders fakes endorsement of Trump's 'destroy' North Korea policy—from Barack Obama,"""Huckabee Sanders, a imitação de Trump, falsifica endosso a 'destruição' da política da Coreia do Norte de Obama.""","""Huckabee Sanders, Trump's mimic, fakes endorsement for the 'destruction' of the North Korea policy of Obama.""",0,157,752,1172,1730,1762,1902,2134,9609
Because SERVANTS! Dianne Feinstein accidentally exposes the Left’s RACIST views on immigration,"Porque Servos! Dianne Feinstein expõe, por acidente, os pontos de vista RACISTAS da esquerda sobre a imigração","""Because Servants! Diane Feinstein Exposes, By Accident, the RACIST views of the left on immigration""",0,121,752,1424,593,2194,2034,1594,8712
We Accept The Reality With Which We Are Presented,Aceitamos a realidade que nos é mostrada,"""We accept the reality that is presented to us.""",0,170,752,1764,328,1362,2298,170,6844
16 Year Old Autistic Teen Offers Some Incredible Insight About Life,'Teen autista de 16 anos oferece algumas perspectivas incríveis sobre a vida.',''A 16-year-old autistic teen shares some incredible insights into life.''',0,101,752,1449,708,1275,263,194,4742
"After Trump tweeted a meme about her fallen husband and the anthem, Pat Tillman's widow speaks out","Depois de Trump tweetar uma piada sobre seu marido morto e o hino, a viúva de Pat Tillman se pronuncia.","""After Trump tweeted a joke about his dead husband and the anthem, Tillman's widow speaks up.""",0,76,323,662,728,702,701,1372,4564
"Mountain Goats on Your Trail? They Like You, and Your Urine","Caprinos de Montanha no seu Caminho? Eles Gostam de Você, e do Seu Urina","Goats of the Mountains on Their Path? They Like You, and Your Pee",0,156,236,424,1980,2112,2252,1820,8980
Fox Biz beats CNBC in key demo for first time since March,A Fox se conectou com a CNBC em um teste importante de audiência pelo primeiro tempo desde março,"""The Fox made contact with CNBC in a crucial audience test after the first time since March.""",0,205,719,2257,2241,2103,1584,1921,11030
Ariana Grande Spent the Holidays In This Lavish Colorado Mansion,Ariana Grande passou as férias em uma mansão luxuosa no Colorado.,Ariana Grande spent her holidays in a luxurious Colorado mansion.,0,100,752,496,279,1400,60,43,3130
"Judge rules to remove WWI cross memorial, because it symbolizes Christianity.","O juiz decidiu remover o memorial da Grande Guerra, porque ele simboliza o cristianismo.","The judge decided to remove the war memorial, because it symbolized Christianity.",0,142,566,1085,825,670,996,1001,5285
Nolte: Hollywood Enables Countless Sexual Predators and Still Wants to Take Women’s Guns,Hollywood Permite Milhares de Predadores Sexuais e Quer Tomar as Armas das Mulheres,"""Hollywood permits thousands of sexual predators and wants to take guns from women""",0,151,752,1581,1841,1656,2227,983,9191
Dem Senators Decline To Condemn Women’s March For Supporting Terrorist,"""Democratas Senadores Recusam-se a Condenar Marcha das Mulheres por Apoiar Terroristas""","""Democrata Senators Refuse to Condemn Women's March for Supporting Terrorists""",0,85,752,1344,1526,669,514,816,5706
DreamHost Ordered to Release Some Trump Protest Website Data to U.S.,DreamHost Obtém a Orca,DreamHost Snags the Whale,0,363,752,2477,2589,2534,1549,2466,12730
Are Helicopter Parents Raising Their Children To Be Unemployable?,Pais Helicóptero Estão Criando Filhos Indesejáveis?,"""Helicopter Parenting are Creating Unwanted Offspring?""",0,360,752,2376,1883,2267,2180,2118,11936
"Besides Uber, Japanese Giant SoftBank Owns These 16 Silicon Valley Startups","Além do Uber, o gigante japonês SoftBank Compras 16 Startups da Silicon Valley.","""Beyond Uber, the Japanese giant SoftBank Acquires 16 Silicon Valley Startups.""",0,85,629,751,872,870,1151,1126,5484
Sinclair Broadcast News exposed its white nationalist agenda today,Sinclair Broadcast News expôs sua agenda racista hoje.,Sinclair Broadcast News aired its racist agenda today.,0,95,752,665,1109,376,238,415,3650
How Hugh Hefner and Playboy Paved the Way for The Advocate,Como Hugh Hefner e Playboy pavimentaram o caminho para The Advocate,"""Hugh Hefner and Playboy paved the way for The Advocate""",0,6,403,182,762,260,981,851,3445
Weinstein sex scandal may negatively impact Michael Moore and Quentin Tarantino,A Weinstein sex scandal pode negativamente impactar Michael Moore e Quentin Tarantino.,The Weinstein sex scandal could have negative consequences for Michael Moore and Quentin Tarantino.,0,122,379,324,173,138,215,1,1352
Muslims Fear Backlash After Minneapolis Cop Shoots Australian Woman,"""Muçulmanos temem represália após policial de Minneapolis atirar em mulher australiana""","""Muslims fear backlash after Minnesota police officer shoots Australian woman""",0,80,752,565,164,704,754,165,3184
When did the ‘Mall of America’ in Minnesota become the ‘Mall of Mogadishu?’,Quando a 'Mall of America' em Minnesota se tornou a 'Mall of Mogadishu?',"""When the 'Mall of America' in Minnesota became the 'Mall of Mogadishu'?""",0,24,752,618,1346,313,697,927,4677
"New Yorker avoids years in prison over Glock mags, vows to appeal conviction",A New Yorker foge da prisão por causa dos magazines da Glock e promete apelar da condenação,A New Yorker escapes jail due to the magazines of Glock and vows to appeal the conviction,0,215,752,1730,1947,1737,1716,1209,9306
Poll: 40 Percent Think Media Presents ‘Greater Threat’ to America than White Supremacists,"""40% Acham que os Meios de Comunicação Representam um Risco Maior para os Estados Unidos do que os Supremacistas Brancos"".","""40% Believe the Media Pose a Greater Threat to the United States Than White Supremacists.""",0,160,752,2000,401,534,432,656,4935
"WATCH: ‘Cowards’ Remove Confederate Statues, Says Black Fmr. Dallas Councilwoman","VIGILANCIA: 'Medrosos' Removem Estátuas Confederadas, Afirma Ex-Diretora de Conselho de Dallas","'VIGILANCIA: 'Frightened' Uproot Confederate Statues, Claims Former Dallas Board Member'",0,297,752,2317,2253,2410,1935,2417,12381
Why Should You Build Carports in Your Home? Top Reasons You Cannot Ignore!,"Por que Você Deve Construir Carports na Sua Casa? Top Razões para Você Não Ignorar!

1. Protege seu carro como uma mãe protege seus filhos.
2. Adiciona valor ao seu lar como uma jóia adere a uma grinalda.
3. Evita que sua máquina de dirigir fique exposta aos elementos, como um homem sem guarda-chuva em um temporal.
4. Fica tão confortável quanto um ninho de pombos.
5. Oferece uma solução prática, como um par de sapatos para um dia chuvoso.
6. É uma obra-prima de engenharia, como um palácio de gelo.
7. Faz com que sua casa pareça um castelo de contos de fadas, com a proteção que uma torre medieval oferece.
8. Dá a seus veículos um espaço exclusivo, como um jardim secreto.
9. Mantém seu veículo brilh","1. Protege seu carro como uma mãe protege seus filhos.
2. Adiciona valor ao seu lar como uma jóia adere a uma grinalda.
3. Evita que sua máquina de dirigir fique exposta aos elementos, como um homem sem guarda-chuva em um temporal.
4. Fica tão confortável quanto um ninho de pombos.
5. Oferece uma solução prática, como um par de sapatos para um dia chuvoso.
6. É uma obra-prima de engenharia, como um palácio de gelo.
7. Faz com que sua casa pareça um castelo de contos de fadas, com a proteção que uma torre medieval oferece.
8. Dá a seus veículos um espaço exclusivo, como um jardim secreto.
9. Mantém seu veículo brilhando, como se você tivesse acabado de sair da oficina, mantendo o sentido metafórico original.",0,391,752,2583,2402,2581,2352,2448,13509
When the U.S. Last Faced an Emerging Nuclear Threat in East Asia,Quando os EUA últimos enfrentaram uma ameaça nuclear emergente na Ásia Oriental.,When the U.S. finally faced a nuclear threat in Eastern Asia.,0,89,350,361,759,1117,781,173,3630
CBS shocked to find black Trump voters still behind the president 100%,"""Surpreendidos ao descobrir que os eleitores negros de Trump ainda o apoiam 100%.""","""Thrown for a loop by finding that Black voters of Trump still support him 100%.""",0,300,752,2212,2363,2266,1442,1754,11089
An Al Jazeera Reporter Went Undercover with the Pro-Israel Lobby In Washington,Um repórter da Al Jazeera foi infiltrationado com a máquina de lobby pró-Israel em Washington.,"""An Al Jazeera reporter was penetrated by the pro-Israel lobby machine in Washington.""",0,77,752,790,1632,1589,1905,1902,8647
Claire McCaskill’s Pharma Advertising Amendment Could Kill Tax Reform,Emenda ao Anúncio de Produtos Farmacêuticos da Claire McCaskill Pode Matar a Reforma Tributária,"""Amendment to Claire McCaskill’s Pharmaceutical Product Advertisement Could Kill the Tax Reform""",0,143,752,1021,1071,1350,1023,1442,6802
Even old Samsung phones are beating out the iPhone 8,Mesmo velhos smartphones Samsung estão batendo os iPhones 8.,Even old Samsung smartphones are taking out the iPhones 8s.,0,147,752,696,1681,713,1987,1117,7093
"VIDEO Protests ERUPT: DEMAND MAYOR BETSY HODGES’ RESIGNATION, shut down press conference","VIDEOs de protesto ERUPTOm: SOLICITAM A DEMISSÃO DA MAIOR BETHY HODGES, Fechamento da conferência de imprensa","**VIDEOs de protesto ERUPTOm: SOLICITAM A DEMISSÃO DA MAIOR BETHY HODGES, Fechamento da conferência de imprensa**",0,383,752,2507,2512,2179,2513,2379,13225
Ivanka Trump Just Humiliated Her Dad On Father’s Day,Ivanka Trump Humilhou Publicamente seu Pai no Dia dos Pais.,Ivanka Trump Publicly Embarrassed Her Father on Father's Day.,0,100,752,781,324,998,1002,1111,5068
Photogallery - LeBron James drops 57 points as Cavs defeat Wizards,"""Álbum de Fotos: LeBron James marca 57 pontos, os Cavs derrotam os Wizards.""","""Photo Album: LeBron James scores 57 points, the Cavs defeat the Wizards.""",0,124,752,1559,1426,1360,618,844,6683
What Trump Is Doing in Jerusalem and Why He Is Doing It,O que Trump está fazendo em Jerusalém e por que ele está fazendo isso,What is Trump doing in Jerusalem and why is he doing that?,0,74,752,670,181,433,68,1,2179
U.K. Anti-Terror Censorship Law Stupidly Used Against Guy Who Fights Terrorism,Lei Britânica de Censura Antiterrorista Usada Tolo Contra Homem Que Combate o Terrorismo,British Terrorist Law Used Foolishly Against Man Fighting Terrorism,0,274,752,1883,2146,1984,2118,2126,11283
Vogue model spent years in Muslim billionaire’s harem as his “pleasure wife”,"""Modelo da Vogue passou anos na harém de um bilionário islâmico como sua 'esposa de prazer'"".","""Vogue's model spent years in the harem of a billionaire Islamic as her 'pleasure wife'.""",0,136,718,1896,1210,1692,1172,1652,8476
"In addition to all its other wrongdoing, North Korea owes NYC $$156K for this","Além de todos os outros erros, a Coreia do Norte deve $$156K para NYC por isso.","""Beyond all the other mistakes, North Korea owes NYC $156K for this.""",0,102,218,1376,432,740,738,1040,4646
"Leonardo da Vinci Painting Sells for $450.3 Million, Shattering Auction Highs","A pintura do Leonardo da Vinci é vendida por $450,3 milhões, quebrou recordes de leilão.","Leonardo da Vinci's painting fetches $450.3 million, breaking auction records.",0,113,752,1393,267,1016,677,747,4965
Little Sisters face new lawsuit over their HHS mandate exemption,Pequenas Irmãs enfrentam novo processo judicial sobre sua isenção da diretriz do HHS.,Little Sisters of the Poor face new judicial process over their HHS exemption.,0,101,752,1119,1884,1458,2150,1949,9413
Biblical Christians Would Hate The Handmaid's Tale Dystopia Just As Much As Everyone Else, Cristãos Bíblicos Odiaram a Dystopia do Conto da Serva Justo Tanto Quanto Todo Mundo,Christian Bible Believers Hated the Dystopia of the Just Servant Tale as Much as Everyone Did,0,227,752,1434,1826,2084,1928,2311,10562
Teen who blasted “f*ck tha police” at NYPD funeral booted from apartment,Jovem que detonou “f*ck a polícia” no funeral da NYPD foi expulso do apartamento.,"Youth who shouted ""f*ck the police"" at NYPD funeral was evicted from his apartment.",0,121,752,1978,1242,804,1128,1020,7045
"FL-Sen: Nelson (D) Refuses To Let Trump Privatize Air Traffic Control, PCCC Pushes Dems To Join Him","Nelson (D) Recusa-se a Deixar Trump Privatizar o Controle de Tráfego Aéreo, PCCC Incentiva os Demônios a Se Juntarem a Ele","Nelson (D) Refuses to Let Trump Privatize Air Traffic Control, CCC Encourages Evil Spirits to Join Him.",0,76,177,1195,1898,1799,1990,2011,9146
Friend of Anthony Scaramucci deletes tweet accusing Reince Priebus of having a ‘mistress’,Amigo de Anthony Scaramucci remove tuíte acusando Reince Priebus de ter uma'mistress'.,""" Anthony Scaramucci's friend deletes tweet accusing Reince Priebus of having a'mistress'.""",0,34,207,1142,1097,597,644,1118,4839
"“Butcher of Pakistan” killed 70 people, then started trafficking Muslim migrants into Europe","'Carniceiro do Paquistão' matou 70 pessoas, então começou a traficar migrantes muçulmanos para a Europa","""Pakistani Butcher"" killed 70 people, so he started trafficking Muslim migrants to Europe.",0,103,461,973,1186,787,482,862,4854
We Answered Your Questions About Writing for The Edit,Respondemos às suas Perguntas Sobre Escrita para a Edição,'We Answer Your Writing Questions for Editing',0,196,752,1618,800,1708,1630,1449,8153
Photogallery - Donald Trump will not visit London to declare open the new US embassy,"""Album de Fotos: Donald Trump não visitará Londres para declarar a abertura do novo embaixada dos EUA.""","""Photo Album: Donald Trump will not visit London to declare the opening of the new U.S. embassy.""",0,106,397,1170,1477,641,283,439,4513
CBS News may have just made the most accurate typo of all time,"""CBS News pode ter cometido o maior erro de digitação de todos os tempos.""","""CBS News may have committed the greatest typo of all time.""",0,73,325,982,1449,578,102,239,3748
Clovis Oncology soars as ovarian cancer drug passes key endpoints in final stage trial,Clovis Oncology decola enquanto medicamento para câncer de ovário supera pontos-chave em ensaio clínico final.,Clovis Oncology launches off as ovarian cancer drug surpasses key trial points.,0,139,589,752,1413,1299,1638,1684,7514
Alex Jones hyped fake news about ‘black gangs’ looting after Hurricane Harvey,"""Molecagem de Black Gangs a pilhar após o Furacão Harvey""","""Looting of Black Gangs after Hurricane Harvey""",0,187,752,2210,2301,2254,2412,2413,12529
Iran celebrates anniversary of US embassy takeover by showing off ICBM,"""IRAN CELEBRA ANIVERSÁRIO DO TOMBAMENTO DA EMBAIXADA DOS ESTADOS UNIDOS POR EXIBIR O ICBM.""","""Iran Celebrates Anniversary of Embassy Attack by Displaying ICBM.""",0,99,752,1233,746,1739,2139,1574,8282
NY Times Expresses Regret for Offending Readers With Nazi Sympathizer Profile,O NY Times expressa arrependimento por ter ofendido os leitores com o perfil do simpatizante nazista.,"""The New York Times regrets offending readers with its profile of the Nazi sympathizer.""",0,208,752,1484,761,1635,534,425,5799
WATCH: Jim Acosta tries to get Sarah Huckabee Sanders to admit collusion with Russia,Assistir: Jim Acosta tenta que Sarah Huckabee Sanders admita a cumplicidade com a Rússia.,Watching: Jim Acosta tries to get Sarah Huckabee Sanders to admit complicity with Russia.,0,32,42,60,165,547,1191,1311,3348
Berkeley Mayor Jesse Arreguin Tells Conservatives: No Free Speech On MY Watch,"""Tire o calçado da minha vista!""",'Remove the shoe from my sight!',0,368,752,2553,2586,2567,567,2453,11846
Egypt censored newspaper on Israel offers to ‘buy Sinai’,Censo do Egito em Israel oferece 'comprar o Sinai'.,"**Census of Egypt in Israel offers 'buy Sinai'.**

Translation:
The Egyptian census in Israel offers 'buy Sinai'.",0,262,752,2467,2307,2516,1915,2301,12520
Iran’s President Rouhani accuses US of undermining nuclear deal,“O presidente iraniano Rouhani acusa os Estados Unidos de minar o acordo nuclear.”,"""The Iranian president Rouhani accuses the United States of undermining the nuclear agreement.""",0,188,752,1127,497,188,88,1,2841
Fox News retracts Trump-loving 'Navy SEAL' story after he was exposed as a stolen valor fraud,Fox News retrai notícia sobre 'Navy SEAL' que amava Trump após ser exposto como fraude do valor roubado.,Fox News pulls back story on 'Navy SEAL' who loved Trump after being exposed as a fraudulent scammer.,0,221,752,1474,1753,1745,2064,1990,9999
Whoa! Trump Just Said Health Insurance Costs $$12 A Year!,Uau! Trump Acabou de Dizer que os Custos dos Seguros de Saúde são $$12 Por Ano!,Wow! Trump Just Said Health Insurance Costs Are $12 a Year!,0,31,142,54,286,42,441,573,1569
"Violent hailstorms hit Italy, covering beaches in white – Infinite Unknown","Chuvas violentas atingem a Itália, cobrindo as praias em branco - Desconhecido Infinito","Violent rains hit Italy, covering the beaches in white - Unknown Infinite",0,68,437,577,730,698,1048,1647,5205
‘O Canada’ Will Become Gender Neutral With New Lyrics,'Canada' será tornar neutro no gênero com novas letras,Canada will become gender-neutral with new letters,0,42,752,1834,2306,2241,1383,767,9325
UN Troops Will Be Running the FEMA Camp Extermination Centers,As Tropas da UN Controlarão os Centros de Exterminação da FEMA,"""The UN Troops will take control of FEMA's Death Camps""",0,263,752,2003,754,1328,1007,1116,7223
Philadelphia Mom Who Wanted To Join ISIS Sentenced To Eight Years In Jail,Filha de Filadélfia Que Queria Entrar no ISIS Sentenciada a Oito Anos de Prisão,Daughter of Philadelphia Who Wanted to Join ISIS Sentenced to Eight Years in Prison,0,47,752,154,1072,476,709,1274,4484
70 Percent Of Italians Think The Country Has Taken Too Many Migrants,Setenta por cento dos italianos acreditam que o país recebeu muitos migrantes.,Seventy percent of Italians believe that their country received many immigrants.,0,235,752,1540,1505,1855,161,201,6249
Hilary Rosen awfully troubled by this dude’s ‘anti-Semitic’ bacon suit,"""Hilary Rosen está profundamente preocupada com o homem's 'anti-semita' bacon suit.""","""Hilary Rosen is deeply concerned about the man's 'anti-Semite' bacon suit.""",0,206,752,2080,1387,1517,2424,704,9070
"Bob Corker voted no on the tax scam once, but now he's a yes, because yay corporate tax cuts","Bob Corker foi contra a fraude fiscal uma vez, mas agora está a favor, porque ""yay"" para os cortes de impostos corporativos.","Bob Corker shifted his stance on tax evasion, once opposing it but now supports it, as 'yay' for corporate tax cuts.",0,182,752,2097,1543,1978,1735,1651,9938
Starbucks Employees Will Reap The Benefits Of The Trump Tax Cuts,Starbucks Funcionários Colherão os Benefícios da Redução de Impostos de Trump,Starbucks employees will reap the rewards of Trump's tax cuts.,0,45,752,150,242,776,1281,128,3374
"JFK File: FBI Monitored Martin Luther King’s ‘Abnormal’ Sex Life of Orgies, Hookers and Joan Baez","FBI Monitorou a Vida Sexual ‘Anormal’ de Martin Luther King: Orgias, Prostitutas e Joan Baez","""FBI Watched the 'Abnormal' Sexual Life of Martin Luther King: Orgies, Prostitutes, and Joan Baez""",0,196,752,1411,1260,684,1103,1486,6892
Photogallery - Cleveland Cavaliers news: Several teams want Shumpert but under one condition,"Fotogaleria - Notícias dos Cleveland Cavaliers: Vários times querem Shumpert, mas com uma condição.","Photo Gallery - Cleveland Cavaliers News: Several teams are eyeing Shumpert, but with a stipulation.",0,181,752,1271,743,1323,1346,1268,6884
Trump privately doubted Moore’s accusers and drew parallels between sexual misconduct allegations levied against him in 2016,Trump privatecou as acusações de Moore e traçou paralelos entre as acusações de conduta sexual levadas contra ele em 2016.,Trump privately dismissed the accusations from Moore and drew parallels between the sexual misconduct allegations levied against him in 2016.,0,54,177,332,446,735,1632,579,3955
Grammar Infraction! Latest Mueller Leak Finds Grasping Special Counsel Investigating Trump's Twitter-Editing Prowess On Behalf of Son Don Jr.,Ultima fuga de informações do Mueller: Encontro com a Justiça para Trump.,Final leak from Mueller: Encounter with Justice for Trump.,0,360,752,2388,2485,2554,1363,2461,12363
Broncos' Brock Osweiler would be replacing Trevor Siemian as the starter,Broncos' Brock Osweiler Would Be Replacing Trevor Siemian as the Starter.,"""Broncos"" Brock Osweiler Would Be Replacing Trevor Siemian as the Starter.' é uma tradução literalmente fiel ao texto original. Portanto, a tradução também é literal: ""Broncos"" Brock Osweiler Would Be Replacing Trevor Siemian as the Starter.'",0,219,751,2319,2302,2568,2494,2206,12859
James Cameron Sparks Outrage for Saying ‘Wonder Woman’ a ‘Step Backwards’ for Female Characters,James Cameron acendeu a revolta ao chamar ‘A Mulher-Maravilha’ de ‘Paso Atrás’ para personagens femininas,"""James Cameron sparked outrage by labeling 'Wonder Woman' as 'A Step Back' for female characters.""",0,105,752,1821,767,1256,1022,1317,7040
Peter Strzok's Wife and Government Attorney Wipes Her Facebook Page of All Evidence of Hillary Cheerleading,A esposa do Peter Strzok e a advogada do governo apagou todas as evidências de torcida por Hillary da sua página do Facebook.,The wife of Peter Strzok and the government's lawyer wiped all traces of Hillary cheering from his Facebook page.,0,266,752,1315,2115,2014,1561,2052,10075
"This is a Michigan story, or is it? We need more Guns in Bars , churches and schools.","Isso é uma história do Michigan, ou não é? Precisamos de mais armas em bares, igrejas e escolas.","""Is this a Michigan story, or isn't it? We need more guns in bars, churches, and schools.""",0,32,313,448,373,451,193,967,2777
Pagan shoppers vow to boycott Tesco over Christian family in Yuletide advert,Vítreos consumidores pagãos prometem boicote à Tesco por família cristã no anúncio do Natal.,"'Glass-windowed consumers, heathens they seem, threaten a boycott of Tesco due to a Christian family featured in a Christmas ad.'",0,295,752,2316,1964,2440,2286,2295,12348
"ICE Agents Eat Breakfast, Then Arrest Three Workers At Restaurant [WATCH]","Agentes do ICE Comem Café da Manhã, Luego Prendem Três Funcionários do Restaurante [ASSISTIR]","ICE agents have breakfast, then arrest three restaurant employees.",0,99,752,935,1047,2192,1698,966,7689
Justice Department Announces Compensation Process for Western Union Fraud Victims With Funds Recovered Through Asset Forfeiture,Ministério da Justiça Anuncia Processo de Indenização para Vítimas da Western Union com Recursos Recuperados Através da Apreensão de Bens,"Ministério da Justiça Anuncia Processo de Indenização para Vítimas da Western Union com Recursos Recuperados Através da Apreensão de Bens

**U.S. Department of Justice Announces Compensation Process for Western Union Victims with Funds Recovered via Seized Assets**",0,273,733,2394,2237,2100,968,746,9451
Big Brother 19' spoilers: Alex wants Josh to win HOH this week,Alex quer que Josh vença o HOH dessa semana.,Alex wants Josh to hit the Housing Challenge.,0,254,659,2322,2499,2432,2385,2401,12952
Egypt isn’t the country with the most Pyramids in the world—Sudan has more than 250,Egipto não é o país com mais pirâmides do mundo – o Sudão possui mais de 250.,Egypt is not the country with the most pyramids in the world; Sudan has over 250.,0,55,542,362,138,543,8,1,1649
"Photogallery - Kyrie Irving prefers Spurs, 3 other squads as trade destinations","Álbum de Fotos: Kyrie Irving Preferem os Spurs, Três Outras Esquadras como Destinos de Troca","""Photo Album: Kyrie Irving Prefers the Spurs, Three Other Squads as Trade Options""",0,112,752,1467,1075,1463,1528,1273,7670
The Good Doctor' Spoilers: Dr. Shaun and Claire perform major operation,Dr. Shaun e Claire realizam uma operação desafiadora.,Dr. Shaun e Claire carry out a challenging procedure.,0,297,752,2370,2214,2323,57,1458,9471
Linda Weber calls out Rep. Lance to ask for Trump's Resignation,Linda Weber solicita a demissão de Rep. Lance para pedir a renúncia de Trump.,Linda Weber pulls the plug on Rep. Lance to urge Trump to resign.,0,206,653,1287,1216,2024,2291,1854,9531
Al Franken Uses The Word ‘I’ 61 Times During Resignation Speech,Al Franken usa a palavra ‘eu’ 61 vezes durante o discurso de renúncia.,"""Al Franken uses the word 'I' 61 times during his resignation speech.""",0,5,752,1143,481,486,43,497,3407
Photogallery - Women quit their jobs in Google due to workplace culture,Galeria de Fotos - Mulheres renunciam a seus empregos na Google devido à cultura de trabalho,"""Gallery of Photos: Women Quit Their Jobs at Google Due to Work Culture""",0,112,752,1371,1408,1026,846,758,6273
Why is Amazon deleting negative reviews of Hillary Clinton’s new book?,Por que a Amazon está eliminando resenhas negativas sobre o novo livro de Hillary Clinton?,"""Why is Amazon suppressing negative reviews of Hillary Clinton's new book?""",0,13,380,328,79,91,37,145,1073
CoCo Vandeweghe Leads the U.S. Team in the Fed Cup Final,Coco Vandeweghe lidera a equipe dos EUA na final da Fed Cup.,Coco Vandeweghe leads the U.S. team to the Fed Cup final.,0,13,364,39,59,557,840,470,2342
Turkey Parliament Speaker calls offensive against Syria Kurds “jihad”,Cai o pano.,Curtain falls.,0,391,752,2541,2591,2574,2387,2477,13713
Exxon Fined $$2 Million For Violating Russia Sanctions While Tillerson Was CEO,Exxon multada em 2 milhões de dólares por violar sanções da Rússia enquanto Tillerson era CEO,"""Exxon fined $2 million for breaching Russian sanctions while Tillerson was CEO.""",0,37,752,227,223,925,284,407,2855
FAO Schwarz Is Making a NYC Comeback in Rockefeller Center,FAO Schwarz está voltando com tudo para Rockefeller Center,"""FAO Schwarz is making a comeback to Rockefeller Center.""",0,35,752,886,941,1672,950,1083,6319
Brandon Reilly deserves a shot as a Buffalo Bills starter,Brandon Reilly merece uma chance como titular dos Buffalo Bills.,Brandon Reilly deserves his shot as a Buffalo Bills starter.,0,17,95,158,134,113,557,1,1075
Fascist Judge Convicts US Marine General For Defending Gito Detainees’ Rights,"""Juiz Fascista Condena General dos EUA por Defender os Direitos dos Detidos de Gitmo""","""Fascist Judge Condemns U.S. General for Defending Gitmo Detainees' Rights""",0,125,752,1457,1396,1065,951,1555,7301
"THE REAL RINO's AREN'T CONSERVATIVES AT ALL, NEITHER ARE THEIR VOTERS, THEY JUST USE THE BRAND.","Os reais rins não são conservadores de forma alguma, nem seus votantes. Eles simplesmente usam a marca.","The real kidneys are in no way conservative, nor are their voters. They simply use the brand.",0,192,752,1638,2372,2556,2391,2127,12028
"Jeff Sessions doesn't recall anything about Papadopoulos, then remembers something, something","""Jeff Sessions não lembra nada sobre Papadopoulos, depois lembra algo, algo.""","Jeff Sessions doesn't remember anything about Papadopoulos, then remembers something, something.",0,13,41,21,49,388,730,881,2123
Apple’s new ad shows how iPads are going to replace laptops,"Apple’s new ad shows how iPads are going to replace laptops

Apple's nova propaganda mostra como os iPads estão prestes a substituir os laptops",'Apple’s new ad demonstrates how iPads are about to replace laptops',0,37,752,301,213,152,426,290,2171
Petrol bomb is found in Paris belonging to cement firm that is involved in constructing Trump’s Mexican wall,"O petroleiro encontrou petróleo em Paris, pertencente a uma empresa de cimento envolvida na construção do muro mexicano de Trump.","O oil worker discovered oil in Paris, belonging to a cement company involved in the construction of Trump's Mexican wall.",0,174,752,1241,2344,1918,1836,2207,10472
They’re afraid of us': Immigrants aren't reporting domestic abuse to police,Estão com medo de nós: Imigrantes não estão denunciando abusos domésticos à polícia.,"""Frightened of us: Immigrants are not reporting domestic abuse to the police.""",0,122,653,1462,1141,1843,585,938,6744
"Trump-Endorsed GOP Senate Candidate In Alabama Accepted $$1,000 Donation From Nazi Group","""Candidato do Partido Republicano em Alabama ao Senado, apoiado por Trump, aceitou $$1.000 doação de grupo nazista.""","Republican Party's senate candidate in Alabama, backed by Trump, accepted a $1,000 donation from a Nazi group.",0,112,752,776,620,1174,331,591,4356
Klondex Mines new open pit estimates confirm Fire Creek as “a world class property”,"As estimativas abertas de Klondex Mines confirmam que Fire Creek é ""uma propriedade de classe mundial"".","The open estimates of Klondex Mines confirm that Fire Creek is ""a world-class property"".",0,136,752,1489,1106,1044,443,1146,6116
WATCH: Cuban Violinist Performs U.S. National Anthem at Trump Speech,Assistir: Violonista cubano toca o hino nacional dos EUA durante discurso de Trump,**A**: Watch: Cuban violinist plays the national anthem of the USA during Trump's speech,0,180,752,1880,1031,1630,1537,1617,8627
"Irma shifts west, expected to cross the Keys, strike near Cape Coral; Tampa in sights","Irma se desvia para oeste, esperado a cruzar as Keys, atingir perto de Cape Coral; Tampa no alvo.","Irma turns west, planning to cross the Keys, approaching near Cape Coral; Tampa as the goal.",0,120,279,1092,906,1280,2342,2032,8051
"California: lawmaker shelves health care proposal, receives death threat","California: legislador arquiva proposta de saúde, recebe ameaça de morte","California: Legislator files health proposal, faces death threat",0,153,752,421,956,1195,1970,1507,6954
Jordan Peele Continues Social Thriller Focus With Nazi Hunter TV Series,Jordan Peele Continua a Produzir Contexto Social de Thriller com a Séries de TV O Caçador de Nazis.,Jordan Peele Continues to Produce Social Context Thriller with the TV Series Nazi Hunter.,0,122,752,634,1339,1201,1745,1503,7296
How Sam Shepard Hit Downtown New York and Reinvented Himself,Como Sam Shepard desceu até o centro de Nova Iorque e se reinventou,How Sam Shepard descended into the heart of New York and reinvented himself,0,101,752,432,454,860,751,418,3768
Bill Maher humiliates Donald Trump after threatening to nuke North Korea,Bill Maher humilha Donald Trump após ameaçar nuclearizar a Coreia do Norte.,Bill Maher humiliates Donald Trump after Trump threatens to nuclearize North Korea.,0,59,215,430,231,507,886,358,2686
Kale and Caulifla could perform a fusion in 'Dragon Ball Super',"""Kale e Caulifla poderiam realizar uma fusão em 'Dragon Ball Super'.""","""Kale and Caulifla could fuse into a Dragon Ball Super.""",0,68,621,1373,1957,1353,1169,1242,7783
"Minneapolis Muslim killer-cop’s NEIGHBOR says Mohamed Noor was “STRICT, ILL-TEMPERED,” “HE HAS LITTLE RESPECT FOR WOMEN AND BLACKS”","Minneapolis Muslim killer-cop’s NEIGHBOR says Mohamed Noor was “STRICT, ILL-TEMPERED,” “HE HAS LITTLE RESPECT FOR WOMEN AND BLACKS” para o português, traduzido como:

""Vizinho do Minneapolis Muslim killer-cop afirma que Mohamed Noor era 'ESTRIBO, DE TENDORES NEGATIVOS', 'NAO TEM MUITO RESPEITO POR MULHERES E NEGROS'.""","""Neighbor of Minneapolis Muslim killer-cop says Mohamed Noor was 'SEVERE, TENDING TO NEGATIVITY', 'LACKING RESPECT FOR WOMEN AND BLACKS'.""",0,127,594,1605,1601,1577,2080,2033,9617
Scaramucci has been praising Joe Paterno from White House to hype tribute movie he’s producing,"""Scaramucci tem sido um entusiasta de Joe Paterno, desde a Casa Branca até o filme de tributo que está produzindo.""","""Scaramucci has been an enthusiast of Joe Paterno from the White House to the tribute film he is producing.""",0,108,752,1606,1875,1813,913,1225,8292
Kristen Stewart and Stella Maxwell Wedding: Alicia Cargile still loves her ex?,Kristen Stewart e Stella Maxwell Wedding: Alicia Cargile ainda ama seu ex?,"""Kristen Stewart and Stella Maxwell Wedding: Does Alicia Cargile Still Love Her Ex?""",0,24,274,234,558,722,1200,1046,4058
"Chinese hotel is fined £1,700 for accepting Muslim guests during political Congress","Hotel chinês é multado em £1,700 por aceitar hóspedes muçulmanos durante o Congresso político.","A Chinese hotel fined £1,700 for hosting Muslim guests during the political congress.",0,47,752,309,615,328,398,633,3082
Politicians who lie and knowingly effect laws that kill should be prosecuted,Políticos que mentem e sabidamente promulgam leis que matam devem ser processados.,"""Politicians who lie and deliberately enact laws that kill should be prosecuted.""",0,37,161,526,277,287,206,1,1495
The Founding Fathers designed impeachment for someone exactly like Donald Trump,Os Fundadores projetaram a possibilidade de impeachment para alguém exatamente como Donald Trump.,"""The Founders designed the possibility of impeachment for someone just like Donald Trump.""",0,112,752,863,642,564,551,46,3530
The only county in America without an ACA plan voted 3-to-1 for Trump,A única nação sem um ACA na América votou em Trump por 3 a 1,The only nation without an ACA in America voted for Trump 3 to 1.,0,136,752,976,1755,626,96,1026,5367
Dragon Ball Super reveals why UI Goku will not have a fight with Jiren yet,Dragon Ball Super revela por que Ushigi Goku ainda não terá uma luta com Jiren,Dragon Ball Super reveals why Ushigi Goku still hasn't had a fight with Jiren,0,113,237,645,1361,694,893,577,4520
North Korean foreign minister compares Trump's threat to dogs barking,cão latindo,barking dog,0,352,752,2511,2579,2536,903,2420,12053
"Woman diagnosed with hematohidrosis, a rare disease that causes blood sweat","Mulher diagnosticada com hematohidrose, uma rara doença que causa suor de sangue","Woman diagnosed with hematohidrosis, a rare disease that causes sweating of blood.",0,28,44,88,351,550,289,189,1539
Trump Administration Says States May Impose Work Requirements for Medicaid,Administração Trump diz que estados podem impor requisitos de trabalho para Medicaid,"""The Trump Administration says states can impose work requirements for Medicaid.""",0,31,752,282,308,594,123,145,2235
Media Literacy Student Challenge | Explore Your Relationship With News,Desafio de Media Literacy para Estudantes | Explore Sua Relação com Notícias,"""Literacy Challenge for Students | Unveil Your Relationship with News""",0,113,752,1226,1533,1000,2083,1789,8496
"Xylitol United States Market Learn details of the Growth Analysis including key players Danisco, Roquette, Futaste","""Xylitol, Mercado dos Estados Unidos: Conheça os Detalhes da Análise de Crescimento, Incluindo os Jogadores-Chave Danisco, Roquette e Futaste.""","""Xylitol, U.S. Market: Get to Know the Insights of Growth Analysis, Including Key Players Danisco, Roquette, and Futaste.""",0,131,742,1565,1343,1724,876,1403,7784
Pregnant woman in a crop top denied service at Washington restaurant for ‘violating the health code’,Grávida em top crops foi negada serviço num restaurante em Washington para ‘violando o código de saúde’.,Pregnant with top crops was denied service at a restaurant in Washington for 'violating health code.',0,133,752,1898,2083,2145,2307,1940,11258
BOMBSHELL AUDIO=> Harvey Weinstein Admits To Groping Woman's Breasts -- 3 Women Accuse Him of Rape!,AUDIÊNCIA BOMBA: Harvey Weinstein Admite Agarrar os Seios de Mulher -- 3 Mulheres O Acusam de Estupro!,"**AUDIÊNCIA BOMBA: Harvey Weinstein Admite Agarrar os Seios de Mulher -- 3 Mulheres O Acusam de Estupro!**

**BOMBshell HEARING: Harvey Weinstein Admits Groping Women's Breasts — 3 Women Accuse Him of Rape!**",0,178,691,2244,1973,1999,1642,2337,11064
SOS Puerto Rico: 12% with power; Deaths From Leptospirosis; Surgeons Using Cellphones for Light.,Alerta Puerto Rico: 12% com energia; Mortes por Leptospirose; Cirurgiões Usando Celulares como Luz,"""Alert Puerto Rico: 12% with electricity; Deaths from Leptospirosis; Surgeons Using Cell Phones as Light""

""Bater as botas.""",0,132,470,811,1861,2238,2425,2429,10366
Kentuckians bring first suit against Trump's Medicaid work requirements,Moradores do Kentucky apresentam a primeira ação judicial contra as exigências de trabalho do Medicaid do Trump,Kentucky residents initiate first legal challenge against Trump's Medicaid work requirements,0,124,321,532,636,208,636,596,3053
U.S. Bombers Carry Out Exercise in South Korea in Show of Force to North,Bombers Americanos Realizam Exercício na Coreia do Sul em Demonstração de Força para Norte.,American Airplanes Conduct Exercise in South Korea in Show of Strength for the North,0,173,331,1078,559,1079,1527,1393,6140
"Diet Rich in Apples and Tomatoes May Help Repair Lungs of Ex-Smokers, Study Suggests","'Abatidos de Abacaxis e Tomates Podem Ajudar a Restaurar os Pulmões de Ex-Fumantes, Sugere Estudo.'","'Battened Bananas and Tomatoes May Help Restore Ex-Smokers' Lungs, Suggests Study.'",0,189,650,1448,1962,1401,1301,1846,8797
"Venezuela Announces the “Petro” Digital Currency Backed by Gold, Oil and Diamonds","""A Venezuela Anuncia a 'Petro', Moeda Digital Apoyada por Ouro, Petróleo e Diamantes""","""Venezuela Announces the 'Petro,' Digital Currency Backed by Gold, Oil, and Diamonds""",0,1,226,664,550,438,570,744,3193
Department of Homeland Security is Collecting Social Media Data on All Immigrants,Departamento de Segurança Interna está Coletando Dados de Redes Sociais de Todos os Imigrantes,The Department of Internal Security is Collecting Data from Social Networks of All Immigrants,0,139,752,718,927,355,418,442,3751
Photogallery - Why Andy Murray tennis fans should not ignore Tim Henman's comments,Fotogaleria: Por que os fãs de Andy Murray não devem ignorar os comentários de Tim Henman,'Fotogaleria: Why Andy Murray's fans shouldn't brush off Tim Henman's comments',0,151,752,1400,1586,1388,1098,1385,7760
Sandy Hook victims’ families to argue case in Connecticut Supreme Court,"As vítimas de Sandy Hook, suas famílias, foram para a Suprema Corte de Connecticut para argumentar seu caso.","The victims of Sandy Hook, their families, went to the Supreme Court of Connecticut to argue their case.",0,248,752,1904,1050,1425,584,672,6635
Deplorables try to smear protesters as pedophilia supporters--and fail,"""Deploráveis tentam macular os manifestantes como apoiadores de pedofilia -- e fracassam"".","""Despicable attempts to discredit protesters as pedophile supporters -- and fail.""",0,147,752,1567,727,863,2013,1886,7955
"Trump tells Piers Morgan he’s sorry for retweeting ‘horrible, racist people’ from far-right British group",Trump diz a Piers Morgan que está arrependido por retweetar 'horríveis pessoas racistas' de um grupo far-right britânico,'Trump says to Piers Morgan that he is sorry for retweeting 'horrible racist people' from a far-right British group.',0,49,752,839,397,610,631,445,3723
Photogallery - LeBron James compliments Lonzo Ball after breaking his record,"""Álbum de Fotos: LeBron James elogiou Lonzo Ball após quebrar seu recorde.""","""Photo Album: LeBron James applauded Lonzo Ball after he shattered his record.""",0,124,752,1511,1284,645,605,1047,5968
Private School Teacher Teacher FIRED After A Father Discovered These Inappropriate Selfies [PHOTOS],Professora Privada Demitida Após Pai Descobrir Selfies Inapropriadas [FOTOS],Private Tutor Fired After Father Finds Inappropriate Selfies [PHOTOS],0,125,499,543,1516,1308,807,1823,6621
ACA Repeal Would Have Disproportionately Harmed Women of Color,"""Anular a ACA Would Have Disproportionately Harmed Women of Color"" traduz-se como ""Eliminar a ACA Would Have Apropriadamente Ferido Mulheres de Cor""","""Anular a ACA Would Have Disproportionately Harmed Women of Color"" traduz-se como ""Eliminar a ACA Would Have Apropriadamente Ferido Mulheres de Cor"".",0,196,613,2211,2491,2384,2565,2372,12832
"Senate votes to advance debate on repealing, replacing Obamacare","Votos do Senado para promover o debate sobre a abolição, substituição do Obamacare","Voice of the Senate to push discussion on the abolition, replacement of Obamacare",0,274,752,1776,2099,1911,1839,1833,10484
How Much Can the Youth Vote Actually Help Democrats?,Quão Muito o Voto da Juventude Pode Realmente Ajudar os Democratas?,How Much Can Youth's Vote Actually Help the Democrats?,0,35,752,132,250,11,411,141,1732
CyberBerkut publishes email of Democrat plot to blame Russia for hacking 2016 election,CyberBerkut divulgou e-mail de conspiração dos Democratas para culpar a Rússia pelo hacking da eleição de 2016.,CyberBerkut leaked a Democratic email conspiracy to blame Russia for hacking the 2016 election.,0,113,447,744,858,1054,933,882,5031
Yemen’s Houthi Rebels Claim Successful Ballistic Missile Attack On Saudi Millitary Base,"Yemen’s Houthi Rebels Claim Successful Ballistic Missile Attack On Saudi Military Base.

Tradução criativa: Yamen’s Rebels Houthi Claim Hit Successful Ballistic missile em base militar Saudita.",Yamen’s Rebels Houthi Claim Successful Strike On Saudi Military Base.,0,156,752,1525,1970,1240,2297,2006,9946
Aroma Chemicals Market expected to reach US$6.57 bn by the end of 2024,""" Mercado de Químicos para Aromas previsto para atingir US$6,57 bilhões até o final de 2024.""",The chemical market for fragrances is predicted to reach US$6.57 billion by the end of 2024.,0,113,302,862,370,789,310,727,3473
RESIGN! KABC morning anchor Leeann Tweeden just nuked Al Franken with a #MeToo story of her own,"""Resign! O âncora da manhã da KABC, Leeann Tweeden, acabou de detonar Al Franken com uma história do #MeToo.""","""Resign! The morning anchor of KABC, Leeann Tweeden, just exploded Al Franken with a #MeToo story.""",0,86,385,746,1202,1567,2091,1936,8013
Stanford Geologist Seriously Investigates Fictional Natural Disaster From Game Of Thrones,Geólogo da Stanford Seriosamente Investiga Desastre Natural Fictício do Jogo dos Tronos,Serious Stanford Geologist Investigates Fictitious Natural Disaster of Game of Thrones,0,85,752,174,1350,464,1794,1580,6199
White supremacist terrorists are protected from the laws that affect Islamic terrorists,Supremacistas brancos e terroristas são protegidos por leis que afetam terroristas muçulmanos.,"""White supremacists and terrorists are protected by laws that affect Muslim terrorists.""",0,113,752,574,1205,493,2096,274,5507
"Friends Provide Better Pain Relief Than Morphine, Oxford University Study Reveals","Amigos Dão Melhor Alívio do que Morfina, Estudioso da Universidade de Oxford Revela.","Friends provide more relief than morphine, reveals expert from Oxford University.",0,125,752,1042,1606,2048,762,668,7003
"As Critiques of UN Peacekeeping Missions Grow, Africa Seeks Peace on its own Terms","As Críticas às Missões de Manutenção da Paz da ONU Aumentam, a África Busca a Paz em seus Próprios Termos","The Critiques of the Peacekeeping Missions of the UN Are on the Rise, Africa Looks for Peace on Its Own Terms",0,161,752,1144,996,1484,1484,1167,7188
Palestinian Police Chief Says Hamas Must Give up Gaza Arms,Chief da Polícia Palestiniana Disse que o Hamas Deve Abandonar Armas em Gaza,The Head of Palestinian Police Declares Hamas Must Drop Weapons in Gaza,0,224,752,1101,987,637,995,321,5017
U.N. Says Islamic State Executed Hundreds During Siege of Mosul,U.N. Diz que Estado Islâmico Executou Centenas Durante Cerco de Mosul,The U.N. Claims State Islamic Execution of Hundreds During Mosul Siege.,0,188,591,1016,1568,1426,1912,2163,8864
"Donald Trump Jr. says daddy wouldn't help him, made him talk to his assistant","Donald Trump Jr. diz que o pai não ajudaria, o fez falar com sua assistente.","""Donald Trump Jr. says his father wouldn't help, but he made him talk to his assistant.""",0,48,231,997,1064,725,1317,903,5285
"Trump Is Endangering Nuclear Deal, Says Iranian Foreign Minister","Trump está colocando em risco o acordo nuclear, diz o ministro estrangeiro do Irã","""Trump is putting the nuclear deal at risk, says the Iranian foreign minister.""",0,84,752,1349,391,780,121,227,3704
"For some victims, reporting a rape can bring doubt, abuse — and even prosecution","Para alguns vítimas, denunciar um estupro pode trazer dúvidas, abuso — e até mesmo processo judicial.","For some victims, reporting a rape can bring doubt, abuse — and even legal action.",0,20,16,50,209,88,989,161,1533
HBO posts Jorah's love letter to Daenerys in full,"Meu amor por você é como uma chama, inabalável, que queima com intensidade mesmo nas noites mais escuras. Seu esplendor é como um sol nascente, que traz esperança e vida a todos que estão sob seu brilho. Você é o mais delicado dos cisnes, e ao mesmo tempo, o mais temível dos dragões. Sua coragem é um mar tempestuoso, e seu amor, um refúgio seguro em meio a tempestades. Em sua presença, sou como uma árvore sem folhas em um Inverno rigoroso, achando conforto e paz. Seu perfume é como um jardim de rosas, envolvente e irresistível. Suas palavras são como uma melodia suave, que toca a alma e cura o coração. Você é a poesia mais pura, e eu, seu mais dedicado escriba. Em qualquer lugar que eu esteja, em qualquer tempo, você será meu sol e minha lua","""My love for you is like an unshakeable flame, burning with intensity even in the darkest nights. Your splendor is like a rising sun, bringing hope and life to all who bask in its light. You are the most delicate of swans and the most formidable of dragons. Your courage is a stormy sea, and your love, a safe haven in the midst of storms. In your presence, I am like a tree without leaves in a harsh winter, finding comfort and peace. Your scent is like a garden of roses, enveloping and irresistible. Your words are like a gentle melody, touching the soul and healing the heart. You are the purest poetry, and I, your most devoted scribe. In any place I may be, in any time, you will be my sun and my moon.""",0,388,752,2567,2509,2560,1378,2482,12636
NFL's Chris Long will be donating all of his 2017 football salary to education charity,NFL Chris Long irá doar todo o salário de 2017 de futebol para uma instituição de caridade educacional,NFL Chris Long will donate his entire 2017 football salary to an educational charity.,0,113,540,623,463,315,627,318,2999
Joy and Austin Forsyth are announcing their first pregnancy,Joy e Austin Forsyth estão anunciando a chegada de seu primeiro bebê.,"""Joy and Austin Forsyth are announcing the arrival of their first baby.""",0,68,329,1151,887,525,231,387,3578
U.N. Secretary-General António Guterres Indicates There Is Nothing Wrong with ‘America First’,"O Secretário-Geral da ONU, António Guterres, indica que não há nada errado com o 'América Primeiro'.","The Secretary-General of the United Nations, António Guterres, says that there is nothing wrong with 'America First'.",0,95,752,1673,572,606,794,237,4729
"John Lear 24 July 17 Latest, on 911, Fake Moon Landing ’69, Roswell Plus John Lear Revisited [3 Part Videos]","John Lear 24 July 17 Latest, on 911, Fake Moon Landing ’69, Roswell Plus John Lear Revisited [3 Part Videos]","John Lear on July 24, Latest on 9/11, Fake Moon Landing '69, Roswell Plus, John Lear Revisited [3-Part Videos]",0,39,412,469,815,1214,2373,1618,6940
Facebook says Russian-based operation spent $$150K on ads leading up to 2016 election: report,"""Facebooks afirma que operação baseada na Rússia gastou $$150K em publicidade na sequência do eleição de 2016: relatório""",Facebook claims that an operation based in Russia spent $150K on advertising following the 2016 election: report.,0,196,647,753,459,329,573,95,3052
Why I am running progressive in the reddest congressional district in New York State,Por que estou correndo como um progressista no distrito congressional mais vermelho do estado de Nova Iorque,Why am I running like a progressive in the reddest congressional district in the state of New York?,0,74,312,547,669,629,1411,759,4401
Why I’m Traveling 710 Miles to Attend the March for Life,Por que estou viajando 710 milhas para participar da Marcha pela Vida,"""Why am I traveling 710 miles to participate in the March for Life?""",0,51,684,1227,202,802,94,91,3151
Canada: Urbanite Finds Success Growing Organic Choy for Vancouver Market,"""Urbano Encontra Sucesso Cultivando Choy Orgânico para o Mercado de Vancouver""","""Urban thrives in Vancouver by cultivating organic choy for the market.""",0,263,752,2011,1536,2389,2138,2016,11105
"We Are the Democratic Party, How Can We Help You?","Somos a Democracia, Como Podemos Ajudá-lo?","We are the Democracy, How Can We Assist You?",0,80,501,188,1496,896,1413,993,5567
Lite Access bolstered as it wins C$1mln fibre-optic contract in British Columbia,'Lite Access é robustecido ao ganhar contrato de fibra óptica de C$1mln em British Columbia',"""Lite Access gets a major boost with a C$1mln fibre optic contract in British Columbia""",0,113,641,813,931,611,786,533,4428
Photogallery - Andy Murray will remain number one after Wimbledon 2017 concludes,Galerias de Fotos - Andy Murray permanecerá número um após a Wimbledon 2017,Photograph Galleries - Andy Murray will remain numero uno following Wimbledon 2017,0,177,327,1547,1609,414,1080,949,6103
"Andrei AKULOV. Russia, US Officials Revive Dialogue on Arms Control: Offering Glimmer of Hope. Strategic Culture Foundation. Оn-line journal","""Oferecendo um brilho de esperança.""","""To offer a gleam of hope.""",0,353,752,2484,2534,2546,964,2456,12089
"Alabama sends a strong message: Democrats need to invest in black voters, not take them for granted","Alabama envia um forte recado: os democratas precisam investir nos eleitores negros, não os dá como certos.","""Alabama sends a strong message: Democrats need to invest in Black voters, not take them for granted.""",0,1,33,126,32,222,1112,807,2333
Does Anyone Actually Go Diving With a Dive Watch?,Ninguém na verdade mergulha com um relógio de mergulho?,No one truly dives with a diver's watch.,0,286,752,1976,1178,2314,1859,707,9072
Microchips Now in Your Medicine – FDA Approves Tracking Pills & New Brain Implants Increase Memory,Microprocessadores Agora em Seu Medicamento – FDA Aprova Rastreamento de Pílulas & Novos Implantes no Cérebro Aumentam a Memória,Chip Inside Your Pills—FDA Approves Pill Tracking & New Brain Implants Boost Memory,0,151,673,816,1246,1031,1483,1845,7245
Fox pundit says Trump failed to redeem himself: ‘It’s impossible to be a good Jew and support Donald Trump’,O comentário do analista conservador diz que Trump não conseguiu se redimir: ‘É impossível ser um bom judeu e apoiar Donald Trump’.,"""The conservative analyst's comment states that Trump failed to redeem himself: 'It is impossible to be a good Jew and support Donald Trump.'""",0,86,210,1156,986,888,799,1704,5829
Elizabeth Warren’s Republican Challenger: Return Money Ben Affleck Donated,República Warren’s Challenge: Devolva o Dinheiro que Ben Affleck Doou,"""Warren's Challenge: Return the Money Donated by Ben Affleck""",0,147,752,2033,2258,1480,1405,2238,10313
GOP Tax Plan Would Eliminate Key Deduction for Many in Nursing Homes,"""O plano tributário do GOP eliminaria uma importante dedução para muitos em casas de repouso.""","""The GOP's tax plan would eliminate a crucial deduction for many in retirement homes.""",0,77,752,932,1464,1654,508,377,5764
Russia rejects US demands for changes to Iran nuclear deal,Russia rejecta as demandas dos EUA para mudanças no acordo nuclear do Irã.,Russia turns a deaf ear to U.S. demands for changes to Iran's nuclear deal.,0,138,700,1580,801,902,213,44,4378
Prince Harry and Meghan Markle are planning their wedding their way,"""Prince Harry e Meghan Markle estão planejando seu casamento do seu jeito.""","""Prince Harry and Meghan Markle are planning their wedding their way.""",0,1,25,280,76,177,61,1,621
"Photogallery - 'My 600-lb Life' Nikki Webster rocks jeans, wedding dress after huge weight loss","""Galeria de Fotos: 'Minha Vida de 600 lb' - Nikki Webster rouba a cena em jeans e vestido de noiva após grande perda de peso.""","""Photo Gallery: 'My Life at 600 lbs' - Nikki Webster steals the show in jeans and wedding dress after significant weight loss.""",0,170,752,1632,1427,1219,1093,854,7147
Donald Jr. violated Federal Law when coordinating with Wikileaks,Don Jr. violou a Lei Federal quando coordenou com Wikileaks,Junior Don violated the Federal Law when coordinated with Wikileaks.,0,129,752,739,1118,508,1778,1649,6673
Pursuit Channel Joins Push For SCI’s 2018 Annual Hunters’ Convention,"""Pursuit Channel se junta ao movimento para a Convenção Anual de Caçadores de 2018 da SCI"".","""Pursuit Channel joins the push for the 2018 SCI Annual Hunting Convention.""",0,101,752,1377,470,961,875,1105,5641
The project of the West has failed | Colonel Cassad,O projeto do Ocidente falhou | Coronel Cassad,"""The West's project has failed | Colonel Cassad""",0,95,234,621,523,418,156,159,2206
Trump sharply criticizes China while Melania is still there,Trump criticiza China incisivamente enquanto Melania ainda está lá.,Trump critically takes aim at China while Melania remains on the scene.,0,263,752,1918,888,1504,2301,1029,8655
Art Exhibit in Poland Shows Auschwitz Through Inmates’ Eyes,Exposição de Arte na Polônia Mostra Auschwitz a partir dos Olhos dos Presos,"""Polish Art Exhibition Reveals Auschwitz Through the Eyes of Inmates""",0,242,752,1807,775,221,881,527,5205
Donald Trump Jr. Demands Leak Inquiry of House Intelligence Committee,Donald Trump Jr. Exige Investigação de Vazamento do Comitê de Inteligência da Casa,Donald Trump Jr. Demands Intelligence Committee Investigation into Leak.,0,129,243,822,764,405,1832,1090,5285
Gov.-elect Murphy volunteers on Thanksgiving: ‘We need a stronger safety net’,Governador eleito Murphy voluntários no Dia de Ação de Graças: ‘Precisamos de uma rede de segurança mais forte’.,Governador eleito Murphy voluntários no Dia de Ação de Graças: ‘Precisamos de uma rede de segurança mais forte.’,0,365,752,2548,2530,2097,2520,2273,13085
Twitter employee on last day at work deactivates Trump's account,Trabalhador da Twitter desativa conta do Trump no último dia de trabalho.,"""Worker from Twitter deactivates Trump's account on his last day.""",0,224,752,1351,1090,764,1176,817,6174
Senate Intelligence Committee Is Reportedly Investigating Jill Stein Over Russia Ties,Comitê de Inteligência do Senado está aparentemente investigando Jill Stein por ligações com a Rússia,"""Senate Intelligence Committee appears to be investigating Jill Stein for alleged ties to Russia.""",0,166,752,1222,833,517,453,320,4263
"Photogallery - Food has a major impact on getting pregnant faster, study says","Álbum de fotos - A alimentação é uma potência para engravidar mais rápido, estudo diz","""Photo album - Food is a powerful tool for getting pregnant faster, study says.""",0,167,434,1510,1998,717,1434,850,7110
WHOA: New Poll Shows Americans Want Massive Cuts to Legal Immigration MORE than Legalizing Dreamers,"""Uau: Enquete Revela que Americans Querem Reduções Massivas na Imigração Legal MAIS do que Legalizar os Dreamers""",Wow: Poll Reveals Americans Seek Massive Cuts in Legal Immigration MORE than Legalizing Dreamers,0,105,318,105,967,305,1129,1161,4090
"Cigarette smoking has negative physical, emotional, and financial effects.","""Fumar cigarros tem efeitos negativos físicos, emocionais e financeiros.""","""Smoking cigarettes has negative physical, emotional, and financial effects.""",0,21,49,289,197,300,26,1,883
Ex-intelligence czar warns it’s ‘pretty safe bet’ Kushner’s private email has been compromised by foreign spies,Ex-intelligence czar alerta que é um 'apostar seguro' Kushner's private email ter sido comprometido por espiões estrangeiros,former intelligence czar warns it's a'safe bet' Kushner's private email was breached by foreign spies.,0,71,752,1018,938,1330,1766,1585,7460
Graphic Video Shows Minneapolis Cop Shooting Two Innocent Service Dogs,Video Show Gráfico Minneapolis: Polícia atira em dois cachorros de serviço inofensivos.,"""Video Show Minneapolis: Police Shoots Two Harmless Service Dogs.""",0,187,752,1512,1578,1629,1723,1408,8789
Opioid addicts must experience the consequences of their actions,Opioid dependentes devem experimentar as consequências de suas ações.,Dependents must face the repercussions of their actions.,0,153,752,2093,1860,2160,1752,1569,10339
New York Times interview: Trump insists there was no collusion with Russia ... sixteen times,Trump insistiu que não houve nenhuma colusão com a Rússia... sixteen vezes,Trump insisted that there had been no collusion with Russia... sixteen times,0,139,180,692,777,655,1171,478,4092
"Afghanistan, Trump indicated a troop surge but number and role not specified","Afghanistan, Trump indicou um aumento de tropas, mas não especificou o número e o papel deles.","""Afghanistan, Trump has indicated an increase in troops, but did not specify the number and their role.""",0,205,752,1660,670,1063,200,397,4947
Disney Reports Mixed Earnings and a Full Project Pipeline,Relatórios da Disney mostram ganhos mistos e um pipeline de projetos completo.,"""The Walt Disney Company's reports reveal mixed gains and a robust pipeline of projects.""",0,196,752,1999,1115,1506,1302,1261,8131
Iran accuses the US of breaching nuclear accord by new sanctions,Iran acusa os EUA de infringir o acordo nuclear por novas sanções.,Iran accuses the U.S. of breaching the nuclear deal by imposing new sanctions.,0,88,752,745,240,370,271,1,2467
"Union Urges Gay Teachers to Come Out in the Classroom, Teach LGBT Experiences","Uniao Encoura Gay Professores a Sair do Armário no Salão de Aula, Ensinar Experiências LGBT","""Gay Teachers United: Help Professors Come Out of the Closet in Classroom, Teach LGBT Experiences""",0,121,536,1640,1419,1178,2035,2222,9151
"In debate over free speech, Linda Sarsour angered that ‘privileged white woman’ allowed to give an opinion","No debate sobre liberdade de expressão, Linda Sarsour se irritou porque uma ""mulher branca privilegiada"" foi permitida a expressar sua opinião.","In the debate on freedom of speech, Linda Sarsour was irritated because a ""privileged white woman"" was allowed to express her opinion.",0,163,736,893,505,901,371,466,4035
Dragon Ball Super' leaked spoilers reveal Jiren's intention to fight Hit,"Jiren's intention to fight Hit: ""Jiren deseja enfrentar Hit.""","Jiren's intention to face Hit: ""Jiren intends to face Hit.""",0,235,752,2268,2423,2479,2321,2370,12848
"In face of Veterans Day boycotts, NFL announces ‘no change’ in national-anthem policy","Diante das greves do Dia dos Veteranos, a NFL anunciou 'nenhuma mudança' na política da canção nacional.","""In the face of the Veterans' Day strikes, the NFL announced 'no change' in the policy of the national anthem.""",0,119,752,1429,1091,1007,1117,1337,6852
Eating Horse Meat Could Soon Become Legal In The US,Consumir Carne de Cavalo Pode Embrear Legal Nos EUA,'Biting the dust might take a legal turn in the US',0,263,752,2371,2456,2520,2574,2320,13256
"PressTV-S Korea, US begin joint military drills amid tension on Korean Peninsula","Televisão da RPDC, EUA iniciam exercícios militares conjuntos na Península Coreana, à beira de uma tensão","'North Korean TV, US begin joint military drills on Korean Peninsula, tension at peak'",0,151,281,1277,1331,1128,2194,2192,8554
What Happened to the Journalist Who Exposed Clinton Corruption (Video),O que Aconteceu com o Jornalista Que Revelou a Corrupção de Clinton (Video),"""What Happened to the Journalist Who Exposed Clinton's Corruption (Video)""",0,6,75,239,78,98,525,145,1166
Chris Cornell’s wife meets with medical examiner ‘to find answers’,Chris Cornell's wife meets with medical examiner 'to find answers',Chris Cornell's wife seeks an audience with the medical examiner to find answers.,0,51,752,791,480,1921,2318,1559,7872
"One Good Guy with Gun vs 22 Unarmed Citizens stopping mass shootings, and violent crimes increased.",Um bom homem com arma vs 22 cidadãos sem armas impedindo shootings em massa e crimes violentos aumentaram.,"""An armed good man vs 22 citizens disarmed preventing mass shootings and violent crimes increased.""",0,120,532,1100,2063,1565,1684,1722,8786
WWE 'Raw' Rumors: Roman Reigns vs. The Miz sets up The Shield for 'TLC' PPV?,Rumores WWE Raw: Roman Reigns vs. The Miz configura The Shield para 'TLC' PPV?,"""Rumors WWE Raw: Roman Reigns vs. The Miz sets The Shield for 'TLC' PPV?""",0,18,68,153,1243,1740,2480,1955,7657
7 Ways a Design Kit or Template Can Save Your Project,7 maneiras que um kit ou template de design pode salvar seu projeto,7 ways a design kit or template can save your project.,0,1,752,32,7,182,47,63,1084
So Many People Want to See the Tommies and the Johnnies,Tanta gente quer ver os Tommies e os Johnnies.,So many people want to see the Tommies and the Johnnies.,0,1,355,16,11,468,958,24,1833
"BREAKING: Trump, Republican Leaders Leave Meeting with Plan to Force Through Tax Bill AND Kill ACA!",TRUMP E LÍDERES REPUBLICANOS SAEM DA REUNIÃO COM PLANO PARA APROVAR LEI DE IMPOSTOS E MONTAR A ACA!,"""TRUMP AND REPUBLICAN LEADERS EMERGE FROM MEETING WITH PLAN TO APPROVE TAX BILL AND REWRITE ACA!""",0,107,752,1283,2179,2371,1482,1612,9786
Why Five States Have Raised The Age For Buying Tobacco (VIDEO),Por que Cinco Estados Elevaram a Idade para Comprar Tabaco (VIDEO),Why did Five States Raise the Age to Buy Tobacco (VIDEO)?,0,125,593,840,427,81,527,455,3048
"Mr. President, the Tax Plan Needs a Big Fix!","Sr. Presidente, o plano tributário precisa de uma grande correção!","""Mr. President, the tax plan needs a major course correction!""",0,80,515,638,1200,812,392,460,4097
Republican senator says Las Vegas victims needed to 'take precautions' and 'get small',"'se precisar 'cuidar das coisas' e 'tentar ser pequeno''

Ou, de forma mais literal e metafórica:

'se precisar 'tomas as devidas precauções' e 'ficar pequeno'""",'take care of things' e 'try to be small',0,341,752,2423,2546,2537,2441,2407,13447
Proof Surfaces Insurance Company Pays Massive Bonuses to Doctors for Vaccinating Babies,A Companhia de Seguro Superfície de Prova Paga Bônus Massivo para Médicos por Vacinar Bebês.,"""A surface proof paid bonus company hands out massive rewards to doctors for vaccinating babies.""",0,152,752,1009,1797,2138,1692,1975,9515
Seattle Transit Agency Wants to Tear Down Fraternal Lodge,A Seattle Transit Agency quer derrubar o Fraternal Lodge.,The Seattle Transit Agency wants to pull the plug on the Fraternal Lodge.,0,125,752,993,951,1286,1070,957,6134
Liberal student claims access to the outdoors is now a form of white supremacy,"Liberal student claims access to the outdoors is now a form of white supremacy

Now is the time to step outside

O estudante liberal diz que o acesso ao ar livre agora é uma forma de supremacia branca

Já é hora de sair do ar",A time is ripe to step outside,0,372,752,2490,2572,2553,2212,2393,13344
Photogallery - ‘Rick and Morty’ Season 3 has shorter episodes; plot focuses on Beth,Photogallery - 'Rick and Morty' Season 3 has shorter episodes; plot focuses on Beth.,'Photo gallery - Rick and Morty' Season 3 has shorter episodes; plot focuses on Beth.',0,20,125,433,1005,667,2558,1063,5871
Actor Tyler Cornell Files Police Report Accusing Former Top Talent Agent of Sodomy,Actor Tyler Cornell Presenta Denúncia à Polícia Contra Antigo Agente de Elite Acusando-O de Sodomia,"""Actor Tyler Cornell Denounces Former Elite Agent to Police, Accusing Him of Sodomy""",0,181,752,1572,1698,1597,768,1420,7988
Most workers will see pay hike in February under new tax law,"A maioria dos trabalhadores verá aumento no salário em fevereiro, sob a nova lei tributária.","The majority of workers will see an increase in salary in February, under the new tax law.",0,135,752,788,290,382,235,7,2589
Teen Mom 2': Kailyn Lowry bans baby daddy from seeing son after he gets violent,"""Kailyn Lowry proíbe pai da criança de ver filho depois que ele fica violento.""",Kailyn Lowry bars her child's father from seeing his son after he becomes violent.,0,183,752,1942,1610,1564,717,1326,8094
New poll offers deeper insight into what ails rural America,Novo plebiscito oferece uma visão mais profunda sobre o que afeta a América rural.,"""New referendum provides a deeper glimpse into what impacts the American countryside.""",0,276,752,1790,2076,1547,821,941,8203
Chester Bennington's wife deletes shocking tweets after death of rock icon,"""Esposa de Chester Bennington exclui tweets chocantes após morte do ícone do rock"".",Wife of Chester Bennington deletes shocking tweets following rock icon's death.,0,156,752,493,1177,304,1030,349,4261
WND » ‘Gays’ still trying to punish marriage-defending clerk Kim Davis » Print,"'Bissexuais' ainda tentando castigar a oficial Kim Davis, defensora do casamento.","'Bissexuais ainda tentando castigar a oficial Kim Davis, defensora do casamento.'",0,345,752,2538,2547,2230,2544,2166,13122
Pence blew a Christianist dog whistle before the Knesset,Pence tocou um apito cristão conservador antes do Knesset.,Pence blew a conservative Christian whistle before the Knesset.,0,60,301,455,1208,1320,1773,1718,6835
"Apple Watch may soon introduce boxing, surfing, pilates workouts and more","Apple Watch pode em breve introduzir treinos de boxe, surf, pilates e mais.","'Apple Watch is likely to soon introduce boxing, surfing, Pilates, and more workouts.'",0,73,409,632,792,379,253,869,3407
"Marina Ratner, Émigré Mathematician Who Found Midlife Acclaim, Dies at 78","Emigrante matemático que encontrou reconhecimento no meio da vida, morre aos 78 anos.","""Immigrant mathematician who found recognition in the prime of life, dies at 78 years old.""",0,218,752,2280,2242,2150,930,1634,10206
Apparently CBS News has a problem with the word ‘cowboy’,"""Aparentemente a CBS News tem um problema com a palavra ‘cowboy’.","""Apparently CBS News has a problem with the word ‘cowboy’.""

""CBS News seems to have trouble with the term ‘cowboy’.""",0,113,357,598,359,580,80,1152,3239
Judge read out names of 20 murdered cats before sentencing their killer to 16 years in prison,"""O juiz leu os nomes dos 20 gatos assassinados antes de condenar o assassino a 16 anos de prisão.""",The judge read the names of the 20 cats killed before sentencing the killer to 16 years in prison.,0,60,419,329,147,509,113,215,1792
Patriots vs Bucs Live Stream: How To Watch Thursday Night Football Online,Patriots vs Bucs Live Stream: Como Assistir ao Thursday Night Football Online,"""Patriots vs Bucs Live Stream: How to Watch Thursday Night Football Online""",0,1,64,49,37,501,899,616,2167
"Sydney experiencing massive heat wave, huge contrast with North America","Sydney, em ondas de calor intensas, contrastando drasticamente com o Norte da América","""Sydney, in intense heatwaves, starkly contrasting with the North America.""",0,253,752,1884,1518,1329,736,1313,7785
Specially Designed Homes Provide Independence for Disabled Vets Thanks to Gary Sinise,Casas Especialmente Projetadas Fornecem Independência a Veteranos Deficientes Graças a Gary Sinise,"""Custom Designed Homes Grant Independence to Disabled Veterans Thanks to Gary Sinise""",0,113,593,838,753,1068,1153,706,5224
Photogallery - Paradise Papers reveal how ultra rich avoid paying tax,"""Aparato fotográfico revela como os ultrarricos evitam pagar impostos""","""Aparato fotográfico reveals how the ultrarich avoid paying taxes.""",0,297,752,2264,2162,1684,1677,1401,10237
THE NEW IPHONE X WILL BE LEAVING ITS “MARK” IN THE TECHNOLOGY SPACE,"O novo iPhone X deixará sua ""marca"" no espaço tecnológico.","The new iPhone X will leave its ""imprint"" on the technological space.",0,122,752,1177,640,2277,339,357,5664
Amazon is buying Whole Foods for $13.7 billion in cash,"Amazon está comprando Whole Foods por US$ 13,7 bilhões em dinheiro.",Amazon is buying Whole Foods for $13.7 billion in cash.,0,1,7,17,2,15,268,1,311
Russian trolls' Facebook promotions could have reached 70 million users,Promoções de russos da Facebook poderiam ter alcançado 70 milhões de usuários.,"""Promoções de russos do Facebook poderiam ter alcançado 70 milhões de usuários"" becomes ""Russian promotions on Facebook could have reached 70 million users.""

(Noting that the sentence is not particularly metaphorical, the translation is literal with the same meaning)",0,296,744,2415,2386,2483,2482,2313,13119
BUSTED: Leaked transcript shows Trump begged Mexican prez to stop saying he’d never pay for the wall,"Dado o contexto, uma tradução literal poderia soar como ""Presidente Trump suplicou ao presidente mexicano para parar de dizer que nunca pagaria pelo muro"". No entanto, para manter o senso metafórico original e a imagem coloquial, a tradução mais adequada seria:

""O TRUMP FOI DESCOBERTO: Transcrição vazada mostra Trump implorando ao presidente mexicano para parar de dizer que nunca pagaria pelo muro"".","""Trump found out: Leaked transcript shows Trump begging Mexican president to stop saying he would never pay for the wall.""",0,80,340,1196,1507,825,2144,2261,8353
REAL ID Allows Feds to Suspend Driver’s Licenses for “Cause” (VIDEO),"""REAL ID Permite ao FBI Suspender Carteiras de Motorista sem ‘Justificativa’""","**""REAL ID Allows FBI to Suspend Driver's Licenses without 'Reason'""**",0,101,752,2342,1488,955,1024,1608,8270
"WaPo: Trump’s business sought deal on a Trump Tower in Moscow, while he ran for president","O WaPo: Trump’s business sought deal on a Trump Tower in Moscow, while he ran for president para o português é:

Trump’s business buscou acordo para a Trump Tower em Moscou, enquanto ele disputava a presidência.",'The Wall Street Journal: Trump's business explored deal on a Trump Tower in Moscow while he ran for president',0,49,227,1158,1628,1212,2077,1792,8143
NHS England Chief Doctor Wants Roll-Out of Genomic Medicine Within 5 Years,Doutor-Chefe do NHS England Pretende Implementar Medicina Genômica em Cinco Anos,'The Chief Executive of NHS England Aims to Implement Genomic Medicine in Five Years',0,268,752,1913,1403,891,1213,920,7360
Daily Kos-endorsed candidate scores dramatic win in key New Hampshire special election,O Daily Kos-endorsed candidato arremessa vitória dramática em eleição especial crucial no New Hampshire.,'The Daily Kos-endorsed candidate throws a dramatic victory in a crucial New Hampshire special election.',0,104,609,879,604,1505,2041,2021,7763
HERE WE GO=> McCabe Testimony Contained *Numerous* Conflicts With Previous Witnesses -- New Subpoenas Planned!,Aqui vamos nós => O depoimento de McCabe continha numerous conflitos com testemunhas anteriores -- subpoenas planejadas!,"""Here we go => McCabe's statement contained numerous conflicts with previous witnesses -- planned subpoenas!""",0,57,752,558,960,1798,2008,1084,7217
Photogallery - Rain Brown of 'Alaskan Bush People' defends herself against haters,"""Galeria Fotográfica - Rain Brown da série 'Alaska: Os Bichos das Terras de Bagaço' se defende contra os haters.""","""Photo Gallery - Rain Brown from the series 'Alaska: The Beasts of the Boglands' defends himself against the haters.""",0,248,752,2150,2160,2181,1711,1750,10952
Photogallery - George Cilnton still has the Pfunk at age 75,Photogallery: George Clintontem ainda o spiritismo aos 75 anos.,"""Photogallery: George Clintontem ainda a spiritismo aos 75 anos.""",0,293,752,2452,2549,2457,2505,2272,13280
PressTV-US bombers fly off N Korea as North vows war,Aviões-bombardeiros dos EUA decolam do N. Korea à medida que o Norte jura guerra.,'Warplanes from the U.S. take off from N. Korea as the North vows war.',0,180,752,2167,1641,1540,829,1003,8112
Donna Brazile Tells Her Critics Where They Can Go,"""Donna Brazile Dá a Sugestão a Seus Críticos de Onde Podem Ir""","""Donna Brazile Tells Her Critics Where They Can Go""",0,1,21,178,83,297,1811,312,2703
FBI Interviewed NYC Terrorist About His Ties to Terrorism Before the Attack,Investigadores do FBI Questionaram Terrorista de NYC Sobre Seus Vínculos com o Terrorismo Antes do Ataque,FBI agents interrogated NYC's terror suspect about his ties to terrorism before the attack.,0,77,752,736,365,857,1893,671,5351
Photogallery - Samsung to pay you for finding vulnerabilities in their devices,Samsung está oferecendo para pagar a você por encontrar vulnerabilidades em seus dispositivos.,Samsung is offering to pay you for finding vulnerabilities in its devices.,0,59,154,749,1388,443,98,127,3018
Billy Joel wears big Star of David onstage at Madison Square Garden to protest white supremacy,Billy Joel usa uma grande Estrela de Davi no palco do Madison Square Garden para protestar contra o supremacismo branco.,Billy Joel wears a huge Star of David on the Madison Square Garden stage to protest against white supremacy.,0,75,752,489,581,357,427,283,2964
"Trump's team forgot to book a hotel, so they're crashing on Hamburg's couch for the G20","Trump's team forgot to book a hotel, so they're crashing on Hamburg's couch for the G20.

O time de Trump esqueceu de reservar um hotel, então está acampado no sofá de Hamburgo para o G20.","Trump's team forgot to book a hotel, so they're crashing on Hamburg's couch for the G20.",0,1,2,26,27,371,1381,1508,3316
Seth Abramson carefully lists out the evidence proving DJT is innocent:,Seth Abramson meticulosamente lista as evidências que provam que DJT é inocente.,Seth Abramson meticulously lists the evidence proving that DJT is innocent.,0,45,752,402,127,80,330,1,1737
DISGUSTING: Linda Sarsour is soliciting donations for a liberal political group masquerading as a Harvey relief fund,Enojoso: Linda Sarsour está buscando doações para um grupo político liberal disfarçado de fundo de alívio para Harvey.,"""Revolting: Linda Sarsour is seeking donations for a liberal political group masquerading as a relief fund for Harvey.""",0,52,147,467,1657,907,1386,1287,5903
The international usurers return to the crime scene called Greece!,Os usurários internacionais retornam à cena do crime chamada Grécia!,"""International loan sharks return to the crime scene called Greece!""",0,50,114,966,1504,1196,1019,670,5519
BOOM: Byron York explains the FusionGPS story and predicts the next big question,BATIDA BOOM: Byron York explica a história da FusionGPS e prevê a próxima grande pergunta.,"""SHAKING HANDS: Byron York dishes on the FusionGPS saga and foresees the next big query.""",0,160,752,1702,2204,1958,2338,2350,11464
"Mueller subpoenas Trump's records from Deutsche Bank, challenges the 'red line' for investigation","Mueller solicita os registros de Trump do Deutsche Bank, desafia a 'linha vermelha' para investigação.","Mueller requests Trump's Deutsche Bank records, crosses the'red line' for investigation.",0,77,752,540,1492,952,1868,1522,7203
PressTV-‘UAE sought to host Taliban in rivalry with Qatar’,"""PressTV: 'O Emirados Árabes Unidos tentou sediar o Talibã para rivalizar com o Catar'.""","""PressTV: 'The United Arab Emirates attempted to host the Taliban to challenge the Qatar's leadership.'""",0,261,752,2157,1405,1450,1714,1347,9086
Case of Missing Lebanese Prime Minister Stirs Middle East Tensions,Caso do Primeiro-Ministro Libanês Desaparecido Eleva Tensão no Oriente Médio,"""Case of Vanishing Lebanese Prime Minister Escalates Tensions in the Middle East""",0,124,752,1306,806,589,790,1098,5465
Trump’s 2020 Census May Cost California Congressional Seat by Counting Citizens,"Trump’s 2020 Census May Cost California Congressional Seat by Counting Citizens pode ser traduzido como ""O censo de 2020 de Trump pode custar um assento do Congresso da Califórnia ao contar os cidadãos"".","Trump’s 2020 Census May Cost California Congressional Seat by Counting Citizens pode ser traduzido como ""O censo de 2020 de Trump pode custar um assento do Congresso da Califórnia ao contar os cidadãos.""",0,196,502,2272,2273,2171,2509,2070,11993
Another royal engagement is trending as Princess Eugenie plans a fall wedding,Outro compromisso real está em alta enquanto a Princesa Eugenie planeja um casamento de outono.,"""Another pressing commitment is on the rise as Princess Eugenie plans an autumn wedding.""",0,181,703,1704,1619,1710,1819,1853,9589
"At Competitive Stuyvesant, Alumni Are Waging a Bitter Contest","""Em um Competitivo Stuyvesant, Alumni estão em um争斗 (disputa) amarga.""","""In a competitive Stuyvesant, alumni are engaged in a bitter dispute.""",0,147,752,1477,1068,2131,1487,1220,8282
Social Media Is Designed to Sell You to Advertisers,Redes Sociais São Projetadas para Vender Você para os Anunciantes,Social networks are designed to sell you to advertisers.,0,60,752,91,61,750,589,1,2304
The CIA is Conducting a Massive Psy-Op Against Americans,A CIA está conduzindo uma operação psicológica maciça contra os Americanos.,The CIA is waging a massive psychological campaign against Americans.,0,100,752,979,850,680,173,1,3535
Scarborough: Ted Cruz Should Tell His Donors To ‘Go Straight To Hell’ [VIDEO],Ted Cruz Deveria Dizer Para Seus Doadores: 'Vão Direto Para o Inferno',"""Ted Cruz Should Tell His Donors: 'Go Straight to Hell'""",0,27,387,1654,1582,558,645,1416,6269
"Catalonia Refuses to Halt Independence Referendum, Defying Spanish Court","Catalunha Recusa Parar Referendo de Independência, Desafiando Tribunal Espanhol","""Catalonia Refuses to Stop Referendum on Independence, Challenging Spanish Court""",0,129,752,931,686,583,1419,516,5016
New York City is going to create solar rooftops on public housing for community use,"""New York City vai criar telhados solares em moradias públicas para uso comunitário.""",New York City is launching solar roofs on public housing for community use.,0,58,149,228,272,211,710,598,2226
Photogallery - NBA: How will Kyrie Irving do now that he has his own team?,Galeria de Fotos da NBA: Como Kyrie Irving fará agora que tem sua própria equipe?,"""NBA Photo Gallery: How Kyrie Irving Will Now That He Has His Own Team?""",0,57,752,762,1911,2001,2026,2140,9649
VIDEO PROOF: There Were At Least 7 Different Shooters During The Las Vegas Massacre,PROVA VÍDEO: HOUVE Pelo MENOS 7 DIFERENTES ATIRADORES DURANTE O MASSACRE DE LAS VEGAS,PROVA VÍDEO: HOUVE PELO MENOS 7 DIFERENTES ATIRADORES DURANTE O MASSACRE DE LAS VEGAS',0,332,752,2520,2482,2449,2481,1668,12684
Photogallery - Kevin Durant says LeBron James will finish his career with the Cavaliers,Galeria de Fotos - Kevin Durant diz que LeBron James terminará sua carreira com os Cavaliers,"""Photo Gallery - Kevin Durant says LeBron James will retire with the Cavaliers.""",0,89,193,864,849,770,517,757,4039
"Paulina Gretzky Busts Out Her Red, White And Blue Bikini For The 4th Of July","Paulina Gretzky mostra seu biquíni vermelho, branco e azul para o 4 de julho","Paulina Gretzky unveils her red, white, and blue bikini for the 4th of July.",0,18,752,256,491,950,146,621,3234
Photogallery - Canada opens its doors to asylum seekers from the US,Canada abre as portas para os buscadores de asilo dos EUA,"""Canada opens its doors to US asylum seekers.""",0,79,299,1960,1936,774,165,191,5404
Green Bay Packers bringing back Jordy Nelson but should they?,"Green Bay Packers trazendo de volta Jordy Nelson, mas devemos?","Green Bay Packers brings back Jordy Nelson, but should we?",0,50,752,259,579,472,2104,1201,5417
CERN Physicists Find a Particle With a Double Dose of Charm,"""Físicos do CERN Descobrem Partícula com Dose Dupla de Encanto.""","""Physicists at CERN Discover Particle with Double Dose of Charm""",0,113,559,1165,580,346,1662,570,4995
Scientists develop brain device that can increase learning by 40%,"""Cientistas criam dispositivo cerebral que pode aumentar o aprendizado em 40%.""","""Scientists invent brain device that can boost learning by 40%.""",0,50,325,512,606,53,89,364,1999
Why Are We Paying Millions for Betsy DeVos to Be Protected By US Marshals?,"Por que Estamos Gastando Milhões para Proteger Betsy DeVos por Marshal?

(Para evitar ambiguidade, ""US"" é mantido como ""US"" no contexto deste enunciado específico.)","""Why Are We Spending Millions to Protect Betsy DeVos for Marshal?""",0,208,752,1639,1750,2182,2173,2279,10983
Where Are The Statues Honoring The 1.25 Million Europeans Enslaved By African Muslims?,Onde estão as estátuas homenageando os 1.25 milhões de europeus escravizados pelos muçulmanos africanos?,"""Where are the statues honoring the 1.25 million Europeans enslaved by African Muslims?""",0,1,752,67,24,631,155,258,1888
Liberty University president praises Trump for 'truthful' Charlottesville remarks on Twitter,Liberty University president eloborates Trump's 'truthful' Charlottesville statements on Twitter.,Liberty University president elaborate Trump's 'true' Charlottesville statements on Twitter.,0,125,752,588,1482,1437,2557,1628,8569
Iraq declares end of ISIS caliphate after capture of Mosul mosque,Iraq announces the demise of ISIS caliphate after the fall of Mosul mosque,O Iraque anuncia a morte da califado do ISIS após a queda da Mesquita de Mosul.,0,358,752,2561,2498,2393,1221,2031,11814
"Trump's health secretary has spent more than $$300,000 on private plane flights since May",Secretário de Saúde de Trump gastou mais de 300.000 dólares em viagens privadas de avião desde maio.,Secretário de Saúde de Trump gastou mais de 300.000 dólares em viagens privadas de avião desde maio.,0,350,752,2563,2521,1343,2540,339,10408
Ex-CIA Agent Bob Baer: Trump Jr. Meeting Approaching 'Smoking Gun' on Hacked Emails,Ex-CIA Agent Bob Baer: Reunião do Trump Jr. está se aproximando da 'Pista de Fumo' no Hacking dos Emails.,Former CIA Agent Bob Baer: Trump Jr.'s Meeting is getting closer to 'Smoking Gun' in Hacking Emails.,0,132,394,646,1014,1776,1846,1894,7702
Russia says Syria war to end soon with Turkish support,Russia declara que a guerra na Síria deve terminar em breve com o apoio da Turquia,Russia declares that the war in Syria must soon end with Turkey's backing.,0,286,752,1506,553,613,749,265,4724
Photogallery - Prince Harry and Meghan Markle are planning their wedding their way,"""Álbum de fotos: Prince Harry e Meghan Markle estão planejando seu casamento à sua maneira.""","""Photo album: Prince Harry and Meghan Markle are planning their wedding in their own way.""",0,47,208,1090,1323,421,83,347,3519
"Pelicans worked out Josh Smith, Martell Webster and Chase Budinger","Bandeirantes estiveram em forma, Josh Smith, Martell Webster e Chase Budinger.","Bandeirantes were in great shape, Josh Smith, Martell Webster, and Chase Budinger.",0,124,435,1518,2105,2234,2284,2233,10933
WATCH: Prank call targeting Joel Osteen’s prayer hotline quickly descends into hilarious absurdity,CHEGUE E PRANCA: Ligação telefônica de brincadeira visando a linha de oração de Joel Osteen rapidamente se transforma em absurdo hilário.,"""Show Up and Get Pranked: A playful phone call mocking Joel Osteen's prayer line quickly turns into hilarious absurdity.""",0,185,752,1689,1662,1591,1940,2061,9880
Experts Are Calling This Newly Discovered Roman Town in France a ‘Little Pompeii’,Especialistas Chamam a Nova Cidade Romana Descoberta na França de 'Pequena Pompeia'.,"""Experts nickname the newly discovered French Roman city 'Little Pompeii'.""",0,188,752,1672,632,1146,668,814,5872
This Deal Offers A One-Day Discount On 60 Name Brand Watches,Ofertando um desconto de um dia em 60 relógios de marca.,'Extending a day-off on sixty branded watches.',0,254,752,2279,2408,2469,2098,2123,12383
Central Valley to SF Bay Area: Stop Using Us As Your Ashtray,Para para de usar a gente como seu cinzeiro.,Don't use us as your ashtray.,0,242,752,2291,1988,2535,2330,2189,12327
Tax Cuts Will Ensure A Bountiful Harvest For Our Farmers And Our Nation,Cortes de Impostos Garantirão um Rico Safra para Nossos Agricultores e Nossa Nação,"""Tax Cuts Will Ensure a Bountiful Harvest for Our Farmers and Our Nation""",0,1,556,82,113,147,350,513,1762
"Jared Kushner updated his security form, suddenly remembered more than 100 foreign contacts","Jared Kushner atualizou seu formulário de segurança, de repente lembrando-se de mais de 100 contatos internacionais.","Jared Kushner updated his security form, suddenly recalling more than 100 international contacts.",0,34,98,92,92,632,674,334,1956
"CONGRESS SUBPOENAS DOJ AND FBI OVER TRUMP RUSSIA DOSSIER, ITS AUTHOR AND FBI ROLE IN SPREADING IT","""Congresso intimados com subpoenas do DOJ e FBI sobre o dossiê Trump-Rússia, seu autor e papel da FBI na disseminação dele.""","""Congresso summoned with subpoenas from the DOJ and FBI about the Trump-Russia dossier, its author, and the FBI's role in disseminating it.""",0,110,752,1487,2062,2490,1803,2063,10767
"Australia: Devout Muslim butchered wife, mutilated her body, gouged her eye out","Devoto muçulmano esquartejou esposa, mutilou seu corpo, esvaziou seu olho","A faithful Muslim man dismembered his wife, mutilated her body, and emptied her eye.",0,181,384,1542,1459,2272,1932,2135,9905
Don't mess with the US: Russia was devastated after Putin invaded Ukraine,Não mexa com os EUA: A Rússia foi devastada após Putin invadir a Ucrânia,"""Don't mess with the U.S.: Russia was flattened after Putin invaded Ukraine.""",0,47,417,592,1362,422,1177,779,4796
Apple iPhone X showcases the future of smartphone capabilities,"""Apple iPhone X revela o futuro das capacidades dos smartphones""","""Apple iPhone X unveils the future of smartphone capabilities.""",0,21,238,850,442,148,145,1,1845
Oracle chairman guarantees his firm’s latest database warehousing system will beat Amazon in performance and for half the price,O CEO garante que o sistema de armazenamento de bancos de dados mais recente da sua empresa vai superar o da Amazon em desempenho e custar metade do preço.,The CEO promises that the latest database storage system of the company will outperform Amazon's and cost half the price.,0,231,752,1893,1184,1211,620,997,6888
Pennsylvania: Muslim who shot police officer arrived in US via chain migration,Polícia que atirou em policial muçulmano chegou aos EUA por migração em cadeia.,"""Immigrant cop who shot Muslim police officer arrived in the U.S. through chain migration.""",0,152,697,1727,1456,1363,1768,1444,8607
Did Gardasil kill Colton Berrett? Biomedical scientific evidence says no.,Did Gardasil kill Colton Berrett? Biomedical scientific evidence says no.,"""Did Gardasil kill Colton Berrett? Biomedical scientific evidence says no.""",0,1,14,114,36,38,2587,205,2995
"As Yemen Cholera Cases Reach 500,000, US and UK Condemned for Complicity",O número de casos de cólera no Iêmen atinge 500.000; EUA e Reino Unido são condenados por cumplicidade.,"The number of cholera cases in Yemen reaches 500,000; the U.S. and the United Kingdom are accused of complicity.",0,280,752,1882,419,1563,292,40,5228
Good Girls' gone bad: NBC drops first trailer for Mae Whitman-led dramedy,Garotas que foram ruins: NBC libera o primeiro trailer da dramedy liderada por Mae Whitman,"""Bad apples: NBC releases the first trailer of the dramedy led by Mae Whitman""",0,229,752,1708,2394,1303,2201,2071,10658
Families Of US Diplomats Ordered To Leave Venezuela As Maduro Purges Opposition,"""Grupos Familiares de Diplomatas Americanos Mandados a Sair da Venezuela Durante a Purga da Oposição por Maduro""","""American Diplomats' Families Sent to Pack their Bags During Maduro's Purge of the Opposition""",0,300,752,2083,2202,2028,2099,1362,10826
Charlie Rose Suspended After 8 Women Accuse Him of Groping,Charlie Rose Envolvido After 8 Women Accuse Him of Assédio,'Charlie Rose Caught Up After 8 Women Accused Him of Sexual Misconduct',0,124,752,1734,2092,1222,2277,1758,9959
A Taste of Indian Nostalgia Finds an Eager Audience,O Sabor da Saudade Indiana Encontra um Público Voraz.,The Flavor of Indiana Nostalgia Meets a Ravenous Audience.,0,286,752,1584,2213,2010,2175,1837,10857
Wait Until You See How Trump Has ‘Renovated’ The White House (PHOTOS),Até você ver como Trump'renovou' a Casa Branca (FOTOS),Until you see how Trump revamped the White House (PHOTOS),0,45,467,809,1741,527,1738,996,6323
The Trump administration quietly added an NRA executive to the National Park Foundation Board,"O governo Trump, silenciosamente, adicionou um executivo da NRA ao Conselho de Fundação dos Parques Nacionais.",The Trump administration quietly added an NRA executive to the National Parks Foundation Council.,0,32,34,53,216,90,272,330,1027
Police Used Private Security Aircraft for Surveillance in Standing Rock No-Fly Zone,Polícia utilizou avião de segurança privada para vigilância na ZONA SEM-VOO de Standing Rock,The police used a private security aircraft for surveillance in the NO-FLY ZONE of Standing Rock.,0,81,752,200,392,984,326,250,2985
Rich NYC residents use terrorism as an excuse against subway elevators for people with disabilities,"""Riches de Nova Iorque usam terrorismo como desculpa para negar acesso a elevadores de metrô para pessoas com deficiência.""","""New York's elites use terrorism as an excuse to deny access to subway elevators for people with disabilities.""",0,119,280,1147,798,1033,497,422,4296
A rebel shell kills 6 in Damascus shortly after Assad’s “victory” speech,"A rebelião derruba seis em Damasco pouco depois do discurso de ""vitória"" de Assad.","""Rebellion topples six in Damascus just after Assad's ""victory"" speech.""",0,156,752,1787,1640,1869,1208,1747,9159
Chris Christie goes NUCLEAR on Ted Cruz on both CNN and Morning Joe,Chris Christie ataca Ted Cruz na CNN e Morning Joe.,"""Chris Christie launches attack on Ted Cruz during CNN and Morning Joe""",0,89,477,1620,1057,1431,1810,1292,7776
Xbox shows off its powerful Project Scorpio Xbox Development Kit in new video,Xbox revelando suas poderosas capacidades do Project Scorpio com o novo video kit de desenvolvimento da Xbox.,"""Xbox unleashing its mighty capabilities from the Project Scorpio with the new development kit for Xbox.""",0,248,752,1830,2091,1862,1437,1679,9899
‘Delete your account’! Lefty mag beclowns itself over Chris Christie beach pics,'Desativar sua conta',Shut down,0,391,752,2514,2562,2578,2380,2476,13653
Google offered to acquire Snapchat for $$30 billion claims latest report,"Google ofereceu adquirir Snapchat por US$30 bilhões, segundo último informe.","Google offered to acquire Snapchat for $30 billion, according to the latest report.",0,38,168,627,188,272,1113,62,2468
Prince Harry and Meghan Markle have already finalized some wedding plans,"""Prince Harry e Meghan Markle já finalizaram alguns detalhes do casamento.""",Prince Harry and Meghan Markle have already ticked off some details of their wedding.,0,88,236,441,1414,920,179,523,3801
Iowahawk’s suggestion for an angry uncle Voxsplainer updated with man who threatened Sen. Joni Ernst,Mantenha distância quando a raiva da tia aviar cresce.,'Keep your distance when aunt aviar's rage grows.',0,378,752,2527,2573,2562,1699,2462,12953
"A fourth woman has come forward to say George H.W. Bush groped her, this time during a 2006 photo op","Uma quarta mulher tem se apresentado para afirmar que George H.W. Bush a apalpou, desta vez durante um photo op de 2006.","""Another woman has come forward to allege that George H.W. Bush groped her, this time during a 2006 photo op.""",0,32,40,428,588,333,1824,751,3996
Ben Affleck spotted house hunting with Lindsay Shookus in Los Angeles,Ben Affleck foi visto procurando casa com Lindsay Shookus em Los Angeles.,Ben Affleck was spotted 'hunting' for a home with Lindsay Shookus in Los Angeles.,0,51,308,675,1252,1730,1094,730,5840
"Forget Tesla EV, Ariel has one big powerful electric supercar coming","Desistir do Tesla EV, o Ariel tem uma supercarro elétrica poderosa à vista","""Give up the Tesla EV, the Ariel has a super powerful electric supercar in sight""",0,180,752,1500,1253,1926,2311,1298,9220
Ukraine refused to change the language article of the law on education,"""Ukraine se recusou a mudar a língua do artigo da lei sobre educação.""","""Ukraine refused to change the language of the law on education.""",0,5,75,494,513,1062,286,72,2507
Photogallery - Tesla to begin production of electric trucks by 2019,"""Tesla está prestes a iniciar a produção de caminhões elétricos em 2019.""","""Tesla is about to start producing electric trucks in 2019.""",0,196,752,2010,1805,1073,28,291,6155
US government files $$400bn Libor case lawsuit in London court,$400 bilhões caso Libor processo de tribunal em Londres,$400 billion in the Libor lawsuit case in London,0,242,752,1603,2014,1757,1967,2066,10401
Ana Navarro wipes the floor with right-wing Trump supporter over Arizona speech,Ana Navarro esfrega o chão com o apoiador de Trump da direita sobre o discurso do Arizona,Ana Navarro wipes the floor with the Trump right-wing supporter's foot over the Arizona speech.,0,50,322,591,1402,1975,2247,1763,8350
"Cop Found Not Guilty for Murdering Innocent, Unarmed Dad Begging for His Life (Video)","""Capturado, Não Condenado por Assassinato de Pai Inocente, Desarmado, Suplicando por Sua Vida""","""Caught, Not Convicted of Murder of Innocent Father, Disarmed, Begging for His Life""",0,229,713,2110,2209,2051,896,2051,10259
Does Anyone Really Want to Pick Apples with the Neighbors?,"""Alguém realmente quer colher maçãs com os vizinhos?""","""Someone really wants to pick apples with the neighbors?""",0,80,752,674,1056,1421,132,326,4441
Edward Snowden is joining #NoWar2017 by Live Video – You Can Join in Person,Edward Snowden está se juntando à #NoWar2017 pelo Live Video – Você Pode Particiar Presencialmente,Edward Snowden is joining the #NoWar2017 on Live Video – You Can Participate In Person,0,47,235,66,142,121,1045,630,2286
"Liberals: ‘OMG I love John McCain now!’ McCain votes NO on #SkinnyRepeal, says it ‘fell short’","Liberais: ‘OMG, eu amo John McCain agora!’ McCain vota NÃO no #SkinnyRepeal, diz que ele ‘falhou’","Liberals: ""OMG, I'm all for John McCain now!"" McCain votes NO on #SkinnyRepeal, says he 'let us down'",0,108,278,1091,1635,1057,1984,1745,7898
Why I LOVE Cryptocurrency Crashes: How To Capitalize on Cryptocurrency Pullbacks,Por que AMO Quedas em Criptomoedas: Como Capitalizar em Retracimentos de Criptomoedas,"""Why I LOVE to Dive into Cryptocurrencies: How to Leverage Dips in Cryptocurrencies""",0,246,752,1218,1868,1475,2250,2237,10046
U.S. Has Bombed More Afghan Jihadists in 2017 Than Any Year Since 2012,Os EUA Bombardearam Mais JihadistasAfegãos em 2017 do que em Qualquer Ano Desde 2012,US Dropped More Afghan Jihadis in 2017 than in Any Year Since 2012.,0,113,619,883,1736,1404,1875,2114,8744
Trump Isn't Serious About Opioids If He Won't Legalize Marijuana,"""Se Trump não está levado a sério em relação aos opioides, não o está se ele não legalizar a maconha.""","""If Trump isn't taken seriously on opioids, he isn't when he doesn't legalize marijuana.""",0,172,752,960,1789,2243,1495,1358,8769
Speaker Ryan Transferred $$2M to House Republican Campaigns in August,Speaker RyanTransferiu $$2M para Campanhas Republicanas em Agosto,"""Speaker Ryan sent $2M to GOP Campaigns in August""",0,80,752,1120,1156,1474,90,1028,5700
Google Adds All South African National Parks to Street View,"""Adicionar todos os parques nacionais sul-africanos ao Street View""","""Add all of South Africa's national parks to Street View""",0,113,752,1323,1742,986,103,1642,6661
Steve Wynn Claims Gun Free Zone Would Have Prevented The Vegas Shooting,"""Steve Wynn Declara Que Zonas Sem Armas teriam Prevenido o Atentado em Las Vegas""","""Steve Wynn Declares Gun-Free Zones Would Have Prevented Las Vegas Massacre""",0,113,752,1074,840,156,366,761,4062
Hand Painted And Etched Magnum Bottle Of Kosta Browne Winery-Honor Winery 2012 Sonoma Coast Pinot Noir Being Offered At Auction – Hallmark Abstract LLC [del.icio.us],"Garrafa de Magnum de Kosta Browne da Vinha Kosta Browne, Etchada à Mão e Entalhada – Vinha Honor – 2012 – Costa do Sonoma – Pinot Noir sendo Oferecida à Venda – Hallmark Abstract LLC [del.icio.us]","""Magnum Bottle of Kosta Browne from the Kosta Browne Vineyard, Handcrafted and Hand-carved – Vineyard Honor – 2012 – Sonoma Coast – Pinot Noir – Being Offered for Sale – Hallmark Abstract LLC [del.icio.us]""",0,115,452,918,1463,2118,1700,2098,8864
"Microsoft’s Internet Explorer browser poses security concerns, says bug hunter","O navegador do Internet Explorer da Microsoft apresenta preocupações de segurança, disse o caçador de bugs.","The internet navigator for Microsoft's Internet Explorer raises security concerns, said the bug hunter.",0,139,752,730,1386,1319,1422,683,6431
Megyn Kelly tells Seth Myers that she doesn't miss talking to politicians,Megyn Kelly diz a Seth Myers que não sente falta de falar com políticos.,Megyn Kelly tells Seth Meyers she doesn’t miss talking with politicians.,0,51,507,539,403,140,719,508,2867
Morning Joe warns GOP to stop lying about ‘inhumane’ health care bill,Joe do Morning warns GOP to stop lying about the 'inhumane' healthcare bill,Joe's Morning Alert Urges GOP to Cease 'Inhuman' Health Bill Lying,0,245,752,2040,1872,1698,2364,2159,11130
Outrage as multiple properties in London are only offered to Muslim occupants,Vários privilégios em Londres são oferecidos apenas a ocupantes muçulmanos.,Several privileges in London are extended exclusively to Muslim occupants.,0,177,752,1623,2155,1658,603,654,7622
Raven is finally evicted so that 'Big Brother 19' fans celebrate it.,"A Raven finalmente foi removida, para que os fãs de 'Big Brother 19' possam comemorar.",The Raven has finally been taken away so fans of Big Brother 19 can celebrate.,0,189,752,1958,1781,1732,1715,628,8755
“Don’t name them” – Criminologist asks journalists to help stop mass shootings,Não nomeie-os. – O criminologista pede aos jornalistas que ajudem a prevenir assassinatos em massa.,"""Don't name them. – The criminologist asks journalists to help prevent mass murders.""",0,51,703,1245,332,726,511,720,4288
Trump spent months meeting with Democrat Dick Durbin on his DACA decision,Trump passou meses se reunindo com o democrata Dick Durbin para tomar sua decisão sobre DACA.,Trump took months to huddle with Democratic Senator Dick Durbin to make his decision on DACA.,0,196,752,968,1251,495,1067,968,5697
Photogallery - Xbox shows off its powerful Project Scorpio Xbox Development Kit in new video,Galeria de Fotos - Xbox exibe seu poderoso Project Scorpio Xbox Development Kit em novo vídeo,Gallery of Photos - Xbox showcases its mighty Project Scorpio Xbox Development Kit in new video.,0,105,187,619,949,585,490,303,3238
Photogallery - Can Dominic Thiem be considered a title contender at the 2017 US Open?,Can Dominic Thiem be considered a title contender at the 2017 US Open? - Pode Dominic Thiem ser considerado um favorito ao título no US Open de 2017?,Can Dominic Thiem be considered a title contender at the 2017 US Open? - Pode Dominic Thiem ser considerado um favorito ao título no US Open de 2017?,0,137,211,1758,2259,1351,1887,232,7835
American service members rate white nationalism as a larger security threat than Syria or Iraq,American service members rate white nationalism as a larger security threat than Syria or Iraq becomes Brazilian service members consider white nationalism a larger security threat than Syria or Iraq.,American service members rate white nationalism as a larger security threat than Syria or Iraq becomes Brazilian service members consider white nationalism a larger security threat than Syria or Iraq.,0,113,195,189,1531,1052,2570,1213,6863
Trump's NYT Interview Is Raising More Questions About His Mental Health,A Entrevista de Trump ao NYT Está Provocando Mais Perguntas sobre a Saúde Mental do Candidato.,The Interview with Trump for the NYT Is Stirring More Questions about the Candidate's Mental Health.,0,172,752,938,531,1088,694,1137,5312
Switch expected to outsell Wii U within a year,Switch esperada para superar o Wii U em um ano.,"**""The expected switch is set to overtake the Wii U in a year.""**",0,176,752,2164,1822,2291,1056,1454,9715
"Donald Trump's lawyer equates Lee and Washington, says FBI and BLM are run by terrorists","""o advogado de Donald Trump comparou Lee e Washington, dizendo que FBI e BLM são comandados por terroristas""","""The lawyer of Donald Trump compared Lee and Washington, saying that FBI and BLM are run by terrorists.""",0,95,284,1109,1055,317,784,484,4128
Christian Videographers Challenge Law Forcing Them to Record Same-Sex Weddings,Desafio Legal para Christian Videographers Forcing Them to Film Same-Sex Weddings,**Legal Hurdle for Christian Videographers Mandating Filming of Same-Sex Weddings**,0,224,752,2008,1479,1970,2231,1806,10470
How Russia recruited wannabe YouTube stars to convince Black Lives Matter activists to vote for Trump,Como a Rússia recrutou aspirantes a YouTubers para convencer ativistas do Black Lives Matter a votarem em Trump,"""Cómo la Rusia atrajo aspirantes a YouTubers para persuadir a activistas de Black Lives Matter a votar por Trump""",0,326,752,2493,2490,1490,2238,1914,11703
"Q: Do you feel safer walking at night on a brightly lit street? If yes, you agree with Rick Perry","Você se sente mais seguro caminhando à noite em uma rua bem iluminada? Se sim, você concorda com Rick Perry.","""You feel safer walking at night down a well-lit street? If so, do you agree with Rick Perry?""",0,65,309,981,819,502,576,623,3875
United States Supreme Court rejected stay of execution for Mexican national,O Supremo Tribunal dos Estados Unidos negou o adiamento da execução de um nacional mexicano.,"""O Supremo Tribunal dos Estados Unidos negou o adiamento da execução de um nacional mexicano."" traduzido para o inglês é: ""The United States Supreme Court denied a stay of execution for a Mexican national.""",0,235,734,2372,2217,2269,1604,986,10417
Ellen DeGeneres' birthday greeting to Katy Perry received Twitter backlash,"O Twitter voltou a se transformar em um campo de guerra, com fãs de Katy Perry e Ellen DeGeneres trocando ataques metafóricos. As palavras de Ellen não caíram bem e foram criticadas por ser muito duras.","Twitter has once again turned into a battlefield, with Katy Perry and Ellen DeGeneres fans exchanging metaphysical attacks. Ellen's words didn't sit well and were criticized for being too harsh.",0,372,752,2389,2194,2443,1585,2404,12139
"6.4 in Levuka, Eastern, Fiji Earthquakes DR.TURI DID IT AGAIN!","6.4 in Levuka, Eastern, Fiji. Tremores Terríveis. Dr. Turi Fez Outra!","6.4 in Levuka, Eastern, Fiji. Terrifying Tremors. Dr. Turi did it again!",0,24,349,315,1023,2343,1685,985,6724
"Jailed Brit, 78, could go free if US released key evidence",Cativo Britânico de 78 anos pode se libertar se os EUA liberarem evidências cruciais.,"""Britain's 78-year-old captive may be freed if the US releases crucial evidence.""

* 'kick the bucket' translates as 'bater as botas'",0,321,752,2401,2392,2472,2278,2425,13041
"Puh-LEEZE! Sen. Menendez (yes, THAT one) serves up Halloween scare about GOP","""Puh-LEEZE! Senador Menendez (sim, aquele mesmo) servir um susto de Halloween para o GOP.""","""Please! Senator Menendez (yes, that one) has just given the GOP a Halloween scare.""",0,229,699,2209,2057,2195,2112,2078,11579
Liev Schreiber and Fergie Attended a Weekend-Long Party in the Bahamas,Liev Schreiber e Fergie participaram de um fim de semana de festa nas Bahamas.,"""Liev Schreiber and Fergie joined a weekend of celebration in the Bahamas.""",0,74,555,477,791,1102,969,902,4870
When To Use The ‘Tell Me About Yourself’ Pitch,"Qual o momento adequado para usar o ""Pergunta Quem Sou Eu"" do Pitch?","What is the fitting time to use the ""Ask Who Am I"" pitch?",0,274,752,2364,2425,2070,1755,1437,11077
Israeli spies found Russians using Kaspersky software for hacks — and warned US two years ago,Espiões israelenses descobriram russos usando software Kaspersky para ataques cibernéticos — e avisaram os EUA dois anos atrás.,"""Israeli spies uncovered Russians employing Kaspersky software for cyber-attacks — and warned the US two years ago.""",0,73,558,659,385,175,535,395,2780
"Told by City They Are Increasing Homelessness, Church Ordered to Stop Feeding Homeless","Contado pela cidade, eles estão aumentando a mendicância; a igreja é ordenada a parar de alimentar os mendigos.","""Reported by the city, they are escalating begging; the church is commanded to cease feeding the beggars.""",0,215,752,2243,1930,2330,1278,1487,10235
"Hey, why isn’t CNN asking THESE questions about @AndersonCooper’s anti-Trump tweet?","Ei, por que CNN não está perguntando ESSES MESMOS sobre o tuíte anti-Trump de @AndersonCooper?","""Hey, why isn't CNN asking those very same questions about the anti-Trump tweet by @AndersonCooper?""",0,94,752,554,668,530,938,231,3767
The Plaza Loses Its Luster as a Real Estate Investment,A Praça Perde seu Brilho como um Investimento Imobiliário,"""The Square Loses Its Luster Like a Real Estate Investment.""",0,50,474,1237,1041,829,2051,1725,7407
Pope shakes up Syro-Malankara Church with several new appointments,Pope agita a Igreja Syro-Malankara com várias novas nomeações.,'Pope shakes up the Syro-Malankara Church with several new appointments.',0,6,182,307,112,271,1420,958,3256
WHOA. Trey Gowdy Paid a Whopping Settlement With Taxpayer Money,Uau!,Wow!,0,391,752,2574,2522,2575,1430,2450,12694
Hobby Historian Claims to Have Discovered Forgotten 80-Meter Section of the Berlin Wall,Historiador Aficionado Afirma Ter Descoberto 80-Metros de Secção Esquecida da Muralha de Berlim,Historiador Aficionado Afirma Ter Descoberto 80-Metros de Secção Esquecida da Muralha de Berlim,0,382,752,2549,2527,943,2524,2009,11686
Photogallery - ‘Stranger Things’ creators plan to end series after fourth season,Galeria de Fotos - Criadores de 'Stranger Things' planejam encerrar a série após a quarta temporada.,Gallery of Photos - Creators of 'Stranger Things' plan to bring the series to a close after the fourth season.,0,183,752,2065,1457,744,152,99,5452
"91 Volcanoes Found Under Arctic Ice, Big Blow to Climate Alarmists","""91 Vulcões Encontrados sob o Gelo Ártico, Grande Desânimo para os Alarmes Climáticos""","""91 Volcanes Descubiertos Bajo el Hielo Ártico, Gran Desánimo para los Alarmas Climáticas""",0,379,752,2552,2478,2398,2382,1673,12614
"Amid Puerto Rico Disaster, Hospital Ship Admitted Just 6 Patients a Day","Amid Puerto Rico Disaster, Hospital Ship Admitted Just 6 Patients a Day.","""Amidst Puerto Rico Disaster, Hospital Ship Admitted Just 6 Patients Daily.""",0,59,72,488,201,515,2572,1193,5100
Ed Sheeran Reveals Weird Fact About Beyonce Even Her Fans Didn’t Know,Revelação Incrível de Ed Sheeran: Facto Estranho Sobre Beyoncé que Nem os Fãs Sabiam,Amazing Reveal from Ed Sheeran: Strange Fact About Beyoncé You Never Knew,0,291,752,2034,1958,1326,1294,1344,8999
Teacher at Mormon University Loses Job Over Pro-LGBT Facebook Post,Professor da Universidade de Mórmons Perde Emprego por Publicação de Facebook Favor à LGBTQ+,"""Professor of Brigham Young University Loses Job for Facebook Post Supporting LGBTQ+""",0,235,752,1668,1590,1022,1899,1938,9104
Unions files a labor complaint against Tesla for firing members,"""Unions files a labor complaint against Tesla for firing members""","""Unions file a labor complaint against Tesla for firing members"" is translated to: ""Sindicatos apresentam uma denúncia trabalhista contra Tesla por demissões"".",0,184,546,2361,2295,1936,2199,583,10104
"Voters oppose Trump's air traffic control privatization plan, poll finds","Eleitores se opõem ao plano de privatização do controle de tráfego aéreo de Trump, apuração de pesquisa revela.","Voters object to Trump's plan to privatize air traffic control, survey reveals.",0,197,752,1055,874,248,1241,229,4596
Harvard Study Identifies The Gateway Pundit As One of the Most Influential Conservative Media Outlets in 2016,Estudo da Harvard Identifica 'The Gateway Pundit' Como Um dos Mais Influentes Meios de Mídia Conservadora em 2016,"""Harvard Study Identifies 'The Gateway Pundit' as One of the Most Influential Conservative Media Outlets in 2016""",0,1,107,111,132,345,1407,804,2907
The Rolling Stones Are Recording Their First New Album in 12 Years,"""The Rolling Stones estão gravando seu primeiro novo álbum em 12 anos""",The Rolling Stones are hitting the studio to record their first new album in 12 years.,0,57,752,210,294,766,13,193,2285
Congress has spent $$17 million to settle sexual harassment claims,Congresso gastou $$17 milhões para acalmar acusações de assédio sexual,Congress spent $$17 million to hush sexual harassment allegations.,0,80,167,279,1539,134,483,500,3182
"Beast Computer System Controls The World, Described By Fritz Springmeier","O Sistema de Controle de Computadores da Besta Domina o Mundo, Descrita por Fritz Springmeier","""The Beast's Control System Rules the World, as Described by Fritz Springmeier""",0,101,752,1433,1301,1621,1916,1424,8548
Handful of House Democrats introduce bill to fix Obamacare,Um punhado de democratas da Casa introduziu uma proposta para corrigir o Obamacare.,A small handful of House Democrats introduced a proposal to fix Obamacare.,0,113,752,1086,600,386,533,182,3652
"John McCain's surgery would cost at least $$76,000—on Medicare","'Ser operado por McCain custaria pelo menos $$76,000 no Medicare.'","''Getting operated on by McCain would cost at least $$76,000 under Medicare.''",0,122,413,1970,1288,1416,2242,1368,8819
Photogallery - Why can’t the Duggars use social media before marriage?,“Por que os Duggers não podem usar redes sociais antes do casamento?”,Why can't Duggers use social media before marriage?,0,52,220,1145,1470,743,731,896,5257
PressTV-Erdogan to Saudi crown prince: You don’t own Islam,Erdogan para príncipe herdeiro da Arábia Saudita: Você não possui o Islam.,"""Erdogan to the Saudi Arabian crown prince: You do not have the Islam.""",0,156,703,1697,1761,1042,1218,1438,8015
Photogallery - The US has the greatest number of billionaires in the world,Galerias de fotos - Os EUA têm o maior número de bilionários do mundo,"""Galleries of photos - The U.S. has the largest number of billionaires in the world.""",0,114,496,1413,1193,1006,191,348,4761
Google sets up cloud computing data center in London,O Google instala uma fábrica de nuvem em Londres.,Google sets up a cloud factory in London.,0,95,752,1334,1013,623,169,575,4561
Roy Moore Campaign to Gloria Allred: Release the Evidence,Campanha de Roy Moore para Gloria Allred: Liberte a Prova,**Release the Evidence Campaign of Roy Moore to Gloria Allred: Set the Record Straight**,0,188,630,1877,2042,1976,2304,2153,11170
So why are we in Niger? It has nothing to do with “teaching respect for human rights”,Por que estamos no Níger? Isso não tem nada a ver com “ensinar respeito pelos direitos humanos”.,"""Why are we in Niger? This has nothing to do with 'teaching respect for human rights'.""",0,15,242,391,287,166,163,180,1444
Tropical Storm Nate Expected to Hit Gulf Coast as a Hurricane,Tempestade Tropical Nate Esperado para Atrair a Costa do Golfo como Furacão,'Tropical Storm Nate Expected to Hit Gulf Coast as Hurricane',0,6,46,376,407,568,1901,828,4132
"From Sweden to Russia: European bison travel over 2,000 km as part of reintroduction efforts",Da Suécia para a Rússia: os bisões europeus viajam mais de 2.000 km como parte dos esforços de reintrodução.,"From Sweden to Russia: The European bison journey over 2,000 kilometers as part of the reintroduction efforts.",0,42,390,69,86,444,376,6,1413
GMO Apples That Do Not Brown Have Hit Stores,Mauras não Browned de GMO Chegam às Lojas,'Mauras não Browned de GMO Chegam às Lojas',0,368,752,2485,2575,2396,2500,2298,13374
South Dakota: Landowners and Hunters Asked to Report Dead Deer,Terra dos Possuidores de Terra e Caçadores Solicitados para Registrar Cervos Mortos.,"""The Land of the Landholders and the Hunters Requested to Register Dead Stags.""",0,282,752,2206,2424,2511,2389,2377,12941
Mike Pence laughably defends Trump against credible reports of an affair with a porn star,Mike Pence ridicularmente defende Trump contra relatórios credíveis de uma aventura com uma atriz de pornografia.,"Mike Pence, com uma defesa ridicularmente leal, defende Trump contra relatórios credíveis de uma aventura com uma atriz pornô.",0,327,752,2521,2406,2221,2462,1706,12395
How and Why You Should Try a Sugar Detox,Por que e Como Você Deve Tentar uma Desintoxicação de Açúcar,Why and How You Should Attempt a Sugar Detox,0,113,752,127,416,126,788,102,2424
It is Bogus: FBI Says it Can’t Substantiate Trump-Russia “Collusion” Allegations in Discredited “Dossier”,"It is Bogus: FBI diz que não pode substantiar as alegações de ""colaboração"" Trump-Rússia no ""Dossiê"" descreditado.","""It is bogus: FBI says it cannot substantiate the allegations of 'collaboration' between Trump-Russia in the discredited 'Dossier'.""",0,108,752,1319,685,1111,1871,1414,7260
Eddie Judge joking around with Tamra Judge's daughter shows dedication,Dedicação de Eddie Judge ao brincar com a filha de Tamra Judge,"""Eddie Judge's dedication to playing with Tamra Judge's daughter""",0,125,530,1757,2265,1952,991,1694,9314
"CORRUPT AUSTIN DEM REP. DAWNNA DUKES SPENT $$51,000 ON PSYCHIC, WORKED HIGH ON MORPHINE, USED AIDE AS FAMILY DRIVER","Corrupto Austin Dem Rep. Dawnna Dukes gastou $51.000 em mediúnico, ficou alta com morfina, usou sua assistente como motorista da família.","Corrupt Austin Dem Rep. Dawnna Dukes spent $51,000 on a medium, turned into a drug addict using morphine, and had her assistant as the family's driver.",0,156,752,1239,1575,2569,1860,2034,10185
Americans Are Confronting an Alarming Question: Are Many of Our Fellow Citizens ‘Nazis’?,Os Americanos Estão Enfrentando Uma Questão Alarmante: Serão Muitos dos Nossos Companheiros de Nacionalidade 'Nazis'?,"""The Americans Are Facing a Dire Alarms: Will Many of Our Countrymen End Up Being 'Nazis'?""",0,248,752,1840,1494,1392,2208,1756,9690
Anybody want to help NY Times answer this Q about Bowe Bergdahl’s ‘legal fortunes’?,"Alguém quer ajudar o NY Times a responder a esta pergunta sobre os ""fortes legais"" de Bowe Bergdahl?","""Someone wants to help the NY Times answer this question about Bowe Bergdahl’s 'legal muscle'?""",0,94,602,1116,1909,1508,1972,1702,8903
"Stranded on Norwegian Island, Rowers End Their Arctic Mission","""Encalhados em uma ilha norueguesa, os remadores põem fim à sua missão no Ártico.""","""Stranded on a Norwegian island, the rowers bring their Arctic mission to an end.""",0,101,752,1253,750,2196,1856,1072,7980
Five things restaurant servers wish they could tell you,Cinco coisas que garçons gostariam de poder contar para você.,"""Five things waiters would love to tell you, if they could.""",0,255,752,2161,897,1804,468,13,6350
Photogallery - REPORT: LeBron tried to bring Spurs Star to Cleveland but...,"Galeria de Fotos - REPORT: LeBron tentou trazer o estrela dos Spurs para Cleveland, mas...","""The LeBron Report: LeBron tried to bring the star of the Spurs to Cleveland, but...""",0,103,449,1182,1458,1896,1828,2196,9112
Dutch have done it again with NRA spoof video,Os holandeses o fazem de novo com o vídeo spoof da NRA,The Dutch do it again with the NRA spoof video,0,80,752,365,420,125,826,728,3296
Photogallery - Will Surface Phone do the same for mobile?,Galerianão está caindo móvel?,'Galerianão está caindo móvel?' translates to 'Is the Gallery falling off its wheels?',0,376,752,2537,2567,2577,2568,2483,13860
Republican Sens. Mike Lee and Steve Daines rescind their endorsements of Roy Moore,"""os Senadores Republicanos Mike Lee e Steve Daines revogaram seu apoio a Roy Moore""",The Republican Senators Mike Lee and Steve Daines revoked their support for Roy Moore.,0,113,425,1015,431,1109,144,381,3618
"Why the U.S. Needs a Federal Jobs Program, Not Payouts","""Por que os Estados Unidos Precisam de um Programa Federal de Trabalho, Não de Pagamentos""","""Por que os Estados Unidos Precisam de um Programa Federal de Trabalho, Não de Pagamentos"" traduzido para o inglês fica:

""why America needs a federal work program, not payments""",0,304,752,2464,2345,2178,1388,1134,10565
WND » California adopts ‘bordello’ plan for long-term care centers » Print,"WND: ""California adota 'casa de tolerância' para centros de cuidados de longo prazo""","""California Adopts 'House of Tolerance' as Long-Term Care Centers""",0,162,752,2145,2407,2139,1837,2274,11716
"A 9-year-old boy discovers a million-year-old fossil in Las Cruces, New Mexico","Um garoto de 9 anos descobre um fóssil de um milhão de anos em Las Cruces, Novo México.","""A nine-year-old boy discovers a million-year-old fossil in Las Cruces, New Mexico.""",0,9,56,102,42,122,24,613,968
New York City Ballet Reclaims Lincoln Center to Start the Season,Ballet de Nova York Reanuda a Linha de Partida para Iniciar a Temporada,New York City Ballet Returns to the Starting Line to Launch the Season.,0,156,610,1312,1398,1279,1333,1839,7927
Sky a funny colour confirms absolutely everyone on Facebook,"""O céu é uma cor engraçada que confirma a todos no Facebook.""",The sky is a peculiar color that confirms everyone on Facebook.,0,147,752,1683,783,1695,2147,1100,8307
"Emails: WaPo, NYT Reporters Didn’t Want to Cover Clinton-Lynch Tarmac Meeting – Dr. Rich Swier",Repórteres do WaPo e do NYT não queriam cobrir o encontro Clinton-Lynch na pista de decolagem - Dr. Rich Swier,'Repórteres do WaPo and NYT didn't want to cover Clinton-Lynch meet at the runway - Dr. Rich Swier',0,114,752,1575,1954,2222,1985,2097,10699
Photogallery - Apple plans to build an Iowa data center that fully runs with renewable energy,Apple pretende construir um centro de dados em Iowa que opere plenamente com energia renovável.,Apple plans to build a data center in Iowa that will run entirely on renewable energy.,0,158,639,1027,995,198,45,1,3063
Photogallery - Hilarie Burton fans recall groping case against Ben Affleck amid Weinstein issue,"""Álbum de fotos - Fãs de Hilarie Burton lembram caso de agressão sexual envolvendo Ben Affleck durante o escândalo Weinstein.""",'Photo album - Hilarie Burton fans recall case of sexual assault involving Ben Affleck during Weinstein scandal.',0,172,580,1250,1623,1558,1025,1032,7240
LeBron James tried to bring Spurs star to Cleveland,"""LeBron James tentou trazer o astro do Spurs para Cleveland.""",LeBron James sought to bring the Spurs' star to Cleveland.,0,35,752,464,184,190,1369,238,3232
These Two Reports Reveal New Details About Trump Associates’ Contacts With Russia,Esses Dois Relatórios Revelam Novos Detalhes Sobre os Contatos dos Assistentes de Trump com a Rússia,"""These Two Reports Unveil New Details on Trump's Aides' Contacts with Russia""",0,89,752,1071,760,196,119,336,3323
This Deal On Knives Includes 81 Percent Off A #1 Bestseller,Oferta de Fios de Cabelo: 81% de Desconto No Top 1 Bestseller,'Off the Hook Offer: 81% Discount on the Bestseller'.,0,335,752,2377,2373,2233,2447,2213,12730
Iran Rejects U.S. Demand For U.N. Nuclear Inspectors to Visit Military Bases,Irã Rejeita Demanda dos EUA por Inspectores Nucleares da ONU para Visitar Bases Militares.,'Iran Snubs U.S. Demand for UN Nuclear Inspectors to Visit Military Bases.',0,47,176,759,711,459,965,1387,4504
Cavaliers should consider other trade packages for Kyrie Irving,"""Cavalheiros devem considerar outros pacotes de troca para Kyrie Irving""","""Gentlemen should consider other trade packages with Kyrie Irving.""",0,60,327,1210,2143,2200,1730,2083,9753
New Findings Could Save Lives of More Stroke Patients,Novas Descobertas Podem Salvar a Vida de Mais Pacientes com AVC,New Discoveries Can Save the Lives of More Stroke Patients,0,80,234,134,114,95,167,47,871
Gene Therapy Creates Replacement Skin to Save a Dying Boy,Therapy Genética Cria Pele Substituinte para Salvar Menino Moribundo,Genetic Therapy Grows Substitute Skin to Save Dying Boy,0,129,752,283,546,636,1131,1103,4580
Cleveland Cavaliers news: Several teams want Shumpert but under one condition,"Vários times querem Shumpert, mas sob uma condição.","Several teams are eyeing Shumpert, but under one condition.",0,99,520,1421,1410,1775,901,1389,7515
Trump and Spicer could be deposed in suit alleging collusion with Fox News on bogus Seth Rich story,Trump e Spicer poderiam ser interrogados em um processo que alega conspiração com a Fox News sobre a história fictícia de Seth Rich,"""Trump and Spicer could be called to testify in a case alleging conspiracy with Fox News over the made-up story of Seth Rich.""",0,160,625,1667,2036,1247,539,945,7219
Dragon Ball Super': Image reveals Goku's tears in the tournament,Dragon Ball Super: Imagem revela lágrimas de Goku no torneio,Dragon Ball Super: Image reveals Goku's tears in the tournament,0,1,28,23,97,45,847,125,1166
How Neanderthals Influenced Human Genetics at the Crossroads of Asia and Europe,"""Como os Neandertais Influenciaram a Genética Humana na Encruzilhada da Ásia e da Europa""","""How the Neanderthals Influenced Human Genetics at the Crossroads of Asia and Europe""",0,4,34,108,175,62,1304,307,1994
"Targeting China’s Purchases, Congress Proposes Tougher Reviews of Foreign Investments","Aperfeiçoar a Busca pelo Consumo da China, Congresso Propose Revisões Mais Rigorosas para Investimentos Estrangeiros","Refine China's Quest for Acquisition, Congress Proposes Stricter Oversight for Foreign Investment",0,246,752,1076,1461,1794,2052,2084,9465
"Hospitals segment is expected to hold the major share of Global Infusion Pump system, Accessories and Software market by 2017-2024","Hospitais representarão o maior segmento do mercado global de sistemas, acessórios e software de pompas de infusão, em 2017-2024.","Hospitals will represent the largest segment of the global market for infusion systems, accessories, and software, 2017-2024.",0,193,752,1088,1146,956,755,1378,6268
The Senate's 'healthcare' bill is designed to strip Americans from insurance for a stupid tax cut,O projeto de lei do Senado sobre'saúde' visa tirar seguro dos americanos para um corte de impostos estúpido.,"""The Senate's healthcare bill seeks to bleed the American people for a foolish tax cut.""",0,144,752,1513,1738,2292,2177,2109,10725
Himalaya Fall 2017: Kammerlander Pulls the Plug on Manaslu Expedition.,"""Himalaya Fall 2017: Kammerlander Finaliza Expedição ao Manaslu.""",'Himalaya Fall 2017: Kammerlander Completes Manaslu Expedition.',0,96,420,827,1237,1405,1123,639,5747
‘This is shameful’! The ACLU just destroyed ALL its remaining ‘civil liberties’ cred,Isso é vergonhoso!,"""Isso é vergonhoso!"" - ""That's dreadful!""",0,391,752,2515,2533,2428,22,2144,10785
"Transgender troop enlistment not happening yet, Pentagon delays it for 6 months",A inclusão de tropas transgênero está sendo adiada pela marinha por seis meses.,"""The inclusion of transgender troops is being postponed by the navy for six months.""",0,324,752,2306,1572,1604,825,651,8034
"Review: In Season 2, ‘The Good Place’ Blows Itself Up, Hilariously","Em Season 2, ‘The Good Place’ explode em risadas",Season 2 of ‘The Good Place’ kicks into high gear.,0,210,752,2090,1897,2438,2341,2139,11867
The Boston Islamic Seminary Is Training the Next Generation of Extremists,O Seminário Islâmico de Boston Está Educando a Próxima Geração de Extremistas,"""The Islamic Seminar of Boston Is Cultivating the Next Generation of Extremists""",0,101,429,578,1065,383,545,499,3600
Dragon Ball Super' Jiren stronger than Fused Zamasu could trigger SSB Vegito,"""Jiren é mais forte do que o Zamasu Fusado e poderia levar SSB Vegito a explodir"".","""Jiren is more powerful than the fused Zamasu and could make SSB Vegito burst.""",0,181,752,1426,1882,2000,1011,1472,8724
Yankees Acquire Todd Frazier and David Robertson in Trade With White Sox,Bravos compram Todd Frazier e David Robertson em negociação com os White Sox.,'Intrepids acquire Todd Frazier and David Robertson in a deal with the White Sox.',0,65,365,1685,2081,2369,2234,2212,11011
"How organizers raised over $233,000 in one day to bail hundreds out of jail",Como organizadores arrecadaram mais de $233.000 em um dia para pagar a fiança de centenas de pessoas.,"As organizers raised over $233,000 in a day to bail out hundreds of people.",0,82,252,695,1527,1041,1097,1009,5703
World Medalist Rower Jack Carlson Just Launched a Menswear Brand,O remador campeã mundial Jack Carlson Justiçou Recentemente um Marcado de Moda Masculina,"""The world champion rower Jack Carlson recently made a splash in Men's Fashion Week""",0,254,752,2125,1904,2202,2367,2234,11838
Doctors Found Parasites They’d Never Seen Before Inside The North Korean Soldier Who Bolted At The DMZ,Médicos encontraram parasitas que nunca antes haviam visto em um soldado norte-coreano que fugiu da ZC.,"""Physicians discovered parasites that they had never seen before in a North Korean defector from the CZ.""",0,221,752,1871,1318,2281,1627,1956,10026
University of Texas at Austin removes its Confederate statues overnight,"""Universidade do Texas em Austin remove suas estátuas confederadas à noite.""","""University of Texas at Austin removes Confederate statues overnight.""",0,7,130,703,406,257,267,4,1774
"FHFH Receives $$30,000 From Walmart to Support Indiana Hunger Relief",FHFH Arrecada $$30.000 de Walmart para Apoiar Alívio da Fome em Indiana,"FHFH Raises $30,000 from Walmart to Support Food Relief in Indiana",0,101,752,120,494,605,1435,792,4299
"Long Before the New York Attack, FBI Agents Were Targeting Uzbek Immigrants","Anos antes do Ataque a Nova York, Agentes do FBI Estavam Alvo de Imigrantes Uzbekis","""Years before the New York Attack, FBI Agents were Target of Uzbek Immigrants.""",0,51,293,635,1557,810,1477,1329,6152
Advertisers fleeing Sean Hannity’s show over defense of accused sexual predator Roy Moore,Publicitários em fuga do programa de Sean Hannity por defender o acusa sexual Moos de predador,Advertisers flee Sean Hannity's show for defending sexual predator Moos.,0,166,752,1047,2252,1743,2124,2397,10481
"McCain thanks supporters, shows that he still has a sense of humor","McCain agradece aos apoiadores, mostrando que ainda tem senso de humor.","McCain thanks supporters, showing he still has a sense of humor.",0,28,55,390,130,57,227,87,974
PICS: Military Provides Relief to British Territories Struck by Hurricane Irma,"""As Forças Armadas Distribuem Alívio para Territórios Britânicos Afetados pelo Furacão Irma""","""Military Forces Dispense Relief to British Territories Hard Hit by Hurricane Irma""",0,101,517,1324,1022,1906,777,891,6538
Michigan Teacher Exacts Revenge On Student By Sharing Their Browser History,"""Mestre de Michigan Desvia A Vingança Ao Divulgar História do Navegador do Aluno""","""Michigan's Maestro Averts Vendetta by Revealing Tutor's Navigator's Tale""",0,345,752,2413,2233,2527,1851,2396,12517
"Russian firm bought $100,000 in Facebook ads during 2016 election season","Russian firm bought $100,000 in Facebook ads during 2016 election season foi traduzido como follows:
Em 2016, empresa russa comprou $100,000 em anúncios no Facebook.","In 2016, a Russian firm spent $100,000 on Facebook ads during the election season.",0,114,752,667,790,279,832,262,3696
Matt Groening Is Creating a New Show for Netflix,Matt Groening está criando um novo programa para o Netflix.,Matt Groening is crafting a new show for Netflix.,0,21,752,71,327,189,525,246,2131
Why is Trump moving the American embassy in Israel to Jerusalem?,Trump está movendo a embaixada dos EUA para Jerusalém.,Trump is shifting the US embassy to Jerusalem.,0,187,752,1342,1165,354,64,181,4045
Nevada rancher Cliven Bundy violated law in 2014 armed standoff: prosecutor,Homem do Nevada violou a lei em 2014 em um confronto armado: procurador,"""The man of Nevada breached the law in 2014 in a gunfight: prosecutor""",0,246,752,2252,1710,2190,1059,1934,10143
Trump's 'fake news' awards put him in dictator territory,premiar a mídia mentirosa,"""reward the lying media""",0,391,752,2476,2497,2471,634,2435,11656
Rep. Moylan Revives His Campaign Against Law-Abiding Firearm Owners,"""Representante Moylan Relançou Sua Campanha Contra proprietários de Armas com Cidadania""","""Representante Moylan Relançou Sua Campanha Contra Proprietários de Armas com Cidadania""",0,375,752,2545,2538,2280,2546,2137,13173
Lying RINO John McCain Says He Cannot Support Latest Obamacare Repeal Bill,RINO John McCain diz que não pode apoiar a última tentativa de derrubar o Obamacare,John McCain says he can't support the last attempt to take down Obamacare.,0,218,752,1900,1871,2015,1188,1369,9313
"Anti-depressants taken by millions linked to 28 murders in the UK in the past three decades, reveals shocking investigation – Infinite Unknown","Anti-depressivos tomados por milhões estão ligados a 28 homicídios no Reino Unido nos últimos três décadas, revela investigação chocante – Desconhecido Infinito.","""Millions taking antidepressants linked to 28 homicides in the UK over the last three decades, a staggering investigation reveals – Unknown Infinite.""",0,169,752,1209,1508,1345,1485,2219,8687
HELLISH FLASHBACK: European royals are killing naked children for fun at human hunting parties?,FLASHBACK INFERNAL: Reis europeus estão assassinando crianças nuas por diversão em festas de caça humana?,**HELLISH FLASHBACK: European kings are murdering naked children for fun at human hunt parties?**,0,57,279,514,451,544,1694,1685,5224
"AARP: Some seniors could pay more than $$30,000 per year to keep their plans under Graham-Cassidy","Alguns idosos podem pagar mais de $$30,000 por ano para manter seus planos sob Graham-Cassidy.","Some elderly people can fork over more than $$30,000 annually to keep their plans intact under Graham-Cassidy.",0,117,371,747,1747,1483,1033,879,6377
McConnell won't let his senators face constituents until the end of August,McConnell não vai deixar seus senadores enfrentar os constituintes até o final de agosto.,McConnell won't let his senators face constituents until the end of August.,0,1,6,15,12,31,581,22,668
Photogallery - Taylor Swift's dancer has defended her againt racist allegations,Fotogaleria - A dançarina de Taylor Swift se defendeu contra acusações de racismo.,"""Taylor Swift's photoshoot featured a ballet dancer defending against racism charges.""",0,282,752,2303,1838,1590,2249,2005,11019
Democrats mourn the impending suicide of Donna Brazile – Dr. Rich Swier,'Demócratas lamentam a iminente morte de Donna Brazile – Dr. Rich Swier',''Democrats mourn the impending death of Donna Brazile – Dr. Rich Swier'',0,15,100,407,90,941,590,85,2228
"‘Janelle Asked to the Bedroom,’ a Micronovel by Chimamanda Ngozi Adichie",Janelle foi convocada para o quarto.,Janelle was called to the room.,0,281,752,2438,2382,2517,1102,2371,11843
No more talk': Advocates call on Dianne Feinstein to withhold spending vote and protect Dreamers,'Nada mais de conversa: defensores pedem a Dianne Feinstein para manter o voto sobre gastos e proteger os sonhadores.',Nothing more of talk: advocates ask Dianne Feinstein to hold her vote on expenses and protect dreamers.,0,133,752,1166,1912,1824,1891,1708,9386
How social media has transformed the way businesses interact with customers,Como as mídias sociais transformaram a forma como as empresas interagem com os clientes,"""Como as mídias sociais transformaram a forma como as empresas interagem com os clientes.""",0,391,752,2571,2502,1056,2448,145,9865
WHOOPS! Maybe the New York Times SHOULDN’T have fired all those copy editors,"""Que surpresa! Talvez o The New York Times não devesse ter demitido todos aqueles redatores!""","""What a surprise! Perhaps The New York Times shouldn't have fired all those editors!""",0,69,635,1531,1345,838,217,532,5167
FBI Releases Docs On Sandy Hook Showing Feds Visited Shooter BEFORE Massacre,FBI Libera Documentos sobre Sandy Hook Mostrando Feds Visitaram Atirador Antes do Massacre,"FBI Releases Documents on Sandy Hook, Showing Feds Visited Shooter Before Massacre",0,13,510,151,160,266,1359,834,3293
3 Ways GOP Tax Bill Could Change Your Life Insurance,"3 maneiras pelas quais a reforma fiscal da GOP pode transformar sua vida

1. 'Pushing Up Daises' em sua carteira de seguro de vida.
2. Fazer sua 'bucket list' ganhar um novo significado.
3. 'Bite the Dust' da sua poupança tradicional e dar o 'olho de gavião' para investimentos.","1. 'Pushing Up Daises' em sua carteira de seguro de vida.
2. Fazer sua 'bucket list' ganhar um novo significado.
3. 'Bite the Dust' da sua poupança tradicional e dar o 'olho de gavião' para investimentos.",0,387,752,2560,2540,2585,2562,2494,13880
Israel Hiding Its F-35 Warplane Hit By Syrian S-200 Missile?,Israel esconde seu avião de combate F-35 atingido por mísseis S-200 sírios.,Israel keeps its F-35 stealth fighter under wraps following Syrian S-200 missile attack.,0,152,752,1255,1272,1934,1078,755,7198
"Patreon Bans Journalist Lauren Southern, Claims She Will Get People Killed","Patrão bane jornalista Lauren Southern, que afirma que vai tirar a vida de pessoas.","""Patrão demite jornalista Lauren Southern, que declara que vai tirar a vida de pessoas.""",0,353,752,2542,2556,2425,2492,1596,12716
Raw meat pet food craze can spread disease from pets to humans,Fieira de petiscos de carne cruda pode espalhar doenças de pets para humanos.,'Raw meat snack stand can spread pet diseases to humans.',0,177,752,1655,1666,1971,1588,1620,9429
Trump-Worshiping Pastor Comes Against ‘Demonic Spirits’ Attacking White House (AUDIO),'Pastor Trump-Worshiping Advirte contra 'Espíritos Demônios' Atacando a Casa Branca (ÁUDIO)',**Trump-Worshiping Shepherd Warns Against 'Demonic Spirits' Invading the White House (AUDIO)**,0,101,579,1711,1379,1040,2185,1817,8812
Fox News's Sean Hannity is threatening to sue the former Obama administration bigtime,"""Sean Hannity da Fox News está ameaçando processar a ex-administração Obama de forma séria.""","""Sean Hannity da Fox News is threatening to seriously sue the former Obama administration.""",0,91,393,1146,1688,674,773,681,5446
Politicians Could Learn a Lot From Greg Kraut Campaign,Políticos Podiam Aprender Muito com a Campanha de Greg Kraut,"""Politicians Could Learn a Lot from Greg Kraut's Campaign""",0,7,297,408,358,108,243,177,1598
Pitcher Ervin Santana Lifts the Twins With His Arm and Bat,"""Artilheiro Ervin Santana Eleva os Twins com o Braço e o Bate.""","""Sniper Erwin Santana Raises the Twins with Arm and Bat.""",0,113,752,2128,2118,1916,2328,2210,11565
Ellen Page Calls Out Brett Ratner's Outing Her on 'X-Men' Set as 'Homophobic',Ellen Page Denuncia Discurso de Brett Ratner Sobre 'X-Men' como 'Homofóbico',"""Ellen Page Accuses Brett Ratner of 'Homophobic' Speech on 'X-Men'""",0,180,752,1328,1713,1013,878,1573,7437
If You are a John Mellencamp fan there is a article @Salon you might want to read.,"Se você é fã de John Mellencamp, há um artigo no Salon que você pode querer ler.","If you're a fan of John Mellencamp, there's an article in Salon you may want to read.",0,112,662,479,821,1032,72,2,3180
US agency probes Interior Secretary Ryan Zinke for possible Hatch Act violation,Agência dos EUA investiga Secretário do Interior Ryan Zinke por possível violação da Lei de Hatch,The U.S. Agency probes Secretary of the Interior Ryan Zinke for suspected Hatch Act violation,0,121,752,597,291,599,1494,1089,4943
Harvey Weinstein Tried to Squeeze Netflix for $25M in ‘Hush Money’ Before Downfall,Harvey Weinstein Tentou Extorquir 25 Milhões de Dólares de Netflix em Paga pela Quietude Antes de sua Queda,'Weinstein Attempted to Extort $25 Million from Netflix for Silence Before His Fall',0,261,752,2180,2049,1723,1645,1945,10555
New York doctor reveals horrifying tale of what abortions looked like during the 1950’s before Roe v. Wade,New York médico revela história horrível sobre como os abortos pareciam durante os anos 1950 antes de Roe v. Wade,"""New York doctor reveals chilling story about how abortions seemed in the 1950s before Roe v. Wade""",0,171,407,949,943,556,1173,474,4673
DAAAMN! Dana Loesch WALLOPS former Daily Show producer in FIERY back-and-forth over NRA ad,"""DAAAAMN! Dana Loesch WALLOPS former Daily Show producer in FIERY back-and-forth over NRA ad"" → ""DAMARA! Dana Loesch DERRETA ex-produtor do Daily Show em troca de fogo ao vivo sobre propaganda da NRA""","""DAAAAMN! Dana Loesch WALLOPS former Daily Show producer in FIERY back-and-forth over NRA ad"" → ""DAAAAMN! Dana Loesch DERRETA ex-produtor do Daily Show em troca de fogo ao vivo sobre propaganda da NRA""",0,154,374,1496,2123,1844,2530,2422,10943
Young Turks’ Cenk Uygur claims Christianity to blame for Holocaust,"Turcos Jovens, Cenk Uygur afirma que o cristianismo é o responsável pelo Holocausto","Young Turks, Cenk Uygur claims that Christianity is responsible for the Holocaust.",0,86,752,1181,301,1066,1028,119,4533
Catelynn Lowell reveals she and Tyler have found their forever home,Encontrarem o lar eterno,Find their eternal home,0,312,752,2399,2342,2486,1966,2389,12646
"New study finds aluminum in vaccines triggers autism, esp. in boys","Estudo recente constrói ligação entre alumínio em vacinas e autismo, especialmente nos meninos.","Recent study forges link between aluminum in vaccines and autism, particularly in boys.",0,156,752,1750,957,489,307,145,4556
Sony is reducing the prices of its PlayStation VR bundles,Sony está diminuindo o preço de seus pacotes de PlayStation VR.,Sony is 'dropping the price' of its PlayStation VR packages.,0,100,472,505,375,492,1047,932,3923
WATCH: Pelosi Nearly Loses It as Pro-Amnesty Activists Shout Her Down,ASSISTIR: Pelosi Nearly Loses It como Ativistas Pro-Amnistia Grítam com Ela.,"""ASSISTIR: Pelosi Nearly Loses It como Ativistas Pro-Amnistia Grítam com Ela."" = ""WATCH: Pelosi is Almost Losing It While Pro-Amnesty Activists Shout Back.""",0,236,693,2139,2267,1932,2552,2481,12300
Only two countries think Trump is doing a better job than Obama did,"""Só dois países acreditam que Trump está fazendo um trabalho melhor do que Obama.""","""Only two countries believe that Trump is doing a better job than Obama.""",0,34,132,367,198,39,40,1,811
Teen says she was denied work at Pet World because of her dreadlocks,"'Teen says she was denied work at Pet World because of her dreadlocks' traduzido criativamente para o português:

""Menina diz que foi negada no Pet World por causa dos seus dreadlocks.""",A young girl claims she was turned down for work at Pet World due to her dreadlocks.,0,183,675,830,377,724,1286,427,4502
This math puzzle will help you plan your next party,Esta charada matemática ajudará você a planejar sua próxima festa.,"""This riddle will help you plan your next bash.""",0,80,225,1404,1873,1479,2308,1744,9113
Possible Congressional Candidate Shailene Woodley: Police Searched My Butt for Drugs During Dakota Pipeline Arrest,"""Candidato ao Congresso Shailene Woodley: a Polícia Procurou Drogas no Meu Fundilho Durante Minha Arresta na Pipeline do Dakota""","""Shailene Woodley Runs for Congress: Police Searched Drugs in My Holster During My Arrest on the Dakota Pipeline""",0,204,752,1337,1984,1611,1889,2094,9871
Why Does Youtube Keep Doing THIS? Plus… KJ The Crisis Actor! – The Phaser,"Por que o YouTube continua AGINDO ESSA COISA? Além disso… KJ, O Ator em Crise! – O Phaser","""Why is YouTube still PULLING THIS OFF? Besides... KJ, THE CRISIS ACTOR – THE PHASER""",0,113,752,1509,768,2400,1979,1682,9203
Photogallery - Ottawa Senators sign John Oduya to a short-term deal in NHL contracts,Galerinha de Fotos: Ottawa Senators assina John Oduya em contrato de curto prazo na NHL.,"""Roster Gallery: Ottawa Senators ink John Oduya on short-term NHL contract.""",0,181,752,1695,1475,2137,1815,1825,9880
Trump working hard to ensure USA remains most hated country in the world,Trump empenhado para garantir que os EUA permaneçam o país mais odiado do mundo.,Determined to ensure the U.S. remains the most hated country in the world.,0,113,384,1796,1614,914,2339,2165,9325
That $$300 million no-bid contract for Puerto Rico forbids any government audit or review,"""Contrato sem licitação de $300 milhões para Puerto Rico que proíbe qualquer auditoria ou revisão governamental"".",Unlicensed $300 million contract for Puerto Rico banning any government audit or review.,0,58,191,1191,1812,1636,1512,2017,8417
Motorola shows off ShatterShield technology of Moto Z2 Force in YouTube video,Motorola expõe a tecnologia ShatterShield do Moto Z2 Force em vídeo do YouTube,Motorola displays the Moto Z2 Force’s ShatterShield technology in a YouTube video.,0,167,752,510,866,663,223,26,3207
"Hurricane Maria approaches St. Croix as a Category 5 storm, will hit Puerto Rico tomorrow","Hurricane Maria is about to reach St. Croix as a Category 5 storm, and will hit Puerto Rico tomorrow, will be translated as:","""Hurricane Maria is about to reach St. Croix as a Category 5 storm, and will hit Puerto Rico tomorrow, will be translated as:' Maria is about to unleash her wrath on St. Croix as a Category 5 storm, and she will make landfall in Puerto Rico tomorrow.",0,226,624,1607,1555,2340,2575,1739,10666
"Review: In ‘My Art,’ the Artist Laurie Simmons Plays an Artist","""Em 'My Art', a Artista Laurie Simmons Incorpora uma Artista""","In 'My Art', Artist Laurie Simmons Integrates an Artist",0,52,752,1582,2216,2123,2015,1988,10728
The Honest Trailer For “Wonder Woman” Will Remind You Why Its The Best Comic Film In Years,O Trailer Honesto de “Wonder Woman” Te Fará Lembrar Por Que É O Melhor Filme de Comic Em Anos,The Honest Trailer of “Wonder Woman” Will Make You Remember Why It’s the Best Comic Movie in Years,0,87,752,248,260,210,766,479,2802
"Wait, WAAAT? Trump’s DACA tweet totally confuses Seth Rogen and it’s actually pretty hilarious","Espera, MAS QUE FOCO? O tuíte de DACA de Trump confunde completamente Seth Rogen e é realmente bem hilário.","""Hold up, BUT THE FOCUS? Trump's DACA tweet confuses Seth Rogen completely and is hilariously amusing.""",0,203,752,1825,1630,1956,2016,2013,10395
Jax Taylor debuts Mrs. Taylor on Instagram during visit to Florida,Jax Taylor apresenta a Mrs. Taylor no Instagram durante a visita à Flórida,Jax Taylor presents Mrs. Taylor on Instagram during a visit to Florida.,0,28,166,185,361,470,658,28,1896
"Bride calls off wedding, donates $$30,000 reception to the homeless","Noiva cancela casamento, doa $$30.000 para o recibo de recebimento a homeless","""Bride breaks up engagement, donates $$30,000 to homeless's 'welcome home' receipt.""",0,197,579,1680,1686,2132,2198,2177,10649
Former State Supreme Court Judge Roy Moore Leads Republican Field in Special Election Primary -,Julgador da Suprema Corte do Estado anterior Roy Moore lidera o campo republicano na escolha especial primária.,"'Judge of the former State Supreme Court, Roy Moore, leads the Republican field in the special primary.'",0,63,752,1446,982,1519,1655,1819,8236
"Gen. John Hyten, Strategic Air Command, Says He Would Resist Illegal Nuke Order From drumpf.","General John Hyten, do Comando de Forças Aéreas Estratégicas, diz que resistiria a uma ordem ilegal de nulas de drumpf.","""General John Hyten, from Strategic Air Command, says he would resist an illegal order to shoot down Trumpty Dumpty.""",0,119,720,1619,2023,2239,2319,2180,11219
New Google Pixel Buds Can Translate 40 Languages In Real Time,"""Novos Google Pixel Buds Podem Traduzir 40 Línguas em Tempo Real""","""New Google Pixel Buds Can Translate 40 Languages in Real-Time""",0,1,78,173,94,50,36,110,542
White House male employees paid more than women: study,"""Funcionários masculinos da Casa Branca ganham mais do que as mulheres: estudo""","""Male employees at the White House earn more than women: study""",0,147,405,775,387,133,115,51,2013
Edinburgh Student Who Ridiculed ISIS Online Investigated for Islamophobia,"""Estudante de Edimburgo que Ridicularizou ISIS Online é Investigado por Islamofobia""","""Edinburgh Student Who Mocked ISIS Online Is Investigated for Islamophobia""",0,35,752,630,289,322,583,210,2821
"Marc Kasowitz, Trump Lawyer, Also Represents a Russian Bank","Advogado de Trump, Kasowitz, também representa um banco russo","Lawyer for Trump, Kasowitz, also represents a Russian bank.",0,113,752,567,1966,223,925,837,5383
Photogallery - 'Westworld' season 2 trailer shows a violent robot uprising,Trailer de 'Westworld' mostra um motim violento de robôs,'Trailer de 'Westworld' displays a violent rebellion of robots',0,293,752,1967,2008,1164,133,973,7290
Father Uses .44 Magnum to Shoot Grizzly Bear off Son,"""Pai usa.44 Magnum para afastar o grizzly do filho.""","""Father pulls out a.44 Magnum to scare the grizzly bear away from his son.""",0,166,728,1686,1325,1845,962,1680,8392
WATCH LIVE: Donald Trump discusses tax reform in North Dakota speech,ASSISTIR AO VIVO: Donald Trump discute reforma tributária em discursso de North Dakota.,"""Live View: Donald Trump Talks About Tax Reform in North Dakota Speech.""",0,59,752,616,786,1034,1260,1228,5735
Varadkar Going To Tell That Mean Old Ceann Comhairle Where To Go One Of These Days,Varadkar vai contar a essa velha comissão onde é o local a ser visitado num desses dias.,Varadkar will tell that old commission where the place to be visited on one of these days is.,0,153,752,2282,2278,2444,1596,2099,11604
Midpoint Holdings Ltd chief now has around 14% of share capital,Midpoint Holdings Ltd. Chefe agora possui aproximadamente 14% do capital social,Midpoint Holdings Ltd. CEO now controls approximately 14% of the shareholders' equity.,0,188,752,846,414,991,1595,1431,6217
Lettuce entertain you: Scantily clad models descend on Cuba to promote PETA agenda,Lettuce entertain you: Modelos escassamente vestidos descem sobre Cuba para promover a agenda da PETA.,"""Cabbage the scene: Scantily clad models descend upon Cuba to push the PETA's agenda.""",0,160,570,1747,2270,1991,2478,1937,11153
President Trump Leads American Family Taxes and Business Discussion…,"""Donald Trump à frente da discussão sobre impostos e negócios da família americana.""","""Donald Trump at the helm of the conversation about taxes and American family business.""",0,282,752,1919,1810,1927,743,1322,8755
Louis C.K. Refuses to Address Renewed Rumors of Sexual Misconduct,Louis C.K. se recusa a abordar novos rumores de comportamento inadequado.,Louis C.K. refuses to address new rumors of inappropriate behavior.,0,85,474,308,992,1325,320,230,3734
"Another Dead Hillary Clinton Associate, Special Agent Kurt Smolek Found Dead in a River","Outro associado falecido da Hillary Clinton, o Agente Especial Kurt Smolek, encontrado morto em um rio.","""Another deceased partner of Hillary Clinton, the Special Agent Kurt Smolek, found dead in a river.""",0,52,705,515,1074,1310,647,846,5149
