ingles_original,portugues_traduzido,ingles_traduzido,modelo_prompt,XCOMET-XL
Jeff Sessions just put a military general in charge of our federal prison system,"Jeff Sessions colocou um general do exército no comando do nosso sistema prisional federal, como se a lei precisasse de um campo de batalha.","Jeff Sessions put a general in charge of our federal prison system, treating the law like a battlefield.",gemma3/prompt3,0.7847871780395501
Jeff Sessions just put a military general in charge of our federal prison system,"Jeff Sessions colocou um general de volta no comando da nossa prisão federal.
",Jeff Sessions has put a general back in charge of our federal gulag.,gemini/prompt3,0.8756196498870851
Jeff Sessions just put a military general in charge of our federal prison system,"Jeff Sessions colocou um comandante militar no comando do nosso sistema prisional federal.
",Jeff Sessions handed the reins of our federal prison system over to a military man.,gemma3/prompt4,0.965838551521301
Jeff Sessions just put a military general in charge of our federal prison system,Jeff Sessions acabou de colocar um general militar em cargo do nosso sistema de prisões federais.,Jeff Sessions has just placed a military general into a position within our federal prison system.,llama/prompt1,0.9824000597000121
Jeff Sessions just put a military general in charge of our federal prison system,Jeff Sessions apenas colocou um general militar no comando do nosso sistema penal federal.,Jeff Sessions has merely placed a military general at the helm of our federal penal system.,mistral/prompt4,0.9831134080886841
Jeff Sessions just put a military general in charge of our federal prison system,"Jeff Sessions entregou o comando das nossas prisões federais a um general.
",Jeff Sessions handed the keys to our federal prisons to a general.,gemini/prompt4,0.98805832862854
Jeff Sessions just put a military general in charge of our federal prison system,Jeff Sessions acabou de colocar um general militar ao cargo do nosso sistema prisional federal.,Jeff Sessions has just installed a military general in charge of our federal prison system.,llama/prompt2,0.9912000298500061
Jeff Sessions just put a military general in charge of our federal prison system,Jeff Sessions acabou de colocar um general militar no comando do nosso sistema penitenciário federal.,Jeff Sessions just put a military general in charge of our federal penitentiary system.,marian/,0.9912000298500061
Jeff Sessions just put a military general in charge of our federal prison system,Jeff Sessions acaba de colocar um general militar ao comando de nosso sistema penitenciário federal.,"""Jeff Sessions has just put a military general in charge of our federal prison system.""",qwen/prompt3,0.9912000298500061
Jeff Sessions just put a military general in charge of our federal prison system,Jeff Sessions colocou um general militar à frente do nosso sistema de prisões federais.,Jeff Sessions put a military general at the helm of our federal prison system.,llama/prompt3,0.998891711235046
Jeff Sessions just put a military general in charge of our federal prison system,Jeff Sessions só colocou um general militar no comando do nosso sistema prisional federal.,Jeff Sessions apenas nomeou um general militar para comandar nosso sistema penitenciário federal.,qwen/prompt4,0.9990328550338741
Jeff Sessions just put a military general in charge of our federal prison system,Jeff Sessions colocou um general militar ao comando de nosso sistema prisional federal.,"""Jeff Sessions put a general at the helm of our federal prison system.""",llama/prompt4,0.999585509300231
Jeff Sessions just put a military general in charge of our federal prison system,"Jeff Sessions acabou de colocar um general do Exército no comando do nosso sistema prisional federal.
",Jeff Sessions just put an Army general in charge of our federal prison system.,gemini/prompt1,1.0
Jeff Sessions just put a military general in charge of our federal prison system,"Jeff Sessions acabou de colocar um general militar no comando do nosso sistema prisional federal.
","Jeff Sessions just put a military general in charge of our federal prison system.
",gemini/prompt2,1.0
Jeff Sessions just put a military general in charge of our federal prison system,Jeff Sessions acaba de colocar um general militar no comando do nosso sistema prisional federal.,Jeff Sessions just put a military general in charge of our federal prison system.,gemma3/prompt1,1.0
Jeff Sessions just put a military general in charge of our federal prison system,Jeff Sessions acaba de colocar um general militar no comando do nosso sistema prisional federal.,Jeff Sessions just put a military general in charge of our federal prison system.,gemma3/prompt2,1.0
Jeff Sessions just put a military general in charge of our federal prison system,Jeff Sessions acaba de colocar um general militar no comando do nosso sistema prisional federal,Jeff Sessions just put a military general in charge of our federal prison system,gemmaX/,1.0
Jeff Sessions just put a military general in charge of our federal prison system,Jeff Sessions acabou de colocar um general do exército no comando do nosso sistema prisional federal.,Jeff Sessions has just put an army general in charge of our federal prison system.,gpt/prompt1,1.0
Jeff Sessions just put a military general in charge of our federal prison system,Jeff Sessions acabou de colocar um general do exército no comando do nosso sistema penitenciário federal.,Jeff Sessions just put an army general in charge of our federal prison system.,gpt/prompt2,1.0
Jeff Sessions just put a military general in charge of our federal prison system,Jeff Sessions acabou de colocar um general militar no comando do nosso sistema prisional federal.,Jeff Sessions just appointed a military general to lead our federal prison system.,gpt/prompt3,1.0
Jeff Sessions just put a military general in charge of our federal prison system,Jeff Sessions acaba de colocar um general no comando do nosso sistema penitenciário federal.,Jeff Sessions has just put a general in charge of our federal prison system.,gpt/prompt4,1.0
Jeff Sessions just put a military general in charge of our federal prison system,Jeff Sessions colocou um general militar à frente do nosso sistema de prisioneiros federais,Jeff Sessions put a military general in charge of our federal prison system.,meta/,1.0
Jeff Sessions just put a military general in charge of our federal prison system,Jeff Sessions colocou um general do exército no comando do nosso sistema penitenciário federal.,Jeff Sessions put a general from the army in charge of our federal prison system.,mistral/prompt1,1.0
Jeff Sessions just put a military general in charge of our federal prison system,Jeff Sessions nomeou um general militar para comandar nosso sistema penitenciário federal.,Jeff Sessions appointed a military general to oversee our federal prison system.,mistral/prompt2,1.0
Jeff Sessions just put a military general in charge of our federal prison system,Jeff Sessions colocou um general militar no comando do nosso sistema de prisões federais.,Jeff Sessions appointed a military general to oversee our federal prison system.,mistral/prompt3,1.0
Jeff Sessions just put a military general in charge of our federal prison system,Jeff Sessions acabou de colocar um general militar à frente de nosso sistema penitenciário federal.,Jeff Sessions just put a military general in charge of our federal prison system.,qwen/prompt1,1.0
Jeff Sessions just put a military general in charge of our federal prison system,Jeff Sessions apenas colocou um general militar à frente do nosso sistema prisional federal.,Jeff Sessions merely placed a military general in charge of our federal prison system.,qwen/prompt2,1.0
Saudi Arabia Accuses Iran and Lebanon of Acts of War,Arábia Saudita Acusa Iraque e Líbano de Ações de Guerra.,"""Arabia Saudita Accuses Iraq and Lebanon of Acts of War.""

""Actos de guerra"" mantém o tom de ameaça e conflito da metáfora original, sugerindo que a Arabia Saudita considera ações dos países acusados como uma forma de guerra, em vez de uma simples acusação.",llama/prompt3,0.33275312185287403
Saudi Arabia Accuses Iran and Lebanon of Acts of War,Arábia Saudita Acrítica à Iran e ao Líbano de Atos de Guerra,"""Arab Saudi Critical of Iran and Lebanon for Acts of War"" 

(Nota: Na tradução literal, não há necessidade de manter um sentido metafórico específico, pois a frase parece estar descrevendo uma atitude crítica em relação aos atos de guerra atribuídos a países específicos. Caso haja uma intenção metafórica diferente, por favor, forneça mais contexto.)",qwen/prompt3,0.5129069089889521
Saudi Arabia Accuses Iran and Lebanon of Acts of War,"Arábia Saudita declara guerra ao Irã e ao Líbano, cuspindo fogo.
","Saudi Arabia declares war on Iran and Lebanon, breathing fire.",gemini/prompt4,0.806656241416931
Saudi Arabia Accuses Iran and Lebanon of Acts of War,A Arábia Saudita acusa o Irã e o Líbano de actos de guerra,Saudi accuses Iran and Lebanon of war crimes,meta/,0.867222785949707
Saudi Arabia Accuses Iran and Lebanon of Acts of War,"A Arábia Saudita aponta o dedo para Irã e Líbano, acusando-os de incendiar o barril de pólvora.
","Saudi Arabia points an accusing finger at Iran and Lebanon, claiming they are playing with fire.",gemini/prompt3,0.9292461276054381
Saudi Arabia Accuses Iran and Lebanon of Acts of War,A Arábia Saudita acusa o Irã e o Líbano de declarar guerra por meio de atos.,"Saudi Arabia accuses Iran and Lebanon of waging war through deeds, not words.",gemma3/prompt4,0.9600034356117241
Saudi Arabia Accuses Iran and Lebanon of Acts of War,O Arábia Saudita Acusa Irã e Líbano de Atos de Guerra.,'Arabia Saudita accuses Iran and Lebanon of acts of war.',mistral/prompt3,0.965126097202301
Saudi Arabia Accuses Iran and Lebanon of Acts of War,A Arábia Saudita acusa Irã e Líbano de atos de guerra.,"""A Saudi Arabia accuses Iran and Lebanon of waging war.""",llama/prompt4,0.9747508168220521
Saudi Arabia Accuses Iran and Lebanon of Acts of War,Arábia Saudita acusa Irã e Líbano de brandir a espada da guerra.,Saudi Arabia accuses Iran and Lebanon of wielding the sword of war.,gemma3/prompt3,0.9792687296867371
Saudi Arabia Accuses Iran and Lebanon of Acts of War,Arábia Saudita acusa o Irão e o Líbano de Atos de Guerra,Saudi Arabia Charges Iran and Lebanon with Acts of War,marian/,0.9824000597000121
Saudi Arabia Accuses Iran and Lebanon of Acts of War,A Arábia Saudita Acusa o Irã e o Líbano de Atos de Guerra.,Saudi Arabia Accuses Iran and Lebanon of Waging War.,gpt/prompt3,0.982906222343444
Saudi Arabia Accuses Iran and Lebanon of Acts of War,Arábia Saudita Acusa Iraque e Líbano de Ações de Guerra.,Saudi Arabia Accuses Iraq and Lebanon of Waging War.,llama/prompt1,0.9912000298500061
Saudi Arabia Accuses Iran and Lebanon of Acts of War,Arábia Saudita Acusa Irã e Líbano de Ações de Guerra,Saudi Arabia Accuses Iran and Lebanon of War Actions.,llama/prompt2,0.9912000298500061
Saudi Arabia Accuses Iran and Lebanon of Acts of War,Arábia Saudita Acusa Irã e Líbano de Atos de Guerra,Saudi Arabia Accuses Iran and Lebanon of War Acts,mistral/prompt1,0.9912000298500061
Saudi Arabia Accuses Iran and Lebanon of Acts of War,Arábia Saudita Acusa Irã e Líbano de Cometerem Atos de Guerra,Saudi Arabia Accuses Iran and Lebanon of Committing Acts of War,qwen/prompt4,0.995498895645141
Saudi Arabia Accuses Iran and Lebanon of Acts of War,"""Arabia Saudita Acusa Irã e Líbano de Atos de Guerra""","""Arabia Saudita acusa Irã e Líbano de atos de guerra"" = ""Saudi Arabia accuses Iran and Lebanon of acts of war""",mistral/prompt4,0.9969940185546871
Saudi Arabia Accuses Iran and Lebanon of Acts of War,A Arábia Saudita Acusa o Irã e o Líbano de Atos de Guerra.,Saudi Arabia Accuses Iran and Lebanon of Acts of War.,gpt/prompt4,0.998370766639709
Saudi Arabia Accuses Iran and Lebanon of Acts of War,"Arábia Saudita acusa Irã e Líbano de atos de guerra.
",Saudi Arabia accuses Iran and Lebanon of acts of war.,gemini/prompt1,1.0
Saudi Arabia Accuses Iran and Lebanon of Acts of War,Arábia Saudita acusa Irã e Líbano de atos de guerra.,Saudi Arabia accuses Iran and Lebanon of acts of war.,gemini/prompt2,1.0
Saudi Arabia Accuses Iran and Lebanon of Acts of War,Arábia Saudita acusa Irã e Líbano de atos de guerra.,Saudi Arabia accuses Iran and Lebanon of acts of war.,gemma3/prompt1,1.0
Saudi Arabia Accuses Iran and Lebanon of Acts of War,Arábia Saudita acusa Irã e Líbano de atos de guerra.,Saudi Arabia accuses Iran and Lebanon of acts of war.,gemma3/prompt2,1.0
Saudi Arabia Accuses Iran and Lebanon of Acts of War,Arábia Saudita acusa Irã e Líbano de atos de guerra,Saudi Arabia accuses Iran and Lebanon of acts of war,gemmaX/,1.0
Saudi Arabia Accuses Iran and Lebanon of Acts of War,A Arábia Saudita acusa o Irã e o Líbano de atos de guerra.,Saudi Arabia accuses Iran and Lebanon of acts of war.,gpt/prompt1,1.0
Saudi Arabia Accuses Iran and Lebanon of Acts of War,A Arábia Saudita acusa o Irã e o Líbano de atos de guerra.,Saudi Arabia accuses Iran and Lebanon of acts of war.,gpt/prompt2,1.0
Saudi Arabia Accuses Iran and Lebanon of Acts of War,Arábia Saudita Acusa Irã e Líbano de Atos de Guerra,Saudi Arabia Accuses Iran and Lebanon of Acts of War,mistral/prompt2,1.0
Saudi Arabia Accuses Iran and Lebanon of Acts of War,Arábia Saudita acusa Irã e Líbano de práticas de guerra,Saudi Arabia accuses Iran and Lebanon of war crimes,qwen/prompt1,1.0
Saudi Arabia Accuses Iran and Lebanon of Acts of War,Arábia Saudita acusa Irã e Líbano de atos de guerra,Saudi Arabia accuses Iran and Lebanon of acts of war,qwen/prompt2,1.0
"We Are the Democratic Party, How Can We Help You?","Somos a Partido Democrata, Como Podemos Lhe Ajuda.","""We Are the Democratic Party, How Can We Help You Row.""",llama/prompt4,0.7964015007019041
"We Are the Democratic Party, How Can We Help You?","Somos a casa da democracia, como podemos servir você?
","We are the hearth of democracy, how may we warm you?",gemini/prompt3,0.798028588294982
"We Are the Democratic Party, How Can We Help You?","Somos o Partido Democrata, como podemos ajudá-lo?","""We are the Democratic Party, how can we be your compass?""",llama/prompt3,0.834929525852203
"We Are the Democratic Party, How Can We Help You?","Somos a Força da Democracia, em que podemos ser seu apoio?","We are the Pillars of Freedom, can we be your cornerstone?",gemma3/prompt4,0.8414526581764221
"We Are the Democratic Party, How Can We Help You?","Somos o partido que te atende, em que posso ser útil?
",We are the party that answers your call; how can I be of service?,gemini/prompt4,0.842037379741668
"We Are the Democratic Party, How Can We Help You?","Somos a corrente democrática, como podemos navegar com você?","We are the democratic current, how can we chart a course with you?",gemma3/prompt3,0.9165601730346681
"We Are the Democratic Party, How Can We Help You?","Somos a Democracia, Como Podemos Ajudá-lo?","We are the Democracy, How Can We Assist You?",mistral/prompt4,0.9365822076797481
"We Are the Democratic Party, How Can We Help You?","Somos o Partido Democrático, Como Podemos Ajudar Você?","Who Are We, the Democratic Party? How Can We Serve You?",qwen/prompt4,0.967650711536407
"We Are the Democratic Party, How Can We Help You?","Somos a Partido Democrático, Como Podemos Ajudar?","""We are the Democratic Party, How Can We Assist?""",mistral/prompt3,0.976176261901855
"We Are the Democratic Party, How Can We Help You?","Nós Somos o Partido Democrático, Como Podemos Ajudá-lo?","""We Are the Democratic Party, How Can We Assist You?""",gpt/prompt3,0.9824000597000121
"We Are the Democratic Party, How Can We Help You?","Nós somos o Partido Democrático, como podemos ajudar você?","""We are the Democratic Party, how can we help you?""",gpt/prompt1,0.9912000298500061
"We Are the Democratic Party, How Can We Help You?","Nós somos o Partido Democrata, como podemos ajudar você?","""We are the Democratic Party, how can we help you?""",gpt/prompt2,0.9912000298500061
"We Are the Democratic Party, How Can We Help You?","Somos o Partido Democrata, como podemos ajudá-lo?","""We are the Democratic Party, how can we assist you?""",llama/prompt1,0.9912000298500061
"We Are the Democratic Party, How Can We Help You?","Somos o Partido Democrata, Como Podemos Lhe Ajudar?","""We're the Democratic Party, How Can We Help You?""",llama/prompt2,0.9912000298500061
"We Are the Democratic Party, How Can We Help You?","Somos o Partido Democrático, Como Podemos Ajudá-lo?","""We are the Democratic Party, How Can We Help You?""",mistral/prompt1,0.9912000298500061
"We Are the Democratic Party, How Can We Help You?","Somos o Partido Democrata, Como Podemos Ajudá-lo?","""We are the Democratic Party, How Can We Help You?""",mistral/prompt2,0.9912000298500061
"We Are the Democratic Party, How Can We Help You?","Somos o Partido Democrático, Como Podemos Ajudar Você?","""We Are the Democratic Party: How Can We Help You?""",qwen/prompt3,0.9912000298500061
"We Are the Democratic Party, How Can We Help You?","Somos o Partido Democrata, como podemos ajudar você?
","We are the Democratic Party, how can we help you?",gemini/prompt1,1.0
"We Are the Democratic Party, How Can We Help You?","Somos o Partido Democrata, como podemos ajudar você?","We are the Democratic Party, how can we help you?",gemini/prompt2,1.0
"We Are the Democratic Party, How Can We Help You?","Somos o Partido Democrata, como podemos ajudar você?","We are the Democratic Party, how can we help you?",gemma3/prompt1,1.0
"We Are the Democratic Party, How Can We Help You?","Somos o Partido Democrata, como podemos ajudar você?","We are the Democratic Party, how can we help you?",gemma3/prompt2,1.0
"We Are the Democratic Party, How Can We Help You?","Somos o Partido Democrático, como podemos ajudar?","We are the Democratic Party, how can we help?",gemmaX/,1.0
"We Are the Democratic Party, How Can We Help You?","Nós Somos o Partido Democrático, Como Podemos Ajudá-lo?","We Are the Democratic Party, How Can We Assist You?",gpt/prompt4,1.0
"We Are the Democratic Party, How Can We Help You?","Somos o Partido Democrata, como podemos ajudá - lo?","We are the Democratic Party, how can we help you?",marian/,1.0
"We Are the Democratic Party, How Can We Help You?","Somos o Partido Democrático, Como Podemos Ajudar?",We are the Democratic Party. How can we help?,meta/,1.0
"We Are the Democratic Party, How Can We Help You?","Somos o Partido Democrata, como podemos ajudar você?","We are the Democratic Party, how can we help you?",qwen/prompt1,1.0
"We Are the Democratic Party, How Can We Help You?","Somos o Partido Democrático, como podemos ajudar você?","We are the Democratic Party, how can we help you?",qwen/prompt2,1.0
Los Angeles Philharmonic Finds Its Next Leader in Seattle,Encontra-Se Seu Próximo Líder em Seattle,Your Next Leader Awaits in Seattle,qwen/prompt4,0.6043958663940431
Los Angeles Philharmonic Finds Its Next Leader in Seattle,"A Filarmônica de Los Angeles Garimpa Seu Novo Maestro em Seattle.
",Los Angeles Philharmonic Goes Conductor-Hunting in Seattle.,gemini/prompt3,0.802317261695861
Los Angeles Philharmonic Finds Its Next Leader in Seattle,A Filarmônica de Los Angeles encontra o seu próximo líder em Seattle,[Sniffling] The Los Angeles Philharmonic announces its next leader in Seattle.,meta/,0.808249235153198
Los Angeles Philharmonic Finds Its Next Leader in Seattle,A Filarmônica de Los Angeles descobre seu novo maestro-guia em Seattle.,The Los Angeles Philharmonic finds its new North Star in Seattle.,gemma3/prompt3,0.8353334069252011
Los Angeles Philharmonic Finds Its Next Leader in Seattle,"A Filarmônica de Los Angeles encontra seu novo timoneiro em Seattle.
",The Los Angeles Philharmonic charts a new course in Seattle.,gemma3/prompt4,0.858838200569152
Los Angeles Philharmonic Finds Its Next Leader in Seattle,A Orquestra Sinfônica de Los Angeles Encontra Seu Próximo Líder em Seattle,'The Los Angeles Symphony Orchestra Finds Its Next Conductor in Seattle',mistral/prompt3,0.9073078036308281
Los Angeles Philharmonic Finds Its Next Leader in Seattle,A Filarmônica de Los Angeles Encontra Seu Novo Líder na Seattle,"""The Los Angeles Philharmonic Finds Its New Conductor in Seattle""",qwen/prompt3,0.9324598312377931
Los Angeles Philharmonic Finds Its Next Leader in Seattle,A Orquestra Sinfônica de Los Angeles Encontra Seu Próximo Líder em Seattle,The Los Angeles Philharmonic Discovers Its Next Maestro in Seattle.,llama/prompt3,0.9368879795074461
Los Angeles Philharmonic Finds Its Next Leader in Seattle,"A Filarmônica de Los Angeles encontra seu próximo maestro em Seattle.
",Los Angeles Philharmonic plucks its next conductor from Seattle.,gemini/prompt4,0.9439209699630731
Los Angeles Philharmonic Finds Its Next Leader in Seattle,A Filarmônica de Los Angeles Encontra Seu Próximo Maestro em Seattle.,"""The Los Angeles Philharmonic Finds Its Next Maestro in Seattle.""",gpt/prompt3,0.9534864425659181
Los Angeles Philharmonic Finds Its Next Leader in Seattle,A Orquestra Filarmônica de Los Angeles Encontra Seu Próximo Líder em Seattle,The Los Angeles Philharmonic Finds its Next Maestro in Seattle,llama/prompt4,0.9694477319717401
Los Angeles Philharmonic Finds Its Next Leader in Seattle,Filarmônica de Los Angeles encontra seu próximo líder em Seattle,Los Angeles Philharmonic Meets Next Leader in Seattle,marian/,0.9708752632141111
Los Angeles Philharmonic Finds Its Next Leader in Seattle,Orquestra Sinfônica de Los Angeles Encontra Sua Próxima Líder em Seattle,Los Angeles Philharmonic Discovers Its Next Leader in Seattle.,llama/prompt2,0.984679341316223
Los Angeles Philharmonic Finds Its Next Leader in Seattle,"""Orquestra Filarmônica de Los Angeles Encontra Seu Próximo Líder em Seattle""","""Los Angeles Philharmonic Orchestra Finds Its Next Leader in Seattle""",mistral/prompt4,0.9848412275314331
Los Angeles Philharmonic Finds Its Next Leader in Seattle,O Filarmônico de Los Angeles Encontra Seu Novo Líder em Seattle,The Los Angeles Philharmonic Finds Its New Leader in Seattle,qwen/prompt1,0.9894300103187561
Los Angeles Philharmonic Finds Its Next Leader in Seattle,O Filarmônico de Los Angeles Encontra Seu Novo Líder em Seattle,The Los Angeles Philharmonic Finds Its New Leader in Seattle,qwen/prompt2,0.9894300699234001
Los Angeles Philharmonic Finds Its Next Leader in Seattle,A Filarmônica de Los Angeles Encontra Seu Próximo Líder em Seattle,"""The Los Angeles Philharmonic Finds Its Next Leader in Seattle""",mistral/prompt1,0.9901875257492061
Los Angeles Philharmonic Finds Its Next Leader in Seattle,A Filarmônica de Los Angeles Encontra Seu Próximo Líder em Seattle.,The Los Angeles Philharmonic Finds Its Next Leader in Seattle.,gpt/prompt4,0.9909693002700801
Los Angeles Philharmonic Finds Its Next Leader in Seattle,A Orquestra Filarmônica de Los Angeles Encontra Seu Próximo Líder em Seattle,The Los Angeles Philharmonic Finds Its Next Leader in Seattle.,llama/prompt1,0.9961627721786491
Los Angeles Philharmonic Finds Its Next Leader in Seattle,"A Filarmônica de Los Angeles Encontra Seu Próximo Líder em Seattle.
","Los Angeles Philharmonic Finds Its Next Leader in Seattle.
",gemini/prompt2,0.9978700876235961
Los Angeles Philharmonic Finds Its Next Leader in Seattle,"Filarmônica de Los Angeles Encontra seu Próximo Líder em Seattle.
",Los Angeles Philharmonic Finds Its Next Leader in Seattle.,gemini/prompt1,1.0
Los Angeles Philharmonic Finds Its Next Leader in Seattle,A Filarmônica de Los Angeles encontra seu próximo líder em Seattle.,The Los Angeles Philharmonic finds its next leader in Seattle.,gemma3/prompt1,1.0
Los Angeles Philharmonic Finds Its Next Leader in Seattle,A Filarmônica de Los Angeles encontra seu próximo líder em Seattle.,The Los Angeles Philharmonic finds its next leader in Seattle.,gemma3/prompt2,1.0
Los Angeles Philharmonic Finds Its Next Leader in Seattle,Filarmónica de Los Angeles encontra o seu novo líder em Seattle,Los Angeles Philharmonic finds its new leader in Seattle,gemmaX/,1.0
Los Angeles Philharmonic Finds Its Next Leader in Seattle,A Filarmônica de Los Angeles encontra seu próximo líder em Seattle.,The Los Angeles Philharmonic finds its next leader in Seattle.,gpt/prompt1,1.0
Los Angeles Philharmonic Finds Its Next Leader in Seattle,A Filarmônica de Los Angeles encontra seu próximo líder em Seattle.,The Los Angeles Philharmonic finds its next leader in Seattle.,gpt/prompt2,1.0
Los Angeles Philharmonic Finds Its Next Leader in Seattle,A Orquestra Filarmônica de Los Angeles Encontra Seu Próximo Líder em Seattle,The Los Angeles Philharmonic Orchestra Finds Its Next Leader in Seattle,mistral/prompt2,1.0
"Trump Administration Faces Hurricane Harvey, Its First Major Natural Disaster","Enfrenta o Huracán Harvey, Sua Primeira Grande Desgraça Natural","Fights the Hurricane Harvey, His First Great Natural Catastrophe",qwen/prompt4,0.637935638427734
"Trump Administration Faces Hurricane Harvey, Its First Major Natural Disaster","A Administração Trump Encarando o Furacão Harvey: Sua Prova de Fogo Natural.
",Trump Administration Facing Hurricane Harvey: Its Natural Trial by Fire.,gemini/prompt4,0.748148560523986
"Trump Administration Faces Hurricane Harvey, Its First Major Natural Disaster","Administração Trump Encara o Furacão Harvey, Seu Primeiro Grande Desafio Natural.","Trump Administration Braces for Hurricane Harvey, Its First Major Trial by Fire.",gemma3/prompt4,0.8020517826080321
"Trump Administration Faces Hurricane Harvey, Its First Major Natural Disaster","A Administração Trump Enfrenta o Furacão Harvey: Seu Batismo de Fogo em Desastres Naturais.
",Trump Administration Faces Hurricane Harvey: Its Baptism by Fire in Natural Disasters.,gemini/prompt3,0.84716659784317
"Trump Administration Faces Hurricane Harvey, Its First Major Natural Disaster","A Administração Trump Enfrenta o ""Hurricane Harvey"", Sua Primeira Grande Desaster Natural Metaforizado","""The Trump Administration Faces the 'Hurricane Harvey,' Its First Major Natural Disaster Metaphorized""",qwen/prompt3,0.8862137794494621
"Trump Administration Faces Hurricane Harvey, Its First Major Natural Disaster","Administração Trump Encara a Tempestade Harvey, Seu Primeiro Grande Furacão.","The Trump Administration Faces Down Hurricane Harvey, Its First Major Storm.",gemma3/prompt3,0.9041827917098991
"Trump Administration Faces Hurricane Harvey, Its First Major Natural Disaster","A administração Trump encara o furacão Harvey, seu primeiro grande desastre natural.","""The Trump administration faces its first major natural disaster head-on, like a hurricane.""",llama/prompt4,0.9106253385543821
"Trump Administration Faces Hurricane Harvey, Its First Major Natural Disaster","A Administração Trump Encara o Furacão Harvey, Sua Primeira Grande Desastre Natural","The Trump Administration Addresses Hurricane Harvey, Its First Major Natural Disaster",qwen/prompt1,0.9583380818367001
"Trump Administration Faces Hurricane Harvey, Its First Major Natural Disaster","A Administração Trump Enfrenta o Furacão Harvey, Seu Primeiro Grande Desastre Natural.","""The Trump Administration Faces Hurricane Harvey, Their First Major Natural Disaster.""",mistral/prompt3,0.9588372707366941
"Trump Administration Faces Hurricane Harvey, Its First Major Natural Disaster","Administração Trump Enfrenta o Furacão Harvey, Seu Primeiro Grande Desastre Natural","""Trump Administration Faces Hurricane Harvey, Its First Major Natural Disaster""",gpt/prompt4,0.9760406017303461
"Trump Administration Faces Hurricane Harvey, Its First Major Natural Disaster","A Administração Trump enfrenta o furacão Harvey, sua primeira grande catástrofe natural.","""A Trump Administration faces hurricane Harvey, its first major natural disaster.""",llama/prompt3,0.9765381217002861
"Trump Administration Faces Hurricane Harvey, Its First Major Natural Disaster","A Administração Trump Enfrenta o Furacão Harvey, Seu Primeiro Grande Desastre Natural.","""The Trump Administration Faces Hurricane Harvey, Its First Major Natural Disaster.""",gpt/prompt3,0.9793317317962641
"Trump Administration Faces Hurricane Harvey, Its First Major Natural Disaster","""Administração Trump Enfrenta o Furacão Harvey, Seu Primeiro Grande Desastre Natural""","""Trump Administration Faces Hurricane Harvey, Its First Major Natural Disaster""",mistral/prompt4,0.9828028678894041
"Trump Administration Faces Hurricane Harvey, Its First Major Natural Disaster","A Administração Trump Encara Furacão Harvey, Sua Primeira Grande Desastre Natural","The Trump Administration Faced Hurricane Harvey, Its First Major Natural Disaster",qwen/prompt2,0.983458161354064
"Trump Administration Faces Hurricane Harvey, Its First Major Natural Disaster","Administração Trump Enfrenta o Furacão Harvey, Seu Primeiro Grande Desastre Natural","Trump Administration Faces Hurricane Harvey, Its First Major Natural Disaster",gemma3/prompt1,0.9850637912750241
"Trump Administration Faces Hurricane Harvey, Its First Major Natural Disaster","Administração Trump Enfrenta o Furacão Harvey, Seu Primeiro Grande Desastre Natural","Trump Administration Faces Hurricane Harvey, Its First Major Natural Disaster",gemma3/prompt2,0.9850637912750241
"Trump Administration Faces Hurricane Harvey, Its First Major Natural Disaster","Administração Trump Enfrenta Huracán Harvey, Seu Primeiro Grande Desastre Natural","""Trump Administration Faces Hurricane Harvey, Its First Major Natural Disaster""",mistral/prompt2,0.9912000298500061
"Trump Administration Faces Hurricane Harvey, Its First Major Natural Disaster","A Administração Trump Enfrenta o Furacão Harvey, Seu Primeiro Grande Desastre Natural.","Trump Administration Faces Hurricane Harvey, Its First Major Natural Disaster.",gemini/prompt2,0.9922212362289421
"Trump Administration Faces Hurricane Harvey, Its First Major Natural Disaster","A Administração Trump Enfrenta o Furacão Harvey, Sua Primeiro Grande Desastre Natural","The Trump Administration Faces Hurricane Harvey, Its First Major Natural Disaster",mistral/prompt1,0.998531699180603
"Trump Administration Faces Hurricane Harvey, Its First Major Natural Disaster","Administração Trump enfrenta o furacão Harvey, seu primeiro grande desastre natural.
","The Trump administration faces Hurricane Harvey, its first major natural disaster.",gemini/prompt1,1.0
"Trump Administration Faces Hurricane Harvey, Its First Major Natural Disaster","Administração Trump enfrenta o furacão Harvey, a sua primeira grande catástrofe natural","Trump administration faces Hurricane Harvey, its first major natural disaster",gemmaX/,1.0
"Trump Administration Faces Hurricane Harvey, Its First Major Natural Disaster","Administração Trump enfrenta o Furacão Harvey, seu primeiro grande desastre natural.","The Trump administration faces Hurricane Harvey, its first major natural disaster.",gpt/prompt1,1.0
"Trump Administration Faces Hurricane Harvey, Its First Major Natural Disaster","A administração Trump enfrenta o furacão Harvey, seu primeiro grande desastre natural.","The Trump administration faces Hurricane Harvey, its first major natural disaster.",gpt/prompt2,1.0
"Trump Administration Faces Hurricane Harvey, Its First Major Natural Disaster","A Administração Trump enfrenta o Furacão Harvey, o seu primeiro grande desastre natural.","The Trump Administration faces Hurricane Harvey, its first major natural disaster.",llama/prompt1,1.0
"Trump Administration Faces Hurricane Harvey, Its First Major Natural Disaster","Administração Trump encara o Furacão Harvey, sua primeira grande catástrofe natural.","The Trump administration faces Hurricane Harvey, its first major natural disaster.",llama/prompt2,1.0
"Trump Administration Faces Hurricane Harvey, Its First Major Natural Disaster","Administração Trump enfrenta o furacão Harvey, seu primeiro grande desastre natural","Trump administration faces hurricane Harvey, its first major natural disaster",marian/,1.0
"Trump Administration Faces Hurricane Harvey, Its First Major Natural Disaster","Administração de Trump enfrenta furacão Harvey, seu primeiro grande desastres naturais","Trump's Administration faces hurricane Harvey, its first major natural disaster.",meta/,1.0
Health Insurance Marketplaces Offer More Low-Cost Options than Ever Before,As Bolsas de Seguro Saúde Oferecem Mais Opções com Baixo Custo do Que Nunca Antes,Health Insurance Buckets Offer More Affordable Options Than Ever Before,qwen/prompt1,0.833090543746948
Health Insurance Marketplaces Offer More Low-Cost Options than Ever Before,As Marketplace de Seguro Saúde Oferecem Mais Opções de Baixo Custo do Que Nunca Antes,Marketplace Health Insurance Offers More Affordable Options Than Ever Before,qwen/prompt2,0.9023140668869011
Health Insurance Marketplaces Offer More Low-Cost Options than Ever Before,"Os Mercados de Planos de Saúde desvendam um leque de oportunidades mais acessíveis do que nunca.
","The Health Insurance Market unveils a constellation of opportunities, more accessible than ever before.",gemini/prompt3,0.9056738018989561
Health Insurance Marketplaces Offer More Low-Cost Options than Ever Before,Mercados de seguros de saúde oferecem agora mais oportunidades de economia do que nunca.,Health insurance marketplaces are now blooming with savings opportunities like never before.,gemma3/prompt4,0.9328759908676141
Health Insurance Marketplaces Offer More Low-Cost Options than Ever Before,"Os mercados de seguro saúde hoje abrem um leque maior de oportunidades acessíveis.
",Today's health insurance markets unfurl a wider spectrum of accessible possibilities.,gemma3/prompt3,0.933759570121765
Health Insurance Marketplaces Offer More Low-Cost Options than Ever Before,Mercados de Seguros de Saúde Oferecem Mais Opções de Custo Baixo do que Nunca,Health Insurance Markets Provide More Cost-Low Options Than Ever Before.,mistral/prompt4,0.9458962678909301
Health Insurance Marketplaces Offer More Low-Cost Options than Ever Before,Mercados de Seguro Saúde Oferecem Mais Opções Baixo-Custo do Que Nunca Antes,Health Insurance Markets Offer More Budget-Friendly Options Than Ever Before,qwen/prompt4,0.950533032417297
Health Insurance Marketplaces Offer More Low-Cost Options than Ever Before,Os mercados de seguro de saúde oferecem mais opções de baixo custo do que nunca antes.,Os mercados de seguro de saúde nunca ofereceram mais opções acessíveis.,llama/prompt3,0.9565607309341431
Health Insurance Marketplaces Offer More Low-Cost Options than Ever Before,"Os Mercados de Planos de Saúde Estão Mais Recheados de Opções Baratas do que Nunca.
",The health insurance marketplaces are bursting at the seams with affordable options.,gemini/prompt4,0.9619197845458981
Health Insurance Marketplaces Offer More Low-Cost Options than Ever Before,Mercados de Seguro Saúde Oferecem Mais Opções Econômicas do Que Nuncaantes,Health Insurance Markets Now Offer More Economical Options Than Ever Before,qwen/prompt3,0.9657124280929561
Health Insurance Marketplaces Offer More Low-Cost Options than Ever Before,Mercados de Seguro de Saúde ofertam Mais Opções de Baixo Custo do que Nunca,Health Insurance Markets Provide More Affordable Options Than Ever,mistral/prompt3,0.9669168591499321
Health Insurance Marketplaces Offer More Low-Cost Options than Ever Before,O Mercado de Seguro de Saúde Oferece Mais Opções de Baixo Custo Do Que Jamais,"""The Health Insurance Market Offers More Low-Cost Options Than Ever Before""",llama/prompt4,0.974891364574432
Health Insurance Marketplaces Offer More Low-Cost Options than Ever Before,Os Mercados de Seguro Saúde Oferecem Mais Opções Acessíveis do que Nunca.,"""The Health Insurance Markets Offer More Affordable Choices than Ever Before.""",gpt/prompt3,0.987697601318359
Health Insurance Marketplaces Offer More Low-Cost Options than Ever Before,As Praças de Seguro de Saúde oferecem mais opções de baixo custo do que nunca.,Health Insurance Marketplaces offer more low-cost options than ever before.,gpt/prompt1,0.9992041587829591
Health Insurance Marketplaces Offer More Low-Cost Options than Ever Before,"Os mercados de seguros de saúde oferecem mais opções de baixo custo do que nunca.
",Health insurance marketplaces offer more low-cost options than ever before.,gemini/prompt1,1.0
Health Insurance Marketplaces Offer More Low-Cost Options than Ever Before,Os mercados de seguros de saúde oferecem mais opções de baixo custo do que nunca.,Health insurance marketplaces offer more low-cost options than ever.,gemini/prompt2,1.0
Health Insurance Marketplaces Offer More Low-Cost Options than Ever Before,Os mercados de seguros de saúde oferecem mais opções de baixo custo do que nunca.,Health insurance marketplaces offer more low-cost options than ever before.,gemma3/prompt1,1.0
Health Insurance Marketplaces Offer More Low-Cost Options than Ever Before,Os mercados de seguros de saúde oferecem mais opções de baixo custo do que nunca.,Health insurance marketplaces offer more low-cost options than ever before.,gemma3/prompt2,1.0
Health Insurance Marketplaces Offer More Low-Cost Options than Ever Before,Os mercados de seguros de saúde oferecem mais opções de baixo custo do que nunca,Health insurance markets offer more low-cost options than ever before.,gemmaX/,1.0
Health Insurance Marketplaces Offer More Low-Cost Options than Ever Before,Os Mercados de Seguro de Saúde oferecem mais opções de baixo custo do que nunca.,Health Insurance Markets offer more low-cost options than ever before.,gpt/prompt2,1.0
Health Insurance Marketplaces Offer More Low-Cost Options than Ever Before,Os Mercados de Seguro Saúde oferecem mais opções acessíveis do que nunca.,The Health Insurance Markets offer more affordable options than ever before.,gpt/prompt4,1.0
Health Insurance Marketplaces Offer More Low-Cost Options than Ever Before,Mercados de Seguros de Saúde Oferecem Mais Opções a Preços Baixos do que Nunca antes,Health Insurance Markets Offer More Options at Lower Prices Than Ever Before.,llama/prompt1,1.0
Health Insurance Marketplaces Offer More Low-Cost Options than Ever Before,O Mercado de Seguro de Saúde Oferece Mais Opções Baratas do que Nunca antes.,The Health Insurance Market Offers More Affordable Options Than Ever Before.,llama/prompt2,1.0
Health Insurance Marketplaces Offer More Low-Cost Options than Ever Before,Mercados de seguro de saúde oferecem mais opções de baixo custo do que nunca,Health insurance markets offer more low-cost options than ever before,marian/,1.0
Health Insurance Marketplaces Offer More Low-Cost Options than Ever Before,Mercados de seguros de saúde oferecem mais opções de baixo custo que nunca,The health care markets offer more low cost options than ever before,meta/,1.0
Health Insurance Marketplaces Offer More Low-Cost Options than Ever Before,Mercados de Seguros de Saúde ofertam mais opções de baixo custo do que nunca antes.,Health insurance markets offer more low-cost options than ever before.,mistral/prompt1,1.0
Health Insurance Marketplaces Offer More Low-Cost Options than Ever Before,Plataformas de Seguros de Saúde oferecem mais opções de baixo custo do que nunca.,Health insurance platforms offer more low-cost options than ever before.,mistral/prompt2,1.0
Texas: Muslim who joined ISIS first became religious and started spending more time at the mosque,O estado do Texas,"""Lone Star State""",mistral/prompt3,0.33245339989662104
Texas: Muslim who joined ISIS first became religious and started spending more time at the mosque,"No Texas, um coração que antes ardia em brasa da descrença, acendeu a chama da fé, e a mesquita tornou-se o solo fértil onde a semente do radicalismo germinou.
","In Texas, a heart once charred by the embers of disbelief found its wick relit by faith, and the mosque became the fertile ground where the seed of radicalism took root.",gemini/prompt3,0.504027724266052
Texas: Muslim who joined ISIS first became religious and started spending more time at the mosque,Um texano muçulmano que se juntoFebu ao ISIS primeiro se converteu e passou a frequentar a mesquita com mais assiduidade.,A Texan Muslim who rode the ISIS bandwagon initially found faith and deepened his devotion to the mosque.,gemma3/prompt4,0.8602876067161561
Texas: Muslim who joined ISIS first became religious and started spending more time at the mosque,Texas: Muçulmanos que se uniram ao ISIS primeiro se tornaram religiosos e começaram a gastar mais tempo na mesquita,"Texans who have joined ISIS first become religiously minded, and started spending more time in the mosque.",meta/,0.892646312713623
Texas: Muslim who joined ISIS first became religious and started spending more time at the mosque,"Texas: Muçulmano que juntou-se ao ISIS primeiro se tornou religioso e began spending more time at the mosque pode ser traduzido metaforicamente como:

Texas: O muçulmano que ingressou no ISIS primeiro fez sua fé florir e começou a frequentar mais a mesquita.",Texas: The Muslim who joined ISIS first allowed his faith to flourish and began attending the mosque more frequently.,qwen/prompt4,0.9191571474075311
Texas: Muslim who joined ISIS first became religious and started spending more time at the mosque,"No Texas, um muçulmano que se juntou ao ISIS primeiro se tornou crente e passou a frequentar mais a mesquita, como quem busca água no deserto.
","In Texas, a Muslim who joined ISIS first found faith and then frequented the mosque more, like one who seeks water in the desert.",gemini/prompt4,0.9274553060531611
Texas: Muslim who joined ISIS first became religious and started spending more time at the mosque,O texano: muçulmano que se juntou ao ISIS primeiro passou a se religar e começou a frequentar mais a mesquita.,The Texan: a Muslim who joined ISIS first reconnected with his faith and began attending the mosque more frequently.,gpt/prompt4,0.9402714967727661
Texas: Muslim who joined ISIS first became religious and started spending more time at the mosque,"No Texas, o muçulmano que se juntou ao ISIS primeiro floresceu na fé, buscando refúgio e consolo na mesquita.","In Texas, the Muslim who embraced ISIS first bloomed in faith, finding haven and solace within the mosque’s walls.",gemma3/prompt3,0.9442335367202751
Texas: Muslim who joined ISIS first became religious and started spending more time at the mosque,"""Texas: O muçulmano que se juntou ao ISIS, inicialmente se tornou religioso e começou a passar mais tempo na mesquita.""","""Texas: The Muslim who joined ISIS was initially devout, starting to spend more time at the mosque.""",llama/prompt3,0.949228644371032
Texas: Muslim who joined ISIS first became religious and started spending more time at the mosque,Texas: Muçulmano que se uniu ao ISIS primeiro se tornou espiritual e começou a dedicar mais tempo à casa de oração.,Texas: A Muslim who joined ISIS first became spiritual and began dedicating more time to the house of prayer.,gpt/prompt3,0.968760251998901
Texas: Muslim who joined ISIS first became religious and started spending more time at the mosque,"""Texas: O muçulmano que aderiu ao ISIS primeiro se tornou religioso e começou a passar mais tempo na mesquita.""",Texas: The Muslim who joined ISIS first became devout and began to spend more time at the mosque.,llama/prompt4,0.9730678796768181
Texas: Muslim who joined ISIS first became religious and started spending more time at the mosque,Texas: o muçulmano que se juntou ao ISIS primeiro se tornou mais religioso e começou a passar mais tempo na mesquita.,Texas: The Muslim who joined ISIS first became more devout and started spending more time in the mosque.,qwen/prompt3,0.989930868148803
Texas: Muslim who joined ISIS first became religious and started spending more time at the mosque,Texas: Musulmano que se juntou ao ISIS primeiro se tornou religioso e passou a frequentar mais o mosque.,Muslim from Texas who joined ISIS first became religious and started visiting the mosque more.,mistral/prompt4,0.9911065101623531
Texas: Muslim who joined ISIS first became religious and started spending more time at the mosque,"Texas: Muçulmano que se juntou ao ISIS primeiro se tornou religioso e começou a passar mais tempo na mesquita.
",Texas: Muslim who joined ISIS first became religious and started spending more time in the mosque.,gemini/prompt1,1.0
Texas: Muslim who joined ISIS first became religious and started spending more time at the mosque,"Texas: Muçulmano que se juntou ao ISIS primeiro se tornou religioso e começou a passar mais tempo na mesquita.
","Texas: Muslim who joined ISIS first became religious and started spending more time at the mosque.
",gemini/prompt2,1.0
Texas: Muslim who joined ISIS first became religious and started spending more time at the mosque,Texas: Muçulmano que se juntou ao ISIS primeiro se tornou religioso e começou a passar mais tempo na mesquita.,Texas: Muslim who joined ISIS first became religious and began spending more time at the mosque.,gemma3/prompt1,1.0
Texas: Muslim who joined ISIS first became religious and started spending more time at the mosque,Texas: Muçulmano que se juntou ao ISIS primeiro se tornou religioso e começou a passar mais tempo na mesquita.,Texas: Muslim who joined ISIS first became religious and started spending more time at the mosque.,gemma3/prompt2,1.0
Texas: Muslim who joined ISIS first became religious and started spending more time at the mosque,Texas: Muçulmano que se juntou ao ISIS primeiro se tornou religioso e começou a passar mais tempo na mesquita,Texas: Muslim who joined ISIS first became religious and started spending more time at the mosque,gemmaX/,1.0
Texas: Muslim who joined ISIS first became religious and started spending more time at the mosque,Texas: Muçulmano que se juntou ao ISIS primeiro se tornou religioso e começou a passar mais tempo na mesquita.,Texas: Muslim who joined ISIS first became religious and started spending more time at the mosque.,gpt/prompt1,1.0
Texas: Muslim who joined ISIS first became religious and started spending more time at the mosque,Texas: Muçulmano que se juntou ao ISIS primeiro se tornou religioso e começou a passar mais tempo na mesquita.,Texas: Muslim who joined ISIS first became religious and began spending more time at the mosque.,gpt/prompt2,1.0
Texas: Muslim who joined ISIS first became religious and started spending more time at the mosque,"""Texas: O muçulmano que se juntou ao ISIS primeiro se tornou religioso e começou a passar mais tempo na mesquita.""","""Texas: The Muslim who joined ISIS first became religious and started spending more time at the mosque.""",llama/prompt1,1.0
Texas: Muslim who joined ISIS first became religious and started spending more time at the mosque,"""Texas: Muçulmano que se juntou ao ISIS começou a se tornar religioso e passou a passar mais tempo na mesquita.""","""Texas: Muslim who joined ISIS started to become more religious and began spending more time in the mosque.""",llama/prompt2,1.0
Texas: Muslim who joined ISIS first became religious and started spending more time at the mosque,Texas: Muçulmanos que se juntaram ao ISIS primeiro tornaram-se religiosos e começaram a passar mais tempo na mesquita,Texas: Muslims who joined the ISIS first became religious and started spending more time in the mosque,marian/,1.0
Texas: Muslim who joined ISIS first became religious and started spending more time at the mosque,Texas: muçulmano que se juntou ao ISIS primeiro se tornou religioso e começou a passar mais tempo na mesquita.,Texas: Muslim who first joined ISIS became religious and started spending more time at the mosque.,mistral/prompt1,1.0
Texas: Muslim who joined ISIS first became religious and started spending more time at the mosque,Texas: Muçulmano que se juntou ao Estado Islâmico primeiro se tornou religioso e começou a passar mais tempo na mesquita.,Texas: A Muslim who joined the Islamic State first became religious and started spending more time at the mosque.,mistral/prompt2,1.0
Texas: Muslim who joined ISIS first became religious and started spending more time at the mosque,Texas: Muçulmano que juntou-se ao ISIS primeiro se tornou religioso e began a passar mais tempo na mesquita.,Texas: The Muslim who joined ISIS first became religious and began to spend more time at the mosque.,qwen/prompt1,1.0
Texas: Muslim who joined ISIS first became religious and started spending more time at the mosque,Texas: muçulmano que se juntou ao ISIS primeiro se tornou mais religioso e began a passar mais tempo na mesquita.,Texas: the Muslim who joined ISIS first became more religious and began to spend more time at the mosque.,qwen/prompt2,1.0
"200,000 Americans call on Trump to 'recognize Antifa as terror organization'","Duzentos mil americanos erguem a bandeira do alarme e clamam que Trump declare a Antifa como organização terrorista, mirando o raio da lei sobre eles.
","Two hundred thousand Americans raise the red flag and cry foul, demanding Trump train the legal spotlight on Antifa.",gemini/prompt4,0.549521267414093
"200,000 Americans call on Trump to 'recognize Antifa as terror organization'","200.000 americanos sacam suas espadas de palavras e convocam Trump a ""decretar a Antifa como inimigo público número um"".
","200,000 Americans unsheathed their word-swords and called upon Trump to declare Antifa Public Enemy Number One.",gemini/prompt3,0.790243566036224
"200,000 Americans call on Trump to 'recognize Antifa as terror organization'","200 mil americanos convocam Trump a ""classificar a Antifa como organização terrorista"".""","""200,000 Americans are calling on Trump to'reclassify Antifa as a terrorist organization.'""",qwen/prompt4,0.9398416280746461
"200,000 Americans call on Trump to 'recognize Antifa as terror organization'","Duas centenas de milhares de americanos clamam para que Trump lance luz sobre a Antifa, desvendando-a como uma organização que semeia o terror.
","Two hundred thousand Americans are demanding Trump shine a light on Antifa, unveiling it as an organization that sows terror.",gemma3/prompt3,0.940436840057373
"200,000 Americans call on Trump to 'recognize Antifa as terror organization'","Duas centenas de milhares de americanos clamam para que Trump ""reconheça a Antifa como organização terrorista.""",Two hundred thousand Americans are howling for Trump to brand the Antifa as a terror group.,gemma3/prompt4,0.9452602863311761
"200,000 Americans call on Trump to 'recognize Antifa as terror organization'","200 mil americanos pedem a Trump que ""reconheça a Antifa como organização terrorista"".","'200,000 Americans are urging Trump to ""label the Antifa as a terrorist organization.""""",qwen/prompt3,0.9505112767219541
"200,000 Americans call on Trump to 'recognize Antifa as terror organization'",200.000 Americans call on Trump to'recognize Antifa as terror organization',"""200,000 Americans demand Trump recognize Antifa as a terror organization""",mistral/prompt3,0.970718920230865
"200,000 Americans call on Trump to 'recognize Antifa as terror organization'","200.000 norte-americanos pedem a Trump para ""reconhecer Antifa como organização terrorista"".","Two hundred thousand Americans urge Trump to ""label Antifa as a terrorist organization.""",llama/prompt4,0.9733779430389401
"200,000 Americans call on Trump to 'recognize Antifa as terror organization'",200.000 americanos pedem a Trump que 'reconheça a Antifa como uma organização terrorista'.,"""200,000 Americans urge Trump to 'recognize Antifa as a terrorist organization.'""",gpt/prompt3,0.980781555175781
"200,000 Americans call on Trump to 'recognize Antifa as terror organization'","200 mil americanos pedem a Trump para ""reconhecer Antifa como organização terrorista"".","""200,000 Americans demand Trump to 'designate Antifa as a terrorist organization'.""",llama/prompt1,0.98108685016632
"200,000 Americans call on Trump to 'recognize Antifa as terror organization'","200.000 americanos pedem a Trump que ""reconheça a Antifa como organização terrorista"".","200,000 Americans urge Trump to ""designate Antifa as a terrorist organization.""",gemma3/prompt1,0.990358352661132
"200,000 Americans call on Trump to 'recognize Antifa as terror organization'","200,000 Americans call on Trump to'recognize Antifa as terror organization' = 200 mil americanos pedem a Trump que'reconheça a Antifa como organização terrorista'","200,000 Americans plead with Trump to 'acknowledge Antifa as a terror organization'.",mistral/prompt4,0.9903852939605711
"200,000 Americans call on Trump to 'recognize Antifa as terror organization'",200.000 americanos pedem a Trump que 'reconheça o Antifa como organização terrorista',"""200,000 Americans urge Trump to 'recognize Antifa as a terrorist organization'""",gpt/prompt2,0.9912000298500061
"200,000 Americans call on Trump to 'recognize Antifa as terror organization'","200 mil americanos apelam a Trump para ""reconhecer a Antifa como organização terrorista""","200,000 Americans appeal to Trump to ""recognize Antifa as a terrorist organization""",marian/,0.9912000298500061
"200,000 Americans call on Trump to 'recognize Antifa as terror organization'","200 mil americanos pedem a Trump que "" Reconheça a Antifa como organização terrorista""","""200,000 Americans are asking Trump to 'Recognize Antifa as a terrorist organization.'""",qwen/prompt2,0.9912000298500061
"200,000 Americans call on Trump to 'recognize Antifa as terror organization'","Cerca de 200.000 americanos pedem a Trump que ""reconheça Antifa como organização terrorista"".","Around 200,000 Americans urge Trump to ""declare Antifa a terrorist organisation.""",llama/prompt3,0.995219230651855
"200,000 Americans call on Trump to 'recognize Antifa as terror organization'",200.000 americanos pedem a Trump para 'reconhecer a Antifa como organização terrorista'.,"200,000 Americans urge Trump to 'recognize Antifa as a terrorist organization.'",gpt/prompt4,0.9983831644058221
"200,000 Americans call on Trump to 'recognize Antifa as terror organization'","200.000 americanos pedem a Trump que 'reconheça a Antifa como organização terrorista'.
","200,000 Americans ask Trump to 'recognize Antifa as a terrorist organization.'",gemini/prompt1,1.0
"200,000 Americans call on Trump to 'recognize Antifa as terror organization'","200.000 americanos pedem a Trump que 'reconheça a Antifa como organização terrorista'.
","200,000 Americans ask Trump to 'recognize Antifa as a terrorist organization.'
",gemini/prompt2,1.0
"200,000 Americans call on Trump to 'recognize Antifa as terror organization'",200.000 americanos pedem a Trump que'reconheça Antifa como organização terrorista'.,"200,000 Americans urge Trump to recognize Antifa as a terrorist organization.",gemma3/prompt2,1.0
"200,000 Americans call on Trump to 'recognize Antifa as terror organization'","200 000 americanos pedem a Trump para ""reconhecer a Antifa como organização terrorista""","200,000 Americans ask Trump to ""recognize Antifa as a terrorist organization""",gemmaX/,1.0
"200,000 Americans call on Trump to 'recognize Antifa as terror organization'",200.000 americanos pedem a Trump que 'reconheça a Antifa como organização terrorista',"""200,000 Americans urge Trump to 'recognize Antifa as a terrorist organization'""",gpt/prompt1,1.0
"200,000 Americans call on Trump to 'recognize Antifa as terror organization'","200.000 americanos instam Trump a ""reconhecer o Antifa como organização terrorista"".","200,000 Americans urge Trump to ""declare Antifa a terrorist organization"".",llama/prompt2,1.0
"200,000 Americans call on Trump to 'recognize Antifa as terror organization'",Dezenas de milhares de americanos exigem de Trump que 'reconheça a Antifa como uma organização terrorista',Tens of thousands of Americans are demanding that Trump 'recognize Antifa as a terrorist organization',meta/,1.0
"200,000 Americans call on Trump to 'recognize Antifa as terror organization'",200.000 americanos pedem a Trump para'reconhecer o Antifa como organização terrorista'.,"""200,000 Americans demand that Trump recognize Antifa as a terrorist organization.""",mistral/prompt1,1.0
"200,000 Americans call on Trump to 'recognize Antifa as terror organization'",200 mil americanos pedem a Trump para reconhecer o Antifa como organização terrorista,"200,000 Americans ask Trump to recognize Antifa as a terrorist organization.",mistral/prompt2,1.0
"200,000 Americans call on Trump to 'recognize Antifa as terror organization'",200 mil americanos pedem a Trump que reconheça a Antifa como organização terrorista,"200,000 Americans are asking Trump to recognize the Antifa as a terrorist organization",qwen/prompt1,1.0
Sony is reducing the prices of its PlayStation VR bundles,A Sony está afinando os preços dos seus conjuntos de PlayStation VR.,"""A Sony está ajustando as cordas dos seus conjuntos de PlayStation VR.""",llama/prompt3,0.599381923675537
Sony is reducing the prices of its PlayStation VR bundles,"A Sony está descontando os preços de seus pacotes da PlayStation VR, como se vendesse um cavalo aos pelos.","The Sony is discounting the prices of its PlayStation VR bundles, as if selling a horse by the hairs.",llama/prompt4,0.680160880088806
Sony is reducing the prices of its PlayStation VR bundles,"A Sony está dando um chega pra lá nos preços de seus pacotes PlayStation VR.
",Sony is giving its PlayStation VR bundles the heave-ho on prices.,gemini/prompt4,0.751356482505798
Sony is reducing the prices of its PlayStation VR bundles,"A Sony está afrouxando as amarras dos pacotes PlayStation VR.
",Sony is casting off the moorings of PlayStation VR bundles.,gemma3/prompt3,0.7841084599494931
Sony is reducing the prices of its PlayStation VR bundles,"A Sony está afrouxando as amarras dos pacotes PlayStation VR.
",Sony is casting off the moorings of PlayStation VR bundles.,gemma3/prompt4,0.7841085791587831
Sony is reducing the prices of its PlayStation VR bundles,A Sony está diminuindo o preço dos seus pacotes de realidade virtual PlayStation.,Sony is lowering the barriers to its PlayStation VR packages.,qwen/prompt3,0.785038352012634
Sony is reducing the prices of its PlayStation VR bundles,"A Sony está afrouxando os nós do preço do PlayStation VR.
",Sony is loosening the purse strings on PlayStation VR.,gemini/prompt3,0.858059048652648
Sony is reducing the prices of its PlayStation VR bundles,Sony está baixando os preços dos pacotes PlayStation VR.,"""Sony is lowering the curtain on PlayStation VR packages.""",mistral/prompt3,0.930982410907745
Sony is reducing the prices of its PlayStation VR bundles,Sony está diminuindo o preço de seus pacotes de PlayStation VR.,Sony is 'dropping the price' of its PlayStation VR packages.,mistral/prompt4,0.941519260406494
Sony is reducing the prices of its PlayStation VR bundles,A Sony está afrouxando as cordas dos preços de seus pacotes de PlayStation VR.,Sony is loosening the strings on the prices of its PlayStation VR bundles.,gpt/prompt3,0.9671835303306581
Sony is reducing the prices of its PlayStation VR bundles,Sony reduz os preços dos pacotes PlayStation VR,Sony cuts the price of PlayStation VR bundles,gemmaX/,0.9824000597000121
Sony is reducing the prices of its PlayStation VR bundles,A Sony está reduzindo os preços dos kits do PlayStation VR.,Sony is reducing the prices of PlayStation VR kits.,mistral/prompt1,0.9912000298500061
Sony is reducing the prices of its PlayStation VR bundles,A Sony está reduzindo os preços dos kits de PlayStation VR.,Sony is reducing the prices of PlayStation VR sets.,mistral/prompt2,0.9912000298500061
Sony is reducing the prices of its PlayStation VR bundles,A Sony está cortando os preços de seus pacotes de PlayStation VR.,Sony is slashing the prices of its PlayStation VR bundles.,gpt/prompt4,0.9999531507492061
Sony is reducing the prices of its PlayStation VR bundles,"A Sony está reduzindo os preços dos seus pacotes PlayStation VR.
",Sony is reducing prices on its PlayStation VR bundles.,gemini/prompt1,1.0
Sony is reducing the prices of its PlayStation VR bundles,A Sony está reduzindo os preços de seus pacotes PlayStation VR.,Sony is lowering the prices of its PlayStation VR bundles.,gemini/prompt2,1.0
Sony is reducing the prices of its PlayStation VR bundles,"A Sony está reduzindo os preços dos pacotes PlayStation VR.
",Sony is lowering the prices of PlayStation VR bundles.,gemma3/prompt1,1.0
Sony is reducing the prices of its PlayStation VR bundles,A Sony está reduzindo os preços dos pacotes PlayStation VR.,Sony is lowering the prices of PlayStation VR bundles.,gemma3/prompt2,1.0
Sony is reducing the prices of its PlayStation VR bundles,A Sony está reduzindo os preços de seus pacotes do PlayStation VR.,Sony is lowering the prices of its PlayStation VR bundles.,gpt/prompt1,1.0
Sony is reducing the prices of its PlayStation VR bundles,A Sony está reduzindo os preços de seus pacotes do PlayStation VR.,Sony is lowering the prices of its PlayStation VR packages.,gpt/prompt2,1.0
Sony is reducing the prices of its PlayStation VR bundles,A Sony está reduzindo os preços dos conjuntos PlayStation VR.,Sony is reducing the prices of the PlayStation VR bundles.,llama/prompt1,1.0
Sony is reducing the prices of its PlayStation VR bundles,A Sony está reduzindo os preços dos pacotes de PlayStation VR.,Sony is reducing the prices of PlayStation VR bundles.,llama/prompt2,1.0
Sony is reducing the prices of its PlayStation VR bundles,A Sony está reduzindo os preços dos seus pacotes PlayStation VR,Sony is reducing the prices of its PlayStation VR packages,marian/,1.0
Sony is reducing the prices of its PlayStation VR bundles,A Sony está reduzindo os preços dos seus pacotes de PlayStation VR,Sony is lowering its PlayStation VR bundle prices.,meta/,1.0
Sony is reducing the prices of its PlayStation VR bundles,A Sony está reduzindo os preços dos pacotes PlayStation VR.,Sony is reducing the prices of PlayStation VR packages.,qwen/prompt1,1.0
Sony is reducing the prices of its PlayStation VR bundles,A Sony está reduzindo os preços dos pacotes PlayStation VR.,Sony is reducing the prices of PlayStation VR packages.,qwen/prompt2,1.0
Sony is reducing the prices of its PlayStation VR bundles,Sony está reduzindo os preços dos seus pacotes de PlayStation VR.,Sony is lowering the cost of its PlayStation VR packages.,qwen/prompt4,1.0
#TrumpRussia ...Kushner's firm was given $285M Deutsche Bank loan a month before Election Day,A empresa de Kushner recebeu um empréstimo de 285 milhões de dólares do Deutsche Bank um mês antes do dia da eleição.,Kushner’s firm drew a $285 million lifeline from Deutsche Bank a month before the ballot box spoke.,gemma3/prompt4,0.6962568759918211
#TrumpRussia ...Kushner's firm was given $285M Deutsche Bank loan a month before Election Day,"#TrumpRussia... A empresa de Kushner recebeu um empréstimo de 285 milhões de dólares do Deutsche Bank um mês antes do Dia da Eleição, como um banquete servido na véspera da tempestade.",#TrumpRussia... Kushner's company received a $285 million loan from Deutsche Bank a month before Election Day—a feast laid just before the storm.,gemma3/prompt3,0.833786189556121
#TrumpRussia ...Kushner's firm was given $285M Deutsche Bank loan a month before Election Day,#TrumpRussia... A firma de Kushner recebeu emprestimo de $285M da Deutsche Bank um mês antes do Dia da Eleição,"""The #TrumpRussia Scandal... Kushner's Firm Received a $285M Loan from Deutsche Bank Just a Month Before Election Day.""",llama/prompt3,0.9264470338821411
#TrumpRussia ...Kushner's firm was given $285M Deutsche Bank loan a month before Election Day,#TrumpRussia... A empresa de Kushner recebeu um empréstimo bancário de 285 milhões da Deutsche Bank um mês antes do Dia da Eleição.,'#TrumpRussia... The enterprise of Kushner secured a bank loan of 285 million from Deutsche Bank a month before Election Day.',qwen/prompt3,0.9530056715011591
#TrumpRussia ...Kushner's firm was given $285M Deutsche Bank loan a month before Election Day,A firma de Kushner recebeu um empréstimo de 285 milhões da Deutsche Bank um mês antes do dia da eleição.,The Kushner firm received a loan of 285 million from Deutsche Bank a month before election day.,qwen/prompt4,0.9650236368179321
#TrumpRussia ...Kushner's firm was given $285M Deutsche Bank loan a month before Election Day,#TrumpRussia...O negócio de Kushner recebeu um empréstimo de $285 milhões da Deutsche Bank um mês antes do Dia da Eleição,"""TrumpRussia... The Kushner business received a $285 million loan from Deutsche Bank a month before Election Day.""",llama/prompt4,0.9723591804504391
#TrumpRussia ...Kushner's firm was given $285M Deutsche Bank loan a month before Election Day,A empresa de Kushner recebeu um empréstimo de $285 milhões do Deutsche Bank um mês antes do Dia da Eleição.,Kushner's company received a $285 million loan from Deutsche Bank a month before Election Day.,gpt/prompt4,0.9728258848190301
#TrumpRussia ...Kushner's firm was given $285M Deutsche Bank loan a month before Election Day,"#TrumpRussia...Empréstimo de $285M do Deutsche Bank para a firma de Kushner, concedido um mês antes do Dia das Eleições","#TrumpRussia...Loan of $285M from Deutsche Bank to Kushner firm, granted a month before Election Day",mistral/prompt1,0.9809490442276001
#TrumpRussia ...Kushner's firm was given $285M Deutsche Bank loan a month before Election Day,#TrumpRussia...A firma de Kushner recebeu um empréstimo de $285M da Deutsche Bank um mês antes do Dia da Eleição.,'TrumpRussia...Kushner's firm received a $285M loan from Deutsche Bank one month before Election Day.',mistral/prompt4,0.9878409504890441
#TrumpRussia ...Kushner's firm was given $285M Deutsche Bank loan a month before Election Day,"""#TrumpRussia Kushner's firm recebeu 285 milhões de dólares emprestados por Deutsche Bank um mês antes do Dia da Eleição.""","""#TrumpRussia Kushner's firm received 285 million dollars loaned by Deutsche Bank a month before Election Day.""",mistral/prompt3,0.988061070442199
#TrumpRussia ...Kushner's firm was given $285M Deutsche Bank loan a month before Election Day,"""TrumpRussia... A empresa de Kushner recebeu emprestimo de $285M da Deutsche Bank um mês antes da Eleição Dia.""","""TrumpRussia... Kushner's company received a $285M loan from Deutsche Bank a month before the Election Day.""",llama/prompt2,0.9891525506973261
#TrumpRussia ...Kushner's firm was given $285M Deutsche Bank loan a month before Election Day,#TrumpRussia ...A empresa de Kushner recebeu um empréstimo de $285 milhões do Deutsche Bank um mês antes do Dia da Eleição.,'#TrumpRussia ...Kushner's company received a $285 million loan from Deutsche Bank one month before Election Day.',gpt/prompt1,0.9912000298500061
#TrumpRussia ...Kushner's firm was given $285M Deutsche Bank loan a month before Election Day,'#TrumpRussia ...A empresa de Kushner recebeu um empréstimo de $285 milhões do Deutsche Bank um mês antes do Dia da Eleição',"""#TrumpRussia ...Kushner's company received a $285 million loan from Deutsche Bank a month before Election Day.""",gpt/prompt2,0.9912000298500061
#TrumpRussia ...Kushner's firm was given $285M Deutsche Bank loan a month before Election Day,"TrumpRussia... Empresas de Kushner receberam emprestimo de $285M da Deutsche Bank, um mês antes do Dia da Eleição.","""TrumpRussia... Kushner's companies received a $285M loan from Deutsche Bank, a month before the Election Day.""",llama/prompt1,0.9912000298500061
#TrumpRussia ...Kushner's firm was given $285M Deutsche Bank loan a month before Election Day,"#TrumpRússia... A firma de Kushner ganhou um empréstimo de 285 milhões de dólares do Deutsche Bank um mês antes do Dia da Eleição.
",#TrumpRussia... Kushner's firm got a $285 million loan from Deutsche Bank one month before Election Day.,gemini/prompt3,0.9941496849060051
#TrumpRussia ...Kushner's firm was given $285M Deutsche Bank loan a month before Election Day,"#TrumpRussia ...A firma de Kushner recebeu um empréstimo de US$ 285 milhões do Deutsche Bank um mês antes do Dia da Eleição.
",#TrumpRussia ...Kushner's firm got a $285 million loan from Deutsche Bank a month before Election Day.,gemini/prompt4,0.9961321353912351
#TrumpRussia ...Kushner's firm was given $285M Deutsche Bank loan a month before Election Day,#TrumpRussia ... firma de Kushner foi dado $285 milhões Deutsche Bank empréstimo um mês antes do dia da eleição,#TrumpRussia... Kushner's firm was given $285 million Deutsche Bank loan a month before election day,marian/,0.9961384534835811
#TrumpRussia ...Kushner's firm was given $285M Deutsche Bank loan a month before Election Day,#TrumpRussia ...A empresa de Kushner recebeu um empréstimo de $285 milhões do Deutsche Bank um mês antes do Dia da Eleição.,#TrumpRussia ...Kushner's company received a $285 million loan from Deutsche Bank a month before Election Day.,gpt/prompt3,0.9985324144363401
#TrumpRussia ...Kushner's firm was given $285M Deutsche Bank loan a month before Election Day,"#TrumpRússia ...A empresa de Kushner recebeu um empréstimo de US$ 285 milhões do Deutsche Bank um mês antes do dia da eleição.
",#TrumpRussia ...Kushner's company received a $285 million loan from Deutsche Bank one month before election day.,gemini/prompt1,1.0
#TrumpRussia ...Kushner's firm was given $285M Deutsche Bank loan a month before Election Day,#TrumpRússia ...A empresa de Kushner recebeu um empréstimo de $285 milhões do Deutsche Bank um mês antes do dia da eleição.,#TrumpRussia ...Kushner's company received a $285 million loan from Deutsche Bank a month before election day.,gemini/prompt2,1.0
#TrumpRussia ...Kushner's firm was given $285M Deutsche Bank loan a month before Election Day,#TrumpRussia... A empresa de Kushner recebeu um empréstimo de 285 milhões de dólares do Deutsche Bank um mês antes do Dia da Eleição.,#TrumpRussia... The Kushner company received a $285 million loan from Deutsche Bank a month before Election Day.,gemma3/prompt1,1.0
#TrumpRussia ...Kushner's firm was given $285M Deutsche Bank loan a month before Election Day,#TrumpRussia... a empresa de Kushner recebeu um empréstimo de $285 milhões do Deutsche Bank um mês antes do Dia da Eleição.,#TrumpRussia... Kushner's company received a $285 million loan from Deutsche Bank a month before Election Day.,gemma3/prompt2,1.0
#TrumpRussia ...Kushner's firm was given $285M Deutsche Bank loan a month before Election Day,#TrumpRussia... a empresa de Kushner recebeu um empréstimo de 285 milhões de dólares do Deutsche Bank um mês antes do Dia das Eleições,#TrumpRussia... Kushner's company received a $285 million loan from Deutsche Bank one month before Election Day,gemmaX/,1.0
#TrumpRussia ...Kushner's firm was given $285M Deutsche Bank loan a month before Election Day,#TrumpRussia...a firma de Kushner recebeu um empréstimo do Deutsche Bank de 285 milhões de dólares um mês antes do dia das eleições,#TrumpRussia...Kushner's firm received $285 million loan from Deutsche Bank one month before election day,meta/,1.0
#TrumpRussia ...Kushner's firm was given $285M Deutsche Bank loan a month before Election Day,'Trump e Rússia... Empresa de Kushner recebeu empréstimo de $285 milhões do Deutsche Bank um mês antes do Dia das Eleições',Trump and Russia... Kushner's company received a $285 million loan from Deutsche Bank a month before the Election Day,mistral/prompt2,1.0
#TrumpRussia ...Kushner's firm was given $285M Deutsche Bank loan a month before Election Day,#TrumpRussia... A empresa de Kushner recebeu um empréstimo de 285 milhões de dólares do Banco Deutsche naquele mês antes do dia da eleição.,#TrumpRussia... The company of Kushner received a loan of 285 million dollars from Deutsche Bank in that month before the election day.,qwen/prompt1,1.0
#TrumpRussia ...Kushner's firm was given $285M Deutsche Bank loan a month before Election Day,#TrumpRussia... A empresa de Kusher recebeu um empréstimo de 285 milhões de dólares da Deutsche Bank um mês antes do dia da eleição.,#TrumpRussia... Kushner's company received a $285 million loan from Deutsche Bank a month before the election day.,qwen/prompt2,1.0
Russia State Media: Russians See Crimea as ‘First Step in the Reunification of Russia’,"Rússicos veem Crimeia como ""o primeiro lance para a reunião da Rússia"".","Os russos veem a Crimeia como ""o primeiro dado de xadrez para a reunião da Rússia"".",llama/prompt4,0.630841612815856
Russia State Media: Russians See Crimea as ‘First Step in the Reunification of Russia’,"Mídia estatal russa: Russos veem a Crimeia como o primeiro passo na refundação da Rússia.
",Russian state media: Russians see Crimea as the opening gambit in Russia's reinvention.,gemma3/prompt4,0.8304111957550041
Russia State Media: Russians See Crimea as ‘First Step in the Reunification of Russia’,"""Russians See Crimea as ‘First Step in the Reunification of Russia’""

""Os russos veem a Crimeia como ‘primeiro passo para a reunificação da Rússia’""","""Russians See Crimea as ‘First Step in the Reunification of Russia’""",mistral/prompt4,0.9089694619178771
Russia State Media: Russians See Crimea as ‘First Step in the Reunification of Russia’,Mídia estatal russa: Russos veem a Crimeia como o primeiro raio de um renascimento da Rússia.,Russian state media: Crimea is seen as the first lightning flash of a Russian renaissance.,gemma3/prompt3,0.9186357259750361
Russia State Media: Russians See Crimea as ‘First Step in the Reunification of Russia’,"""Russos Veem Crimeia como 'Primeiro Passo no Reencontro da Rússia'"".","""Russians See Crimea as 'First Step to Reuniting Russia'""",mistral/prompt3,0.947597205638885
Russia State Media: Russians See Crimea as ‘First Step in the Reunification of Russia’,"A Crimeia, para os russos, é a pedra fundamental da reunificação da Rússia.
","For Russians, Crimea is the cornerstone of Russia's reunification.",gemini/prompt4,0.9665026664733881
Russia State Media: Russians See Crimea as ‘First Step in the Reunification of Russia’,A mídia estatal da Rússia: Rússios veem a Crimeia como 'o primeiro passo na reunião da Rússia'.,"""Russian state media: Russians see Crimea as ""first step toward reunification of Russia"".""",llama/prompt1,0.9666039943695061
Russia State Media: Russians See Crimea as ‘First Step in the Reunification of Russia’,"A mídia estatal russa: A Crimeia, a pedra basilar do sonho de reunir a Rússia.
","The Russian state media: Crimea, the cornerstone of Russia's reunification dream.",gemini/prompt3,0.96876049041748
Russia State Media: Russians See Crimea as ‘First Step in the Reunification of Russia’,"Mídia Estatal da Rússia: Russos Veem a Crimeia como o ""Primeiro Passo na Reintegração da Rússia"".","""Russian State Media: Russians View Crimea as the 'First Step in the Reintegration of Russia.'""",gpt/prompt3,0.9691083431243891
Russia State Media: Russians See Crimea as ‘First Step in the Reunification of Russia’,"A mídia estatal russa afirma que os russos veem a Criméia como ""o primeiro passo na reunião dos fragmentos da Rússia""","""The Russian state media claims that Russians view Crimea as 'the first step towards the reunification of Russia's fragments'.""",llama/prompt3,0.9769450426101681
Russia State Media: Russians See Crimea as ‘First Step in the Reunification of Russia’,Mídia Estatal Russa: Os Russos Veem a Crimeia Como 'Primeiro Passo na Reunificação da Rússia',State Media in Russia: Russians See Crimea as 'First Step Toward Reuniting Russia',qwen/prompt4,0.979363322257995
Russia State Media: Russians See Crimea as ‘First Step in the Reunification of Russia’,Mídia Russa Estatal: Os Russo Veem a Crimeia como 'Primeiro Passo na Reunificação Russa',Russian State Media: Russians See Crimea as 'First Step in Russian Reunification',qwen/prompt3,0.981943726539611
Russia State Media: Russians See Crimea as ‘First Step in the Reunification of Russia’,Mídia Estatal da Rússia: Russos Veem a Crimeia como ‘Primeiro Passo na Reunião da Rússia’,Russian State Media: Russians See Crimea as 'First Step in the Reunion of Russia',gpt/prompt1,0.9824000597000121
Russia State Media: Russians See Crimea as ‘First Step in the Reunification of Russia’,Mídia Estatal da Rússia: Russos Vêem a Crimeia como 'Primeiro Passo na Reunião da Rússia',Russian State Media: Russians See Crimea as 'First Step in the Reunion of Russia',gpt/prompt4,0.982972979545593
Russia State Media: Russians See Crimea as ‘First Step in the Reunification of Russia’,Mídia Estatal da Rússia: Russos Veem a Crimeia como ‘Primeiro Passo na Reunificação da Rússia’,Russian State Media: Russians See Crimea as 'First Step in the Reunification of Russia',gpt/prompt2,0.9912000298500061
Russia State Media: Russians See Crimea as ‘First Step in the Reunification of Russia’,"""Mídia Oficial Russa: Russos Vêem a Crimeia como 'Primeiro Passo na Reunificação da Rússia'""","""Official Russian Media: Russians See Crimea as 'First Step in Russia's Reunification'"".",mistral/prompt1,0.9912000298500061
Russia State Media: Russians See Crimea as ‘First Step in the Reunification of Russia’,"Mídia estatal russa: Russos veem a Crimeia como ‘primeiro passo na reunificação da Rússia’
",Russian state media: Russians see Crimea as ‘first step in the reunification of Russia’,gemini/prompt1,1.0
Russia State Media: Russians See Crimea as ‘First Step in the Reunification of Russia’,"Mídia estatal russa: Russos veem a Crimeia como o ""primeiro passo na reunificação da Rússia"".
","Russian state media: Russians view Crimea as the ""first step in the reunification of Russia.""
",gemini/prompt2,1.0
Russia State Media: Russians See Crimea as ‘First Step in the Reunification of Russia’,"Mídia estatal russa: Russos veem a Crimeia como ""primeiro passo na reunificação da Rússia"".","Russian state media: Russians see Crimea as ""first step in Russia's reunification.""",gemma3/prompt1,1.0
Russia State Media: Russians See Crimea as ‘First Step in the Reunification of Russia’,Mídia estatal russa: Russos veem a Crimeia como 'primeiro passo na reunificação da Rússia'.,Russian state media: Russians see Crimea as 'first step in Russia's reunification'.,gemma3/prompt2,1.0
Russia State Media: Russians See Crimea as ‘First Step in the Reunification of Russia’,"Mídia estatal russa: russos veem Crimeia como ""primeiro passo na reunificação da Rússia""",Russian state media: Russians see Crimea as 'first step in reunification of Russia',gemmaX/,1.0
Russia State Media: Russians See Crimea as ‘First Step in the Reunification of Russia’,"""Rússia: Mídia Estatal - Russos Veem a Criméia como ""Primeiro Passo na Reunião da Rússia""","""Russia: State Media - Russians View Crimea as 'First Step Towards Reunification of Russia'""",llama/prompt2,1.0
Russia State Media: Russians See Crimea as ‘First Step in the Reunification of Russia’,Mídia de Estado da Rússia: Os russos vêem a Crimeia como ‘Primeiro passo na reunificação da Rússia`,Russian State Media: Russians See Crimea as ‘First Step in the Reunification of Russia',marian/,1.0
Russia State Media: Russians See Crimea as ‘First Step in the Reunification of Russia’,"Mídia estatal russa: russos veem a Criméia como ""primeiro passo na unificação da Rússia""","Russian state media: Russians see Crimea as ""first step in unification of Russia""",meta/,1.0
Russia State Media: Russians See Crimea as ‘First Step in the Reunification of Russia’,Russia State Media: Russos Veem Crimeia como 'Primeiro Passo na Reunião da Rússia',Russian State Media: Russians See Crimea as 'First Step in Russia's Reunification',mistral/prompt2,1.0
Russia State Media: Russians See Crimea as ‘First Step in the Reunification of Russia’,"Mídia russa estatal: os russos veem a Crimeia como ""primeiro passo para a reunificação da Rússia""","State-run Russian media: Russians see Crimea as ""first step towards Russia's reunification.""",qwen/prompt1,1.0
Russia State Media: Russians See Crimea as ‘First Step in the Reunification of Russia’,Mídia russa estatal: os russos veem a Crimeia como 'primeiro passo na reunificação da Rússia'.,State-run Russian media: Russians see Crimea as 'first step toward Russia's reunification.',qwen/prompt2,1.0
Trump Administration Says States May Impose Work Requirements for Medicaid,"Administração Trump abre a porteira para que estados condicionem a rede de proteção social a um esforço.
","The Trump administration has flung wide the gate, allowing states to tie the safety net to a work requirement.",gemma3/prompt3,0.722494482994079
Trump Administration Says States May Impose Work Requirements for Medicaid,"A administração Trump afirma que estados podem imponer requisitos de trabalho para o Medicaid, uma condição que faz as pessoas necessitadas precisarem de encontrar um ""pão vivo"" antes de poderem se alimentar.","A Trump administration claims that states can impose work requirements for Medicaid, a condition that makes the needy search for a ""living bread"" before they can eat.",llama/prompt3,0.723870277404785
Trump Administration Says States May Impose Work Requirements for Medicaid,Administração Trump Abre Mão para que Estados Condicionem o Medicaid ao Trabalho.,Trump Administration Lets States Pull the Plug on Medicaid Work Requirements.,gemma3/prompt4,0.7967838048934931
Trump Administration Says States May Impose Work Requirements for Medicaid,"A Administração Trump diz que estados podem impor ""currículos de trabalho"" para o Medicaid.
","Trump administration says states can slap ""job curricula"" on Medicaid.",gemini/prompt4,0.83443009853363
Trump Administration Says States May Impose Work Requirements for Medicaid,"A administração Trump declara: estados podem amarrar a ajuda do Medicaid ao trabalho.
",Trump's administration says: States can tether Medicaid aid to the yoke of work.,gemini/prompt3,0.8939016461372371
Trump Administration Says States May Impose Work Requirements for Medicaid,A Administração Trump Diz que Os Estados Podem Impor Requisitos de Trabalho ao Medicaid,"""The Trump Administration Metaphorically States That States Can Impose Work Requirements on Medicaid""",qwen/prompt3,0.942462086677551
Trump Administration Says States May Impose Work Requirements for Medicaid,Administração Trump Diz que Estados Podem Impedir Trabalho no Medicaid,Trump Administration Says States Can Prevent Medicaid Work,mistral/prompt1,0.9467699527740471
Trump Administration Says States May Impose Work Requirements for Medicaid,Trump diz que os estados podem impor requerimentos de trabalho ao Medicaid,Trump Says States Could Impose Work Qualifications on Medicaid,meta/,0.9577919244766231
Trump Administration Says States May Impose Work Requirements for Medicaid,Administração Trump Diz Que Estados Podem Imponer Condições de Trabalho para o Medicaid,"""Trump Administration Says States Can Set Labor Conditions for Medicaid""",gpt/prompt3,0.9615069627761841
Trump Administration Says States May Impose Work Requirements for Medicaid,Trump Administração diz Estados podem impossibilitar os requisitos de trabalho para Medicaid,Trump Administration says states can disable work requirements for Medicaid,marian/,0.984365463256835
Trump Administration Says States May Impose Work Requirements for Medicaid,Administração Trump afirma que os estados podem impor requisitos de trabalho para o Medicaid.,"""The Trump Administration claims states can impose work requirements for Medicaid.""",llama/prompt2,0.9912000298500061
Trump Administration Says States May Impose Work Requirements for Medicaid,Administração Trump diz que estados podem impor requisitos de trabalho para Medicaid,"""The Trump Administration says states can impose work requirements for Medicaid.""",mistral/prompt4,0.9912000298500061
Trump Administration Says States May Impose Work Requirements for Medicaid,Administração Trump diz que Estados podem impor requisitos de trabalho para o Medicaid.,The Trump Administration says states can require work for Medicaid recipients.,llama/prompt4,0.9971098899841301
Trump Administration Says States May Impose Work Requirements for Medicaid,"""Administração Trump Afirma que Estados Podem Impor Requisitos de Trabalho para Medicaid""","""The Trump Administration Claims States Can Impose Work Requirements for Medicaid""",mistral/prompt3,0.998525619506835
Trump Administration Says States May Impose Work Requirements for Medicaid,"Governo Trump diz que estados podem impor exigências de trabalho para o Medicaid.
",The Trump administration says states can impose work requirements for Medicaid.,gemini/prompt1,1.0
Trump Administration Says States May Impose Work Requirements for Medicaid,Governo Trump diz que estados podem impor exigências de trabalho para o Medicaid.,Trump administration says states can impose work requirements for Medicaid.,gemini/prompt2,1.0
Trump Administration Says States May Impose Work Requirements for Medicaid,Administração Trump diz que estados podem impor exigências de trabalho para o Medicaid.,Trump administration says states can impose work requirements for Medicaid.,gemma3/prompt1,1.0
Trump Administration Says States May Impose Work Requirements for Medicaid,Administração Trump diz que estados podem impor exigências de trabalho para o Medicaid.,The Trump administration says states can impose work requirements for Medicaid.,gemma3/prompt2,1.0
Trump Administration Says States May Impose Work Requirements for Medicaid,Administração Trump diz que os estados podem impor requisitos de trabalho para o Medicaid,Trump administration says states can impose work requirements for Medicaid,gemmaX/,1.0
Trump Administration Says States May Impose Work Requirements for Medicaid,Administração Trump diz que estados podem impor requisitos de trabalho para o Medicaid.,Trump administration says states can impose work requirements for Medicaid.,gpt/prompt1,1.0
Trump Administration Says States May Impose Work Requirements for Medicaid,Administração Trump diz que estados podem impor requisitos de trabalho para o Medicaid.,Trump administration says states can impose work requirements for Medicaid.,gpt/prompt2,1.0
Trump Administration Says States May Impose Work Requirements for Medicaid,Administração Trump diz que estados podem estabelecer requisitos de trabalho para o Medicaid.,Trump administration says states can set work requirements for Medicaid.,gpt/prompt4,1.0
Trump Administration Says States May Impose Work Requirements for Medicaid,Administração Trump diz que os estados podem impor requisitos de trabalho para o Medicaid.,The Trump administration says states can impose work requirements for Medicaid.,llama/prompt1,1.0
Trump Administration Says States May Impose Work Requirements for Medicaid,Administração de Trump diz que Estados podem impor requisitos de trabalho para Medicaid,Trump administration says states can impose work requirements for Medicaid.,mistral/prompt2,1.0
Trump Administration Says States May Impose Work Requirements for Medicaid,A Administração Trump diz que os estados podem impor exigências de trabalho para o Medicaid.,The Trump Administration says that states can impose work requirements for Medicaid.,qwen/prompt1,1.0
Trump Administration Says States May Impose Work Requirements for Medicaid,A Administração Trump Diz que os Estados Podem Impor Requisitos de Trabalho ao Medicaid,The Trump Administration Says States Can Impose Work Requirements on Medicaid,qwen/prompt2,1.0
Trump Administration Says States May Impose Work Requirements for Medicaid,Administração Trump diz que Estados podem impor requisitos de trabalho ao Medicaid,Trump administration states that states can impose work requirements on Medicaid,qwen/prompt4,1.0
"Now, more than ever, Democrats need to shut the Judiciary Committee down","Agora mais do que nunca, os democratas precisam fechar a portas a Comissão Judiciária.","""Never more than now, Democrats need to slam the courthouse door shut.""

(""Barrar"") a entrada dos juízes e não só simplesmente bater a porta em fechadura",llama/prompt4,0.41488927602767905
"Now, more than ever, Democrats need to shut the Judiciary Committee down","Agora, mais do que nunca, os Democratas precisam botar a boca no trombone na Comissão Judiciária.
","Now, more than ever, Democrats need to sound the alarm in the Judiciary Committee.",gemini/prompt3,0.8578356504440301
"Now, more than ever, Democrats need to shut the Judiciary Committee down","Agora mais do que nunca, os Democratas precisam fechar a Comissão de Justiça para que não caia no buraco.","""More than ever, Democrats need to close the justice committee before it falls into the hole.""",llama/prompt3,0.8691658973693841
"Now, more than ever, Democrats need to shut the Judiciary Committee down","Agora, mais do que nunca, os democratas precisam paralisar o Comitê de Justiça.","""Now more than ever, the democrats need to hit the brakes on the Justice Committee.""",qwen/prompt3,0.9225474596023561
"Now, more than ever, Democrats need to shut the Judiciary Committee down","Agora, mais do que nunca, os democratas precisam fechar o Comitê de Justiça.","Now, more than ever, the Democrats need to kick the bucket on the Committee on Justice.",qwen/prompt4,0.931603789329528
"Now, more than ever, Democrats need to shut the Judiciary Committee down","Agora, mais do que nunca, os democratas precisam desativar a engrenagem da Comissão de Justiça.
","Now, more than ever, Democrats need to throw a wrench in the gears of the Judiciary Committee.",gemma3/prompt3,0.9417863488197321
"Now, more than ever, Democrats need to shut the Judiciary Committee down","Agora, mais do que nunca, os democratas precisam 'acabar com' o Judiciary Committee.","""Now, more than ever, Democrats need to 'finish off' the Judiciary Committee.""",mistral/prompt4,0.9513465166091911
"Now, more than ever, Democrats need to shut the Judiciary Committee down","Agora, mais do que nunca, os democratas precisam colocar um ponto final no Comitê Judiciário.","Now, more than ever, Democrats need to put a nail in the Judiciary Committee's coffin.",gpt/prompt4,0.9687482118606561
"Now, more than ever, Democrats need to shut the Judiciary Committee down","Agora, mais do que nunca, os Democratas precisam silenciar a Comissão de Justiça.","Now, more than ever, Democrats must muzzle the House Judiciary Committee.",gemma3/prompt4,0.9716553688049311
"Now, more than ever, Democrats need to shut the Judiciary Committee down","""Às vezes, mais do que nunca, os democratas precisam fechar a Comissão Judiciária.""","""Sometimes, more than ever, Democrats need to close the Judiciary Committee.""",llama/prompt1,0.9753808975219721
"Now, more than ever, Democrats need to shut the Judiciary Committee down","Agora, mais do que nunca, os democratas precisam fechar as portas do Comitê Judiciário.","""Now, more than ever, Democrats need to lock the doors of the Judiciary Committee.""",gpt/prompt3,0.980911493301391
"Now, more than ever, Democrats need to shut the Judiciary Committee down","Agora, mais do que nunca, os democratas precisam encerrar o Comitê Judicial.","""Now, more than ever, Democrats need to end the Judiciary Committee.""",gpt/prompt1,0.9824000597000121
"Now, more than ever, Democrats need to shut the Judiciary Committee down","Agora, mais do que nunca, os democratas precisam fechar o Comitê Judiciário.","""Now, more than ever, Democrats need to close the Judiciary Committee.""",gpt/prompt2,0.9824000597000121
"Now, more than ever, Democrats need to shut the Judiciary Committee down","Agora, mais do que nunca, os Democratas devem desligar a Comissão do Poder Judiciário.","Now more than ever, Democrats must shut the Committee on the Judiciary down.",meta/,0.9824000597000121
"Now, more than ever, Democrats need to shut the Judiciary Committee down","Neste momento, mais do que nunca, os democratas devem desativar o Comitê Judiciário.","In this moment, more than ever, democrats must deactivate the Judiciary Committee.",mistral/prompt3,0.982666015625
"Now, more than ever, Democrats need to shut the Judiciary Committee down","Agora, mais do que nunca, os democratas precisam encerrar o Comitê Judiciário.
","Now, more than ever, Democrats need to shutter the Judiciary Committee.",gemma3/prompt1,0.9912000298500061
"Now, more than ever, Democrats need to shut the Judiciary Committee down","Agora, mais do que nunca, os democratas precisam paralisar o Comitê de Justiça.","""Now, more than ever, the democrats need to paralyze the Judiciary Committee.""",qwen/prompt2,0.9912000298500061
"Now, more than ever, Democrats need to shut the Judiciary Committee down","Agora, mais do que nunca, os democratas precisam calar a boca da Comissão Judiciária.
","Now, more than ever, Democrats need to shut down the Judiciary Committee.",gemini/prompt4,0.9992349147796631
"Now, more than ever, Democrats need to shut the Judiciary Committee down","Agora, mais do que nunca, os democratas precisam paralisar a Comissão Judiciária.
","Now, more than ever, Democrats need to shut down the Judiciary Committee.",gemini/prompt1,1.0
"Now, more than ever, Democrats need to shut the Judiciary Committee down","Agora, mais do que nunca, os Democratas precisam paralisar o Comitê Judiciário.
","Now, more than ever, Democrats need to shut down the Judiciary Committee.
",gemini/prompt2,1.0
"Now, more than ever, Democrats need to shut the Judiciary Committee down","Agora, mais do que nunca, os democratas precisam encerrar o Comitê Judiciário.","Now, more than ever, Democrats need to shut down the Judiciary Committee.",gemma3/prompt2,1.0
"Now, more than ever, Democrats need to shut the Judiciary Committee down","Agora, mais do que nunca, os democratas precisam encerrar a Comissão Judiciária","Now, more than ever, Democrats need to shut down the Judiciary Committee",gemmaX/,1.0
"Now, more than ever, Democrats need to shut the Judiciary Committee down","""Agora, mais do que nunca, os Democratas precisam fechar o Comitê de Justiça.""","""Now, more than ever, Democrats need to shut down the Judiciary Committee.""",llama/prompt2,1.0
"Now, more than ever, Democrats need to shut the Judiciary Committee down","Agora, mais do que nunca, os Democratas precisam de fechar o Comité Judiciário","Now, more than ever, the Democrats need to close the Judicial Committee",marian/,1.0
"Now, more than ever, Democrats need to shut the Judiciary Committee down","Agora, mais do que nunca, os democratas precisam paralisar o Comitê Judiciário.","Now, more than ever, Democrats need to stop the Judicial Committee.",mistral/prompt1,1.0
"Now, more than ever, Democrats need to shut the Judiciary Committee down","Agora, mais do que nunca, os democratas precisam fechar o Comitê Judicial.","Now, more than ever, Democrats need to close the Judicial Committee.",mistral/prompt2,1.0
"Now, more than ever, Democrats need to shut the Judiciary Committee down","Agora, mais do que nunca, os Democratas precisam fechar o Comitê de Justiça.","Now, more than ever, the Democrats need to close the Justice Committee.",qwen/prompt1,1.0
Return to Uzbekistan Could Mean Death for Gay Reporter in Russia,Retornar à Uzbequistão pode significar morte para repórter gay na Rússia,"""Returning to Uzbekistan can mean death for gay journalist in Russia.""

Alternativa com metafora idiomática mais forte:
""Returning to Uzbekistan can mean hanging up one's boots for gay journalist in Russia.""",llama/prompt4,0.44086304306983903
Return to Uzbekistan Could Mean Death for Gay Reporter in Russia,Retornar ao Uzbequistão pode significar a contagem regressiva para o repórter gay na Rússia.,Returning to Uzbekistan could be the countdown to a reporter's final curtain call in Russia.,gemma3/prompt4,0.801002264022827
Return to Uzbekistan Could Mean Death for Gay Reporter in Russia,Voltar para o Cazaquistão Pode Significar a Morte para um Repórter LGBT no Russianspeak,Returning to Kazakhstan Could Mean Death for an LGBT Journalist in Russpeak,qwen/prompt3,0.8380887508392331
Return to Uzbekistan Could Mean Death for Gay Reporter in Russia,Voltar ao Uzbequistão Pode Ser a Morte para o Jornalista Homossexual na Rússia,"""Returning to Uzbekistan Could Be Death for the Gay Journalist in Russia""",mistral/prompt4,0.9305153489112851
Return to Uzbekistan Could Mean Death for Gay Reporter in Russia,"""Voltar para Uzbequistão Pode Ser Morte para o Repórter Homossexual na Rússia.""","""Returning to Uzbekistan Could Be Death for the Gay Reporter in Russia.""",mistral/prompt3,0.9350539445877071
Return to Uzbekistan Could Mean Death for Gay Reporter in Russia,"Retornar ao Uzbequistão poderia ser um tiro de misericórdia para o repórter gay na Rússia.
",Going back to Uzbekistan could be the final nail in the coffin for the gay reporter in Russia.,gemini/prompt3,0.937008023262023
Return to Uzbekistan Could Mean Death for Gay Reporter in Russia,"Retornar ao Uzbequistão poderia significar o fim da linha para o repórter gay na Rússia.
",Going back to Uzbekistan could be the end of the road for the gay reporter in Russia.,gemini/prompt4,0.9663982391357421
Return to Uzbekistan Could Mean Death for Gay Reporter in Russia,"Voltar para o Uzbequistão pode significar a sentença de morte para um repórter gay na Rússia.
","Returning to Uzbekistan can be a death sentence, metaphorically speaking, for a gay reporter in Russia.",gemma3/prompt3,0.971834182739257
Return to Uzbekistan Could Mean Death for Gay Reporter in Russia,"""Volta para o Uzbequistão Poderia Significar Mortalidade para um Reporter Gay na Rússia""","""Returning to Uzbekistan Could Mean Mortality for a Gay Journalist in Russia""",qwen/prompt1,0.978450894355773
Return to Uzbekistan Could Mean Death for Gay Reporter in Russia,Retorno ao Uzbekistão pode significar morte para repórter gay na Rússia,Returning to Uzbekistan could be the death knell for gay journalist in Russia,meta/,0.9797722101211541
Return to Uzbekistan Could Mean Death for Gay Reporter in Russia,Volte para o Uzbekistão Poderia Significar a Morte para o Reporter Gay na Rússia,Returning to Uzbekistan Could Mean Death for the Gay Journalist in Russia,qwen/prompt4,0.9816741943359371
Return to Uzbekistan Could Mean Death for Gay Reporter in Russia,"""Volta para o Uzbekistão Poderia Significar Mortal para um Repórter Gay na Rússia""","""Returning to Uzbekistan Might Mean Death for a Gay Journalist in Russia""",qwen/prompt2,0.9845358133316041
Return to Uzbekistan Could Mean Death for Gay Reporter in Russia,Retorno ao Uzbequistão Pode Significar Morte para Repórter Gay na Rússia.,"""Return to Uzbekistan Could Mean Death for Gay Reporter in Russia.""",gpt/prompt3,0.9855662584304811
Return to Uzbekistan Could Mean Death for Gay Reporter in Russia,Voltar para a Uzuquistan pode significar a morte para repórter gay na Rússia,"""Returning to Uzbekistan may be a death sentence for gay journalist in Russia.""",llama/prompt3,0.9893836975097651
Return to Uzbekistan Could Mean Death for Gay Reporter in Russia,Retornar ao Uzbequistão Pode Significar Morte para Repórter Gay na Rússia,"""Returning to Uzbekistan Could Mean Death for Gay Reporter in Russia.""",mistral/prompt2,0.9911566972732541
Return to Uzbekistan Could Mean Death for Gay Reporter in Russia,Retornar ao Uzbequistão pode significar morte para repórter gay na Rússia.,Returning to Uzbekistan can mean death for a gay reporter in Russia.,gpt/prompt4,0.9964628219604491
Return to Uzbekistan Could Mean Death for Gay Reporter in Russia,"Retorno ao Uzbequistão Pode Significar a Morte para Repórter Gay na Rússia
","Returning to Uzbekistan Could Mean Death for Gay Reporter in Russia
",gemini/prompt2,0.999674439430236
Return to Uzbekistan Could Mean Death for Gay Reporter in Russia,Voltar ao Uzbequistão Poderia Significar Morte para um Repórter Gay na Rússia.,Returning to Uzbekistan Could Mean Death for a Gay Reporter in Russia.,mistral/prompt1,0.9999533891677851
Return to Uzbekistan Could Mean Death for Gay Reporter in Russia,"Retornar ao Uzbequistão pode significar a morte para um repórter gay na Rússia.
",Returning to Uzbekistan could mean death for a gay reporter in Russia.,gemini/prompt1,1.0
Return to Uzbekistan Could Mean Death for Gay Reporter in Russia,Retornar ao Uzbequistão pode significar a morte do repórter gay na Rússia.,Returning to Uzbekistan could mean death for the gay reporter in Russia.,gemma3/prompt1,1.0
Return to Uzbekistan Could Mean Death for Gay Reporter in Russia,O retorno ao Uzbequistão pode significar a morte do repórter gay na Rússia.,A return to Uzbekistan could mean death for the gay reporter in Russia.,gemma3/prompt2,1.0
Return to Uzbekistan Could Mean Death for Gay Reporter in Russia,Regresso ao Uzbequistão pode significar morte para jornalista gay na Rússia,Return to Uzbekistan could mean death for gay Russian journalist,gemmaX/,1.0
Return to Uzbekistan Could Mean Death for Gay Reporter in Russia,Retornar ao Uzbequistão pode significar morte para jornalista gay na Rússia.,"""Returning to Uzbekistan could mean death for a gay journalist in Russia.""",gpt/prompt1,1.0
Return to Uzbekistan Could Mean Death for Gay Reporter in Russia,Retornar ao Uzbequistão pode significar morte para repórter gay na Rússia.,"""Returning to Uzbekistan could mean death for a gay reporter in Russia.""",gpt/prompt2,1.0
Return to Uzbekistan Could Mean Death for Gay Reporter in Russia,Retornar à Uzbequistão poderia significar morte para um repórter gay na Rússia.,Returning to Uzbekistan could mean death for a gay reporter in Russia.,llama/prompt1,1.0
Return to Uzbekistan Could Mean Death for Gay Reporter in Russia,"""Volta para a Uzbequistão pode significar morte para repórter gay na Rússia""","""Return to Uzbekistan can mean death for gay journalist in Russia""",llama/prompt2,1.0
Return to Uzbekistan Could Mean Death for Gay Reporter in Russia,Voltar ao Uzbequistão poderia significar morte para o jornalista gay na Rússia,Returning to Uzbekistan could mean death for the gay journalist in Russia,marian/,1.0
How the transgender crusade made me rethink my support for gay marriage,"A cruzada transgênero me faz reverter minha posição em apoio ao casamento gay.

ou Alternativamente 

A jornada transgênero fez com que eu reavaliasse meu apoio ao casamento entre pessoas do mesmo sexo.

ou 
A batalha da identidade de gênero desestabeleceu minha postura original a favor do casamento entre pessoas do mesmo sexo.

 Escolha a versão que melhor atende ao seu necessidade.","A jornada transgênero me fez reverter minha posição em apoio ao casamento gay.

(ou)

A batalha da identidade de gênero desestabeleceu minha postura original a favor do casamento entre pessoas do mesmo sexo.

(ou, dependendo da preferência)

A jornada transgênero fez com que eu reavaliasse meu apoio ao casamento entre pessoas do mesmo sexo.

(ou)

A cruzada transgênero me desafiou a rever minha posição de apoio ao casamento gay.

(dependendo do contexto e do tom desejado da tradução)",llama/prompt3,0.7496398091316221
How the transgender crusade made me rethink my support for gay marriage,Como a cruzada transexual fez eu repensar meu apoio à união gay,As like a transsexual crusade made me rethink my support for same-sex unions,qwen/prompt4,0.8477125763893121
How the transgender crusade made me rethink my support for gay marriage,"A cruzada trans me fez repensar o casamento gay.
",The trans crusade has given me pause on gay marriage.,gemini/prompt3,0.8558568954467771
How the transgender crusade made me rethink my support for gay marriage,A campanha em defesa dos direitos transgêneros me fez repensar a minha aposta em casamento igualitário.,"""Defending trans rights made me reevaluate my bet on equal marriage.""",llama/prompt4,0.876780450344085
How the transgender crusade made me rethink my support for gay marriage,Como a cruzada transgênero me fez repensar meu apoio ao casamento gay.,How my transgender journey made me reconsider my support for gay marriage.,gemma3/prompt1,0.9038539528846741
How the transgender crusade made me rethink my support for gay marriage,Como a cruzada dos transgêneros fez-me repensar meu apoio ao casamento gay.,"""As trans crusade made me rethink my support for gay marriage.""",llama/prompt2,0.908163666725158
How the transgender crusade made me rethink my support for gay marriage,Como a cruzada transgênero fez-me repensar meu apoio à união entre pessoas do mesmo sexo,"""As transgender crusade has made me re-examine my support for unions between people of the same sex.""",qwen/prompt3,0.912178039550781
How the transgender crusade made me rethink my support for gay marriage,Como a marcha trans me fez questionar meu apoio ao casamento gay.,How the trans march cracked the foundation of my support for gay marriage.,gemma3/prompt3,0.918034434318542
How the transgender crusade made me rethink my support for gay marriage,* Como a cruzada trans fez-me repensar meu apoio ao casamento gay,* How the trans-crusade made me rethink my support for gay marriage,meta/,0.9292938709259031
How the transgender crusade made me rethink my support for gay marriage,"""Como a cruzada transgênero me fez repensar o meu apoio ao casamento gay""","""As the trans crusade made me rethink my support for gay marriage.""",llama/prompt1,0.934335947036743
How the transgender crusade made me rethink my support for gay marriage,Como a campanha dos transgêneros me fez reconsiderar o meu apoio ao casamento homossexual,"""As the transgender campaign has caused me to rethink my support for same-sex marriage.""",mistral/prompt2,0.935140967369079
How the transgender crusade made me rethink my support for gay marriage,Como a cruzada transgênero me fez repensar meu apoio ao casamento gay.,How the transgender odyssey made me reconsider my backing of same-sex marriage.,gemma3/prompt4,0.9367327690124511
How the transgender crusade made me rethink my support for gay marriage,"""Como a cruzada transfeminista me fez repensar meu apoio ao casamento gay.""","""How the transfeminist crusade made me rethink my support for gay marriage.""",gpt/prompt2,0.958187222480773
How the transgender crusade made me rethink my support for gay marriage,"""Como a cruzada transgênero fez-me reconsiderar meu apoio à união civil LGBT+""","""How the transgender crusade made me reconsider my support for LGBT civil unions""",qwen/prompt2,0.9588009119033811
How the transgender crusade made me rethink my support for gay marriage,Como a campanha de defesa das pessoas trans me fez reconsiderar o meu apoio ao casamento entre pessoas do mesmo sexo,How the transgender rights campaign made me reassess my support for same-sex marriage.,mistral/prompt3,0.9836926460266111
How the transgender crusade made me rethink my support for gay marriage,"Como a cruzada transgênero me fez repensar meu apoio ao casamento gay.
","How the transgender crusade made me rethink my support for gay marriage.
",gemini/prompt2,0.9887802600860591
How the transgender crusade made me rethink my support for gay marriage,Como a cruzada transgenerista me fez reconsiderar meu apoio ao casamento gay.,"""How the transgender crusade made me rethink my support for gay marriage.""",gpt/prompt3,0.9897322654724121
How the transgender crusade made me rethink my support for gay marriage,"""Como a cruzada transgênero me fez repensar meu apoio ao casamento gay.""","""How the transgender crusade made me rethink my support for gay marriage.""",gpt/prompt1,0.9912000298500061
How the transgender crusade made me rethink my support for gay marriage,Como a cruzada transgênero me fez reavaliar meu apoio ao casamento gay,How the transgender crusade made me reassess my support for same-sex marriage,mistral/prompt4,0.9961678981781
How the transgender crusade made me rethink my support for gay marriage,"Como a cruzada transgênero me fez rever meu apoio ao casamento gay.
",How the transgender crusade made me question my support for gay marriage.,gemini/prompt4,0.9986250400543211
How the transgender crusade made me rethink my support for gay marriage,"Como a cruzada transgênero me fez repensar meu apoio ao casamento gay.
",How the transgender crusade made me rethink my support for gay marriage.,gemini/prompt1,0.999669194221496
How the transgender crusade made me rethink my support for gay marriage,Como a cruzada transgênera me fez repensar meu apoio ao casamento gay.,How the transgender crusade made me rethink my support for gay marriage.,gpt/prompt4,0.999693632125854
How the transgender crusade made me rethink my support for gay marriage,Como a campanha transgênero me fez repensar meu apoio ao casamento gay.,How a transgender campaign made me reconsider my support for gay marriage.,gemma3/prompt2,1.0
How the transgender crusade made me rethink my support for gay marriage,Como a cruzada transgénero me fez repensar o meu apoio ao casamento homossexual,How the transgender crusade made me rethink my support for gay marriage,gemmaX/,1.0
How the transgender crusade made me rethink my support for gay marriage,Como a cruzada transgênero me fez repensar o meu apoio ao casamento gay,How the transgender crusade made me rethink my support for gay marriage,marian/,1.0
How the transgender crusade made me rethink my support for gay marriage,Como a campanha transgênero me fez reconsiderar meu apoio ao casamento gay,How the transgender campaign made me reconsider my support for same-sex marriage,mistral/prompt1,1.0
How the transgender crusade made me rethink my support for gay marriage,"""Como a cruzada transexual me fez reconsiderar meu apoio à união homosexual""","""How the transgender crusade made me reconsider my support for same-sex unions""",qwen/prompt1,1.0
"Hurricane Maria approaches St. Croix as a Category 5 storm, will hit Puerto Rico tomorrow","Um furacão Maria se aproxima da ilha Santa Cruz como uma tempestade de categoria 5, vai atingir o Porto Rico amanhã.","Uma tempestade Maria se aproxima da ilha de Santa Cruz como um furacão de categoria 5, vai atingir Porto Rico amanhã. (Note: ""Furacão Maria"" é uma figura de retórica de sinédoque, o qual mantém-se em ambos os idiomas)",llama/prompt3,0.37030732631683305
"Hurricane Maria approaches St. Croix as a Category 5 storm, will hit Puerto Rico tomorrow","Maria, fúria com força de furacão, ruge em direção a St. Croix e, amanhã, esmagará Porto Rico com seus punhos de categoria 5.
","Maria, a hurricane of fury, roars towards St. Croix and, tomorrow, will pummel Puerto Rico with Category 5 fists.",gemini/prompt3,0.8068293333053581
"Hurricane Maria approaches St. Croix as a Category 5 storm, will hit Puerto Rico tomorrow","O furacão Maria se aproxima de Saint Croix como uma tempestade de categoria 5, vai atingir Porto Rico amanhã.","Hurricane Maria bears down on St. Croix like a five-category maelstrom, poised to strike Puerto Rico tomorrow.",gemma3/prompt4,0.8170275688171381
"Hurricane Maria approaches St. Croix as a Category 5 storm, will hit Puerto Rico tomorrow","Hurricane Maria is about to reach St. Croix as a Category 5 storm, and will hit Puerto Rico tomorrow, will be translated as:","""Hurricane Maria is about to reach St. Croix as a Category 5 storm, and will hit Puerto Rico tomorrow, will be translated as:' Maria is about to unleash her wrath on St. Croix as a Category 5 storm, and she will make landfall in Puerto Rico tomorrow.",mistral/prompt4,0.8481442928314201
"Hurricane Maria approaches St. Croix as a Category 5 storm, will hit Puerto Rico tomorrow",Um furacão chamado Maria se aproxima de São Cruz como um furacão de categoria 5 e vai atingir o domingo que vem as ilhas de Porto Rico,"A Hurricane Maria is barreling down on St. Croix like a Category 5 behemoth, set to smash the islands of Puerto Rico this Sunday.",llama/prompt4,0.8800715208053581
"Hurricane Maria approaches St. Croix as a Category 5 storm, will hit Puerto Rico tomorrow","Furacão Maria se aproxima de St. Croix como um monstro de categoria 5, e amanhã vai cair como uma bomba sobre Porto Rico.
","Hurricane Maria barrels towards St. Croix, a Category 5 beast, and tomorrow will unleash its fury on Puerto Rico.",gemini/prompt4,0.8997966051101681
"Hurricane Maria approaches St. Croix as a Category 5 storm, will hit Puerto Rico tomorrow","Furacão Maria se aproxima de St. Croix como uma fera de categoria 5, e amanhã golpeará Porto Rico.","Hurricane Maria bears down on St. Croix as a category 5 beast, poised to strike Puerto Rico tomorrow.",gemma3/prompt3,0.932164430618286
"Hurricane Maria approaches St. Croix as a Category 5 storm, will hit Puerto Rico tomorrow","""A categoria 5, furacão Maria se aproxima de Santa Cruz como uma tempestade e atingirá Porto Rico amanhã.""","""Category 5 Hurricane Maria is approaching Santa Cruz as a storm and will hit Puerto Rico tomorrow.""",llama/prompt2,0.9382723569869991
"Hurricane Maria approaches St. Croix as a Category 5 storm, will hit Puerto Rico tomorrow",O furacão Maria se aproxima de St. Croix como uma tempestade de Categoria 5 e atingirá Porto Rico amanhã.,Hurricane Maria draws near to St. Croix like a Category 5 tempest and will strike Puerto Rico tomorrow.,gpt/prompt3,0.9607162475585931
"Hurricane Maria approaches St. Croix as a Category 5 storm, will hit Puerto Rico tomorrow","OHurricane Maria se aproxima de St. Croix como uma tempestade de categoria 5, e atingirá a Puerto Rico amanhã.","OHurricane Maria approaches St. Croix like a Category 5 storm, and will strike Puerto Rico tomorrow.",qwen/prompt3,0.9611496925354001
"Hurricane Maria approaches St. Croix as a Category 5 storm, will hit Puerto Rico tomorrow","O furacão Maria aproxima-se de St. Croix como uma tempestade de categoria 5, vai atingir Porto Rico amanhã",Hurricane Maria approaches St. Croix as a Category 5 storm will hit Puerto Rico tomorrow,marian/,0.9783692359924311
"Hurricane Maria approaches St. Croix as a Category 5 storm, will hit Puerto Rico tomorrow",O furacão Maria se aproxima de St. Croix como uma tempestade de Categoria 5 e atingirá Porto Rico amanhã.,Hurricane Maria is closing in on St. Croix like a Category 5 storm and will hit Puerto Rico tomorrow.,gpt/prompt4,0.9791736602783201
"Hurricane Maria approaches St. Croix as a Category 5 storm, will hit Puerto Rico tomorrow","""O furacão Maria se aproxima de St. Croix como uma tempestade de categoria 5, atingirá Puerto Rico amanhã.""","""Hurricane Maria is approaching St. Croix like a category 5 storm, will hit Puerto Rico tomorrow.""",mistral/prompt3,0.982004523277282
"Hurricane Maria approaches St. Croix as a Category 5 storm, will hit Puerto Rico tomorrow","Uma tempestade tropical Maria se aproxima de St. Croix como uma tempestade de categoria 5, irá atingir a ilha de Porto Rico amanhã.","A Tropical Storm Maria is approaching St. Croix as a Category 5 storm, and will hit the island of Puerto Rico tomorrow.",llama/prompt1,0.9840473532676691
"Hurricane Maria approaches St. Croix as a Category 5 storm, will hit Puerto Rico tomorrow",O furacão Maria se aproxima de St. Croix como uma tempestade de Categoria 5 e atingirá Porto Rico amanhã.,"""Hurricane Maria is approaching St. Croix as a Category 5 storm and will hit Puerto Rico tomorrow.""",gpt/prompt2,0.9912000298500061
"Hurricane Maria approaches St. Croix as a Category 5 storm, will hit Puerto Rico tomorrow","O Hurrican Maria se aproxima da St. Croix como uma tempestade da Categoria 5, vai atingir a Puerto Rico amanhã","Hurricane Maria approaches St. Croix like a Category 5 storm, and will hit Puerto Rico tomorrow.",qwen/prompt4,0.991414904594421
"Hurricane Maria approaches St. Croix as a Category 5 storm, will hit Puerto Rico tomorrow","Maria aproxima-se de St. Croix como uma tempestade de categoria 5, atingirá Porto Rico amanhã.","Maria is closing in on Saint Croix as a category 5 storm, hitting Puerto Rico tomorrow.",meta/,0.992403030395507
"Hurricane Maria approaches St. Croix as a Category 5 storm, will hit Puerto Rico tomorrow","O furacão Maria aproxima-se de St. Croix como uma tempestade de categoria 5, atingirá Porto Rico amanhã","Hurricane Maria approaches St. Croix as a Category 5 storm, will hit Puerto Rico tomorrow",gemmaX/,0.999358534812927
"Hurricane Maria approaches St. Croix as a Category 5 storm, will hit Puerto Rico tomorrow","Furacão Maria se aproxima de St. Croix como uma tempestade de categoria 5, atingirá Porto Rico amanhã.","Hurricane Maria approaches St. Croix as a Category 5 storm, will hit Puerto Rico tomorrow.",gemini/prompt2,0.9995821714401241
"Hurricane Maria approaches St. Croix as a Category 5 storm, will hit Puerto Rico tomorrow","Furacão Maria se aproxima de St. Croix como uma tempestade de Categoria 5 e atingirá Porto Rico amanhã.
",Hurricane Maria is approaching St. Croix as a Category 5 storm and will hit Puerto Rico tomorrow.,gemini/prompt1,1.0
"Hurricane Maria approaches St. Croix as a Category 5 storm, will hit Puerto Rico tomorrow",O furacão Maria se aproxima de St. Croix como uma tempestade de categoria 5 e deve atingir Porto Rico amanhã.,Hurricane Maria is approaching St. Croix as a Category 5 storm and is expected to hit Puerto Rico tomorrow.,gemma3/prompt1,1.0
"Hurricane Maria approaches St. Croix as a Category 5 storm, will hit Puerto Rico tomorrow",O furacão Maria se aproxima de St. Croix como tempestade de categoria 5 e deve atingir Porto Rico amanhã.,Hurricane Maria is approaching St. Croix as a Category 5 storm and is expected to hit Puerto Rico tomorrow.,gemma3/prompt2,1.0
"Hurricane Maria approaches St. Croix as a Category 5 storm, will hit Puerto Rico tomorrow","O furacão Maria se aproxima de St. Croix como uma tempestade de Categoria 5, vai atingi Puerto Rico amanhã.","Hurricane Maria is approaching St. Croix as a Category 5 storm, it will hit Puerto Rico tomorrow.",gpt/prompt1,1.0
"Hurricane Maria approaches St. Croix as a Category 5 storm, will hit Puerto Rico tomorrow","O furacão Maria se aproxima de Saint Croix como uma tempestade de categoria 5, atingirá Puerto Rico amanhã.",Hurricane Maria is approaching Saint Croix as a category 5 storm and will hit Puerto Rico tomorrow.,mistral/prompt1,1.0
"Hurricane Maria approaches St. Croix as a Category 5 storm, will hit Puerto Rico tomorrow",O Furacão Maria está se aproximando de St. Croix como uma tempestade de categoria 5 e deve atingir Puerto Rico amanhã.,Hurricane Maria is approaching St. Croix as a category 5 storm and is expected to hit Puerto Rico tomorrow.,mistral/prompt2,1.0
"Hurricane Maria approaches St. Croix as a Category 5 storm, will hit Puerto Rico tomorrow",O Furacão Maria se aproxima da St. Croix como uma tempestade de Categoria 5 e vai atingir a Puerto Rico amanhã.,Hurricane Maria approaches St. Croix as a Category 5 storm and will hit Puerto Rico tomorrow.,qwen/prompt1,1.0
"Hurricane Maria approaches St. Croix as a Category 5 storm, will hit Puerto Rico tomorrow",O Furacão María se aproxima da St. Croix como uma tempestade da Categoria 5 e vai atingir a Puerto Rico amanhã.,The Hurricane María approaches St. Croix as a Category 5 storm and will hit Puerto Rico tomorrow.,qwen/prompt2,1.0
Berkshire Hathaway Makes a $9 Billion Bid for Energy Future Holdings,"Berkshire Hathaway lança um anzol de 9 bilhões de dólares nas profundezas da Energy Future Holdings.
",Berkshire Hathaway casts a $9 billion hook into the depths of Energy Future Holdings.,gemini/prompt3,0.770662188529968
Berkshire Hathaway Makes a $9 Billion Bid for Energy Future Holdings,"Berkshire Hathaway Lança uma Oferta de $9 Bilhões para a Energy Future Holdings.
",Berkshire Hathaway Unveils a $9 Billion Lifeline for Energy Future Holdings.,gemma3/prompt4,0.790912270545959
Berkshire Hathaway Makes a $9 Billion Bid for Energy Future Holdings,Berkshire Hathaway Lança um Tentáculo de US$ 9 Bilhões para a Energy Future Holdings.,Berkshire Hathaway Extends a $9 Billion Tentacle to Energy Future Holdings.,gemma3/prompt3,0.8047490119934081
Berkshire Hathaway Makes a $9 Billion Bid for Energy Future Holdings,Berkshire Hathaway Faz uma Oferta de $9 Bilhões pela Energia Future,"""The Berkshire Hathaway makes a $9 billion offer for the Future Energy.""",mistral/prompt3,0.8104634881019591
Berkshire Hathaway Makes a $9 Billion Bid for Energy Future Holdings,Berkshire Hathaway Faz Uma Oferta de 9 Mil milhões de dólares em Energia Futura Holdings,Berkshire Hathaway makes a $9 billion offer on energy futures holdings on the street market .,meta/,0.820791721343994
Berkshire Hathaway Makes a $9 Billion Bid for Energy Future Holdings,A Berkshire Hathaway lança uma oferta de US$ 9 bilhões pelo futuro de Energy Future Holdings.,A Berkshire Hathaway lançou uma aposta de US$ 9 bilhões pelo futuro de Energy Future Holdings.,llama/prompt3,0.829614579677581
Berkshire Hathaway Makes a $9 Billion Bid for Energy Future Holdings,"Berkshire Hathaway estende a mão e abocanha a Energy Future Holdings com uma oferta de 9 bilhões de dólares.
",Berkshire Hathaway reached out and swallowed Energy Future Holdings whole with a $9 billion bid.,gemini/prompt4,0.850072026252746
Berkshire Hathaway Makes a $9 Billion Bid for Energy Future Holdings,"Berkshire Hathaway Lança uma ""Aposta"" de 9 Bilhões de Dólares em Energy Future Holdings","""Berkshire Hathaway Places a Nine-Billion-Dollar 'Bet' on Energy Future Holdings""",qwen/prompt3,0.8578299283981321
Berkshire Hathaway Makes a $9 Billion Bid for Energy Future Holdings,Berkshire Hathaway dá um lance de 9 bilhões de dólares por能源未来控股公司,Berkshire Hathaway throws a billion-dollar bid for Energy Future Holdings Corporation,qwen/prompt4,0.8784489631652831
Berkshire Hathaway Makes a $9 Billion Bid for Energy Future Holdings,A Berkshire Hathaway Lança um Lance de $9 Bilhões pelo Futuro Energético.,Berkshire Hathaway Makes a $9 Billion Bid for the Energy Future.,gpt/prompt3,0.918896794319152
Berkshire Hathaway Makes a $9 Billion Bid for Energy Future Holdings,"""Berkshire Hathaway Apresenta Oferta de $9 Bilhões por Energy Future Holdings""","""Berkshire Hathaway Offers $9 Billion Bid for Energy Future Holdings""",mistral/prompt4,0.9213035702705381
Berkshire Hathaway Makes a $9 Billion Bid for Energy Future Holdings,A Berkshire Hathaway lança um leilão de US$ 9 bilhões pela Energy Future Holdings.,"""Berkshire Hathaway launches $9 billion auction for Energy Future Holdings.""",llama/prompt2,0.944507241249084
Berkshire Hathaway Makes a $9 Billion Bid for Energy Future Holdings,"Berkshire Hathaway faz oferta de US$ 9 bilhões pela Energy Future Holdings.
","Berkshire Hathaway makes $9 billion bid for Energy Future Holdings.
",gemini/prompt2,0.9604004621505731
Berkshire Hathaway Makes a $9 Billion Bid for Energy Future Holdings,A Berkshire Hathaway lança uma oferta de $9 bilhões para a Energy Future Holdings.,Berkshire Hathaway is making a $9 billion pitch for Energy Future Holdings.,llama/prompt4,0.96091741323471
Berkshire Hathaway Makes a $9 Billion Bid for Energy Future Holdings,A Berkshire Hathaway faz uma oferta de 9 bilhões de dólares pelo futuro energético.,Berkshire Hathaway is making a $9 billion bid for the energy future.,gpt/prompt4,0.9670554399490351
Berkshire Hathaway Makes a $9 Billion Bid for Energy Future Holdings,Berkshire Hathaway Faz Oferta de $9 Bilhões por Energy Future Holdings,"""Berkshire Hathaway Makes $9 Billion Offer for Energy Future Holdings""",mistral/prompt1,0.96971172094345
Berkshire Hathaway Makes a $9 Billion Bid for Energy Future Holdings,Berkshire Hathaway faz uma licitação de $9 mil milhões para futuras explorações de energia,Berkshire Hathaway makes a $9 billion bid for future energy explorations,marian/,0.9786861538887021
Berkshire Hathaway Makes a $9 Billion Bid for Energy Future Holdings,Berkshire Hathaway Faz uma Oferta de $9 Bilhões pela Energy Future Holdings,Berkshire Hathaway Makes an Offer of $9 Billion for Energy Future Holdings,mistral/prompt2,0.9809379577636711
Berkshire Hathaway Makes a $9 Billion Bid for Energy Future Holdings,Berkshire Hathaway faz uma oferta de 9 mil milhões de dólares pela Energy Future Holdings,Berkshire Hathaway makes $9 billion bid for Energy Future Holdings,gemmaX/,0.9822555184364311
Berkshire Hathaway Makes a $9 Billion Bid for Energy Future Holdings,A Berkshire Hathaway faz uma oferta de 9 bilhões de dólares pela Energy Future Holdings.,Berkshire Hathaway is offering $9 billion for Energy Future Holdings.,qwen/prompt2,0.9941850900650021
Berkshire Hathaway Makes a $9 Billion Bid for Energy Future Holdings,Berkshire Hathaway faz uma oferta de 9 bilhões de dólares por Energy Future Holdings,Berkshire Hathaway is making an offer of $9 billion for Energy Future Holdings.,qwen/prompt1,0.999405741691589
Berkshire Hathaway Makes a $9 Billion Bid for Energy Future Holdings,"Berkshire Hathaway faz oferta de 9 bilhões de dólares pela Energy Future Holdings.
",Berkshire Hathaway makes a $9 billion bid for Energy Future Holdings.,gemini/prompt1,1.0
Berkshire Hathaway Makes a $9 Billion Bid for Energy Future Holdings,A Berkshire Hathaway faz uma oferta de US$ 9 bilhões pela Energy Future Holdings.,Berkshire Hathaway makes a $9 billion offer for Energy Future Holdings.,gemma3/prompt1,1.0
Berkshire Hathaway Makes a $9 Billion Bid for Energy Future Holdings,Berkshire Hathaway faz uma oferta de US$ 9 bilhões pela Energy Future Holdings.,Berkshire Hathaway makes a $9 billion offer for Energy Future Holdings.,gemma3/prompt2,1.0
Berkshire Hathaway Makes a $9 Billion Bid for Energy Future Holdings,A Berkshire Hathaway faz uma oferta de 9 bilhões de dólares pela Energy Future Holdings.,Berkshire Hathaway makes a $9 billion offer for Energy Future Holdings.,gpt/prompt1,1.0
Berkshire Hathaway Makes a $9 Billion Bid for Energy Future Holdings,A Berkshire Hathaway faz uma oferta de 9 bilhões de dólares pela Energy Future Holdings.,Berkshire Hathaway makes a $9 billion bid for Energy Future Holdings.,gpt/prompt2,1.0
Berkshire Hathaway Makes a $9 Billion Bid for Energy Future Holdings,A Berkshire Hathaway fez um lance de US$ 9 bilhões para a Energy Future Holdings.,Berkshire Hathaway made a $9 billion bid for Energy Future Holdings.,llama/prompt1,1.0
Apple’s new ad shows how iPads are going to replace laptops,>>pt<< O novo anúncio da Apple mostra como os iPads vão substituir os laptops,"> g p A lp < p In the new Apple ad, it's shown how the iPads will take the place of laptops.",meta/,0.771694183349609
Apple’s new ad shows how iPads are going to replace laptops,"A nova propaganda da Apple sussurra que iPads vão aposentar os laptops.
",Apple's latest ad campaign whispers of iPads poised to inherit the laptop's crown.,gemini/prompt3,0.877612471580505
Apple’s new ad shows how iPads are going to replace laptops,O novo anúncio da Apple mostra como os iPads estão prestes a substituir as laptops.,The new Apple announcement shows how iPads are about to kick the bucket for laptops.,qwen/prompt4,0.878273010253906
Apple’s new ad shows how iPads are going to replace laptops,O novo anúncio da Apple demonstra como os iPads estão prestes a destronar os laptops.,Apple’s latest ad heralds the moment iPads are poised to unseat laptops from their throne.,gemma3/prompt4,0.890557765960693
Apple’s new ad shows how iPads are going to replace laptops,"O novo anúncio da Apple mostra como os iPads vão sepultar os laptops.
",Apple's new ad paints a picture of iPads putting laptops in their graves.,gemini/prompt4,0.8906509876251221
Apple’s new ad shows how iPads are going to replace laptops,O novo anúncio da Apple revela como os iPads estão prontos para assumir o lugar dos laptops.,Apple’s latest ad unveils the iPad’s ascendance – poised to claim the laptop’s throne.,gemma3/prompt3,0.9343676567077631
Apple’s new ad shows how iPads are going to replace laptops,O novo anúncio da Apple mostra como os iPads estão prestes a ultrapassar os laptops.,"""The new Apple announcement shows how iPads are on the verge of surpassing laptops.""",llama/prompt4,0.9574887752532951
Apple’s new ad shows how iPads are going to replace laptops,A nova propaganda da Apple mostra como os iPads vão substituir os laptops.,"""A new Apple ad campaign reveals how iPads will dethrone laptops.""",llama/prompt3,0.9685180187225341
Apple’s new ad shows how iPads are going to replace laptops,O novo anúncio da Apple mostra como os iPads vão desbancar os laptops.,"""The new Apple ad shows how iPads will dethrone laptops.""",gpt/prompt3,0.977662563323974
Apple’s new ad shows how iPads are going to replace laptops,A nova anúncio da Apple demonstra como os iPad estão para substituir os laptops.,The new Apple announcement showcases how iPads are poised to replace laptops.,qwen/prompt3,0.9778608083724971
Apple’s new ad shows how iPads are going to replace laptops,"Apple’s new ad shows how iPads are going to replace laptops

Apple's nova propaganda mostra como os iPads estão prestes a substituir os laptops",'Apple’s new ad demonstrates how iPads are about to replace laptops',mistral/prompt4,0.9829688072204591
Apple’s new ad shows how iPads are going to replace laptops,O novo comercial da Apple mostra como os iPads vão tomar o lugar dos laptops.,The new Apple commercial demonstrates how iPads will take the throne from laptops.,gpt/prompt4,0.9881229400634761
Apple’s new ad shows how iPads are going to replace laptops,Novo anúncio da Apple mostra como os iPads vão substituir os portáteis,New Apple ad shows how iPads will replace laptops,gemmaX/,0.9912000298500061
Apple’s new ad shows how iPads are going to replace laptops,O novo anúncio da Apple mostra como os iPads irão substituir os laptops.,The new Apple announcement shows how iPads will replace laptops.,llama/prompt1,0.9912000298500061
Apple’s new ad shows how iPads are going to replace laptops,"""O novo anúncio da Apple mostra como os iPads vão substituir os laptops.""","""The new Apple announcement shows how iPads will replace laptops.""",llama/prompt2,0.9912000298500061
Apple’s new ad shows how iPads are going to replace laptops,A nova anúncio da Apple mostra como os tablets iPad vão substituir os laptops.,The new Apple announcement shows how iPad tablets will replace laptops.,qwen/prompt1,0.9912000298500061
Apple’s new ad shows how iPads are going to replace laptops,A nova anúncio da Apple mostra como os iPads vão substituir os laptops.,The new Apple announcement shows how iPads will replace laptops.,qwen/prompt2,0.9912000298500061
Apple’s new ad shows how iPads are going to replace laptops,"""O novo anúncio da Apple mostra como iPads podem substituir laptops""","""The latest Apple ad demonstrates how iPads can replace laptops.""",mistral/prompt3,0.997593998908996
Apple’s new ad shows how iPads are going to replace laptops,"O novo anúncio da Apple mostra como iPads vão substituir laptops.
",Apple's new ad shows how iPads will replace laptops.,gemini/prompt1,1.0
Apple’s new ad shows how iPads are going to replace laptops,O novo anúncio da Apple mostra como os iPads vão substituir os laptops.,Apple's new ad showcases how iPads will replace laptops.,gemini/prompt2,1.0
Apple’s new ad shows how iPads are going to replace laptops,O novo anúncio da Apple mostra como os iPads vão substituir laptops.,Apple's new ad shows how iPads will replace laptops.,gemma3/prompt1,1.0
Apple’s new ad shows how iPads are going to replace laptops,"O novo anúncio da Apple mostra como os iPads vão substituir laptops.
",Apple's new ad shows how iPads will replace laptops.,gemma3/prompt2,1.0
Apple’s new ad shows how iPads are going to replace laptops,O novo anúncio da Apple mostra como os iPads vão substituir os laptops.,The new Apple ad shows how iPads will replace laptops.,gpt/prompt1,1.0
Apple’s new ad shows how iPads are going to replace laptops,O novo anúncio da Apple mostra como os iPads vão substituir os laptops.,The new Apple ad shows how iPads will replace laptops.,gpt/prompt2,1.0
Apple’s new ad shows how iPads are going to replace laptops,O novo anúncio da Apple mostra como iPads vão substituir laptops,Apple's new ad shows how iPads will replace laptops,marian/,1.0
Apple’s new ad shows how iPads are going to replace laptops,A Apple's novo anúncio mostra como os iPads vão substituir os laptops,Apple's new announcement shows how iPads are replacing laptops.,mistral/prompt1,1.0
Apple’s new ad shows how iPads are going to replace laptops,Novo comercial da Apple mostra como os iPads vão substituir os laptops.,New Apple commercial shows how iPads are replacing laptops.,mistral/prompt2,1.0
Someone Made a Fake Equifax Site. Then Equifax Linked to It.,"Alguém forjou um clone da Equifax. Depois, a Equifax se enroscou nele.","Someone cobbled together a shadow Equifax. Then, Equifax got tangled in its own ghost.",gemma3/prompt4,0.7163734436035151
Someone Made a Fake Equifax Site. Then Equifax Linked to It.,"Alguém forjou um site falso da Equifax. E então a Equifax deu um match.
",Someone cooked up a fake Equifax site. And then Equifax took the bait.,gemini/prompt4,0.7577548027038571
Someone Made a Fake Equifax Site. Then Equifax Linked to It.,"Alguém criou um site falso da Equifax. Depois, a Equifax vinculou a ele.",Someone spun a fake Equifax site. Then Equifax hitched it.,mistral/prompt3,0.785457611083984
Someone Made a Fake Equifax Site. Then Equifax Linked to It.,"Alguém forjou uma Equifax de mentira. E a própria Equifax deu corda à farsa.
",Someone spun a fake Equifax. And Equifax itself played along.,gemini/prompt3,0.8101673722267151
Someone Made a Fake Equifax Site. Then Equifax Linked to It.,"Alguém criou um site falso do Equifax. Em seguida, o Equifax o ligou.","Someone created a fake Equifax website, and then Equifax called him back.",llama/prompt1,0.84047532081604
Someone Made a Fake Equifax Site. Then Equifax Linked to It.,Alguém criou um espelho falso da Equifax. E a Equifax se viu nele.,Someone built a deceptive mirror for Equifax. And Equifax looked into it.,gemma3/prompt3,0.8899345397949211
Someone Made a Fake Equifax Site. Then Equifax Linked to It.,"Alguém Criou um Site Falso da Equifax. Em seguida, a Equifax Se Associou a Ele.","Someone forged an Equifax website. Then, Equifax shook hands with the forger.",qwen/prompt3,0.8905637264251701
Someone Made a Fake Equifax Site. Then Equifax Linked to It.,"Alguém Cria um Site Falso da Equifax. Depois, a Equifax é Associada a Ele.","Someone Forges an Equifax Fake Website. Then, Equifax is Linked to It.",qwen/prompt4,0.9321368932723991
Someone Made a Fake Equifax Site. Then Equifax Linked to It.,Alguém montou um falso site da Equifax. E logo a Equifax foi direcionada para lá.,Someone built a fake Equifax site. And then Equifax was redirected there.,llama/prompt4,0.9496879577636711
Someone Made a Fake Equifax Site. Then Equifax Linked to It.,"Alguém criou um site de Equifax falsificado. Em seguida, a Equifax ligou-se a ele.","""Alguém criou uma réplica digital falsa da Equifax. Em seguida, a Equifax se conectou a ela.""",llama/prompt3,0.952297568321228
Someone Made a Fake Equifax Site. Then Equifax Linked to It.,"Alguém fez um equifax falso, depois o equifax ligado a ele.","Someone made a fake equifax, then the equifax connected to it.",marian/,0.9535809755325311
Someone Made a Fake Equifax Site. Then Equifax Linked to It.,"Alguém criou um site falso da Equifax. Depois, a Equifax apontou para ele.",Someone set up a fake Equifax website. Then Equifax pointed at it.,mistral/prompt4,0.9610456228256221
Someone Made a Fake Equifax Site. Then Equifax Linked to It.,Alguém criou um site falso da Equifax. Então a Equifax fez a conexão.,Someone created a fake Equifax website. Then Equifax made the link.,gpt/prompt4,0.975729465484619
Someone Made a Fake Equifax Site. Then Equifax Linked to It.,Alguém Criou um Site Falso da Equifax. Então a Equifax Fez a Conexão.,"""Someone Created a Fake Equifax Site. Then Equifax Made the Connection.""",gpt/prompt3,0.9794400334358211
Someone Made a Fake Equifax Site. Then Equifax Linked to It.,Alguém fez um site falso da Equifax. Então a Equifax fez um link para ele.,"""Someone made a fake Equifax website. Then Equifax linked to it.""",gpt/prompt2,0.9912000298500061
Someone Made a Fake Equifax Site. Then Equifax Linked to It.,"Alguém fez um site falso da Equifax. Então a Equifax linkou a ele.
",Someone made a fake Equifax website. Then Equifax linked to it.,gemini/prompt1,1.0
Someone Made a Fake Equifax Site. Then Equifax Linked to It.,Alguém Criou um Site Falso da Equifax. Então a Equifax Linkou a Ele.,Someone Created a Fake Equifax Site. Then Equifax Linked to It.,gemini/prompt2,1.0
Someone Made a Fake Equifax Site. Then Equifax Linked to It.,"Alguém criou um site falso da Equifax. Então, a Equifax o linkou.","Someone created a fake Equifax website. Then, Equifax linked to it.",gemma3/prompt1,1.0
Someone Made a Fake Equifax Site. Then Equifax Linked to It.,"Alguém criou um site falso da Equifax. Depois, a Equifax fez um link para ele.","Someone created a fake Equifax website. Then, Equifax linked to it.",gemma3/prompt2,1.0
Someone Made a Fake Equifax Site. Then Equifax Linked to It.,Alguém criou um site falso da Equifax. Então a Equifax criou um link para ele.,Someone created a fake Equifax website. So Equifax created a link to it.,gemmaX/,1.0
Someone Made a Fake Equifax Site. Then Equifax Linked to It.,"""Alguém criou um site falso da Equifax. Então a Equifax fez um link para ele.""","""Someone created a fake Equifax website. Then Equifax linked to it.""",gpt/prompt1,1.0
Someone Made a Fake Equifax Site. Then Equifax Linked to It.,Alguém criou um site falso da Equifax. Depois a Equifax vinculou-se a ele.,"Someone created a fake Equifax website. Later, Equifax linked to it.",llama/prompt2,1.0
Someone Made a Fake Equifax Site. Then Equifax Linked to It.,"Alguém criou um site Equifax falso, e depois, o Equifax vinculou-se a ele.",Someone set up a fake Equifax website and then Equifax linked to it.,meta/,1.0
Someone Made a Fake Equifax Site. Then Equifax Linked to It.,"Alguém criou um site falso da Equifax. Depois, a Equifax o conectou.","Someone created a fake Equifax website. Then, Equifax linked to it.",mistral/prompt1,1.0
Someone Made a Fake Equifax Site. Then Equifax Linked to It.,"Alguém criou um site falso da Equifax. Depois, a Equifax publicou um link para ele.","Someone created a fake Equifax website. Then, Equifax posted a link to it.",mistral/prompt2,1.0
Someone Made a Fake Equifax Site. Then Equifax Linked to It.,Alguém criou um site falso da Equifax. Então a Equifax o vinculou a ele.,Someone created a fake Equifax website. Then Equifax linked to it.,qwen/prompt1,1.0
Someone Made a Fake Equifax Site. Then Equifax Linked to It.,Alguém criou um site falso da Equifax. Então a Equifax o vinculou a ele.,"Someone created a fake Equifax website. Then, Equifax linked to it.",qwen/prompt2,1.0
What Christian Artifacts of the Middle East Can Show Us About Tolerance,O que Relíquias Cristãs do Oriente Médio Revelam Sobre a Arte de Conviver.,What Echoes of the East Speak of Shared Humanity.,gemma3/prompt3,0.485659033060073
What Christian Artifacts of the Middle East Can Show Us About Tolerance,Que Relíquias Cristãs do Oriente Médio Revelam Sobre a Tolerância?,What Echoes of Eastern Christian Artifacts Whisper About Forgiveness?,gemma3/prompt4,0.724189102649688
What Christian Artifacts of the Middle East Can Show Us About Tolerance,"What Christian Artifacts of the Middle East Can Show Us About Tolerance pode ser traduzido para o português como:

Quais Objetos Cristãos do Oriente Médio Podem nos Ensinar sobre Tolerância","""Quais Objetos Cristãos do Oriente Médio Podem nos Ensinar sobre Tolerância'",mistral/prompt4,0.9117796421051021
What Christian Artifacts of the Middle East Can Show Us About Tolerance,O que os Vestígios Cristãos do Oriente Médio Podem Nos Ensinar Sobre Tolerância.,"""What the Christian Footprints of the Middle East Can Teach Us About Tolerance.""",gpt/prompt3,0.9266674518585201
What Christian Artifacts of the Middle East Can Show Us About Tolerance,O que os artefatos cristãos do Oriente Médio podem nos mostrar sobre a tolerância.,"""O que as testemunhas da fé cristã do Oriente Médio podem nos revelar sobre a paciência.""",llama/prompt3,0.931337475776672
What Christian Artifacts of the Middle East Can Show Us About Tolerance,O que os Artefatos Cristãos do Oriente Médio Podem Nos Revelar Sobre Tolerância,"""What Can Middle Eastern Christian Artifacts Reveal to Us Metaphorically About Tolerance?""",qwen/prompt3,0.93306279182434
What Christian Artifacts of the Middle East Can Show Us About Tolerance,"O que os artefatos cristãos do Oriente Médio podem nos mostrar sobre a tolerância.
",What Christian artifacts from the Middle East whisper to us about tolerance.,gemini/prompt4,0.9731726646423341
What Christian Artifacts of the Middle East Can Show Us About Tolerance,"""O Que os Artigos Religiosos Cristãos do Oriente Médio Podem Nos Revelar Sobre Tolerância""","""What Can Middle Eastern Christian Religious Texts Reveal to Us About Tolerance?""",qwen/prompt2,0.9770901203155511
What Christian Artifacts of the Middle East Can Show Us About Tolerance,"O que as relíquias cristãs do Oriente Médio podem nos ensinar sobre a arquitetura da tolerância.
",What the relics of Middle Eastern Christianity can teach us about the architecture of tolerance.,gemini/prompt3,0.9804633855819701
What Christian Artifacts of the Middle East Can Show Us About Tolerance,Quais Artigos Cristãos do Oriente Médio Podem nos Ensinar Sobre Tolerância?,What Christian Articles from the Middle East Can Teach Us About Tolerance?,mistral/prompt2,0.9867111444473261
What Christian Artifacts of the Middle East Can Show Us About Tolerance,O que os Artefatos Cristãos do Oriente Médio Podem Nos Revelar Sobre Tolerância,What Can Middle Eastern Christian Artifacts Reveal to Us About Tolerance?,qwen/prompt4,0.9875938892364501
What Christian Artifacts of the Middle East Can Show Us About Tolerance,O que os artefatos cristãos do Oriente Médio podem nos mostrar sobre Tolerância.,"""What Christian artifacts in the Middle East can show us about Tolerance.""",llama/prompt4,0.990302503108978
What Christian Artifacts of the Middle East Can Show Us About Tolerance,O que os Artefatos Cristãos do Oriente Médio podem nos mostrar sobre tolerância.,"""What Middle Eastern Christian Artifacts can show us about tolerance.""",gpt/prompt1,0.9912000298500061
What Christian Artifacts of the Middle East Can Show Us About Tolerance,Qual arte cristã do Oriente Médio pode nos ensinar sobre a tolerância,What Eastern Christian art can teach us about tolerance,mistral/prompt1,0.9912000298500061
What Christian Artifacts of the Middle East Can Show Us About Tolerance,O que os Artefatos Cristãos do Oriente Médio Podem Nos Ensinar Sobre Tolerância,What Middle Eastern Christian Artifacts Can Teach Us About Tolerance,gpt/prompt4,0.9939448833465571
What Christian Artifacts of the Middle East Can Show Us About Tolerance,Objetos cristãos do Oriente Médio podem revelar muito sobre a tolerância.,Christian relics from the Middle East can reveal a lot about tolerance.,mistral/prompt3,0.9987677335739131
What Christian Artifacts of the Middle East Can Show Us About Tolerance,"O que Artefatos Cristãos do Oriente Médio Podem Nos Mostrar Sobre Tolerância
",What Christian Artifacts from the Middle East Can Show Us About Tolerance,gemini/prompt1,1.0
What Christian Artifacts of the Middle East Can Show Us About Tolerance,"O que os Artefatos Cristãos do Oriente Médio Podem Nos Mostrar Sobre Tolerância
","What Middle Eastern Christian Artifacts Can Show Us About Tolerance
",gemini/prompt2,1.0
What Christian Artifacts of the Middle East Can Show Us About Tolerance,O que artefatos cristãos do Oriente Médio podem nos mostrar sobre tolerância?,What can Christian artifacts from the Middle East tell us about tolerance?,gemma3/prompt1,1.0
What Christian Artifacts of the Middle East Can Show Us About Tolerance,O que artefatos cristãos do Oriente Médio podem nos mostrar sobre tolerância.,What can Christian artifacts from the Middle East tell us about tolerance?,gemma3/prompt2,1.0
What Christian Artifacts of the Middle East Can Show Us About Tolerance,O que os artefatos cristãos do Oriente Médio podem nos mostrar sobre tolerância,What Christian artifacts from the Middle East can show us about tolerance,gemmaX/,1.0
What Christian Artifacts of the Middle East Can Show Us About Tolerance,"""O que os Artefatos Cristãos do Oriente Médio Podem Nos Mostrar Sobre Tolerância""","""What Middle Eastern Christian Artifacts Can Show Us About Tolerance""",gpt/prompt2,1.0
What Christian Artifacts of the Middle East Can Show Us About Tolerance,"""O que os artefatos cristãos do Oriente Médio podem nos mostrar sobre a tolerância""","""What Christian artifacts from the Middle East can show us about tolerance""",llama/prompt1,1.0
What Christian Artifacts of the Middle East Can Show Us About Tolerance,"""O que os artefatos cristãos do Oriente Médio podem nos mostrar sobre tolerância"".","""What Christian artifacts from the Middle East can teach us about tolerance.""",llama/prompt2,1.0
What Christian Artifacts of the Middle East Can Show Us About Tolerance,O que os artefatos cristãos do Oriente Médio podem nos mostrar sobre a tolerância,What the Christian artifacts of the Middle East can show us about tolerance,marian/,1.0
What Christian Artifacts of the Middle East Can Show Us About Tolerance,>pt<<O que artefatos cristãos do Oriente Médio podem nos ensinar sobre a tolerancia,What Christian Artifacts from the Middle East Can Teach Us About Tolerance,meta/,1.0
What Christian Artifacts of the Middle East Can Show Us About Tolerance,O que os Artefatos Cristãos do Oriente Médio Podem nos Revelar Sobre Tolerância,What Can Middle Eastern Christian Artifacts Reveal About Tolerance?,qwen/prompt1,1.0
Four States Declare ‘State of Emergency’ as Tropical Storm Nate Approaches,Quatro estados decretam'situação de emergência' à medida que a Tempestade Tropical Nate se aproxima.,Four states ring the alarm.,gemma3/prompt4,0.524081230163574
Four States Declare ‘State of Emergency’ as Tropical Storm Nate Approaches,Quatro Estados Declaram 'Estatuto de Emergência' à Vista da Tropical Stella Nathan,Four States Declare 'State of Metaphorical Emergency' in View of the Tropical Stella Nathan,qwen/prompt4,0.7166872024536131
Four States Declare ‘State of Emergency’ as Tropical Storm Nate Approaches,"Quatro estados acendem o sinal de alerta com a aproximação da tempestade tropical Nate.
",Four states raise a red flag as Tropical Storm Nate barrels closer.,gemini/prompt4,0.8692855834960931
Four States Declare ‘State of Emergency’ as Tropical Storm Nate Approaches,"Quatro estados decretam ""estado de emergência"" com a tempestade Nate à espreita.",Four states declare a state of emergency as the storm Nate shadows them.,gemma3/prompt3,0.877063035964965
Four States Declare ‘State of Emergency’ as Tropical Storm Nate Approaches,Quatro Estados Declaram 'Estado de Alerta' com a Chegada da Tempestade Tropical Nate.,"""Four States Sound the Alarm as Tropical Storm Nate Approaches.""",gpt/prompt3,0.9070245027542111
Four States Declare ‘State of Emergency’ as Tropical Storm Nate Approaches,Quatro Estados Declaram Estado de Emergência à Abordagem de Tempestade Tropical Nate,Four States Declare Emergency Over Tropical Storm Nate Approach,mistral/prompt4,0.9178463220596311
Four States Declare ‘State of Emergency’ as Tropical Storm Nate Approaches,Quatro Estados Declaram 'Estado de Emergência' enquanto a Tempestade Tropical Nate se Aproxima.,Quatro estados declaram 'Estado de Emergência' enquanto a Tempestade Tropical Nate está a descarregar sua ira sobre a costa.,llama/prompt3,0.9425799846649171
Four States Declare ‘State of Emergency’ as Tropical Storm Nate Approaches,"Quatro estados acendem o alerta vermelho: a tempestade tropical Nate se aproxima.
",Four states are on red alert: Hurricane Nate is bearing down.,gemini/prompt3,0.9551150798797601
Four States Declare ‘State of Emergency’ as Tropical Storm Nate Approaches,Quatro Estados Declaram Estado de Emergência à medida que a Tempestade Tropical Nate Se Aproxima.,Four Regions Announce State of Emergency as Tropical Storm Nate Draws Near,mistral/prompt3,0.9630372524261471
Four States Declare ‘State of Emergency’ as Tropical Storm Nate Approaches,Quatro Estados Declaram ‘Estado de Emergência’ à Medida que a Tempestade Tropical Nate se Aproxima,Four States Declare 'State of Emergency' as Tropical Storm Nate Approaches,gpt/prompt4,0.9674071073532101
Four States Declare ‘State of Emergency’ as Tropical Storm Nate Approaches,Quatro Estados Declaram 'Estado de Emergência' à medida que a Tempestade Tropical Nate se Aproxima,"""Four States Declare 'State of Emergency' as Tropical Storm Nate Approaches.""",llama/prompt1,0.9708610773086541
Four States Declare ‘State of Emergency’ as Tropical Storm Nate Approaches,Quatro Estados Declaram 'Estado de Emergência' à Espera do Furacão Nate,Four States Proclaim 'State of Emergency' in Anticipation of Hurricane Nate,qwen/prompt3,0.9777023792266841
Four States Declare ‘State of Emergency’ as Tropical Storm Nate Approaches,Quatro Estados Declararam 'Estado de Emergência' à medida que a Tempestade Tropical Nate se Approxima,Four States Declared 'State of Emergency' as Hurricane Nate Approaches,mistral/prompt2,0.9837176799774171
Four States Declare ‘State of Emergency’ as Tropical Storm Nate Approaches,Quatro Estados Declaram 'Estado de Emergência' à approach of Tropical Storm Nate,Four States Declare 'State of Emergency' Ahead of Tropical Storm Nate,mistral/prompt1,0.9850627183914181
Four States Declare ‘State of Emergency’ as Tropical Storm Nate Approaches,"Quatro estados declaram ""estado de emergência"" enquanto Tempestade Tropical Nate se aproxima.","Four states declare ""state of emergency"" as Tropical Storm Nate draws near.",llama/prompt4,0.9864540100097651
Four States Declare ‘State of Emergency’ as Tropical Storm Nate Approaches,Quatro Estados Declaram 'Situação de Emergência' à Vista da Aproximação da Tempestade Tropical Nate,Four States Declare 'State of Emergency' as Tropical Storm Nate Approaches,qwen/prompt1,0.9883013963699341
Four States Declare ‘State of Emergency’ as Tropical Storm Nate Approaches,Quatro estados declaram 'Estado de Emergência' à medida que a tempestade tropical Nate se aproxima.,"""Four states declare 'State of Emergency' as tropical storm Nate approaches.""",gpt/prompt1,0.989681482315063
Four States Declare ‘State of Emergency’ as Tropical Storm Nate Approaches,Quatro estados declaram 'Estado de Emergência' à medida que a tempestade tropical Nate se aproxima.,"""Four states declare 'State of Emergency' as tropical storm Nate approaches.""",gpt/prompt2,0.989681482315063
Four States Declare ‘State of Emergency’ as Tropical Storm Nate Approaches,Quatro Estados Declaram 'Estado de Emergência' à medida que a Tempestade Tropical Nate se Aproxima.,Four States Declare 'State of Emergency' as Tropical Storm Nate Draws Near.,llama/prompt2,0.992394924163818
Four States Declare ‘State of Emergency’ as Tropical Storm Nate Approaches,"Quatro estados declararam ""estado de emergência"" à medida que a tormenta Nate se aproxima","Four states have declared ""state of emergency"" as Nate approaches.",meta/,0.9941526651382441
Four States Declare ‘State of Emergency’ as Tropical Storm Nate Approaches,Quatro Estados Declaram 'Estado de Emergência' à medida que a Furacão Nate se Aproxima,Four States Declare 'State of Emergency' as Hurricane Nate Approaches,qwen/prompt2,0.9951874017715451
Four States Declare ‘State of Emergency’ as Tropical Storm Nate Approaches,"Quatro estados declaram ""estado de emergência"" com a aproximação da tempestade tropical Nate.
","Four states declare ""state of emergency"" with Tropical Storm Nate approaching.",gemini/prompt1,1.0
Four States Declare ‘State of Emergency’ as Tropical Storm Nate Approaches,"Quatro estados declaram ""estado de emergência"" com a aproximação da tempestade tropical Nate.
","Four states declare ""state of emergency"" as Tropical Storm Nate approaches.
",gemini/prompt2,1.0
Four States Declare ‘State of Emergency’ as Tropical Storm Nate Approaches,"Quatro estados declaram ""estado de emergência"" com a aproximação da tempestade tropical Nate.","Four states declare ""state of emergency"" as Tropical Storm Nate approaches.",gemma3/prompt1,1.0
Four States Declare ‘State of Emergency’ as Tropical Storm Nate Approaches,"Quatro estados declaram ""estado de emergência"" com a aproximação da tempestade tropical Nate.","Four states declare ""state of emergency"" as Tropical Storm Nate approaches.",gemma3/prompt2,1.0
Four States Declare ‘State of Emergency’ as Tropical Storm Nate Approaches,"Quatro Estados declaram ""estado de emergência"" à medida que a tempestade tropical Nate se aproxima",Four states declare 'state of emergency' as Tropical Storm Nate approaches,gemmaX/,1.0
Four States Declare ‘State of Emergency’ as Tropical Storm Nate Approaches,"Quatro Estados declaram ""Estado de Emergência"" quando a tempestade tropical Nate se aproxima","Four states declare ""State of Emergency"" when tropical storm Nate approaches",marian/,1.0
"Man Sets Himself on Fire in Sydney, Protesting Immigration Policy","'Mulher se Imola em Sydney, Protestando contra a Política de Imigração'",Woman Sets Himself on Fire in Sydney Protest Against Immigration Policy,qwen/prompt1,0.5956342220306391
"Man Sets Himself on Fire in Sydney, Protesting Immigration Policy","Homem Sequestra Fogo em Sydney, Protestando Política de Imigração.","Man Arrests Himself for Fire in Sydney, Protesting Immigration Policy.",llama/prompt1,0.6922035217285151
"Man Sets Himself on Fire in Sydney, Protesting Immigration Policy","Em Sydney, a chama da indignação ateia fogo no peito de um homem, protestando contra a política imigratória.
","In Sydney, the fire of outrage rages in a man's chest, protesting immigration policy.",gemini/prompt4,0.814759731292724
"Man Sets Himself on Fire in Sydney, Protesting Immigration Policy","Põe Fogo em Si Mesmo em Sydney, Protestando Contra a Política de Imigração","Light Yourself on Fire in Sydney, Protestng Against the Immigration Policy",qwen/prompt4,0.8241562843322751
"Man Sets Himself on Fire in Sydney, Protesting Immigration Policy","Homem se Alcança em Fogo em Sydney, Protestando Política de Imigração.","""Man Reaches for Fire in Sydney, Protesting Immigration Policy.""",llama/prompt4,0.830141067504882
"Man Sets Himself on Fire in Sydney, Protesting Immigration Policy","Em Sydney, homem se cala em chamas, em protesto contra a política de imigração.","In Sydney, a man goes up in silent fire, defying immigration policy.",gemma3/prompt4,0.8502153158187861
"Man Sets Himself on Fire in Sydney, Protesting Immigration Policy","Homem Acende um Incêndio em Sydney, Protestando Contra a Política de Imigração","""Man Sets Sydney Ablaze, Protesting Immigration Policy""",mistral/prompt3,0.8503265380859371
"Man Sets Himself on Fire in Sydney, Protesting Immigration Policy","Homem Incendeia a Própria Alma em Sydney, Protestando Contra a Política de Imigração.","""Man Sets His Own Soul Ablaze in Sydney, Protesting Against Immigration Policy.""",gpt/prompt3,0.8786007761955261
"Man Sets Himself on Fire in Sydney, Protesting Immigration Policy","Em Sydney, labaredas consomem um homem em protesto contra as fronteiras.
","In Sydney, flames devour a man protesting borders.",gemma3/prompt3,0.8867714405059811
"Man Sets Himself on Fire in Sydney, Protesting Immigration Policy","Em Sydney, um homem ateia fogo à própria alma, protestando a política de imigração.
","In Sydney, a man sets his soul ablaze in protest of immigration policy.",gemini/prompt3,0.9354947209358211
"Man Sets Himself on Fire in Sydney, Protesting Immigration Policy","Homem se queima em Sydney, protestando contra a política de imigração",Man burned in Sydney protesting immigration policy.,mistral/prompt1,0.936017155647277
"Man Sets Himself on Fire in Sydney, Protesting Immigration Policy","Um homem se autoincendeia em Sydney,protestando contra a política de imigração.","""A man sets himself ablaze in Sydney, metaphorically protesting against immigration policies.""",qwen/prompt3,0.9719220399856561
"Man Sets Himself on Fire in Sydney, Protesting Immigration Policy","Homem se prende com fogo em Sydney, Protestando Política de Imigração","Man hangs on fire in Sydney, protesting Immigration Policy",marian/,0.9720658063888551
"Man Sets Himself on Fire in Sydney, Protesting Immigration Policy",Homem se Incendia em Sydney para Protestar contra a Política de Imigração.,"""Man Sets Himself on Fire in Sydney to Protest Immigration Policy.""",llama/prompt3,0.9754135608673091
"Man Sets Himself on Fire in Sydney, Protesting Immigration Policy","Homem Ateia Fogo em Si Mesmo em Sydney, Protestando Contra Política de Imigração
","Man Sets Himself on Fire in Sydney, Protesting Immigration Policy",gemini/prompt1,0.9841974973678581
"Man Sets Himself on Fire in Sydney, Protesting Immigration Policy","Homem se queima em Sydney, protestando contra a política de imigração.","Man burns in Sydney, protesting immigration policy.",mistral/prompt2,0.9872894287109371
"Man Sets Himself on Fire in Sydney, Protesting Immigration Policy","'Um homem se queima em Sydney, protestando contra a política de imigração'.","A man burns up in Sydney, protesting against immigration policy.",mistral/prompt4,0.98921799659729
"Man Sets Himself on Fire in Sydney, Protesting Immigration Policy","Homem ateia fogo em si mesmo em Sydney, protestando contra a política de imigração.
","Man sets himself on fire in Sydney, protesting immigration policy.",gemini/prompt2,1.0
"Man Sets Himself on Fire in Sydney, Protesting Immigration Policy","Homem se ateia fogo em Sydney, protestando contra política de imigração.","Man sets himself on fire in Sydney, protesting immigration policy.",gemma3/prompt1,1.0
"Man Sets Himself on Fire in Sydney, Protesting Immigration Policy","Homem se ateia fogo em Sydney, protestando contra a política de imigração.","Man sets himself on fire in Sydney, protesting immigration policy.",gemma3/prompt2,1.0
"Man Sets Himself on Fire in Sydney, Protesting Immigration Policy","Homem se imolta em Sydney, protestando contra política de imigração",Man sets himself on fire in Sydney to protest against immigration policy,gemmaX/,1.0
"Man Sets Himself on Fire in Sydney, Protesting Immigration Policy","Homem se incendeia em Sydney, protestando contra a política de imigração.","Man sets himself on fire in Sydney, protesting against immigration policy.",gpt/prompt1,1.0
"Man Sets Himself on Fire in Sydney, Protesting Immigration Policy","Homem se incendeia em Sydney, protestando contra a política de imigração.","Man sets himself on fire in Sydney, protesting against immigration policy.",gpt/prompt2,1.0
"Man Sets Himself on Fire in Sydney, Protesting Immigration Policy","Homem se incendeia em Sydney, protestando contra a política de imigração.","Man sets himself on fire in Sydney, protesting against immigration policy.",gpt/prompt4,1.0
"Man Sets Himself on Fire in Sydney, Protesting Immigration Policy",Homem se incendeia em Sydney para protestar contra a política de imigração.,Man sets himself on fire in Sydney to protest against immigration policy.,llama/prompt2,1.0
"Man Sets Himself on Fire in Sydney, Protesting Immigration Policy",">>pt<< Hombre se põe fogo em Sydney, protestando contra a política imigratória",Man sets himself on fire in Sydney protesting immigration policy,meta/,1.0
"Man Sets Himself on Fire in Sydney, Protesting Immigration Policy","Um homem se incendeia em Sydney, protestando contra a política de imigração.",A man sets himself on fire in Sydney protesting against immigration policy.,qwen/prompt2,1.0
North Korean foreign minister compares Trump's threat to dogs barking,"O ministro das Relações Exteriores da Coreia do Norte compara a ameaça de Trump aos cães latindo, ""latindo"" não é suficiente para essa pergunta. No Brasil: Compara ameaça de Trump a ""cães latindo a noite toda"".","O ministro das Relações Exteriores da Coreia do Norte compara a ameaça de Trump aos cães latindo, ""latindo"" não é suficiente para essa pergunta. No mundo anglófono: This compares Trump's threat to ""dogs barking at night.""",llama/prompt4,0.34489190578460605
North Korean foreign minister compares Trump's threat to dogs barking,cão latindo,barking dog,mistral/prompt4,0.42709553241729703
North Korean foreign minister compares Trump's threat to dogs barking,O ministro das Relações Exteriores da Coreia do Norte comparou a ameaça de Trump a latejões de cães.,The North Korean Minister of Foreign Affairs compared Trump's threat to dog whips.,qwen/prompt1,0.8499534130096431
North Korean foreign minister compares Trump's threat to dogs barking,O ministro das relações exteriores norte-coreano compara a ameaça de Trump a cães latindo para a lua.,North Korea’s foreign minister likened the threat from Trump to dogs barking at the moon.,gemma3/prompt3,0.90728086233139
North Korean foreign minister compares Trump's threat to dogs barking,Ministro das relações exteriores da Coreia do Norte compara ameaça de Trump a latidos de cachorro.,North Korea's Foreign Minister Compares Trump's Threats to Dog Barks.,gemma3/prompt1,0.91957938671112
North Korean foreign minister compares Trump's threat to dogs barking,Ministro das Relações Exteriores da Coreia do Norte compara ameaça de Trump a latidos de cachorro.,North Korean Foreign Minister Compares Trump's Threat to Barks of a Dog.,mistral/prompt1,0.9317274689674371
North Korean foreign minister compares Trump's threat to dogs barking,"O ministro das Relações Exteriores da Coreia do Norte compara a ameaça de Trump a latidos de cachorro.
",North Korea's Foreign Minister likens Trump's threats to a dog's bark.,gemini/prompt3,0.9397532343864441
North Korean foreign minister compares Trump's threat to dogs barking,O ministro das Relações Exteriores da Coreia do Norte comparou a ameaça de Trump a cães latindo.,"""The North Korean foreign minister likened Trump's threat to barking dogs.""",llama/prompt3,0.9484556317329401
North Korean foreign minister compares Trump's threat to dogs barking,"O ministro das Relações Exteriores da Coreia do Norte compara a ameaça de Trump a latidos de cachorro.
",North Korea's foreign minister likens Trump's threats to dog barks.,gemini/prompt4,0.948799014091491
North Korean foreign minister compares Trump's threat to dogs barking,Ministro das Relações Exteriores da Coreia do Norte compara a ameaça de Trump ao latido de cães.,"""North Korean Foreign Minister compares Trump's threat to the barking of dogs.""",gpt/prompt3,0.950066566467285
North Korean foreign minister compares Trump's threat to dogs barking,O ministro das Relações Exteriores da Coreia do Norte compara a ameaça de Trump a latidos de cachorros.,The Minister of Foreign Affairs of North Korea compares Trump's threat to barking dogs.,qwen/prompt4,0.9566957950592041
North Korean foreign minister compares Trump's threat to dogs barking,O ministro das Relações Exteriores da Coreia do Norte compara a ameaça de Trump a latidos de cães.,The North Korean Minister of Foreign Affairs compares Trump’s threat to barking dogs.,qwen/prompt3,0.9582139253616331
North Korean foreign minister compares Trump's threat to dogs barking,"O ministro das relações exteriores norte-coreano compara a ameaça de Trump a latidos de cão.
",North Korea’s foreign minister likens Trump’s threats to a dog’s barking.,gemma3/prompt4,0.9721372127532951
North Korean foreign minister compares Trump's threat to dogs barking,Ministro das Relações Exteriores da Coreia do Norte compara a ameaça de Trump a cães latindo.,North Korea's Foreign Minister compares Trump's threat to barking dogs.,gpt/prompt4,0.9726405143737791
North Korean foreign minister compares Trump's threat to dogs barking,"O ministro das Relações Exteriores da Coreia do Norte compara a ameaça de Trump a latidos de cães.
",North Korea's foreign minister likens Trump's threat to dog barks.,gemini/prompt1,0.973715424537658
North Korean foreign minister compares Trump's threat to dogs barking,O ministro das Relações Exteriores da Coreia do Norte compara a ameaça de Trump a latidos de cães.,North Korea's foreign minister likens Trump's threat to dog barks.,gemini/prompt2,0.974009275436401
North Korean foreign minister compares Trump's threat to dogs barking,O ministro das Relações Exteriores da Coreia do Norte compara a ameaça de Trump a cães latindo.,"""North Korea's Foreign Minister compares Trump's threat to barking dogs.""",llama/prompt2,0.9743769168853761
North Korean foreign minister compares Trump's threat to dogs barking,O ministro das Relações Exteriores da Coreia do Norte compara ameaça de Trump ao latido de cães.,North Korea's Foreign Minister compares Trump's threat to a dog's bark.,llama/prompt1,0.9758830070495601
North Korean foreign minister compares Trump's threat to dogs barking,O ministro das relações exteriores da Coreia do Norte compara ameaça de Trump a latidos de cães.,North Korea's foreign minister compares Trump's threats to dogs' barks.,gemma3/prompt2,0.9891277551651001
North Korean foreign minister compares Trump's threat to dogs barking,O ministro das Relações Exteriores da Coreia do Norte compara a ameaça de Trump a latidos de cães.,The North Korean foreign minister compares Trump's threat to dog barks.,mistral/prompt2,0.9901875853538511
North Korean foreign minister compares Trump's threat to dogs barking,Ministro norte-coreano dos Negócios Estrangeiros compara a ameaça de Trump aos cães latindo,North Korean Foreign Minister compares Trump's threat to barking dogs,marian/,0.9924539327621461
North Korean foreign minister compares Trump's threat to dogs barking,O ministro das Relações Exteriores da Coreia do Norte compara a ameaça de Trump a cães latindo.,The North Korean Foreign Minister compares Trump's threat to barking dogs.,gpt/prompt1,0.992705345153808
North Korean foreign minister compares Trump's threat to dogs barking,O ministro das Relações Exteriores da Coreia do Norte compara a ameaça de Trump ao latido de cães.,The North Korean Foreign Minister compares Trump's threat to the barking of dogs.,mistral/prompt3,0.9942301511764521
North Korean foreign minister compares Trump's threat to dogs barking,O ministro das Relações Exteriores da Coreia do Norte compara a ameaça de Trump a cachorros latindo.,The North Korean Foreign Minister compares Trump's threat to barking dogs.,gpt/prompt2,0.9949253797531121
North Korean foreign minister compares Trump's threat to dogs barking,Ministro dos negócios estrangeiros da Coreia do Norte compara a ameaça de Trump a latidos de cães,North Korea's foreign minister likens Trump's threat to the barking of dogs,gemmaX/,0.9969301223754881
North Korean foreign minister compares Trump's threat to dogs barking,O ministro dos Assuntos Exteriores da Coreia do Norte comparou a ameaça de Trump a latidos de cães.,The foreign minister of North Korea compared Trump's threat to barking dogs.,qwen/prompt2,0.997737884521484
North Korean foreign minister compares Trump's threat to dogs barking,Ministra dos Negócios Estrangeiros da Coreia do Norte compara a ameaça de Trump ao latido de cães.,North Korea's Foreign Minister compares the threat of Trump to dog barking.,meta/,0.999008417129516
How Neanderthals Influenced Human Genetics at the Crossroads of Asia and Europe,"Como os Neandertais influenciaram a genética humana nas encruzilhadas da Ásia e da Europa.

Tradução das palavras específicas e acrônimos (aqui mencionado neandertais) em suas versões equivalentes em português: 

- ""Neandertais"": Homo sapiens neanderthalensis
- ""Ásia e da Europa"": regiões do planeta 
- ""Influenciaram"": teve um impacto na evolução dos humanos.
- ""Genética humana"": conjunto de características hereditárias dos seres humanos.

Nesse contexto a frase traduzida manteria o mesmo sentido de uma ""Encruzilhada"" ou intersecção na genética humana.",Como o Homo sapiens neanderthalensis teve um impacto na evolução dos humanos nas intersecções da região asiática e da região europeia.,llama/prompt3,0.6006749868392941
How Neanderthals Influenced Human Genetics at the Crossroads of Asia and Europe,"A Influência dos Neandertais na Genética Humana na Encruzilhada da Ásia e da Europa

Enquanto o mar das datas genéticas se encontra com as ondas da história evolutiva, a costa da Ásia e da Europa oferece um porto de encontro para os barcos dos genes neandertais.

Nesta terra de encontro, as vagas do DNA de Homo sapiens e de Homo neanderthalensis se misturam, criando um oceano de diversidade genética.

A ponte entre as duas margens é guardada pelo sultão da genética, que permite que os genes neandertais se esgueiram silenciosamente pela fronteira da história, influenciando a genética humana.

No entanto, a viagem dos genes neandertais não é um passeio de barco tranquilo. Eles enfrentam tempest","A Influência dos Neandertais na Genética Humana na Encruzilhada da Ásia e da Europa.

Enquanto o mar das datas genéticas se encontra com as ondas da história evolutiva, a costa da Ásia e da Europa oferece um porto de encontro para os barcos dos genes neandertais.

Nesta terra de encontro, as vagas do DNA de Homo sapiens e de Homo neanderthalensis se misturam, criando um oceano de diversidade genética.

A ponte entre as duas margens é guardada pelo sultão da genética, que permite que os genes neandertais se esgueiram silenciosamente pela fronteira da história, influenciando a genética humana.

No entanto, a viagem dos genes neandertais não é um passeio de barco tranquilo: eles enfrentam tempestades",llama/prompt4,0.697958528995513
How Neanderthals Influenced Human Genetics at the Crossroads of Asia and Europe,Como os Neandertais Influenciaram a Genética Humana nas Fronteiras Entre Ásia e Europa,"""Like Neandertals Shaped the Genetic Map at the Borders Between Asia and Europe""",qwen/prompt3,0.7921200990676881
How Neanderthals Influenced Human Genetics at the Crossroads of Asia and Europe,Como as Sombras de Neanderthal Moldaram a Herança Humana no Encontro da Ásia e da Europa.,How the Echoes of Neanderthal Shaped Human Legacy at Asia’s and Europe’s Meeting.,gemma3/prompt3,0.8065996170043941
How Neanderthals Influenced Human Genetics at the Crossroads of Asia and Europe,Como os Neandertais Moldaram a Genética Humana no Encontro da Ásia e da Europa.,How Neanderthals Etched Themselves into Human DNA at Asia's and Europe's Crossroads.,gemma3/prompt4,0.820804953575134
How Neanderthals Influenced Human Genetics at the Crossroads of Asia and Europe,Como os Neandertais Influenciaram a Genética Humana nas Croatas da Ásia e da Europa,How the Neandertals Contributed to the Genetic Makeup of Croatian Asians and Europeans,qwen/prompt4,0.822200894355773
How Neanderthals Influenced Human Genetics at the Crossroads of Asia and Europe,"A Semente Neanderthal na Árvore Genealógica Humana: O Encontro da Ásia e da Europa
",The Neanderthal Seed in the Human Family Tree: Where Asia and Europe Met,gemini/prompt3,0.890336096286773
How Neanderthals Influenced Human Genetics at the Crossroads of Asia and Europe,"Como Neandertais Moldaram a Genética Humana na Encruzilhada da Ásia e da Europa.
",How Neanderthals Sculpted Human Genetics at the Crossroads of Asia and Europe.,gemini/prompt4,0.899410247802734
How Neanderthals Influenced Human Genetics at the Crossroads of Asia and Europe,Como os Neanderthais Influenciaram a Genética Humana nos Cruzamentos da Ásia e da Europa.,"""How Neanderthals Influenced Human Genetics in Asia-Europe Crossings.""",llama/prompt1,0.9434078931808471
How Neanderthals Influenced Human Genetics at the Crossroads of Asia and Europe,Como os Néanderthais Influenciaram a Genética Humana no Encontro entre Ásia e Europa,How the Neanderthals Shaped Human Genetics in the Encounter Between Asia and Europe,mistral/prompt3,0.9534556269645691
How Neanderthals Influenced Human Genetics at the Crossroads of Asia and Europe,Como os Neandertais Moldaram a Genética Humana na Encruzilhada da Ásia e da Europa.,"""How Neanderthals Shaped Human Genetics at the Crossroads of Asia and Europe.""",gpt/prompt3,0.9579713344573971
How Neanderthals Influenced Human Genetics at the Crossroads of Asia and Europe,Como os Neandertais Influenciaram a Genética Humana na Encruzilhada da Ásia e Europa.,How Neanderthals Shaped Human Genetics at the Crossroads of Asia and Europe.,gpt/prompt4,0.9733943939208981
How Neanderthals Influenced Human Genetics at the Crossroads of Asia and Europe,"""Como os Neandertais Influenciaram a Genética Humana na Encruzilhada da Ásia e da Europa""","""How the Neanderthals Influenced Human Genetics at the Crossroads of Asia and Europe""",mistral/prompt4,0.982378959655761
How Neanderthals Influenced Human Genetics at the Crossroads of Asia and Europe,Como os Neandertais Influenciaram a Genética Humana no Encontro da Ásia e da Europa.,How Did Neanderthals Influence Human Genetics at the Meeting of Asia and Europe?,gemma3/prompt1,0.9841651916503901
How Neanderthals Influenced Human Genetics at the Crossroads of Asia and Europe,Como os Neandertais Influenciaram a Genética Humana no Encontro entre a Ásia e a Europa.,How Neanderthals Influenced Human Genetics at the Meeting Between Asia and Europe.,gemma3/prompt2,0.9869721531867981
How Neanderthals Influenced Human Genetics at the Crossroads of Asia and Europe,Como os Neandertais Influenciaram a Genética Humana na Encruzilhada da Ásia e da Europa,"""How Neanderthals Influenced Human Genetics at the Crossroads of Asia and Europe""",gpt/prompt1,0.9906897544860841
How Neanderthals Influenced Human Genetics at the Crossroads of Asia and Europe,Como os Neandertais Influenciaram a Genética Humana na Convergência da Ásia e da Europa,"""How did the Neanderthals influence human genetics in the convergence of Asia and Europe?""",mistral/prompt2,0.9982892274856561
How Neanderthals Influenced Human Genetics at the Crossroads of Asia and Europe,Como os neandertais influenciaram a genética humana nas crostações entre Ásia e Europa,"""How did Neanderthals influence human genetics in the populations between Asia and Europe?""",qwen/prompt1,0.9997084140777581
How Neanderthals Influenced Human Genetics at the Crossroads of Asia and Europe,"Como os Neandertais Influenciaram a Genética Humana na Encruzilhada da Ásia e Europa
",How Neanderthals Influenced Human Genetics at the Crossroads of Asia and Europe,gemini/prompt1,1.0
How Neanderthals Influenced Human Genetics at the Crossroads of Asia and Europe,Como os Neandertais Influenciaram a Genética Humana na Encruzilhada da Ásia e da Europa,How Neanderthals Influenced Human Genetics at the Crossroads of Asia and Europe.,gemini/prompt2,1.0
How Neanderthals Influenced Human Genetics at the Crossroads of Asia and Europe,Como os neandertais influenciaram a genética humana na encruzilhada da Ásia e da Europa,How Neanderthals influenced human genetics at the crossroads of Asia and Europe,gemmaX/,1.0
How Neanderthals Influenced Human Genetics at the Crossroads of Asia and Europe,"""Como os Neandertais Influenciaram a Genética Humana na Confluência da Ásia e Europa""","""How Neanderthals Influenced Human Genetics at the Confluence of Asia and Europe""",gpt/prompt2,1.0
How Neanderthals Influenced Human Genetics at the Crossroads of Asia and Europe,Como os Neandertais Influenciaram a Genética Humana na Encruzilhada da Ásia e da Europa.,How Neanderthals Influenced Human Genetics at the Crossroads of Asia and Europe.,llama/prompt2,1.0
How Neanderthals Influenced Human Genetics at the Crossroads of Asia and Europe,Como os neandertais influenciaram a genética humana na Encruzilhada da Ásia e da Europa,How Neanderthals Influenced Human Genetics at the Asia-Europe Crossroad,marian/,1.0
How Neanderthals Influenced Human Genetics at the Crossroads of Asia and Europe,"""Como Neandertais influenciaram Genética Humana na encruzilhada de Ásia e Europa"".","""How Neanderthals influenced human genetics at the crossroads of Asia and Europe"".",meta/,1.0
How Neanderthals Influenced Human Genetics at the Crossroads of Asia and Europe,"""Como os Neandertais Influenciaram a Genética Humana na Confluência da Ásia e da Europa""","""How Neanderthals Influenced Human Genetics in the Confluence of Asia and Europe""",mistral/prompt1,1.0
How Neanderthals Influenced Human Genetics at the Crossroads of Asia and Europe,"""Como os neandertais influenciaram a genética humana na fronteira entre Ásia e Europa""","""How did Neanderthals influence human genetics at the border between Asia and Europe?""",qwen/prompt2,1.0
Missing: Rex Tillerson—have you seen your Secretary of State,- O que temos?,What have you got?,meta/,0.35360836982727
Missing: Rex Tillerson—have you seen your Secretary of State,"Cadê o Tillerson? Sumiu o Secretário de Estado?
",Where's Tillerson? Did the Secretary of State pull a Houdini?,gemini/prompt3,0.540435433387756
Missing: Rex Tillerson—have you seen your Secretary of State,Faltante: Rex Tillerson— você viu seu Secretário de Estado?,"""Gaps: Where's Rex Tillerson?— you see your Secretary of State?""",llama/prompt3,0.6820028424263
Missing: Rex Tillerson—have you seen your Secretary of State,Desapareceu: Rex Tillerson — já viu o seu Secretário de Estado,Disappeared: Rex Tillerson — Has Seen His Secretary of State,marian/,0.8206571936607361
Missing: Rex Tillerson—have you seen your Secretary of State,Falta: Rex Tillerson—tinha você algum secretário de Estado sob os olhos?,"""Shortfall: Rex Tillerson—did you have a Secretary of State in your sights?""",llama/prompt4,0.8302223682403561
Missing: Rex Tillerson—have you seen your Secretary of State,"Sumido: Rex Tillerson — o viu, seu secretário?","Vanished: Rex Tillerson — did you see him, your Secretary?",gemma3/prompt3,0.8616166710853571
Missing: Rex Tillerson—have you seen your Secretary of State,"Sumiram: Rex Tillerson — alguém viu o Secretário de Estado por aí?
",Vanished: Rex Tillerson — anyone seen the Secretary of State around?,gemini/prompt4,0.8923020362854001
Missing: Rex Tillerson—have you seen your Secretary of State,Faltando: Secretário de Estado Tillerson — Você viu sua Secretária de Estado?,"""Missing: Secretary of State Tillerson — Did you see your Secretary of State?""",mistral/prompt3,0.897013247013092
Missing: Rex Tillerson—have you seen your Secretary of State,Desapareceu: Rex Tillerson—você viu seu Secretário de Estado?,"""Vanished: Rex Tillerson—did you see your Secretary of State?""",mistral/prompt4,0.945711016654968
Missing: Rex Tillerson—have you seen your Secretary of State,Falta: Rex Tillerson – você já viu seu Secretário de Estado?,Lacks: Rex Tillerson – have you seen your Secretary of State?,qwen/prompt3,0.9528143405914301
Missing: Rex Tillerson—have you seen your Secretary of State,Perdido: Rex Tillerson – você já viu seu Secretário de Estado?,Lost: Rex Tillerson – have you seen your Secretary of State?,qwen/prompt4,0.9557745456695551
Missing: Rex Tillerson—have you seen your Secretary of State,Desaparecido: Rex Tillerson — já viu seu secretário de Estado?,Vanished: Rex Tillerson — have you seen your Secretary of State?,gemma3/prompt4,0.956758320331573
Missing: Rex Tillerson—have you seen your Secretary of State,Desaparecido: Rex Tillerson—você viu seu Secretário de Estado?,"""Missing: Rex Tillerson—have you seen your Secretary of State?""",gpt/prompt3,0.9675650596618651
Missing: Rex Tillerson—have you seen your Secretary of State,Desaparecido: Rex Tillerson—você viu seu Secretário de Estado?,Missing: Rex Tillerson—have you seen your Secretary of State?,gpt/prompt4,0.9683035612106321
Missing: Rex Tillerson—have you seen your Secretary of State,Perdido: Rex Tillerson – Você já viu seu Secretário de Estado?,Lost: Rex Tillerson – Have you seen your Secretary of State?,qwen/prompt2,0.9731984734535211
Missing: Rex Tillerson—have you seen your Secretary of State,Falta: Rex Tillerson — viram o vosso Secretário de Estado?,Missing: Rex Tillerson — have you seen your Secretary of State?,gemmaX/,0.9762135744094841
Missing: Rex Tillerson—have you seen your Secretary of State,"""Desaparecido: Rex Tillerson—Você viu seu Secretário de Estado?""","""Missing: Rex Tillerson—Have you seen your Secretary of State?""",llama/prompt1,0.976536989212036
Missing: Rex Tillerson—have you seen your Secretary of State,Faltando: Rex Tillerson—o senhor viu seu Secretário de Estado?,Missing: Rex Tillerson—did you see your Secretary of State?,llama/prompt2,0.9781711101531981
Missing: Rex Tillerson—have you seen your Secretary of State,"Desaparecido: Rex Tillerson — você viu seu Secretário de Estado?
","Missing: Rex Tillerson — Have you seen your Secretary of State?
",gemini/prompt2,0.9804365634918211
Missing: Rex Tillerson—have you seen your Secretary of State,Desaparecido: Rex Tillerson—você viu o seu Secretário de Estado?,"""Missing: Rex Tillerson—have you seen your Secretary of State?""",gpt/prompt2,0.980994582176208
Missing: Rex Tillerson—have you seen your Secretary of State,Faltando: Rex Tillerson—você viu seu Secretário de Estado?,"""Missing: Rex Tillerson - Have you seen your Secretary of State?""",mistral/prompt1,0.982099175453186
Missing: Rex Tillerson—have you seen your Secretary of State,Faltando: Rex Tillerson — você já viu seu Secretário de Estado?,Missing: Rex Tillerson — have you seen your Secretary of State?,qwen/prompt1,0.9850184917449951
Missing: Rex Tillerson—have you seen your Secretary of State,'Desaparecido: Rex Tillerson—você viu seu Secretário de Estado?',Missing: Rex Tillerson—Have you seen your Secretary of State?,mistral/prompt2,0.985567092895507
Missing: Rex Tillerson—have you seen your Secretary of State,Desaparecido: Rex Tillerson—você viu seu Secretário de Estado?,Missing: Rex Tillerson—have you seen your Secretary of State?,gpt/prompt1,0.9869170188903801
Missing: Rex Tillerson—have you seen your Secretary of State,Desaparecido: Rex Tillerson — você viu seu Secretário de Estado?,Missing: Rex Tillerson — have you seen his Secretary of State?,gemma3/prompt1,0.9972699880599971
Missing: Rex Tillerson—have you seen your Secretary of State,Desaparecido: Rex Tillerson — você viu seu Secretário de Estado?,Missing: Rex Tillerson — have you seen his Secretary of State?,gemma3/prompt2,0.9972699880599971
Missing: Rex Tillerson—have you seen your Secretary of State,"Desaparecido: Rex Tillerson — você viu seu Secretário de Estado?
",Missing: Rex Tillerson — Have you seen your Secretary of State?,gemini/prompt1,0.9973602294921871
"From San Juan to New York, He Offers Help and Hope for the Uprooted","De San Juan a Nova York, ele estende mãos e faróis para os desterrados.","From San Juan to New York, he stretches hands and beacons for the exiled.",gemma3/prompt3,0.726667881011962
"From San Juan to New York, He Offers Help and Hope for the Uprooted","Do São José ao Novo Mundo, ele oferece ajuda e esperança aos deslocados.","From Saint Joseph to the New World, he offers aid and hope to the displaced.",qwen/prompt3,0.7871828079223631
"From San Juan to New York, He Offers Help and Hope for the Uprooted","De San Juan a Nova York, Ele Oferece Ajuda e Esperança para os Desenraizados.","'From San Juan to New York, He Offers Help and Hope for the Rootless.'",gpt/prompt3,0.8542674183845521
"From San Juan to New York, He Offers Help and Hope for the Uprooted","De San Juan a Nova York, Ele Estende a Mão e Floresce Esperança para os Desarraigados.","From San Juan to New York, he reaches out and blooms hope for the uprooted.",gemma3/prompt4,0.8892132043838501
"From San Juan to New York, He Offers Help and Hope for the Uprooted","De San Juan a Nova York, ele planta raízes de amparo e esperança nos desenraizados.
","From San Juan to New York, he cultivates roots of solace and hope for the uprooted.",gemini/prompt3,0.898577630519866
"From San Juan to New York, He Offers Help and Hope for the Uprooted","De San Juan para Nova York, Ele Oferece Ajuda e Esperança para os Desamparados.","De San Juan a Nova York, Ele Traz Luz e Esperança para os Sem Teto.",llama/prompt3,0.909869611263275
"From San Juan to New York, He Offers Help and Hope for the Uprooted","De San Juan a Nova York, ele planta sementes de amparo e esperança nos desenraizados.
","From San Juan to New York, he sows seeds of solace and hope in the uprooted.",gemini/prompt4,0.9241983294487001
"From San Juan to New York, He Offers Help and Hope for the Uprooted","De São João a Nova York, Ele Oferece Ajuda e Esperança para os Desterrados.","From St. John to New York, He Offers Aid and Hope to the Displaced.",llama/prompt4,0.93898320198059
"From San Juan to New York, He Offers Help and Hope for the Uprooted","Do Panamá à Venezuela, de San Juan para Nova York, ele oferece ajuda e esperança para os deslocados.","From Panama to Venezuela, from San Juan to New York, he offers aid and hope to the displaced.",llama/prompt1,0.9536610841751091
"From San Juan to New York, He Offers Help and Hope for the Uprooted","De San Juan a Nova York, ele oferece ajuda e esperança para os desarraigados.","From San Juan to New York City, he offers aid and hope for the dispossessed.",meta/,0.95836341381073
"From San Juan to New York, He Offers Help and Hope for the Uprooted","De San Juan a Nova Iorque, Ele Oferece Ajuda e Esperança para os Deslocados","From San Juan to New York, He Offers Aid and Hope to the Displaced",mistral/prompt3,0.9618149995803831
"From San Juan to New York, He Offers Help and Hope for the Uprooted","De San Juan a Nova York, Ele Oferece Ajuda e Esperança para os Deslocados.","From San Juan to New York, He Offers Help and Hope to the Displaced.",gpt/prompt4,0.9675709605216981
"From San Juan to New York, He Offers Help and Hope for the Uprooted","Da San Juan a Nova York, Ele Oferece Ajuda e Esperança para os Deslocados","From San Juan to New York, He Offers Aid and Hope to the Displaced",mistral/prompt4,0.9715017080307001
"From San Juan to New York, He Offers Help and Hope for the Uprooted","De São José de Guadalupe a Nova York, ele oferece ajuda e esperança aos deslocados.","From São José de Guadalupe to New York, he offers help and hope to the displaced.",qwen/prompt1,0.973296284675598
"From San Juan to New York, He Offers Help and Hope for the Uprooted","Daqui de São Juan até Nova York, Ele Oferece Ajuda e Esperança para os Deixados sem Teto","From San Juan to New York, He Offers Help and Hope to the Homeless.",llama/prompt2,0.973945617675781
"From San Juan to New York, He Offers Help and Hope for the Uprooted","Do Santiago a Nova York, Ele Oferece Ajuda e Esperança aos Deslocados","From Santiago to New York, He Offers Help and Hope to the Displaced",qwen/prompt4,0.9783358573913571
"From San Juan to New York, He Offers Help and Hope for the Uprooted","De San Juan a Nova York, ele oferece ajuda e esperança para os desabrigados.","From San Juan to New York, he offers help and hope to the homeless.",gemma3/prompt2,0.9808638095855711
"From San Juan to New York, He Offers Help and Hope for the Uprooted","'De San Juan a Nova Iorque, Ele Oferece Ajuda e Esperança para os Deslocados'","""From San Juan to New York, He Offers Help and Hope for the Displaced.""",gpt/prompt1,0.9825087785720821
"From San Juan to New York, He Offers Help and Hope for the Uprooted","De San Juan a Nova York, ele oferece ajuda e esperança para os desalojados.","'From San Juan to New York, he offers help and hope to the displaced.'",gpt/prompt2,0.9841870069503781
"From San Juan to New York, He Offers Help and Hope for the Uprooted","De San Juan a Nova Iorque, Ele oferece ajuda e esperança para os desarraigados","From San Juan to New York, He offers help and hope for the uprooted",marian/,0.989060163497924
"From San Juan to New York, He Offers Help and Hope for the Uprooted","De San Juan a Nova York, ele oferece ajuda e esperança aos desenraizados.","From San Juan to New York, he offers help and hope to the uprooted.",gemini/prompt2,0.990910291671752
"From San Juan to New York, He Offers Help and Hope for the Uprooted","De San Juan a Nova York, ele oferece ajuda e esperança para os desenraizados.
","From San Juan to New York, he offers help and hope to the uprooted.",gemini/prompt1,0.990963220596313
"From San Juan to New York, He Offers Help and Hope for the Uprooted","De San Juan para Nova York, Ele Oferece Ajuda e Esperança para os Deslocados","From San Juan to New York, He Offers Help and Hope to the Displaced",mistral/prompt1,0.9912000298500061
"From San Juan to New York, He Offers Help and Hope for the Uprooted","""De San Juan a Nova York, Ele Oferece Ajuda e Esperança para os Deslocados""","From San Juan to New York, He Offers Help and Hope to the Displaced",mistral/prompt2,0.9912000298500061
"From San Juan to New York, He Offers Help and Hope for the Uprooted","De San Juan a Nova York, ele oferece ajuda e esperança para os deslocados.","From San Juan to New York, he offers help and hope to displaced people.",gemma3/prompt1,1.0
"From San Juan to New York, He Offers Help and Hope for the Uprooted","De San Juan a Nova Iorque, ele oferece ajuda e esperança aos desalojados","From San Juan to New York, he offers help and hope to the displaced",gemmaX/,1.0
"From San Juan to New York, He Offers Help and Hope for the Uprooted","De San Juan a Nova York, ele oferece ajuda e esperança aos deslocados.","From San Juan to New York, he offers help and hope to the displaced.",qwen/prompt2,1.0
Orange County Board of Education Reverses Position and Bans Confederate Flag,"O Conselho de Educação de Condado de Orange Reverte Pátria e Banisce a Bandeira Confederada. 

(se isso não for aceito)

 O Conselho de Educação de Condado de Orange Muda Roupagem e Banisce a Bandeira Confederação.","O Conselho de Educação do Condado de Orange Reverte Pátria e Faz a Bandeira Confederada Desaparecer. 

Ou ainda:
O Conselho de Educação do Condado de Orange Revolta-se e Banisce a Bandeira Confederada.",llama/prompt4,0.40969908237457203
Orange County Board of Education Reverses Position and Bans Confederate Flag,"A Mesa Diretora de Educação do Condado de Orange Arria Velas e Afunda a Bandeira Confederada.
",The Orange County School Board is setting fire to the Confederate flag and sinking its ship.,gemini/prompt3,0.5303300619125361
Orange County Board of Education Reverses Position and Bans Confederate Flag,Conselho de Educação do Condado de Orange Muda de Cor e Derruba Bandeira Confederada.,Orange County School Board Shifts Its Hue and Fells the Confederate Banner.,gemma3/prompt4,0.653891444206237
Orange County Board of Education Reverses Position and Bans Confederate Flag,Conselho de Educação do Condado Laranja Desfaz Caminho e Apaga a Bandeira Confederada.,"Orange County School Board Retraces Steps, Buries the Confederate Flag.",gemma3/prompt3,0.8045244812965391
Orange County Board of Education Reverses Position and Bans Confederate Flag,O Conselho Escolar de Orange County Revoga Posição e Proíbe a Bandeira Confederada,The School Board of Orange County Lifts Ban and Prohibits the Confederate Flag,qwen/prompt4,0.859035730361938
Orange County Board of Education Reverses Position and Bans Confederate Flag,O Conselho de Educação do Condado de Orange Inverte Posição e Proíbe o Bandeira Confederada,The County of Orange Education Board Reverses Stance and Prohibits Confederate Flag,qwen/prompt2,0.8757357597351071
Orange County Board of Education Reverses Position and Bans Confederate Flag,O Conselho Escolar de Orange County Reverte Posição e Proíbe o Bandeira da Confederada,The Orange County School Board Flips Its Stance and Banishes the Confederacy Flag,qwen/prompt3,0.8784841299057
Orange County Board of Education Reverses Position and Bans Confederate Flag,"Conselho de Educação do Condado de Orange Reverte Posição e Proíbe Bandeira Confederada
","Orange County School Board Reverses Course, Bans Confederate Flag",gemini/prompt1,0.8940321207046501
Orange County Board of Education Reverses Position and Bans Confederate Flag,Conselho de Educação do Condado de Orange Reverte Posição e Banimento da Bandeira Confederada,"""The Orange County Education Council Reverses Position and Banishes Confederate Flag""",mistral/prompt3,0.897984445095062
Orange County Board of Education Reverses Position and Bans Confederate Flag,O Conselho Escolar do Condado de Orange Reverte Posicionamento e Proíbe Bandeira Confederada.,"Orange County School Board Reverses Stance, Bans Confederate Flag.",gemma3/prompt2,0.9004746675491331
Orange County Board of Education Reverses Position and Bans Confederate Flag,"A Junta Educacional de Orange County joga a bandeira confederada no lixo.
",Orange County School Board throws the Confederate flag in the trash.,gemini/prompt4,0.9148361682891841
Orange County Board of Education Reverses Position and Bans Confederate Flag,Conselho de Educação do Condado de Orange Muda de Posicionamento e Proíbe a Bandeira Confederada.,Orange County Board of Education Shifts Its Stance and Bans the Confederate Flag.,gpt/prompt3,0.9178863167762751
Orange County Board of Education Reverses Position and Bans Confederate Flag,Conselho de Educação de Orange County Muda de Posição e Proíbe a Bandeira Confederada.,Orange County Board of Education Shifts Gears and Bans the Confederate Flag.,gpt/prompt4,0.9202473163604731
Orange County Board of Education Reverses Position and Bans Confederate Flag,Junta Educacional do Condado de Orange Muda Posição e Proíbe Bandeira Confederada,"Orange County School Board Shifts Stance, Bans Confederate Flag.",gemini/prompt2,0.925585985183715
Orange County Board of Education Reverses Position and Bans Confederate Flag,Conselho Escolar do Condado de Orange Reverte Posição e Proíbe a Bandeira confederada,The Orange County School Board Flips Position and Bans the Confederate Flag,mistral/prompt4,0.9473270773887631
Orange County Board of Education Reverses Position and Bans Confederate Flag,O Conselho da Educação do Condado de Orange Inverte Posição e Proíbe o Bandeira Confederada,The Orange County Education Board Reverses Stance and Bans the Confederate Flag,qwen/prompt1,0.9573820829391481
Orange County Board of Education Reverses Position and Bans Confederate Flag,O Conselho Educacional do Condado de Orange reverte e proíbe a bandeira Confederada.,The Orange County Board of Education reverses and disallows the Confederate flag.,meta/,0.964398503303527
Orange County Board of Education Reverses Position and Bans Confederate Flag,Conselho Escolar do Condado de Orange Reverte Decisão e Proíbe Bandeira Confederada,Orange County School Board Reverses Decision and Bans Confederate Flag,gemma3/prompt1,0.9699958562850951
Orange County Board of Education Reverses Position and Bans Confederate Flag,O Conselho de Educação do Condado de Orange Reverte sua Posição e Proíbe a Bandeira Confederada.,The Orange County Board of Education Reverses Its Stance and Bans the Confederate Flag.,llama/prompt1,0.973728537559509
Orange County Board of Education Reverses Position and Bans Confederate Flag,Conselho de Educação do Condado de Orange inverte posição e proíbe a bandeira da Confederação,Orange County School Board reverses position and bans Confederate flag,gemmaX/,0.9777442812919611
Orange County Board of Education Reverses Position and Bans Confederate Flag,Conselho Escolar do Condado de Orange Reverte a Posição e Proíbe a Bandeira Confederada,The Orange County School Board Reverses Position and Bans Confederate Flag,mistral/prompt1,0.9787135720252991
Orange County Board of Education Reverses Position and Bans Confederate Flag,"""Conselho Escolar do Condado de Orange Reverte Posição e Proíbe a Bandeira da Confederação""","""Orange County School Board Reverses Position and Bans Confederate Flag""",mistral/prompt2,0.9802257418632501
Orange County Board of Education Reverses Position and Bans Confederate Flag,Orange County Board of Education reverte posição e proíbe bandeira confederada,Orange County Board of Education reverses position and prohibits Confederate flag,marian/,0.9824000597000121
Orange County Board of Education Reverses Position and Bans Confederate Flag,O Conselho de Educação do Condado de Orange Reverte Posição e Proíbe a Bandeira Confederada,The Orange County Board of Education Reverses Position and Bans the Confederate Flag.,llama/prompt3,0.9867217540740961
Orange County Board of Education Reverses Position and Bans Confederate Flag,O Conselho de Educação do Condado de Orange Reverte Posição e Proíbe a Bandeira Confederada.,Orange County Board of Education Reverses Position and Bans Confederate Flag.,llama/prompt2,0.9950864315032951
Orange County Board of Education Reverses Position and Bans Confederate Flag,Conselho de Educação do Condado de Orange Revê Posição e Proíbe a Bandeira Confederada.,Orange County Board of Education Revises Position and Prohibits the Confederate Flag.,gpt/prompt2,0.997041940689086
Orange County Board of Education Reverses Position and Bans Confederate Flag,Conselho de Educação do Condado de Orange Reversa Posição e Proíbe a Bandeira Confederada,"""Orange County Board of Education Reverses Position and Prohibits the Confederate Flag""",gpt/prompt1,0.9971697330474851
US agency probes Interior Secretary Ryan Zinke for possible Hatch Act violation,"A agência americana investiga o Secretário do Interior Ryan Zinke por possível pisada na bola com a Lei Hatch.
",The American agency is kicking the tires on Interior Secretary Ryan Zinke over a potential Hatch Act stumble.,gemini/prompt3,0.6382920742034911
US agency probes Interior Secretary Ryan Zinke for possible Hatch Act violation,"Uma agência procura o Secretário de Interior Ryan Zinke por possível violação da Lei Hatch, mantendo o sentido metafórico original.","An agency is on the prowl for Interior Secretary Ryan Zinke, seeking possible violation of the Hatch Act, keeping the original metaphoric sense intact.",qwen/prompt3,0.741729021072387
US agency probes Interior Secretary Ryan Zinke for possible Hatch Act violation,Agência americana investiga secretário do Interior Ryan Zinke sob suspeita de ter dançado fora da linha.,"An American agency is probing Interior Secretary Ryan Zinke, suspected of stepping outside the lines.",gemma3/prompt3,0.7487111687660211
US agency probes Interior Secretary Ryan Zinke for possible Hatch Act violation,"A agência americana investiga o Secretário do Interior Ryan Zinke por possível pisada na bola da Lei Hatch.
",The American agency is looking into Secretary of the Interior Ryan Zinke for potentially stepping on toes with the Hatch Act.,gemini/prompt4,0.8162685632705681
US agency probes Interior Secretary Ryan Zinke for possible Hatch Act violation,"A agência de investigação dos EUA está examinando a possível violação do Ato Hatch pelo Secretário do Interior, Ryan Zinke.","The U.S. investigation agency is scrutinizing the possible breach of the Hatch Act by Secretary of the Interior, Ryan Zinke.",mistral/prompt3,0.915282130241394
US agency probes Interior Secretary Ryan Zinke for possible Hatch Act violation,Agência dos EUA investiga Secretário do Interior Ryan Zinke por possível violação da Lei de Hatch,The U.S. Agency probes Secretary of the Interior Ryan Zinke for suspected Hatch Act violation,mistral/prompt4,0.9279753565788261
US agency probes Interior Secretary Ryan Zinke for possible Hatch Act violation,"Agência americana investiga secretário do Interior, Ryan Zinke, por possível desrespeito à Lei Hatch.",U.S. agency probes Interior Secretary Ryan Zinke for potentially stepping out of line with the Hatch Act.,gemma3/prompt4,0.938270628452301
US agency probes Interior Secretary Ryan Zinke for possible Hatch Act violation,"A agência investiga o possível descumprimento do Secretário de Interior, Ryan Zinke, à Lei Hatch.",The agency investigates possible dereliction of duty by Interior Secretary Ryan Zinke under the Hatch Act.,llama/prompt4,0.9580912590026851
US agency probes Interior Secretary Ryan Zinke for possible Hatch Act violation,Agência dos EUA investiga possível violação da Hatch Act pelo Secretário do Interior Ryan Zinke,The U.S. Agency investigates possible violation of the Hatch Act by Secretary of the Interior Ryan Zinke.,mistral/prompt2,0.9599420428276061
US agency probes Interior Secretary Ryan Zinke for possible Hatch Act violation,"A agência dos EUA investiga a possível infração da Lei Hatch pelo Secretário do Interior, Ryan Zinke.","""U.S. agency probes possible Hatch Act infraction by Secretary of the Interior, Ryan Zinke.""",llama/prompt3,0.9708502292633051
US agency probes Interior Secretary Ryan Zinke for possible Hatch Act violation,Agência americana investiga secretário do Interior Ryan Zinke por possível violação do Hatch Act.,"""US agency probes Interior Secretary Ryan Zinke for possible Hatch Act violation.""",llama/prompt1,0.9801726341247551
US agency probes Interior Secretary Ryan Zinke for possible Hatch Act violation,Uma agência dos EUA investiga o Secretário de Interior Ryan Zinke por possível violação do artigo Hatch,An American agency is investigating Interior Secretary Ryan Zinke for possible violation of the Hatch Act.,qwen/prompt4,0.9879441261291501
US agency probes Interior Secretary Ryan Zinke for possible Hatch Act violation,A agência norte-americana investiga o Secretário de Interior Ryan Zinke por possível violação da Lei Hatch,U.S. agency investigates Interior Secretary Ryan Zinke for possible violation of Hatch Law,marian/,0.9912000298500061
US agency probes Interior Secretary Ryan Zinke for possible Hatch Act violation,Agência dos EUA investiga o Secretário do Interior Ryan Zinke por possível violação da Lei Hatch.,U.S. agency investigates Interior Secretary Ryan Zinke for possible Hatch Act violations.,gpt/prompt4,0.9943510293960571
US agency probes Interior Secretary Ryan Zinke for possible Hatch Act violation,Agência dos EUA investiga o Secretário do Interior Ryan Zinke por possível violação da Lei Hatch.,U.S. agency probes Interior Secretary Ryan Zinke for potential breach of the Hatch Act.,gpt/prompt3,0.9953007698059081
US agency probes Interior Secretary Ryan Zinke for possible Hatch Act violation,Agência dos EUA investiga Ministro do Interior Ryan Zinke por possível violação da Lei Hatch.,The US agency investigates Interior Secretary Ryan Zinke over possible Hatch Act violation.,llama/prompt2,0.9988677501678461
US agency probes Interior Secretary Ryan Zinke for possible Hatch Act violation,"Agência dos EUA investiga o Secretário do Interior, Ryan Zinke, por possível violação da Lei Hatch.
",U.S. agency investigates Interior Secretary Ryan Zinke for possible Hatch Act violation.,gemini/prompt1,1.0
US agency probes Interior Secretary Ryan Zinke for possible Hatch Act violation,"Agência dos EUA investiga o Secretário do Interior, Ryan Zinke, por possível violação da Lei Hatch.",U.S. agency investigates Interior Secretary Ryan Zinke for possible Hatch Act violation.,gemini/prompt2,1.0
US agency probes Interior Secretary Ryan Zinke for possible Hatch Act violation,Agência dos EUA investiga o Secretário do Interior Ryan Zinke por possível violação da Lei Hatch.,U.S. agency investigates Interior Secretary Ryan Zinke for possible Hatch Act violation.,gemma3/prompt1,1.0
US agency probes Interior Secretary Ryan Zinke for possible Hatch Act violation,Agência dos EUA investiga o secretário do Interior Ryan Zinke por possível violação da Lei Hatch.,U.S. agency investigates Interior Secretary Ryan Zinke for possible Hatch Act violation.,gemma3/prompt2,1.0
US agency probes Interior Secretary Ryan Zinke for possible Hatch Act violation,Agência dos EUA investiga o Secretário do Interior Ryan Zinke por possível violação da Lei Hatch,U.S. agency investigates Interior Secretary Ryan Zinke for possible Hatch Act violation,gemmaX/,1.0
US agency probes Interior Secretary Ryan Zinke for possible Hatch Act violation,Agência dos EUA investiga o Secretário do Interior Ryan Zinke por possível violação da Lei Hatch.,U.S. agency investigates Interior Secretary Ryan Zinke for possible violation of the Hatch Act.,gpt/prompt1,1.0
US agency probes Interior Secretary Ryan Zinke for possible Hatch Act violation,Agência dos EUA investiga o Secretário do Interior Ryan Zinke por possível violação da Lei Hatch.,U.S. agency investigates Interior Secretary Ryan Zinke for possible violation of the Hatch Act.,gpt/prompt2,1.0
US agency probes Interior Secretary Ryan Zinke for possible Hatch Act violation,"Agência dos EUA investiga o secretário de Interior, Ryan Zinke por possível violação do Hatch Act",The U.S. government is investigating Secretary of the Interior Ryan Zinke for a possible violation of the Hatch Act.,meta/,1.0
US agency probes Interior Secretary Ryan Zinke for possible Hatch Act violation,"Agência dos EUA investiga possíveis violações do Hatch Act pelo Secretário do Interior, Ryan Zinke",U.S. agency investigates possible Hatch Act violations by Interior Secretary Ryan Zinke.,mistral/prompt1,1.0
US agency probes Interior Secretary Ryan Zinke for possible Hatch Act violation,A agência dos EUA investiga o Secretário de Interior Ryan Zinke por possível violação da Lei Hatch,The U.S. agency is investigating Interior Secretary Ryan Zinke for possible violation of the Hatch Act.,qwen/prompt1,1.0
US agency probes Interior Secretary Ryan Zinke for possible Hatch Act violation,A agência americana investiga o Secretário de Interior Ryan Zinke por possível violação da Lei Hatch.,The American agency is investigating Interior Secretary Ryan Zinke for possible violation of the Hatch Act.,qwen/prompt2,1.0
People Are Saying 'We Don't Like Hatred and Bigotry',"O povo está com a boca cheia de ""Fora o ódio e a intolerância"".
","The people's mouths are overflowing with ""Down with hate and intolerance.""",gemini/prompt4,0.7127501368522641
People Are Saying 'We Don't Like Hatred and Bigotry',"As vozes se unem em um coro: ""O ódio e o preconceito não têm morada em nós.""","Voices rise as a single choir: ""Hate and prejudice find no home within us.""",gemma3/prompt3,0.7142786979675291
People Are Saying 'We Don't Like Hatred and Bigotry',"Pessoas Estão Dizendo Que ""Não Ameaçamos Hatred e Bigotry""","""People Are Saying That 'We Do Not Threaten Hatred and Bigotry'""",qwen/prompt3,0.8023415803909301
People Are Saying 'We Don't Like Hatred and Bigotry',Pessoas Estão Dizendo 'Não Gostamos deódoto e Intolerância',People Are Saying 'We're Not Fond of Poison and Intolerance'',qwen/prompt4,0.805730462074279
People Are Saying 'We Don't Like Hatred and Bigotry',"As pessoas dizem: ""Não gostamos de ódio e de bigode""","People say, ""We don't like hate and mustache.""",marian/,0.8487495183944701
People Are Saying 'We Don't Like Hatred and Bigotry',"A Gente Está Dizendo: ""Nós Não Gostamos da Odisseia do Ódio e da Xenofobia"".","""We're Saying: 'We Don't Enjoy the Odyssey of Hatred and Xenophobia'.""",llama/prompt3,0.8509200811386101
People Are Saying 'We Don't Like Hatred and Bigotry',"As vozes se levantam: ""A aversão ao ódio e ao preconceito floresce.""","Voices rise: ""Disgust for hatred and prejudice blossoms.""",gemma3/prompt4,0.876782894134521
People Are Saying 'We Don't Like Hatred and Bigotry',"""As Pessoas Estão Dizia 'Nós Não Gostamos de Ódio e Intolerância'""","'The People Said, 'We Don't Like Hate and Intolerance''",mistral/prompt4,0.9347729086875911
People Are Saying 'We Don't Like Hatred and Bigotry',>>pt<<Povo diz que 'Não gostamos de ódio e preconceito',"People saying, 'We don't like hatred and prejudice'",meta/,0.9384516477584831
People Are Saying 'We Don't Like Hatred and Bigotry',"A voz do povo clama: ""Não queremos ódio, nem a sombra da intolerância"".
","The voice of the people roars: ""We want neither hatred, nor the shadow of intolerance.""",gemini/prompt3,0.939868569374084
People Are Saying 'We Don't Like Hatred and Bigotry',""" as pessoas estão dizendo 'não gostamos de ódio e preconceito'""","""People are saying 'we do not welcome hate and prejudice.'""",gpt/prompt3,0.976814210414886
People Are Saying 'We Don't Like Hatred and Bigotry',"""As pessoas estão dizendo: 'Nós não gostamos de ódio e preconceito'"".","""They are saying: 'We don't like hate and prejudice'.""",mistral/prompt3,0.980572938919067
People Are Saying 'We Don't Like Hatred and Bigotry',As Pessoas Estão Dizendo: 'Nós Não Gostamos de Odiação e Preconceito',"""People Are Saying: 'We Don't Like Odium and Prejudice'"".",llama/prompt1,0.9824000597000121
People Are Saying 'We Don't Like Hatred and Bigotry',As Pessoas Estão Dizendo 'Nós Não Gostamos de Ódio e Preconceito'.,"""People Are Saying 'We Don't Like Hate and Prejudice.'""",llama/prompt4,0.983513951301574
People Are Saying 'We Don't Like Hatred and Bigotry',"As Pessoas Estão Dizendo ""Não Gostamos de Ódio e Preconceito"".","""People Are Saying 'We Don't Like Hate and Prejudice'.""",llama/prompt2,0.9912000298500061
People Are Saying 'We Don't Like Hatred and Bigotry',As pessoas estão dizendo: 'Nós não gostamos de ódio e preconceito'.,"""People are saying: 'We do not like hate and prejudice.'""",mistral/prompt2,0.9912000298500061
People Are Saying 'We Don't Like Hatred and Bigotry',"Pessoas estão dizendo que ""não gostamos de intolerância e bigoteria"".","People are saying that ""we do not tolerate intolerance and bigotry.""",qwen/prompt2,0.9912000298500061
People Are Saying 'We Don't Like Hatred and Bigotry',As pessoas estão dizendo 'Nós não gostamos de ódio e preconceito'.,"People are saying, 'We don't like hate and prejudice.'",gpt/prompt4,0.9974725246429441
People Are Saying 'We Don't Like Hatred and Bigotry',"As pessoas estão dizendo ""Nós não gostamos de ódio e intolerância"".
","People are saying ""We don't like hate and intolerance.""",gemini/prompt1,1.0
People Are Saying 'We Don't Like Hatred and Bigotry',"As pessoas estão dizendo 'Não gostamos de ódio e intolerância'.
","People are saying, 'We don't like hate and intolerance.'
",gemini/prompt2,1.0
People Are Saying 'We Don't Like Hatred and Bigotry',As pessoas estão dizendo 'Nós não gostamos de ódio e preconceito'.,"People are saying ""We don't like hate and prejudice.""",gemma3/prompt1,1.0
People Are Saying 'We Don't Like Hatred and Bigotry',As pessoas estão dizendo 'Nós não gostamos de ódio e preconceito'.,"People are saying ""We don't like hate and prejudice.""",gemma3/prompt2,1.0
People Are Saying 'We Don't Like Hatred and Bigotry',"As pessoas estão dizendo: ""Não gostamos de ódio e intolerância""","People are saying: ""We don't like hate and intolerance""",gemmaX/,1.0
People Are Saying 'We Don't Like Hatred and Bigotry',As pessoas estão dizendo 'Nós não gostamos de ódio e intolerância'.,"People are saying, ""We do not like hate and intolerance.""",gpt/prompt1,1.0
People Are Saying 'We Don't Like Hatred and Bigotry',As pessoas estão dizendo 'Não gostamos de ódio e preconceito'.,"People are saying, ""We do not like hate and prejudice.""",gpt/prompt2,1.0
People Are Saying 'We Don't Like Hatred and Bigotry',As Pessoas Estão Dizendo: 'Não Gostamos de Ódio e Intolerância',"People are saying: ""We don't like hatred and intolerance.""",mistral/prompt1,1.0
People Are Saying 'We Don't Like Hatred and Bigotry',"Pessoas estão dizendo ""Não gostamos de ódio e bigoteria"".","People are saying ""We don't like hate and bigotry.""",qwen/prompt1,1.0
Polish Leader Says Other Nations Envy Trump Visit to Warsaw, Líder Polonês Diz que Outros Países Enviam Trump a Varsóvia,Polish Leader Says Other Countries Send Trump to Warsaw,mistral/prompt1,0.7165226936340331
Polish Leader Says Other Nations Envy Trump Visit to Warsaw,Polish Leader Declares Other Nations Are Green with Envy Over Trump's Warsaw Visit,Polish Leader Declares Other Nations Are Green with Envy Over Trump's Warsaw Visit,mistral/prompt3,0.7573491334915161
Polish Leader Says Other Nations Envy Trump Visit to Warsaw,O Líder Polonês Diz que Outras Nações Se Enviam Com a Visita de Trump a Varsóvia.,Polish Leader Says Other Nations Send Mixed Messages with Trump Visit to Warsaw.,llama/prompt2,0.7839115858078001
Polish Leader Says Other Nations Envy Trump Visit to Warsaw,Líder polonês afirma que outras nações se sentem enfeitiçadas pela visita de Trump a Varsóvia,Polish leader claims other nations are under a spell as they swoon over Trump's Warsaw visit.,llama/prompt3,0.8009617924690241
Polish Leader Says Other Nations Envy Trump Visit to Warsaw,Polonês diz: Outros países invejam a visita de Trump a Varsóvia,A Polish says: Other countries envy the visit of Trump to Warsaw,mistral/prompt4,0.870394229888916
Polish Leader Says Other Nations Envy Trump Visit to Warsaw,"Líder polonês afirma que outras nações cobiçam a visita de Trump a Varsóvia.
",Polish leader says other nations are angling for a piece of Trump's Warsaw spotlight.,gemma3/prompt3,0.8793483376502991
Polish Leader Says Other Nations Envy Trump Visit to Warsaw,Líder polonês diz que outras nações babam ovos pela visita de Trump a Varsóvia.,Polish leader says other nations are drooling over Trump’s visit to Warsaw.,gemma3/prompt4,0.9391181468963621
Polish Leader Says Other Nations Envy Trump Visit to Warsaw,O líder da Polônia afirma que outras nações se sentem invejosas da visita de Trump a Varsóvia,The Polish leader says other nations are green with envy over Trump's visit to Warsaw.,llama/prompt4,0.940528869628906
Polish Leader Says Other Nations Envy Trump Visit to Warsaw,"O líder polonês diz que outras nações babam de inveja da visita de Trump a Varsóvia.
",The Polish leader says other nations are green with envy over Trump's visit to Warsaw.,gemini/prompt4,0.9452443122863771
Polish Leader Says Other Nations Envy Trump Visit to Warsaw,Líder polonês diz que outras nações têm inveja da visita de Trump a Varsóvia.,Polish leader says other nations are green with envy over Trump's visit to Warsaw.,gpt/prompt4,0.955229878425598
Polish Leader Says Other Nations Envy Trump Visit to Warsaw,"O líder polonês diz que outras nações babam de inveja da visita de Trump a Varsóvia.
",The Polish leader says other nations are salivating over Trump's visit to Warsaw.,gemini/prompt3,0.9604830741882321
Polish Leader Says Other Nations Envy Trump Visit to Warsaw,O Líder Polonês diz que Outros Paísessão Invejosos da Visita de Trump a Varsóvia,The Polish Leader says that Other Countries are Jealous of Trump's Visit to Warsaw,qwen/prompt3,0.98524785041809
Polish Leader Says Other Nations Envy Trump Visit to Warsaw,O líder polonês diz que outras nações envidiam Trump visita a Varsóvia,Polish leader says other nations envy Trump visits Warsaw,marian/,0.9869477748870851
Polish Leader Says Other Nations Envy Trump Visit to Warsaw,Líder Polonês Diz que Outras Nações Invejam Visita de Trump a Varsóvia,"""Polish Leader Says Other Nations Envy Trump's Visit to Warsaw""",mistral/prompt2,0.9892057180404661
Polish Leader Says Other Nations Envy Trump Visit to Warsaw,Líder da Polônia diz que outras nações invejam a visita de Trump a Varsóvia,Polish leader says other nations are jealous of Trump 's visit to Warsaw,meta/,0.9912000298500061
Polish Leader Says Other Nations Envy Trump Visit to Warsaw,O Líder Polonês Diz que Outros Países Invejam a Visita de Trump a Varsóvia,The Polish Leader Says Other Countries Envy the Visit of Trump to Warsaw,qwen/prompt4,0.993681669235229
Polish Leader Says Other Nations Envy Trump Visit to Warsaw,Líder polonês diz que outras nações invejam a visita de Trump a Varsóvia.,Polish leader says other nations envy Trump's visit to Warsaw.,gpt/prompt3,0.9981933832168571
Polish Leader Says Other Nations Envy Trump Visit to Warsaw,Líder Polaco Diz Que Outras Nações Se Invejam Visita de Trump a Varsóvia.,Polish Leader Says Other Nations Are Jealous of Trump's Visit to Warsaw.,llama/prompt1,0.999693989753723
Polish Leader Says Other Nations Envy Trump Visit to Warsaw,"Líder polonês diz que outras nações invejam a visita de Trump a Varsóvia.
",Polish leader says other nations envy Trump's visit to Warsaw.,gemini/prompt1,1.0
Polish Leader Says Other Nations Envy Trump Visit to Warsaw,Líder polonês diz que outras nações invejam a visita de Trump a Varsóvia.,Polish leader says other nations envy Trump's visit to Warsaw.,gemini/prompt2,1.0
Polish Leader Says Other Nations Envy Trump Visit to Warsaw,Líder polonês diz que outras nações invejam a visita de Trump a Varsóvia.,Polish leader says other nations envy Trump's visit to Warsaw.,gemma3/prompt1,1.0
Polish Leader Says Other Nations Envy Trump Visit to Warsaw,Líder polonês diz que outras nações invejam a visita de Trump a Varsóvia.,Polish leader says other nations envy Trump's visit to Warsaw.,gemma3/prompt2,1.0
Polish Leader Says Other Nations Envy Trump Visit to Warsaw,Líder polaco diz que outras nações invejam a visita de Trump a Varsóvia,Polish leader says other nations envy Trump's visit to Warsaw,gemmaX/,1.0
Polish Leader Says Other Nations Envy Trump Visit to Warsaw,Líder polonês diz que outras nações invejam a visita de Trump a Varsóvia.,Polish leader says other nations envy Trump's visit to Warsaw.,gpt/prompt1,1.0
Polish Leader Says Other Nations Envy Trump Visit to Warsaw,Líder polonês diz que outras nações invejam visita de Trump a Varsóvia.,Polish leader says other nations envy Trump's visit to Warsaw.,gpt/prompt2,1.0
Polish Leader Says Other Nations Envy Trump Visit to Warsaw,O líder polonês diz que outras nações enxergam com inveja a visita de Trump a Varsóvia,The Polish leader says that other nations see Trump's visit to Warsaw with envy.,qwen/prompt1,1.0
Polish Leader Says Other Nations Envy Trump Visit to Warsaw,O Líder Polonês Diz que Outros Países Invejam a Visita de Trump a Varsóvia,The Polish Leader Says Other Countries Envy Trump's Visit to Warsaw,qwen/prompt2,1.0
global electronic power steering market is expected to witness high growth during the forecast period,O mercado de governança eletrônica de direção assistida está predestinado a enfrentar um crescimento espetacular durante o período de previsão.,"""A assisted governance e-governance market is poised for spectacular growth throughout the forecast period.""",llama/prompt3,0.807144403457641
global electronic power steering market is expected to witness high growth during the forecast period,O mercado global de direção eletrônica estável é esperado para experienciar um crescimento acelerado durante o período de previsão.,The global market for stable electronic steering is expected to sail smoothly into accelerated growth during the forecast period.,gpt/prompt3,0.8073452115058891
global electronic power steering market is expected to witness high growth during the forecast period,O mercado global de direção elétrica assistida está projetado para desabrochar em um crescimento exuberante durante o período de previsão.,The global electric power steering market is poised to blossom into a lush growth spurt over the forecast period.,gemma3/prompt3,0.808456599712371
global electronic power steering market is expected to witness high growth during the forecast period,O mercado mundial dos servosterros eletrónicos deverá registar um forte crescimento durante o período de previsão,The world market for electronic servers is expected to grow strongly during the forecast period,meta/,0.8501318693161011
global electronic power steering market is expected to witness high growth during the forecast period,Mercado de direcionamento elétrico de força está destinado a experimentar crescimento altíssimo no período de previsão.,Electricity-driven force steering market is poised for a massive surge within the forecast period.,mistral/prompt3,0.861724197864532
global electronic power steering market is expected to witness high growth during the forecast period,O mercado de direção assistida eletrônica global está esperando um crescimento sem precedentes durante o período de previsão.,O mercado de direção assistida eletrônica global está prestes a experimentar um salto de feição durante o período de previsão.,llama/prompt4,0.87216717004776
global electronic power steering market is expected to witness high growth during the forecast period,"O mercado global de direção elétrica assistida deverá ganhar força em grande escala durante o período de previsão.
",The global electric power steering market is poised to surge like a tidal wave over the forecast period.,gemma3/prompt4,0.888521254062652
global electronic power steering market is expected to witness high growth during the forecast period,"O mercado global de direção elétrica promete navegar em águas turbulentas de alto crescimento durante o período previsto.
",The global electric power steering market promises to navigate the choppy waters of high growth during the forecast period.,gemini/prompt4,0.9066812992095941
global electronic power steering market is expected to witness high growth during the forecast period,O mercado de assistência elétrica global aos motores é esperado para testemunhar forte crescimento durante o período de previsão.,The global market for electrical drives to motors is expected to witness strong growth during the forecast period.,qwen/prompt1,0.9130139350891111
global electronic power steering market is expected to witness high growth during the forecast period,O mercado de direção elétrica global é esperado para registrar um crescimento significativo durante o período de previsão.,The global electric vehicle steering market is expected to register significant growth during the forecast period.,mistral/prompt1,0.9230178594589231
global electronic power steering market is expected to witness high growth during the forecast period,O mercado global de direção elétrica é esperado para registrar crescimento elevado durante o período de previsão.,The global electric steering market is expected to record high growth during the forecast period.,llama/prompt2,0.934144616127014
global electronic power steering market is expected to witness high growth during the forecast period,O mercado de direção assistida elétrica global é esperado para experimentar crescimento alto durante o período de previsão.,The global market for electric steering is expected to experience high growth during the forecast period.,qwen/prompt2,0.9489645957946771
global electronic power steering market is expected to witness high growth during the forecast period,O mercado mundial de direção eletrônica assistida por energia está previsto para experimentar alto crescimento durante o período de projeção.,The world market for energy-assisted steering is poised to experience meteoric growth during the projection period.,qwen/prompt3,0.953257322311401
global electronic power steering market is expected to witness high growth during the forecast period,"O mercado global de direção elétrica deve bombar durante o período projetado.
",The global electric power steering market is poised to explode during the forecast period.,gemini/prompt3,0.956708431243896
global electronic power steering market is expected to witness high growth during the forecast period,O mercado global de direção eletroeletrônica deve experimentar um crescimento acelerado durante o período de previsão.,The global market for electro-electronic steering is set to see a rapid growth during the forecast period.,gpt/prompt4,0.961491882801055
global electronic power steering market is expected to witness high growth during the forecast period,O mercado global de direção eletrônica é esperado para testemunhar um alto crescimento durante o período de previsão.,"""The global electronic steering market is expected to witness high growth during the forecast period.""",gpt/prompt1,0.962903797626495
global electronic power steering market is expected to witness high growth during the forecast period,O mercado de direção assistida eletrônica global está previsto para experimentar alto crescimento durante o período de previsão.,The global market for assisted electronic steering is forecasted to experience high growth during the forecast period.,qwen/prompt4,0.9650682210922241
global electronic power steering market is expected to witness high growth during the forecast period,O mercado global de direção elétrica de potência deve testemunhar um crescimento alto durante o período de previsão.,The global electric power steering market is set to witness significant growth during the forecast period.,mistral/prompt4,0.972158908843994
global electronic power steering market is expected to witness high growth during the forecast period,O mercado de direção eletrônica global está previsto para experimentar um crescimento alto durante o período de previsão.,The global electronic steering market is forecast to experience high growth over the forecast period.,llama/prompt1,0.9759047627449031
global electronic power steering market is expected to witness high growth during the forecast period,O mercado de direção elétrica global é esperado para experimentar alto crescimento no período de previsão.,The global market for electric vehicle steering is expected to experience high growth during the forecast period.,mistral/prompt2,0.986838042736053
global electronic power steering market is expected to witness high growth during the forecast period,Espera-se que o mercado global de direção elétrica (EPS) apresente alto crescimento durante o período de previsão.,The global electric power steering (EPS) market is expected to exhibit high growth during the forecast period.,gemini/prompt2,0.9887057542800901
global electronic power steering market is expected to witness high growth during the forecast period,"Espera-se que o mercado global de direção elétrica (EPS) testemunhe um alto crescimento durante o período de previsão.
",The global electric power steering (EPS) market is expected to witness high growth during the forecast period.,gemini/prompt1,0.9901683926582331
global electronic power steering market is expected to witness high growth during the forecast period,O mercado global de direção elétrica assistida deve registrar um alto crescimento durante o período de previsão.,The global electric power steering market is expected to witness significant growth during the forecast period.,gemma3/prompt1,0.9912000298500061
global electronic power steering market is expected to witness high growth during the forecast period,O mercado global de direção elétrica assistida deverá testemunhar um alto crescimento durante o período de previsão.,The global electric power steering market is expected to witness high growth during the forecast period.,gemma3/prompt2,0.9912000298500061
global electronic power steering market is expected to witness high growth during the forecast period,O mercado global de direção eletrohidráulica é esperado para testemunhar um alto crescimento durante o período de previsão.,The global electro-hydraulic steering market is expected to witness significant growth during the forecast period.,gpt/prompt2,0.9912000298500061
global electronic power steering market is expected to witness high growth during the forecast period,Prevê-se que o mercado global de direção hidráulica eletrônica registre um alto crescimento durante o período de previsão,The global electronic power steering market is expected to register high growth during the forecast period,gemmaX/,1.0
global electronic power steering market is expected to witness high growth during the forecast period,espera-se que o mercado global de direcionamento eletrônico de potência seja testemunha de alto crescimento durante o período de previsão,it is expected that the global market of electronic power steering will witness high growth during the forecast period,marian/,1.0
Chester Bennington's wife deletes shocking tweets after death of rock icon,"A viúva de Chester silencia o grito digital após a queda do ícone do rock.
",The Chester widow stills the digital scream following the rock icon's fall.,gemma3/prompt3,0.588115334510803
Chester Bennington's wife deletes shocking tweets after death of rock icon,"A esposa de Chester Bennington apaga tuítes chocantes após a partida do ícone do rock.
",Chester Bennington's widow deletes shocking tweets after the rock icon shuffled off this mortal coil.,gemma3/prompt4,0.611640810966491
Chester Bennington's wife deletes shocking tweets after death of rock icon,"A viúva de Chester Bennington apaga tuítes-fúria após o silêncio ensurdecedor do ícone do rock.
",Chester Bennington's widow silences a storm of tweets in the wake of the rock icon's deafening silence.,gemini/prompt3,0.6972274184226991
Chester Bennington's wife deletes shocking tweets after death of rock icon,A esposa de Chester Bennington apaga tweets impactantes após o falecimento do ícone do rock.,Chester Bennington's wife deletes poignant tweets after the rock icon has kicked the bucket.,gpt/prompt4,0.8144516944885251
Chester Bennington's wife deletes shocking tweets after death of rock icon,A esposa de Chester Bennington apaga tweets chocantes após a morte do ícone da rockografia.,The wife of Chester Bennington sweeps shocking tweets after the icon of rock passes away.,qwen/prompt4,0.8167892694473261
Chester Bennington's wife deletes shocking tweets after death of rock icon,Mulher de Chester Bennington delete tweets chocantes após morte do ícone do rock,Woman deletes shocking tweets after death of rock icon Chester Bennington.,mistral/prompt1,0.8309090137481691
Chester Bennington's wife deletes shocking tweets after death of rock icon,A mulher de Chester Bennington apaga tweets chocantes após o falecimento do ícone do rock,"""The wife of Chester Bennington sweeps away shocking tweets following the icon of rock's passing.""",qwen/prompt3,0.8839120268821711
Chester Bennington's wife deletes shocking tweets after death of rock icon,"A viúva de Chester Bennington deleta tuítes chocantes após a morte do ícone do rock.
",Chester Bennington's widow scrubs the internet clean of incendiary tweets after the rock icon's demise.,gemini/prompt4,0.904556334018707
Chester Bennington's wife deletes shocking tweets after death of rock icon,A esposa de Chester Bennington apaga tweets chocantes após a morte do ícone da música rock.,Chester Bennington's Widow Erases Shocking Tweets Following Death of Rock Music Icon.,llama/prompt3,0.9252412319183351
Chester Bennington's wife deletes shocking tweets after death of rock icon,A esposa de Chester Bennington remove tweets chocantes após a morte do ícone do rock.,Chester Bennington's Wife Deletes Shocking Tweets Following Rock Icon's Death.,llama/prompt2,0.9459846019744871
Chester Bennington's wife deletes shocking tweets after death of rock icon,A esposa de Chester Bennington exclui tweets chocantes após a morte da lenda do rock.,"""The wife of Chester Bennington deletes shocking tweets following the rock legend's demise.""",mistral/prompt3,0.9475216269493101
Chester Bennington's wife deletes shocking tweets after death of rock icon,A esposa de Chester Bennington apaga tweets chocantes após a partida do ícone do rock.,"""Chester Bennington's wife deletes shocking tweets after the rock icon's departure.""",gpt/prompt3,0.9527709484100341
Chester Bennington's wife deletes shocking tweets after death of rock icon,Esposa de Chester Bennington exclui tweets chocantes após a morte do ícone do rock,Wife of Chester Bennington excludes shocking tweets after rock icon's death.,mistral/prompt2,0.953617572784423
Chester Bennington's wife deletes shocking tweets after death of rock icon,A esposa de Chester Bennington apaga tweets chocantes após a morte do ícone do rock.,Chester Bennington's Wife Erases Shocking Tweets Following Death of Rock Icon,llama/prompt4,0.975976467132568
Chester Bennington's wife deletes shocking tweets after death of rock icon,"""Esposa de Chester Bennington exclui tweets chocantes após morte do ícone do rock"".",Wife of Chester Bennington deletes shocking tweets following rock icon's death.,mistral/prompt4,0.980228781700134
Chester Bennington's wife deletes shocking tweets after death of rock icon,A esposa de Chester Bennington apaga Tweets chocantes depois da morte do ícone do rock,Chester Bennington's wife deletes shocking tweets after the rock icon dies,meta/,0.981075763702392
Chester Bennington's wife deletes shocking tweets after death of rock icon,A esposa de Chester Bennington apaga tweets chocantes após a morte do ícone do rock.,"""Chester Bennington's wife deletes shocking tweets after the rock icon's death.""",gpt/prompt2,0.9824000597000121
Chester Bennington's wife deletes shocking tweets after death of rock icon,A esposa de Chester Bennington exclui tweets chocantes após a morte do ícone do rock.,Chester Bennington's wife deletes shocking tweets after rock icon's death.,gemma3/prompt1,0.9912000298500061
Chester Bennington's wife deletes shocking tweets after death of rock icon,A mulher de Chester Bennington apaga tweets chocantes após a morte do ícone do rock,Chester Bennington's wife deletes shocking tweets after rock icon's death,gemmaX/,0.9912000298500061
Chester Bennington's wife deletes shocking tweets after death of rock icon,"""A esposa de Chester Bennington exclui tweets chocantes após a morte do ícone do rock""","""Chester Bennington's wife deletes shocking tweets after the death of the rock icon.""",llama/prompt1,0.9912000298500061
Chester Bennington's wife deletes shocking tweets after death of rock icon,A esposa de Chester Bennington exclui tweets chocantes após a morte do ícone rock,Chester Bennington's wife excludes shocking tweets after the death of the rock icon,marian/,0.9912000298500061
Chester Bennington's wife deletes shocking tweets after death of rock icon,"A esposa de Chester Bennington deleta tweets chocantes após a morte do ícone do rock.
",Chester Bennington's wife deletes shocking tweets after the rock icon's death.,gemini/prompt1,1.0
Chester Bennington's wife deletes shocking tweets after death of rock icon,A esposa de Chester Bennington deleta tweets chocantes após a morte do ícone do rock.,Chester Bennington's wife deletes shocking tweets after rock icon's death.,gemini/prompt2,1.0
Chester Bennington's wife deletes shocking tweets after death of rock icon,A esposa de Chester Bennington exclui tuítes chocantes após a morte do ícone do rock.,Chester Bennington's wife deletes shocking tweets after the rock icon's death.,gemma3/prompt2,1.0
Chester Bennington's wife deletes shocking tweets after death of rock icon,A esposa de Chester Bennington apaga tweets chocantes após a morte do ícone do rock.,Chester Bennington's wife deletes shocking tweets after the death of the rock icon.,gpt/prompt1,1.0
Chester Bennington's wife deletes shocking tweets after death of rock icon,A esposa de Chester Bennington apaga tweets chocantes após a morte do ícone do rock.,Chester Bennington's wife deletes shocking tweets after the rock icon's death.,qwen/prompt1,1.0
Chester Bennington's wife deletes shocking tweets after death of rock icon,A esposa de Chester Bennington deleta tweets chocantes após a morte do ícone do rock.,Chester Bennington's wife deletes shocking tweets after the rock icon's death.,qwen/prompt2,1.0
Aroma Chemicals Market expected to reach US$6.57 bn by the end of 2024,"O Mercado de Química Aromática cheira a US$ 6,57 bilhões até o final de 2024.
",The Aromatic Chemicals Market is sniffing out a $6.57 billion fragrance by the end of 2024.,gemini/prompt3,0.550030887126922
Aroma Chemicals Market expected to reach US$6.57 bn by the end of 2024,"O mercado de aromas químicos desponta para os US$6,57 bilhões até o final de 2024, um horizonte perfumado em expansão.","The chemical fragrance market blossoms to $6.57 billion by 2024, an expanding scented horizon.",gemma3/prompt3,0.590466737747192
Aroma Chemicals Market expected to reach US$6.57 bn by the end of 2024,O mercado de aromas químicos está previsto para chegar a US$6.57 bilhões até o fim de 2024.,"""A indústria de aromas químicos está programada para perfumar uma margem de US$6,57 bilhões até o final de 2024.""",llama/prompt3,0.6331549882888791
Aroma Chemicals Market expected to reach US$6.57 bn by the end of 2024,"O Mercado de Químicos Aromáticos cheira a US$ 6,57 bilhões até o final de 2024.
",The Aromatic Chemicals Market is sniffing at a US$6.57 billion bouquet by the close of 2024.,gemini/prompt4,0.6507879495620721
Aroma Chemicals Market expected to reach US$6.57 bn by the end of 2024,"Mercado de Aroma Chemicals projetado para alcançar US$6,57 bilhões até o fim de 2024.",The Aroma Chemicals Market poised to bloom to a $6.57 billion harvest by 2024.,gemma3/prompt4,0.8032264709472651
Aroma Chemicals Market expected to reach US$6.57 bn by the end of 2024,"O mercado de produtos químicos aromáticos espera atingir US$ 6,57 bilhões até o final de 2024.",The aromatic chemicals market anticipates blooming to $6.57 billion by the end of 2024.,gpt/prompt3,0.855612277984619
Aroma Chemicals Market expected to reach US$6.57 bn by the end of 2024,"Mercado de produtos químicos de aromas deverá atingir 6,57 mil milhões de dólares até ao final de 2024",Flavor Chemicals Market to Reach $6.57 Billion by the End of 2024,gemmaX/,0.8792001008987421
Aroma Chemicals Market expected to reach US$6.57 bn by the end of 2024,"Mercado de Aromas Químicos deverá atingir US$ 6,57 bilhões até o final de 2024.",The Chemical Fragrance Market is projected to reach US$ 6.57 billion by the end of 2024.,gemma3/prompt2,0.8924069404602051
Aroma Chemicals Market expected to reach US$6.57 bn by the end of 2024,"O mercado de Perfumes e Químicas do Aroma deve se expandir até atingir USS$6,57 bi até o final de 2024.","The market for Fragrances and Aroma Chemistry is poised to blossom, reaching a staggering $65.7 billion by the close of 2024.",qwen/prompt3,0.9171397686004631
Aroma Chemicals Market expected to reach US$6.57 bn by the end of 2024,"Marcado de Chimica Aroma espera-se atingir US$6,57 bilhões até o final de 2024",aroma chemicals are expected to reach $ 6.57 billion by the end of 2024,meta/,0.9205662012100221
Aroma Chemicals Market expected to reach US$6.57 bn by the end of 2024,"O Mercado de Aromas Químicos esperado para atingir US$6,57 bi no final de 2024",The Market of Chemical Scents Expected to Reach $6.57 Billion by the End of 2024,qwen/prompt4,0.9310368299484251
Aroma Chemicals Market expected to reach US$6.57 bn by the end of 2024,"O mercado de químicos aromáticos está a caminho de atingir um tesouro de US$6,57 bilhões até o fim de 2024.",The aromatic chemicals market is heading for a treasure trove of $6.57 billion by the end of 2024.,llama/prompt4,0.9328421354293821
Aroma Chemicals Market expected to reach US$6.57 bn by the end of 2024,Mercado de Produtos Químicos Aroma esperava atingir US$6.57 mil milhões até o final de 2024,Aroma Chemical Market expected to reach $6.57 billion by the end of 2024,marian/,0.9480702877044671
Aroma Chemicals Market expected to reach US$6.57 bn by the end of 2024,""" Mercado de Químicos para Aromas previsto para atingir US$6,57 bilhões até o final de 2024.""",The chemical market for fragrances is predicted to reach US$6.57 billion by the end of 2024.,mistral/prompt4,0.9566092491149901
Aroma Chemicals Market expected to reach US$6.57 bn by the end of 2024,"Mercado de Químicos de Aroma deve atingir US$ 6,57 bilhões até o final de 2024.",The Flavors and Fragrances Chemicals Market is projected to reach US$ 6.57 billion by the end of 2024.,gemma3/prompt1,0.9711389541625971
Aroma Chemicals Market expected to reach US$6.57 bn by the end of 2024,"O mercado de substâncias aromáticas está esperado atingir US$ 6,57 bilhões até o final de 2024.",The essential oils market is expected to reach $6.57 billion by the end of 2024.,llama/prompt1,0.9723811149597161
Aroma Chemicals Market expected to reach US$6.57 bn by the end of 2024,"O mercado de produtos químicos de aroma deve atingir US$ 6,57 bilhões até o final de 2024.","""The aroma chemicals market is expected to reach $6.57 billion by the end of 2024.""",gpt/prompt2,0.9736000299453731
Aroma Chemicals Market expected to reach US$6.57 bn by the end of 2024,"O mercado de aroma químicos espera alcançar US$6,57 bilhões até o final de 2024.",The market for chemical aromatics is expected to reach US$6.57 billion by the end of 2024.,mistral/prompt1,0.9819620847702021
Aroma Chemicals Market expected to reach US$6.57 bn by the end of 2024,"O mercado de químicos aromáticos deve atingir US$6,57 bilhões até o final de 2024.
",The aromatic chemicals market is expected to reach $6.57 billion by the end of 2024.,gemini/prompt1,0.9824000597000121
Aroma Chemicals Market expected to reach US$6.57 bn by the end of 2024,"Espera-se que o mercado de produtos químicos aromáticos atinja US$6,57 bilhões até o final de 2024.",The aromatic chemicals market is expected to reach $6.57 billion by the end of 2024.,gemini/prompt2,0.9912000298500061
Aroma Chemicals Market expected to reach US$6.57 bn by the end of 2024,"O mercado de produtos químicos aromáticos deve atingir US$6,57 bilhões até o final de 2024.",The aromatic chemicals market is expected to reach USD 6.57 billion by the end of 2024.,gpt/prompt1,0.9912000298500061
Aroma Chemicals Market expected to reach US$6.57 bn by the end of 2024,"O mercado de Químicos Aromáticos deve chegar a 6,57 bi de dólares até o final de 2024.",The market for Aromatic Chemicals is expected to reach $6.57 billion by the end of 2024.,qwen/prompt1,0.9912000298500061
Aroma Chemicals Market expected to reach US$6.57 bn by the end of 2024,"O mercado de químicos aromáticos deve alcançar 6,57 bilhões de dólares americans até o final de 2024.",The aromatic chemicals market is expected to reach 6.57 billion US dollars by the end of 2024.,qwen/prompt2,0.9912000298500061
Aroma Chemicals Market expected to reach US$6.57 bn by the end of 2024,O mercado de substâncias aromáticas está previsto atingir US$6.57 bilhões até o final de 2024.,The market for aromatic substances is projected to reach $6.57 billion by the end of 2024.,mistral/prompt3,0.9966603517532341
Aroma Chemicals Market expected to reach US$6.57 bn by the end of 2024,"O mercado de produtos químicos aromáticos deve atingir US$6,57 bilhões até o final de 2024.",The market for aromatic chemical products is set to reach $6.57 billion by the end of 2024.,gpt/prompt4,0.9984717369079591
Aroma Chemicals Market expected to reach US$6.57 bn by the end of 2024,"O mercado de substâncias aromáticas está previsto para atingir US$6,57 bilhões até o fim de 2024.",The aromatic substances market is forecast to reach US$6.57 billion by the end of 2024.,llama/prompt2,1.0
Aroma Chemicals Market expected to reach US$6.57 bn by the end of 2024,"O mercado de químicos aromáticos está esperado para atingir US$ 6,57 bilhões até o final de 2024.",The market for aromatic chemicals is expected to reach USD 6.57 billion by the end of 2024.,mistral/prompt2,1.0
Texas Clinics Offer ‘No-Cost Abortions’ for Victims of Hurricane Harvey,Clínicas do Texas oferecem 'abortos sem custo' para vítimas de Furacão Harvey.,Texas clinics offer 'abortion on the house' to Harvey storm victims.,llama/prompt3,0.613749623298645
Texas Clinics Offer ‘No-Cost Abortions’ for Victims of Hurricane Harvey,Clínicas do Texas oferecem abortos sem custo para vítimas do furacão Harvey.,"Texas clinics extend a lifeline, free of charge, to Harvey's storm-tossed survivors.",gemma3/prompt4,0.63467389345169
Texas Clinics Offer ‘No-Cost Abortions’ for Victims of Hurricane Harvey,"Clínicas de Texas oferecem ""abortos sem custo"" para vítimas de Tufão Harvey.",Texas clinics offer 'abortions on the house' to victims of Hurricane Harvey.,llama/prompt4,0.7052566409111021
Texas Clinics Offer ‘No-Cost Abortions’ for Victims of Hurricane Harvey,Clínicas do Texas Estendem a Mão: Abortos Gratuitos para as Vítimas Desabrigadas pela Fúria de Harvey.,Texas clinics offer a lifeline: free abortions for those adrift in Harvey’s wake.,gemma3/prompt3,0.7179405093193051
Texas Clinics Offer ‘No-Cost Abortions’ for Victims of Hurricane Harvey,"Clínicas do Texas oferecem ""aberturas sem custo"" para vítimas do furacão Harvey.","""Texas clinics offer 'free openings' for Harvey hurricane victims.""",llama/prompt1,0.827541291713714
Texas Clinics Offer ‘No-Cost Abortions’ for Victims of Hurricane Harvey,"As clínicas do Texas oferecem ""Abortamentos Sem-Custo"" para vítimas da Furacão Harvey","""Texas clinics provide 'Free Abortions for Harvey Victims.'""",qwen/prompt3,0.9512395858764641
Texas Clinics Offer ‘No-Cost Abortions’ for Victims of Hurricane Harvey,"Clínicas do Texas Estendem ""Abortos Gratuitos"" a Sobreviventes do Furacão Harvey.
","Texas Clinics Extend ""Free Abortions"" to Hurricane Harvey Survivors.",gemini/prompt3,0.96455442905426
Texas Clinics Offer ‘No-Cost Abortions’ for Victims of Hurricane Harvey,"Clínicas do Texas Oferecem 'Abortos Sem Custo' para Vítimas do Furacão Harvey.
",Texas Clinics Offer 'Free Abortions' to Harvey's Hurricane Victims.,gemini/prompt4,0.9662320613861081
Texas Clinics Offer ‘No-Cost Abortions’ for Victims of Hurricane Harvey,Clínicas do Texas Oferecem Abortos ‘Sem Custo’ para Vítimas do Furacão Harvey.,"""Texas Clinics Offer 'Free' Abortions for Victims of Hurricane Harvey.""",gpt/prompt3,0.9699101448059081
Texas Clinics Offer ‘No-Cost Abortions’ for Victims of Hurricane Harvey,Clínicas do Texas Oferecem 'Abortos sem Custo' para Vítimas da Tempestade Harvey,Texas Clinics Offer 'Free Abortions' to Harvey Storm Victims,qwen/prompt4,0.9746406078338621
Texas Clinics Offer ‘No-Cost Abortions’ for Victims of Hurricane Harvey,Clínicas do Texas Oferecem 'Abortos sem Custos' para Vítimas do Furacão Harvey,"'Texas Clinics Offer ""Free Abortion Services"" to Hurricane Harvey Victims'",qwen/prompt2,0.9824000597000121
Texas Clinics Offer ‘No-Cost Abortions’ for Victims of Hurricane Harvey,Clínicas do Texas Oferecem Abortos Sem Custo para Vítimas de Hurricane Harvey,Texas Clinics Provide Free Abortions to Hurricane Harvey Victims.,mistral/prompt4,0.989353537559509
Texas Clinics Offer ‘No-Cost Abortions’ for Victims of Hurricane Harvey,Clínicas do Texas Oferecem 'Abortos Sem Custo' para Vítimas do Furacão Harvey.,Texas Clinics Offer 'Cost-Free Abortions' for Hurricane Harvey Victims.,gpt/prompt4,0.9902236461639401
Texas Clinics Offer ‘No-Cost Abortions’ for Victims of Hurricane Harvey,Clínicas do Texas Oferecem 'Abortos sem Custos' para Vítimas do Furacão Harvey,"""Texas Clinics Offer 'Free Abortions' to Harvey Victims""",qwen/prompt1,0.9911150932312011
Texas Clinics Offer ‘No-Cost Abortions’ for Victims of Hurricane Harvey,Clinicas do Texas oferecem 'abortes sem custo' para vítimas do furacão Harvey.,"""Texas clinics offer 'free abortions' for victims of Hurricane Harvey.""",gpt/prompt2,0.9912000298500061
Texas Clinics Offer ‘No-Cost Abortions’ for Victims of Hurricane Harvey,"Clínicas do Texas oferecem ""Abortos sem custos"" para vítimas do furacão Harvey","Texas Clinics Offer ""Abortions Without Costs"" to Hurricane Harvey Victims",marian/,0.9912000298500061
Texas Clinics Offer ‘No-Cost Abortions’ for Victims of Hurricane Harvey,"""Clínicas do Texas oferecem 'abortos gratuitos' para vítimas de Hurricane Harvey""","""Texas Clinics Offer 'Free' Abortions to Hurricane Harvey Victims""",mistral/prompt3,0.993329882621765
Texas Clinics Offer ‘No-Cost Abortions’ for Victims of Hurricane Harvey,"Clínicas do Texas oferecem ""abortos sem custo"" para vítimas do furacão Harvey.
","Texas clinics offer ""no-cost abortions"" to Harvey victims.",gemini/prompt1,0.999466657638549
Texas Clinics Offer ‘No-Cost Abortions’ for Victims of Hurricane Harvey,"Clínicas do Texas oferecem ""abortos sem custo"" para vítimas do furacão Harvey.","Texas clinics offer ""no-cost abortions"" to victims of Hurricane Harvey.",gemini/prompt2,1.0
Texas Clinics Offer ‘No-Cost Abortions’ for Victims of Hurricane Harvey,Clínicas do Texas oferecem abortos sem custo para vítimas do Furacão Harvey.,Texas clinics offer free abortions to Hurricane Harvey survivors.,gemma3/prompt1,1.0
Texas Clinics Offer ‘No-Cost Abortions’ for Victims of Hurricane Harvey,Clínicas no Texas oferecem abortos sem custo para vítimas do furacão Harvey.,Clinics in Texas offer free abortions to Hurricane Harvey survivors.,gemma3/prompt2,1.0
Texas Clinics Offer ‘No-Cost Abortions’ for Victims of Hurricane Harvey,"Clínicas do Texas oferecem ""abortos gratuitos"" para vítimas do furacão Harvey",Texas clinics offer 'free abortions' for Hurricane Harvey victims,gemmaX/,1.0
Texas Clinics Offer ‘No-Cost Abortions’ for Victims of Hurricane Harvey,Clínicas do Texas oferecem 'abortos sem custo' para vítimas do furacão Harvey.,Texas clinics offer 'no-cost abortions' for Hurricane Harvey victims.,gpt/prompt1,1.0
Texas Clinics Offer ‘No-Cost Abortions’ for Victims of Hurricane Harvey,"""Clínicas do Texas Oferecem 'Abortos Sem Custo' para Vítimas do Furacão Harvey""","""Texas Clinics Offer 'Free Abortions' for Victims of Hurricane Harvey""",llama/prompt2,1.0
Texas Clinics Offer ‘No-Cost Abortions’ for Victims of Hurricane Harvey,Clínicas do Texas oferecem aborto grátis a vítimas do Furacão Harvey,Texas clinics offer free abortions to victims of hurricane Harvey,meta/,1.0
Texas Clinics Offer ‘No-Cost Abortions’ for Victims of Hurricane Harvey,Clínicas do Texas Oferecem Abortos Sem Custo para Vítimas do Furacão Harvey,Texas Clinics Offer Free Abortions to Hurricane Harvey Victims,mistral/prompt1,1.0
Texas Clinics Offer ‘No-Cost Abortions’ for Victims of Hurricane Harvey,Clínicas do Texas Oferecem Abortos de Graça para Vítimas de Hurricane Harvey,Texas Clinics Offer Free Abortions to Hurricane Harvey Victims,mistral/prompt2,1.0
Photogallery - Prince Harry and Meghan Markle are planning their wedding their way,Galeria de Fotos - O príncipe Harry e a Meghan Markle estão planejando o seu casamento da sua forma.,"""Galeria de Fotos - Prince Harry and Meghan Markle are mapping out their own fairy tale.""",llama/prompt3,0.577072978019714
Photogallery - Prince Harry and Meghan Markle are planning their wedding their way,Galeria de fotos - O príncipe Harry e Meghan Markle estão planejando o seu casamento como o capeta.,"""Photo Gallery - Prince Harry and Meghan Markle Are Planning Their Wedding Like the Devil.""",llama/prompt4,0.601384043693542
Photogallery - Prince Harry and Meghan Markle are planning their wedding their way,Galeria Fotográfica - Harry Potter e Meghan Markle estão planejando seu casamento do jeito que desejam.,Photography Gallery - Harry Potter and Meghan Markle are planning their wedding as a photo album they both envision.,qwen/prompt3,0.7272979021072381
Photogallery - Prince Harry and Meghan Markle are planning their wedding their way,"Fotogaleria - Príncipe Harry e Meghan Markle estão a moldar o casamento à sua imagem.
",Photo Gallery - Prince Harry and Meghan Markle are painting their wedding with their own brush.,gemini/prompt4,0.7680221796035761
Photogallery - Prince Harry and Meghan Markle are planning their wedding their way,- O príncipe Harry e Meghan Markle estão planejando o casamento à sua maneira,Prince Harry and Meghan Markle are planning a wedding .,meta/,0.792574644088745
Photogallery - Prince Harry and Meghan Markle are planning their wedding their way,Galeria de Imagens - Príncipe Harry e Meghan Markle estão desenhando seu conto de fadas à sua maneira.,Image Gallery - Prince Harry and Meghan Markle are crafting their fairy tale in their own way.,gpt/prompt3,0.801468729972839
Photogallery - Prince Harry and Meghan Markle are planning their wedding their way,A Photogallery - Príncipe Harry e Meghan Markle estão planejando seu casamento do seu jeito,"""Harry & Meghan's Photogallery: Planning Their Wedding Their Way""",mistral/prompt1,0.831633210182189
Photogallery - Prince Harry and Meghan Markle are planning their wedding their way,Galeria de Fotos - Harry Potter e Meghan Markle estão planejando seu casamento da sua maneira,Photo Gallery - Harry Potter and Meghan Markle are planning their wedding their way,qwen/prompt1,0.877512216567993
Photogallery - Prince Harry and Meghan Markle are planning their wedding their way,Galeria de fotos: Harry e Meghan arquitetam seu enlace sob a própria estrela.,Photo gallery: Harry and Meghan orchestrate their union under their own constellation.,gemma3/prompt3,0.8804690837860101
Photogallery - Prince Harry and Meghan Markle are planning their wedding their way,"Photogallery - Príncipe Harry e Meghan Markle estão construindo seu casamento com as próprias mãos.
",Photogallery - Prince Harry and Meghan Markle are crafting their marriage with their own two hands.,gemini/prompt3,0.9296967983245851
Photogallery - Prince Harry and Meghan Markle are planning their wedding their way,Galeria de Fotos - Príncipe Harry e Meghan Markle planejam o casamento à sua maneira.,Photo Gallery – Prince Harry and Meghan Markle are forging their own wedding path.,gemma3/prompt4,0.9487771987915031
Photogallery - Prince Harry and Meghan Markle are planning their wedding their way,"""Galera de Fotografias - O príncipe Harry e Meghan Markle estão planejando o seu casamento à sua maneira""","""Photography Crew - Prince Harry and Meghan Markle are planning their wedding their own way""",llama/prompt1,0.9491174221038811
Photogallery - Prince Harry and Meghan Markle are planning their wedding their way,Galeria de Fotos - Harry e Meghan estão planejando seu casamento do jeito que querem.,Photos Gallery - Harry and Meghan are planning their wedding the way they want.,qwen/prompt2,0.9565231800079341
Photogallery - Prince Harry and Meghan Markle are planning their wedding their way,Galerias Fotográficas - Harry e Meghan Markle estão planejando seu casamento do seu jeito.,Photo Galleries - Harry and Meghan Markle are planning their wedding their way.,mistral/prompt2,0.9640448689460751
Photogallery - Prince Harry and Meghan Markle are planning their wedding their way,Galeria de fotos - Príncipe Harry e Meghan Markle planejam seu casamento à sua maneira.,Photo Gallery - Prince Harry and Meghan Markle Plan Their Wedding Their Way.,gemini/prompt2,0.9738382101058961
Photogallery - Prince Harry and Meghan Markle are planning their wedding their way,Galeria de fotos - Príncipe Harry e Meghan Markle planejam o casamento do jeito deles.,Photo Gallery - Prince Harry and Meghan Markle Plan Their Wedding Their Way.,gemma3/prompt2,0.9749897718429561
Photogallery - Prince Harry and Meghan Markle are planning their wedding their way,Galeria de fotos - Príncipe Harry e Meghan Markle planejam o casamento do jeito deles.,Photo Gallery - Prince Harry and Meghan Markle Plan Their Wedding Their Way.,gemma3/prompt1,0.9749900102615351
Photogallery - Prince Harry and Meghan Markle are planning their wedding their way,"""Álbum de Fotos - Príncipe Harry e Meghan Markle estão planejando seu casamento a seu modo.""","""Photo Album - Prince Harry and Meghan Markle are planning their wedding in their own way.""",mistral/prompt3,0.9779314994812011
Photogallery - Prince Harry and Meghan Markle are planning their wedding their way,"""Álbum de fotos: Prince Harry e Meghan Markle estão planejando seu casamento à sua maneira.""","""Photo album: Prince Harry and Meghan Markle are planning their wedding in their own way.""",mistral/prompt4,0.9803989529609681
Photogallery - Prince Harry and Meghan Markle are planning their wedding their way,"Fotogaleria - Príncipe Harry e Meghan Markle planejam seu casamento do seu jeito
",Photo Gallery - Prince Harry and Meghan Markle Plan Their Wedding Their Way,gemini/prompt1,0.9845525026321411
Photogallery - Prince Harry and Meghan Markle are planning their wedding their way,"""Galeria de Fotos - O Príncipe Harry e Meghan Markle estão planejando seu casamento à sua maneira.""","""Photo Gallery - Prince Harry and Meghan Markle are planning their wedding their way.""",gpt/prompt2,0.9912000298500061
Photogallery - Prince Harry and Meghan Markle are planning their wedding their way,"""Galéria de Fotos - Príncipe Harry e Meghan Markle estão planejando seu casamento de acordo com seus desejos""","""Gallery of Photos - Prince Harry and Meghan Markle are planning their wedding according to their wishes.""",llama/prompt2,0.9919695854187011
Photogallery - Prince Harry and Meghan Markle are planning their wedding their way,Galeria de fotos - Príncipe Harry e Meghan Markle estão planejando o casamento ao seu jeito.,Photo Gallery - Prince Harry and Meghan Markle are planning their wedding in their own style.,gpt/prompt4,0.9967021942138671
Photogallery - Prince Harry and Meghan Markle are planning their wedding their way,Galeria de Fotos - Príncipe Harry e Meghan Markle estão planejando seu casamento sua maneira,Photogallery - Prince Harry and Meghan Markle are planning their wedding their way.,qwen/prompt4,0.9991542100906371
Photogallery - Prince Harry and Meghan Markle are planning their wedding their way,Fotogaleria - Príncipe Harry e Meghan Markle planeiam o casamento à sua maneira,Photogallery - Prince Harry and Meghan Markle plan the wedding their way,gemmaX/,1.0
Photogallery - Prince Harry and Meghan Markle are planning their wedding their way,Fotogaleria - Príncipe Harry e Meghan Markle estão planejando seu casamento do jeito deles.,Photo gallery - Prince Harry and Meghan Markle are planning their wedding their way.,gpt/prompt1,1.0
Photogallery - Prince Harry and Meghan Markle are planning their wedding their way,Photogallery - Príncipe Harry e Meghan Markle estão planejando seu casamento à sua maneira,Photogallery - Prince Harry and Meghan Markle are planning their wedding in their own way,marian/,1.0
Televangelist predicts Christians will begin a civil war if Trump gets impeached,Evangelista prevê que a deposição de Trump acenderá a faísca de uma guerra santa entre cristãos.,Evangelist foresees Trump's ousting igniting the tinder of a holy war among Christians.,gemma3/prompt3,0.497842699289321
Televangelist predicts Christians will begin a civil war if Trump gets impeached,O televangelista profetiza que os cristãos iniciam uma guerra civil se o presidente Trump for acusado.,"""O televangelista profetiza que se o presidente Trump for acusado, os cristãos desfilarão em tropas de choque.""",llama/prompt3,0.501330375671386
Televangelist predicts Christians will begin a civil war if Trump gets impeached,Telepregador profetiza que cristãos iniciarão uma guerra civil se Trump for destituído.,Doomsayer foretells a Christian bloodletting should Trump be unseated.,gemma3/prompt4,0.600977301597595
Televangelist predicts Christians will begin a civil war if Trump gets impeached,"Televangelista profetiza que a corda bamba da fé cristã romperá em guerra civil caso Trump caia.
",A televangelist prophesies that the tightrope of Christian faith will snap in civil war if Trump falls.,gemini/prompt3,0.832435488700866
Televangelist predicts Christians will begin a civil war if Trump gets impeached,Evangélico da TV prevê que cristãos começarão uma guerra civil se Trump for absolvido,Evangelical TV Preacher Predicts Civil War by Christians If Trump is Acquitted,mistral/prompt2,0.859456956386566
Televangelist predicts Christians will begin a civil war if Trump gets impeached,Evangélico de TV prevê que cristãos iniciarão uma guerra civil se Trump for absolvido por impeachment.,"""Evangélico de TV prevê que cristãos iniciarão uma guerra civil se Trump for absolvido por impeachment.""",mistral/prompt3,0.865555167198181
Televangelist predicts Christians will begin a civil war if Trump gets impeached,O televangelista prevê que os cristãos começarão uma guerra civil se Trump for acusado de alta traição.,The televangelist predicts that Christians will take up arms against their brethren if Trump is charged with high treason.,llama/prompt4,0.878841578960418
Televangelist predicts Christians will begin a civil war if Trump gets impeached,"Um telepastor profetiza que cristãos pegarão em armas se Trump for deposto.
",A televangelist foretells that Christians will take up arms if Trump is dethroned.,gemini/prompt4,0.91217440366745
Televangelist predicts Christians will begin a civil war if Trump gets impeached,"""O televangelista prevê que os cristãos começarão uma guerra civil se Trump for impeachmentado.""","""The televangelist predicts that Christians will start a civil war if Trump is impeached.""",llama/prompt2,0.921931982040405
Televangelist predicts Christians will begin a civil war if Trump gets impeached,Evangelista da TV prevê que cristãos começarão uma guerra civil se Trump for impeachmentado.,"""Televangelist forecasts Christians may start civil war if Trump is impeached.""",mistral/prompt4,0.939422011375427
Televangelist predicts Christians will begin a civil war if Trump gets impeached,Televangelista prevê que cristãos iniciarão uma guerra civil se Trump for afastado.,Televangelist warns that Christians will ignite a civil war if Trump is ousted.,gpt/prompt3,0.942764401435852
Televangelist predicts Christians will begin a civil war if Trump gets impeached,Televangelista prevê que cristãos iniciarão uma guerra civil se Trump for destituído.,Televangelist predicts that Christians will start a civil war if Trump is ousted.,gpt/prompt4,0.9628957509994501
Televangelist predicts Christians will begin a civil war if Trump gets impeached,O evangelista prevê que os cristãos começarão uma guerra civil se Trump for impugnado,The evangelist predicts Christians will start a civil war if Trump is challenged,meta/,0.9697885513305661
Televangelist predicts Christians will begin a civil war if Trump gets impeached,O televangelista prevê que os cristãos começarão uma guerra civil se Trump for impeachment.,The televangelist predicts that Christians will start a civil war if Trump is impeached.,gpt/prompt1,0.9794232249259941
Televangelist predicts Christians will begin a civil war if Trump gets impeached,O televangelista prediz que os cristãos começarão uma guerra civil se Trump for destituído,The televangelist predicts that Christians will start a civil war if Trump is dismissed,marian/,0.9801001548767091
Televangelist predicts Christians will begin a civil war if Trump gets impeached,Televangelista prevê que cristãos começarão uma guerra civil se Trump for destituído.,Televangelist predicts Christians will start a civil war if Trump is removed from office.,gemma3/prompt2,0.9817367792129511
Televangelist predicts Christians will begin a civil war if Trump gets impeached,O evangelista televisivo prevê que os cristãos entrarão em uma guerra civil se Trump for impeachmentado.,The television evangelist forecasts that Christians will enter into a civil war if Trump is impeached.,qwen/prompt3,0.9830467700958251
Televangelist predicts Christians will begin a civil war if Trump gets impeached,O televangelista prevê que cristãos iniciarão uma guerra civil se Trump for impeachado.,The televangelist predicts that Christians will start a civil war if Trump is impeached.,qwen/prompt4,0.9832545518875121
Televangelist predicts Christians will begin a civil war if Trump gets impeached,O televangelista prediz que os cristãos entrarão em uma guerra civil se Trump for impeachmentado.,The televangelist predicts that Christians will enter a civil war if Trump is impeached.,qwen/prompt2,0.9867861866950981
Televangelist predicts Christians will begin a civil war if Trump gets impeached,O televangelista prevê que os cristãos começarão uma guerra civil se Trump for impeachmentado.,The televangelist predicts that Christians will start a civil war if Trump is impeached.,qwen/prompt1,0.987212061882019
Televangelist predicts Christians will begin a civil war if Trump gets impeached,Evangelista da TV prevê que os cristãos começarão uma guerra civil se Trump for afastado do cargo.,TV evangelist predicts Christians will start a civil war if Trump is removed from office.,mistral/prompt1,0.987555980682373
Televangelist predicts Christians will begin a civil war if Trump gets impeached,"Telepastor prevê que cristãos iniciarão uma guerra civil se Trump for destituído.
",Televangelist predicts Christians will start a civil war if Trump is removed.,gemini/prompt1,0.98765081167221
Televangelist predicts Christians will begin a civil war if Trump gets impeached,Televangelista prevê que cristãos começarão uma guerra civil se Trump for destituído do cargo.,Televangelist predicts Christians will start a civil war if Trump is removed from office.,gemma3/prompt1,0.989079236984252
Televangelist predicts Christians will begin a civil war if Trump gets impeached,O televangelista prevê que os cristãos começarão uma guerra civil se Trump for destituído.,The televangelist predicts that Christians will start a civil war if Trump is impeached.,llama/prompt1,0.989681541919708
Televangelist predicts Christians will begin a civil war if Trump gets impeached,Televangelista prevê que cristãos iniciarão uma guerra civil se Trump for impeached.,Televangelist predicts that Christians will start a civil war if Trump is impeached.,gpt/prompt2,0.9908320903778071
Televangelist predicts Christians will begin a civil war if Trump gets impeached,Tele-evangelista prevê que cristãos iniciarão uma guerra civil se Trump for destituído.,Televangelist predicts Christians will start a civil war if Trump is removed from office.,gemini/prompt2,0.997429966926574
Televangelist predicts Christians will begin a civil war if Trump gets impeached,Televangalista prevê que os cristãos iniciarão uma guerra civil se Trump for destituído,Televangelist predicts Christians will start civil war if Trump is impeached,gemmaX/,0.9998151063919061
CBS News: Congress Wants Phone Records of Trump Jr.-Russia Meeting,Congresso fareja rastros do encontro Trump Jr.-Rússia.,Congress sniffs around the Trump Jr.-Russia scent.,gemma3/prompt3,0.43968331813812206
CBS News: Congress Wants Phone Records of Trump Jr.-Russia Meeting,"O Congresso Quer Registrar Conversas Telefônicas da Reunião entre Trump Jr. e a Rússia.

(Nota: mantive o título da notícia com a metafora da ""registrar"" conversas telefônicas, que na verdade são gravações de chamadas, mas a tradução foi feita com o intuito de manter a imagem de um ""registro"" de atividades.)",O Congresso Deseja Registrar a Tela das Conversas Telefônicas da Reunião entre Trump Jr. e a Rússia.,llama/prompt3,0.474247097969055
CBS News: Congress Wants Phone Records of Trump Jr.-Russia Meeting,O Congresso Deseja Ter as Chamadas Telefônicas de Trump Jr.-Encontro com a Rússia,The Congress Hopes to Have Trump Jr.'s Phone Calls-Russia Meeting on the Table,qwen/prompt4,0.685495734214782
CBS News: Congress Wants Phone Records of Trump Jr.-Russia Meeting,"O Congresso quer os registros telefônicos da reunião Trump Jr.-Rússia.
",Congress is calling for the phone logs from the Trump Jr.-Russia powwow.,gemini/prompt4,0.7985433340072631
CBS News: Congress Wants Phone Records of Trump Jr.-Russia Meeting,O Congresso quer as notas telefônicas da reunião entre Trump Jr. e a Rússia.,The Congress wants the dial tones from Trump Jr.'s meeting with Russia.,qwen/prompt3,0.8017448186874391
CBS News: Congress Wants Phone Records of Trump Jr.-Russia Meeting,Congresso Deseja Gravações de Telefones de Encontro Trump Jr.-Rússia,"""Congresso Deseja Gravações de Telefones de Encontro Trump Jr.-Rússia"" = ""Congress Wants Transcripts of Phone Calls Between Trump Jr. and Russia""",mistral/prompt4,0.8222265839576721
CBS News: Congress Wants Phone Records of Trump Jr.-Russia Meeting,O Congresso quer registrar as conversas do filho do ex-presidente nos últimos contatos com a Rússia.,The Congress wants to document the conversations of the ex-president's son with his last contacts in Russia.,llama/prompt4,0.8311368227005
CBS News: Congress Wants Phone Records of Trump Jr.-Russia Meeting,"CBS News: Congresso Quer Registros Telefônicos do Encontro Trump Jr.-Rússia para:

**CBS News: Congresso Quer Rastrear as Chamadas do Encontro Trump Jr.-Rússia.**
",CBS News: Congress Wants to Trace the Calls of the Trump Jr.-Russia Meeting.,gemma3/prompt4,0.8727608919143671
CBS News: Congress Wants Phone Records of Trump Jr.-Russia Meeting,Congresso quer registos telefônicos da reunião entre Trump Jr e Rússia.,Congress is calling in phone records from the meeting between Trump Jr. and Russia.,meta/,0.8729753494262691
CBS News: Congress Wants Phone Records of Trump Jr.-Russia Meeting,"CBS News: Congresso quer os ""rastros telefônicos"" do encontro Trump Jr.-Rússia.
","CBS News: Congress wants the ""phone breadcrumbs"" of the Trump Jr.-Russia meeting.",gemini/prompt3,0.876910984516143
CBS News: Congress Wants Phone Records of Trump Jr.-Russia Meeting,Congress Wants Phone Records of Trump Jr.-Russia Meeting,The Congress is hungering for Trump Jr.'s phone records from his meeting with Russia.,mistral/prompt3,0.879171967506408
CBS News: Congress Wants Phone Records of Trump Jr.-Russia Meeting,CBNews: Congresso Quer Registros de Telefone da Reunião de Trump Jr.-Rússia,CBNews: Congress Wants Phone Records of Trump Jr.-Russia Meeting,mistral/prompt2,0.941283404827117
CBS News: Congress Wants Phone Records of Trump Jr.-Russia Meeting,CBSTV: O Congresso Deseja as Registro de Telefone da Reunião de Trump Jr. com a Rússia,CBSTV: The Congress Wants the Record of Trump Jr.'s Meeting with Russia,qwen/prompt1,0.9467003345489501
CBS News: Congress Wants Phone Records of Trump Jr.-Russia Meeting,CBS News: Congresso Quer os Registros de Chamadas do Encontro de Trump Jr. com a Rússia,CBS News: Congress Wants the Call Logs from Trump Jr.'s Meeting with Russia,gpt/prompt4,0.9649221897125241
CBS News: Congress Wants Phone Records of Trump Jr.-Russia Meeting,"""CBS News: O Congresso quer registros de telefone da reunião entre Trump Jr. e a Rússia.""","""CBS News: Congress wants Trump Jr.'s phone records from Russia meeting.""",llama/prompt2,0.973129987716674
CBS News: Congress Wants Phone Records of Trump Jr.-Russia Meeting,A CBS News: O Congresso Quer os Registros de Chamadas do Encontro entre Trump Jr. e a Rússia,""" CBS News: Congress Wants the Call Logs from Trump Jr.'s Meeting with Russia""",llama/prompt1,0.9780941009521481
CBS News: Congress Wants Phone Records of Trump Jr.-Russia Meeting,CBS News: Congresso Quer Registros Telefônicos da Reunião de Trump Jr.-Rússia,CBS News: Congress Seeks Phone Records of Trump Jr.-Russia Meeting,gpt/prompt3,0.9781477451324461
CBS News: Congress Wants Phone Records of Trump Jr.-Russia Meeting,CBS Notícias: O Congresso Quer os Registros de Telefone da Reunião entre Trump Jr. e a Rússia,CBS News: Congress Wants Trump Jr.'s Phone Records from Meeting with Russia,qwen/prompt2,0.983966171741485
CBS News: Congress Wants Phone Records of Trump Jr.-Russia Meeting,CBS News: Congresso Quer Registros de Telefonema da Reunião de Trump Jr. com a Rússia,CBS News: Congress Wants Records of Call from Trump Jr.'s Meeting with Russia,gpt/prompt2,0.987814545631408
CBS News: Congress Wants Phone Records of Trump Jr.-Russia Meeting,CBS News: Congresso Quer Registros Telefônicos de Encontro Trump Jr.-Rússia,CBS News: Congress wants Trump Jr.-Russia phone records,mistral/prompt1,0.9909312725067131
CBS News: Congress Wants Phone Records of Trump Jr.-Russia Meeting,"CBS News: Congresso quer registros telefônicos da reunião Trump Jr.-Rússia
",CBS News: Congress seeks phone records from Trump Jr.-Russia meeting,gemini/prompt1,1.0
CBS News: Congress Wants Phone Records of Trump Jr.-Russia Meeting,CBS News: Congresso quer registros telefônicos da reunião Trump Jr.-Rússia.,CBS News: Congress wants phone records from the Trump Jr.-Russia meeting.,gemini/prompt2,1.0
CBS News: Congress Wants Phone Records of Trump Jr.-Russia Meeting,CBS News: Congresso quer registros telefônicos da reunião Trump Jr.-Rússia.,CBS News: Congress wants phone records of the Trump Jr.-Russia meeting.,gemma3/prompt1,1.0
CBS News: Congress Wants Phone Records of Trump Jr.-Russia Meeting,CBS News: Congresso quer registros telefônicos da reunião Trump Jr.-Rússia.,CBS News: Congress wants phone records from the Trump Jr.-Russia meeting.,gemma3/prompt2,1.0
CBS News: Congress Wants Phone Records of Trump Jr.-Russia Meeting,CBS News: Congresso quer registos telefónicos da reunião de Trump Jr. com a Rússia,CBS News: Congress wants phone records of Trump Jr.'s meeting with Russia,gemmaX/,1.0
CBS News: Congress Wants Phone Records of Trump Jr.-Russia Meeting,CBS News: O Congresso quer registros telefônicos da reunião de Trump Jr. com a Rússia.,CBS News: Congress wants phone records of Trump Jr.'s meeting with Russia.,gpt/prompt1,1.0
CBS News: Congress Wants Phone Records of Trump Jr.-Russia Meeting,CBS News: Congresso quer registros telefônicos da reunião Trump Jr.-Rússia,CBS News: Congress wants telephone records of the Trump Jr.-Russia meeting,marian/,1.0
US military has been covering up civilian death counts from its bombing raids.,"O exército americano tem abafado a contagem de almas perdidas sob as bombas.
",The American military has been burying the tally of souls lost under the bombs.,gemma3/prompt3,0.7749328017234801
US military has been covering up civilian death counts from its bombing raids.,A força aérea militar tem estado cobrindo as contas de mortes civis de suas operações de bombardeio.,"""The military air force has been fudging the body count of its bombing operations.""",llama/prompt4,0.8727309703826901
US military has been covering up civilian death counts from its bombing raids.,A máscara da força militar dos EUA tem sido usada para esconder o verdadeiro número de vítimas civis em suas incursões aéreas.,"""The armor of American military might has been used to conceal the true number of civilian casualties in its air raids.""",llama/prompt3,0.912952303886413
US military has been covering up civilian death counts from its bombing raids.,"O exército americano tem acobertado a contagem de mortos civis em seus bombardeios.
",The American military has been sweeping the civilian death toll under the rug of their bombings.,gemma3/prompt4,0.931453943252563
US military has been covering up civilian death counts from its bombing raids.,"O Exército dos EUA tem varrido para debaixo do tapete as contagens de civis mortos em seus bombardeios.
",The US Army has swept civilian death counts under the rug in its bombings.,gemini/prompt4,0.951398491859436
US military has been covering up civilian death counts from its bombing raids.,"O exército americano tem varrido para debaixo do tapete as mortes civis causadas por seus bombardeios.
",The US military has swept civilian deaths caused by its bombings under the rug.,gemini/prompt3,0.9563041925430291
US military has been covering up civilian death counts from its bombing raids.,As forças militares dos EUA têm estado a esconder os contadores de mortes civis de suas operações de bombardeio.,The U.S. military forces have been keeping the death counters from their bombing operations hidden.,qwen/prompt3,0.9567981958389281
US military has been covering up civilian death counts from its bombing raids.,"""As forças armadas americanas têm ocultado o número de mortos civis causados por seus bombardeios.""","""American armed forces have shrouded the count of civilian deaths from their bombings.""",mistral/prompt3,0.9667427539825441
US military has been covering up civilian death counts from its bombing raids.,o exército norte-americano tem escondido as mortes civis causadas pelos seus bombardeios.,the American army has been hiding the deaths of civilians caused by their bombings.,qwen/prompt4,0.9691467881202691
US military has been covering up civilian death counts from its bombing raids.,O exército americano tem estado cobrindo os números de mortos civis em suas missões de bombardeio.,American troops have been whitewashing the tally of civilian casualties from their bombing missions.,mistral/prompt4,0.9763941764831541
US military has been covering up civilian death counts from its bombing raids.,As forças armadas dos EUA têm escondido a contagem de mortes civis resultantes de seus bombardeios.,The U.S. armed forces have been hiding the tally of civilian casualties resulting from their bombings.,gpt/prompt4,0.983522117137908
US military has been covering up civilian death counts from its bombing raids.,Forças armadas dos EUA têm estado encobrindo os números de mortes civis de suas incursões aéreas.,The US military has been concealing civilian death tolls from their air strikes.,llama/prompt2,0.9912000298500061
US military has been covering up civilian death counts from its bombing raids.,O exército dos EUA tem encobrindo a contagem de vidas civis perdidas em suas investidas aéreas.,The U.S. military has been casting a shadow over the count of civilian lives lost in its air strikes.,gpt/prompt3,0.9946039915084831
US military has been covering up civilian death counts from its bombing raids.,O exército americano tem encobrido as contagens de mortes de civis em seus ataques aéreos.,The American military has been covering up civilian death counts in its air strikes.,gemini/prompt2,0.9996670484542841
US military has been covering up civilian death counts from its bombing raids.,"O exército dos EUA tem acobertado as contagens de mortes de civis de seus ataques aéreos.
",The US military has been covering up civilian death counts from its airstrikes.,gemini/prompt1,1.0
US military has been covering up civilian death counts from its bombing raids.,O exército americano tem acobertado o número de mortes de civis em seus ataques aéreos.,The U.S. military has been covering up the number of civilian deaths in its airstrikes.,gemma3/prompt1,1.0
US military has been covering up civilian death counts from its bombing raids.,O exército americano tem acobertado os números de mortes de civis em seus ataques aéreos.,The American military has been covering up the number of civilian deaths in its airstrikes.,gemma3/prompt2,1.0
US military has been covering up civilian death counts from its bombing raids.,O exército dos EUA tem encoberto o número de mortes de civis em seus bombardeios.,The US military has covered up the number of civilian deaths in its bombing raids.,gemmaX/,1.0
US military has been covering up civilian death counts from its bombing raids.,O exército dos EUA tem encoberto a contagem de mortes civis decorrentes de seus ataques aéreos.,The US army has covered up the count of civilian deaths resulting from its airstrikes.,gpt/prompt1,1.0
US military has been covering up civilian death counts from its bombing raids.,As forças armadas dos EUA têm encoberto a contagem de mortes de civis decorrentes de seus bombardeios.,The U.S. armed forces have covered up the civilian death toll resulting from their bombings.,gpt/prompt2,1.0
US military has been covering up civilian death counts from its bombing raids.,O exército dos EUA tem estado cobrindo a contagem de mortes civis das suas ações de bombardeios.,The US Army has been covering up the civilian death toll from its bombing operations.,llama/prompt1,1.0
US military has been covering up civilian death counts from its bombing raids.,Os militares dos EUA têm encoberto as mortes de civis em seus bombardeios.,The U.S. military has been covering up civilian deaths in their bombings.,marian/,1.0
US military has been covering up civilian death counts from its bombing raids.,O exército dos EUA tem escondido o número de civis mortos nos seus bombardeios.,The U.S. military is hiding the numbers of civilians killed in its bombings.,meta/,1.0
US military has been covering up civilian death counts from its bombing raids.,As Forças Armadas dos EUA têm ocultado o número de mortes civis decorrentes dos bombardeios.,US military forces have hidden the number of civilian deaths from bombing raids.,mistral/prompt1,1.0
US military has been covering up civilian death counts from its bombing raids.,O departamento de defesa dos EUA tem mantido em segredo o número de civis mortos nos ataques aéreos.,The U.S. Department of Defense has kept secret the number of civilian deaths in aerial attacks.,mistral/prompt2,1.0
US military has been covering up civilian death counts from its bombing raids.,As forças militares dos EUA têm vindo a esconder os números de civis mortos em seus bombardeios.,The military forces of the US have been hiding the numbers of civilians killed in their airstrikes.,qwen/prompt1,1.0
US military has been covering up civilian death counts from its bombing raids.,As forças militares dos EUA têm ocultado os números de civis mortos em seus bombardeios.,The U.S. military forces have concealed the numbers of civilian deaths in their bombings.,qwen/prompt2,1.0
New York Times interview: Trump insists there was no collusion with Russia ... sixteen times,"Então, vamos lá!

""Estrangular a verdade"": Trump afirma que não houve colusão com a Rússia... dezesseis vezes.

""Hoje, nós vamos fazer uma limpeza no quarto do crime"": Trump diz que não houve colusão com a Rússia.

""Não vou deixar que ninguém se intrometa e me pegue com as mãos sujas"": Trump afirma que não houve colusão com a Rússia.

""Eu é que sou a prova"": Trump diz que não houve colusão com a Rússia.

""Minha reputação é como um barco imune ao tornado"": Trump afirma que não houve colusão com a Rússia.

""Eu não sou um'sussurrador'"": Trump diz que não houve colusão com a Rússia.

""Nós vamos botar uma tampa nos","1. Então, vamos lá!
> Agora, vamos lá!

2. ""Estrangular a verdade"": Trump afirma que não houve colusão com a Rússia... dezesseis vezes.
> ""Matar um boi"" (o idioma de Trump continua matando a verdade... dezesseis vezes.)

3. ""Hoje, nós vamos fazer uma limpeza no quarto do crime"": Trump diz que não houve colusão com a Rússia.
> ""Hoje, vamos passar a escoba nos pés do crime"".

4. ""Não vou deixar que ninguém se intrometa e me pegue com as mãos sujas"": Trump afirma que não houve colusão com a Rússia.
> ""Não vou deixar ninguém me pegue com as mãos sujas"".

5. ""Eu é que sou a prova"": Trump diz que não h",llama/prompt4,0.10157229006290401
New York Times interview: Trump insists there was no collusion with Russia ... sixteen times,"1.  Trump martela: ""Não houve conluio com a Rússia, ponto final.""
2.  Trump cravou: ""Conluio com a Rússia? Longe disso, nem pensar.""
3.  Trump bateu o pé: ""Conluio com a Rússia? Balela, pura invenção!""
4.  Trump cravou a estaca: ""Conluio com a Rússia? Essa história não cola.""
5.  Trump fincou a bandeira: ""Conluio com a Rússia? Negativo, zero, nunca!""
6.  Trump repetiu o mantra: ""Conluio com a Rússia? Mentira deslavada.""
7.  Trump tocou na ferida: ""Conluio com a Rússia? Isso é uma farsa.""
8.  Trump despejou água fria: ""Conluio com a Rússia? Esqueçam essa história.""
9.  Trump enterrou a questão: ""Conluio com a Rússia? Caso encerrado.""
10. Trump cortou o assunto: ""Conluio com a Rússia? Próximo tema, por favor.""
11. Trump selou o destino: ""Conluio com a Rússia? Mito, pura lenda.""
12. Trump despejou o balde de água fria: ""Conluio com a Rússia? Bobagem, pura invenção.""
13. Trump cravou o prego: ""Conluio com a Rússia? Essa história não me pega.""
14. Trump reforçou a barreira: ""Conluio com a Rússia? Sem chance, sem acordo.""
15. Trump sacramentou a negação: ""Conluio com a Rússia? Absolutamente, de jeito nenhum.""
16. Trump bateu na tecla: ""Conluio com a Rússia? Essa acusação não me atinge.""
","1.  Trump hammered home: ""No collusion with Russia, period.""
2.  Trump nailed it: ""Collusion with Russia? Not a chance, never.""
3.  Trump slammed the door: ""Collusion with Russia? Nonsense, a complete fabrication!""
4.  Trump drove in the stake: ""Collusion with Russia? That story doesn't stick.""
5.  Trump planted the flag: ""Collusion with Russia? Negative, zero, never!""
6.  Trump repeated the mantra: ""Collusion with Russia? An outright lie.""
7.  Trump touched the wound: ""Collusion with Russia? It's a sham.""
8.  Trump poured cold water on it: ""Collusion with Russia? Forget about that story.""
9.  Trump buried the issue: ""Collusion with Russia? Case closed.""
10. Trump cut off the subject: ""Collusion with Russia? Next topic, please.""
11. Trump sealed the fate: ""Collusion with Russia? Myth, pure legend.""
12. Trump dumped a bucket of cold water: ""Collusion with Russia? Rubbish, pure invention.""
13. Trump drove in the nail: ""Collusion with Russia? That story doesn't get to me.""
14. Trump reinforced the barrier: ""Collusion with Russia? No way, no deal.""
15. Trump sealed the denial: ""Collusion with Russia? Absolutely not, no way.""
16. Trump hit the nail on the head: ""Collusion with Russia? That accusation doesn't affect me.""",gemini/prompt3,0.24569968879222803
New York Times interview: Trump insists there was no collusion with Russia ... sixteen times,"Aqui estão as dezesseis traduções metafóricas da frase ""Trump insists there was no collusion with Russia"" (em uma entrevista ao New York Times), mantendo o tom original:

1.  Trump jura de pés juntos que não houve conluio com a Rússia.
2.  Trump bate o pé, negando qualquer mão na roda com a Rússia.
3.  Trump crava as unhas no chão: não houve combinação com a Rússia.
4.  Trump joga na lata do lixo a ideia de conluio com a Rússia.
5.  Trump põe uma pedra em cima da história de conluio com a Rússia.
6.  Trump enterra de vez a história de conluio com a Rússia.
7.  Trump passa uma borracha na acusação de conluio com a Rússia.
8.  Trump cospe no prato, negando qualquer ligação com a Rússia.
9.  Trump faz vista grossa para a hipótese de conluio com a Rússia.
10. Trump enterra a cabeça na areia: nega qualquer conluio com a Rússia.
11. Trump lava as mãos da acusação de conluio com a Rússia.
12. Trump risca do mapa a ideia de combinação com a Rússia.
13. Trump fecha a porta na cara da suspeita de conluio com a Rússia.
14. Trump dá um chega pra lá na história de conluio com a Rússia.
15. Trump finca a bandeira: não houve aliança com a Rússia.
16. Trump faz pouco caso da ideia de conluio com a Rússia.
","1.  Trump swears up and down there was no collusion with Russia.
2.  Trump stamps his foot, denying any involvement with Russia.
3.  Trump digs in his heels: there was no collaboration with Russia.
4.  Trump throws the idea of collusion with Russia in the trash.
5.  Trump puts a lid on the story of collusion with Russia.
6.  Trump buries the story of collusion with Russia once and for all.
7.  Trump erases the accusation of collusion with Russia.
8.  Trump spits in the soup, denying any connection with Russia.
9.  Trump turns a blind eye to the hypothesis of collusion with Russia.
10. Trump buries his head in the sand: he denies any collusion with Russia.
11. Trump washes his hands of the accusation of collusion with Russia.
12. Trump wipes the idea of collaboration with Russia off the map.
13. Trump slams the door in the face of the suspicion of collusion with Russia.
14. Trump gives a shove to the story of collusion with Russia.
15. Trump plants the flag: there was no alliance with Russia.
16. Trump makes light of the idea of collusion with Russia.",gemini/prompt4,0.298986136913299
New York Times interview: Trump insists there was no collusion with Russia ... sixteen times,"Entrevista do New York Times: Trump insiste que houve conspiração com a Rússia, dezesseis vezes.","""New York Times Interview: Trump Insists There Was Russia Conspiracy, 16 Times.""",llama/prompt2,0.602136731147766
New York Times interview: Trump insists there was no collusion with Russia ... sixteen times,"Em entrevista ao New York Times, Trump insiste que não houve colaboração com a Rússia... dezesseis vezes.

""Eu não estou envolvido nisso"", disse ele, jogando uma pedra na lagoa da inquisição. ""É uma grande mentira"", disse ele, batendo nas grades da cela da opinião pública. ""Ninguém acredita nisso"", disse ele, apagando as chamas do fogo da desconfiança. ""É uma conspiração"", disse ele, escondendo a verdade atrás de uma cortina de cinza. ""Eu não sei de nada"", disse ele, fechando os olhos para a realidade. ""Eu não estou envolvido"", repetiu ele, repetindo a mentira como um mantra. ""É uma grande farsa"", disse ele, rindo ao saber que a multidão acreditava nis","Em entrevista ao New York Times, Trump insiste que não houve colaboração com a Rússia... dezesseis vezes.

""Eu não estou envolvido nisso"", disse ele, jogando uma pedra na lagoa da inquisição. ""É uma grande mentira"", disse ele, batendo nas grades da cela da opinião pública. ""Ninguém acredita nisso"", disse ele, apagando as chamas do fogo da desconfiança. ""É uma conspiração"", disse ele, escondendo a verdade atrás de uma cortina de cinza. ""Eu não sei de nada"", disse ele, fechando os olhos para a realidade. ""Eu não estou envolvido"", repetiu ele, repetindo a mentira como um mantra. ""É uma grande farsa"", disse ele, rindo.",llama/prompt3,0.653058171272277
New York Times interview: Trump insists there was no collusion with Russia ... sixteen times,Novo York Times: Trump insiste que não houve conspiração com a Rússia... dezenas de vezes,New York Times: Trump persists that there was no Russia conspiracy... dozens of times,qwen/prompt3,0.8313190937042231
New York Times interview: Trump insists there was no collusion with Russia ... sixteen times,Entrevista do New York Times: Trump insiste que não houve conluio com a Rússia... dezesseis vezes,New York Times Interview: Trump Insists There Was No Collusion with Russia... Ten Sixteen Times,qwen/prompt2,0.897762537002563
New York Times interview: Trump insists there was no collusion with Russia ... sixteen times,"Nova York Times: Trump insiste que não houve conluio com a Rússia… dezesseis vezes.
",The New York Times: Trump keeps hammering home the no-Russia-collusion story—sixteen times.,gemma3/prompt4,0.909477949142456
New York Times interview: Trump insists there was no collusion with Russia ... sixteen times,Entrevista da New York Times: Trump insiste de que houve nenhuma conspiração com a Rússia... dezesseis vezes.,New York Times Interview: Trump Insists There Was No Russian Conspiracy... 16 Times.,llama/prompt1,0.913487315177917
New York Times interview: Trump insists there was no collusion with Russia ... sixteen times,Trump insiste que não houve colaboração russa... dezenas de vezes,Trump insists that there was no Russian collaboration... dozens of times.,qwen/prompt4,0.9250599145889281
New York Times interview: Trump insists there was no collusion with Russia ... sixteen times,Entrevista ao New York Times: Trump insiste que não houve conluio com a Rússia ... 16 vezes,Interview with The New York Times: Trump insists he wasn 't in cahoots with Russia - 16 times,meta/,0.92874675989151
New York Times interview: Trump insists there was no collusion with Russia ... sixteen times,Entrevista do New York Times: Trump insiste que não houve colusão com a Rússia... dezesseis vezes,New York Times Interview: Trump Insists There Was No Collusion with Russia... 16 Times,qwen/prompt1,0.932116627693176
New York Times interview: Trump insists there was no collusion with Russia ... sixteen times,"Nova York Times: Trump garante, em insistência reiterada como um mantra, que não houve conluio com a Rússia… dezesseis vezes.","The New York Times: Trump assures, in a mantra-like repetition, that there was no collusion with Russia… sixteen times.",gemma3/prompt3,0.949331998825073
New York Times interview: Trump insists there was no collusion with Russia ... sixteen times,Entrevista no The New York Times: Trump insiste que não houve colusão com a Rússia... seizeis vezes.,Trump insisted that there was no collusion with Russia... 66 times.,mistral/prompt2,0.9515160918235771
New York Times interview: Trump insists there was no collusion with Russia ... sixteen times,Entrevista do New York Times: Trump insiste que não houve conluio com a Rússia ... dezesseis vezes.,New York Times Interview: Trump insists there was no collusion with Russia... sixteen times.,gpt/prompt3,0.9588074684143061
New York Times interview: Trump insists there was no collusion with Russia ... sixteen times,"""Trump diz que não houve conspiração com a Rússia... sixteen vezes.""","""Trump claims there was no conspiracy with Russia... sixteen times.""",mistral/prompt3,0.9601279497146601
New York Times interview: Trump insists there was no collusion with Russia ... sixteen times,Entrevista do New York Times: Trump insiste que não houve conluio com a Rússia... dezesseis vezes.,New York Times Interview: Trump insists there was no collusion with Russia... sixteen times.,gpt/prompt4,0.967672765254974
New York Times interview: Trump insists there was no collusion with Russia ... sixteen times,Trump insistiu que não houve nenhuma colusão com a Rússia... sixteen vezes,Trump insisted that there had been no collusion with Russia... sixteen times,mistral/prompt4,0.9727933406829831
New York Times interview: Trump insists there was no collusion with Russia ... sixteen times,Entrevista ao New York Times: Trump insiste que não houve conluio com a Rússia... dezesseis vezes.,New York Times Interview: Trump insists there was no collusion with Russia... sixteen times.,gemini/prompt2,0.984929323196411
New York Times interview: Trump insists there was no collusion with Russia ... sixteen times,Entrevista do New York Times: Trump afirma que não houve colusão com a Rússia... dezesseis vezes.,New York Times Interview: Trump claims there was no collusion with Russia... sixteen times.,mistral/prompt1,0.9857561588287351
New York Times interview: Trump insists there was no collusion with Russia ... sixteen times,"Entrevista ao New York Times: Trump insiste que não houve conluio com a Rússia... dezesseis vezes.
",New York Times interview: Trump insists there was no collusion with Russia... sixteen times.,gemini/prompt1,0.9945902824401851
New York Times interview: Trump insists there was no collusion with Russia ... sixteen times,Entrevista do New York Times: Trump insiste que não houve conluio com a Rússia... dezesseis vezes.,New York Times interview: Trump insists there was no collusion with Russia... sixteen times.,gemma3/prompt1,0.9948049783706661
New York Times interview: Trump insists there was no collusion with Russia ... sixteen times,Entrevista do New York Times: Trump insiste que não houve conluio com a Rússia... dezesseis vezes.,New York Times interview: Trump insists there was no collusion with Russia... sixteen times.,gemma3/prompt2,0.9948049783706661
New York Times interview: Trump insists there was no collusion with Russia ... sixteen times,Entrevista ao New York Times: Trump insiste que não houve colusão com a Rússia ... dezesseis vezes.,Interview with the New York Times: Trump insists that there was no collusion with Russia... sixteen times.,gpt/prompt2,0.9949480295181271
New York Times interview: Trump insists there was no collusion with Russia ... sixteen times,Entrevista do New York Times: Trump insiste que não houve colusão com a Rússia ... dezesseis vezes.,New York Times interview: Trump insists there was no collusion with Russia... sixteen times.,gpt/prompt1,0.9963690042495721
New York Times interview: Trump insists there was no collusion with Russia ... sixteen times,Entrevista ao New York Times: Trump insiste que não houve conluio com a Rússia... dezasseis vezes,New York Times interview: Trump insists there was no collusion with Russia... sixteen times,gemmaX/,0.9988274574279781
New York Times interview: Trump insists there was no collusion with Russia ... sixteen times,Entrevista do New York Times: Trump insiste que não houve colusão com a Rússia ... dezesseis vezes,New York Times interview: Trump insists that there was no collusion with Russia ... sixteen times,marian/,0.999777317047119
Trump says O. J. Simpson was framed and the LAPD planted evidence in newly released transcripts,"Trump diz que O. J. Simpson foi injustiçado e a polícia de Los Angeles forjou evidências em transcrições recém-divulgadas.
","Trump claims O.J. Simpson was railroaded, alleging Los Angeles police cooked the books in newly released transcripts.",gemma3/prompt4,0.649186015129089
Trump says O. J. Simpson was framed and the LAPD planted evidence in newly released transcripts,"Trump cospe que O.J. foi enquadrado, com a LAPD semeando o terreno das provas nos transcritos recém-liberados.
","Trump spits that O.J. was framed, with the LAPD seeding the crime scene in newly-released transcripts.",gemini/prompt3,0.6553459167480461
Trump says O. J. Simpson was framed and the LAPD planted evidence in newly released transcripts,"Trump diz que O.J. Simpson foi enquadrado e a polícia de Los Angeles plantou evidências, segundo transcrições recém-reveladas.
","Trump claims O.J. Simpson was framed, and the LAPD cooked the books, newly revealed transcripts show.",gemini/prompt4,0.7939825057983391
Trump says O. J. Simpson was framed and the LAPD planted evidence in newly released transcripts,Trump diz que O.J. Simpson foi montado e a polícia de Los Angeles plantou provas em transcrições recém-lançadas.,Trump claims O.J. Simpson was railroaded and Los Angeles police planted evidence in newly released transcripts.,llama/prompt4,0.814202308654785
Trump says O. J. Simpson was framed and the LAPD planted evidence in newly released transcripts,"Trump afirma que O. J. Simpson foi inocentado injustamente e que as forças da polícia de LAPD plantaram evidências, conforme descoberto em novos transcris divulgados.","Trump asserts that O. J. Simpson was wrongly acquitted and that the forces of the LAPD planted evidence, as revealed in newly-transcribed findings.",qwen/prompt3,0.8659872412681581
Trump says O. J. Simpson was framed and the LAPD planted evidence in newly released transcripts,"Trump diz que O. J. Simpson foi vítima de uma armadilha, que a polícia de Los Angeles montou um teatro de evidências nos recém-divulgados transcritos.","Trump claims O.J. Simpson was ensnared, alleging Los Angeles police staged a show of evidence in the newly released transcripts.",gemma3/prompt3,0.8845781087875361
Trump says O. J. Simpson was framed and the LAPD planted evidence in newly released transcripts,Donald Trump afirma que O. J. Simpson foi vítima de uma armadilha e a polícia de Los Angeles entalhou provas em transcrições recém-lançadas.,"""Donald Trump claims O.J. Simpson was ensnared in a trap and Los Angeles police forged evidence in newly released transcripts.""",llama/prompt3,0.8860986232757561
Trump says O. J. Simpson was framed and the LAPD planted evidence in newly released transcripts,Trump diz que O.J. Simpson foi enquadrado e a LAPD plantou provas em transcrições recém-divulgadas.,Trump says O.J. Simpson was set up and the LAPD planted evidence in newly released transcripts.,mistral/prompt4,0.8898633718490601
Trump says O. J. Simpson was framed and the LAPD planted evidence in newly released transcripts,# # Donald Trump diz que o O.J. Simpson foi acusado e que a polícia colocou provas em transcrições recém-lançadas #,Donald Trump says O.J. Simpson has been charged And police put evidence in newly released transcripts,meta/,0.9262803792953491
Trump says O. J. Simpson was framed and the LAPD planted evidence in newly released transcripts,Trump afirmou que O.J. Simpson foi enquadrado e a LAPD plantou evidências nos novos transcriptos liberados.,"""Trump alleged that O.J. Simpson had been framed and the LAPD planted evidence in the newly released transcripts.""",mistral/prompt3,0.943355858325958
Trump says O. J. Simpson was framed and the LAPD planted evidence in newly released transcripts,Trump afirma que O. J. Simpson foi enganado e que a Polícia de Los Angeles plantou evidências em transcrições recentemente divulgadas.,Trump claims that O. J. Simpson was cheated and that evidence was planted by the Los Angeles Police Department in recently released transcripts.,qwen/prompt2,0.953714847564697
Trump says O. J. Simpson was framed and the LAPD planted evidence in newly released transcripts,"""Trump diz que O. J. Simpson foi inocente e que a LAPD plantou provas em novos transcritos liberados""","""Trump says O.J. Simpson was innocent and LAPD planted evidence in new transcripts released.""",llama/prompt1,0.9568813443183891
Trump says O. J. Simpson was framed and the LAPD planted evidence in newly released transcripts,"Trump diz que O. J. Simpson foi enganado e a Polícia de Los Angeles plantou evidências, conforme revelado em transcrições recentemente divulgadas.","Trump says that O. J. Simpson was misled and the Los Angeles Police planted evidence, as revealed in recently released transcripts.",qwen/prompt4,0.967470288276672
Trump says O. J. Simpson was framed and the LAPD planted evidence in newly released transcripts,Trump disse que O. J. Simpson foi incriminado e que a LAPD plantou provas em transcrições recém-liberadas.,Trump said that O. J. Simpson was framed and that the LAPD planted evidence in newly released transcripts.,gpt/prompt4,0.9693466424942011
Trump says O. J. Simpson was framed and the LAPD planted evidence in newly released transcripts,Trump diz que O. J. Simpson foi vítima de uma armadilha e que a LAPD plantou provas nos novos registros divulgados.,Trump says that O.J. Simpson was a victim of a trap and that the LAPD planted evidence in the newly released records.,gpt/prompt3,0.9693473577499391
Trump says O. J. Simpson was framed and the LAPD planted evidence in newly released transcripts,Trump afirma que O. J. Simpson foi enquadrado e a LAPD plantou provas em transcrições recém-lançadas.,"""Trump says O.J. Simpson was framed, and LAPD planted evidence in newly released transcripts.""",mistral/prompt2,0.9722647070884701
Trump says O. J. Simpson was framed and the LAPD planted evidence in newly released transcripts,"Trump diz que O. J. Simpson foi incriminado e a polícia de Los Angeles plantou evidências em transcrições recém-divulgadas.
","Trump says O.J. Simpson was framed and Los Angeles police planted evidence in newly released transcripts.
",gemini/prompt2,0.9727567434310911
Trump says O. J. Simpson was framed and the LAPD planted evidence in newly released transcripts,Trump diz que O. J. Simpson foi incriminado e que a LAPD plantou provas em transcrições recém-liberadas.,"""Trump says that O. J. Simpson was framed and that the LAPD planted evidence in newly released transcripts.""",gpt/prompt2,0.9736000299453731
Trump says O. J. Simpson was framed and the LAPD planted evidence in newly released transcripts,"""Trump afirma que O. J. Simpson foi enxovalhado e que a LAPD plantou provas nos transcritos divulgados recentemente.""","""Trump claims that O.J. Simpson was wrongly accused and that the LAPD planted evidence in the recently released transcripts.""",llama/prompt2,0.9753254652023311
Trump says O. J. Simpson was framed and the LAPD planted evidence in newly released transcripts,Trump diz que O. J. Simpson foi incriminado e a polícia de Los Angeles plantou evidências em transcrições recém-divulgadas.,"Trump says O.J. Simpson was framed and Los Angeles police planted evidence, according to newly released transcripts.",gemma3/prompt1,0.9762337207794191
Trump says O. J. Simpson was framed and the LAPD planted evidence in newly released transcripts,Trump diz que O. J. Simpson foi incriminado e a polícia de Los Angeles plantou evidências em transcrições recentemente divulgadas.,Trump says O. J. Simpson was framed and LAPD planted evidence in recently released transcripts.,marian/,0.9765108823776241
Trump says O. J. Simpson was framed and the LAPD planted evidence in newly released transcripts,Trump diz que O. J. Simpson foi incriminado e que a polícia de Los Angeles plantou provas em transcrições recentemente divulgadas,Trump says O.J. Simpson was framed and that Los Angeles police planted evidence in newly released transcripts,gemmaX/,0.980004906654357
Trump says O. J. Simpson was framed and the LAPD planted evidence in newly released transcripts,Trump diz que O.J. Simpson foi enquadrado e a LAPD plantou evidências nos transcritos recém-lançados.,Trump says O.J. Simpson was framed and the LAPD planted evidence in the newly released transcripts.,mistral/prompt1,0.9824000597000121
Trump says O. J. Simpson was framed and the LAPD planted evidence in newly released transcripts,Trump afirma que O. J. Simpson foi enganado e que a Polícia de Los Angeles plantou evidências nos novos transcríptios divulgados.,Trump asserts that O. J. Simpson was wronged and that the Los Angeles Police planted evidence in the newly released transcripts.,qwen/prompt1,0.9880245923995971
Trump says O. J. Simpson was framed and the LAPD planted evidence in newly released transcripts,"Trump diz que O. J. Simpson foi incriminado e a LAPD plantou evidências em transcrições recém-divulgadas.
",Trump says O.J. Simpson was framed and the LAPD planted evidence in newly released transcripts.,gemini/prompt1,0.9883546829223631
Trump says O. J. Simpson was framed and the LAPD planted evidence in newly released transcripts,Trump diz que O. J. Simpson foi incriminado e a LAPD plantou evidências em transcrições recém-divulgadas.,Trump says O.J. Simpson was framed and the LAPD planted evidence in newly released transcripts.,gemma3/prompt2,0.9887722730636591
Trump says O. J. Simpson was framed and the LAPD planted evidence in newly released transcripts,Trump diz que O. J. Simpson foi incriminado e que o LAPD plantou evidências em transcrições recém-divulgadas.,Trump says that O.J. Simpson was framed and that the LAPD planted evidence in newly released transcripts.,gpt/prompt1,0.9912000298500061
Jenelle Evans talks about all of her kids but fans remind her of abortion,"Jenelle Evans fala de todos os filhos, mas os fãs lembram-na do aborto.","Jenelle Evans trumpets her brood, but the fans keep handing her the bill for the ghost.",gemma3/prompt4,0.37162691354751504
Jenelle Evans talks about all of her kids but fans remind her of abortion,"Jenelle Evans fala de todos os filhos, mas os fãs a lembram do aborto.
","Jenelle Evans is talking about all her children, but fans are reminding her of the ghost in her closet.",gemini/prompt4,0.710063099861145
Jenelle Evans talks about all of her kids but fans remind her of abortion,"Jenelle Evans fala sobre todos os seus filhos, mas os fãs a lembram do aborto.","""Jenelle Evans talks about all her children, but fans remind her of the lost ones.""",gpt/prompt3,0.7712458372116081
Jenelle Evans talks about all of her kids but fans remind her of abortion,"Jenelle Evans fala sobre todos os seus filhos, mas os fãs lembram-lhe dos abortos.","Jenelle Evans talks about all her kids, but fans remind her of the ones she threw away.",llama/prompt3,0.809128820896148
Jenelle Evans talks about all of her kids but fans remind her of abortion,"Jenelle Evans fala sobre todos os seus filhos, mas os fãs lembram-na de um aborto que morre (morreu em seu útero).","Jenelle Evans talks about all her kids, but fans remind her of a baby who dies (died in her womb).",llama/prompt4,0.8114075660705561
Jenelle Evans talks about all of her kids but fans remind her of abortion,"Jenelle Evans navega pelas águas da maternidade, mas as lembranças do aborto pairam como fantasmas.
","Jenelle Evans navigates the choppy waters of motherhood, haunted by the specters of abortion.",gemini/prompt3,0.850923657417297
Jenelle Evans talks about all of her kids but fans remind her of abortion,"Jenelle Evans fala sobre todos os seus filhos, mas os fãs lembram dela do aborto.","Jenelle Evans speaks about all her children, but fans recall her from the abortion.",qwen/prompt3,0.8696216344833371
Jenelle Evans talks about all of her kids but fans remind her of abortion,"Jenelle Evans fala sobre todos os seus filhos, mas os fãs a lembram de aborto.","""Jenelle Evans discusses all her children, but her fans remember her for the abortion.""",mistral/prompt3,0.9077881574630731
Jenelle Evans talks about all of her kids but fans remind her of abortion,"Jenelle Evans fala sobre todos os seus filhos, mas os fãs a lembram do aborto.","Jenelle Evans talks about all her children, but fans remember her abortion.",qwen/prompt1,0.9316793680191041
Jenelle Evans talks about all of her kids but fans remind her of abortion,"Jenelle Evans fala sobre todos os seus filhos, mas os fãs a lembram do aborto.","Jenelle Evans talks about all her children, but fans remember her abortion.",qwen/prompt2,0.9316793680191041
Jenelle Evans talks about all of her kids but fans remind her of abortion,"Jenelle Evans fala de todos os seus filhos, mas os fãs a lembram do aborto como um fantasma na árvore genealógica.","Jenelle Evans talks about all her children, but fans remind her of the abortion as a ghost haunting her family tree.",gemma3/prompt3,0.9367852210998531
Jenelle Evans talks about all of her kids but fans remind her of abortion,"Jenelle Evans fala sobre todos os seus filhos, mas os fãs a lembram do aborto.","Jenelle Evans talks about all her children, but fans remind her of the miscarriage.",gpt/prompt4,0.9619647264480591
Jenelle Evans talks about all of her kids but fans remind her of abortion,"Jenelle Evans fala sobre todos os seus filhos, mas os fãs lembram-na de aborto","Jenelle Evans talks about all her children, but fans remember her of abortions.",mistral/prompt4,0.9654102325439451
Jenelle Evans talks about all of her kids but fans remind her of abortion,"Jenelle Evans fala sobre todos os seus filhos, mas os fãs a lembram do aborto.","Jenelle Evans talks about all her children, but the fans remember her of the abortion.",qwen/prompt4,0.967486977577209
Jenelle Evans talks about all of her kids but fans remind her of abortion,Jenelle Evans fala sobre todos os seus filhos mas os fãs lembram-na de abortar,"Jenelle Evans speaks of all her sons, but fans remind her of aborting them...",meta/,0.9744551181793211
Jenelle Evans talks about all of her kids but fans remind her of abortion,"Jenelle Evans fala sobre todos os seus filhos, mas os fãs a lembram sobre aborto.","Jenelle Evans talks about all of her children, but fans remember her about the abortion.",mistral/prompt1,0.9803358316421501
Jenelle Evans talks about all of her kids but fans remind her of abortion,"Jenelle Evans fala sobre todos os seus filhos, mas os fãs a lembram do aborto.","""Jenelle Evans talks about all her children, but fans remind her of the abortion.""",gpt/prompt2,0.9912000298500061
Jenelle Evans talks about all of her kids but fans remind her of abortion,"Jenelle Evans fala sobre todos os seus filhos, mas os fãs lembram-na de aborto.","Jenelle Evans speaks about all of her children, but fans remember her of abortion.",mistral/prompt2,0.9912000298500061
Jenelle Evans talks about all of her kids but fans remind her of abortion,"Jenelle Evans fala sobre todos os seus filhos, mas fãs a lembram do aborto.
","Jenelle Evans talks about all her kids, but fans remind her of the abortion.",gemini/prompt1,1.0
Jenelle Evans talks about all of her kids but fans remind her of abortion,"Jenelle Evans fala sobre todos os seus filhos, mas os fãs a lembram do aborto.
","Jenelle Evans talks about all of her children, but fans remind her of the abortion.
",gemini/prompt2,1.0
Jenelle Evans talks about all of her kids but fans remind her of abortion,"Jenelle Evans fala sobre todos os seus filhos, mas os fãs a lembram do aborto.","Jenelle Evans talks about all her children, but fans remind her of the abortion.",gemma3/prompt1,1.0
Jenelle Evans talks about all of her kids but fans remind her of abortion,"Jenelle Evans fala sobre todos os seus filhos, mas os fãs a lembram do aborto.","Jenelle Evans talks about all her kids, but fans remind her of the abortion.",gemma3/prompt2,1.0
Jenelle Evans talks about all of her kids but fans remind her of abortion,"Jenelle Evans fala sobre todos os seus filhos, mas os fãs lembram-lhe o aborto","Jenelle Evans talks about all her kids, but fans remind her about the abortion",gemmaX/,1.0
Jenelle Evans talks about all of her kids but fans remind her of abortion,"Jenelle Evans fala sobre todos os seus filhos, mas os fãs a lembram do aborto.","Jenelle Evans talks about all her children, but fans remind her of the abortion.",gpt/prompt1,1.0
Jenelle Evans talks about all of her kids but fans remind her of abortion,"Jenelle Evans fala sobre todos os seus filhos, mas os fãs lembram-lhe do aborto.",Jenelle Evans talks about all her kids but fans remind her of the abortion.,llama/prompt1,1.0
Jenelle Evans talks about all of her kids but fans remind her of abortion,"Jenelle Evans fala sobre todos os filhos, mas os fãs lembram-lhe do aborto.","""Jenelle Evans talks about all her kids, but fans remind her about the abortion.""",llama/prompt2,1.0
Jenelle Evans talks about all of her kids but fans remind her of abortion,"Jenelle Evans fala de todos os seus filhos, mas os fãs lembram-lhe do aborto.","Jenelle Evans talks about all her kids, but fans remind her of the abortion.",marian/,1.0
A reminder Stephen Miller once dumped a childhood friend because he was Latino,"Stephen Miller cortou laços com a infância, trocando um amigo latino pela sombra do preconceito.
","Stephen Miller severed ties with his boyhood, trading a Latino friend for the long shadow of prejudice.",gemini/prompt3,0.686609029769897
A reminder Stephen Miller once dumped a childhood friend because he was Latino,Um lembrete: Stephen Miller certa vez descartou um amigo de infância porque o sol da sua pele contava uma história que ele não queria ouvir.,"A reminder: Stephen Miller once cast aside a childhood friend, their skin's sunlight telling a story he couldn't bear to hear.",gemma3/prompt3,0.7240464687347411
A reminder Stephen Miller once dumped a childhood friend because he was Latino,"Stephen Miller cortou pela raiz a amizade de infância por ele ser latino.
",Stephen Miller **snapped the umbilical cord** of their childhood friendship due to his friend being Latino.,gemini/prompt4,0.7476981878280641
A reminder Stephen Miller once dumped a childhood friend because he was Latino,Um lembrete Stephen Miller一旦将一位青梅竹马的朋友甩了，因为他是拉丁裔,A reminder that once a long-term friend was ditched because he was Latinx,qwen/prompt4,0.7899402379989621
A reminder Stephen Miller once dumped a childhood friend because he was Latino,Uma lembrança: Stephen Miller uma vez descartou uma ex-amiga de infância porque ela era latino.,A memory: Stephen Miller once discarded an childhood friend because she was Latinx.,qwen/prompt3,0.81265240907669
A reminder Stephen Miller once dumped a childhood friend because he was Latino,Um lembrete: Stephen Miller já jogou fora um amigo de infância por ele ser latino.,A stark echo: Stephen Miller once cast aside a childhood comrade for the color of his skin.,gemma3/prompt4,0.8167040348052971
A reminder Stephen Miller once dumped a childhood friend because he was Latino,Um recordatório Stephen Miller uma vez soltou um amigo de infância porque ele era Latino,A flashback. Stephen Miller once released his childhood friend because he was Latino.,meta/,0.8261393308639521
A reminder Stephen Miller once dumped a childhood friend because he was Latino,Um lembrete sobre o fato de Stephen Miller ter descartado uma amiga da infância apenas por ser latina.,"""A reminder that Stephen Miller cast aside a childhood friend solely because of her Latin heritage.""",llama/prompt3,0.9183296561241151
A reminder Stephen Miller once dumped a childhood friend because he was Latino,Um lembrete: Stephen Miller uma vez chutou seu amigo de infância para longe porque era latinx.,A reminder: Stephen Miller once kicked his childhood friend away because he's Latinx.,llama/prompt4,0.9196775555610651
A reminder Stephen Miller once dumped a childhood friend because he was Latino,Um lembrete de que Stephen Miller uma vez descartou um amigo da infância porque ele era latino.,"""A reminder that Stephen Miller once cut a childhood friend because he was Latino.""",llama/prompt2,0.93054986000061
A reminder Stephen Miller once dumped a childhood friend because he was Latino,"""Um lembrete de que Stephen Miller uma vez abandonou uma amiga da infância porque ela era Latina.""","""A reminder that Stephen Miller once dropped off a childhood friend because she was Latina.""",llama/prompt1,0.953199326992034
A reminder Stephen Miller once dumped a childhood friend because he was Latino,Um lembrete: Stephen Miller já descartou um amigo da infância porque ele era latino.,"""A reminder: Stephen Miller had already discarded an old childhood friend because he was Latino.""",mistral/prompt4,0.9739417433738701
A reminder Stephen Miller once dumped a childhood friend because he was Latino,Um lembrete: Stephen Miller uma vez descartou um amigo da infância porque ele era latino.,A reminder: Stephen Miller once dismissed an childhood friend because he was Latino.,qwen/prompt1,0.9824000597000121
A reminder Stephen Miller once dumped a childhood friend because he was Latino,Stephen Miller uma vez descartou um amigo da infância porque ele era latino.,Stephen Miller once discarded an childhood friend because he was Latino.,qwen/prompt2,0.9824000597000121
A reminder Stephen Miller once dumped a childhood friend because he was Latino,"""Um lembrete: Stephen Miller deixou um amigo da infância de lado porque ele era Latino.""","""A reminder: Stephen Miller left behind a childhood friend because he was Latino.""",mistral/prompt3,0.987170457839965
A reminder Stephen Miller once dumped a childhood friend because he was Latino,"Uma lembrança de que Stephen Miller certa vez abandonou um amigo de infância porque ele era latino.
","A reminder that Stephen Miller once ditched a childhood friend because he was Latino.
",gemini/prompt2,0.9912000298500061
A reminder Stephen Miller once dumped a childhood friend because he was Latino,Um lembrete de que Stephen Miller uma vez dispensou um amigo de infância porque ele era latino.,A reminder that Stephen Miller once dismissed a childhood friend because he was Latino.,gpt/prompt1,0.9912000298500061
A reminder Stephen Miller once dumped a childhood friend because he was Latino,Um lembrete de que Stephen Miller uma vez dispensou um amigo de infância porque ele era latino.,A reminder that Stephen Miller once dismissed a childhood friend because he was Latino.,gpt/prompt2,0.9912000298500061
A reminder Stephen Miller once dumped a childhood friend because he was Latino,Um lembrete Stephen Miller uma vez deixou um amigo de infância porque ele era latino,A reminder Stephen Miller once left a childhood friend because he was a Latino,marian/,0.9912000298500061
A reminder Stephen Miller once dumped a childhood friend because he was Latino,Um lembrete de que Stephen Miller certa vez cortou laços com um amigo de infância por ser latino.,"""A reminder that Stephen Miller once severed ties with a childhood friend for being Latino.""",gpt/prompt3,0.9977718591690061
A reminder Stephen Miller once dumped a childhood friend because he was Latino,"Uma lembrança de que Stephen Miller certa vez abandonou um amigo de infância porque ele era latino.
",A reminder that Stephen Miller once abandoned a childhood friend because he was Latino.,gemini/prompt1,1.0
A reminder Stephen Miller once dumped a childhood friend because he was Latino,Um lembrete de que Stephen Miller uma vez terminou uma amizade da infância porque ele era latino.,A reminder that Stephen Miller once ended a childhood friendship because he was Latino.,gemma3/prompt1,1.0
A reminder Stephen Miller once dumped a childhood friend because he was Latino,Um lembrete de que Stephen Miller certa vez terminou uma amizade da infância porque ele era latino.,A reminder that Stephen Miller once ended a childhood friendship because he was Latino.,gemma3/prompt2,1.0
A reminder Stephen Miller once dumped a childhood friend because he was Latino,Um lembrete de que Stephen Miller uma vez abandonou um amigo de infância porque era latino,A reminder that Stephen Miller once abandoned a childhood friend because he was Latino,gemmaX/,1.0
A reminder Stephen Miller once dumped a childhood friend because he was Latino,Um lembrete de que Stephen Miller uma vez abandonou um amigo da infância porque ele era latino.,A reminder that Stephen Miller once left a childhood friend behind because he was Latino.,gpt/prompt4,1.0
A reminder Stephen Miller once dumped a childhood friend because he was Latino,Um lembrete de que Stephen Miller uma vez abandonou um amigo de infância porque ele era Latino.,A reminder that Stephen Miller once abandoned a childhood friend because he was Latino.,mistral/prompt1,1.0
A reminder Stephen Miller once dumped a childhood friend because he was Latino,Um lembrete: Stephen Miller certa vez descartou um amigo da infância porque ele era latino.,A reminder: Stephen Miller once turned away a childhood friend because he was Latino.,mistral/prompt2,1.0
"35 years ago today, The Young Ones made their debut on the BBC","Há 35 anos, a rebelião desceu do palco da BBC.","Thirty-five years ago, rebellion stepped off the BBC stage.",gemma3/prompt3,0.7080690860748291
"35 years ago today, The Young Ones made their debut on the BBC","Há 35 anos exatamente, Os Jovens Um fez sua estreia na BBC.","Thirty-five years ago precisely, The Youth One made its debut on BBC, heralding a new dawn.",qwen/prompt3,0.717630922794342
"35 years ago today, The Young Ones made their debut on the BBC","Há 35 anos exatamente, O Melhor da Juventude estreou na BBC.","Thirty-five years ago to the exact beat, The Best of Youth made its debut on the BBC.",qwen/prompt4,0.75685715675354
"35 years ago today, The Young Ones made their debut on the BBC","Há 35 anos hoje, O Jovem Mais Feio fazia sua estreia na BBC.","Thirty-five years ago today, The Ugliest Young Man made its debut on BBC.",qwen/prompt1,0.76300024986267
"35 years ago today, The Young Ones made their debut on the BBC","Há 35 anos, hoje, Os Jovens invadiram a BBC.","Thirty-five years ago, today, The Young stormed Broadcasting House.",gemma3/prompt4,0.7785657644271851
"35 years ago today, The Young Ones made their debut on the BBC","Três décadas atrás, hoje, Os Jovens debutaram na BBC.","""Three decades ago, today, the Youths made their debut on the BBC.""",mistral/prompt3,0.8347918391227721
"35 years ago today, The Young Ones made their debut on the BBC","35 anos atrás, hoje, Os Jovens Feziam a sua estreia na BBC","Thirty-five years ago, today, The Youngs made their debut on BBC.",llama/prompt4,0.867402553558349
"35 years ago today, The Young Ones made their debut on the BBC","Há trinta e cinco primaveras, os Jovens se atiraram no palco da BBC.
","Thirty-five springs ago, the Young Ones stormed the BBC stage.",gemini/prompt3,0.8800966739654541
"35 years ago today, The Young Ones made their debut on the BBC","Há 35 anos, a BBC paria Os Jovens.
",BBC birthed The Young Ones 35 years ago.,gemini/prompt4,0.916702508926391
"35 years ago today, The Young Ones made their debut on the BBC","Há 35 anos, The Young Ones fez a sua estréia na BBC","35 years ago, The Young Ones made their BBC debut on the Today",meta/,0.92378544807434
"35 years ago today, The Young Ones made their debut on the BBC","35 anos atrás, hoje, os Young Ones fizeram sua estreia na BBC.","""35 anos atrás, hoje, The Young Ones estrearam na BBC.""",llama/prompt3,0.9400105476379391
"35 years ago today, The Young Ones made their debut on the BBC","Há 35 anos, Os Jovens estrearam na BBC.","""35 years ago, The Young Ones premiered on the BBC.""",gpt/prompt3,0.970261335372924
"35 years ago today, The Young Ones made their debut on the BBC","Há 35 anos, hoje, The Young Ones estreavam na BBC.
","35 years ago today, The Young Ones premiered on BBC.",gemini/prompt1,0.9912000298500061
"35 years ago today, The Young Ones made their debut on the BBC","Há 35 anos, hoje, The Young Ones estreou na BBC.","35 years ago today, The Young Ones premiered on the BBC.",gemma3/prompt1,0.9912000298500061
"35 years ago today, The Young Ones made their debut on the BBC","Há 35 anos, hoje, The Young Ones estreou na BBC.","35 years ago today, The Young Ones premiered on the BBC.",gemma3/prompt2,0.9912000298500061
"35 years ago today, The Young Ones made their debut on the BBC","""Há 35 anos, hoje, The Young Ones fez sua estreia na BBC.""","""35 years ago today, The Young Ones premiered on the BBC.""",gpt/prompt1,0.9912000298500061
"35 years ago today, The Young Ones made their debut on the BBC","35 anos atrás, hoje, The Young Ones debutaram na BBC.","""35 years ago, today, The Young Ones debuted on the BBC.""",mistral/prompt2,0.9912000298500061
"35 years ago today, The Young Ones made their debut on the BBC","Há 35 anos, hoje, The Young Ones fizeram sua estreia no BBC.","Thirty-five years ago, today, The Young Ones made its debut on BBC.",qwen/prompt2,0.9912000298500061
"35 years ago today, The Young Ones made their debut on the BBC","Hoje, há 35 anos, Os Jovens fizeram sua estreia na BBC.","Today, 35 years ago, The Young Ones made their debut on the BBC.",gpt/prompt4,0.9936966896057121
"35 years ago today, The Young Ones made their debut on the BBC","""Há 35 anos hoje, Os Jovens Faziam sua estréia na BBC""","""Exactly 35 years ago today, The Young Ones made their BBC debut.""",llama/prompt2,0.9985140562057491
"35 years ago today, The Young Ones made their debut on the BBC","Há 35 anos hoje, Os Jovens fizeram sua estreia na BBC.","Today, 35 years ago, The Young Ones made their BBC debut.",gemini/prompt2,0.9985237121582031
"35 years ago today, The Young Ones made their debut on the BBC","'35 anos atrás hoje, os Young Ones estrearam na BBC'","Thirty-five years ago today, The Young Ones debuted on the BBC.",mistral/prompt4,0.99989104270935
"35 years ago today, The Young Ones made their debut on the BBC","Há 35 anos, The Young Ones estreou na BBC","35 years ago, The Young Ones premiered on the BBC",gemmaX/,1.0
"35 years ago today, The Young Ones made their debut on the BBC","""Hoje, há 35 anos, Os Jovens fizeram sua estreia na BBC.""","""Today, 35 years ago, The Young Ones made their debut on the BBC.""",gpt/prompt2,1.0
"35 years ago today, The Young Ones made their debut on the BBC","""Há 35 anos hoje, os Young Ones estrearam na BBC""","""Exactly 35 years ago today, The Young Ones debuted on the BBC.""",llama/prompt1,1.0
"35 years ago today, The Young Ones made their debut on the BBC","Há 35 anos, The Young Ones estreou na BBC","35 years ago, The Young Ones debuted at the BBC",marian/,1.0
"35 years ago today, The Young Ones made their debut on the BBC","Trinta e cinco anos atrás, hoje, The Young Ones estrearam no BBC.","Thirty-five years ago, today, The Young Ones debuted on the BBC.",mistral/prompt1,1.0
Neoliberalism has conned us into fighting climate change as individuals,"O neoliberalismo nos enganou, nos fazendo lutar contra as mudanças climáticas como se fôssemos indivíduos.
","Neoliberalism sold us a snake oil, making us box the wind in the fight against climate change.",gemma3/prompt4,0.381030887365341
Neoliberalism has conned us into fighting climate change as individuals,"O neoliberalismo nos passou a perna, nos empurrando a brigar contra a mudança climática sozinhos.
","Neoliberalism pulled the rug out from under us, leaving us to wrestle climate change solo.",gemini/prompt4,0.9002164602279661
Neoliberalism has conned us into fighting climate change as individuals,"O neoliberalismo nos enganou, nos empurrando para uma luta climática individual.
","Neoliberalism hoodwinked us, herding us into an individual climate battle.",gemini/prompt3,0.9287924766540521
Neoliberalism has conned us into fighting climate change as individuals,"O neoliberalismo nos iludiu, nos fazendo lutar contra as mudanças climáticas como indivíduos.","Neoliberalism has hoodwinked us, casting us as lone soldiers in the climate war.",gemma3/prompt3,0.9297822117805481
Neoliberalism has conned us into fighting climate change as individuals,O neoliberalismo nos conseqüenciou a lutar contra o cambio climático à moda dos individuos.,Neoliberalism has had us fighting climate change à la individualists.,qwen/prompt3,0.9324572086334221
Neoliberalism has conned us into fighting climate change as individuals,O neoliberalismo nos tem induzido a combater as alterações climáticas na medida em que somos indivíduos.,We have been pushed by neoliberalism to fight climate change as we do as individuals.,meta/,0.9381558895111081
Neoliberalism has conned us into fighting climate change as individuals,O neoliberalismo nos vendeu a ideia de que combatemos o aquecimento global de forma individual.,"O neoliberalismo nos vendeu a ideia de que estamos lutando contra o aquecimento global, um por um.",llama/prompt3,0.956972002983093
Neoliberalism has conned us into fighting climate change as individuals,O neoliberalismo nos enganou em lutar contra as mudanças climáticas como indivíduos.,O neoliberalismo nos enganou a lutar contra as mudanças climáticas como indivíduos.,llama/prompt4,0.9704891443252561
Neoliberalism has conned us into fighting climate change as individuals,Neoliberalismo nos enganou para que lutemos contra as mudanças climáticas como indivíduos.,Neoliberalismo has deceived us into fighting climate change as individuals.,mistral/prompt4,0.9807874560356141
Neoliberalism has conned us into fighting climate change as individuals,O neoliberalismo nos enganou em lutar contra o desmatamento como indivíduos ( ou o neoliberalismo nos enganou em lutar contra mudanças climáticas como indivíduos),Neoliberalism fooled us into fighting deforestation as individuals (or neoliberalism fooled us into fighting climate change as individuals).,llama/prompt1,0.98108959197998
Neoliberalism has conned us into fighting climate change as individuals,O neoliberalismo nos fez combater o aquecimento global por conta própria.,Neoliberalism has made us fight global warming on our own dime.,qwen/prompt4,0.9823937416076661
Neoliberalism has conned us into fighting climate change as individuals,"O neoliberalismo nos enganou em lutar contra o aquecimento global, como indivíduos.",Neoliberalism has misled us into fighting global warming as individuals.,llama/prompt2,0.9882043600082391
Neoliberalism has conned us into fighting climate change as individuals,"Neoliberalismo nos iludiu, nos fazendo lutar contra as mudanças climáticas como indivíduos.","""The neoliberalism deceived us, making us fight against climate change as individuals.""",mistral/prompt3,0.998384475708007
Neoliberalism has conned us into fighting climate change as individuals,O neoliberalismo nos enganou a lutar contra a mudança climática como indivíduos.,"""Neoliberalism has tricked us into fighting climate change as individuals.""",gpt/prompt3,0.999840974807739
Neoliberalism has conned us into fighting climate change as individuals,"O neoliberalismo nos convenceu a lutar contra as mudanças climáticas como indivíduos.
",Neoliberalism convinced us to fight climate change as individuals.,gemini/prompt1,1.0
Neoliberalism has conned us into fighting climate change as individuals,"O neoliberalismo nos convenceu a combater as mudanças climáticas individualmente.
","Neoliberalism convinced us to fight climate change individually.
",gemini/prompt2,1.0
Neoliberalism has conned us into fighting climate change as individuals,O neoliberalismo nos enganou para que lutássemos contra as mudanças climáticas individualmente.,Neoliberalism tricked us into fighting climate change individually.,gemma3/prompt1,1.0
Neoliberalism has conned us into fighting climate change as individuals,"O neoliberalismo nos enganou para que lutássemos contra as mudanças climáticas individualmente.
",Neoliberalism tricked us into fighting climate change individually.,gemma3/prompt2,1.0
Neoliberalism has conned us into fighting climate change as individuals,O neoliberalismo enganou-nos a combater as alterações climáticas como indivíduos,Neoliberalism has tricked us into fighting climate change as individuals,gemmaX/,1.0
Neoliberalism has conned us into fighting climate change as individuals,O neoliberalismo nos enganou a lutar contra a mudança climática como indivíduos.,Neoliberalism tricked us into fighting against climate change as individuals.,gpt/prompt1,1.0
Neoliberalism has conned us into fighting climate change as individuals,"""O neoliberalismo nos enganou a lutar contra a mudança climática como indivíduos.""","""Neoliberalism fooled us into fighting against climate change as individuals.""",gpt/prompt2,1.0
Neoliberalism has conned us into fighting climate change as individuals,O neoliberalismo nos enganou a lutar contra a mudança climática como indivíduos.,Neoliberalism has fooled us into fighting climate change as individuals.,gpt/prompt4,1.0
Neoliberalism has conned us into fighting climate change as individuals,O neoliberalismo enganou-nos na luta contra as alterações climáticas como indivíduos,Neoliberalism has deceived us in the fight against climate change as individuals,marian/,1.0
Neoliberalism has conned us into fighting climate change as individuals,"O neoliberalismo nos enganou, fazendo-nos acreditar que estamos lutando contra a mudança climática como indivíduos.",Neoliberalism fooled us into believing we're fighting climate change individually.,mistral/prompt1,1.0
Neoliberalism has conned us into fighting climate change as individuals,O neoliberalismo nos enganou para lutarmos contra a mudança climática como indivíduos.,Neoliberalism fooled us into fighting climate change individually.,mistral/prompt2,1.0
Neoliberalism has conned us into fighting climate change as individuals,O neoliberalismo nos convidou a combater o aquecimento global como indivíduos.,Neoliberalism has invited us to fight global warming as individuals.,qwen/prompt1,1.0
Neoliberalism has conned us into fighting climate change as individuals,O neoliberalismo nos enganou fazendo-nos combater o aquecimento global como indivíduos.,Neoliberalism tricked us into fighting global warming as individuals.,qwen/prompt2,1.0
Photogallery - ‘Rick and Morty’ Season 3 has shorter episodes; plot focuses on Beth,"Fotogaleria - 3ª temporada de 'Rick and Morty' tem episódios mais curtos; trama se volta para Beth.
",Gallery - 'Rick and Morty' Season 3 Shorts Itself; Beth Takes Center Stage.,gemini/prompt4,0.6048871278762811
Photogallery - ‘Rick and Morty’ Season 3 has shorter episodes; plot focuses on Beth,"A Fotogaleria - 3ª Temporada de ‘Rick and Morty’: Episódios mais enxutos, roteiro afiado na Beth.
","""The Photo Gallery - Rick and Morty Season 3: Slimmer episodes, a knife-sharp script for Beth.""",gemini/prompt3,0.651061296463012
Photogallery - ‘Rick and Morty’ Season 3 has shorter episodes; plot focuses on Beth,Galeria de Fotos – A 3ª Temporada de ‘Rick e Morty’ Tem Episódios Mais Curtos; A Trama Mira Beth.,"Photo Gallery – Rick and Morty’s Third Season: Shorter Bursts, a Plot with Beth in its Sights.",gemma3/prompt3,0.6578819751739501
Photogallery - ‘Rick and Morty’ Season 3 has shorter episodes; plot focuses on Beth,Galeria Fotográfica - A terceira temporada de 'Rick and Morty' tem episódios mais curtos; o enredo se centra em Beth.,Photographic Gallery - The third season of 'Rick and Morty' features shorter episodes; the storyline focuses on Beth as the narrative's tight frame.,qwen/prompt3,0.8612446784973141
Photogallery - ‘Rick and Morty’ Season 3 has shorter episodes; plot focuses on Beth,Galeria Fotográfica - A terceira temporada de 'Rick and Morty' tem episódios mais curtos; o enredo se concentra em Beth.,Photographic Gallery - The third season of 'Rick and Morty' has episodes that feel more truncated; the narrative focuses on Beth.,qwen/prompt4,0.871661186218261
Photogallery - ‘Rick and Morty’ Season 3 has shorter episodes; plot focuses on Beth,Photogallery - ‘Rick and Mortycento Temporada 3 tem episódios mais curtos; gráfico foca em Beth,Photogallery - ‘Rick and Mortycento Season 3 has shorter episodes; focus chart on Beth,marian/,0.881030917167663
Photogallery - ‘Rick and Morty’ Season 3 has shorter episodes; plot focuses on Beth,Galeria de Fotos - A Temporada 3 do ‘Rick e Morty’ tem episódios mais curtos; história se concentra em Beth.,"""Gallery - Season 3 of 'Rick and Morty' has shorter episodes; story focuses on Beth.""",llama/prompt3,0.885660767555236
Photogallery - ‘Rick and Morty’ Season 3 has shorter episodes; plot focuses on Beth,A terceira temporada de Rick and Morty tem episódios mais curtos; o enredo centra-se em Beth,"Rick and Morty Season 3 will feature shorter, more episodic storylines focusing on Beth.",meta/,0.9117677807807921
Photogallery - ‘Rick and Morty’ Season 3 has shorter episodes; plot focuses on Beth,"Galeria de Fotos – A 3ª Temporada de 'Rick and Morty' tem episódios mais curtos; a trama se concentra em Beth.
",Photo Gallery – 'Rick and Morty' Season 3 sees episodes trimmed; the narrative orbits Beth.,gemma3/prompt4,0.9178147315979001
Photogallery - ‘Rick and Morty’ Season 3 has shorter episodes; plot focuses on Beth,Photogallery - 'Rick and Morty' Season 3 has shorter episodes; plot focuses on Beth.,'Photo gallery - Rick and Morty' Season 3 has shorter episodes; plot focuses on Beth.',mistral/prompt4,0.9298857450485231
Photogallery - ‘Rick and Morty’ Season 3 has shorter episodes; plot focuses on Beth,'Álbum de fotos - 'Rick e Morty' da 3ª temporada tem episódios mais curtos; a trama foca em Beth.,Photobook - The 3rd season of 'Rick and Morty' features shorter episodes; the plot centers on Beth.,mistral/prompt3,0.9465289115905761
Photogallery - ‘Rick and Morty’ Season 3 has shorter episodes; plot focuses on Beth,"Galeria de Fotos - 'Rick e Morty' - Série 3 tem episódios mais curtos, enredo foca em Beth.","""Rick and Morty Photo Gallery - Season 3 has shorter episodes, plot focuses on Beth.""",llama/prompt2,0.9541496038436891
Photogallery - ‘Rick and Morty’ Season 3 has shorter episodes; plot focuses on Beth,Galeria de Fotos - ‘Rick e Morty’ temporada 3 tem episódios mais curtos; história se concentra em Beth,"Galeria de Fotos - 'Rick e Morty' temporada 3 tem episódios mais curtos, mas a história se concentra mais em Beth.",llama/prompt4,0.9646276235580441
Photogallery - ‘Rick and Morty’ Season 3 has shorter episodes; plot focuses on Beth,"Galeria de Fotos - ""Rick e Morty"" Temporada 3 tem episódios mais curtos; o enredo se concentra em Beth","Photos Gallery - ""Rick and Morty"" Season 3 has shorter episodes; the plot focuses on Beth",qwen/prompt1,0.9894911050796501
Photogallery - ‘Rick and Morty’ Season 3 has shorter episodes; plot focuses on Beth,Galeria de fotos - A 3ª temporada de 'Rick and Morty' tem episódios mais curtos; a trama se concentra em Beth.,Photo Gallery - Season 3 of 'Rick and Morty' features shorter episodes; the storyline centers around Beth.,gpt/prompt3,0.990158677101135
Photogallery - ‘Rick and Morty’ Season 3 has shorter episodes; plot focuses on Beth,Galeria de fotos - A temporada 3 de 'Rick e Morty' terá episódios mais curtos; o enredo se concentra em Beth.,"""Photo Gallery - Season 3 of 'Rick and Morty' will have shorter episodes; the storyline focuses on Beth.""",llama/prompt1,0.9908449649810791
Photogallery - ‘Rick and Morty’ Season 3 has shorter episodes; plot focuses on Beth,Galeria de fotos - A temporada 3 de 'Rick and Morty' tem episódios mais curtos; a trama foca em Beth.,Photo gallery - Season 3 of 'Rick and Morty' has shorter episodes; the plot focuses on Beth.,gpt/prompt2,0.9912000298500061
Photogallery - ‘Rick and Morty’ Season 3 has shorter episodes; plot focuses on Beth,Photogallery - A terceira temporada de 'Rick and Morty' tem episódios mais curtos; a trama foca em Beth.,Photogallery - The third season of 'Rick and Morty' features shorter episodes; the storyline centers around Beth.,gpt/prompt4,0.9924715757369991
Photogallery - ‘Rick and Morty’ Season 3 has shorter episodes; plot focuses on Beth,"""Galeria de Fotos - A Terceira Temporada de 'Rick e Morty' tem episódios mais curtos; a trama foca em Beth""","""Photo Gallery - The Third Season of 'Rick and Morty' has shorter episodes; the plot focuses on Beth.""",mistral/prompt2,0.998193264007568
Photogallery - ‘Rick and Morty’ Season 3 has shorter episodes; plot focuses on Beth,Galeria de fotos - ‘Rick e Morty’ Temporada 3 tem episódios mais curtos; enredo foca em Beth,Photo Gallery - 'Rick and Morty' Season 3 has shorter episodes; plot focuses on Beth,mistral/prompt1,0.9991902112960811
Photogallery - ‘Rick and Morty’ Season 3 has shorter episodes; plot focuses on Beth,"Galeria de Fotos - A 3ª temporada de ‘Rick and Morty’ tem episódios mais curtos; a trama foca em Beth.
",Photo Gallery - Season 3 of 'Rick and Morty' has shorter episodes; the plot focuses on Beth.,gemini/prompt1,1.0
Photogallery - ‘Rick and Morty’ Season 3 has shorter episodes; plot focuses on Beth,Galeria de fotos - A 3ª temporada de 'Rick and Morty' tem episódios mais curtos; a trama foca em Beth.,Photo Gallery - 'Rick and Morty' Season 3 has shorter episodes; the plot focuses on Beth.,gemini/prompt2,1.0
Photogallery - ‘Rick and Morty’ Season 3 has shorter episodes; plot focuses on Beth,Galeria de fotos - A 3ª temporada de ‘Rick and Morty’ tem episódios mais curtos; o enredo se concentra em Beth.,Photo Gallery - Season 3 of 'Rick and Morty' has shorter episodes; the plot focuses on Beth.,gemma3/prompt1,1.0
Photogallery - ‘Rick and Morty’ Season 3 has shorter episodes; plot focuses on Beth,Galeria de fotos - A 3ª temporada de ‘Rick and Morty’ tem episódios mais curtos; o enredo se concentra em Beth.,Photo Gallery - Season 3 of ‘Rick and Morty’ has shorter episodes; the plot focuses on Beth.,gemma3/prompt2,1.0
Photogallery - ‘Rick and Morty’ Season 3 has shorter episodes; plot focuses on Beth,Fotogaleria - 3.ª temporada de ‘Rick and Morty’ tem episódios mais curtos; o enredo centra-se em Beth,Photogallery - 3rd season of ‘Rick and Morty’ has shorter episodes; the plot focuses on Beth,gemmaX/,1.0
Photogallery - ‘Rick and Morty’ Season 3 has shorter episodes; plot focuses on Beth,Galeria de fotos - A 3ª temporada de ‘Rick and Morty’ tem episódios mais curtos; a trama se concentra em Beth.,Photo Gallery - Season 3 of ‘Rick and Morty’ has shorter episodes; the plot focuses on Beth.,gpt/prompt1,1.0
Photogallery - ‘Rick and Morty’ Season 3 has shorter episodes; plot focuses on Beth,"Galeria de Fotos - ""Rick e Morty"" Temporada 3 tem episódios mais curtos; o enredo se concentra em Beth.","Photo Gallery - ""Rick and Morty"" Season 3 has shorter episodes; the plot focuses on Beth.",qwen/prompt2,1.0
First time buyers in Wokingham to be spared Stamp Duty,Compradores em Wokingham fazem carreira e conseguem esquiva Stamp Duty.,Home buyers in Wokingham climb the career ladder and sidestep Stamp Duty.,llama/prompt4,0.6475450396537781
First time buyers in Wokingham to be spared Stamp Duty,compradores primeiro tempo em Wokingham escaparão da taxa de transferência imobiliária,Purchasers in the first half in Wokingham will avoid the stamp duty trap.,qwen/prompt4,0.669094920158386
First time buyers in Wokingham to be spared Stamp Duty,Primeiros compradores em Wokingham para serem liberados da Taxa de Selo,'First takers in Wokingham to be relieved of the Seal Tax',mistral/prompt3,0.806861758232116
First time buyers in Wokingham to be spared Stamp Duty,Compradores de primeira viagem em Wokingham escapam do aperto do Imposto de Selo.,First-time buyers in Wokingham dodge the Stamp Duty squeeze.,gemma3/prompt3,0.8677042722702021
First time buyers in Wokingham to be spared Stamp Duty,"Compradores de primeira viagem em Wokingham escapam da facada do Imposto do Selo.
",First-time buyers in Wokingham dodge the Stamp Duty bullet.,gemini/prompt4,0.8731774091720581
First time buyers in Wokingham to be spared Stamp Duty,"Compradores de primeira viagem em Wokingham escapam da guilhotina do Imposto de Selo.
",First-time buyers in Wokingham dodge the Stamp Duty guillotine.,gemini/prompt3,0.8829565048217771
First time buyers in Wokingham to be spared Stamp Duty,Compradores primeiro-tempo em Wokingham escaparão da Taxa de Transferência de Imóveis,First-time buyers in Wokingham will规避 房产转让税,qwen/prompt3,0.8964797854423521
First time buyers in Wokingham to be spared Stamp Duty,Primeros compradores em Wokingham não pagarão IPTU,"""First buyers in Wokingham won't pay property tax.""",mistral/prompt4,0.9139915704727171
First time buyers in Wokingham to be spared Stamp Duty,Compradores primeiro tempo em Wokingham serão isentos de Imposto sobre Documentos Graduados,First-time buyers in Wokingham will be exempt from Stamp Duty Graduated.,qwen/prompt1,0.915709972381591
First time buyers in Wokingham to be spared Stamp Duty,"Compradores de primeira viagem em Wokingham escaparão do selo fiscal.
",First-timers in Wokingham will dodge the tax trap.,gemma3/prompt4,0.922074258327484
First time buyers in Wokingham to be spared Stamp Duty,Os compradores imobiliários iniciantes de Wokingham serão poupados do Imposto de Transmissão Patrimonial.,The first-time homebuyers in Wokingham will be spared the patrimony tax.,llama/prompt3,0.9346145391464231
First time buyers in Wokingham to be spared Stamp Duty,Primeira vez compradores em Wokingham para ser poupado Stamp Duty,First time buyers in Wokingham to be spared Stamp Duty,marian/,0.965750098228454
First time buyers in Wokingham to be spared Stamp Duty,Compradores de primeira casa em Wokingham a serem poupados de imposto sobre a transferência.,"""First-time homebuyers in Wokingham to be exempt from stamp duty.""",llama/prompt1,0.984793186187744
First time buyers in Wokingham to be spared Stamp Duty,Os compradores de primeira viagem em Wokingham serão aliviados do imposto sobre a propriedade.,First-time buyers in Wokingham will be relieved of the burden of property tax.,gpt/prompt3,0.9859170913696281
First time buyers in Wokingham to be spared Stamp Duty,Compradores primeros em Wokingham serão isentos de Imposto sobre Operações Imobiliárias.,First-time buyers in Wokingham will be exempt from Stamp Duty.,qwen/prompt2,0.9918828010559081
First time buyers in Wokingham to be spared Stamp Duty,Os compradores de primeira viagem em Wokingham serão isentos do Imposto de Selo.,First-time buyers in Wokingham will be exempt from the Stamp Duty.,gpt/prompt4,0.9956978559494011
First time buyers in Wokingham to be spared Stamp Duty,Primeiros compradores em Wokingham estarão isentos do Imposto sobre Transações.,First-time buyers in Wokingham will be exempt from the Transaction Tax.,gpt/prompt2,0.9983836412429811
First time buyers in Wokingham to be spared Stamp Duty,Primeiros compradores em Wokingham ficarão isentos do imposto de selo,First-time buyers in Wokingham to be exempt from stamp duty,gemmaX/,0.9984523057937621
First time buyers in Wokingham to be spared Stamp Duty,"Compradores de primeira viagem em Wokingham isentos de Imposto de Selo.
","First-time buyers in Wokingham exempt from Stamp Duty.
",gemini/prompt2,0.9997869729995721
First time buyers in Wokingham to be spared Stamp Duty,"Compradores de primeira viagem em Wokingham serão isentos do Imposto do Selo.
",First-time buyers in Wokingham will be exempt from Stamp Duty.,gemini/prompt1,0.9997915029525751
First time buyers in Wokingham to be spared Stamp Duty,Os compradores de primeira casa em Wokingham ficarão isentos do Imposto de Selo.,First-time home buyers in Wokingham will be exempt from Stamp Duty.,llama/prompt2,0.9998474121093751
First time buyers in Wokingham to be spared Stamp Duty,Compradores de primeira viagem em Wokingham serão isentos do Imposto de Selo.,First-time buyers in Wokingham will be exempt from Stamp Duty.,gemma3/prompt1,1.0
First time buyers in Wokingham to be spared Stamp Duty,Compradores de primeira viagem em Wokingham serão isentos do Imposto de Selo.,First-time buyers in Wokingham will be exempt from Stamp Duty.,gemma3/prompt2,1.0
First time buyers in Wokingham to be spared Stamp Duty,Os compradores de primeira viagem em Wokingham serão isentos do Imposto de Selo.,First-time buyers in Wokingham will be exempt from Stamp Duty.,gpt/prompt1,1.0
First time buyers in Wokingham to be spared Stamp Duty,"Os compradores de primeira vez, em Wokingham, serão dispensados de imposto de selo.",First time buyers at Wokingham will be granted a stamp duty release.,meta/,1.0
First time buyers in Wokingham to be spared Stamp Duty,Primeiros compradores em Wokingham serão dispensados do Imposto de Selo.,First buyers in Wokingham will be exempt from Stamp Duty.,mistral/prompt1,1.0
First time buyers in Wokingham to be spared Stamp Duty,Primeiros compradores de imóveis em Wokingham são isentos de Imposto de Selo,First buyers of properties in Wokingham are exempt from Stamp Duty.,mistral/prompt2,1.0
Release of Apple iPhone X leads to reduce shipping orders of iPhone 8,Soltar o iPhone X do iPhone 8,Loosen the iPhone X from the iPhone 8,mistral/prompt4,0.7095901966094971
Release of Apple iPhone X leads to reduce shipping orders of iPhone 8,"A chegada do iPhone X desinfla os estoques do iPhone 8.
",The iPhone X's arrival deflates the iPhone 8's hype.,gemini/prompt3,0.7946727275848381
Release of Apple iPhone X leads to reduce shipping orders of iPhone 8,"A chegada do iPhone X enterrou as vendas do iPhone 8.
",The iPhone X's arrival **delivered the death knell** for iPhone 8 sales.,gemini/prompt4,0.8059509992599481
Release of Apple iPhone X leads to reduce shipping orders of iPhone 8,O lançamento do iPhone X da Apple faz com que as ordens de embarque do iPhone 8 desapareçam.,The launch of the iPhone X from Apple causes the iPhone 8's flight orders to evaporate.,llama/prompt4,0.8099377751350401
Release of Apple iPhone X leads to reduce shipping orders of iPhone 8,A liberação do iPhone X faz com que haja uma redução nas ordens de envio do iPhone 8.,The release of the iPhone X sends the iPhone 8 orders into a tailspin.,qwen/prompt3,0.8282916545867921
Release of Apple iPhone X leads to reduce shipping orders of iPhone 8,O lançamento do iPhone X esvazia o fluxo de encomendas do iPhone 8.,The iPhone X's debut sucked the wind out of the iPhone 8's sails.,gemma3/prompt3,0.883446931838989
Release of Apple iPhone X leads to reduce shipping orders of iPhone 8,O lançamento do iPhone X esfria os motores das encomendas do iPhone 8.,The arrival of the iPhone X dampened the appetite for iPhone 8 orders.,gemma3/prompt4,0.8935829401016231
Release of Apple iPhone X leads to reduce shipping orders of iPhone 8,Lançamento do iPhone X da Apple reduz os pedidos de envio do iPhone 8,"""The Apple iPhone X launch has eclipsed iPhone 8 shipments.""",mistral/prompt3,0.909137606620788
Release of Apple iPhone X leads to reduce shipping orders of iPhone 8,Lançamento de Apple iPhone X leva a reduzir pedidos de transporte de iPhone 8,Apple launch iPhone X leads to reduce shipping orders from iPhone 8,marian/,0.943599462509155
Release of Apple iPhone X leads to reduce shipping orders of iPhone 8,O lançamento do iPhone X da Apple gera uma onda que afunda as encomendas de envio do iPhone 8.,A release of Apple's iPhone X sets off a ripple that pulls down shipping orders for the iPhone 8.,llama/prompt3,0.964936971664428
Release of Apple iPhone X leads to reduce shipping orders of iPhone 8,O lançamento do iPhone X da Apple faz os pedidos de remessa do iPhone 8 diminuírem.,"""The launch of Apple's iPhone X causes the shipment orders for the iPhone 8 to dwindle.""",gpt/prompt3,0.9870213270187371
Release of Apple iPhone X leads to reduce shipping orders of iPhone 8,O lançamento do Apple iPhone X leva à redução dos pedidos de envio do iPhone 8.,"""The launch of the Apple iPhone X leads to a decrease in shipping orders for the iPhone 8.""",gpt/prompt1,0.9912000298500061
Release of Apple iPhone X leads to reduce shipping orders of iPhone 8,O lançamento do Apple iPhone X leva a uma redução nos pedidos de envio do iPhone 8.,"""The launch of the Apple iPhone X leads to a decrease in shipping orders for the iPhone 8.""",gpt/prompt2,0.9912000298500061
Release of Apple iPhone X leads to reduce shipping orders of iPhone 8,A liberação do Apple iPhone X leva a uma redução das ordens de entrega do iPhone 8.,The release of the Apple iPhone X leads to a decrease in iPhone 8 order fulfillment.,llama/prompt1,0.9912000298500061
Release of Apple iPhone X leads to reduce shipping orders of iPhone 8,O lançamento do iPhone X da Apple leva à queda nas encomendas do iPhone 8.,The launch of Apple's iPhone X leads to a downturn in orders for the iPhone 8.,gpt/prompt4,0.997185826301574
Release of Apple iPhone X leads to reduce shipping orders of iPhone 8,Libertar o Apple iPhone X leva a uma redução nas ordens de envio do iPhone 8,Releasing the Apple iPhone X results in a reduction of iPhone 8 shipment orders.,qwen/prompt4,0.997807145118713
Release of Apple iPhone X leads to reduce shipping orders of iPhone 8,"O lançamento do Apple iPhone X leva à redução de pedidos de envio do iPhone 8.
",The launch of the Apple iPhone X leads to a reduction in iPhone 8 shipment orders.,gemini/prompt1,1.0
Release of Apple iPhone X leads to reduce shipping orders of iPhone 8,"O lançamento do Apple iPhone X leva à redução de pedidos de envio do iPhone 8.
","The launch of the Apple iPhone X leads to a reduction in iPhone 8 shipment orders.
",gemini/prompt2,1.0
Release of Apple iPhone X leads to reduce shipping orders of iPhone 8,"O lançamento do Apple iPhone X leva à redução de pedidos de envio do iPhone 8.
",The launch of the Apple iPhone X leads to a decrease in iPhone 8 shipping orders.,gemma3/prompt1,1.0
Release of Apple iPhone X leads to reduce shipping orders of iPhone 8,O lançamento do Apple iPhone X leva à redução dos pedidos de envio do iPhone 8.,The launch of the Apple iPhone X leads to a decrease in shipping orders for the iPhone 8.,gemma3/prompt2,1.0
Release of Apple iPhone X leads to reduce shipping orders of iPhone 8,Lançamento do Apple iPhone X leva a reduzir as encomendas de envio do iPhone 8,Apple iPhone X launch leads to reduced iPhone 8 shipment orders,gemmaX/,1.0
Release of Apple iPhone X leads to reduce shipping orders of iPhone 8,O lançamento do Apple iPhone X resulta na redução de pedidos de embarque do iPhone 8.,The launch of the Apple iPhone X results in a drop in iPhone 8 shipping orders.,llama/prompt2,1.0
Release of Apple iPhone X leads to reduce shipping orders of iPhone 8,Lançamento do iPhone X da Apple provoca redução de encomendas de iPhone 8,Launch of Apple's iPhone X may cause iPhone 8 shipments to decline,meta/,1.0
Release of Apple iPhone X leads to reduce shipping orders of iPhone 8,"""O lançamento do iPhone X causa a redução de pedidos de envio do iPhone 8.""","""The launch of the iPhone X causes a reduction in iPhone 8 shipments.""",mistral/prompt1,1.0
Release of Apple iPhone X leads to reduce shipping orders of iPhone 8,O lançamento do iPhone X resulta na diminuição das ordens de envio do iPhone 8.,The launch of the iPhone X leads to a decrease in orders for the iPhone 8.,mistral/prompt2,1.0
Release of Apple iPhone X leads to reduce shipping orders of iPhone 8,O lançamento do iPhone X da Apple resulta em redução das ordens de envio do iPhone 8.,The launch of the iPhone X by Apple results in a reduction of shipment orders for the iPhone 8.,qwen/prompt1,1.0
Release of Apple iPhone X leads to reduce shipping orders of iPhone 8,O lançamento do iPhone X da Apple resulta em uma redução nas ordens de envio do iPhone 8.,The launch of the iPhone X by Apple leads to a decrease in iPhone 8 shipment orders.,qwen/prompt2,1.0
Project Veritas Drops Another Video Bomb Of CNN Producer Mocking Chris Cuomo [VIDEO],"""O Projeto Veritas Solta Outro Bomb de Vídeo do Produtor da CNN Mofando Chris Cuomo [VIDEO]""

O Projeto Veritas jogou outro bomb na CNN, revelando um vídeo em que um produtor da emissora fala em tom de chacota sobre Chris Cuomo, ex-apresentador. 

Nesse vídeo explosivo, o produtor, que permanece anônimo, faz piadas sobre Cuomo, descrevendo-o como um homem ""desesperado"" que faz o possível para se manter no ar. Ele também fala sobre a cobertura da CNN sobre a pandemia e a forma como Cuomo foi dispensado, sugerindo que a rede esteve envolvida em uma ""luta"" para manter o seu emprego.

O vídeo foi divulgado em um momento em que a CNN está enfrentando críticas por sua cobertura de notícias, e vem reforçar as acusa","Projeto Veritas Solta Outra Bomba de Vídeo do Produtor da CNN Zombando Chris Cuomo [VIDEO]

O Projeto Veritas jogou outra bomba no sistema da CNN, revelando um vídeo em que um produtor da rede fala em tom de chacota sobre Chris Cuomo, ex-mediador. 

Nesse vídeo explosivo, o produtor, que permanece anônimo, faz piadas sobre Cuomo, descrevendo-o como um homem ""no limiar do desespero"" que faz o possível para manter-se na mesa, lutando pela sobrevivência. Ele também fala sobre a cobertura da CNN sobre a pandemia e a forma como Cuomo foi demitido, sugerindo que a rede esteve envolvida em uma ""batalha"" feroz para manter seu emprego.

O vídeo foi divulgado em um momento em que a CNN está enfrentando críticas intensas",llama/prompt3,0.39999404549598605
Project Veritas Drops Another Video Bomb Of CNN Producer Mocking Chris Cuomo [VIDEO],Project Veritas Lança Outra Bomba em Vídeo: Produtor da CNN Zomba Chris Cuomo [VÍDEO],Project Veritas Drops Another Bombshell Video: CNN Producer Details Chris Cuomo's Cover-Up [VIDEO],gemma3/prompt3,0.6522995233535761
Project Veritas Drops Another Video Bomb Of CNN Producer Mocking Chris Cuomo [VIDEO],"'Veritas Drops Another Video Bomb of CNN Producer Mocking Chris Cuomo [VIDEO]'

'Escândalo na CNN: Produtor Faz Brincadeiras com Chris Cuomo [VIDEO]'","""Veritas Drops Another Video Bomb of CNN Producer Mocking Chris Cuomo [VIDEO]"" translates to ""CNN Explosion: CNN Producer Mocks Chris Cuomo [VIDEO].""",mistral/prompt2,0.664405763149261
Project Veritas Drops Another Video Bomb Of CNN Producer Mocking Chris Cuomo [VIDEO],Project Veritas Desaba Outro vídeo-bomba Mockando Produtor da CNN sobre Chris Cuomo [VÍDEO],Project Veritas Plunges Another Video Bombmocking the CNN Producer about Chris Cuomo [VIDEO],qwen/prompt4,0.6734742522239681
Project Veritas Drops Another Video Bomb Of CNN Producer Mocking Chris Cuomo [VIDEO],O Project Veritas Lança Outra Bomba de Vídeo do Produtor da CNN Zombando de Chris Cuomo [VÍDEO],"""Project Veritas Drops Another Bombshell Video of CNN Producer Mocking Chris Cuomo [VIDEO]""",gpt/prompt3,0.8133546113967891
Project Veritas Drops Another Video Bomb Of CNN Producer Mocking Chris Cuomo [VIDEO],"""AProjecto Veritas Solta Nova Bomba: CNN Producer Desdenha Chris Cuomo [VIDEO]""","""Project Veritas Drops Another Bombshell: CNN Producer Trashes Chris Cuomo [VIDEO]""",mistral/prompt3,0.8214454054832451
Project Veritas Drops Another Video Bomb Of CNN Producer Mocking Chris Cuomo [VIDEO],Project Veritas Solta Outra Bomba em Vídeo: Produtor da CNN Zomba Chris Cuomo [VÍDEO],Project Veritas Drops Another Bomb: CNN Producer Shreds Chris Cuomo [VIDEO],gemma3/prompt4,0.8314050436019891
Project Veritas Drops Another Video Bomb Of CNN Producer Mocking Chris Cuomo [VIDEO],Project Veritas Lança Mais Uma Bomba de Vídeo de Produtor da CNN Zombando de Chris Cuomo [VÍDEO],Project Veritas Drops Another Video Bomb of CNN Producer Mocking Chris Cuomo [VIDEO],gpt/prompt4,0.8483891487121581
Project Veritas Drops Another Video Bomb Of CNN Producer Mocking Chris Cuomo [VIDEO],Project Veritas Lança Mais Uma Bomba de Vídeo de Produtor da CNN Zombando de Chris Cuomo [VÍDEO],Project Veritas Drops Another Video Bomb of CNN Producer Mocking Chris Cuomo [VIDEO],gemini/prompt2,0.8594315052032471
Project Veritas Drops Another Video Bomb Of CNN Producer Mocking Chris Cuomo [VIDEO],O Projeto Veritas revela o vídeo com a produtora da CNN gozando com Chris Cuomo [VIDEO],Project veritas displays footage of the cnn producer mocking chris cuomo in the video,meta/,0.8632644414901731
Project Veritas Drops Another Video Bomb Of CNN Producer Mocking Chris Cuomo [VIDEO],Project Veritas Lança Outro Vídeo Explosivo do Produtor do CNN debochando de Chris Cuomo,Project Veritas Releases Explosive Video of CNN Producer Mocking Chris Cuomo.,llama/prompt4,0.875567734241485
Project Veritas Drops Another Video Bomb Of CNN Producer Mocking Chris Cuomo [VIDEO],"""Project Veritas Lança Outro Vídeo Bombástico do Produtor da CNN Desfalcando Chris Cuomo""","""Project Veritas Releases Explosive Video of CNN Producer Sabotaging Chris Cuomo.""",llama/prompt2,0.885339021682739
Project Veritas Drops Another Video Bomb Of CNN Producer Mocking Chris Cuomo [VIDEO],"Project Veritas solta mais uma bomba de vídeo, com produtor da CNN zombando de Chris Cuomo [VÍDEO]
","Project Veritas drops another video bombshell, with CNN producer taking a shot at Chris Cuomo [VIDEO]",gemini/prompt4,0.8882535099983211
Project Veritas Drops Another Video Bomb Of CNN Producer Mocking Chris Cuomo [VIDEO],Vídeo Bomba de Project Veritas: Ex-produtor da CNN Critica Publicamente Chris Cuomo,"""Video Bomb from Project Veritas: Ex-CNN Producer Publicly Criticizes Chris Cuomo""",mistral/prompt4,0.9077980518341061
Project Veritas Drops Another Video Bomb Of CNN Producer Mocking Chris Cuomo [VIDEO],"""Project Veritas Lança Outro Vídeo Bombástico Criticando Produtor da CNN Que Se Mofa de Chris Cuomo [vídeo]""","""Project Veritas Releases Another Explosive Video Criticizing CNN Producer Who Mocks Chris Cuomo [video]""",qwen/prompt2,0.927627682685852
Project Veritas Drops Another Video Bomb Of CNN Producer Mocking Chris Cuomo [VIDEO],"Project Veritas lança mais uma bomba de vídeo sobre produtor da CNN zombando de Chris Cuomo [VÍDEO]
",Project Veritas drops another video bomb on CNN producer mocking Chris Cuomo [VIDEO],gemini/prompt3,0.9283176660537721
Project Veritas Drops Another Video Bomb Of CNN Producer Mocking Chris Cuomo [VIDEO],Project Veritas Lança Mais um Vídeo Explosivo de Produtor da CNN Zombando de Chris Cuomo [VÍDEO],Project Veritas Drops Another Explosive Video of CNN Producer Mocking Chris Cuomo [VIDEO],gemma3/prompt1,0.9289718866348261
Project Veritas Drops Another Video Bomb Of CNN Producer Mocking Chris Cuomo [VIDEO],Project Veritas divulga mais um vídeo explosivo de produtor da CNN zombando de Chris Cuomo [VÍDEO],Project Veritas Releases Another Explosive Video of CNN Producer Mocking Chris Cuomo [VIDEO],gemma3/prompt2,0.934100747108459
Project Veritas Drops Another Video Bomb Of CNN Producer Mocking Chris Cuomo [VIDEO],Project Veritas降另一个视频炸弹，矛头直指CNN制作人嘲笑克里斯·库莫 [视频],"Project Veritas dropped another video bomb, this time targeting CNN producers who mocked Chris Cuomo.",qwen/prompt3,0.943339467048645
Project Veritas Drops Another Video Bomb Of CNN Producer Mocking Chris Cuomo [VIDEO],"""Project Veritas Descobre Outro Vídeo Bomba De Produtor da CNN Rislando Chris Cuomo [VÍDEO]""","""Project Veritas Finds Another CNN Producer Making Fun of Chris Cuomo [VIDEO]""",qwen/prompt1,0.9483971595764161
Project Veritas Drops Another Video Bomb Of CNN Producer Mocking Chris Cuomo [VIDEO],O Project Veritas lança mais uma bomba em vídeo de produtor da CNN zombando de Chris Cuomo [VÍDEO],"""Project Veritas drops another bomb in video of CNN producer mocking Chris Cuomo [VIDEO]""",gpt/prompt2,0.953004717826843
Project Veritas Drops Another Video Bomb Of CNN Producer Mocking Chris Cuomo [VIDEO],"Project Veritas lança mais uma bomba de vídeo sobre produtor da CNN zombando de Chris Cuomo [VÍDEO]
",Project Veritas drops another video bomb on CNN producer mocking Chris Cuomo [VIDEO],gemini/prompt1,0.9542348384857171
Project Veritas Drops Another Video Bomb Of CNN Producer Mocking Chris Cuomo [VIDEO],Projeto Veritas solta outra bomba de vídeo do produtor da CNN Mocking Chris Cuomo [VÍDEO],Project Veritas releases another video bomb from CNN producer Mocking Chris Cuomo [VIDEO],marian/,0.961197197437286
Project Veritas Drops Another Video Bomb Of CNN Producer Mocking Chris Cuomo [VIDEO],Projeto Veritas lança mais um vídeo explosivo: Produtor da CNN ridiculariza Chris Cuomo,"""Project Veritas releases another explosive video: CNN producer mocks Chris Cuomo""",mistral/prompt1,0.9679933190345761
Project Veritas Drops Another Video Bomb Of CNN Producer Mocking Chris Cuomo [VIDEO],O Projeto Veritas lança mais um vídeo bomba de um produtor da CNN zombando do Chris Cuomo [VIDEO].,Project Veritas releases another bombshell video of a CNN producer mocking Chris Cuomo [VIDEO].,llama/prompt1,0.9686775207519531
Project Veritas Drops Another Video Bomb Of CNN Producer Mocking Chris Cuomo [VIDEO],Project Veritas lança outro vídeo bomba de um produtor da CNN a ridicularizar Chris Cuomo [VÍDEO],Project Veritas releases another bombshell video of a CNN producer ridiculing Chris Cuomo [VIDEO],gemmaX/,0.9699192047119141
Project Veritas Drops Another Video Bomb Of CNN Producer Mocking Chris Cuomo [VIDEO],O Project Veritas lança mais uma bomba de vídeo de um produtor da CNN zombando de Chris Cuomo [VÍDEO],Project Veritas drops another video bomb of a CNN producer mocking Chris Cuomo [VIDEO],gpt/prompt1,0.977993488311767
Hedge Funds Pouring Cash into Silver and Gold! (Video),"A enxurrada de dinheiro dos fundos de cobertura em prata e ouro! (Vídeo)
","Here's a possible translation, keeping the original metaphorical sense:

**""The silver and gold floodgates open for hedge fund money! (Video)""**",gemini/prompt3,0.464785158634185
Hedge Funds Pouring Cash into Silver and Gold! (Video),Hedge Funds Dinamizando Dinheiro em Prata e Ouro! (Vídeo),"""Dynamizing Money in Silver and Gold Funds! (Video)""",llama/prompt1,0.624852299690246
Hedge Funds Pouring Cash into Silver and Gold! (Video),Fundo de investimento despeja ouro e prata em abundância! (Vídeo),Investment fund showers gold and silver in a deluge! (Video),gemma3/prompt3,0.7553216218948361
Hedge Funds Pouring Cash into Silver and Gold! (Video),Fundos de Cobertura Transferindo Dinheiro para Prata e Ouro! ( Vídeo),Funds in Coins Moving Money to Silver and Gold! (Video),mistral/prompt2,0.768826246261596
Hedge Funds Pouring Cash into Silver and Gold! (Video),"Hedge Funds Despejam Rios de Grana em Prata e Ouro! (Vídeo)
",Hedge Funds Pour Rivers of Cash into Silver and Gold! (Video),gemini/prompt4,0.7958794832229611
Hedge Funds Pouring Cash into Silver and Gold! (Video),"Fundo Hedge Despeja Dinheiro em Prata e Ouro! (Vídeo) ➔ **Fundo Hedge Afogando o Ouro e a Prata em Dinheiro! (Vídeo)**
",Hedge Fund Drowning Gold and Silver in Cash! (Video),gemma3/prompt4,0.8186617493629451
Hedge Funds Pouring Cash into Silver and Gold! (Video),Fundos de Hedge Pourando Dinheiro em Prata e Ouro! (Video),Funds Pouring Money into Silver and Gold! (Video),mistral/prompt1,0.8304040431976311
Hedge Funds Pouring Cash into Silver and Gold! (Video),Fundos Hedge Vazando Dinheiro em Prata e Ouro!,"""Hedge Funds Leaking Money into Silver and Gold!""",llama/prompt3,0.8387403488159181
Hedge Funds Pouring Cash into Silver and Gold! (Video),Fundos de cobertura entregam fundos em prata e ouro!,Hedge funds make their funds in silver and gold!,meta/,0.8440003395080561
Hedge Funds Pouring Cash into Silver and Gold! (Video),Fundos de Investimento都在倾注资金进入银和金！(视频),Investment Pots are pouring funds into silver and gold! (video),qwen/prompt3,0.8457203507423401
Hedge Funds Pouring Cash into Silver and Gold! (Video),Investidores de Fundos de Hedging Encheram a Prata e o Ouro! (Vídeo),Investors of Hedge Funds Have Filled Up Silver and Gold! (Video),qwen/prompt4,0.8708052635192871
Hedge Funds Pouring Cash into Silver and Gold! (Video),"""Fundos de Hedge Estourando Dinheiro em Prata e Ouro! (Video)""","""Hedge Funds Blowing Money into Silver and Gold!""",mistral/prompt3,0.884867191314697
Hedge Funds Pouring Cash into Silver and Gold! (Video),Fundos Hedge Esguichando Dinheiro em Prata e Ouro! (Vídeo),"""Hedge Funds Spouting Money in Silver and Gold! (Video)""",mistral/prompt4,0.9073711633682251
Hedge Funds Pouring Cash into Silver and Gold! (Video),Fundos de Investimento em Hedging Invadem Prata e Ouro! (Vídeo),Hedging Investment Funds Invade Silver and Gold! (Video),qwen/prompt2,0.9270685911178581
Hedge Funds Pouring Cash into Silver and Gold! (Video),"Fundos de Cobertura Investem Pesado em Prata e Ouro! (Vídeo)
",Hedge Funds Bet Heavily on Silver and Gold! (Video),gemini/prompt1,0.9414790868759151
Hedge Funds Pouring Cash into Silver and Gold! (Video),Fundos de Hedge derramando dinheiro em prata e ouro! (Vídeo),Hedge funds spilling money in silver and gold! (Video),marian/,0.9479902982711791
Hedge Funds Pouring Cash into Silver and Gold! (Video),Fundos de Investimento Injetando Capital em Prata e Ouro! (Vídeo),"""Investment Funds Injecting Capital into Silver and Gold! (Video)""",gpt/prompt3,0.9517800807952881
Hedge Funds Pouring Cash into Silver and Gold! (Video),"""Fundos de Hedge Investindo em Prata e Ouro!""","""Hedge Funds Investing in Silver and Gold!""",gpt/prompt2,0.9580640792846681
Hedge Funds Pouring Cash into Silver and Gold! (Video),"""Fundos de Hedge Empregando Dinheiro em Prata e Ouro! (Vídeo)""","""Hedge Funds Investing in Silver and Gold! (Video)""",llama/prompt2,0.961045205593109
Hedge Funds Pouring Cash into Silver and Gold! (Video),Fundos de investimento despejando dinheiro em prata e ouro!,Investment funds pouring money into silver and gold!,gpt/prompt4,0.9610545635223381
Hedge Funds Pouring Cash into Silver and Gold! (Video),Fundos de Hedge Despejando Dinheiro em Prata e Ouro! (Vídeo),Hedge Funds Dumping Money in Silver and Gold! (Video),llama/prompt4,0.962457358837127
Hedge Funds Pouring Cash into Silver and Gold! (Video),Fundo de hedge despejando dinheiro em prata e ouro! (Vídeo),Hedge fund pouring money into silver and gold! (Video),gemmaX/,0.9686813354492181
Hedge Funds Pouring Cash into Silver and Gold! (Video),"Fundos de Hedge Investindo Pesado em Prata e Ouro! (Vídeo)
","Hedge Funds Investing Heavily in Silver and Gold! (Video)
",gemini/prompt2,0.9761247634887691
Hedge Funds Pouring Cash into Silver and Gold! (Video),"""Fundos de Hedge Injetando Dinheiro em Prata e Ouro! (Vídeo)""","""Hedge Funds Injecting Money into Silver and Gold! (Video)""",gpt/prompt1,0.9899740219116211
Hedge Funds Pouring Cash into Silver and Gold! (Video),Fundos de Hedge Investindo Dinheiro em Prata e Ouro! (Vídeo),Hedge Funds Investing in Silver and Gold! (Video),qwen/prompt1,0.9979417324066161
Hedge Funds Pouring Cash into Silver and Gold! (Video),"Fundos de hedge injetando dinheiro em prata e ouro! (Vídeo)
",Hedge funds pouring money into silver and gold! (Video),gemma3/prompt1,0.9998896121978761
Hedge Funds Pouring Cash into Silver and Gold! (Video),"Fundos de hedge injetando dinheiro em prata e ouro! (Vídeo)
",Hedge funds pouring money into silver and gold! (Video),gemma3/prompt2,0.9998896121978761
Scientist Faces Criminal Charges Because Environmentalists Didn’t Like His Work,"O cientista enfrenta a fúria dos ambientalistas: a ciência sob julgamento, a natureza ferida.
","The scientist stares down the environmentalists' storm: science on trial, nature wounded.",gemini/prompt3,0.28534555435180603
Scientist Faces Criminal Charges Because Environmentalists Didn’t Like His Work,O cientista encara acusações criminais porque os ambientalistas não gostaram do seu trabalho.,The scientist faces the music because Mother Nature frowned upon his tune.,gemma3/prompt4,0.346000701189041
Scientist Faces Criminal Charges Because Environmentalists Didn’t Like His Work,O rigor da ciência esbarra na fúria da natureza.,Science's precision collides with nature's wrath.,gemma3/prompt3,0.41330957412719704
Scientist Faces Criminal Charges Because Environmentalists Didn’t Like His Work,"O cientista enfrenta a forca, pois ambientalistas não digeriram sua obra.
","The scientist faces the gallows, for environmentalists haven't swallowed his work.",gemini/prompt4,0.6045038700103761
Scientist Faces Criminal Charges Because Environmentalists Didn’t Like His Work,Um cientista bate as botas porque os ecologistas não gostaram do seu trabalho.,A scientist kicked the bucket because the ecologists didn't like his work.,qwen/prompt4,0.610426604747772
Scientist Faces Criminal Charges Because Environmentalists Didn’t Like His Work,Cientista é Processado por Motivos de Ódio à Sua Trabalho,"""Scientist Is Charged for Hate of His Work""",mistral/prompt3,0.665072441101074
Scientist Faces Criminal Charges Because Environmentalists Didn’t Like His Work,Cientista enfrenta acusações penais porque ambientalistas gostaram de seu trabalho,Scientist faces criminal charges because environmentalists liked their work,marian/,0.7763783931732171
Scientist Faces Criminal Charges Because Environmentalists Didn’t Like His Work,O cientista enfrenta acusações criminais porque os ativistas ambientais não gostaram do seu trabalho.,O cientista enfrenta acusações criminais porque os ativistas ambientais não gostaram do seu teor.,llama/prompt4,0.838666439056396
Scientist Faces Criminal Charges Because Environmentalists Didn’t Like His Work,Cientista Face Acusações Criminais Porque Ambientalistas Não Gostaram de Seu Trabalho,"Scientist ""Faces"" Charges for Alleged Criminal Activities Due to Environmentalists' Displeasure with His Work.",mistral/prompt4,0.8613127470016481
Scientist Faces Criminal Charges Because Environmentalists Didn’t Like His Work,Cientista Enfrenta Acusações Criminais Porque Ambientalistas Não Aprovaram Seu Trabalho.,"""Scientist Faces Criminal Charges as Environmentalists Reject His Work.""",gpt/prompt3,0.910249948501586
Scientist Faces Criminal Charges Because Environmentalists Didn’t Like His Work,Cientista Enfrenta Acusações Criminais Porque Ambientalistas Não Gostaram do Seu Trabalho,Scientist Faces Criminal Charges Because Environmentalists Didn't Like Their Work,mistral/prompt1,0.963477849960327
Scientist Faces Criminal Charges Because Environmentalists Didn’t Like His Work,"O Cientista É Processado por Crime, Pois Ambientalistas Não Gostaram de Seu Trabalho.","""O cientista é julgado por heresia, pois ambientalistas não gostaram de sua teoria.""",llama/prompt3,0.9640642404556271
Scientist Faces Criminal Charges Because Environmentalists Didn’t Like His Work,Um cientista enfrenta acusações criminais porque os ambientalistas não gostaram do seu trabalho.,"""A scientist faces criminal charges because the environmentalists didn't care for his work.""",qwen/prompt3,0.968987584114074
Scientist Faces Criminal Charges Because Environmentalists Didn’t Like His Work,Cientista enfrenta acusações criminais porque ambientalistas não gostaram do seu trabalho.,Scientist faces criminal charges because environmentalists disliked their work.,gemma3/prompt2,0.9824000597000121
Scientist Faces Criminal Charges Because Environmentalists Didn’t Like His Work,Cientista Enfrenta Acusações Criminais Porque Ambientalistas Não Aprovaram Seu Trabalho,Scientist Faces Criminal Charges Because Environmentalists Did Not Approve His Work,gpt/prompt4,0.98737621307373
Scientist Faces Criminal Charges Because Environmentalists Didn’t Like His Work,Cientista Enfrenta Acusações Criminais Porque Ambientalistas Não Gostaram de Seu Trabalho.,"""Scientist Faces Criminal Charges Because Environmentalists Disapproved of His Work.""",gpt/prompt2,0.9912000298500061
Scientist Faces Criminal Charges Because Environmentalists Didn’t Like His Work,Cientista enfrenta acusações criminais porque ambientalistas não gostam de seu trabalho,Scientist Faces Criminal Charges Because Environmentalists Hate His Work,meta/,0.9912000298500061
Scientist Faces Criminal Charges Because Environmentalists Didn’t Like His Work,Cientista Encara Acusações Criminais Porque Ecologistas Não Gostaram de Seu Trabalho,Scientist Faces Criminal Accusations Because Ecologists Did Not Like His Work,qwen/prompt1,0.9988132715225221
Scientist Faces Criminal Charges Because Environmentalists Didn’t Like His Work,"Cientista enfrenta acusações criminais porque ambientalistas não gostaram de seu trabalho.
",Scientist faces criminal charges because environmentalists disliked his work.,gemini/prompt1,1.0
Scientist Faces Criminal Charges Because Environmentalists Didn’t Like His Work,"Cientista enfrenta acusações criminais porque ambientalistas não gostaram de seu trabalho.
","Scientist faces criminal charges because environmentalists disapproved of his work.
",gemini/prompt2,1.0
Scientist Faces Criminal Charges Because Environmentalists Didn’t Like His Work,Cientista enfrenta acusações criminais porque ambientalistas não gostaram do seu trabalho.,Scientist faces criminal charges because environmentalists disliked his work.,gemma3/prompt1,1.0
Scientist Faces Criminal Charges Because Environmentalists Didn’t Like His Work,Cientista enfrenta acusações criminais porque ambientalistas não gostaram do seu trabalho,Scientist faces criminal charges because environmentalists didn't like his work,gemmaX/,1.0
Scientist Faces Criminal Charges Because Environmentalists Didn’t Like His Work,"""Cientista enfrenta acusações criminais porque ambientalistas não gostaram de seu trabalho.""","""Scientist faces criminal charges because environmentalists did not like his work.""",gpt/prompt1,1.0
Scientist Faces Criminal Charges Because Environmentalists Didn’t Like His Work,Cientista enfrenta acusações criminais porque ambientalistas não gostaram de seu trabalho.,Scientist faces criminal charges because environmentalists did not like his work.,llama/prompt1,1.0
Scientist Faces Criminal Charges Because Environmentalists Didn’t Like His Work,Um cientista enfrenta acusações criminais porque ambientalistas não gostaram do seu trabalho.,A scientist is facing criminal charges because environmentalists didn't like his work.,llama/prompt2,1.0
Scientist Faces Criminal Charges Because Environmentalists Didn’t Like His Work,"""Cientista Enfrenta Acusações Criminais Porque Ambientalistas Não Gostaram do Seu Trabalho""","""Scientist Faces Criminal Charges Because Environmentalists Disliked His Work""",mistral/prompt2,1.0
Scientist Faces Criminal Charges Because Environmentalists Didn’t Like His Work,O cientista enfrenta acusações criminais porque os ambientalistas não gostaram de seu trabalho.,The scientist faces criminal accusations because environmentalists did not approve of his work.,qwen/prompt2,1.0
Ben Affleck spotted house hunting with Lindsay Shookus in Los Angeles,"Ben Affleck fareja novos lares em Los Angeles, com Lindsay Shookus à espreita.","Ben Affleck scents out new LA nests, Lindsay Shookus in the wings.",gemma3/prompt3,0.5102548599243161
Ben Affleck spotted house hunting with Lindsay Shookus in Los Angeles,Ben Affleck caça às casas manchadas com Lindsay Shookus em Los Angeles,Ben Affleck hunts houses stained with Lindsay Shookus in Los Angeles,marian/,0.799279451370239
Ben Affleck spotted house hunting with Lindsay Shookus in Los Angeles,"Ben Affleck, farejando um novo ninho de amor com Lindsay Shookus em Los Angeles.
","Ben Affleck, sniffing out a fresh love nest with Lindsay Shookus in Los Angeles.",gemini/prompt3,0.8057945966720581
Ben Affleck spotted house hunting with Lindsay Shookus in Los Angeles,Ben Affleck foi visto comendo casas em Los Angeles com Lindsay Shookus.,Ben Affleck was seen feasting on homes in Los Angeles with Lindsay Shookus.,mistral/prompt3,0.819140911102294
Ben Affleck spotted house hunting with Lindsay Shookus in Los Angeles,"Ben Affleck foi avistado explorando casas com Lindsay Shookus em Los Angeles, como se estivessem planejando重构人生篇章。","Ben Affleck was spotted exploring houses with Lindsay Shookus in Los Angeles, as if they were plotting to rewrite their life chapters.",qwen/prompt3,0.827894449234008
Ben Affleck spotted house hunting with Lindsay Shookus in Los Angeles,Ben Affleck flagrado à caça de um lar com Lindsay Shookus em Los Angeles.,Ben Affleck spotted hunting for a home with Lindsay Shookus in Los Angeles.,gemma3/prompt4,0.8456425666809081
Ben Affleck spotted house hunting with Lindsay Shookus in Los Angeles,Ben Affleck foi visto à caça de um lar com Lindsay Shookus em Los Angeles.,Ben Affleck was spotted house-hunting with Lindsay Shookus in Los Angeles.,gpt/prompt4,0.880495488643646
Ben Affleck spotted house hunting with Lindsay Shookus in Los Angeles,"Ben Affleck e Lindsay Shookus, em busca de um novo ninho em Los Angeles.
","Ben Affleck and Lindsay Shookus, nesting in Los Angeles.",gemini/prompt4,0.8807299137115471
Ben Affleck spotted house hunting with Lindsay Shookus in Los Angeles,"Ben Affleck foi visto em busca de uma nova residência, lado a lado com Lindsay Shookus, em Los Angeles.","""Ben Affleck foi visto em busca de uma nova residência, lado a lado com Lindsay Shookus, em Los Angeles."" 

Ben Affleck has been spotted house hunting hand in hand with Lindsay Shookus in Los Angeles.",llama/prompt3,0.88142716884613
Ben Affleck spotted house hunting with Lindsay Shookus in Los Angeles,Ben Affleck foi avistado fazendo uma caça ao lar ao lado de Lindsay Shookus em Los Angeles.,Ben Affleck was spotted on a house hunt alongside Lindsay Shookus in Los Angeles.,llama/prompt4,0.9096022844314571
Ben Affleck spotted house hunting with Lindsay Shookus in Los Angeles,Ben Affleck foi visto em busca de novos lares ao lado de Lindsay Shookus em Los Angeles.,Ben Affleck was spotted on a quest for new abodes alongside Lindsay Shookus in Los Angeles.,gpt/prompt3,0.950635850429534
Ben Affleck spotted house hunting with Lindsay Shookus in Los Angeles,Ben Affleck foi visto procurando casa com Lindsay Shookus em Los Angeles.,Ben Affleck was spotted 'hunting' for a home with Lindsay Shookus in Los Angeles.,mistral/prompt4,0.9565010070800781
Ben Affleck spotted house hunting with Lindsay Shookus in Los Angeles,Ben Affleck foi avistado explorando imóveis com Lindsay Shookus em Los Angeles,Ben Affleck was spotted exploring properties with Lindsay Shookus in Los Angeles,qwen/prompt4,0.961213707923889
Ben Affleck spotted house hunting with Lindsay Shookus in Los Angeles,Ben Affleck visto em caça de casa com Lindsay Shookus em Los Angeles,Ben Affleck seen hunting houses with Lindsay Shookus in L.A.,meta/,0.9631458520889281
Ben Affleck spotted house hunting with Lindsay Shookus in Los Angeles,Ben Affleck visto à procura de casa com Lindsay Shookus em Los Angeles,Ben Affleck spotted house-hunting with Lindsay Shookus in Los Angeles,gemmaX/,0.9740163087844841
Ben Affleck spotted house hunting with Lindsay Shookus in Los Angeles,Ben Affleck foi avistado procurando imóveis com Lindsay Shookus em Los Angeles.,Ben Affleck was spotted looking for properties with Lindsay Shookus in Los Angeles.,qwen/prompt2,0.984692692756652
Ben Affleck spotted house hunting with Lindsay Shookus in Los Angeles,"""Ben Affleck avistado em busca de uma casa com Lindsay Shookus em Los Angeles""","""Ben Affleck spotted looking for a house with Lindsay Shookus in Los Angeles.""",llama/prompt2,0.988657355308532
Ben Affleck spotted house hunting with Lindsay Shookus in Los Angeles,Ben Affleck foi visto procurando casa com Lindsay Shookus em Los Angeles.,Ben Affleck was seen looking for a house with Lindsay Shookus in Los Angeles.,mistral/prompt2,0.994722008705139
Ben Affleck spotted house hunting with Lindsay Shookus in Los Angeles,Ben Affleck foi visto procurando casa com Lindsay Shookus em Los Angeles.,Ben Affleck was seen looking for a house with Lindsay Shookus in Los Angeles.,gpt/prompt2,0.994722127914428
Ben Affleck spotted house hunting with Lindsay Shookus in Los Angeles,"Ben Affleck foi visto procurando casa com Lindsay Shookus em Los Angeles.
",Ben Affleck was seen house hunting with Lindsay Shookus in Los Angeles.,gemini/prompt1,1.0
Ben Affleck spotted house hunting with Lindsay Shookus in Los Angeles,Ben Affleck foi visto procurando casa com Lindsay Shookus em Los Angeles.,Ben Affleck was seen house hunting with Lindsay Shookus in Los Angeles.,gemini/prompt2,1.0
Ben Affleck spotted house hunting with Lindsay Shookus in Los Angeles,Ben Affleck foi visto procurando imóveis com Lindsay Shookus em Los Angeles.,Ben Affleck was seen house hunting with Lindsay Shookus in Los Angeles.,gemma3/prompt1,1.0
Ben Affleck spotted house hunting with Lindsay Shookus in Los Angeles,Ben Affleck foi visto procurando imóveis com Lindsay Shookus em Los Angeles.,Ben Affleck was seen house hunting with Lindsay Shookus in Los Angeles.,gemma3/prompt2,1.0
Ben Affleck spotted house hunting with Lindsay Shookus in Los Angeles,Ben Affleck foi visto procurando casa com Lindsay Shookus em Los Angeles.,Ben Affleck was seen house hunting with Lindsay Shookus in Los Angeles.,gpt/prompt1,1.0
Ben Affleck spotted house hunting with Lindsay Shookus in Los Angeles,Ben Affleck é visto procurando casas com Lindsay Shookus em Los Angeles.,Ben Affleck is seen house hunting with Lindsay Shookus in Los Angeles.,llama/prompt1,1.0
Ben Affleck spotted house hunting with Lindsay Shookus in Los Angeles,Ben Affleck foi visto caçando casas com Lindsay Shookus em Los Angeles.,Ben Affleck was seen house hunting with Lindsay Shookus in Los Angeles.,mistral/prompt1,1.0
Ben Affleck spotted house hunting with Lindsay Shookus in Los Angeles,Ben Affleck avistado procurando casa com Lindsay Shookus em Los Angeles,Ben Affleck spotted looking for a house with Lindsay Shookus in Los Angeles,qwen/prompt1,1.0
Rising Star Dem Harris Raises Funds for Fellow Lawmakers,"""Sobreviventes das eleições americanas""?","""Survivors of the U.S. election""?",meta/,0.297203332185745
Rising Star Dem Harris Raises Funds for Fellow Lawmakers,"""Asteca em Ascensão Dem Harris Recolhe Fundos para Senhores Lideranças Legislativas""","""Ascending Aztec Dem Harris Raising Funds for Legislative Leaders""",llama/prompt1,0.6586483716964721
Rising Star Dem Harris Raises Funds for Fellow Lawmakers,"A Estrela Ascendente Dem Harris Impulsiona o Apoio Financeiro aos Colegas Parlamentares.
","Dem Harris, a Rising Star, Fuels the Financial Firepower for Fellow Parliamentarians.",gemini/prompt3,0.8079361319541931
Rising Star Dem Harris Raises Funds for Fellow Lawmakers,Ascensão Estelar de Dem Harris Impulsiona Apoio a Colegas Legisladores.,Dem Harris's Stellar Ascent Fuels Momentum for Fellow Lawmakers.,gemma3/prompt3,0.8287770748138421
Rising Star Dem Harris Raises Funds for Fellow Lawmakers,Estrela em Ascensão de Dem Harris Arrecada Fundos para Compatriotas Parlamentares,'Rising Star of Dem Harris Secures Funding for Fellow Countrymen in Politics',qwen/prompt3,0.8495573997497551
Rising Star Dem Harris Raises Funds for Fellow Lawmakers,Estrela Ascendente Harris Reúne Fundos para Colaboradores Legislativos,"""Ascendant Star Harris Raises Funds for Legislative Allies""",mistral/prompt4,0.8764289617538451
Rising Star Dem Harris Raises Funds for Fellow Lawmakers,"Dem Harris brilha como uma Estrela Ascendente, levantando fundos para seus colegas deputados.","""Dem Harris brilha como uma Estrela Ascendente, levantando fundos para seus colegas deputados"" pode ser traduzido para ""Dem Harris shines like a Rising Star, raising funds for her fellow representatives"".",llama/prompt3,0.88207334280014
Rising Star Dem Harris Raises Funds for Fellow Lawmakers,Estrela em Ascensão: Dem Harris Arrecada Fundos para Compatriotas Legisladores.,"""Rising Star: Dem Harris Fundraises for Compatriot Lawmakers.""",mistral/prompt3,0.8888117074966431
Rising Star Dem Harris Raises Funds for Fellow Lawmakers,Estrela em Ascensão Dem Harris Arrecada Fundos para Aliados de Direitoiges,Rising Star Dem Harris Raises Funds for Legal Allies,qwen/prompt4,0.8974202871322631
Rising Star Dem Harris Raises Funds for Fellow Lawmakers,"O Astronauta Em Ascensão, Dem Harris, Reúne Fundos para Seus Colegas Parlamentares.","The Rising Astronaut, Dem Harris, Raising Funds for His Colleagues in Parliament",llama/prompt2,0.898957908153533
Rising Star Dem Harris Raises Funds for Fellow Lawmakers,Estrela Ascendente Dem Harris Levanta Fundos para Colegas Legisladores.,Rising Star Dem Harris Lends a Hand to Fellow Lawmakers.,gemma3/prompt4,0.903771519660949
Rising Star Dem Harris Raises Funds for Fellow Lawmakers,Estrela em Ascensão Dem Harris Angaria Recursos para Colegas Parlamentares,"""Rising Star Dem Harris Gathers Resources for Fellow Lawmakers""",gpt/prompt3,0.9139866232872
Rising Star Dem Harris Raises Funds for Fellow Lawmakers,"Estrela em Ascensão Dem Harris Estende a Mão aos Colegas Parlamentares.
",Rising Star Dem Harris Reaches Out to Fellow Parliamentarians.,gemini/prompt4,0.940395593643188
Rising Star Dem Harris Raises Funds for Fellow Lawmakers,A Estrela Emergente Dem Harris Levanta Fundos para Colegas Legisladores.,"""The Rising Star of Dem Harris Raises Funds for Fellow Legislators.""",gpt/prompt2,0.9521155953407281
Rising Star Dem Harris Raises Funds for Fellow Lawmakers,O Rising Star Dem Harris arrecada fundos para colegas de lei,Rising Star Dem Harris is raising funds for lawmakers,marian/,0.9592475295066831
Rising Star Dem Harris Raises Funds for Fellow Lawmakers,"Estrela em Ascensão Dem Harris Arrecada Fundos para Colegas Parlamentares
",Rising Star Dem Harris Raises Funds for Fellow Lawmakers,gemini/prompt1,0.9693710803985591
Rising Star Dem Harris Raises Funds for Fellow Lawmakers,Estrela em Ascensão Dem Harris Arrecada Fundos para Aliados Parlamentares,Rising Star Dem Harris Raises Funds for Parliamentary Allies,qwen/prompt1,0.9755219221115111
Rising Star Dem Harris Raises Funds for Fellow Lawmakers,"Estrela em Ascensão, Dem Harris Arrecada Fundos para Colegas Legisladores","Rising Star, Rep. Harris Raises Funds for Colleagues",mistral/prompt2,0.9765603542327881
Rising Star Dem Harris Raises Funds for Fellow Lawmakers,Dem Harris se destaca como um estrela em ascensão e arrecada fundos para seus colegas parlamentares.,Dem Harris stands out as a rising star and raises funds for his fellow lawmakers.,llama/prompt4,0.9767236709594721
Rising Star Dem Harris Raises Funds for Fellow Lawmakers,A Estrela em Ascensão Dem Harris Levanta Fundos para Colegas Legisladores,The Rising Star Dem Harris Raises Funds for Fellow Legislators,gpt/prompt4,0.9849470853805541
Rising Star Dem Harris Raises Funds for Fellow Lawmakers,Estrela em Ascensão Dem Harris Arrecada Fundos para Colegas de Parlamento,Rising Star Dem Harris Raises Funds for Colleagues in Parliament,qwen/prompt2,0.99000334739685
Rising Star Dem Harris Raises Funds for Fellow Lawmakers,A estrela em ascensão Dem Harris arrecada fundos para outros legisladores.,Rising star Dem Harris is fundraising for other legislators.,gemma3/prompt2,0.9917110204696651
Rising Star Dem Harris Raises Funds for Fellow Lawmakers,"""A Estrela em Ascensão, a Dem Harris, Levanta Fundos para Colegas Legisladores.""","""The Rising Star, Dem Harris, Raises Funds for Fellow Legislators.""",gpt/prompt1,0.992500185966491
Rising Star Dem Harris Raises Funds for Fellow Lawmakers,"Estrela em ascensão Dem Harris arrecada fundos para colegas legisladores.
","Rising star Dem Harris raises funds for fellow lawmakers.
",gemini/prompt2,1.0
Rising Star Dem Harris Raises Funds for Fellow Lawmakers,Estrela em ascensão Dem Harris arrecada fundos para colegas legisladores.,Rising star Dem Harris raises money for fellow lawmakers.,gemma3/prompt1,1.0
Rising Star Dem Harris Raises Funds for Fellow Lawmakers,"Dem Harris, estrela em ascensão, arrecada fundos para colegas legisladores",Rising star Dem Harris raises funds for fellow lawmakers,gemmaX/,1.0
Rising Star Dem Harris Raises Funds for Fellow Lawmakers,Estrela em ascensão Harris arrecada fundos para colegas parlamentares,Rising star Harris raises funds for fellow lawmakers,mistral/prompt1,1.0
Broncos' Brock Osweiler would be replacing Trevor Siemian as the starter,Broncos' Brock Osweiler Would Be Replacing Trevor Siemian as the Starter.,"""Broncos"" Brock Osweiler Would Be Replacing Trevor Siemian as the Starter.' é uma tradução literalmente fiel ao texto original. Portanto, a tradução também é literal: ""Broncos"" Brock Osweiler Would Be Replacing Trevor Siemian as the Starter.'",mistral/prompt4,0.689790368080139
Broncos' Brock Osweiler would be replacing Trevor Siemian as the starter,O Brock Osweiler deslocaria Trevor Siemian da posição central.,Brock Osweiler would dislodge Trevor Siemian from center stage.,llama/prompt3,0.7289018630981441
Broncos' Brock Osweiler would be replacing Trevor Siemian as the starter,"Brock Osweiler assumiria o posto de titular, relegando Trevor Siemian ao banco.","Brock Osweiler would ascend to the throne, casting Trevor Siemian to the shadows.",gemma3/prompt3,0.790035128593444
Broncos' Brock Osweiler would be replacing Trevor Siemian as the starter,Brock Osweiler de Broncos substituiria Trevor Siemian como o iniciador,Brock Osweiler from Broncos would replace Trevor Sihemian as the initiator,marian/,0.8069495558738701
Broncos' Brock Osweiler would be replacing Trevor Siemian as the starter,"Brock Osweiler assume a camisa 1 no lugar de Trevor Siemian.
",Brock Osweiler steps in to fill Siemian's shoes.,gemini/prompt4,0.831081092357635
Broncos' Brock Osweiler would be replacing Trevor Siemian as the starter,"Brock Osweiler herdaria o posto de titular de Trevor Siemian.
",Brock Osweiler would ascend to the throne previously occupied by Trevor Siemian.,gemma3/prompt4,0.860552787780761
Broncos' Brock Osweiler would be replacing Trevor Siemian as the starter,Brock Osweiler substituiria Trevor Siemian como o titular na cadeira.,Brock Osweiler would supplant Trevor Siemian in the driver's seat.,llama/prompt4,0.863130509853363
Broncos' Brock Osweiler would be replacing Trevor Siemian as the starter,"O QB dos Broncos, Brock Osweiler, estaria substituindo Trevor Siemian como titular.","""Brock Osweiler is slotting in as the Broncos' starting QB for Trevor Siemian.""",mistral/prompt3,0.884487628936767
Broncos' Brock Osweiler would be replacing Trevor Siemian as the starter,"Brock Osweiler assume a batuta no lugar de Trevor Siemian.
",Brock Osweiler takes the reins from Trevor Siemian.,gemini/prompt3,0.902928709983825
Broncos' Brock Osweiler would be replacing Trevor Siemian as the starter,O Brock Osweiler dos Broncos assumiria o lugar do Trevor Siemian como o protagonista.,"""The Brock Osweiler of the Broncos would take the place of Trevor Siemian as the leading man.""",gpt/prompt3,0.924270868301391
Broncos' Brock Osweiler would be replacing Trevor Siemian as the starter,Brock Osweiler substituiria Trevor Siemian no time de starters.,Brock Osweiler would take Trevor Siemian's place on the starting lineup.,qwen/prompt4,0.9311420917510981
Broncos' Brock Osweiler would be replacing Trevor Siemian as the starter,Broncos terão Brock Osweiler como titular em lugar de Trevor Siemian,The broncos will have Brock Osweiler as the starting quarterback in the place of Trevor Siemian.,qwen/prompt3,0.937407732009887
Broncos' Brock Osweiler would be replacing Trevor Siemian as the starter,Broncos substituiriam Brock Osweiler como titular em vez de Trevor Siemian,The Broncos would start Brock Osweiler instead of Trevor Siemian.,qwen/prompt1,0.96280413866043
Broncos' Brock Osweiler would be replacing Trevor Siemian as the starter,O Brock Osweiler dos Broncos estaria assumindo o lugar do Trevor Siemian como titular.,The Brock Osweiler of the Broncos would be taking over the spot from Trevor Siemian as the starter.,gpt/prompt4,0.9707200527191161
Broncos' Brock Osweiler would be replacing Trevor Siemian as the starter,'Broncos' Brock Osweiler substituiria Trevor Siemian como titular.,"""Broncos' Brock Osweiler would replace Trevor Siemian as the starter.""",gpt/prompt2,0.981222629547119
Broncos' Brock Osweiler would be replacing Trevor Siemian as the starter,Brock Osweiler dos Broncos vai substituir Trevor Siemian como titular.,Brock Osweiler of the Broncos is replacing Trevor Siemian as a starter.,meta/,0.9848102927207941
Broncos' Brock Osweiler would be replacing Trevor Siemian as the starter,Os Broncos estão substituindo Trevor Siemian por Brock Osweiler como titular.,The Broncos are replacing Trevor Siemian with Brock Osweiler as the starter.,mistral/prompt1,0.9858019351959221
Broncos' Brock Osweiler would be replacing Trevor Siemian as the starter,'Os Broncos' Brock Osweiler estaria substituindo Trevor Siemian como titular.,"""Brock Osweiler of the Broncos would be replacing Trevor Siemian as the starter.""",gpt/prompt1,0.9883339405059811
Broncos' Brock Osweiler would be replacing Trevor Siemian as the starter,Brock Osweiler dos Broncos estaria substituindo Trevor Siemian como titular.,"""Brock Osweiler of the Broncos would be replacing Trevor Siemian as starter.""",llama/prompt1,0.9903018474578851
Broncos' Brock Osweiler would be replacing Trevor Siemian as the starter,Broncos teriam Brock Osweiler como starter替代 Trevor Siemian,The Broncos would have Brock Osweiler as the starter instead of Trevor Siemian,qwen/prompt2,0.998512148857116
Broncos' Brock Osweiler would be replacing Trevor Siemian as the starter,"Brock Osweiler, do Broncos, substituiria Trevor Siemian como titular.
","Brock Osweiler, of the Broncos, would replace Trevor Siemian as the starter.",gemini/prompt1,1.0
Broncos' Brock Osweiler would be replacing Trevor Siemian as the starter,"Brock Osweiler, dos Broncos, substituiria Trevor Siemian como titular.","Brock Osweiler, of the Broncos, would replace Trevor Siemian as the starter.",gemini/prompt2,1.0
Broncos' Brock Osweiler would be replacing Trevor Siemian as the starter,Brock Osweiler dos Broncos substituiria Trevor Siemian como titular.,Brock Osweiler of the Broncos would replace Trevor Siemian as the starter.,gemma3/prompt1,1.0
Broncos' Brock Osweiler would be replacing Trevor Siemian as the starter,Brock Osweiler dos Broncos substituiria Trevor Siemian como titular.,Brock Osweiler of the Broncos would replace Trevor Siemian as the starter.,gemma3/prompt2,1.0
Broncos' Brock Osweiler would be replacing Trevor Siemian as the starter,Brock Osweiler dos Broncos substituiria Trevor Siemian como titular,Broncos' Brock Osweiler would replace Trevor Siemian as starter,gemmaX/,1.0
Broncos' Brock Osweiler would be replacing Trevor Siemian as the starter,"""O Brock Osweiler substituiria o Trevor Siemian como titular.""","""Brock Osweiler would replace Trevor Siemian as starter.""",llama/prompt2,1.0
Broncos' Brock Osweiler would be replacing Trevor Siemian as the starter,'Broncos' Brock Osweiler substituiria Trevor Siemian como titular.,Brock Osweiler would replace Trevor Siemian as starter.,mistral/prompt2,1.0
"Poynter, Facebook’s Arbiter of ‘Fake News,’ Sees Jewish Conspiracy to Purge H.R. McMaster","Poynter, Facebook’s Arbitradora de ‘Falso Notícias’, Verifica Jornalista Judia Conspiratória para Descarregar H.R. McMaster","Poynter, Facebook’s Arbitradora de ‘Falsa Notícia’, Verifica Journalista Judeu da Teoria da Conspiração para Desmontar H.R. McMaster",qwen/prompt4,0.5551630854606621
"Poynter, Facebook’s Arbiter of ‘Fake News,’ Sees Jewish Conspiracy to Purge H.R. McMaster","Poynter,仲裁者法.basename_or_name的“假新闻”，认为有犹太人阴谋清除H.R.麦克马斯特","Poynter, the arbiter of ""fake news,"" accuses those who claim there is a Jewish conspiracy to remove H.R. McMaster.",qwen/prompt2,0.621789574623107
"Poynter, Facebook’s Arbiter of ‘Fake News,’ Sees Jewish Conspiracy to Purge H.R. McMaster","Poynter, o árbitro do ""Fake News"" do Facebook, ver conspiração judaica para matar H.R. McMaster","Poynter, the referee of Facebook's ""Fake News"", saw Jewish plot to kill H. R. McMaster as a major source of",meta/,0.6905722618103021
"Poynter, Facebook’s Arbiter of ‘Fake News,’ Sees Jewish Conspiracy to Purge H.R. McMaster","O Poynter, o árbitro do Facebook em ""fake news"", vê uma conspiração judaica para purgar o H.R. McMaster, o ""general de frente"", como um touro no ringue, que está sendo preparado para ser sacrificado ao touro ""neofascista"" da Casa Branca.","The Poynter, Facebook's referee for ""fake news"", sees a Jewish conspiracy to purge HR McMaster, the ""front-line"" general, as a bull being readied for the slaughter, to be sacrificed to the neofascist bull in the White House ring.",llama/prompt4,0.720197200775146
"Poynter, Facebook’s Arbiter of ‘Fake News,’ Sees Jewish Conspiracy to Purge H.R. McMaster","O Poynter, o Juiz do Facebook em Matéria de ""Notícias Falsas"", Enxerga Uma Conspiração Judaica para Depurar H.R. McMaster.
","The Poynter Institute, Facebook's ""Fake News"" Referee, Sees a Jewish Cabal Orchestrating the Purging of H.R. McMaster.",gemini/prompt3,0.8686998486518861
"Poynter, Facebook’s Arbiter of ‘Fake News,’ Sees Jewish Conspiracy to Purge H.R. McMaster","'Refent Poynter, o Arbiter de ‘Falsa Informação’ do Facebook, Vê Conspiração Judeu para Expurgar H.R. McMaster'

Tradução:","""Refent Poynter, Arbitrator of ‘Fake News’ on Facebook, Sees Jewish Conspiracy to Purge H.R. McMaster""",mistral/prompt4,0.9175855517387391
"Poynter, Facebook’s Arbiter of ‘Fake News,’ Sees Jewish Conspiracy to Purge H.R. McMaster","Poynter, Árbitro de ‘Fakenews’ do Facebook, Vê Conspiração Judia para Purgar H.R. McMaster","Poynter, Facebook’s Fact-Checker, Sees Jewish Conspiracy to Purge H.R. McMaster",qwen/prompt1,0.921244263648986
"Poynter, Facebook’s Arbiter of ‘Fake News,’ Sees Jewish Conspiracy to Purge H.R. McMaster","Poynter, o porteiro da ""falsa notícia"" do Facebook, vê uma conspiração judaica para purgar o secretário de Defesa H.R. McMaster.","Poynter, the gatekeeper of ""fake news"" at Facebook, sees a Jewish conspiracy to oust Defense Secretary H.R. McMaster.",llama/prompt3,0.9245797395706171
"Poynter, Facebook’s Arbiter of ‘Fake News,’ Sees Jewish Conspiracy to Purge H.R. McMaster","Poynter, Árbitro de Notícias Falsas do Facebook, Enxerga Conspiração Judia para Purgar H.R. McMaster","""Poynter, the False News Referee of Facebook, Sees a Jewish Conspiracy to Purge H.R. McMaster""",qwen/prompt3,0.9337004423141481
"Poynter, Facebook’s Arbiter of ‘Fake News,’ Sees Jewish Conspiracy to Purge H.R. McMaster","Poynter, o árbitro do “notícias falsas” do Facebook, vislumbra conspiração judaica para afastar H.R. McMaster.","Poynter, the Facebook “fake news” referee, sees a Jewish plot to sideline H.R. McMaster.",gemma3/prompt4,0.9390712380409241
"Poynter, Facebook’s Arbiter of ‘Fake News,’ Sees Jewish Conspiracy to Purge H.R. McMaster","Poynter, o Árbitro do 'Fake News' do Facebook, Enxerga uma Conspiração Judaica para Expelir H.R. McMaster.","Poynter, the Arbiter of Facebook's 'Fake News', Sees a Jewish Conspiracy to Expel H.R. McMaster.",gpt/prompt4,0.9436339139938351
"Poynter, Facebook’s Arbiter of ‘Fake News,’ Sees Jewish Conspiracy to Purge H.R. McMaster","O árbitro do Facebook sobre 'Notícias Falsas', Poynter, vislumbra uma conspiração judaica para expurgar H.R. McMaster.
","Facebook's ""Fake News"" referee, Poynter, spies a Jewish plot to purge H.R. McMaster.",gemini/prompt4,0.9465565681457521
"Poynter, Facebook’s Arbiter of ‘Fake News,’ Sees Jewish Conspiracy to Purge H.R. McMaster","Poynter, o árbitro do ""notícias falsas"" do Facebook, vislumbra conspiração judaica para varrer H.R. McMaster.","Poynter, the arbiter of Facebook’s “fake news,” sees a Jewish conspiracy to oust H.R. McMaster.",gemma3/prompt3,0.954433143138885
"Poynter, Facebook’s Arbiter of ‘Fake News,’ Sees Jewish Conspiracy to Purge H.R. McMaster","Poynter, o Árbitro de 'Notícias Falsas' do Facebook, Vê Conspiração Judaica para Eliminar H.R. McMaster
","Poynter, Facebook's ""Fake News"" Referee, Sees Jewish Conspiracy to Eliminate H.R. McMaster
",gemini/prompt2,0.961596965789794
"Poynter, Facebook’s Arbiter of ‘Fake News,’ Sees Jewish Conspiracy to Purge H.R. McMaster","""Poynter, árbitro de 'fake news' da Facebook, vê conspiração judaica para purificar H.R. McMaster""","""Poynter, referee of 'fake news' on Facebook, sees Jewish conspiracy to purify H.R. McMaster""",mistral/prompt2,0.9637478590011591
"Poynter, Facebook’s Arbiter of ‘Fake News,’ Sees Jewish Conspiracy to Purge H.R. McMaster","Poynter, o árbitro do ""fake news"" do Facebook, vê uma conspiração judaica para purgar H.R. McMaster.","""Poynter, the referee of Facebook's 'fake news,' sees a Jewish conspiracy to purge H.R. McMaster.""",gpt/prompt3,0.9669890999794001
"Poynter, Facebook’s Arbiter of ‘Fake News,’ Sees Jewish Conspiracy to Purge H.R. McMaster","Poynter, Facebook, Arbiter da ‘Fake News,' vê conspiração judaica para purgar H.R. McMaster","Poynter, Facebook, Arbiter of ‘Fake News,' sees Jewish conspiracy to purge H.R. McMaster",marian/,0.968030095100402
"Poynter, Facebook’s Arbiter of ‘Fake News,’ Sees Jewish Conspiracy to Purge H.R. McMaster","""Poynter, o juiz de Facebook do 'Fake News', prevê que uma conspiração judaica está tentando erradicar H.R. McMaster""","""Poynter, Facebook's 'Fake News' judge, foresees a Jewish conspiracy aiming to eradicate H.R. McMaster""",mistral/prompt3,0.970061421394348
"Poynter, Facebook’s Arbiter of ‘Fake News,’ Sees Jewish Conspiracy to Purge H.R. McMaster","Poynter, o ""Juiz"" do Facebook para notícias falsas, vê uma conspiração judaica para purgar H.R. McMaster.","Poynter, Facebook's ""judge"" for fake news, sees a Jewish conspiracy to oust H.R. McMaster.",llama/prompt2,0.9739389419555661
"Poynter, Facebook’s Arbiter of ‘Fake News,’ Sees Jewish Conspiracy to Purge H.R. McMaster","Poynter, o árbitro do 'notícias falsas' do Facebook, vê uma conspiração judaica para depor H.R. McMaster.","""Poynter, the 'fake news' referee for Facebook, sees a Jewish conspiracy to depose H.R. McMaster.""",gpt/prompt2,0.974145412445068
"Poynter, Facebook’s Arbiter of ‘Fake News,’ Sees Jewish Conspiracy to Purge H.R. McMaster","Poynter, o árbitro do 'fake news' do Facebook, vê uma conspiração judaica para purgar H.R. McMaster.","""Poynter, the 'fake news' referee of Facebook, sees a Jewish conspiracy to purge H.R. McMaster.""",gpt/prompt1,0.9780169725418091
"Poynter, Facebook’s Arbiter of ‘Fake News,’ Sees Jewish Conspiracy to Purge H.R. McMaster","Poynter, o Juiz do Facebook de 'Fake News', Vê Conspiração Judaica para Remover H.R. McMaster","Poynter, the Facebook ‘Fake News’ Judge, Sees Jewish Conspiracy to Remove H.R. McMaster",mistral/prompt1,0.978855550289154
"Poynter, Facebook’s Arbiter of ‘Fake News,’ Sees Jewish Conspiracy to Purge H.R. McMaster","Poynter, o ""juiz"" da ""falsa notícia"" do Facebook, vê uma conspiração judaica para expulsar H. R. McMaster.","Poynter, the ""judge"" of Facebook's ""fake news"", sees a Jewish conspiracy to oust H.R. McMaster.",llama/prompt1,0.9821345210075371
"Poynter, Facebook’s Arbiter of ‘Fake News,’ Sees Jewish Conspiracy to Purge H.R. McMaster","Poynter, o árbitro do Facebook sobre ""notícias falsas"", vê uma conspiração judaica para expulsar H.R. McMaster","Poynter, Facebook's arbiter of ""fake news,"" sees a Jewish conspiracy to oust H.R. McMaster",gemmaX/,0.9878162145614621
"Poynter, Facebook’s Arbiter of ‘Fake News,’ Sees Jewish Conspiracy to Purge H.R. McMaster","Poynter, o Árbitro de ""Notícias Falsas"" do Facebook, Vê Conspiração Judaica para Purgar H.R. McMaster
","Poynter, Facebook's ""Fake News"" Arbiter, Sees Jewish Conspiracy to Purge H.R. McMaster.",gemini/prompt1,0.9916766881942741
"Poynter, Facebook’s Arbiter of ‘Fake News,’ Sees Jewish Conspiracy to Purge H.R. McMaster","Poynter, o árbitro do Facebook sobre ""notícias falsas"", vê uma conspiração judaica para purgar H.R. McMaster.","Poynter, the Facebook arbiter on ""fake news,"" sees a Jewish conspiracy to purge H.R. McMaster.",gemma3/prompt1,1.0
"Poynter, Facebook’s Arbiter of ‘Fake News,’ Sees Jewish Conspiracy to Purge H.R. McMaster","Poynter, o árbitro do Facebook sobre ‘notícias falsas’, vê conspiração judaica para purgar H.R. McMaster.
","Poynter, the Facebook arbiter on “fake news,” sees a Jewish conspiracy to purge H.R. McMaster.",gemma3/prompt2,1.0
Has NASA Lost Its Way? | 1993 Washington Post Article by Peter Carlson,"**A NASA Perdeu o Rumo?**

O futuro da NASA, outrora brilhante, parece agora nublado. A agência espacial, que já foi a queridinha da nação, está cambaleando sob o peso da burocracia, da política e de um público que parece ter perdido o brilho pelo espaço. A faísca da inspiração, que um dia lançou os foguetes em direção às estrelas, agora parece mais um brasido em brasa, lutando para se manter vivo.

A NASA está enfrentando uma crise de identidade. Depois do triunfo da Lua, a agência se viu presa em um ciclo de promessas não cumpridas e projetos subfinanciados. O ônibus espacial, outrora anunciado como o futuro do voo espacial, provou ser um pesadelo caro e perigoso. A Estação Espacial Freedom, um projeto ambicioso de colaboração internacional, definha no papel, consumida por disputas políticas e orçamentos esqueléticos.

A moral entre os trabalhadores da NASA está baixa. Engenheiros e cientistas, que uma vez foram impulsionados por uma visão audaciosa, agora se sentem frustrados pela falta de apoio e pela constante interferência política. Eles sentem que a burocracia está sufocando a criatividade e que a agência está mais preocupada em agradar aos políticos do que em explorar o espaço.

A questão que paira sobre tudo isso é: a NASA pode se recuperar? Pode ela recuperar seu brilho, sua ousadia e sua capacidade de inspirar? A resposta, como sempre, reside nas estrelas. Mas, para chegar lá, a NASA precisará de um novo rumo, uma nova visão e a coragem de abraçar o futuro.
","**Has NASA Lost Its Spark?**

NASA's future, once a beacon, now seems clouded. The space agency, once the nation's darling, is staggering under the weight of bureaucracy, politics, and a public seemingly jaded with space exploration. The spark of inspiration, which once launched rockets towards the stars, now feels more like a dying ember, struggling to stay alight.

NASA is facing an identity crisis. After the triumph of the Moon landing, the agency found itself caught in a cycle of broken promises and underfunded projects. The Space Shuttle, once heralded as the future of spaceflight, proved to be an expensive and dangerous nightmare. The International Space Station Freedom, an ambitious international collaboration, languishes on paper, consumed by political infighting and skeletal budgets.

Morale among NASA's workforce is low. Engineers and scientists, once driven by a bold vision, now feel frustrated by a lack of support and constant political interference. They feel that bureaucracy is stifling creativity and that the agency is more concerned with appeasing politicians than exploring space.

The question hanging over all this is: can NASA recover? Can it reclaim its brilliance, its boldness, and its ability to inspire? The answer, as always, lies in the stars. But to get there, NASA will need a new direction, a new vision, and the courage to embrace the future.",gemini/prompt4,0.176626563072204
Has NASA Lost Its Way? | 1993 Washington Post Article by Peter Carlson,"""Uma NASA perdida de seu caminho?""

""O voo de uma nação no espaço foi reduzido a um labirinto de contradições. O astrofísico Carl Sagan uma vez descreveu o universo como um tecido complexo. 'Nós, os seres humanos, somos parte desse tecido', ele disse. Mas a agência espacial americana, que se orgulha de ser uma das principais forças na exploração do cosmos, não parece mais uma teia de Ariadne que guia a nação para o futuro, mas sim um fiapos desfeitos e perdidos no labirinto do tempo.""

""Desde o apagão da Challenger em 1986, a NASA perdeu seu rumo. O foguete que levava a astronauta Christa McAuliffe ao espaço explodiu em chamas, matando todos a bordo.","""A NASA Desperada de Seu Caminho?""

""A navegação de uma nação no espaço foi reduzida a um labirinto de contradições. O astrofísico Carl Sagan uma vez descreveu o universo como um tecido complexo. 'Nós, os seres humanos, somos parte desse tecido', ele disse. Mas a agência espacial americana, que se orgulha de ser uma das principais forças na exploração do cosmos, não parece mais uma corda de Ariadne que guia a nação para o futuro, mas sim um fio desfeito e perdido no labirinto do tempo.""

""Desde o apagão da Challenger em 1986, a NASA perdeu seu rumo. O foguete que levava a astronauta Christa McAuliffe ao espaço explodiu em chamas, matando todos a bordo.'",llama/prompt3,0.321850806474685
Has NASA Lost Its Way? | 1993 Washington Post Article by Peter Carlson,"**A NASA Perdeu o Rumo?** (com base no artigo de Peter Carlson, Washington Post, 1993)
",Has NASA Lost Its Mojo?,gemini/prompt3,0.444310635328292
Has NASA Lost Its Way? | 1993 Washington Post Article by Peter Carlson,"## A NASA Perdeu o Norte? | Artigo de 1993 do Washington Post por Peter Carlson

A NASA, outrora farol de inovação e audácia, parece agora arrastar os pés em um breu de burocracia e decisões hesitantes. Lembra a história de Ícaro, voando perto demais do sol, mas em vez de cair por ambição, ela escorrega por inércia.

No auge da Guerra Fria, a agência espacial americana era o canhão de progresso, detonando descobertas a cada lançamento. Era um carro esportivo, cortando a atmosfera com a promessa de explorar novos mundos. Agora, parece um fusca enferrujado, lutando para subir uma ladeira.

O orçamento, outrora um rio caudaloso, minguou até virar um riacho seco. Os projetos, antes ousados como missões a Marte, foram reduz","## A NASA Desorientada? | Artigo de 1993 do Washington Post por Peter Carlson

A NASA, outrora um guia de esperança e ousadia, parece agora se arrastar na penumbra da burocracia e de decisões hesitantes. Remete à história de Ícaro, voando perto demais do sol, mas em vez de cair por ambição, ela escorrega por inércia.

No auge da Guerra Fria, a agência espacial americana era o motor do progresso, explodindo descobertas a cada lançamento. Era um carro esportivo, rasgando a atmosfera com a promessa de explorar novos mundos. Agora, parece um Fusca enferrujado, lutando para subir uma ladeira.

O orçamento, outrora um rio caudaloso, minguou até virar um riacho seco. Os projetos, antes audaciosos como missões a Marte, foram reduzidos",gemma3/prompt4,0.502270877361297
Has NASA Lost Its Way? | 1993 Washington Post Article by Peter Carlson,"**A NASA Desviou-se do Caminho? | Artigo de 1993 do Washington Post por Peter Carlson**

A NASA, outrora um foguete rasgando a noite, impulsionada pela promessa de um futuro de estrelas, parece agora vagar como uma nave à deriva, o mapa cósmico perdido sob uma nuvem de burocracia e hesitação. Onde outrora havia uma corrida audaciosa para a lua, hoje reside uma dança cautelosa em torno de orçamentos e projetos sisudos, a aventura dando lugar a uma rotina previsível.

A agência, que antes inspirava admiração e um desejo universal de alcançar o desconhecido, agora enfrenta o eco de dúvidas: Será que a NASA, como uma estrela cadente ofuscada pela atmosfera terrestre, perdeu a altitude? Será que a chama da exploração, outrora tão intensa, se tornou","Has NASA Strayed From Its Course? | 1993 Washington Post Article by Peter Carlson

Once a rocket tearing through the night, propelled by the promise of a starry future, NASA now seems to drift like a lost vessel, the cosmic map obscured by a cloud of bureaucracy and hesitation. Where once there was a bold race to the moon, there now resides a cautious dance around budgets and pragmatic projects, adventure yielding to a predictable routine.

The agency, which once inspired awe and a universal yearning to reach the unknown, now faces the echo of doubts: Has NASA, like a shooting star dimmed by Earth's atmosphere, lost its altitude? Has the flame of exploration, once so fierce, become...",gemma3/prompt3,0.6743972301483151
Has NASA Lost Its Way? | 1993 Washington Post Article by Peter Carlson,"""Tem a NASA Perdido sua Rota? | Artigo de 1993 do The Washington Post por Peter Carlson

Traduzido pela tecnologia de tradução, mas ajustado para manter o equilíbrio das metáforas.

""Foi uma época em que o espaço sideral era como um grande oceano deslumbrante - vasto, inexplorado e cheio de mistérios, repleto de sonhos de conquistas e aventureiros desbravadores, como John Glenn, que navegou nos mares inexplorados do cosmo e voltou cheio de glória. Agora, a NASA é como um navio encalhado em uma praia esquecida, o motor enferrujado e as velas inutilmente balançando no vento sem direção, com sua tripulação desorientada e carente de motivação. O son","""Foi uma época em que o espaço sideral era como um grande oceano deslumbrante - vasto, inexplorado e cheio de mistérios, repleto de sonhos de conquistas e aventureiros desbravadores, como John Glenn, que navegou nos mares inexplorados do cosmo e voltou cheio de glória. Agora, a NASA é como um navio encalhado em uma praia esquecida, o motor enferrujado e as velas inutilmente balançando no vento sem direção, com sua tripulação desorientada e carente de motivação.""",llama/prompt4,0.6944173574447631
Has NASA Lost Its Way? | 1993 Washington Post Article by Peter Carlson,"O artigo 'Has NASA Lost Its Way?' | 1993 Washington Post Article by Peter Carlson, foi traduzido para o português como ""A NASA Se Perdeu?""","The article ""O artigo 'Has NASA Lost Its Way?' | 1993 Washington Post Article by Peter Carlson, foi traduzido para o português como ""A NASA Se Perdeu?"""".",mistral/prompt4,0.7290462255477901
Has NASA Lost Its Way? | 1993 Washington Post Article by Peter Carlson,"""Perdeu a NASA o seu caminho? | Artigo de 1993 do Washington Post de Peter Carlson""","""Lost the Space Way: A 1993 Washington Post Article by Peter Carlson""",llama/prompt1,0.7633395791053771
Has NASA Lost Its Way? | 1993 Washington Post Article by Peter Carlson,"""Has NASA Lost Its Way? | 1993 Washington Post Article by Peter Carlson"" traduzido para o português:

""Has NASA Lost Its Way?""","""NASA Perdeu o Caminho?""",mistral/prompt3,0.7821382284164421
Has NASA Lost Its Way? | 1993 Washington Post Article by Peter Carlson,A NASA perdeu seu caminho?,Has NASA lost its way?,gpt/prompt4,0.921871423721313
Has NASA Lost Its Way? | 1993 Washington Post Article by Peter Carlson,"A NASA perdeu o seu caminho?"" artigo de 1993 do Washington Post escrito por Peter Carlson","Did NASA lose its way?"" was the name of the 1993 Washington Post article by Peter Carlson.",meta/,0.9332754015922541
Has NASA Lost Its Way? | 1993 Washington Post Article by Peter Carlson,"""Perdeu-se o caminho, a NASA? Artigo de 1993 do Washington Post escrito por Peter Carlson.""","""Lost the way, NASA? Article by Peter Carlson in The Washington Post in 1993.""",llama/prompt2,0.9364817142486571
Has NASA Lost Its Way? | 1993 Washington Post Article by Peter Carlson,A NASA Perdeu Seu Caminho? | Artigo de 1993 do Washington Post por Peter Carlson,Did NASA Lose Its Way? | A 1993 Washington Post Article by Peter Carlson,qwen/prompt3,0.9399920701980591
Has NASA Lost Its Way? | 1993 Washington Post Article by Peter Carlson,A NASA Perdeu Seu Rumo? | Artigo de 1993 do Washington Post por Peter Carlson.,NASA Lost Its Way? | Washington Post 1993 Article by Peter Carlson.,mistral/prompt2,0.945242166519165
Has NASA Lost Its Way? | 1993 Washington Post Article by Peter Carlson,A NASA Perdeu Seu Caminho? | Artigo de 1993 do Washington Post por Peter Carlson,Did NASA Lose Its Way? | 1993 Washington Post Article by Peter Carlson,qwen/prompt4,0.9652774333953851
Has NASA Lost Its Way? | 1993 Washington Post Article by Peter Carlson,"A NASA Perdeu o Rumo? | Artigo de 1993 do Washington Post por Peter Carlson
",Did NASA Lose Its Way? | A 1993 Washington Post Article by Peter Carlson,gemini/prompt1,0.965974986553192
Has NASA Lost Its Way? | 1993 Washington Post Article by Peter Carlson,A NASA perdeu seu caminho? 1993 Washington Post Artigo por Peter Carlson,NASA Lost its Way? 1993 Washington Post Article by Peter Carlson,marian/,0.9697489738464351
Has NASA Lost Its Way? | 1993 Washington Post Article by Peter Carlson,A NASA perdeu seu caminho? | Artigo do Washington Post de 1993 por Peter Carlson,"""Has NASA lost its way? | Washington Post article from 1993 by Peter Carlson""",gpt/prompt1,0.972827136516571
Has NASA Lost Its Way? | 1993 Washington Post Article by Peter Carlson,"""NASA Perdeu Seu Caminho? | Artigo de 1993 do Washington Post por Peter Carlson""","""Did NASA Lose Its Way? | 1993 Washington Post Article by Peter Carlson""",qwen/prompt2,0.9732642769813531
Has NASA Lost Its Way? | 1993 Washington Post Article by Peter Carlson,A NASA Perdeu o Rumo? | Artigo de 1993 do Washington Post por Peter Carlson,Has NASA Lost Its Way? | 1993 Washington Post Article by Peter Carlson,gemma3/prompt1,0.976045489311218
Has NASA Lost Its Way? | 1993 Washington Post Article by Peter Carlson,A NASA Perdeu o Rumo? | Artigo de 1993 do Washington Post por Peter Carlson,Has NASA Lost Its Way? | 1993 Washington Post Article by Peter Carlson,gemma3/prompt2,0.976045489311218
Has NASA Lost Its Way? | 1993 Washington Post Article by Peter Carlson,A NASA Perdeu o Rumo? | Artigo de 1993 do Washington Post por Peter Carlson,Has NASA Lost Its Way? | A 1993 Washington Post Article by Peter Carlson,gemini/prompt2,0.9767882823944091
Has NASA Lost Its Way? | 1993 Washington Post Article by Peter Carlson,"""NASA Perdeu Seu Caminho?"" | Artigo de 1993 do Washington Post por Peter Carlson","""Did NASA Lose Its Way? | A 1993 Washington Post Article by Peter Carlson""",qwen/prompt1,0.9796609878540031
Has NASA Lost Its Way? | 1993 Washington Post Article by Peter Carlson,A NASA perdeu seu rumo? | Artigo do Washington Post de 1993 por Peter Carlson,"""Has NASA lost its way? | Washington Post article from 1993 by Peter Carlson""",gpt/prompt2,0.9807751178741451
Has NASA Lost Its Way? | 1993 Washington Post Article by Peter Carlson,A NASA perdeu seu rumo? | Artigo de 1993 do Washington Post por Peter Carlson,Did the NASA lose its way? | 1993 Washington Post article by Peter Carlson,mistral/prompt1,0.9824000597000121
Has NASA Lost Its Way? | 1993 Washington Post Article by Peter Carlson,A NASA Perdeu Seu Caminho? | Artigo do Washington Post de 1993 por Peter Carlson,"""Has NASA Lost Its Way? | Washington Post Article from 1993 by Peter Carlson""",gpt/prompt3,0.984873533248901
Has NASA Lost Its Way? | 1993 Washington Post Article by Peter Carlson,A NASA perdeu o rumo? | Artigo de 1993 da Washington Post por Peter Carlson,Has NASA lost its way? | 1993 Washington Post article by Peter Carlson,gemmaX/,1.0
"Immigrant youth rallied for DREAM Act in D.C., the streets—and outside Speaker Ryan's house","A juventude imigrante se ergueu em D.C., nas ruas—e à porta do líder Ryan, como um rio em busca de corrente.","""The immigrant youth rose in D.C., on the streets—and at Speaker Ryan’s door, a river seeking its course.""",gemma3/prompt3,0.49420505762100203
"Immigrant youth rallied for DREAM Act in D.C., the streets—and outside Speaker Ryan's house","A juventude imigrante fez vibrar a esperança do DREAM Act em D.C., nas ruas — e na porta da casa do Deputado Ryan.
","The immigrant youth drummed the DREAM Act's hope into the heart of D.C., the streets — and on Congressman Ryan's doorstep.",gemini/prompt4,0.7255289554595941
"Immigrant youth rallied for DREAM Act in D.C., the streets—and outside Speaker Ryan's house","A juventude imigrante, sonhando alto, tomou as ruas de D.C. e a casa do orador Ryan de assalto, clamando pelo DREAM Act.
","The immigrant youth, dreaming sky-high, stormed the streets of D.C. and Speaker Ryan's house, demanding the DREAM Act.",gemini/prompt3,0.8163201808929441
"Immigrant youth rallied for DREAM Act in D.C., the streets—and outside Speaker Ryan's house","Jovens imigrantes se uniram pela causa DREAM no Distrito de Columbia, nas ruas — e até fora da casa do Parlamentar Ryan.","Youth immigrants joined forces under the cause DREAM in Washington DC, on the streets — and even outside Representative Ryan's parliamentary residence.",qwen/prompt3,0.8739821314811701
"Immigrant youth rallied for DREAM Act in D.C., the streets—and outside Speaker Ryan's house","Jovens imigrantes se levantaram em defesa do DREAM Act em Washington, nas ruas—e à porta do lar do presidente da Câmara, Ryan.","Young immigrants took a stand for the DREAM Act in Washington, on the streets—and at the doorstep of the Speaker’s house, Ryan.",gemma3/prompt4,0.8879153132438661
"Immigrant youth rallied for DREAM Act in D.C., the streets—and outside Speaker Ryan's house","A juventude de imigrantes se reuniu em defesa da Lei do Sonho em D.C., nas ruas e em frente à residência do então presidente da Câmara, Ryan.","A youth of immigrants gathered in defense of the Dream Act in D.C., on the streets and in front of then Speaker of the House Ryan's residence.",llama/prompt3,0.8965812921524041
"Immigrant youth rallied for DREAM Act in D.C., the streets—and outside Speaker Ryan's house","Jovens Imigrantes Ressurgiram em defesa da lei DREAM Act nas ruas em Washington e na Casa do Presidente da Câmara, Ryan",Young immigrant voters have risen up to defend the DREAM Act in the streets of Washington and the home of Mayor Ryan.,meta/,0.910654723644256
"Immigrant youth rallied for DREAM Act in D.C., the streets—and outside Speaker Ryan's house","Jovens imigrantes se manifestaram pelo Ato dos Sonhos em Washington, nas ruas e na frente da casa do orador Ryan.","Young immigrants took to the streets in Washington for the Dream Act, both on the streets and in front of Representative Ryan's house.",mistral/prompt2,0.9197677969932551
"Immigrant youth rallied for DREAM Act in D.C., the streets—and outside Speaker Ryan's house","Jovens imigrantes se reuniram em apoio à DREAM Act em Washington, D.C., as ruas — e até fora da casa do Deputado Ryan.","Young immigrants gathered in support of the DREAM Act in Washington, D.C., the streets — and even outside Representative Ryan's door.",qwen/prompt4,0.9294967651367181
"Immigrant youth rallied for DREAM Act in D.C., the streets—and outside Speaker Ryan's house","""Jovens imigrantes se reuniram para defender o DREAM Act em Washington D.C., nas ruas e na frente da casa do orador Ryan.""","""Young immigrants gathered to champion the DREAM Act in Washington D.C., in the streets and outside the home of Representative Ryan.""",mistral/prompt3,0.952655255794525
"Immigrant youth rallied for DREAM Act in D.C., the streets—and outside Speaker Ryan's house","Jovens imigrantes se reuniram em prol da DREAM Act em D.C., pelas ruas e fora da casa do presidente da Câmara Ryan.","Youth immigrants gathered in support of the DREAM Act in D.C., on the streets, and outside the Capitol Hill leader Ryan's office.",qwen/prompt2,0.953476548194885
"Immigrant youth rallied for DREAM Act in D.C., the streets—and outside Speaker Ryan's house","Juventude imigrante se mobilizou em Washington, nas ruas e na frente da casa do presidente Ryan, pelo DREAM Act.","""Immigrant youth rallied in Washington, on the streets and in front of President Ryan's house, advocating for the DREAM Act.""",mistral/prompt4,0.9549449682235711
"Immigrant youth rallied for DREAM Act in D.C., the streets—and outside Speaker Ryan's house","Jovens imigrantes manifestam-se a favor do DREAM Act em Washington, nas ruas e junto da casa do Presidente Ryan","Young immigrants rally in support of the DREAM Act in Washington, in the streets and at President Ryan's home",gemmaX/,0.9703564047813411
"Immigrant youth rallied for DREAM Act in D.C., the streets—and outside Speaker Ryan's house","Jovens imigrantes mobilizaram em apoio ao DREAM Act em D.C., nas ruas — e até mesmo fora da casa do orador Ryan.",Young immigrant activists mobilized in support of the DREAM Act on the streets of D.C. - and even outside Speaker Ryan's doorstep.,llama/prompt4,0.9774116277694701
"Immigrant youth rallied for DREAM Act in D.C., the streets—and outside Speaker Ryan's house","Jovens imigrantes se mobilizaram pelo DREAM Act em D.C., nas ruas—e em frente à casa do Speaker Ryan.",Young immigrants took to the streets for the DREAM Act in D.C.—and in front of Speaker Ryan's house.,gpt/prompt4,0.9780857563018791
"Immigrant youth rallied for DREAM Act in D.C., the streets—and outside Speaker Ryan's house","A juventude imigrante se uniu em prol do DREAM Act em D.C., nas ruas—e em frente à casa do Presidente Ryan.","The immigrant youth came together for the DREAM Act in D.C., on the streets—and in front of President Ryan's house.",gpt/prompt3,0.9788382053375241
"Immigrant youth rallied for DREAM Act in D.C., the streets—and outside Speaker Ryan's house","Jovens imigrantes se reuniram em apoio ao DREAM Act em D.C., nas ruas—e em frente à casa do Presidente da Câmara, Ryan.","Young immigrants gathered in support of the DREAM Act in D.C., in the streets—and in front of the Speaker of the House, Ryan's house.",gpt/prompt2,0.9817143082618711
"Immigrant youth rallied for DREAM Act in D.C., the streets—and outside Speaker Ryan's house","Juventude imigrante se mobilizou pelo DREAM Act em D.C., nas ruas—e em frente à casa do Speaker Ryan.","""Immigrant youth mobilized for the DREAM Act in D.C., in the streets—and in front of Speaker Ryan's house.""",gpt/prompt1,0.9824000597000121
"Immigrant youth rallied for DREAM Act in D.C., the streets—and outside Speaker Ryan's house","Jovens imigrantes se manifestaram pelo Dream Act em D.C., nas ruas e fora da casa do orador Ryan.","Young immigrants rallied for the Dream Act in D.C., in the streets and outside Rep. Ryan's house.",llama/prompt1,0.9893854260444641
"Immigrant youth rallied for DREAM Act in D.C., the streets—and outside Speaker Ryan's house","Jovens imigrantes se reuniram em favor da DREAM Act em Washington DC, nas ruas — e fora da casa do Repartidor Ryan.","Young immigrants gathered in support of the DREAM Act in Washington DC, on the streets — and outside Representative Ryan's house.",qwen/prompt1,0.9898961782455441
"Immigrant youth rallied for DREAM Act in D.C., the streets—and outside Speaker Ryan's house","Jovens imigrantes se reuniram em prol do DREAM Act em D.C., nas ruas — e fora da casa do orador Ryan.","Young immigrant activists gathered in support of the DREAM Act in D.C., on the streets — and outside the house of speaker Ryan.",llama/prompt2,0.9902619123458861
"Immigrant youth rallied for DREAM Act in D.C., the streets—and outside Speaker Ryan's house","Jovens imigrantes se manifestaram pelo DREAM Act em Washington D.C., nas ruas — e em frente à casa do Deputado Ryan.
","Young immigrants protested for the DREAM Act in Washington D.C., in the streets — and in front of Representative Ryan's house.",gemini/prompt1,0.9908638000488281
"Immigrant youth rallied for DREAM Act in D.C., the streets—and outside Speaker Ryan's house","Jovens imigrantes se reuniram em defesa do DREAM Act em Washington, nas ruas—e em frente à casa do presidente da Câmara, Ryan.","Young immigrants gathered in defense of the DREAM Act in Washington, on the streets—and in front of House Speaker Ryan’s home.",gemma3/prompt2,0.9979670047760011
"Immigrant youth rallied for DREAM Act in D.C., the streets—and outside Speaker Ryan's house","Jovens imigrantes reuniram-se para o DREAM Act em D.C., nas ruas — e fora da casa do Presidente Ryan",Young immigrants gathered for the DREAM Act in D.C. on the streets — and outside President Ryan's house,marian/,0.998220801353454
"Immigrant youth rallied for DREAM Act in D.C., the streets—and outside Speaker Ryan's house","Jovens imigrantes se reuniram em defesa do DREAM Act em Washington, nas ruas—e fora da casa do presidente da Câmara, Ryan.","Young immigrants gathered in defense of the DREAM Act in Washington, on the streets—and outside the home of House Speaker Ryan.",gemma3/prompt1,0.999663710594177
"Immigrant youth rallied for DREAM Act in D.C., the streets—and outside Speaker Ryan's house","Jovens imigrantes se manifestaram pelo DREAM Act em D.C., nas ruas — e em frente à casa do Speaker Ryan.
","Young immigrants protested for the DREAM Act in D.C., on the streets — and in front of Speaker Ryan's house.
",gemini/prompt2,1.0
"Immigrant youth rallied for DREAM Act in D.C., the streets—and outside Speaker Ryan's house","Jovens imigrantes se reuniram em protesto pelo DREAM Act em D.C., nas ruas e na frente da residência do líder da Câmara Ryan.","Young immigrants gathered in protest for the DREAM Act in D.C., both on the streets and in front of Speaker Ryan's residence.",mistral/prompt1,1.0
American Peace Activist Is Denied Entry to South Korea,Ativista Americana pela Paz é Negada Entrada à Coreia do Sul.,"""American Peace Activist Denied South Korean Visa is a Gate Unlocked that Leads Nowhere.""",llama/prompt3,0.36544415354728704
American Peace Activist Is Denied Entry to South Korea,"A paz americana bateu com o nariz na porta da Coreia do Sul.
",American peace bumped its nose on South Korea's door.,gemini/prompt3,0.47271242737770003
American Peace Activist Is Denied Entry to South Korea,Ativista da Paz Americana é Barrado na Terra da Manhã Calma.,"""American Peace Activist Stopped in the Land of Gentle Dawn.""",gpt/prompt3,0.578413784503936
American Peace Activist Is Denied Entry to South Korea,Um ativista pela paz americano foi barrado ao tentar entrar na Coreia do Sul,"An American peace activist was blocked from entering South Korea, much like a peacemaker trying to enter a battlefield.",qwen/prompt3,0.641403794288635
American Peace Activist Is Denied Entry to South Korea,"Ativista americana da paz tem a porta fechada na Coreia do Sul.
",An American peace activist finds a cold shoulder in South Korea.,gemini/prompt4,0.6608927249908441
American Peace Activist Is Denied Entry to South Korea,"Ativista da paz americana esbarra em muralha na Coreia do Sul.
",American peace advocate collides with a wall in Korea.,gemma3/prompt3,0.7251895666122431
American Peace Activist Is Denied Entry to South Korea,É denied acesso ao Sul Coreia,Denied access to South Korea,qwen/prompt4,0.8485425710678101
American Peace Activist Is Denied Entry to South Korea,"""Ativista de Paz Norte-americano Tem Acesso Negado à Coreia do Sul""","**""Peace Activist American Denied Entry to South Korea""**",mistral/prompt4,0.890824317932128
American Peace Activist Is Denied Entry to South Korea,Ativista pacifista americano é impedido de pisar na Coreia do Sul.,American peace warrior barred from Korean soil.,gemma3/prompt4,0.9111587405204771
American Peace Activist Is Denied Entry to South Korea,"""Manifestante pela Paz Norte-Americano Rejeitado na Fronteira da Coréia do Sul""","""American Peace Activist Rejected at the Korean Border""",mistral/prompt3,0.9470409154891961
American Peace Activist Is Denied Entry to South Korea,Ativista americano de paz é impedido de entrar na Coreia do Sul,American peace activist barred entry into South Korea,gemmaX/,0.9591115713119501
American Peace Activist Is Denied Entry to South Korea,Ativista pacifista americano é impedido de entrar na Coreia do Sul.,American pacifist activist is barred from entering South Korea.,gemma3/prompt2,0.9650083780288691
American Peace Activist Is Denied Entry to South Korea,"""ativista pela paz estadunidense é negado entrada à Coreia do Sul""","""U.S. peace activist denied entry to South Korea.""",llama/prompt1,0.9684118628501891
American Peace Activist Is Denied Entry to South Korea,A Activista da Paz Americana teve negada a entrada para a Coreia do Sul,The American Peace Activist Has been Denied Entry into South Korea,meta/,0.9872087240219111
American Peace Activist Is Denied Entry to South Korea,Ativista da Paz Americana é Negado o Acesso à Coreia do Sul.,"""American Peace Activist Denied Access to South Korea.""",gpt/prompt2,0.990191459655761
American Peace Activist Is Denied Entry to South Korea,Ativista da Paz Americana Tem a Entrada Negada na Coreia do Sul.,American Peace Activist Denied Entry to South Korea.,gpt/prompt4,0.990960597991943
American Peace Activist Is Denied Entry to South Korea,Ativista americana da paz tem entrada negada na Coreia do Sul.,American peace activist denied entry to South Korea.,gemini/prompt2,0.9912000298500061
American Peace Activist Is Denied Entry to South Korea,Ativista americano da paz é impedido de entrar na Coreia do Sul.,American peace activist barred from entering South Korea.,gemma3/prompt1,0.9912000298500061
American Peace Activist Is Denied Entry to South Korea,Ativista Pela Paz Americana é Negado Entrada na Coreia do Sul,American Peace Activist Denied Entry to South Korea,llama/prompt4,0.993332386016845
American Peace Activist Is Denied Entry to South Korea,Ativista por Paz Americana é Negado Entrada na Coreia do Sul,American Peace Activist Denied Entry into South Korea.,llama/prompt2,0.999821424484252
American Peace Activist Is Denied Entry to South Korea,"Ativista americano da paz tem entrada na Coreia do Sul negada.
",American peace activist denied entry to South Korea.,gemini/prompt1,1.0
American Peace Activist Is Denied Entry to South Korea,Ativista da Paz Americana é Negado a Entrada na Coreia do Sul.,American Peace Activist Denied Entry to South Korea.,gpt/prompt1,1.0
American Peace Activist Is Denied Entry to South Korea,O ativista americano da paz é negado a entrada na Coreia do Sul,American peace activist denied entry into South Korea,marian/,1.0
American Peace Activist Is Denied Entry to South Korea,"""Americano defensor da paz é impedido de entrar na Coreia do Sul""","""American peace advocate blocked from entering South Korea""",mistral/prompt1,1.0
American Peace Activist Is Denied Entry to South Korea,"""Ativista American pelo Paz é Negado Entrada para Coreia do Sul"".","""American peace activist denied entry to South Korea.""",mistral/prompt2,1.0
American Peace Activist Is Denied Entry to South Korea,O ativista americano pela paz foi negado entrada na Coreia do Sul,The American peace activist was denied entry to South Korea.,qwen/prompt1,1.0
American Peace Activist Is Denied Entry to South Korea,O ativista americano pela paz foi negado entrada na Coreia do Sul.,The American peace activist was denied entry to South Korea.,qwen/prompt2,1.0
Health insurance will cost more because of GOP tax plan,O seguro de saúde custará mais por causa do plano de impostos,It 's going to be much more expensive under the Medicare tax plan .,meta/,0.625698506832122
Health insurance will cost more because of GOP tax plan,A assinatura de seguro de saúde vai custar mais dinheiro devido ao plano tributário republicano.,"""O selo de segurança de saúde vai sair mais caro devido ao plano tributário republicano.""",llama/prompt3,0.6967000365257261
Health insurance will cost more because of GOP tax plan,"O plano fiscal republicano vai botar a saúde na lona.
",The Republican tax plan will send healthcare down for the count.,gemini/prompt4,0.7160927057266231
Health insurance will cost more because of GOP tax plan,"O plano fiscal republicano vai inflacionar os custos do seguro saúde.
",The Republican tax plan will pump air into the healthcare cost balloon.,gemini/prompt3,0.7282747030258171
Health insurance will cost more because of GOP tax plan,A saúde virá mais caro devido ao plano de impostos do GOP.,"""The health will come at a higher price due to the GOP's tax plan.""",qwen/prompt3,0.8664758205413811
Health insurance will cost more because of GOP tax plan,"O plano tributário dos republicanos vai pesar no bolso do seguro saúde.
",The GOP's tax plan is going to hit health insurance where it hurts.,gemma3/prompt3,0.8832268714904781
Health insurance will cost more because of GOP tax plan,"""O plano fiscal da República levará o seguro saúde a custar mais""",The fiscal plan of the Republic will cause health insurance to cost more.,mistral/prompt4,0.899563372135162
Health insurance will cost more because of GOP tax plan,A segurância saudável custará mais devido ao plano de impostos do GOP.,"""The healthy safety will cost more due to the GOP's tax plan.""",qwen/prompt2,0.9107116460800171
Health insurance will cost more because of GOP tax plan,"O plano tributário do GOP vai pesar no bolso para o seguro saúde.
",The GOP’s tax plan will hit your health insurance wallet hard.,gemma3/prompt4,0.9209204912185661
Health insurance will cost more because of GOP tax plan,Custa mais devido ao plano de impostos da GOP.,It's more costly due to the GOP's tax plan.,mistral/prompt3,0.9763028621673581
Health insurance will cost more because of GOP tax plan,A saúde vai custar mais devido ao plano fiscal do GOP.,The healthcare will cost more due to the GOP's fiscal plan.,qwen/prompt4,0.977130234241485
Health insurance will cost more because of GOP tax plan,A seguradora de saúde custará mais devido ao plano de impostos do GOP,The health insurer will cost more due to the GOP's tax plan.,qwen/prompt1,0.9800390005111691
Health insurance will cost more because of GOP tax plan,O seguro saúde custará mais devido ao plano tributário do GOP.,"""The health insurance will cost more due to the GOP's tax scheme.""",gpt/prompt3,0.982715010643005
Health insurance will cost more because of GOP tax plan,O plano de impostos do GOP fará subir o preço da garantia de saúde.,The GOP tax plan will fuel a hike in health insurance premiums.,llama/prompt4,0.984338164329528
Health insurance will cost more because of GOP tax plan,O seguro de saúde custará mais por causa do plano tributário do GOP.,"""The health insurance will cost more because of the GOP's tax plan.""",gpt/prompt1,0.9912000298500061
Health insurance will cost more because of GOP tax plan,O seguro de saúde custará mais por causa do plano tributário do GOP.,"""The health insurance will cost more because of the GOP's tax plan.""",gpt/prompt2,0.9912000298500061
Health insurance will cost more because of GOP tax plan,A saúde pública custará mais devido ao plano de impostos do GOP.,The public health will cost more due to the GOP tax plan.,mistral/prompt1,0.9915298223495481
Health insurance will cost more because of GOP tax plan,O seguro de saúde vai custar mais por causa do plano de impostos do GOP.,Health insurance is going to cost more because of the GOP's tax scheme.,gpt/prompt4,0.997721314430236
Health insurance will cost more because of GOP tax plan,"O plano fiscal republicano vai aumentar o custo do seguro de saúde.
",The Republican tax plan will increase the cost of health insurance.,gemini/prompt1,1.0
Health insurance will cost more because of GOP tax plan,"O plano fiscal republicano vai encarecer o seguro de saúde.
","The Republican tax plan will make health insurance more expensive.
",gemini/prompt2,1.0
Health insurance will cost more because of GOP tax plan,O seguro saúde vai custar mais por causa do plano tributário do Partido Republicano.,Health insurance will cost more because of the Republican Party's tax plan.,gemma3/prompt1,1.0
Health insurance will cost more because of GOP tax plan,O seguro saúde ficará mais caro por causa do plano tributário do GOP.,Health insurance will become more expensive because of the GOP tax plan.,gemma3/prompt2,1.0
Health insurance will cost more because of GOP tax plan,Seguro de saúde vai custar mais devido ao plano fiscal do Partido Republicano,Health insurance will cost more because of the Republican tax plan,gemmaX/,1.0
Health insurance will cost more because of GOP tax plan,"""O seguro de saúde vai custar mais devido ao plano de impostos do GOP.""","""Health insurance is going to cost more due to the GOP's tax plan.""",llama/prompt1,1.0
Health insurance will cost more because of GOP tax plan,A seguradora de saúde vai custar mais por causa do plano tributário do Partido Republicano.,Health insurance will cost more due to the Republican Party's tax plan.,llama/prompt2,1.0
Health insurance will cost more because of GOP tax plan,Seguro de saúde vai custar mais por causa do plano fiscal do GOP,Health insurance will cost more because of the GOP tax plan,marian/,1.0
Health insurance will cost more because of GOP tax plan,O custo dos seguros de saúde aumentará devido ao plano fiscal do GOP.,The cost of health insurance will rise due to the GOP's tax plan.,mistral/prompt2,1.0
Photogallery - Justin Bieber settles issue with Marilyn Manson over T-shirt design,"""Comigo com um sorriso no ouvido e uma canção na boca, e com o olhar ao redor, eu me recuso a ver uma coisa tão má"".","""I'm here with a smile in my ear, a song in my mouth, and looking round my body; I refuse to look at such an evil sight"".",meta/,0.342592418193817
Photogallery - Justin Bieber settles issue with Marilyn Manson over T-shirt design,"**Justin Bieber e Marilyn Manson: a foto na camiseta, a treta resolvida.**
","**Justin Bieber and Marilyn Manson: The T-Shirt Tango, Truce Declared.**",gemini/prompt3,0.588297247886657
Photogallery - Justin Bieber settles issue with Marilyn Manson over T-shirt design,"Galeria de Fotografias - Justin Bieber resolve disputa com Marilyn Manson sobre o设计中断，继续以葡萄牙语提供翻译：
Galeria de Fotografias - Justin Bieber resolve争端关于T恤设计与Marilyn Manson",Photography Gallery - Justin Bieber Resolves Dispute with Marilyn Manson About T-shirt Design,qwen/prompt1,0.623981893062591
Photogallery - Justin Bieber settles issue with Marilyn Manson over T-shirt design,**Galeria de Imagens: Justin Bieber Apaga o Resquício da Disputa com Marilyn Manson sobre Estampa de Camiseta.**,Image Gallery: Justin Bieber Buries the Hatchet – and the T-Shirt Feud – with Marilyn Manson.,gemma3/prompt3,0.7164001464843751
Photogallery - Justin Bieber settles issue with Marilyn Manson over T-shirt design,"Galeria de Fotos - Justin Bieber e Marilyn Manson enterram o machado de guerra por causa do design da camiseta.
",Photo Gallery - Justin Bieber and Marilyn Manson bury the hatchet over t-shirt design.,gemini/prompt4,0.793372988700866
Photogallery - Justin Bieber settles issue with Marilyn Manson over T-shirt design,Biblioteca de Fotos - Justin Bieber resolve controvérsia com Marilyn Manson sobre design da camiseta.,"""Bieber's Photo Album - Justin Bieber Resolves Dispute with Marilyn Manson Over T-Shirt Design.""",llama/prompt3,0.7940457463264461
Photogallery - Justin Bieber settles issue with Marilyn Manson over T-shirt design,Galeria de Fotos - Justin Bieber resolve questão com Marilyn Manson sobre o desenho da camisa,"""Justin Bieber Resolves Shirt Drawing Issue with Marilyn Manson""",mistral/prompt1,0.808198571205139
Photogallery - Justin Bieber settles issue with Marilyn Manson over T-shirt design,Galeria Fotográfica - Justin Bieber resolvia disputa com Marilyn Manson sobre o designs da camiseta,Photography Gallery - Justin Bieber was settling a dispute with Marilyn Manson over the design of the t-shirt prints.,qwen/prompt3,0.8261479139328001
Photogallery - Justin Bieber settles issue with Marilyn Manson over T-shirt design,"Galeria de Fotos - Justin Bieber resolve questão com Marilyn Manson sobre design de camiseta.
",Photo Gallery: Justin Bieber Settles Tee Design Beef with Marilyn Manson.,gemma3/prompt4,0.85656988620758
Photogallery - Justin Bieber settles issue with Marilyn Manson over T-shirt design,Galeria de Fotos - Justin Bieber resuelve asunto con Marilyn Manson sobre el diseño de la camiseta,Photography Gallery - Justin Bieber Resolves Issue with Marilyn Manson Regarding the Design of the T-Shirt,qwen/prompt4,0.8704538345336911
Photogallery - Justin Bieber settles issue with Marilyn Manson over T-shirt design,Galeria de Fotos - Justin Bieber resolve a questão com Marilyn Manson sobre o design da camiseta,Photo Gallery - Justin Bieber hashes it out with Marilyn Manson over the t-shirt design.,gpt/prompt4,0.899271845817565
Photogallery - Justin Bieber settles issue with Marilyn Manson over T-shirt design,Galerias de Fotos - Justin Bieber resolve questão com Marilyn Manson sobre o design da camiseta.,Photogalleries - Justin Bieber Resolves Issue with Marilyn Manson over T-Shirt Design,mistral/prompt2,0.9146378636360161
Photogallery - Justin Bieber settles issue with Marilyn Manson over T-shirt design,Biblioteca de imagens - Justin Bieber resolve controvérsia com Marilyn Manson sobre design de camiseta.,"""Image Library - Justin Bieber resolves dispute with Marilyn Manson over t-shirt design.""",llama/prompt4,0.9227582812309261
Photogallery - Justin Bieber settles issue with Marilyn Manson over T-shirt design,Galeria de Fotografias - Justin Bieber resolve disputa com Marilyn Manson sobre o design da camiseta,Photography Gallery - Justin Bieber Resolves Dispute with Marilyn Manson over T-Shirt Design,qwen/prompt2,0.9394229054450981
Photogallery - Justin Bieber settles issue with Marilyn Manson over T-shirt design,"""Album de fotos - Justin Bieber resolve disputa com Marilyn Manson sobre o desenho da camiseta""","""Photo Album - Justin Bieber Resolves Dispute with Marilyn Manson Over T-Shirt Design""",llama/prompt1,0.94157987833023
Photogallery - Justin Bieber settles issue with Marilyn Manson over T-shirt design,Álbum de fotos - Justin Bieber resolve questão com Marilyn Manson sobre o design da camiseta.,Photo Album - Justin Bieber settles issue with Marilyn Manson over t-shirt design.,mistral/prompt4,0.9521965980529781
Photogallery - Justin Bieber settles issue with Marilyn Manson over T-shirt design,"""Álbum de Fotos - Justin Bieber resolve disputa com Marilyn Manson sobre design de camiseta""",Justin Bieber Photo Album - Justin Bieber settles dispute with Marilyn Manson over t-shirt design.,llama/prompt2,0.9597396850585931
Photogallery - Justin Bieber settles issue with Marilyn Manson over T-shirt design,Galeria de Fotos - Justin Bieber resolve questão com Marilyn Manson sobre o design da camiseta.,Photo Gallery - Justin Bieber settles the score with Marilyn Manson over the T-shirt design.,gpt/prompt3,0.9612601995468141
Photogallery - Justin Bieber settles issue with Marilyn Manson over T-shirt design,Galeria de Fotos - Justin Bieber resolve questão com Marilyn Manson sobre o design da camiseta.,Justin Bieber settles a dispute with Marilyn Manson over the design of the T-shirt.,mistral/prompt3,0.9635088443756101
Photogallery - Justin Bieber settles issue with Marilyn Manson over T-shirt design,Photogallery - Justin Bieber soluciona problema com Marilyn Manson sobre o design de camiseta,Photogallery - Justin Bieber solves Marilyn Manson's problem about t-shirt design,marian/,0.9707702398300171
Photogallery - Justin Bieber settles issue with Marilyn Manson over T-shirt design,Galeria de Fotos - Justin Bieber resolve questão com Marilyn Manson sobre design de camiseta.,Photo Gallery - Justin Bieber Settles T-Shirt Design Dispute with Marilyn Manson.,gemini/prompt2,0.9737938642501831
Photogallery - Justin Bieber settles issue with Marilyn Manson over T-shirt design,"Galeria de Fotos - Justin Bieber resolve questão com Marilyn Manson sobre design de camiseta
",Photo Gallery - Justin Bieber Settles T-Shirt Design Dispute with Marilyn Manson,gemini/prompt1,0.9764556884765621
Photogallery - Justin Bieber settles issue with Marilyn Manson over T-shirt design,Galeria de fotos - Justin Bieber resolve questão com Marilyn Manson sobre design de camiseta,Photo Gallery - Justin Bieber Settles T-Shirt Design Dispute with Marilyn Manson,gemma3/prompt2,0.9802353382110591
Photogallery - Justin Bieber settles issue with Marilyn Manson over T-shirt design,Galeria de fotos - Justin Bieber resolve questão com Marilyn Manson sobre design de camiseta,Photo Gallery - Justin Bieber Settles T-Shirt Design Dispute with Marilyn Manson,gemma3/prompt1,0.9802355170249931
Photogallery - Justin Bieber settles issue with Marilyn Manson over T-shirt design,Galeria de fotos - Justin Bieber resolve questão com Marilyn Manson sobre o design da camiseta.,Photo Gallery - Justin Bieber resolves issue with Marilyn Manson over t-shirt design.,gpt/prompt2,0.992161512374877
Photogallery - Justin Bieber settles issue with Marilyn Manson over T-shirt design,Galeria de fotos - Justin Bieber resolve questão com Marilyn Manson sobre o design da camiseta.,Photo Gallery - Justin Bieber resolves issue with Marilyn Manson over T-shirt design.,gpt/prompt1,0.9946904182434081
Photogallery - Justin Bieber settles issue with Marilyn Manson over T-shirt design,Fotogaleria - Justin Bieber resolve problema com Marilyn Manson sobre design de t-shirt,Photo Gallery - Justin Bieber resolves issue with Marilyn Manson over t-shirt design,gemmaX/,0.9956670999526971
"Born in Grief, New Group Helps Families of Slain Officers","Nascidos na Dor, Um Novo Grupo Ampara Famílias de Policiais Caídos.
","Born of Grief, A New Bandage for Fallen Heroes' Families.",gemini/prompt4,0.522193670272827
"Born in Grief, New Group Helps Families of Slain Officers","Nascidos da Dor, Um Novo Grupo Ampara Famílias de Heróis Caídos.
","Born of Grief, a New Bandage for Fallen Heroes' Kin.",gemini/prompt3,0.529284715652465
"Born in Grief, New Group Helps Families of Slain Officers",">>pt<<Nascidos no luto, Novo Grupo Ajuda famílias de Agentes Caídos","- Born to Grief, a New Group that Helps Families of Fallen Officers",meta/,0.76930284500122
"Born in Grief, New Group Helps Families of Slain Officers","Nascidos em Luto, Novo Grupo Ajuda Famílias de Policiais Assassinados","Born in Grief, New Group Supports Families of Police Assassins",qwen/prompt1,0.8259027600288391
"Born in Grief, New Group Helps Families of Slain Officers","Nascido do Luto, Novo Grupo auxilia Famílias de Policiais Mortos.","""Risen from Sorrow, New Group Aids Families of Fallen Officers.""",mistral/prompt3,0.833009898662567
"Born in Grief, New Group Helps Families of Slain Officers","Nascidos da Dor, Novo Grupo Ampara Famílias de Heróis Caídos.","Forged in Sorrow, New Group Shelters Fallen Heroes' Families.",gemma3/prompt3,0.857263088226318
"Born in Grief, New Group Helps Families of Slain Officers","Nascido da Dor, Novo Grupo Ampara Famílias de Policiais Tombados.","Forged in Grief, a New Collective Lends Support to Families of Fallen Officers.",gemma3/prompt4,0.8622226119041441
"Born in Grief, New Group Helps Families of Slain Officers","Nascido na Tristeza, Novo Grupo Auxilia Famílias de Policiais Mortos em Combate","'Born in Sadness, New Group Aids Families of Police Officers Killed in Action'",mistral/prompt4,0.8668773174285881
"Born in Grief, New Group Helps Families of Slain Officers","Nascido da Tristeza, Novo Grupo Auxilia as Famílias dos Oficiais Mortos","Born from Sorrow, New Squad Supports Families of Fallen Officers",qwen/prompt3,0.8704668879508971
"Born in Grief, New Group Helps Families of Slain Officers","Nascida na Tristeza, Novo Grupo Ajuda Famílias de Policiais Mortos","'Born into Sadness, New Group Aids Families of Fallen Police Officers'",mistral/prompt1,0.871558666229248
"Born in Grief, New Group Helps Families of Slain Officers","Nascido na Dor, Novo Grupo Ajuda Famílias de Policiais Mortos.
","Born in Pain, New Group Aids Families of Fallen Police.
",gemini/prompt2,0.8861840963363641
"Born in Grief, New Group Helps Families of Slain Officers","""Nascidos em Luto, Novo Grupo Ajuda Famílias de Agentes Falecidos""","""Born in Grief, New Group Helps Families of Deceased Agents""",qwen/prompt2,0.893038034439086
"Born in Grief, New Group Helps Families of Slain Officers","Nascido da Dor, Novo Grupo Ajuda Famílias de Policiais Assassinados","Born from Suffering, New Group Aids Families of Assassinated Police Officers",llama/prompt4,0.9012742042541501
"Born in Grief, New Group Helps Families of Slain Officers","Nascidos na Tristeza, Novo Grupo auxilia Famílias de Oficiais Assasinados","Born Under Sadness, New Group Supports Families of Officers Killed in the Line of Duty",qwen/prompt4,0.9120038747787471
"Born in Grief, New Group Helps Families of Slain Officers","Nascido da Dor, Novo Grupo Ajuda Famílias de Policiais Mortos","Born from Pain, New Group Helps Families of Fallen Police Officers",gemma3/prompt2,0.9160598516464231
"Born in Grief, New Group Helps Families of Slain Officers","Nascidos na Dor, Novo Grupo Apoia Famílias de Oficiais Assassinados","Born from Sorrow, New Group Supports Families of Slain Officers",gpt/prompt3,0.92443436384201
"Born in Grief, New Group Helps Families of Slain Officers","Nascido em Grief, Novo Grupo ajuda famílias de oficiais de slain","Born in Grief, New Group helps families of slain officers",marian/,0.925100862979888
"Born in Grief, New Group Helps Families of Slain Officers","Nascido na Dor, Novo Grupo Ajuda Famílias de Policiais Mortos
","Born in Pain, New Group Aids Families of Fallen Police Officers",gemini/prompt1,0.9275905489921571
"Born in Grief, New Group Helps Families of Slain Officers","Nascido na Tristeza, Novo Grupo Ajuda Famílias de Oficiais Mortos.","Born in Sorrow, New Group Aids Families of Fallen Officers.",gpt/prompt4,0.931215167045593
"Born in Grief, New Group Helps Families of Slain Officers","Nascido no Pesar, Novo Grupo Ajuda Famílias de Policiais Assassinados","Born in Sorrow, New Group Aids Families of Murdered Police Officers",llama/prompt3,0.9322930574417111
"Born in Grief, New Group Helps Families of Slain Officers","""Nascidos na Dor, Novo Grupo Ajuda Famílias de Oficiais Assassinado""","""Born in Pain, New Group Helps Families of Slain Officers""",gpt/prompt2,0.9363154172897331
"Born in Grief, New Group Helps Families of Slain Officers","""Nascida do Luto, Nova Grupo Ajuda Famílias de Oficiais Assassinados""","""Born from Grief, New Group Helps Families of Murdered Police Officers""",llama/prompt2,0.94533634185791
"Born in Grief, New Group Helps Families of Slain Officers","Nascidos na Tristeza, Novo Grupo Ajuda Famílias de Oficiais Mortos","Born in Sadness, New Group Aids Families of Deceased Officers",mistral/prompt2,0.95745849609375
"Born in Grief, New Group Helps Families of Slain Officers","Nascido na dor, novo grupo ajuda famílias de policiais assassinados","Born in grief, new group helps families of slain cops",gemmaX/,0.9669276475906371
"Born in Grief, New Group Helps Families of Slain Officers","Nascida da Dor, Grupo Novo Ajuda Famílias de Oficiais Mortos em Serviço","Born out of Sorrow, New Group Helps Families of Officers Killed in Service.",llama/prompt1,0.9735256433486931
"Born in Grief, New Group Helps Families of Slain Officers","Nascido no luto, novo grupo ajuda famílias de policiais mortos","Born from grief, new group aids families of fallen police officers.",gemma3/prompt1,0.9788438081741331
"Born in Grief, New Group Helps Families of Slain Officers","Nascido na Tristeza, Novo Grupo Ajuda Famílias de Oficiais Assassinados","""Born in Sorrow, New Group Helps Families of Murdered Officers""",gpt/prompt1,0.9869340062141411
Criminal Complaint Filed Against EU Authorities Who Gave Glyphosate Green Light,"Queixa Criminal é Aberta Contra Autoridades da UE que Deram Sinal Verde ao Glifosato.
",The hounds of justice are unleashed on EU officials who greenlit glyphosate.,gemini/prompt4,0.493037164211273
Criminal Complaint Filed Against EU Authorities Who Gave Glyphosate Green Light,Requerimento Criminal Arquivado Contra Autoridades da UE Por Terem Dado Luz Verde Ao Glicósato.,"""Criminal Complaint Filed Against EU Authorities for Giving Green Light to High Fructose Corn Syrup.""",llama/prompt2,0.565975904464721
Criminal Complaint Filed Against EU Authorities Who Gave Glyphosate Green Light,Ação Penal Arquivada Contra Autoridades EUA que Dariam a Válvula Verde para o Glifosato,Impeachment Filed Against US Officials Who Would Turn the Green Valve on Glyphosate.,llama/prompt4,0.614606022834777
Criminal Complaint Filed Against EU Authorities Who Gave Glyphosate Green Light,"""Denúncia Criminosa Apresentada Contra Autoridades da UE Que Deram Vizinhança ao Glyphosate""","""Serious Criminal Complaint Presented Against EU Authorities That Gave Neighbourhood to Glyphosate""",mistral/prompt3,0.698828995227813
Criminal Complaint Filed Against EU Authorities Who Gave Glyphosate Green Light,Denúncia Criminal Apurada Contra Autoridades da União Europeia que Deram Sinal Verde ao Glifosato.,The Green Light's Poisoned Hand: Criminal Charges Filed Against EU Authorities Over Glyphosate.,gemma3/prompt4,0.7610375881195061
Criminal Complaint Filed Against EU Authorities Who Gave Glyphosate Green Light,Queixa Criminal Registrada Contra Autoridades da UE Que Deram Vizinho Verde para o Glifosato.,"""Criminal Complaint Registered Against EU Authorities Who Labeled Neighborly Green for Glyphosate.""",llama/prompt1,0.774279832839965
Criminal Complaint Filed Against EU Authorities Who Gave Glyphosate Green Light,Denúncia Criminal Apontada Contra Autoridades da UE que Selaram o Destino do Glifosato.,Criminal charges laid against EU officials who signed the glyphosate’s death warrant.,gemma3/prompt3,0.793592691421508
Criminal Complaint Filed Against EU Authorities Who Gave Glyphosate Green Light,Adução de acusação contra as autoridades da UE que deram luz verde ao glifosato,Adução of accusation against the EU authorities who gave the green light to glyphosate,gemmaX/,0.8060247898101801
Criminal Complaint Filed Against EU Authorities Who Gave Glyphosate Green Light,Reclamação Criminal Filiada contra Autoridades da UE que Deram o Sinal Verde para o Glyphosato,Complaint Criminal Allied against EU Authorities That Given the Green Light to Glyphosate,qwen/prompt4,0.8331311941146851
Criminal Complaint Filed Against EU Authorities Who Gave Glyphosate Green Light,"Comentário criminoso sobre ""autoridades da UE que deram a luz verde para o glifosato""",Criminal commentary on 'EU authorities giving the green light for glyphosate',meta/,0.8780440092086791
Criminal Complaint Filed Against EU Authorities Who Gave Glyphosate Green Light,Acusações Formais Apresentadas contra Autoridades da UE que Deram Licença para a Uso de Glyphosate,"""Charges Filed against EU Authorities for Granting Glyphosate Approval""",mistral/prompt4,0.9030829668045041
Criminal Complaint Filed Against EU Authorities Who Gave Glyphosate Green Light,Reclamação Criminal Filiada contra Autoridades da UE Que Dêem o Sinal Verde ao Glyphosate,Complaint Filed Against EU Authorities for Approving Glyphosate,qwen/prompt2,0.9476573467254631
Criminal Complaint Filed Against EU Authorities Who Gave Glyphosate Green Light,Denúncia Criminosa Encaminhada Contra Autoridades da UE que Deram Sinal Verde para o Glyphosate.,Criminal Complaint Lodged Against EU Authorities for Giving Green Light to Glyphosate.,llama/prompt3,0.9611299633979791
Criminal Complaint Filed Against EU Authorities Who Gave Glyphosate Green Light,Queixa Criminal Apresentada Contra Autoridades da UE que Liberaram Sinal Verde para o Glifosato.,"""Criminal Complaint Filed Against EU Authorities Who Gave the Green Light to Glyphosate.""",gpt/prompt3,0.9682374000549311
Criminal Complaint Filed Against EU Authorities Who Gave Glyphosate Green Light,Denúncia Penal Movida Contra Autoridades da UE Que Liberaram Glyphosate,"""Criminal Complaint Filed Against EU Authorities Who Released Glyphosate""",mistral/prompt2,0.9718573093414301
Criminal Complaint Filed Against EU Authorities Who Gave Glyphosate Green Light,"Denúncia Criminal Acusa Autoridades da UE de ""Dar Sinal Verde"" ao Glifosato.
","Criminal complaint accuses EU authorities of giving the glyphosate a ""green light.""",gemini/prompt3,0.9720714092254631
Criminal Complaint Filed Against EU Authorities Who Gave Glyphosate Green Light,"Queixa-crime apresentada contra autoridades da UE que deram sinal verde ao glifosato.
",Criminal complaint filed against EU authorities who greenlit glyphosate.,gemini/prompt1,0.9753012657165521
Criminal Complaint Filed Against EU Authorities Who Gave Glyphosate Green Light,Queixa Criminal Apresentada Contra Autoridades da UE Que Liberaram o Glifosato.,Criminal Complaint Filed Against EU Authorities Who Released Glyphosate.,gpt/prompt2,0.982204556465148
Criminal Complaint Filed Against EU Authorities Who Gave Glyphosate Green Light,Queixa Criminal Apresentada Contra Autoridades da UE Que Deram Sinal Verde ao Glifosato,Criminal Complaint Filed Against EU Authorities Who Gave the Green Light to Glyphosate,gpt/prompt4,0.984279513359069
Criminal Complaint Filed Against EU Authorities Who Gave Glyphosate Green Light,"Denúncia Criminal apresentada contra autoridades da UE que deram o ""verde-luz"" ao glifosato","A criminal complaint has been filed against EU authorities that gave the ""green light"" to glyphosate",qwen/prompt3,0.9895635843276971
Criminal Complaint Filed Against EU Authorities Who Gave Glyphosate Green Light,Reclamação Criminal Filiada contra Autoridades da UE que Dêem o Sinal Verde ao Glyphosato,Criminal Complaint Filed Against EU Authorities Giving the Green Light to Glyphosate,qwen/prompt1,0.9991576671600341
Criminal Complaint Filed Against EU Authorities Who Gave Glyphosate Green Light,"Queixa criminal apresentada contra autoridades da UE que aprovaram o glifosato.
","Criminal complaint filed against EU authorities who approved glyphosate.
",gemini/prompt2,1.0
Criminal Complaint Filed Against EU Authorities Who Gave Glyphosate Green Light,Denúncia criminal registrada contra autoridades da UE que deram sinal verde ao glifosato.,Criminal complaint filed against EU officials who gave the green light to glyphosate.,gemma3/prompt1,1.0
Criminal Complaint Filed Against EU Authorities Who Gave Glyphosate Green Light,"Denúncia criminal apresentada contra autoridades da UE que deram sinal verde ao glifosato.
",Criminal complaint filed against EU officials who gave the green light to glyphosate.,gemma3/prompt2,1.0
Criminal Complaint Filed Against EU Authorities Who Gave Glyphosate Green Light,"""Queixa criminal apresentada contra autoridades da UE que deram sinal verde ao glifosato.""","""Criminal complaint filed against EU authorities who gave the green light to glyphosate.""",gpt/prompt1,1.0
Criminal Complaint Filed Against EU Authorities Who Gave Glyphosate Green Light,Denúncia criminal apresentada contra autoridades da UE que deram luz verde ao glifosato,Criminal complaint against EU authorities giving green light to glyphosate,marian/,1.0
Criminal Complaint Filed Against EU Authorities Who Gave Glyphosate Green Light,Uma Queixa Criminal foi Apresentada Contra as Autoridades da UE que Deram Luz Verde para o Glifosato,A criminal complaint has been filed against EU authorities who gave the green light to glyphosate.,mistral/prompt1,1.0
All things military: 41 family members join the army at the same time,Quarenta e um laços de sangue alistaram-se de uma vez só aos gritos da pátria.,"Forty-one threads of kinship surged forward, a patriotic roar unbound.",gemma3/prompt4,0.256429314613342
All things military: 41 family members join the army at the same time,Um exército particular: quarenta e um laços de sangue marcham juntos.,A private host: forty-one blood-ties on the march.,gemma3/prompt3,0.43246644735336304
All things military: 41 family members join the army at the same time,"Todos os membros da família: 41 parentes se aliam à army (Deve haver um erro na frase original, pois ""army"" não é usado desta forma em inglês. Caso se refera a entrarem no exército, a tradução seria: Todos os membros da família: 41 parentes entram simultaneamente no exército.)","All family members: 41 relatives simultaneously take up arms (There seems to be an error in the original sentence, as ""army"" is not used this way in English. If it refers to joining the military, the translation would be: All family members: 41 relatives simultaneously join the military.) 

(Metaforicamente: All family members: 41 relatives band together in a cause.)",qwen/prompt4,0.582132577896118
All things military: 41 family members join the army at the same time,"A mesma chama da guerra incendeia 41 corações de uma só família.
","The same war-fire burns through 41 hearts, all from one family.",gemini/prompt3,0.599082112312316
All things military: 41 family members join the army at the same time,"""Todo poder militar: 41 parentes se alinham ao mesmo tempo.""","""Entire military might: 41 relatives align in sync.""",llama/prompt4,0.816985607147216
All things military: 41 family members join the army at the same time,Tudo é guerra: 41 membros da família se alista ao exército no mesmo tempo,"""All Out War: 41 Family Members Enlist in Army at the Same Time""",llama/prompt3,0.9004111289978021
All things military: 41 family members join the army at the same time,"Toda a família em armas: 41 membros vestem a farda de uma vez.
",The whole family in arms: 41 members don the uniform at once.,gemini/prompt4,0.917027175426483
All things military: 41 family members join the army at the same time,"""Tudo do tipo militar: 41 membros da família ingressam na exército ao mesmo tempo"".","""All of the military type: 41 family members enlist in the army at once.""",mistral/prompt3,0.9329774379730221
All things military: 41 family members join the army at the same time,Todas as famílias em guerra: 41 parentes entram no exército ao mesmo tempo,Families in battle: 41 relatives enlist at once,qwen/prompt3,0.9331508278846741
All things military: 41 family members join the army at the same time,Todos os militares: 41 membros da família se juntam ao exército ao mesmo tempo.,All soldiers: 41 family members join the army at the same time.,qwen/prompt2,0.936222672462463
All things military: 41 family members join the army at the same time,"Tudo sobre o militarismo: 41 membros de uma família se alistam no exército ao mesmo tempo.
","All About Militarism: 41 Family Members Enlist in the Army Simultaneously.
",gemini/prompt2,0.9427856206893921
All things military: 41 family members join the army at the same time,Tudo militar: 41 familiares se juntam ao exército ao mesmo tempo,"""All military: 41 relatives join the army at the same time.""",llama/prompt2,0.955781817436218
All things military: 41 family members join the army at the same time,Todo que é militar: 41 membros da família se alistam ao mesmo tempo na exército,All military personnel: 41 family members enlist at the same time in the army,mistral/prompt1,0.9627496004104611
All things military: 41 family members join the army at the same time,"""Tudo no departamento militar: 41 membros da família entram no exército ao mesmo tempo.""","""All in the military department: 41 family members join the army at the same time.""",mistral/prompt2,0.965225458145141
All things military: 41 family members join the army at the same time,Todas as coisas militares: 41 membros da família ingressam no exército ao mesmo tempo.,"""All things military: 41 family members enlist in the army at once.""",gpt/prompt3,0.971839785575866
All things military: 41 family members join the army at the same time,Todas as coisas militares: 41 membros da família ingressam no exército ao mesmo tempo.,All things military: 41 members of the family simultaneously enlist in the army.,mistral/prompt4,0.980700731277465
All things military: 41 family members join the army at the same time,Todas as coisas militares: 41 membros da família vão ao exército ao mesmo tempo,All military stuff: 41 family members go to the army at the same time,meta/,0.982182741165161
All things military: 41 family members join the army at the same time,Todas as coisas militares: 41 membros da família se juntam ao exército ao mesmo tempo.,"""All military matters: 41 family members join the army at the same time.""",gpt/prompt2,0.98964774608612
All things military: 41 family members join the army at the same time,"""Tudo militar: 41 membros da família se juntam ao exército ao mesmo tempo.""","""All military: 41 family members join the army at the same time.""",llama/prompt1,0.990189015865325
All things military: 41 family members join the army at the same time,Tudo é militar: 41 membros de uma família juntam-se ao exército ao mesmo tempo,It's a family affair: 41 members of one family join the army at the same time,gemmaX/,0.9910950660705561
All things military: 41 family members join the army at the same time,Tudo relacionado a assuntos militares: 41 membros da família ingressam no exército ao mesmo tempo.,Everything related to military matters: 41 family members join the army at once.,gemma3/prompt2,0.9912000298500061
All things military: 41 family members join the army at the same time,Todas as coisas militares: 41 membros da família se juntam ao exército ao mesmo tempo.,"""All military things: 41 family members join the army at the same time.""",gpt/prompt1,0.9912000298500061
All things military: 41 family members join the army at the same time,Todas as coisas militares: 41 membros da família se juntam ao exército ao mesmo tempo,All military things: 41 family members join the army at the same time,marian/,0.9912000298500061
All things military: 41 family members join the army at the same time,Todas as coisas militares: 41 membros da família se juntam ao exército no mesmo tempo,All military matters: 41 family members join the army at the same time.,qwen/prompt1,0.9912000298500061
All things military: 41 family members join the army at the same time,Todas as coisas militares: 41 membros da família entram para o exército ao mesmo tempo.,All things military: 41 family members join the army at the same time.,gpt/prompt4,0.9991787672042841
All things military: 41 family members join the army at the same time,"Tudo sobre o militarismo: 41 membros da família se juntam ao exército ao mesmo tempo.
",All about militarism: 41 family members join the army at once.,gemini/prompt1,1.0
All things military: 41 family members join the army at the same time,Tudo relacionado a militares: 41 membros da família ingressam no exército ao mesmo tempo.,All things military: 41 family members join the army at once.,gemma3/prompt1,1.0
Saudi woman conveniently dies in crash ‘while learning to drive’ before the country lifts its ban on female drivers,"Mulher saudita morre ""acidentalmente"" em um acidente ao aprender a dirigir, logo antes do fim do decreto que a impedia ao volante.","A Saudi woman's driving lessons ended abruptly, a final, fatal lap just as the road to freedom closed.",gemma3/prompt3,0.47870549559593206
Saudi woman conveniently dies in crash ‘while learning to drive’ before the country lifts its ban on female drivers,A mulher saudita despede-se do mundo em um acidente ‘enquanto aprendia a dirigir’ logo antes do país revogar a proibição para as mulheres ao volante.,"The Saudi woman breathed her last in a crash, ironically learning to drive just as her country unlocked the steering wheel.",gemma3/prompt4,0.502412617206573
Saudi woman conveniently dies in crash ‘while learning to drive’ before the country lifts its ban on female drivers,"Arab woman, conveniently expires in crash, 'while learning to drive' just before the nation abolishes its ban on female drivers","""Arab woman succumbs to fatal crash while mastering the wheel just as the nation annuls its ban on female drivers""",mistral/prompt3,0.7848288416862481
Saudi woman conveniently dies in crash ‘while learning to drive’ before the country lifts its ban on female drivers,"Uma saudita ""aprende a dirigir"" e morre num acidente, convenientemente, justo antes do fim da proibição.
","A Saudi woman ""takes the wheel"" and crashes, conveniently, right before the ban lifts.",gemini/prompt3,0.8308087587356561
Saudi woman conveniently dies in crash ‘while learning to drive’ before the country lifts its ban on female drivers,"Uma mulher saudita falece conveniently no acidente ""aprendendo a dirigir"" antes que o país retire sua proibição sobre mulheres motoristas","A Saudi woman conveniently kicks the bucket in the accident ""learning to drive"" before the country removes its ban on women drivers.",qwen/prompt4,0.859266519546508
Saudi woman conveniently dies in crash ‘while learning to drive’ before the country lifts its ban on female drivers,"A Arábia Saudita ""enterra"" a mulher que morre em acidente ""enquanto aprendia a dirigir"", antes de o país suspender a proibição de mulheres ao volante.
","Saudi Arabia ""buried"" the woman who died in a car accident ""while learning to drive,"" before the country lifted its ban on women drivers.",gemini/prompt4,0.886823296546936
Saudi woman conveniently dies in crash ‘while learning to drive’ before the country lifts its ban on female drivers,Mulher saudita convenientemente morre em acidente para aprender a dirigir antes de o país suspender sua proibição em direção às mulheres.,Saudi woman conveniently dies in an accident to learn to drive before the country lifts its ban on women.,meta/,0.9072792530059811
Saudi woman conveniently dies in crash ‘while learning to drive’ before the country lifts its ban on female drivers,"Uma mulher saudita falece convenientemente em um acidente ""ao aprender a dirigir"", antes que o país retire sua proibição à condução feminina.","""A Saudi woman conveniently meets her end in an accident 'while learning to drive,' just as the country is about to lift its ban on female driving.""",qwen/prompt3,0.9202724695205681
Saudi woman conveniently dies in crash ‘while learning to drive’ before the country lifts its ban on female drivers,Mulher saudita morre convenientemente em acidente 'ao aprender a dirigir' antes que o país retire a proibição para mulheres dirigir.,A Saudi Arabian woman dies in 'convenient' driving accident 'before the country lifts the ban on women driving.',mistral/prompt1,0.9247635006904601
Saudi woman conveniently dies in crash ‘while learning to drive’ before the country lifts its ban on female drivers,Mulher saudita convenientemente falece em acidente 'enquanto aprendia a dirigir' antes que o país levante a proibição sobre motoristas do sexo feminino.,"""Saudi woman conveniently passes away in an 'accident' while learning to drive before the country lifts the ban on female drivers.""",gpt/prompt4,0.9273654818534851
Saudi woman conveniently dies in crash ‘while learning to drive’ before the country lifts its ban on female drivers,"Mulher saudita cai em um acidente 'enquanto aprendia a dirigir', convenientemente, antes que o país levante a proibição de motoristas mulheres.","'A Saudi woman has an accident 'while learning to drive', conveniently before the country lifts the ban on women drivers.'",gpt/prompt3,0.928835153579711
Saudi woman conveniently dies in crash ‘while learning to drive’ before the country lifts its ban on female drivers,"Mulher saudita ""convenientemente"" morre em acidente ""enquanto aprendia a dirigir"" antes que o país retire sua proibição de condução feminina.","Saudi woman ""conveniently"" dies in a crash ""while learning to drive"" just as the country is poised to lift its ban on female drivers.",llama/prompt4,0.9577425718307491
Saudi woman conveniently dies in crash ‘while learning to drive’ before the country lifts its ban on female drivers,"Mulher saudita morre convenientemente em acidente ""enquanto aprendia a dirigir"" antes que o país derrube seu veto às condutoras.","A Saudi woman dies conveniently in a fatal crash ""while learning to drive"" just as Saudi Arabia was poised to lift its ban on female drivers.",llama/prompt3,0.9626631736755371
Saudi woman conveniently dies in crash ‘while learning to drive’ before the country lifts its ban on female drivers,Mulher saudita convenientemente morre em acidente 'enquanto aprendia a dirigir' antes que o país levantasse sua proibição de motoristas do sexo feminino.,"""Saudi woman conveniently dies in an 'accident' while learning to drive before the country lifted its ban on female drivers.""",gpt/prompt2,0.9733858108520501
Saudi woman conveniently dies in crash ‘while learning to drive’ before the country lifts its ban on female drivers,'Mulher saudita morre convenientemente em acidente 'enquanto aprende a dirigir' antes do país levantar o banimento às motoristas mulheres'.,"A Saudi Arabian woman conveniently died in an accident ""while learning to drive"" just before the country lifted the ban on women drivers.",mistral/prompt4,0.977762818336486
Saudi woman conveniently dies in crash ‘while learning to drive’ before the country lifts its ban on female drivers,"Mulher saudita morre convenientemente em acidente ""enquanto aprendia a dirigir"", pouco antes do país suspender a proibição de mulheres ao volante.","Saudi woman dies ""conveniently"" in accident ""while learning to drive,"" shortly before the country lifted its driving ban on women.",gemini/prompt2,0.977904319763183
Saudi woman conveniently dies in crash ‘while learning to drive’ before the country lifts its ban on female drivers,Mulhera saudita morre acidentalmente em acidente 'enquanto aprende a dirigir' justo antes do país afrouxar as restrições ao direção feminina.,Saudi woman dies in accidental car crash 'while learning to drive' just before the country relaxes restrictions on female driving.,llama/prompt1,0.9841951131820671
Saudi woman conveniently dies in crash ‘while learning to drive’ before the country lifts its ban on female drivers,"Mulher saudita morre ""convenientemente"" em um acidente enquanto ""aprendia a dirigir"" pouco antes do país acabar com a proibição de mulheres ao volante.","Saudi woman dies ""conveniently"" in a car accident while ""learning to drive"" shortly before the country lifts its ban on women driving.",gemma3/prompt2,0.9852211475372311
Saudi woman conveniently dies in crash ‘while learning to drive’ before the country lifts its ban on female drivers,"Mulher saudita morre ""convenientemente"" em um acidente enquanto ""aprendia a dirigir"" antes do país revogar a proibição de mulheres ao volante.","Saudi woman dies ""conveniently"" in an accident while ""learning to drive"" before the country lifted its ban on women driving.",gemma3/prompt1,0.9856563806533811
Saudi woman conveniently dies in crash ‘while learning to drive’ before the country lifts its ban on female drivers,"Mulher saudita convenientemente morre em acidente ‘aprendendo a dirigir, antes de o país levantar a sua proibição de motoristas femininos","Saudi woman conveniently dies in an accident ‘learning to drive, before the country lifts its ban on female drivers",marian/,0.9892106056213371
Saudi woman conveniently dies in crash ‘while learning to drive’ before the country lifts its ban on female drivers,'Uma mulher saudita morre convenientemente em um acidente ‘enquanto aprendia a dirigir’ antes que o país levantasse sua proibição sobre motoristas do sexo feminino.',"""A Saudi woman conveniently dies in an accident 'while learning to drive' before the country lifted its ban on female drivers.""",gpt/prompt1,0.9907673597335811
Saudi woman conveniently dies in crash ‘while learning to drive’ before the country lifts its ban on female drivers,"Uma mulher saudita morre convenienteemente em um acidente ""enquanto aprendia a dirigir"" antes que o país levante sua proibição contra motoristas femininas.","A Saudi woman dies conveniently in an accident ""while learning to drive"" before the country lifts its ban on female drivers.",qwen/prompt2,0.9911134839057921
Saudi woman conveniently dies in crash ‘while learning to drive’ before the country lifts its ban on female drivers,"""Mulher saudita morre acidentalmente em acidente 'enquanto aprende a dirigir' justo antes do país abolir a proibição de mulheres dirigir.""","""A Saudi Arabian woman dies accidentally in a crash 'while learning to drive' just before the country abolishes its ban on women driving.""",llama/prompt2,0.9946126937866211
Saudi woman conveniently dies in crash ‘while learning to drive’ before the country lifts its ban on female drivers,"Mulher saudita morre convenientemente em acidente ""enquanto aprendia a conduzir"" antes do país levantar a proibição de mulheres conduzirem",Saudi woman conveniently dies in accident 'while learning to drive' before country lifts ban on women driving,gemmaX/,0.995757460594177
Saudi woman conveniently dies in crash ‘while learning to drive’ before the country lifts its ban on female drivers,"Mulher saudita convenientemente morre em acidente ""enquanto aprendia a dirigir"" antes do país suspender a proibição de mulheres motoristas.
","Saudi woman conveniently dies in an accident ""while learning to drive"" before the country lifts the ban on female drivers.",gemini/prompt1,1.0
Saudi woman conveniently dies in crash ‘while learning to drive’ before the country lifts its ban on female drivers,"""Mulher saudita morre convenientemente em acidente 'enquanto aprende a dirigir' antes de o país abolir sua proibição para mulheres dirigir.""","""A Saudi Arabian woman conveniently dies in a crash 'while learning to drive' before the country abolishes its ban on women driving.""",mistral/prompt2,1.0
Saudi woman conveniently dies in crash ‘while learning to drive’ before the country lifts its ban on female drivers,"Uma mulher saudita morre convenientemente em acidente ""aprendendo a dirigir"" antes que o país levante a proibição sobre motoristas femininas","A Saudi woman dies conveniently in a car accident while ""learning to drive"" before the country lifts the ban on female drivers.",qwen/prompt1,1.0
Rep. Moylan Revives His Campaign Against Law-Abiding Firearm Owners,Campanha de Revoy Reverte Contra Proprietários de Armas Legais,Campaign Against Legal Gun Owners,mistral/prompt2,0.47226437926292403
Rep. Moylan Revives His Campaign Against Law-Abiding Firearm Owners,Representante Moylan Reaviva Sua Campanha Contra Os Legais Detentores de Armas de Fogo,Moylan's Campaign Heats Up Against Gun Law Supporters,llama/prompt3,0.656418442726135
Rep. Moylan Revives His Campaign Against Law-Abiding Firearm Owners,"""Representante Moylan Relançou Sua Campanha Contra proprietários de Armas com Cidadania""","""Representante Moylan Relançou Sua Campanha Contra Proprietários de Armas com Cidadania""",mistral/prompt4,0.733647167682647
Rep. Moylan Revives His Campaign Against Law-Abiding Firearm Owners,Deputado Moylan Revive Sua Campanha Contra Dono Responsável de Armas de Fogo,"""Deputy Moylan Resurrects His Campaign Against Responsible Gun Owner""",mistral/prompt3,0.747191667556762
Rep. Moylan Revives His Campaign Against Law-Abiding Firearm Owners,Deputado Moylan Reacende a Caçada aos Proprietários Honrados de Armas de Fogo.,Representative Moylan Resumes the Hunt for Honest Gun Owners.,gemma3/prompt4,0.8720676898956291
Rep. Moylan Revives His Campaign Against Law-Abiding Firearm Owners,O Deputado Moylan Renova Sua Campanha Contra Donos de Armas Legais,Deputy Moylan Revives His Campaign Against Lawful Gun Owners,qwen/prompt3,0.8727703094482421
Rep. Moylan Revives His Campaign Against Law-Abiding Firearm Owners,Deputado Moylan Revive Sua Campanha Contra Donos de Armas de Fogo com Senso de Responsabilidade,Deputy Moylan Revives Campaign Against Gun Owners with Sense of Responsibility,mistral/prompt1,0.877257168292999
Rep. Moylan Revives His Campaign Against Law-Abiding Firearm Owners,Rep. Moylan Revive Sua Campanha Contra Proprietários Legítimos de Armas Nedelñas,Rep. Moylan Revives Campaign Against Legitimate Gun Owners in January,qwen/prompt1,0.891947627067565
Rep. Moylan Revives His Campaign Against Law-Abiding Firearm Owners,O Rep. Moylan Reativa Sua Campanha Contra Proprietários de Armas Responsáveis.,Representative Moylan Re-Activates Campaign Against Responsible Gun Owners.,llama/prompt2,0.9138568639755241
Rep. Moylan Revives His Campaign Against Law-Abiding Firearm Owners,Dep. Moylan Renova sua Campanha Contra Proprietários de Armas de Fogo Cumpridores da Lei,Del. Moylan Renews Campaign Against Law-Abiding Gun Owners,gemma3/prompt2,0.9146809577941891
Rep. Moylan Revives His Campaign Against Law-Abiding Firearm Owners,"Moylan reacende a caça aos donos de armas cumpridores da lei.
",Moylan reignites the hunt for law-abiding gun owners.,gemma3/prompt3,0.9259071350097651
Rep. Moylan Revives His Campaign Against Law-Abiding Firearm Owners,O Deputado Moylan Revive Sua Campanha Contra os Proprietários de Armas Legais,Deputy Moylan Revives His Campaign Against Legitimate Gun Owners,qwen/prompt4,0.9289747476577751
Rep. Moylan Revives His Campaign Against Law-Abiding Firearm Owners,"O Deputado Moylan reacende a fogueira contra os donos de armas de fogo que cumprem a lei.
",Moylan reignites the fire against law-abiding gun owners.,gemini/prompt3,0.9387050867080681
Rep. Moylan Revives His Campaign Against Law-Abiding Firearm Owners,"Moylan reacende a fogueira contra os donos de armas de fogo que cumprem a lei.
",Moylan reignites the bonfire against law-abiding gun owners.,gemini/prompt4,0.93923008441925
Rep. Moylan Revives His Campaign Against Law-Abiding Firearm Owners,O Deputado Moylan Revive Sua Campanha Contra Proprietários de Armas que Cumpram a Lei.,"""Deputy Moylan Revives His Campaign Against Law-Abiding Gun Owners.""",gpt/prompt2,0.9453816413879391
Rep. Moylan Revives His Campaign Against Law-Abiding Firearm Owners,O deputado Moylan reativa sua campanha contra proprietários de armas que cumprem a lei.,"""Deputy Moylan reactivates his campaign against law-abiding gun owners.""",gpt/prompt1,0.9554928541183471
Rep. Moylan Revives His Campaign Against Law-Abiding Firearm Owners,O Dep. Moylan Ressuscita Sua Campanha Contra os Cidadãos de Bem que Possuem Armas.,"""Rep. Moylan Revives His Campaign Against Law-Abiding Citizens Who Own Guns.""",gpt/prompt3,0.9575039744377131
Rep. Moylan Revives His Campaign Against Law-Abiding Firearm Owners,Deputado Moylan Renova sua Campanha Contra Donos de Armas de Fogo Cumpridores da Lei,Representative Moylan renews his campaign against law-abiding gun owners.,gemma3/prompt1,0.9589062929153441
Rep. Moylan Revives His Campaign Against Law-Abiding Firearm Owners,O Deputado Moylan Revive sua Campanha Contra Donos de Armas que Cumprem a Lei.,Congressman Moylan Revives His Campaign Against Law-Abiding Gun Owners.,gemini/prompt2,0.959807395935058
Rep. Moylan Revives His Campaign Against Law-Abiding Firearm Owners,Rep. Moylan Ressuscita Sua Campanha Contra Proprietários de Armas que Cumpram a Lei.,Rep. Moylan Revives His Campaign Against Law-Abiding Gun Owners.,gpt/prompt4,0.9857629537582391
Rep. Moylan Revives His Campaign Against Law-Abiding Firearm Owners,O deputado Moylan revive a sua campanha contra os proprietários de armas de fogo que cumprem a lei.,The legislator Moylan revives his campaign against law-abiding gun owners.,llama/prompt4,0.989179253578186
Rep. Moylan Revives His Campaign Against Law-Abiding Firearm Owners,Rep. Moylan Revitaliza sua campanha contra os possuidores de armas de fogo que respeitam a lei,Rep. Moylan has reignited his campaign against law-abiding gun owners,meta/,0.9912000298500061
Rep. Moylan Revives His Campaign Against Law-Abiding Firearm Owners,A campanha de Moylan contra proprietários legítimos de armas de fogo ganha novo fôlego.,Moylan's campaign against legitimate gun owners gains new momentum.,qwen/prompt2,0.9930474758148191
Rep. Moylan Revives His Campaign Against Law-Abiding Firearm Owners,Rep. Moylan Revive Sua Campanha Contra Proprietários de Armas de Fogo que Cumpram a Lei.,Rep. Moylan Revives His Campaign Against Law-Abiding Gun Owners.,llama/prompt1,0.999238610267639
Rep. Moylan Revives His Campaign Against Law-Abiding Firearm Owners,"Dep. Moylan retoma sua campanha contra proprietários de armas de fogo que cumprem a lei.
",Rep. Moylan resumes his campaign against law-abiding gun owners.,gemini/prompt1,1.0
Rep. Moylan Revives His Campaign Against Law-Abiding Firearm Owners,Deputado Moylan reavivou a sua campanha contra os proprietários de armas de fogo que respeitam a lei,Congressman Moylan has revived his campaign against law-abiding gun owners.,gemmaX/,1.0
Rep. Moylan Revives His Campaign Against Law-Abiding Firearm Owners,Rep. Moylan revive a sua campanha contra os proprietários de armas de fogo que respeitam a lei,Rep. Moylan revives his campaign against law-abiding gun owners,marian/,1.0
"Add another one, Virginia Tech has owned Virginia football since 2003.","Adicione mais uma, desde 2003 Virginia Tech tem levado a melhor no futebol vaquejada de Virginia.","Since 2003, Virginia Tech has been kicking the bucket in Virginia's rodeo football.",qwen/prompt4,0.588622570037841
"Add another one, Virginia Tech has owned Virginia football since 2003.","E botaram mais um prego, Virginia Tech domina o futebol da Virgínia desde 2003.",And they hammered home another nail: Virginia Tech has reigned supreme over Virginia football since 2003.,gemma3/prompt3,0.76948857307434
"Add another one, Virginia Tech has owned Virginia football since 2003.","Adicione mais uma, desde 2003, a Virginia Tech tem dominado o futebol virginalense.","""Since 2003, Virginia Tech has been dominating the virginal football scene, adding one more to the mix.""",qwen/prompt3,0.821116626262664
"Add another one, Virginia Tech has owned Virginia football since 2003.","Mais uma na conta, o Virginia Tech manda no futebol da Virgínia desde 2003.
","Another one in the win column, Virginia Tech's been running the show in Virginia football since '03.",gemini/prompt4,0.836619019508361
"Add another one, Virginia Tech has owned Virginia football since 2003.","Adicione mais uma, a Tech de Virgínia tem na manga a tecnologia do futebol de Virgínia desde 2003.","""Add one more, and Virginia Tech has got Virginia football's technology up its sleeve since 2003.""",llama/prompt4,0.872846484184265
"Add another one, Virginia Tech has owned Virginia football since 2003.","Adicione mais um, a Virginia Tech tem direito de ter Virginia futebol desde 2003.","Add one more, Virginia Tech has been eligible for Virginia football since 2003.",meta/,0.886639833450317
"Add another one, Virginia Tech has owned Virginia football since 2003.","Adicione mais uma, desde 2003, a Virginia Tech é a dona absoluto da Virginia futebol.","Since 2003, Virginia Tech has been the undisputed queen of Virginia football.",llama/prompt3,0.9014792442321771
"Add another one, Virginia Tech has owned Virginia football since 2003.","""Adicione outro, a Virginia Tech tem o controle do futebol da Virgínia desde 2003.""","""Add another, Virginia Tech has controlled Virginia high school football since 2003.""",llama/prompt2,0.919285655021667
"Add another one, Virginia Tech has owned Virginia football since 2003.","Adicione mais uma, a Virginia Tech domina o futebol da Virginia desde 2003.","""Add one more, Virginia Tech has been the ruler of Virginia's football since 2003.""",gpt/prompt3,0.9261530637741081
"Add another one, Virginia Tech has owned Virginia football since 2003.","Mais um prego no caixão, o Virginia Tech domina o futebol de Virginia desde 2003.
","Another nail in the coffin, Virginia Tech has owned Virginia football since 2003.",gemini/prompt3,0.9333198070526121
"Add another one, Virginia Tech has owned Virginia football since 2003.",Adicione mais um: Virginia Tech tem dominado o futebol da Virgínia desde 2003.,Virginia Tech has held the Virginia football crown since 2003.,gemma3/prompt4,0.9439983367919921
"Add another one, Virginia Tech has owned Virginia football since 2003.","Adicione mais um, a Virginia Tech controla o futebol da Virginia desde 2003.","""Add one more, Virginia Tech has been running the football in Virginia since 2003.""",mistral/prompt4,0.9467285871505731
"Add another one, Virginia Tech has owned Virginia football since 2003.","Adicione mais uma, a Virginia Tech tem dominado o futebol da Virginia desde 2003.","""Add another one, Virginia Tech has been ruling Virginia football since 2003.""",gpt/prompt4,0.9500492811203001
"Add another one, Virginia Tech has owned Virginia football since 2003.","Adicione mais uma, Virginia Tech tem dominado o futebol da Virginia desde 2003.","""Add another one, Virginia Tech has been the master of Virginia's football since 2003.""",mistral/prompt3,0.9504505395889281
"Add another one, Virginia Tech has owned Virginia football since 2003.","Adicione mais um, Virginia Tech tem dominado o futebol da Virginia desde 2003.","Add more to it, Virginia Tech has dominated Virginia football since 2003.",mistral/prompt2,0.9607346653938291
"Add another one, Virginia Tech has owned Virginia football since 2003.","Adicione mais uma, a Virginia Tech detém o futebol da Virgínia desde 2003.","""Add one more, and Virginia Tech has had Virginia football since 2003.""",llama/prompt1,0.9695763587951661
"Add another one, Virginia Tech has owned Virginia football since 2003.","Adicione outro, desde 2003 a Virginia Tech dominou o futebol da Virginia.","Add another, since 2003 Virginia Tech has dominated Virginia football.",qwen/prompt2,0.988524198532104
"Add another one, Virginia Tech has owned Virginia football since 2003.","Adicione mais um, a Virginia Tech tem dominado o futebol da Virginia desde 2003.","""Add one more, Virginia Tech has dominated Virginia football since 2003.""",gpt/prompt1,0.9904348850250241
"Add another one, Virginia Tech has owned Virginia football since 2003.","Adicione mais um, Virginia Tech dominou o futebol da Virgínia desde 2003.",Virginia Tech has dominated Virginia football since 2003.,mistral/prompt1,0.990866065025329
"Add another one, Virginia Tech has owned Virginia football since 2003.","Mais uma, Virginia Tech é proprietária do futebol da Virgínia desde 2003.",Virginia Tech has owned Virginia football since 2003.,marian/,0.9924238920211791
"Add another one, Virginia Tech has owned Virginia football since 2003.","Adicione mais um, desde 2003, o Virginia Tech tem dominado o futebol da Virginia.","Since 2003, Virginia Tech has dominated the Virginia football.",qwen/prompt1,0.992866039276123
"Add another one, Virginia Tech has owned Virginia football since 2003.","Adicione mais uma, Virginia Tech domina o futebol americano da Virginia desde 2003.
","Add one more, Virginia Tech has dominated Virginia football since 2003.",gemini/prompt1,0.9980729818344111
"Add another one, Virginia Tech has owned Virginia football since 2003.","Adicione mais uma, Virginia Tech domina o futebol americano de Virginia desde 2003.","Add another one, Virginia Tech has dominated Virginia football since 2003.",gemini/prompt2,0.9989930391311641
"Add another one, Virginia Tech has owned Virginia football since 2003.","Adicione mais um, Virginia Tech domina o futebol da Virginia desde 2003.","Add one more, Virginia Tech has dominated Virginia football since 2003.",gemma3/prompt1,1.0
"Add another one, Virginia Tech has owned Virginia football since 2003.","Adicione mais um, Virginia Tech domina o futebol da Virginia desde 2003.","Add one more, Virginia Tech has dominated Virginia football since 2003.",gemma3/prompt2,1.0
"Add another one, Virginia Tech has owned Virginia football since 2003.","Adicione mais uma, a Virginia Tech domina o futebol da Virginia desde 2003.","Add one more, and Virginia Tech has dominated Virginia football since 2003.",gemmaX/,1.0
"Add another one, Virginia Tech has owned Virginia football since 2003.","""Adicione mais uma, a Virginia Tech dominou o futebol da Virginia desde 2003.""","""Add one more, Virginia Tech has dominated Virginia football since 2003.""",gpt/prompt2,1.0
Security guard in Las Vegas shooting inexplicably disappears moments before interviews,"O guarda de segurança no tiroteio de Las Vegas some, inexplicavelmente, no exato momento em que os repórteres se aproximam.
","The security guard at the Las Vegas shooting vanishes, an improbable fade, precisely as the reporters close in.",gemma3/prompt3,0.667612552642822
Security guard in Las Vegas shooting inexplicably disappears moments before interviews,"O segurança da segurança desaparece inexplicavelmente em segundos, momentos antes de depor.","""The security of the security disappears inexplicably in seconds, just moments before testifying.""",llama/prompt3,0.6996406316757201
Security guard in Las Vegas shooting inexplicably disappears moments before interviews,"Guarda de segurança em Las Vegas dispara inexplicavelmente, momentos antes das entrevistas",Security guard in Las Vegas unleashes unexplained gunfire moments before interviews,meta/,0.801878809928894
Security guard in Las Vegas shooting inexplicably disappears moments before interviews,Segurança em atiradores de Las Vegas inexplicavelmente some momentos antes das entrevistas.,Security for Vegas shooters inexplicably disappears moments before interviews.,mistral/prompt1,0.8018890619277951
Security guard in Las Vegas shooting inexplicably disappears moments before interviews,Vigilante da segurança em tiroteio em Las Vegas inexplicavelmente desaparece momentos antes de depoimentos.,"""Security guard in Las Vegas inexplicably vanishes moments before taking a stand.""",llama/prompt4,0.8164379596710201
Security guard in Las Vegas shooting inexplicably disappears moments before interviews,Guarda-áltar no tiroteio em Las Vegas misteriosamente desaparece instantes antes das entrevistas,The altareguard mysteriously disappears right before the interviews in the Las Vegas shootout.,qwen/prompt4,0.831384181976318
Security guard in Las Vegas shooting inexplicably disappears moments before interviews,"""Segurança desaparece inexplicavelmente momentos antes de serem feitas entrevistas sobre tiroteio em Las Vegas.""","""Security disappears inexplicably moments before being interviewed about the Las Vegas shooting.""",llama/prompt2,0.8317682743072511
Security guard in Las Vegas shooting inexplicably disappears moments before interviews,Segurança em Las Vegas tiroteio inexplicavelmente desaparece momentos antes das entrevistas,Security in Las Vegas shooting inexplicably disappears moments before interviews,marian/,0.859526574611663
Security guard in Las Vegas shooting inexplicably disappears moments before interviews,O segurança da tragédia em Las Vegas desaparece inexplicavelmente momentos antes das entrevistas.,The guardian of tragedy in Las Vegas vanishes inexplicably moments before the interviews.,gpt/prompt4,0.8643034100532531
Security guard in Las Vegas shooting inexplicably disappears moments before interviews,"O segurança no tiroteio de Las Vegas, como fumaça que se esvai antes da entrevista.
","The security guard at the Las Vegas shooting, like smoke that dissipates before an interview.",gemini/prompt3,0.8684526681900021
Security guard in Las Vegas shooting inexplicably disappears moments before interviews,"""Segurança desaparece inexplicavelmente momentos antes das entrevistas sobre o tiroteio de Las Vegas.""","""Security mysteriously vanishes moments before the interviews about the Las Vegas shooting.""",gpt/prompt3,0.869728326797485
Security guard in Las Vegas shooting inexplicably disappears moments before interviews,Guarda de segurança no tiroteio de Las Vegas some inexplicavelmente nos instantes que antecedem os depoimentos.,Security guard at Las Vegas shooting vanishes into thin air as testimony nears.,gemma3/prompt4,0.8802114725112911
Security guard in Las Vegas shooting inexplicably disappears moments before interviews,"""Guarda de segurança em tiroteio em Las Vegas inexplicavelmente some segundos antes das entrevistas.""","""In Las Vegas, security guard at shootout vanishes inexplicably seconds before interviews.""",mistral/prompt3,0.8954383134841911
Security guard in Las Vegas shooting inexplicably disappears moments before interviews,Segurança em tiroteio em Las Vegas desaparece inexplicavelmente momentos antes das entrevistas.,"""Security at the shooting in Las Vegas disappears inexplicably moments before the interviews.""",gpt/prompt1,0.9320604801177971
Security guard in Las Vegas shooting inexplicably disappears moments before interviews,"O segurança do tiroteio em Las Vegas evaporou-se inexplicavelmente instantes antes das entrevistas.
",The security guard at the Las Vegas shooting vanished into thin air just moments before the interviews.,gemini/prompt4,0.9451576471328731
Security guard in Las Vegas shooting inexplicably disappears moments before interviews,"Guarda de segurança em tiroteio de Las Vegas desaparece inexplicavelmente momentos antes das entrevistas.
",Security guard at Las Vegas shooting inexplicably disappears moments before interviews.,gemini/prompt1,0.9611758589744561
Security guard in Las Vegas shooting inexplicably disappears moments before interviews,Guarda-costas em tiroteio em Las Vegas desaparece de forma inexplicada momentos antes das entrevistas,Bodyguard vanishes mysteriously before interviews following shooting incident in Las Vegas,qwen/prompt1,0.9692966938018791
Security guard in Las Vegas shooting inexplicably disappears moments before interviews,O guarda de segurança no tiroteio em Las Vegas desaparece misteriosamente momentos antes das entrevistas.,"""The security guard who was involved in the Las Vegas shooting vanishes mysteriously right before the interviews.""",qwen/prompt3,0.9712339043617241
Security guard in Las Vegas shooting inexplicably disappears moments before interviews,Guarda de segurança em um tiroteio em Las Vegas desaparece inexplicavelmente momentos antes das entrevistas.,"""Security guard in a Las Vegas shootout vanishes inexplicably moments before interviews.""",mistral/prompt4,0.9715416431427001
Security guard in Las Vegas shooting inexplicably disappears moments before interviews,Guarda de segurança em tiroteio de Las Vegas inexplicavelmente desaparece momentos antes das entrevistas.,Security guard in Las Vegas shooting inexplicably vanishes moments before interviews.,gemini/prompt2,0.9754444360733031
Security guard in Las Vegas shooting inexplicably disappears moments before interviews,Guarda de segurança em tiroteio em Las Vegas desaparece inexplicavelmente momentos antes de entrevistas,Security guard at Las Vegas shooting inexplicably disappears moments before interviews,gemmaX/,0.975726723670959
Security guard in Las Vegas shooting inexplicably disappears moments before interviews,Guarda de segurança em tiroteio em Las Vegas desaparece inexplicavelmente instantes antes de entrevistas.,Security guard in Las Vegas shooting vanishes inexplicably seconds before interviews.,llama/prompt1,0.986188530921936
Security guard in Las Vegas shooting inexplicably disappears moments before interviews,-guarda de segurança em tiroteio em Las Vegas desaparece inexplicavelmente momentos antes das entrevistas,"""Security guard in Las Vegas shooting disappears mysteriously moments before interviews.""",qwen/prompt2,0.9890221357345581
Security guard in Las Vegas shooting inexplicably disappears moments before interviews,Guarda de segurança em tiroteio em Las Vegas desaparece inexplicavelmente momentos antes de entrevistas.,Security guard vanishes inexplicably moments before interviews in Las Vegas.,gemma3/prompt1,0.9914296865463251
Security guard in Las Vegas shooting inexplicably disappears moments before interviews,Guarda de segurança em tiroteio em Las Vegas desaparece inexplicavelmente momentos antes de entrevistas.,Security guard disappears inexplicably moments before interviews in Las Vegas.,gemma3/prompt2,0.994747281074523
Security guard in Las Vegas shooting inexplicably disappears moments before interviews,"""Guarda de segurança no tiroteio de Las Vegas desaparece inexplicavelmente momentos antes das entrevistas.""","""Security guard at the Las Vegas shooting inexplicably disappears moments before the interviews.""",gpt/prompt2,0.997920870780944
Security guard in Las Vegas shooting inexplicably disappears moments before interviews,Guarda de segurança em Las Vegas desaparece inexplicavelmente momentos antes das entrevistas.,Security guard in Las Vegas disappears inexplicably moments before interviews.,mistral/prompt2,1.0
"In Danang, Vietnam, Trump Makes a Friendlier American Landing","Em Danang, Vietnã, Trump Faz Amigos com um Pouso Americano Mais Amigável","In Danang, Vietnam, Trump Makes Friends with a More Friendly American Touchdown",mistral/prompt1,0.6936879158020021
"In Danang, Vietnam, Trump Makes a Friendlier American Landing","Em Da Nang, Vietnã, Trump Conserta o Pousado Americano","In Da Nang, Vietnam, Trump Touches Down the American Embassy",qwen/prompt4,0.695328831672668
"In Danang, Vietnam, Trump Makes a Friendlier American Landing","Em Da Nang, Vietnã, Trump Amacia a Aterrissagem Americana.","In Da Nang, Vietnam, Trump Gentle-Landed American Legacy.",gemma3/prompt3,0.698985159397125
"In Danang, Vietnam, Trump Makes a Friendlier American Landing","Em Danang, Vietnam, Trump Toca no Coração da Américana","In Danang, Vietnam, Trump Touches the Heart of an American Woman",llama/prompt4,0.7164446115493771
"In Danang, Vietnam, Trump Makes a Friendlier American Landing","Em Danúbio, Vietnã, Trump faz um pouso americano mais amigável","In Danubio, Vietnam, Trump lands for a more friendly American touchdown.",qwen/prompt2,0.735980987548828
"In Danang, Vietnam, Trump Makes a Friendlier American Landing","Em Da Nang, Vietnã, Trump Faz um Pouso Americano Mais Amigável.
","In Da Nang, Vietnam, Trump Touches Down for a Friendlier American Landing.",gemma3/prompt4,0.7407069206237791
"In Danang, Vietnam, Trump Makes a Friendlier American Landing","Em Da Nang, Vietnã, Trump Faz um Pouso Mais Amigável para os Americanos","In Da Nang, Vietnam, Trump Lands More Friendly for Americans",qwen/prompt1,0.74738585948944
"In Danang, Vietnam, Trump Makes a Friendlier American Landing","Em Danang, Vietnã, Trump faz um Pouco Mais Agradável Pouso Americano","In Danang, Vietnam, Trump Lands a Marginally More Pleasant American Touchdown",llama/prompt3,0.7577100992202751
"In Danang, Vietnam, Trump Makes a Friendlier American Landing","Em Danang, Vietnam, Trump Faz um Desembarque Mais Amigável","In Danang, Vietnam, Trump Arrives on a More Cordial Shore",mistral/prompt4,0.8049962520599361
"In Danang, Vietnam, Trump Makes a Friendlier American Landing","Em Da Nang, Vietnã, Trump faz um pouso mais amigável dos Estados Unidos.","In Da Nang, Vietnam, Trump lands the U.S. more kindly.",qwen/prompt3,0.8152329325675961
"In Danang, Vietnam, Trump Makes a Friendlier American Landing",#Trump faz aterrissagem americana na região de Danang.,Trump makes American landing in the Danang region.,meta/,0.8440632820129391
"In Danang, Vietnam, Trump Makes a Friendlier American Landing","Em Da Nang, Vietnã, Trump faz um pouso mais amigável da América.
","In Da Nang, Vietnam, Trump makes a softer landing for America.",gemini/prompt4,0.8553812503814691
"In Danang, Vietnam, Trump Makes a Friendlier American Landing","Em Danang, no Vietnã, Trump faz uma chegada mais amigável dos EUA.","""In Danang, Vietnam, Trump makes a friendlier entrance for the U.S.""",mistral/prompt3,0.87857300043106
"In Danang, Vietnam, Trump Makes a Friendlier American Landing","Em Danang, Vietnam, Trump Faz uma Invasão Mais Amigável dos Estados Unidos","In Da Nang, Vietnam, Trump Makes a More Friendly US Invasion.",llama/prompt1,0.8824410438537591
"In Danang, Vietnam, Trump Makes a Friendlier American Landing","""Em Danang, Vietnã, Trump faz uma Invasão Americana Mais Amigável""","""Trump Launches a Friendlier US Invasion in Danang, Vietnam.""",llama/prompt2,0.8875510692596431
"In Danang, Vietnam, Trump Makes a Friendlier American Landing","Em Da Nang, Vietnã, Trump aterrissa em solo mais amigo.
","In Da Nang, Vietnam, Trump lands on friendlier soil.",gemini/prompt3,0.915427088737487
"In Danang, Vietnam, Trump Makes a Friendlier American Landing","Em Da Nang, Vietnã, Trump Faz um Aterrissagem Americana Mais Amigável.","""In Da Nang, Vietnam, Trump Makes a More Welcoming American Landing.""",gpt/prompt3,0.9529113173484801
"In Danang, Vietnam, Trump Makes a Friendlier American Landing","Em Danang, Vietnã, Trump faz um pouso americano mais amigável.","""In Danang, Vietnam, Trump makes a friendlier American landing.""",gpt/prompt1,0.9632939696311951
"In Danang, Vietnam, Trump Makes a Friendlier American Landing","Em Da Nang, Vietnã, Trump Faz um Pouso Americano Mais Amigável.
","In Da Nang, Vietnam, Trump Makes a Friendlier American Landing.",gemini/prompt1,0.9661808013916011
"In Danang, Vietnam, Trump Makes a Friendlier American Landing","Em Danang, Vietnã, Trump Faz um Aterrissagem Americana Mais Amigável.","In Danang, Vietnam, Trump Makes a Friendlier American Landing.",gpt/prompt4,0.9664207696914671
"In Danang, Vietnam, Trump Makes a Friendlier American Landing","""Em Danang, Vietnã, Trump Faz uma Aterrisagem Americano Mais Amigável""","""In Da Nang, Vietnam, Trump Makes a More Friendly U.S. Landing""",mistral/prompt2,0.9670969843864441
"In Danang, Vietnam, Trump Makes a Friendlier American Landing","Em Danang, no Vietname, Trump faz um pouso americano mais amigável","In Danang, Vietnam, Trump makes a friendlier American landing",gemmaX/,0.9689925909042351
"In Danang, Vietnam, Trump Makes a Friendlier American Landing","Em Danang, Vietnã, Trump faz um pouso americano mais amigável.","In Da Nang, Vietnam, Trump makes a friendlier American landing.",gemma3/prompt2,0.96964430809021
"In Danang, Vietnam, Trump Makes a Friendlier American Landing","Em Danang, Vietnã, Trump faz um pouso americano mais amigável.","In Danang, Vietnam, Trump makes a friendlier American landing.",gemma3/prompt1,0.9699380397796631
"In Danang, Vietnam, Trump Makes a Friendlier American Landing","Em Danang, Vietnã, Trump faz um pouso americano mais amigável.","In Danang, Vietnam, Trump makes a friendlier American landing.",gpt/prompt2,0.9699380397796631
"In Danang, Vietnam, Trump Makes a Friendlier American Landing","Em Da Nang, Vietnã, Trump Faz uma Aterrissagem Americana Mais Amigável.
","In Da Nang, Vietnam, Trump Makes a Friendlier American Landing.
",gemini/prompt2,0.985689043998718
"In Danang, Vietnam, Trump Makes a Friendlier American Landing","Em Danang, Vietnã, Trump faz um aterrissamento americano mais amigável","In Danang, Vietnam, Trump makes an American landing more friendly",marian/,0.996272921562194
Raiders Safety Keith McGill to Need Surgery After Fracturing Foot on Saturday,"""Ele estava de novo ao nível de uma doença e tinha os olhos no colo"".",He was again at a disease level and had his eyes on his lap.,meta/,0.29921549558639504
Raiders Safety Keith McGill to Need Surgery After Fracturing Foot on Saturday,"O safety dos Raiders, Keith McGill, terá que se afastar do jogo após fraturar o pé no sábado.
","Keith McGill, Raiders' safety, has been sidelined by a fractured foot, leaving the team's defense hobbled.",gemini/prompt3,0.355503112077713
Raiders Safety Keith McGill to Need Surgery After Fracturing Foot on Saturday,"O segurança dos Raiders, Keith McGill, terá de ir para o hospital depois de quebrar o pé no sábado.","The Raiders' safety, Keith McGill, is going to be singing a different tune from a hospital bed after breaking his foot on Saturday.",gemma3/prompt4,0.5762287378311151
Raiders Safety Keith McGill to Need Surgery After Fracturing Foot on Saturday,"""Raiders Safety Keith McGill requires surgery after breaking his foot on Saturday"" para o português é:

""Defesa dos Raiders Keith McGill precisa de cirurgia após quebrar o pé na manhã de sábado.""

(Nota: ""Saturday"" foi traduzido como ""sabado,"" e ""broken"" como ""quebrado,"" para manter a tradução literal, mas o sentido original da metáfora ""raiders"" foi mantido como ""defesa."")","""Defesa dos Raiders Keith McGill requires surgery after breaking his foot on Saturday.""",mistral/prompt3,0.596826314926147
Raiders Safety Keith McGill to Need Surgery After Fracturing Foot on Saturday,'Segurança dos Raiders Keith McGill precisa de cirurgia após fraturar o pé no sábado'.,Keith McGill's Raider teammates' safety requires surgery after fracturing his foot on Saturday.,mistral/prompt1,0.7773963809013361
Raiders Safety Keith McGill to Need Surgery After Fracturing Foot on Saturday,"A segurança dos Raiders, Keith McGill, sentiu o chão se abrir sob seus pés no sábado, resultando em uma fissura que o levará às salas de cirurgia.
","The ground seemed to give way beneath Raiders safety Keith McGill on Saturday, a fissure opening up that will lead him into the operating room.",gemma3/prompt3,0.785707473754882
Raiders Safety Keith McGill to Need Surgery After Fracturing Foot on Saturday,"O safety dos Raiders, Keith McGill, terá que passar por uma cirurgia após fraturar o pé no sábado.
",Raiders' safety Keith McGill will have to go under the knife after his foot went south on Saturday.,gemini/prompt4,0.79413092136383
Raiders Safety Keith McGill to Need Surgery After Fracturing Foot on Saturday,O raideiro Keith McGill precisa passar por cirurgia após fraturar o pé na manhã de sábado.,The injured Keith McGill must undergo surgery after fracturing his foot on Saturday morning.,mistral/prompt4,0.88701993227005
Raiders Safety Keith McGill to Need Surgery After Fracturing Foot on Saturday,"O segurança dos Raiders, Keith McGill, precisará subir ao ringue da cirurgia após ter sofrido um golpe cruel no sábado, fraturando seu pé.","""Raiders' safety Keith McGill will need to step into the surgical ring after taking a brutal blow on Saturday, suffering a devastating fracture to his foot.""",llama/prompt3,0.904459953308105
Raiders Safety Keith McGill to Need Surgery After Fracturing Foot on Saturday,Safety dos Raiders Keith McGill precisa de cirurgia após fraturar o pé no sábado,Raiders safety Keith McGill needs surgery after breaking his foot Saturday,gemmaX/,0.9449135065078731
Raiders Safety Keith McGill to Need Surgery After Fracturing Foot on Saturday,"O segurança dos Raiders, Keith McGill, estará precisando de cirurgia após fracturar o pé no sábado.","The Raiders' security, Keith McGill, will be in need of surgery after fracturing his toe on Saturday.",qwen/prompt3,0.9466614723205561
Raiders Safety Keith McGill to Need Surgery After Fracturing Foot on Saturday,"O safety dos Raiders, Keith McGill, precisará de cirurgia após quebrar o pé no sábado.","Raiders' safety, Keith McGill, will need surgery after breaking his foot on Saturday.",gpt/prompt4,0.9527366161346431
Raiders Safety Keith McGill to Need Surgery After Fracturing Foot on Saturday,O segurança Keith McGill dos Raiders precisará de cirurgia após quebrar o pé no sábado.,The security Keith McGill of the Raiders will need surgery after breaking his foot on Saturday.,qwen/prompt4,0.9557993412017821
Raiders Safety Keith McGill to Need Surgery After Fracturing Foot on Saturday,O Segurança Keith McGill dos Raiders precisará fazer uma cirurgia após se fraturar o pé no sábado.,"""Raiders safety Keith McGill will need surgery after fracturing his foot Saturday.""",llama/prompt1,0.9594703316688531
Raiders Safety Keith McGill to Need Surgery After Fracturing Foot on Saturday,"O Safety dos Raiders, Keith McGill, precisará de cirurgia após fraturar o pé no sábado.","""Raiders safety Keith McGill will need surgery after fracturing his foot on Saturday.""",llama/prompt2,0.9646937847137451
Raiders Safety Keith McGill to Need Surgery After Fracturing Foot on Saturday,Segurança dos Raiders Keith McGill precisa de cirurgia depois de fraturar o pé no sábado,Raiders Security Keith McGill needs surgery after breaking his foot on Saturday.,marian/,0.9668866395950311
Raiders Safety Keith McGill to Need Surgery After Fracturing Foot on Saturday,"O segurança dos Raiders, Keith McGill, precisará de uma cirurgia após quebrar o pé no sábado.","The Raiders' security guard, Keith McGill, will need surgery after breaking his foot on Saturday.",llama/prompt4,0.9673132896423341
Raiders Safety Keith McGill to Need Surgery After Fracturing Foot on Saturday,"O segurança dos Raiders, Keith McGill, precisará de cirurgia após fracturar o pé no sábado.",The Raiders' security Keith McGill will need surgery after fracturing his foot on Saturday.,qwen/prompt1,0.9681422710418701
Raiders Safety Keith McGill to Need Surgery After Fracturing Foot on Saturday,Líder de segurança do Raiders Keith McGill precisa de cirurgia após fratura no pé no sábado,Raiders' security leader Keith McGill needs surgery after Saturday's foot fracture.,mistral/prompt2,0.9693517088890071
Raiders Safety Keith McGill to Need Surgery After Fracturing Foot on Saturday,"O segurança dos Raiders, Keith McGill, precisará passar por cirurgia após quebrar o pé no sábado.",Raiders safety Keith McGill will need to undergo surgery after fracturing his foot on Saturday.,gpt/prompt3,0.9711313247680661
Raiders Safety Keith McGill to Need Surgery After Fracturing Foot on Saturday,"O segurança do Raiders, Keith McGill, precisará de cirurgia após fraturar o pé no sábado.",Raiders security Keith McGill will need surgery after fracturing his foot on Saturday.,gpt/prompt1,0.9756548404693601
Raiders Safety Keith McGill to Need Surgery After Fracturing Foot on Saturday,O safety Keith McGill dos Raiders precisará de cirurgia após fracturar o pé no sábado.,The Raiders' safety Keith McGill will need surgery after fracturing his foot on Saturday.,qwen/prompt2,0.9811179637908931
Raiders Safety Keith McGill to Need Surgery After Fracturing Foot on Saturday,"O jogador de segurança dos Raiders, Keith McGill, precisará de cirurgia após fraturar o pé no sábado.",Raiders safety player Keith McGill will need surgery after fracturing his foot on Saturday.,gemma3/prompt2,0.9820138216018671
Raiders Safety Keith McGill to Need Surgery After Fracturing Foot on Saturday,"O safety dos Raiders, Keith McGill, precisará de cirurgia após fraturar o pé no sábado.",Raiders safety Keith McGill will require surgery after fracturing his foot on Saturday.,gemini/prompt2,0.9824159145355221
Raiders Safety Keith McGill to Need Surgery After Fracturing Foot on Saturday,"O segurança dos Raiders, Keith McGill, precisará de cirurgia após fraturar o pé no sábado.",Raiders safety Keith McGill will require surgery after fracturing his foot on Saturday.,gpt/prompt2,0.9824159145355221
Raiders Safety Keith McGill to Need Surgery After Fracturing Foot on Saturday,"O jogador de segurança dos Raiders, Keith McGill, precisará de cirurgia após fraturar o pé no sábado.",Raiders safety Keith McGill will need surgery after fracturing his foot on Saturday.,gemma3/prompt1,0.983638763427734
Raiders Safety Keith McGill to Need Surgery After Fracturing Foot on Saturday,"Safety do Raiders, Keith McGill, precisará de cirurgia após fraturar o pé no sábado.
",Raiders safety Keith McGill will need surgery after fracturing his foot on Saturday.,gemini/prompt1,0.9849498271942131
Robots will touch more tenderly when they wear this sensitive skin,Os robots tocarão mais com ternura quando usarem esta pele sensível,"That's a great idea"". And robots play more affectionately when they wear this sensitive skin.",meta/,0.49642258882522505
Robots will touch more tenderly when they wear this sensitive skin,Robôs tocarão com mais suavidade quando vestirem esta pele sensível.,Robôs tocarão com mais suavidade quando se envolverem nestes véus macios.,llama/prompt4,0.756707072257995
Robots will touch more tenderly when they wear this sensitive skin,"Quando vestirem essa pele sensível, os robôs acarinharão com mais doçura.
","When they don this fragile hide, robots will caress with greater tenderness.",gemma3/prompt4,0.841459989547729
Robots will touch more tenderly when they wear this sensitive skin,"Robôs tocarão com mais delicadeza, ao sentirem a pele do outro.
","Robots will learn to caress, as they learn to feel each other's skin.",gemini/prompt3,0.851134538650512
Robots will touch more tenderly when they wear this sensitive skin,Os robôs tocarão com mais ternura quando usarem essa pele sensível.,"""Os robôs tocariam com mais ternura quando vestirem essa pele sensível.""",llama/prompt3,0.8983135223388671
Robots will touch more tenderly when they wear this sensitive skin,Os robôs tocarão com mais suavidade quando vestirem esta pele sensível.,Robots will play with more tenderness when attired in this sensitive skin.,qwen/prompt4,0.918405771255493
Robots will touch more tenderly when they wear this sensitive skin,Os robôs tocarão com mais delicadeza quando estiverem vestindo essa pele sensível.,Robots will play with greater delicacy when donning this sensitive skin.,qwen/prompt3,0.9297771453857421
Robots will touch more tenderly when they wear this sensitive skin,Os robôs tocarão mais suavemente quando vestirem essa pele sensível.,The robots will play more softly when clad in this sensitive skin.,llama/prompt2,0.9406772851943971
Robots will touch more tenderly when they wear this sensitive skin,Os robôs tocarão com mais ternura quando vestirem esta pele sensível.,"""The robots will play with more tenderness when they wear this sensitive skin.""",gpt/prompt3,0.9512025117874141
Robots will touch more tenderly when they wear this sensitive skin,Os robôs tocarão com mais ternura quando vestirem esta pele sensível.,"""The robots will play with more tenderness when they wear this sensitive skin.""",gpt/prompt4,0.9512026309967041
Robots will touch more tenderly when they wear this sensitive skin,Os robôs tocarão com mais delicadeza quando vestirem essa pele sensível.,Robots will play with more delicacy when dressed in this sensitive skin.,qwen/prompt1,0.9524794816970821
Robots will touch more tenderly when they wear this sensitive skin,Robôs vão tocar com mais carinho quando usarem essa pele sensível.,Robots will play with more tenderness when they use this sensitive skin.,mistral/prompt4,0.9538437128067011
Robots will touch more tenderly when they wear this sensitive skin,"Quando vestirem essa pele sensível, os robôs acariciarão com mais delicadeza.","Once cloaked in this fragile skin, robots will caress with greater tenderness.",gemma3/prompt3,0.9711246490478511
Robots will touch more tenderly when they wear this sensitive skin,"""Robôs serão mais carinhosos quando tiverem essa pele sensível.""","""Robots will be more affectionate when they have that sensitive skin.""",mistral/prompt3,0.9718155860900871
Robots will touch more tenderly when they wear this sensitive skin,Os robôs tocarão mais gentilmente quando vestirem esta pele sensível.,Robots will gently touch more when wearing this sensitive skin.,qwen/prompt2,0.9746716022491451
Robots will touch more tenderly when they wear this sensitive skin,Os robôs tocarão com mais ternura quando vestirem essa pele sensível.,The robots will play with more tenderness when they wear this sensitive skin.,llama/prompt1,0.9781445264816281
Robots will touch more tenderly when they wear this sensitive skin,Os robôs tocarão de forma mais delicada quando usarem esta pele sensível.,The robots will play more gently when using this sensitive skin.,gpt/prompt1,0.9813815355300901
Robots will touch more tenderly when they wear this sensitive skin,Robôs tocarão com mais delicadeza quando vestirem esta pele sensível.,Robots will play with more delicacy when they wear this sensitive skin.,gemma3/prompt1,0.9821471571922301
Robots will touch more tenderly when they wear this sensitive skin,"Robôs tocarão com mais ternura quando vestirem essa pele sensível.
",Robots will caress with more tenderness when they wear this sensitive skin.,gemini/prompt4,0.982423424720764
Robots will touch more tenderly when they wear this sensitive skin,Robôs tocarão com mais delicadeza quando usarem esta pele sensível.,Robots will play with more delicacy when they use this sensitive skin.,gemini/prompt2,0.9830099344253541
Robots will touch more tenderly when they wear this sensitive skin,Robôs tocarão com mais delicadeza quando usarem esta pele sensível.,Robots will play with more delicacy when they use this sensitive skin.,gemma3/prompt2,0.9830100536346431
Robots will touch more tenderly when they wear this sensitive skin,Robôs vão tocar mais ternamente quando eles usam esta pele sensível,Robots will touch more tenderly when they wear this sensitive skin,marian/,0.985070347785949
Robots will touch more tenderly when they wear this sensitive skin,"""Os robôs tocarão mais suavemente quando usarem esta pele sensível.""","""The robots will play more gently when using this sensitive skin.""",gpt/prompt2,0.985547542572021
Robots will touch more tenderly when they wear this sensitive skin,"Robôs tocarão com mais delicadeza quando usarem essa pele sensível.
",Robots will play more delicately when they use this sensitive skin.,gemini/prompt1,0.9862254858016961
Robots will touch more tenderly when they wear this sensitive skin,Robôs toque com mais delicadeza quando usarem essa pele sensível.,Robots touch with more delicacy when using that sensitive skin.,mistral/prompt1,0.9947093725204461
Robots will touch more tenderly when they wear this sensitive skin,Os robôs tocarão com mais ternura quando usarem esta pele sensível,Robots will touch more tenderly when they use this sensitive skin,gemmaX/,1.0
Robots will touch more tenderly when they wear this sensitive skin,"""Os robôs serão mais sensíveis quando usarem essa pele delicada.""","""Robots will be more sensitive when they use this delicate skin.""",mistral/prompt2,1.0
Acting Manhattan U.S. Attorney and DEA announce provisional arrest in London of Pakistani National for drug-trafficking on a massive scale,Anúncio do Provisório Preso em Londres de Cidadão Paquistanês pelo Comércio ILEGAL em Massa de Entorpecentes por Parte do Procurador-Auxiliar da Manhã e DEA,The Provisional Announced Hangged in London by the Deputy Morning Prosecutor and DEA for Temporary Detention of Pakistani Citizen Allegedly Involved in ILLICIT Trade of Drug Mass,qwen/prompt4,0.178385511040687
Acting Manhattan U.S. Attorney and DEA announce provisional arrest in London of Pakistani National for drug-trafficking on a massive scale,"Atuando como Promotor dos Estados Unidos em Manhattan e a DEA anunciam a prisão provisória, em Londres, de um nacional paquistanês envolvido em um tráfico de drogas de proporções colossais.
","Stepping into the shoes of the United States Attorney for Manhattan and alongside the DEA, we announce the temporary takedown, in London, of a Pakistani national entangled in a drug trafficking operation of colossal scale.",gemma3/prompt4,0.59072196483612
Acting Manhattan U.S. Attorney and DEA announce provisional arrest in London of Pakistani National for drug-trafficking on a massive scale,A Procuradoria de Manhattan e a Direcção da Drogas anunciaram detenção temporária no Reino Unido de um cidadão paquistanês por tráfico de droga em escala maciça.,"The Manhattan District Attorney and the Directorate of Narcotics, both of which have announced the temporary arrest of a Pakistani citizen in the UK for massive drug trafficking.",meta/,0.7060359716415401
Acting Manhattan U.S. Attorney and DEA announce provisional arrest in London of Pakistani National for drug-trafficking on a massive scale,"O Procurador de Manhattan e a DEA anunciam a prisão provisória em Londres de um paquistanês, acusado de traficar drogas em larga escala, com as algemas a apertarem os punhos.
","The Manhattan DA and the DEA have announced the provisional lock-up in London of a Pakistani national, accused of peddling narcotics on a grand scale, the handcuffs now biting into his wrists.",gemini/prompt4,0.744231462478637
Acting Manhattan U.S. Attorney and DEA announce provisional arrest in London of Pakistani National for drug-trafficking on a massive scale,O Procurador-Geral de Manhattan e a DEA anunciam a prisão provisória em Londres do Paquistão Nacional por tráfico de drogas em escala maciça,Manhattan Attorney General and DEA Announce Interim Prison in London of National Pakistan for Mass-Scale Drug Trafficking,marian/,0.7533929944038391
Acting Manhattan U.S. Attorney and DEA announce provisional arrest in London of Pakistani National for drug-trafficking on a massive scale,O promotor federal da cidade de Nova York e a DEA anunciaram a prisão cautelar em Londres de um nacional paquistanês por tráfico de drogas em uma escala monumental.,"The U.S. Attorney for New York City and the DEA announced the arrest of a Pakistani national in London, as part of a monumental operation to weigh down a massive narcotics trafficking scale.",llama/prompt3,0.789119601249694
Acting Manhattan U.S. Attorney and DEA announce provisional arrest in London of Pakistani National for drug-trafficking on a massive scale,O Ator Promotor Federal de Manhattan e a DEA anunciam uma prisão provisória em Londres de um cidadão paquistanês por tráfico de drogas em uma escala massiva.,"""The Manhattan Stage Manager and the DEA announce a provisional incarceration of a Pakistani citizen in London for a massive drug trafficking operation.""",qwen/prompt3,0.792862296104431
Acting Manhattan U.S. Attorney and DEA announce provisional arrest in London of Pakistani National for drug-trafficking on a massive scale,"A Procuradoria Federal interina de Manhattan e a DEA anunciam a prisão provisória em Londres de um paquistanês, acusado de regar o mundo com narcóticos.
","The interim Manhattan U.S. Attorney and the DEA have announced the provisional capture in London of a Pakistani, accused of drenching the world in narcotics.",gemini/prompt3,0.7946231365203851
Acting Manhattan U.S. Attorney and DEA announce provisional arrest in London of Pakistani National for drug-trafficking on a massive scale,Promotor de Manhattan nos EUA e a DEA anunciam prisão cautelar em Londres de nacional pakistanês por tráfico de drogas em grande escala.,"""The Manhattan promoter in the US and the DEA announce an arrest warrant in London for a Pakistani national for drug trafficking on a large scale.""",mistral/prompt4,0.846634030342102
Acting Manhattan U.S. Attorney and DEA announce provisional arrest in London of Pakistani National for drug-trafficking on a massive scale,O Procurador Distrital dos EUA e a DEA em Manhattan anunciam a prisão cautelar em Londres de um nacional pakistanês por tráfico de drogas em uma escala monumental.,The U.S. Attorney for the Southern District of New York and the DEA in Manhattan announce the detention in London of a Pakistani national for monumental narcotics trafficking.,llama/prompt4,0.85566234588623
Acting Manhattan U.S. Attorney and DEA announce provisional arrest in London of Pakistani National for drug-trafficking on a massive scale,Promotor dos Estados Unidos e a DEA anunciam prisão provisória em Londres de nacional do Paquistão por tráfico de drogas em grande escala,U.S. Attorney and DEA Announce Arrest in London of Pakistani National for Major Drug Trafficking,mistral/prompt2,0.861182928085327
Acting Manhattan U.S. Attorney and DEA announce provisional arrest in London of Pakistani National for drug-trafficking on a massive scale,O Procurador da cidade de Nova York e o DEA anunciam a prisão provisória em Londres de um nacional paquistanês por tráfico de drogas em grande escala.,The city prosecutor and the DEA announce the provisional arrest in London of a Pakistani national for large-scale drug trafficking.,qwen/prompt2,0.909903168678283
Acting Manhattan U.S. Attorney and DEA announce provisional arrest in London of Pakistani National for drug-trafficking on a massive scale,O procurador interino de Manhattan e a DEA anunciam a prisão provisória em Londres de um cidadão paquistanês por tráfico de drogas em grande escala,Manhattan U.S. Attorney and DEA Announce the Provisional Arrest in London of a Pakistani National for Large-Scale Drug Trafficking,gemmaX/,0.9278311729431151
Acting Manhattan U.S. Attorney and DEA announce provisional arrest in London of Pakistani National for drug-trafficking on a massive scale,Procurador-geral interino do Distrito de Manhattan e DEA anunciaram a prisão preventiva em Londres de um nacional paquistanês por tráfico de drogas em larga escala.,Acting Manhattan District Attorney and DEA announced the pre-arrest of a Pakistani national in London for large-scale narcotics trafficking.,llama/prompt2,0.9398695826530451
Acting Manhattan U.S. Attorney and DEA announce provisional arrest in London of Pakistani National for drug-trafficking on a massive scale,"O promotor de Manhattan e a DEA anunciam a captura provisória, em Londres, de um nacional paquistanês, tecendo uma teia de tráfico de drogas em proporções colossais.","The Manhattan DA and DEA announce the temporary apprehension in London of a Pakistani national, revealing a sprawling web of drug trafficking on a colossal scale.",gemma3/prompt3,0.9430797100067131
Acting Manhattan U.S. Attorney and DEA announce provisional arrest in London of Pakistani National for drug-trafficking on a massive scale,O promotor interino dos EUA para o Distrito de Manhattan e a DEA anunciam a prisão provisória em Londres de um nacional paquistanês por tráfico de drogas em larga escala.,The Acting U.S. Attorney for the Southern District of New York and the DEA announce the temporary arrest in London of a Pakistani national for large-scale drug trafficking.,gemma3/prompt1,0.9455203413963311
Acting Manhattan U.S. Attorney and DEA announce provisional arrest in London of Pakistani National for drug-trafficking on a massive scale,O promotor interino dos EUA para o Distrito de Manhattan e a DEA anunciam a prisão provisória em Londres de um nacional paquistanês por tráfico de drogas em grande escala.,The Acting U.S. Attorney for the Southern District of New York and the DEA announce the temporary arrest in London of a Pakistani national for large-scale drug trafficking.,gemma3/prompt2,0.9457767605781551
Acting Manhattan U.S. Attorney and DEA announce provisional arrest in London of Pakistani National for drug-trafficking on a massive scale,Procurador dos EUA em Manhattan e a DEA anunciam prisão temporária em Londres de nacional do Paquistão por tráfico de drogas em grande escala.,The Prosecutor from the US in Manhattan and the DEA announce the temporary arrest in London of a Pakistani national for large-scale drug trafficking.,mistral/prompt3,0.945822119712829
Acting Manhattan U.S. Attorney and DEA announce provisional arrest in London of Pakistani National for drug-trafficking on a massive scale,Procurador dos EUA de Manhattan em exercício e DEA anunciam prisão provisória em Londres de nacional paquistanês por tráfico de drogas em larga escala.,"""Manhattan U.S. Attorney and DEA announce provisional arrest in London of Pakistani national for large-scale drug trafficking.""",gpt/prompt1,0.9555437564849851
Acting Manhattan U.S. Attorney and DEA announce provisional arrest in London of Pakistani National for drug-trafficking on a massive scale,'Promotor de Manhattan e a DEA anunciam prisão provisória em Londres de nacional pakistanês por tráfico de drogas em grande escala',"""A Promoter of Manhattan and the DEA announce the provisional arrest in London of a Pakistani national on charges of large-scale drug trafficking""",mistral/prompt1,0.9602746963500971
Acting Manhattan U.S. Attorney and DEA announce provisional arrest in London of Pakistani National for drug-trafficking on a massive scale,O procurador-geral interino de Manhattan e a DEA anunciaram a prisão preventiva em Londres de um cidadão paquistanês por tráfico de drogas em grande escala.,The Acting Manhattan District Attorney and the DEA announced the arrest in London of a Pakistani citizen on charges of large-scale narcotics trafficking.,llama/prompt1,0.9744510650634761
Acting Manhattan U.S. Attorney and DEA announce provisional arrest in London of Pakistani National for drug-trafficking on a massive scale,Procurador Federal de Nova York em exercício e a DEA anunciam detenção provisória em Londres de um nacional paquistanês por tráfico de drogas em grande escala,The Acting Federal Prosecutor of New York and the DEA announce the provisional arrest in London of a Pakistani national for large-scale drug trafficking.,qwen/prompt1,0.9802966117858881
Acting Manhattan U.S. Attorney and DEA announce provisional arrest in London of Pakistani National for drug-trafficking on a massive scale,O Procurador dos EUA em Manhattan e a DEA anunciam a prisão provisória em Londres de cidadão paquistanês por tráfico de drogas em grande escala.,The U.S. Attorney in Manhattan and the DEA announce the temporary arrest in London of a Pakistani national for large-scale drug trafficking.,gpt/prompt4,0.9913111925125121
Acting Manhattan U.S. Attorney and DEA announce provisional arrest in London of Pakistani National for drug-trafficking on a massive scale,O Procurador dos EUA em Manhattan e a DEA anunciam a prisão provisória em Londres de um nacional paquistanês por tráfico de drogas em grande escala.,The U.S. Attorney in Manhattan and the DEA announce the provisional capture in London of a Pakistani national for large-scale drug trafficking.,gpt/prompt3,0.9913278818130491
Acting Manhattan U.S. Attorney and DEA announce provisional arrest in London of Pakistani National for drug-trafficking on a massive scale,"Procurador interino dos EUA em Manhattan e DEA anunciam prisão provisória em Londres de nacional paquistanês por tráfico de drogas em larga escala.
","Acting U.S. Attorney in Manhattan and DEA announce provisional arrest in London of Pakistani national for large-scale drug trafficking.
",gemini/prompt2,0.9931232929229731
Acting Manhattan U.S. Attorney and DEA announce provisional arrest in London of Pakistani National for drug-trafficking on a massive scale,"Procurador interino dos EUA em Manhattan e DEA anunciam prisão provisória em Londres de nacional paquistanês por tráfico de drogas em larga escala.
",Acting U.S. Attorney in Manhattan and DEA announce provisional arrest in London of Pakistani national for large-scale drug trafficking.,gemini/prompt1,0.9952613115310661
Acting Manhattan U.S. Attorney and DEA announce provisional arrest in London of Pakistani National for drug-trafficking on a massive scale,O Procurador dos EUA em exercício de Manhattan e a DEA anunciam a prisão provisória em Londres de um nacional paquistanês por tráfico de drogas em grande escala.,The acting U.S. Attorney for Manhattan and the DEA announce the provisional arrest in London of a Pakistani national for large-scale drug trafficking.,gpt/prompt2,0.9990425109863281
President Trump rescinds DACA mostly on false pretenses that are obvious,Trump revoga principalmente por pretextos falsos que são óbvios,"Trump rescisou majoritariamente por pretextos que são fáceis de descobrir, como se chutes em arco íris.",qwen/prompt4,0.5242179036140441
President Trump rescinds DACA mostly on false pretenses that are obvious,"""Rescindir DACA principalmente em fundamentações falsas que são evidentes.""","""Rescindir DACA principalmente em fundamentações falsas que são evidentes"" deve ser traduzido para o inglês como:

""Scrapping DACA largely based on false grounds that are evident.""",mistral/prompt4,0.5928793549537651
President Trump rescinds DACA mostly on false pretenses that are obvious,"O presidente Trump revoga a DACA com base em motivos falsos, que são um tapete de gato sobre a cara dele.","O presidente Trump revoga a DACA com base em motivos falsos, que são um tapete de gato sobre a cara dele.

Tradução: The President Trump revokes DACA based on false reasons, which are a cat's paw in his face.",llama/prompt4,0.596942842006683
President Trump rescinds DACA mostly on false pretenses that are obvious,"O presidente Trump revoga DACA, principalmente por mentiras óbvias que não valem a pele de uma formiga.",O presidente Trump revoga DACA principalmente por mentiras óbvias que não valeriam a pele de uma formiga.,llama/prompt3,0.59862470626831
President Trump rescinds DACA mostly on false pretenses that are obvious,"Trump revoga o DACA, a pretexto de falsidades deslavadas e evidentes.
","Trump slashes DACA with a rusty scythe, citing blatant and barefaced lies.",gemini/prompt3,0.7020494341850281
President Trump rescinds DACA mostly on false pretenses that are obvious,O presidente Trump rescindiu DACA principalmente em falsas pretensões que são óbvias,President Trump resigned DACA mainly in false pretensions that are obvious,marian/,0.807897210121154
President Trump rescinds DACA mostly on false pretenses that are obvious,"Trump rasga o véu do DACA, num palco de mentiras deslavadas.
","Trump tears the veil from DACA, on a stage of brazen lies.",gemini/prompt4,0.8229545354843141
President Trump rescinds DACA mostly on false pretenses that are obvious,"O Presidente Trump revogou基本翻译为：""O Presidente Trump revogou basicamente o DACA com base em pretextos falsos que são óbvios."" 为了保持原句的隐喻性，可以这样表达：

""O Presidente Trump revogou o DACA principalmente por pretextos falsos que são evidentes.""","""President Trump revoked DACA primarily on false pretexts that are obvious.""",qwen/prompt3,0.823307394981384
President Trump rescinds DACA mostly on false pretenses that are obvious,"Trump desfaz o DACA sob uma máscara de falsidades, tão claras que cegam.
","Trump dismantled DACA behind a mask of falsehoods, so blatant they blinded.",gemma3/prompt3,0.8825192451477051
President Trump rescinds DACA mostly on false pretenses that are obvious,"Trump revoga o DACA, alicerçado em falsidades tão claras quanto o dia.","Trump tears down DACA, built on falsehoods as plain as daylight.",gemma3/prompt4,0.925211727619171
President Trump rescinds DACA mostly on false pretenses that are obvious,O presidente Trump rescinde o DACA basicamente por falsas pretensões que são óbvias,President Trump rescinded DACA on basically bogus pretensions that are obvious.,meta/,0.933406949043273
President Trump rescinds DACA mostly on false pretenses that are obvious,"""Trump revoga o DACA por pretextos falsos e evidentes.""","""Trump cancels DACA with spurious and palpable excuses.""",mistral/prompt3,0.9461197853088371
President Trump rescinds DACA mostly on false pretenses that are obvious,"O Presidente Trump revoga o DACA, em grande parte, sob falsos pretextos que são óbvios.",President Trump largely rescinded DACA under pretext that were obvious and false.,gemma3/prompt1,0.9461596012115471
President Trump rescinds DACA mostly on false pretenses that are obvious,"O presidente Trump revoga em grande parte o DACA com pretextos falsos, óbvios.","President Trump largely reverses the DACA with obvious, false pretenses.",llama/prompt1,0.966715812683105
President Trump rescinds DACA mostly on false pretenses that are obvious,"O presidente Trump revoga o DACA, principalmente com base em pressupostos falsos que são evidentes.","""President Trump cancels DACA, primarily based on false assumptions that are evident.""",gpt/prompt3,0.9778634309768671
President Trump rescinds DACA mostly on false pretenses that are obvious,O presidente Trump revoga o DACA principalmente em razão de falsas justificativas óbvias.,President Trump revokes DACA primarily due to obvious false pretext.,llama/prompt2,0.9788485765457151
President Trump rescinds DACA mostly on false pretenses that are obvious,O Presidente Trump revoga o DACA principalmente sob pretextos falsos que são óbvios.,President Trump is revoking DACA primarily under false pretenses that are obvious.,gemma3/prompt2,0.979286074638366
President Trump rescinds DACA mostly on false pretenses that are obvious,O presidente Trump rescindiu o DACA principalmente com pretextos falsos óbvios.,The President Trump rescinded DACA mainly with obvious false pretexts.,mistral/prompt2,0.9876126050949091
President Trump rescinds DACA mostly on false pretenses that are obvious,O presidente Trump revoga o DACA principalmente com base em falsas pretensões que são óbvias.,"""President Trump revokes DACA primarily based on obvious false pretenses.""",gpt/prompt2,0.9892452955245971
President Trump rescinds DACA mostly on false pretenses that are obvious,Donald Trump revoga o DACA principalmente com pretextos falsos evidentes.,"""Donald Trump revoked DACA mainly using obvious false pretexts.""",mistral/prompt1,0.9894081354141231
President Trump rescinds DACA mostly on false pretenses that are obvious,O presidente Trump revoga o DACA principalmente com base em premissas falsas que são óbvias.,President Trump is revoking DACA primarily based on false premises that are obvious.,gpt/prompt1,0.9912000298500061
President Trump rescinds DACA mostly on false pretenses that are obvious,O presidente Trump revoga o DACA principalmente com base em falsas justificativas que são evidentes.,President Trump rescinds DACA primarily based on false justifications that are evident.,gpt/prompt4,0.9949395656585691
President Trump rescinds DACA mostly on false pretenses that are obvious,O presidente Trump revoga DACA principalmente com pretextos falsos que são óbvios.,President Trump rescinds DACA primarily on false pretenses that are obvious.,qwen/prompt1,0.9993880987167351
President Trump rescinds DACA mostly on false pretenses that are obvious,"O presidente Trump revoga o DACA, principalmente sob falsos pretextos que são óbvios.
","President Trump revokes DACA, mostly under false pretenses that are obvious.",gemini/prompt1,1.0
President Trump rescinds DACA mostly on false pretenses that are obvious,"O presidente Trump revoga o DACA, principalmente sob falsos pretextos que são óbvios.","President Trump rescinds DACA, primarily under false pretenses that are obvious.",gemini/prompt2,1.0
President Trump rescinds DACA mostly on false pretenses that are obvious,O Presidente Trump revoga o DACA essencialmente com base em pretextos falsos que são óbvios,President Trump revokes DACA essentially on the basis of false pretexts that are obvious,gemmaX/,1.0
President Trump rescinds DACA mostly on false pretenses that are obvious,O presidente Trump anula o DACA principalmente com pretexto falso que é óbvio.,President Trump rescinds the DACA mainly on a false pretext that is obvious.,qwen/prompt2,1.0
Hawkins: Good Guy with a Gun Could Have Stopped Stephen Paddock Before Mass Shooting,Um Herói de Armas Poderia Ter Silenciado Paddock Antes do Massacre.,A Shielded Warrior Might Have Still Stilled the Storm Before It Broke.,gemma3/prompt3,0.25676819682121205
Hawkins: Good Guy with a Gun Could Have Stopped Stephen Paddock Before Mass Shooting,Um Homem Bom com uma Arma Poderia Ter Parado Stephen Paddock Antes do Massacre,"A phrase can be translated creatively to English as follows:

""A good man with a gun could have stopped Stephen Paddock before the massacre.""

This translation maintains the metaphorical intent of the original phrase.",mistral/prompt3,0.37458544969558705
Hawkins: Good Guy with a Gun Could Have Stopped Stephen Paddock Before Mass Shooting,Um Boa-Pessoa com Um Revólver Podia Ter Evocado Stephen Paddock Antes do Massacre,"""A Good Person with a Revolver Could Have Haunted Stephen Paddock Before the Massacre""",qwen/prompt3,0.605218052864074
Hawkins: Good Guy with a Gun Could Have Stopped Stephen Paddock Before Mass Shooting,Um Bom Cara com Arma Poderia Ter Impedido Stephen Paddock Antes do Massacre.,A Good Man with Muscle Might Have Stopped Stephen Paddock Before the Carnage.,gemma3/prompt4,0.6450393199920651
Hawkins: Good Guy with a Gun Could Have Stopped Stephen Paddock Before Mass Shooting,"Hawkins: Um anjo de guarda com um cano na mão teria silenciado a orquestra de Paddock antes do concerto fúnebre.
",Hawkins: A guardian angel with a wrench in hand would have muted Paddock's orchestra before the funeral concert.,gemini/prompt3,0.7558078169822691
Hawkins: Good Guy with a Gun Could Have Stopped Stephen Paddock Before Mass Shooting,Hawkins: Um Bom Carregador de Armas Podia ter Evitado o Massacre Cometido por Stephen Paddock Antes,"""Hawkins: A Good Gun Cleaner Could Have Prevented the Massacre Committed by Stephen Paddock""",qwen/prompt2,0.787854552268981
Hawkins: Good Guy with a Gun Could Have Stopped Stephen Paddock Before Mass Shooting,Um Bom Caracter com uma Arma Podia ter Evitado Stephen Paddock Antes do Massacre,"""A Good Character with a Gun Could Have Prevented Stephen Paddock Before the Massacre"" 

Note que esta frase é mais de uma metáfora que uma expressão idiomática exata. Portanto, uma tradução direta é mais apropriada aqui, preservando o sentido original da afirmação.",qwen/prompt4,0.795487403869628
Hawkins: Good Guy with a Gun Could Have Stopped Stephen Paddock Before Mass Shooting,Homem bom com arma pode ter parado Stephen Paddock,Good man with a gun might've held Stephen Paddock off,meta/,0.7978472709655761
Hawkins: Good Guy with a Gun Could Have Stopped Stephen Paddock Before Mass Shooting,"Um mocinho com uma arma poderia ter estancado Stephen Paddock antes do massacre.
",A good guy with a gun could have nipped Stephen Paddock in the bud.,gemini/prompt4,0.801835119724273
Hawkins: Good Guy with a Gun Could Have Stopped Stephen Paddock Before Mass Shooting,"""Hawkins: Um Bom Lugar com uma Arma Poderia Ter Parado Stephen Paddock Antes do Tiroteio Masseiro""","""Hawkins: A Good Place with a Gun Might Have Stopped Stephen Paddock Before the Mass Shooting""",llama/prompt2,0.8584012389183041
Hawkins: Good Guy with a Gun Could Have Stopped Stephen Paddock Before Mass Shooting,O Bom Rapaz com um Arma Poderia Ter Parado Stephen Paddock Antes de Tiroteio em Masse,"""The Good Guy with a Gun Could Have Stopped Stephen Paddock Before the Mass Shooting""",llama/prompt3,0.894111931324005
Hawkins: Good Guy with a Gun Could Have Stopped Stephen Paddock Before Mass Shooting,Um Bom Moço com uma Arma Poderia Ter Impedido Stephen Paddock Antes da Chacina.,A Good Man with a Gun Could Have Stopped Stephen Paddock Before the Massacre.,gpt/prompt4,0.8989289999008171
Hawkins: Good Guy with a Gun Could Have Stopped Stephen Paddock Before Mass Shooting,Um Bom Cidadão Armado Poderia Ter Impedido Stephen Paddock Antes do Tiroteio em Massa.,"""A Good Armed Citizen Could Have Prevented Stephen Paddock Before the Mass Shooting.""",gpt/prompt3,0.9129920005798341
Hawkins: Good Guy with a Gun Could Have Stopped Stephen Paddock Before Mass Shooting,Boa pessoa com uma arma poderia ter evitado o tiroteio de Paddock antes do massacre,A good man with a gun could have prevented Paddock's shootout before the massacre.,mistral/prompt4,0.9175419211387631
Hawkins: Good Guy with a Gun Could Have Stopped Stephen Paddock Before Mass Shooting,Hawkins: Homem Bom com um Arma Poderia Ter Parado Stephen Paddock Antes de Tiro de Masse.,"""Hawkins: An Armed Citizen Could Have Stopped Stephen Paddock Before the Mass Shooting.""",llama/prompt1,0.925622582435607
Hawkins: Good Guy with a Gun Could Have Stopped Stephen Paddock Before Mass Shooting,Homem Bom com uma arma poderia ter parado Stephen Paddock antes do tiroteio em massa.,"A ""good guy with a gun"" could have stopped Stephen Paddock before the mass shooting.",llama/prompt4,0.9304087162017821
Hawkins: Good Guy with a Gun Could Have Stopped Stephen Paddock Before Mass Shooting,Hawkins: Bom tipo com uma arma poderia ter parado Stephen Paddock antes de tiros em massa,Hawkins: Good guy with a gun could have stopped Stephen Paddock before mass shots,marian/,0.9426050186157221
Hawkins: Good Guy with a Gun Could Have Stopped Stephen Paddock Before Mass Shooting,Hawkins: Boa Pessoa com uma Arma Poderia ter Parado Stephen Paddock Antes do Atirador em Massa,Hawkins: Good Person with a Gun Could Have Stopped Stephen Paddock Before the Mass Shooter.,mistral/prompt2,0.9484970569610591
Hawkins: Good Guy with a Gun Could Have Stopped Stephen Paddock Before Mass Shooting,"Hawkins: Um Cara Bom com uma Arma Poderia Ter Impedido Stephen Paddock Antes do Massacre.
",Hawkins: A Good Guy with a Gun Could Have Stopped Stephen Paddock Before the Massacre.,gemini/prompt1,0.96554160118103
Hawkins: Good Guy with a Gun Could Have Stopped Stephen Paddock Before Mass Shooting,Hawkins: Um Bom Homem com uma Arma Poderia Ter Parado Stephen Paddock Antes do Atentado,Hawkins: A Good Man with a Gun Could Have Stopped Stephen Paddock Before the Shooting,mistral/prompt1,0.9686758518218991
Hawkins: Good Guy with a Gun Could Have Stopped Stephen Paddock Before Mass Shooting,Hawkins: Um bom homem armado poderia ter parado Stephen Paddock antes do tiroteio em massa.,Hawkins: A good armed man could have stopped Stephen Paddock before the mass shooting.,gpt/prompt2,0.970408141613006
Hawkins: Good Guy with a Gun Could Have Stopped Stephen Paddock Before Mass Shooting,Hawkins: Um Bom Cidadão com um Revólver Podia ter Evitado o Massacre Cometido por Stephen Paddock,Hawkins: A Good Citizen with a Revolver Could Have Prevented the Massacre Committed by Stephen Paddock,qwen/prompt1,0.9732756614685051
Hawkins: Good Guy with a Gun Could Have Stopped Stephen Paddock Before Mass Shooting,Hawkins: um bom tipo com uma arma poderia ter parado Stephen Paddock antes do tiroteio em massa,Hawkins: A good guy with a gun could have stopped Stephen Paddock before the mass shooting,gemmaX/,0.9827965497970581
Hawkins: Good Guy with a Gun Could Have Stopped Stephen Paddock Before Mass Shooting,Hawkins: Um Bom Cara com uma Arma Poderia Ter Impedido Stephen Paddock Antes do Tiroteio em Massa,Hawkins: A Good Guy with a Gun Could Have Stopped Stephen Paddock Before the Mass Shooting,gpt/prompt1,0.9844040870666501
Hawkins: Good Guy with a Gun Could Have Stopped Stephen Paddock Before Mass Shooting,Hawkins: Um bom sujeito com uma arma poderia ter impedido Stephen Paddock antes do tiroteio em massa.,Hawkins: A good person with a gun could have stopped Stephen Paddock before the mass shooting.,gemma3/prompt2,0.9970066547393791
Hawkins: Good Guy with a Gun Could Have Stopped Stephen Paddock Before Mass Shooting,Hawkins: Um bom sujeito com uma arma poderia ter impedido Stephen Paddock antes do tiroteio em massa.,Hawkins: A good man with a gun could have stopped Stephen Paddock before the mass shooting.,gemma3/prompt1,0.9983997344970701
Hawkins: Good Guy with a Gun Could Have Stopped Stephen Paddock Before Mass Shooting,Hawkins: Um cara legal com uma arma poderia ter parado Stephen Paddock antes do tiroteio em massa.,Hawkins: A good guy with a gun could have stopped Stephen Paddock before the mass shooting.,gemini/prompt2,0.999022483825683
"California Needs a “Spec” Water Market, Not Contrived Markets","Califórnia precisa de ""Padrão Especial"" de Água, e não mercados artificialmente desenvolvidos",[Sarah] California needs water specialty and not artificially developed markets.,meta/,0.710595488548278
"California Needs a “Spec” Water Market, Not Contrived Markets","A Califórnia precisa de um ""mercado de água"" de verdade, não de criaturas da imaginação.","""California needs a real 'water market', not a creature of the imagination.""",llama/prompt3,0.7579818367958061
"California Needs a “Spec” Water Market, Not Contrived Markets","Califórnia Precisa de um Mercado de Água “Espécie”, Não de Mercados Forjados","""California Needs a Water 'Specie' Market, Not Fabricated Markets""",qwen/prompt3,0.7879866361618041
"California Needs a “Spec” Water Market, Not Contrived Markets","A Califórnia precisa de um ""mercado de água especializado"", não de mercados criados à força.","""A California needs a'specialized water market', not a forced market of its own creation.""",llama/prompt4,0.7996309995651241
"California Needs a “Spec” Water Market, Not Contrived Markets","A Califórnia Precisa de um Mercado de Água ""Específico"", Não de Mercados Fabricados.","""California Needs a 'Targeted' Water Market, Not Manufactured Markets.""",gpt/prompt3,0.816632986068725
"California Needs a “Spec” Water Market, Not Contrived Markets","""A California precisa de um 'espec' mercado de água, não de mercados armados.""","""California needs a'spec' water market, not armed markets.""",mistral/prompt3,0.834813475608825
"California Needs a “Spec” Water Market, Not Contrived Markets","A Califórnia precisa de um mercado de água, não de mercados contritos","California needs a water market, not contrite markets",marian/,0.860223174095153
"California Needs a “Spec” Water Market, Not Contrived Markets","Califórnia Precisa de um Mercado de Água “Spec”, Não de Mercados Inventados","California Needs a ""Spec"" Water Market, Not an Invented Market",qwen/prompt4,0.8711725473403931
"California Needs a “Spec” Water Market, Not Contrived Markets","California precisa de um mercado ""definitivo"" de água, não de mercados engendrados.","California needs a ""final"" market for water, not contrived markets.",mistral/prompt4,0.8726707696914671
"California Needs a “Spec” Water Market, Not Contrived Markets","Califórnia precisa de um mercado de água ""sob medida"", não mercados artificiais.
","California needs a ""bespoke"" water market, not artificial ones.",gemini/prompt4,0.890335202217102
"California Needs a “Spec” Water Market, Not Contrived Markets","A Califórnia precisa de um ""mercado de água sob medida"", não de mercados artificiais.
","California needs a ""bespoke water market,"" not artificial ones.",gemini/prompt3,0.8947956562042231
"California Needs a “Spec” Water Market, Not Contrived Markets","A Califórnia precisa de um mercado de água ""específico"", e não de mercados engessados.","California needs a ""tailored"" water market, not a one-size-fits-all approach.",gpt/prompt4,0.900655686855316
"California Needs a “Spec” Water Market, Not Contrived Markets","A Califórnia precisa de um mercado de água especulativa, não de mercados artificiais.","California needs a speculative water market, not an artificial one.",gemma3/prompt1,0.9111056327819821
"California Needs a “Spec” Water Market, Not Contrived Markets","A Califórnia precisa de um mercado de água ""sob medida"", não de soluções fabricadas.","California needs a bespoke water market, not off-the-rack solutions.",gemma3/prompt3,0.9177250266075131
"California Needs a “Spec” Water Market, Not Contrived Markets","A Califórnia precisa de um mercado de ""spec"" de água, não de mercados criados.","""California needs a 'water spec' market, not created markets.""",llama/prompt1,0.9194666147232051
"California Needs a “Spec” Water Market, Not Contrived Markets","A Califórnia precisa de um ""espec"" mercado de água, não de mercados artificiais.","California needs a ""spec"" water market, not artificial markets.",mistral/prompt2,0.919482469558715
"California Needs a “Spec” Water Market, Not Contrived Markets","A Califórnia precisa de um mercado de água ""sob medida"", não de mercados forçados.","California needs a tailored water market, not a one-size-fits-all solution.",gemma3/prompt4,0.921097517013549
"California Needs a “Spec” Water Market, Not Contrived Markets","A Califórnia precisa de um mercado de água “especulativo”, não de mercados artificialmente criados.","""California needs a 'speculative' water market, not artificially created markets.""",gpt/prompt1,0.9390459060668941
"California Needs a “Spec” Water Market, Not Contrived Markets","Califórnia Precisa de um Mercado de Água “Espécie Específica”, não de Mercados Fabricados","""California Needs a Specific Type of Water Market, Not Fabricated Markets""",qwen/prompt1,0.9393128156661981
"California Needs a “Spec” Water Market, Not Contrived Markets","A Califórnia precisa de um mercado de água “específico”, não de mercados fabricados.","California needs a ""specific"" water market, not manufactured markets.",gpt/prompt2,0.962223887443542
"California Needs a “Spec” Water Market, Not Contrived Markets","A Califórnia precisa de um mercado de água ""específico"", não mercados artificiais.","California needs a ""specific"" water market, not artificial markets.",gemini/prompt2,0.9641566276550291
"California Needs a “Spec” Water Market, Not Contrived Markets","Califórnia precisa de um mercado de água “específico”, não de mercados artificiais","California needs a “specific” water market, not artificial markets",gemmaX/,0.9650940895080561
"California Needs a “Spec” Water Market, Not Contrived Markets","""California Precisa de um Mercado 'Específico' de Água, Não de Mercados Artificiais""","""California Needs a 'Specific' Water Market, Not Artificial Markets.""",mistral/prompt1,0.9657322168350221
"California Needs a “Spec” Water Market, Not Contrived Markets","A Califórnia precisa de um mercado de água especulativo, não de mercados artificialmente criados.","California needs a speculative water market, not one artificially created.",gemma3/prompt2,0.9681088924407951
"California Needs a “Spec” Water Market, Not Contrived Markets","A Califórnia precisa de um mercado de água ""específico"", não mercados artificiais.
","California needs a ""specific"" water market, not artificial markets.",gemini/prompt1,0.973034977912902
"California Needs a “Spec” Water Market, Not Contrived Markets","Califórnia Precisa de um Mercado de Água ""Específico"", Não de Mercados Contratilidos","""California Needs a Specific Water Market, Not Contractual Markets.""",qwen/prompt2,0.9737968444824211
"California Needs a “Spec” Water Market, Not Contrived Markets","A Califórnia precisa de um mercado de ""específico"" de água, e não de mercados artificialmente criados.","California needs a ""specific"" water market, not artificially created markets.",llama/prompt2,0.9885947704315181
Photogallery - ‘Stranger Things’ creators plan to end series after fourth season,"""Galeria de Fotos""","""Photo Gallery""",mistral/prompt3,0.46379843354225103
Photogallery - ‘Stranger Things’ creators plan to end series after fourth season,"Galera de Fotos:  Criadores de ""Things Estranhos"" planejam encerrar série após quarta temporada.","The Photography Crew: Creators of ""Things Strange"" Plan to Put the Series Out of Its Misery After Fourth Season.",llama/prompt3,0.48258188366889904
Photogallery - ‘Stranger Things’ creators plan to end series after fourth season,"Os arquitetos de 'Stranger Things' anunciam o fim da jornada após o quarto ato.
",The architects of 'Stranger Things' declare the journey's blueprint complete after act four.,gemma3/prompt3,0.613773822784423
Photogallery - ‘Stranger Things’ creators plan to end series after fourth season,"O criador da série 'Stranger Things' tem planos para acabar com a história em um ""carrinho de brinquedos em chamas"" após a quarta temporada.","O criador da série 'Stranger Things' tem planos para encerrar a história em uma ""caixa de brinquedos em chamas"".",llama/prompt4,0.668850719928741
Photogallery - ‘Stranger Things’ creators plan to end series after fourth season,"Galeria de fotos - Criadores de 'Stranger Things' preparam o gran finale após a quarta temporada.
",Photo Gallery - 'Stranger Things' Architects Laying the Final Bricks After Season Four.,gemini/prompt3,0.6747670173645021
Photogallery - ‘Stranger Things’ creators plan to end series after fourth season,"O que está errado com o ""Stranger Things?""","What's wrong with ""stranger things?""",meta/,0.685990214347839
Photogallery - ‘Stranger Things’ creators plan to end series after fourth season,Galeria Fotográfica - Os criadores de 'Stranger Things' planejam colocar fim à série após a quarta temporada,Photographic Gallery - The creators of 'Stranger Things' are planning to put the camera on reset after the fourth season.,qwen/prompt3,0.801199197769165
Photogallery - ‘Stranger Things’ creators plan to end series after fourth season,"""Galera de Fotos - Criadore da 'Coisa' planejam terminar a série após quarta temporada.""","""Galera de Fotos - Creators of 'The Thing' plan to end the series after fourth season.""",llama/prompt2,0.829064846038818
Photogallery - ‘Stranger Things’ creators plan to end series after fourth season,"Os criadores de ‘Stranger Things’ preveem o fim da jornada após a quarta temporada.
",The architects of 'Stranger Things' foresee the journey’s final curtain after season four.,gemma3/prompt4,0.8328224420547481
Photogallery - ‘Stranger Things’ creators plan to end series after fourth season,"Galeria de Fotos - Criadores de ‘Stranger Things’ planejam baixar a cortina após a quarta temporada.
",Photo Gallery - 'Stranger Things' masterminds to pull the plug after season four.,gemini/prompt4,0.8360022306442261
Photogallery - ‘Stranger Things’ creators plan to end series after fourth season,Photogallery - ‘Stranger Things . criadores planejam terminar a série após a quarta temporada,Photogallery - ‘Foreign Things. Creators plan to finish the series after the fourth season,marian/,0.8662786483764641
Photogallery - ‘Stranger Things’ creators plan to end series after fourth season,Galeria de Fotos - Criaadores de 'Stranger Things' planejam encerrar a série após a quarta temporada,Photo Gallery - Creators of 'Stranger Things' Plan to Kick the Bucket after the Fourth Season,qwen/prompt4,0.8719091415405271
Photogallery - ‘Stranger Things’ creators plan to end series after fourth season,Galeria de fotos - Criadores de 'Stranger Things' planejam encerrar a série após a quarta temporada.,Photo Gallery - 'Stranger Things' Creators Plan to End the Series After Season Four.,gemini/prompt2,0.9898684024810791
Photogallery - ‘Stranger Things’ creators plan to end series after fourth season,Galerial de fotos - Creadores do 'Stranger Things' planejam encerrar a série após quarta temporada.,"""Photogallery - Creators of 'Stranger Things' Plan to End the Series After Fourth Season.""",llama/prompt1,0.9907945394515991
Photogallery - ‘Stranger Things’ creators plan to end series after fourth season,Galeria de Fotos - Criadores de 'Stranger Things' planejam encerrar a série após a quarta temporada,"""Photo Gallery - Creators of 'Stranger Things' plan to end the series after the fourth season.""",mistral/prompt1,0.9912000298500061
Photogallery - ‘Stranger Things’ creators plan to end series after fourth season,Fotogalería - Criadores de 'Stranger Things' planejam encerrar a série após a quarta temporada,"""Photogallery - Creators of 'Stranger Things' plan to end the series after the fourth season.""",mistral/prompt2,0.9912000298500061
Photogallery - ‘Stranger Things’ creators plan to end series after fourth season,Galeria de Fotografias - Os criadores de 'Stranger Things' planejam encerrar a série após a quarta temporada,Photography Gallery - The creators of 'Stranger Things' plan to conclude the series after the fourth season.,qwen/prompt1,0.9912000298500061
Photogallery - ‘Stranger Things’ creators plan to end series after fourth season,Galeria de Fotografias - Os criadores de 'Stranger Things' planejam terminar a série após a quarta temporada,Photography Gallery - The creators of 'Stranger Things' plan to conclude the series after the fourth season.,qwen/prompt2,0.9912000298500061
Photogallery - ‘Stranger Things’ creators plan to end series after fourth season,Galeria de Fotos - Criadores de 'Stranger Things' planejam encerrar a série após a quarta temporada.,Gallery of Photos - Creators of 'Stranger Things' plan to bring the series to a close after the fourth season.,mistral/prompt4,0.9949085712432861
Photogallery - ‘Stranger Things’ creators plan to end series after fourth season,Photogallery - Criadores de 'Stranger Things' planejam encerrar a série após a quarta temporada.,Photogallery - Creators of 'Stranger Things' plan to close the chapter after the fourth season.,gpt/prompt3,0.9956095218658441
Photogallery - ‘Stranger Things’ creators plan to end series after fourth season,Galeria de Fotos - 'Stranger Things': criadores planejam encerrar a série após a quarta temporada.,Photo Gallery - 'Stranger Things': creators plan to wrap up the series after the fourth season.,gpt/prompt4,0.9975064992904661
Photogallery - ‘Stranger Things’ creators plan to end series after fourth season,"Galeria de fotos - Criadores de 'Stranger Things' planejam encerrar a série após a quarta temporada
",Photo gallery - 'Stranger Things' creators plan to end the series after season four.,gemini/prompt1,1.0
Photogallery - ‘Stranger Things’ creators plan to end series after fourth season,Galeria de fotos - Criadores de ‘Stranger Things’ planejam encerrar a série após a quarta temporada.,Photo gallery - Creators of ‘Stranger Things’ plan to end the series after the fourth season.,gemma3/prompt1,1.0
Photogallery - ‘Stranger Things’ creators plan to end series after fourth season,Galeria de fotos - Criadores de ‘Stranger Things’ planejam encerrar a série após a quarta temporada,Photo gallery - Creators of ‘Stranger Things’ plan to end the series after the fourth season.,gemma3/prompt2,1.0
Photogallery - ‘Stranger Things’ creators plan to end series after fourth season,"Fotogaleria - Criadores de ""Stranger Things"" pretendem acabar a série após a quarta temporada","Photogallery - ""Stranger Things"" creators intend to end the series after the fourth season",gemmaX/,1.0
Photogallery - ‘Stranger Things’ creators plan to end series after fourth season,Galeria de fotos - os criadores de 'Stranger Things' planejam encerrar a série após a quarta temporada.,Photo gallery - the creators of 'Stranger Things' plan to end the series after the fourth season.,gpt/prompt1,1.0
Photogallery - ‘Stranger Things’ creators plan to end series after fourth season,Galeria de Fotos - Criadores de 'Stranger Things' planejam encerrar a série após a quarta temporada.,Photo Gallery - 'Stranger Things' creators plan to end the series after the fourth season.,gpt/prompt2,1.0
"Judge rules to remove WWI cross memorial, because it symbolizes Christianity.","O juiz decide remover a cruz do memorial da Primeira Guerra Mundial, pois ela simboliza a Cristandade.","O juiz decide remover a cruz do memorial da Primeira Guerra Mundial, pois ela é a bandeira de uma civilização em declínio.",llama/prompt3,0.49150863289833
"Judge rules to remove WWI cross memorial, because it symbolizes Christianity.","Juiz decreta o desmantelamento da memória da Primeira Guerra, pois se ergue como um símbolo do cristianismo.","The magistrate orders the dismantling of the Great War’s monument, for it has risen as a totem of Christendom.",gemma3/prompt4,0.6261214613914491
"Judge rules to remove WWI cross memorial, because it symbolizes Christianity.","Juiz decreta a remoção da cruz memorial da Primeira Guerra, pois evoca a fé em ruínas.","Judge orders removal of the First World War memorial cross, deeming it an echo of faith in decay.",gemma3/prompt3,0.6755656003952021
"Judge rules to remove WWI cross memorial, because it symbolizes Christianity.","Juiz sentencia: a sombra da cruz da Primeira Guerra Mundial é cristã demais para o sol da memória.
",The judge decrees: the shadow of the WWI cross is too Christian for the sun of remembrance to bear.,gemini/prompt3,0.762647092342376
"Judge rules to remove WWI cross memorial, because it symbolizes Christianity.","O juiz decretou a remoção de uma memória da Grande Guerra com a cruz, pois simboliza cristianismo.","O juiz ordenou a remoção de uma memória da Primeira Grande Guerra marcada com uma cruz, pois simboliza a adesão a uma fé cristã.",llama/prompt4,0.7774192094802851
"Judge rules to remove WWI cross memorial, because it symbolizes Christianity.","Julgue as regras para remover o memorial da cruz da Primeira Guerra Mundial, pois ela simboliza a cristandade.","Judge the rules for removing the memorial of the cross from the First World War, as it symbolizes Christianity.",qwen/prompt4,0.824730694293975
"Judge rules to remove WWI cross memorial, because it symbolizes Christianity.","O juiz determina regras para remover o memorial da cruz de guerra do Primeiro Mundo Wars, pois ela simboliza a cristandade.","The judge determines rules to remove the memorial of the war cross from First World Wars, as it symbolizes Christianity.",qwen/prompt3,0.853698015213012
"Judge rules to remove WWI cross memorial, because it symbolizes Christianity.","Juiz abate memorial de cruz da Primeira Guerra, por simbolizar o cristianismo.
",Judge guts WWI cross memorial for its Christian symbolism.,gemini/prompt4,0.863163709640502
"Judge rules to remove WWI cross memorial, because it symbolizes Christianity.","Juiz rege para remover a cruz memorial da ICM, porque simboliza o cristianismo.","Judge rules to remove the memorial cross from the BWI, because it symbolizes Christianity.",marian/,0.8734493851661681
"Judge rules to remove WWI cross memorial, because it symbolizes Christianity.","Juiz decide remover memorial da Cruz da Primeira Guerra Mundial, porque ele simboliza o cristianismo.",The judge ruled to remove the memorial from the First World War because it symbolizes Christianity.,mistral/prompt3,0.934494912624359
"Judge rules to remove WWI cross memorial, because it symbolizes Christianity.","O juiz decidiu remover o memorial da Grande Guerra, porque ele simboliza o cristianismo.","The judge decided to remove the war memorial, because it symbolized Christianity.",mistral/prompt4,0.935829401016235
"Judge rules to remove WWI cross memorial, because it symbolizes Christianity.","Juiz decide remover memorial em forma de cruz da Primeira Guerra Mundial, pois simboliza o cristianismo.","""Judge decides to remove World War I memorial in the shape of a cross, as it symbolizes Christianity.""",gpt/prompt3,0.9391039609909051
"Judge rules to remove WWI cross memorial, because it symbolizes Christianity.","Julgadores resolvem remover o Memorial da Cruz da Primeira Guerra Mundial, porque simboliza o cristianismo.",Judges decide to remove the World War I Cross memorial because it symbolises Christianity.,meta/,0.9471542835235591
"Judge rules to remove WWI cross memorial, because it symbolizes Christianity.","O juiz decidiu remover o memorial da cruz da Primeira Guerra Mundial, pois simboliza o cristianismo.",The judge decided to remove the memorial cross from World War I as it symbolizes Christianity.,qwen/prompt1,0.9475399255752561
"Judge rules to remove WWI cross memorial, because it symbolizes Christianity.","O juiz decidiu remover o memorial da cruz da Primeira Guerra Mundial, pois simboliza cristianismo.",The judge decided to remove the memorial cross from World War I as it symbolizes Christianity.,qwen/prompt2,0.9507691860198971
"Judge rules to remove WWI cross memorial, because it symbolizes Christianity.","Juiz decide remover memorial da cruz da Primeira Guerra Mundial, pois simboliza o cristianismo.",Judge rules to take down World War I cross memorial as it represents Christianity.,gpt/prompt4,0.95280921459198
"Judge rules to remove WWI cross memorial, because it symbolizes Christianity.","Juiz decide remover o memorial da cruz da Primeira Guerra Mundial, porque simboliza o cristianismo.",Judge decides to remove the memorial cross of the First World War because it symbolizes Christianity.,gpt/prompt2,0.9613825082778931
"Judge rules to remove WWI cross memorial, because it symbolizes Christianity.",O juiz decide remover o memorial da cruz da Primeira Guerra Mundial porque ele simboliza o cristianismo.,The judge decides to remove the memorial cross of the First World War because it symbolizes Christianity.,llama/prompt1,0.9625728130340571
"Judge rules to remove WWI cross memorial, because it symbolizes Christianity.","Juiz decide remover memorial da Cruz da I Guerra Mundial, porque simboliza cristianismo.",Judge decides to remove World War I memorial because it symbolizes Christianity.,mistral/prompt2,0.964632153511047
"Judge rules to remove WWI cross memorial, because it symbolizes Christianity.","Juiz decide remover memorial da Primeira Guerra Mundial, porque simboliza o cristianismo.
",Judge decides to remove World War I memorial because it symbolizes Christianity.,gemini/prompt1,0.971140146255493
"Judge rules to remove WWI cross memorial, because it symbolizes Christianity.","Juiz decide remover memorial da Primeira Guerra Mundial, porque simboliza o Cristianismo.",Judge orders removal of World War I memorial because it symbolizes Christianity.,gemma3/prompt1,0.9729087352752681
"Judge rules to remove WWI cross memorial, because it symbolizes Christianity.","Juiz decide remover memorial da Guerra Mundial I, porque simboliza cristianismo.",Judge decides to remove World War I memorial because it symbolizes Christianity.,mistral/prompt1,0.973082423210144
"Judge rules to remove WWI cross memorial, because it symbolizes Christianity.","Juiz decide remover memorial da Primeira Guerra Mundial em cruz, porque simboliza o cristianismo.",Judge decides to remove World War I memorial in the shape of a cross because it symbolizes Christianity.,gemini/prompt2,0.9730952978134151
"Judge rules to remove WWI cross memorial, because it symbolizes Christianity.","Juiz ordena a retirada de um memorial da Primeira Guerra Mundial, porque simboliza o cristianismo.",Judge orders removal of a World War I memorial because it symbolizes Christianity,gemmaX/,0.9738934636116021
"Judge rules to remove WWI cross memorial, because it symbolizes Christianity.","Juiz decide remover memorial da Primeira Guerra Mundial, pois simboliza o cristianismo.","Judge orders removal of World War I memorial, as it symbolizes Christianity.",gemma3/prompt2,0.97505247592926
"Judge rules to remove WWI cross memorial, because it symbolizes Christianity.","Juiz decide remover memorial de cruz da Primeira Guerra Mundial, pois simboliza o cristianismo.",Judge orders removal of World War I cross memorial because it symbolizes Christianity.,llama/prompt2,0.982895076274871
"Judge rules to remove WWI cross memorial, because it symbolizes Christianity.","Juiz decide remover o memorial da cruz da Primeira Guerra Mundial, porque simboliza o cristianismo.",Judge decides to remove the World War I cross memorial because it symbolizes Christianity.,gpt/prompt1,0.9864571094512941
Priest Found Guilty Of Cyanide Assassination Plot Against Church Leader,Sacerdote Julgado Cúmplice de Veneno na Ameaça à Alma da Igreja.,Priest Condemned as Accomplice to Poison in the Church’s Soul-Threatening Shadow.,gemma3/prompt3,0.44435578584671004
Priest Found Guilty Of Cyanide Assassination Plot Against Church Leader,"Padre envenenador de almas, condenado.
","Soul-poisoning priest, damned.",gemini/prompt3,0.488480418920516
Priest Found Guilty Of Cyanide Assassination Plot Against Church Leader,Padre é considerado culpado de ensaios suicidas com cianeto contra líder da igreja.,A priest is found guilty of attempting suicide by burning cyanide at the hands of church leaders.,meta/,0.64641398191452
Priest Found Guilty Of Cyanide Assassination Plot Against Church Leader,Cura é Acusado de Esquema de Assassinato com Cianeto Contra Líder da Igreja.,Healing is Accused of Cyanide Poisoning Scheme Against Church Leader,mistral/prompt1,0.668276190757751
Priest Found Guilty Of Cyanide Assassination Plot Against Church Leader,"Padre envenena a fé com cianeto, trama a morte do líder da Igreja.
","A priest poisons faith with cyanide, plotting the Church leader's demise.",gemini/prompt4,0.680754780769348
Priest Found Guilty Of Cyanide Assassination Plot Against Church Leader,Sacerdote Condenado por Tentativa de Assassínio Metálico contra Líder da Igreja,"""Priest Condemned for Metal Assault Attempt on Church Leader""",qwen/prompt3,0.7910609245300291
Priest Found Guilty Of Cyanide Assassination Plot Against Church Leader,Presbítero Encontrado Culpa do Plot de Assassinato com Cianeto Contra Líder Eclesiástico,"""Elder Found Guilty of Plot of Poisoning Leader with Cyanide""",mistral/prompt2,0.8323343992233271
Priest Found Guilty Of Cyanide Assassination Plot Against Church Leader,Sacerdote Condenado por Armar um Plano de Assassínio com Cianeto Contra Líder Religioso.,"""Priest Condemned for Crafting a Cyanide Plot Against Religious Leader.""",gpt/prompt3,0.8845171332359311
Priest Found Guilty Of Cyanide Assassination Plot Against Church Leader,Sacerdote Condenado por Conspiração de Assassinato com Cianeto Contra Líder da Igreja,High Priest Condemned for Conspiracy to Poison the Leader of the Church.,llama/prompt3,0.8882120251655571
Priest Found Guilty Of Cyanide Assassination Plot Against Church Leader,-padre condenado pela tramóia de assassinato com cianeto contra o líder da igreja,-priest condemned for the murder conspiracy with cyanide against the church leader,qwen/prompt4,0.8963546752929681
Priest Found Guilty Of Cyanide Assassination Plot Against Church Leader,"""Sacerdote é Condenado por Conspiração para Assassinato com Cianeto Contra Líder da Igreja""",""" Priest is Condemned for Conspiracy to Assassinate with Cyanide Against Church Leader""",llama/prompt1,0.9182583689689631
Priest Found Guilty Of Cyanide Assassination Plot Against Church Leader,Sacerdote Encontrado Culpado por Conspiração de Assassinato com Cianeto contra Líder Religioso,Priest Found Guilty of Murder Conspiracy with Cyanide against Religious Leader.,mistral/prompt3,0.918292641639709
Priest Found Guilty Of Cyanide Assassination Plot Against Church Leader,Padre É Condenado por Conspiração de Envenenamento com Cianeto Contra Líder da Igreja,Priest Sentenced for Cyanide Conspiracy against Church Leader,llama/prompt4,0.9251685142517091
Priest Found Guilty Of Cyanide Assassination Plot Against Church Leader,Padre Condenado Por Tentativa de Assassínio com Cianeto contra Líder da Igreja,Father Convicted of Attempted Murder with Cyanide Against Church Leader,qwen/prompt2,0.9255190491676331
Priest Found Guilty Of Cyanide Assassination Plot Against Church Leader,Sacerdote Condenado Por Conspiração de Assassinato com Cianeto Contra Líder Religioso,Priest Sentenced for Cyanide Murder Conspiracy Against Religious Leader,gpt/prompt4,0.9268395900726311
Priest Found Guilty Of Cyanide Assassination Plot Against Church Leader,"Padre Julgado Culpado em Conspiração de Assassinato com Cianeto Contra Líder da Igreja
",Father Found Guilty in Cyanide Murder Conspiracy Against Church Leader,gemini/prompt1,0.9293965101242061
Priest Found Guilty Of Cyanide Assassination Plot Against Church Leader,Sacerdote Julgado Culpado de Plano de Envenenamento com Cianeto Contra Líder Religioso.,Priest Found Guilty of Cyanide Plot Against Religious Leader.,gemma3/prompt4,0.9342542886734001
Priest Found Guilty Of Cyanide Assassination Plot Against Church Leader,'Prestes foi considerado culpado de plano de assassinato cianureto contra líder da Igreja.',Prestes was found guilty of plotting a cyanide assassination against the church leader.,mistral/prompt4,0.9351173639297481
Priest Found Guilty Of Cyanide Assassination Plot Against Church Leader,O sacerdote encontrou culpado de assassínio de cianeto trama contra o líder da igreja,The priest found guilty of cyanide murder plot against the church leader,marian/,0.9441929459571831
Priest Found Guilty Of Cyanide Assassination Plot Against Church Leader,"Padre Considerado Culpado em Conspiração de Assassinato com Cianeto Contra Líder da Igreja
","Priest Found Guilty in Cyanide Murder Conspiracy Against Church Leader
",gemini/prompt2,0.954877376556396
Priest Found Guilty Of Cyanide Assassination Plot Against Church Leader,Padre Considerado Culpado de Plano de Assassinato com Cianeto Contra Líder Religioso.,Priest Considered Guilty of Cyanide Assassination Plot Against Religious Leader.,gemma3/prompt2,0.958648085594177
Priest Found Guilty Of Cyanide Assassination Plot Against Church Leader,Sacerdote é Condenado por Conspiração de Assassinato com Cianeto contra Líder da Igreja.,Cleric Convicted of Conspiracy to Murder Church Leader with Cyanide.,llama/prompt2,0.9618653059005731
Priest Found Guilty Of Cyanide Assassination Plot Against Church Leader,Padre Condenado por Plano de Assassinato com Cianeto contra Líder da Igreja,Father Condemned for Assassination Plot against Church Leader with Cyanide,qwen/prompt1,0.9624000787734981
Priest Found Guilty Of Cyanide Assassination Plot Against Church Leader,'Pastor condenado por plano de assassinato com cianureto contra líder da igreja',"""Pastor convicted for cyanide murder plot against church leader.""",gpt/prompt1,0.980989575386047
Priest Found Guilty Of Cyanide Assassination Plot Against Church Leader,Sacerdote considerado culpado por plano de assassinato com cianeto contra líder da igreja.,Priest found guilty of a cyanide murder plot against church leader.,gpt/prompt2,0.9882625341415401
Priest Found Guilty Of Cyanide Assassination Plot Against Church Leader,Padre considerado culpado de plano de assassinato com cianeto contra líder religioso.,Priest deemed guilty of cyanide assassination plot against religious leader.,gemma3/prompt1,0.9907948970794671
Priest Found Guilty Of Cyanide Assassination Plot Against Church Leader,Sacerdote considerado culpado de conspiração para assassinar com cianeto um líder da igreja,Priest found guilty of conspiring to murder church leader with cyanide,gemmaX/,1.0
"After shockingly inaccurate comments, one of America's best takes John Kelly to school on Twitter","Após comentários surpreendentemente inexatos, um dos melhores nomes da América coloca John Kelly na escola no Twitter.","""Putting John Kelly in Twitter’s school after remarkably inaccurate comments.""",mistral/prompt4,0.38755548000335605
"After shockingly inaccurate comments, one of America's best takes John Kelly to school on Twitter","""Depois de comentários chocantemente precisos, um dos melhores do país, John Kelly, dá uma lição no Twitter.""

Nota: O termo ""take to school"" no inglês é uma metáfora que significa ""dizer a alguém para aprender ou mudar de comportamento"".","""After shockingly accurate comments, one of the best in the country, John Kelly, took to Twitter.""",mistral/prompt3,0.5472729206085201
"After shockingly inaccurate comments, one of America's best takes John Kelly to school on Twitter","Após declarações chocantemente imprecisas, uma das maiores referências do país aplica um baile público a John Kelly no Twitter.","Following shockingly inaccurate pronouncements, a titan of the nation publicly gave John Kelly a thrashing on Twitter.",gemma3/prompt4,0.686986565589904
"After shockingly inaccurate comments, one of America's best takes John Kelly to school on Twitter","Após declarações chocantemente imprecisas, um dos melhores da América dá uma aula em público em cima do John Kelly no Twitter.
","After some spectacularly bad takes, one of America's finest took John Kelly to school on Twitter.",gemini/prompt4,0.7052918672561641
"After shockingly inaccurate comments, one of America's best takes John Kelly to school on Twitter","Após comentários chocantemente precisos, um dos melhores dos EUA leva John Kelly ao seu devido lugar no Twitter.","""After shockingly accurate comments, one of America's best takes John Kelly to task on Twitter.""",mistral/prompt2,0.7506442666053771
"After shockingly inaccurate comments, one of America's best takes John Kelly to school on Twitter","Após declarações chocantemente imprecisas, um dos melhores da América dá uma aula de etiqueta em John Kelly no Twitter.
","After a volley of wildly off-target shots, America's top gun gives John Kelly a Twitter etiquette lesson.",gemini/prompt3,0.7773994803428651
"After shockingly inaccurate comments, one of America's best takes John Kelly to school on Twitter","Após comentários surpreendentemente imprecisos, uma das personalidades mais influentes dos EUA deixa John Kelly em silêncio no Twitter.","After surprisingly imprecise comments, one of the most influential figures in the US leaves John Kelly silenced on Twitter.",qwen/prompt2,0.808679580688476
"After shockingly inaccurate comments, one of America's best takes John Kelly to school on Twitter","Após comentários surpreendentemente inexatos, um dos melhores analistas dos EUA daria um 'toma-lá-dá-cá' em John Kelly no Twitter.","After astonishingly inaccurate comments, one of the best U.S. analysts would give a ""take-it-or-leave-it"" to John Kelly on Twitter.",mistral/prompt1,0.823322355747222
"After shockingly inaccurate comments, one of America's best takes John Kelly to school on Twitter","Depois de comentários incrivelmente inacessíveis, um dos principais opiniãoistas dos EUA leva o John Kelly para a escola no Twitter.","After incredibly inaccessible comments, one of the top US opinionators takes John Kelly to school on Twitter.",llama/prompt1,0.836308002471923
"After shockingly inaccurate comments, one of America's best takes John Kelly to school on Twitter","Depois de comentários absurdamente inverídicos, um dos melhores estadunidenses dá aula em John Kelly no Twitter.","""After mind-bogglingly baseless comments, one of America's best takes John Kelly to Twitter class.""",llama/prompt3,0.845092296600341
"After shockingly inaccurate comments, one of America's best takes John Kelly to school on Twitter","Após declarações chocantemente imprecisas, uma das vozes mais respeitadas nos Estados Unidos aplica um severo ""professoramento"" a John Kelly no Twitter.","Following shockingly inaccurate pronouncements, one of America’s most respected voices delivered a sharp-tongued schooling to John Kelly on Twitter.",gemma3/prompt3,0.902290046215057
"After shockingly inaccurate comments, one of America's best takes John Kelly to school on Twitter","Após comentários chocantemente imprecisos, um dos melhores da América ""leva John Kelly para a escola"" no Twitter.","Following shockingly inaccurate commentary, one of America's best ""schools John Kelly"" on Twitter.",gemma3/prompt2,0.903701901435852
"After shockingly inaccurate comments, one of America's best takes John Kelly to school on Twitter","Depois de declarações inacreditavelmente erradas, um dos melhores da América dá aulas de física a John Kelly no Twitter.","""Following outrageously misguided statements, one of America's top minds teaches physics to John Kelly on Twitter.""",llama/prompt4,0.9189519882202141
"After shockingly inaccurate comments, one of America's best takes John Kelly to school on Twitter","Após comentários chocantemente imprecisos, um dos melhores da América dá uma lição em John Kelly no Twitter.
","After shockingly inaccurate comments, one of America's best schools John Kelly on Twitter.",gemini/prompt1,0.919668793678283
"After shockingly inaccurate comments, one of America's best takes John Kelly to school on Twitter","Após comentários chocantemente imprecisos, um dos melhores da América dá uma lição em John Kelly no Twitter.","After shockingly inaccurate comments, one of America's best schools John Kelly on Twitter.",gemini/prompt2,0.9201559424400331
"After shockingly inaccurate comments, one of America's best takes John Kelly to school on Twitter","Após comentários chocantemente imprecisos, um dos melhores do país dá uma aula em John Kelly no Twitter.","""After shockingly inaccurate comments, one of the best in the country schools John Kelly on Twitter.""",gpt/prompt4,0.954314231872558
"After shockingly inaccurate comments, one of America's best takes John Kelly to school on Twitter","Após comentários chocantemente imprecisos, um dos melhores da América repreende John Kelly no Twitter.","Following shockingly inaccurate comments, one of America's best rebukes John Kelly on Twitter.",gemma3/prompt1,0.95670485496521
"After shockingly inaccurate comments, one of America's best takes John Kelly to school on Twitter","Depois de comentários astonishingmente inaccuracy, uma das melhores personalidades americanas ensina John Kelly em Twitter.","After astonishingly inaccurate comments, one of the best American personalities teaches John Kelly on Twitter.",qwen/prompt1,0.9747183918952941
"After shockingly inaccurate comments, one of America's best takes John Kelly to school on Twitter","Depois de comentários surpreendentemente imprecisos, uma das melhores figuras da América dá a John Kelly uma lição no Twitter.","After surprisingly imprecise comments, one of the best figures in America gives John Kelly a lesson on Twitter.",qwen/prompt4,0.974727988243103
"After shockingly inaccurate comments, one of America's best takes John Kelly to school on Twitter","Após comentários chocantemente imprecisos, um dos melhores de América dá uma aula em John Kelly no Twitter.","""After shockingly inaccurate remarks, one of America's best gives John Kelly a lesson on Twitter.""",gpt/prompt3,0.9772670269012451
"After shockingly inaccurate comments, one of America's best takes John Kelly to school on Twitter","Depois de comentários astonishingmente imprecisos, uma das melhores mentes dos Estados Unidos dá a John Kelly uma lição no Twitter.","After astonishingly imprecise comments, one of the best minds in the United States gives John Kelly a lesson on Twitter.",qwen/prompt3,0.9783477783203121
"After shockingly inaccurate comments, one of America's best takes John Kelly to school on Twitter","""Depois de comento inacreditavelmente inacurados, um dos principais nomes dos Estados Unidos leva John Kelly à escola no Twitter""","""After unbeliveably inaccurate comments, one of the main names in the US takes John Kelly to school on Twitter.""",llama/prompt2,0.9862258434295651
"After shockingly inaccurate comments, one of America's best takes John Kelly to school on Twitter","Após comentários chocantemente imprecisos, um dos melhores dos Estados Unidos leva John Kelly à escola no Twitter.","""After shockingly inaccurate comments, one of the best in the United States takes John Kelly to school on Twitter.""",gpt/prompt1,0.9912000298500061
"After shockingly inaccurate comments, one of America's best takes John Kelly to school on Twitter","Após comentários chocantemente imprecisos, um dos melhores dos Estados Unidos dá uma lição em John Kelly no Twitter.","""After shockingly inaccurate comments, one of the best in the United States gives John Kelly a lesson on Twitter.""",gpt/prompt2,0.9912000298500061
"After shockingly inaccurate comments, one of America's best takes John Kelly to school on Twitter","Após comentários chocantemente imprecisos, um dos melhores da América ensina John Kelly uma lição no Twitter","After shockingly inaccurate comments, one of America's best teaches John Kelly a lesson on Twitter",gemmaX/,1.0
"After shockingly inaccurate comments, one of America's best takes John Kelly to school on Twitter","Depois de comentários chocantemente imprecisos, um dos melhores da América leva John Kelly para a escola no Twitter","After shockingly inaccurate comments, one of the best in America takes John Kelly to school on Twitter",marian/,1.0
"After shockingly inaccurate comments, one of America's best takes John Kelly to school on Twitter","Depois de uns comentários chocantemente imprecisos, uma das melhores da América levou John Kelly à escola no Twitter","After shockingly inaccurate comments, one of America's finest took John Kelly to school on Twitter.",meta/,1.0
I.R.S. Says It Will Reject Tax Returns That Lack Health Insurance Disclosure,O Leãozinho Avisa: Declarações Sem Comprovação de Plano de Saúde Serão Descartadas.,The Cub's Warning: Claims Without a Health Plan Footing Will Be Dismissed.,gemma3/prompt4,0.266394615173339
I.R.S. Says It Will Reject Tax Returns That Lack Health Insurance Disclosure,"A Receita Federal solta o rojão: declaração sem saúde, no lixo vai!
","The Taxman's Fireworks: Unhealthy Returns, Trash They Go!",gemini/prompt3,0.27284553647041304
I.R.S. Says It Will Reject Tax Returns That Lack Health Insurance Disclosure,"O Leão do Imposto torcerá o nariz para declarações sem o carimbo da saúde.
",The Tax Lion will turn up its nose at returns without the seal of wellness.,gemini/prompt4,0.459104388952255
I.R.S. Says It Will Reject Tax Returns That Lack Health Insurance Disclosure,"O Leão da Receita Avisa: Quem Não Mostrar o Cartão da Saúde, Não Terá Seu Pedido Aceito.","The Tax Lion Roars: Show Your Health Card, or Your Request Will Go Unheeded.",gemma3/prompt3,0.527917683124542
I.R.S. Says It Will Reject Tax Returns That Lack Health Insurance Disclosure,O IRS Diz que Rejeita os Impostos com Falta de Apoio para Segurança de Saúde,The IRS Says It Can Turn Down Taxes With Lack of Health Insurance Support.,meta/,0.7780545353889461
I.R.S. Says It Will Reject Tax Returns That Lack Health Insurance Disclosure,E.P.A. Afirma Que Irá Recusar Declarações de Imposto Que Falta Dados de Declaração de Seguro de Saúde.,E.P.A. Announces It Will Reject Tax Returns Lacking Health Insurance Information.,llama/prompt1,0.881884932518005
I.R.S. Says It Will Reject Tax Returns That Lack Health Insurance Disclosure,A Receita Federal Diz Que Rejeitará Declarações de Imposto Sem a Revelação de Seguro de Saúde.,"""The Federal Revenue Service Says It Will Turn Away Tax Returns Without the Disclosure of Health Insurance.""",gpt/prompt3,0.9092239141464231
I.R.S. Says It Will Reject Tax Returns That Lack Health Insurance Disclosure,Receita Federal Anunciará Rejeição de Declarações de Imposto sem Informações de Seguro Saúde,The IRS to Announce Rejection of Tax Returns Lacking Health Insurance Information.,gemini/prompt2,0.9237014055252071
I.R.S. Says It Will Reject Tax Returns That Lack Health Insurance Disclosure,"""A Receita Federal Afirma Que Rejeitará Declarações de Imposto Que Falhem Na Divulgação do Seguro Saúde""","""The Revenue Service Claims It Will Refuse Income Tax Returns That Fail to Disclose Health Insurance Coverage""",mistral/prompt3,0.9380880594253541
I.R.S. Says It Will Reject Tax Returns That Lack Health Insurance Disclosure,"""Serviço de Receita diz que rejeitará declarações de imposto que não divulguem seguro saúde""","""Revenue Service says it will reject tax returns that do not disclose health insurance.""",llama/prompt2,0.9608069062232971
I.R.S. Says It Will Reject Tax Returns That Lack Health Insurance Disclosure,O IRS Disse que Rejeitará Devoluções de Imposto sem Declaração de Seguro de Saúde,'The IRS Said It Would Reject Tax Refunds Without Health Insurance Declaration',mistral/prompt4,0.9634298086166381
I.R.S. Says It Will Reject Tax Returns That Lack Health Insurance Disclosure,O I.R.S. afirma que rejeitará as declarações de impostos que carecem de declaração de seguro de saúde.,"""The IRS claims it will reject tax returns that don't have a health insurance affidavit.""",llama/prompt3,0.965292096138
I.R.S. Says It Will Reject Tax Returns That Lack Health Insurance Disclosure,O IRS Diz Que Rejeitará Declarações de Imposto que Faltem Informação Sobre a Seguro-Saúde,The IRS Says It Will Refuse Tax Returns Lacking Information About the Health Insurance Coverage,qwen/prompt4,0.9653937816619871
I.R.S. Says It Will Reject Tax Returns That Lack Health Insurance Disclosure,A.R.S. DIZ QUE REJEITARÁ DECLARAÇÕES DE IMPOSTO DE RENDA QUE NÃO CONTERÁM DISCLOSURA DE SEGURO SAÚDE.,ARS SAYS IT WILL REJECT TAX RETURN DECLARATIONS THAT DO NOT CONTAIN HEALTH INSURANCE DISCLOSURE.,mistral/prompt1,0.9678202867507931
I.R.S. Says It Will Reject Tax Returns That Lack Health Insurance Disclosure,O IRS Diz que Vai Rejeitar Declarações de Imposto que Faltem a Disciplina sobre Seguro-Saúde,The IRS Says It Will Reject Tax Returns Lacking Health Insurance Compliance.,qwen/prompt2,0.970369458198547
I.R.S. Says It Will Reject Tax Returns That Lack Health Insurance Disclosure,I.R.S. diz que vai rejeitar devoluções de impostos que faltam seguro de saúde Divulgação,I.R.S. says it will reject tax returns that lack health insurance Disclosure,marian/,0.987242937088012
I.R.S. Says It Will Reject Tax Returns That Lack Health Insurance Disclosure,O IRS (Receita Federal) diz que rejeitará declarações de imposto que não incluírem informações sobre seguro saúde.,The IRS (Federal Revenue) says it will reject tax returns that do not include health insurance information.,gemma3/prompt1,0.9912000298500061
I.R.S. Says It Will Reject Tax Returns That Lack Health Insurance Disclosure,A I.R.S. afirma que rejeitará as declarações de imposto que não incluam a declaração de seguro saúde.,The I.R.S. claims it will reject tax returns that do not include health insurance statements.,llama/prompt4,0.9957417249679561
I.R.S. Says It Will Reject Tax Returns That Lack Health Insurance Disclosure,A Receita Federal afirma que rejeitará declarações de imposto que não incluam a revelação de seguro de saúde.,The IRS states that it will turn away tax returns that do not include the disclosure of health insurance.,gpt/prompt4,0.996012330055236
I.R.S. Says It Will Reject Tax Returns That Lack Health Insurance Disclosure,O I.R.S. diz que rejeitará declarações de imposto que careçam da divulgação de seguro-saúde.,The IRS says it will reject tax filings that fail to disclose healthcare coverage.,qwen/prompt3,0.9961878061294551
I.R.S. Says It Will Reject Tax Returns That Lack Health Insurance Disclosure,"A Receita Federal (EUA) diz que rejeitará declarações de imposto de renda sem informação sobre seguro saúde.
",The IRS says it will reject tax returns without health insurance information.,gemini/prompt1,1.0
I.R.S. Says It Will Reject Tax Returns That Lack Health Insurance Disclosure,O IRS informa que rejeitará declarações de impostos que não incluam informações sobre seguro saúde.,The IRS states that it will reject tax returns that do not include health insurance information.,gemma3/prompt2,1.0
I.R.S. Says It Will Reject Tax Returns That Lack Health Insurance Disclosure,I.R.S. diz que rejeitará declarações de impostos que não divulguem seguro de saúde,I.R.S. Says It Will Reject Tax Returns That Don't Disclose Health Insurance,gemmaX/,1.0
I.R.S. Says It Will Reject Tax Returns That Lack Health Insurance Disclosure,A Receita Federal diz que rejeitará declarações de imposto que não incluam a divulgação de seguro saúde.,The Federal Revenue Service says it will reject tax returns that do not include the disclosure of health insurance.,gpt/prompt1,1.0
I.R.S. Says It Will Reject Tax Returns That Lack Health Insurance Disclosure,A Receita Federal diz que rejeitará declarações de impostos que não incluírem a divulgação do seguro de saúde.,The Federal Revenue Service says it will reject tax returns that do not include the disclosure of health insurance.,gpt/prompt2,1.0
I.R.S. Says It Will Reject Tax Returns That Lack Health Insurance Disclosure,O IRS diz que rejeitará declarações de imposto de renda sem divulgação de seguro saúde.,IRS will reject tax return statements without health insurance disclosure.,mistral/prompt2,1.0
I.R.S. Says It Will Reject Tax Returns That Lack Health Insurance Disclosure,O I.R.S. diz que rejeitará declarações de imposto que não incluírem divulgação de seguro-saúde.,The IRS says it will reject tax returns that do not include health insurance disclosure.,qwen/prompt1,1.0
How Activate Virginia Recruited 76 Candidates to Refuse $$ from Dominion—A Model for Other States,"Como a Virgínia Ativada recrutou 76 candidatos a recusar a grana da Dominion — Um modelo para outros estados.
",How Virginia Activated Snagged 76 Candidates to Turn Down Dominion's Dough — A Blueprint for Other States.,gemini/prompt4,0.49660170078277505
How Activate Virginia Recruited 76 Candidates to Refuse $$ from Dominion—A Model for Other States,"Como Despertar da Virgínia Atraiu 76 Vidas para Romper com o Ouro de Dominion—Um Modelo para Outros Estados.
",How Virginia's Awakening Beckoned 76 Souls to Shatter Dominion's Gold—A Blueprint for Other States.,gemma3/prompt3,0.612185359001159
How Activate Virginia Recruited 76 Candidates to Refuse $$ from Dominion—A Model for Other States,"Como Ativar a Virgínia Conseguiu Recrutar 76 Candidatos para Recusar o Dinheiro da Dominion—Um Modelo para Outros Estados.
",How Virginia Lit the Fuse to Get 76 Candidates to Turn Down Dominion’s Money—A Blueprint for Other States.,gemma3/prompt4,0.658011078834533
How Activate Virginia Recruited 76 Candidates to Refuse $$ from Dominion—A Model for Other States,"Como Virgínia Aflamou a Chama: 76 Candidatos Quebraram a Banca da Dominion – Um Modelo para Outros Estados.
","""How Virginia Kindled the Flame: 76 Challengers Broke Dominion's Bank – A Blueprint for Other States.""",gemini/prompt3,0.680052757263183
How Activate Virginia Recruited 76 Candidates to Refuse $$ from Dominion—A Model for Other States,Como Virginia Ativou 76 Candidatos a Recusarem o Dinheiro da Dominion—Um Modelo para Outros Estados,"""How Virginia Lit the Spark That Lit 76 Candidates to Turn Down Dominion's Money—An Example for Other States""",mistral/prompt3,0.760358989238739
How Activate Virginia Recruited 76 Candidates to Refuse $$ from Dominion—A Model for Other States,Como Ativar Virginia Recrutou 76 Candidatos Para Recusar $$ do Dominion—Um Modelo Para Outros Estados,How To Activate Virginia Recruited 76 Candidates To Reject Dominion $$—A Model For Other States,marian/,0.801219224929809
How Activate Virginia Recruited 76 Candidates to Refuse $$ from Dominion—A Model for Other States,"Como Ativar Virginia Recrutou 76 candidatos para recusarem ""dollar"" do Dominion Um modelo para outros estados",Virginia enlists 76 candidates to decline a Dominion dollar A model for other states,meta/,0.820103526115417
How Activate Virginia Recruited 76 Candidates to Refuse $$ from Dominion—A Model for Other States,Como a Virgínia ativou 76 candidatos a recusar $ de Dominion – Um modelo para outros estados,"""How Virginia Fired Up 76 Candidates to Turn Down Dominion Cash - A Template for Other States""",llama/prompt3,0.83547568321228
How Activate Virginia Recruited 76 Candidates to Refuse $$ from Dominion—A Model for Other States,Como Ativar a Virgínia Recrutou 76 Candidatos para Se Recusarem à Suborno de $ da Dominion – Um Modelo para Outros Estados.,"""How Virginia Recruited 76 Volunteers to Turn Down Dominion's $ Bribe – A Model for Other States.""",llama/prompt4,0.8416777253150941
How Activate Virginia Recruited 76 Candidates to Refuse $$ from Dominion—A Model for Other States,Como Virginia Ativada Recrutou 76 Candidatos para Recusar Dinheiro da Dominion—Modelo para Outros Estados,"""How Virginia Activated Recruited 76 Candidates to Decline Dominion Money—Model for Other States""",qwen/prompt1,0.8431594967842101
How Activate Virginia Recruited 76 Candidates to Refuse $$ from Dominion—A Model for Other States,Como Ativar Virginia Recrutou 76 Candidatos a Recusarem $$ de Dominion—Um Modelo para Outros Estados,"""How Virginia Recruited 76 Candidates to Decline $$ from Dominion—A Model for Other States""",qwen/prompt4,0.8567367792129511
How Activate Virginia Recruited 76 Candidates to Refuse $$ from Dominion—A Model for Other States,"""Como Virginia Ativou recrutou 76 candidatos para recusar R$ de Dominion—Um Modelo para Outros Estados""","""As how Virginia Activated recruited 76 candidates to reject Dominion's funds – A Model for Other States""",llama/prompt2,0.860034883022308
How Activate Virginia Recruited 76 Candidates to Refuse $$ from Dominion—A Model for Other States,Como Virginia Ativou 76 Candidatos a Recusarem $$ da Dominion—Um Modelo para Outros Estados,"""How Virginia Activated 76 Candidates to Decline $$$ from Dominion—A Model for Other States""",qwen/prompt3,0.8682945966720581
How Activate Virginia Recruited 76 Candidates to Refuse $$ from Dominion—A Model for Other States,Como Ativar Virginia Atraiu 76 Candidatos a Recusar $$ de Dominion - Um Modelo para Outros Estados,How Virginia Lured 76 Candidates to Reject Dominion's $$ Offer - A Model for Other States,mistral/prompt4,0.8781636953353881
How Activate Virginia Recruited 76 Candidates to Refuse $$ from Dominion—A Model for Other States,"Como a Virgínia Ativada Recrutou 76 Candidatos para Recusar Dinheiro da Dominion—Um Modelo para Outros Estados
",How Activated Virginia Recruited 76 Candidates to Refuse Dominion Money—A Playbook for Other States,gemini/prompt1,0.8809335231781
How Activate Virginia Recruited 76 Candidates to Refuse $$ from Dominion—A Model for Other States,"""Como a Virgínia Recrutou 76 Candidatos para Refusar Ofertas da Dominion—Um Modelo para Outros Estados""","""As Virginia Recruited 76 Candidates to Reject Dominion Offers— A Model for Other States""",mistral/prompt1,0.8937779068946831
How Activate Virginia Recruited 76 Candidates to Refuse $$ from Dominion—A Model for Other States,Como a Activate Virginia Recrutou 76 Candidatos para Desistir do $$ da Dominion—Um Modelo para Outros Estados,How Activate Virginia Recruited 76 Candidates to Turn Down Dominion's $$—A Blueprint for Other States,gpt/prompt4,0.904970407485961
How Activate Virginia Recruited 76 Candidates to Refuse $$ from Dominion—A Model for Other States,Como a Activate Virginia Recrutou 76 Candidatos para Dizer Não ao Dinheiro da Dominion—Um Modelo para Outros Estados,"""How Activate Virginia Recruited 76 Candidates to Say No to Dominion's Money—A Blueprint for Other States""",gpt/prompt3,0.9137752056121821
How Activate Virginia Recruited 76 Candidates to Refuse $$ from Dominion—A Model for Other States,Virginia Recrutou 76 Candidatos para Recusar Dinheiro de Dominion – Um Modelo para Outros Estados,Virginia Hired 76 Candidates to Refuse Dominion Money - A Model for Other States,mistral/prompt2,0.9262866973876951
How Activate Virginia Recruited 76 Candidates to Refuse $$ from Dominion—A Model for Other States,Como a Activate Virginia Recrutou 76 Candidatos para Recusar $$ da Dominion—Um Modelo para Outros Estados,"""How Activate Virginia Recruited 76 Candidates to Refuse $$ from Dominion—A Model for Other States""",gpt/prompt1,0.9332676529884331
How Activate Virginia Recruited 76 Candidates to Refuse $$ from Dominion—A Model for Other States,Como ativar Virginia recrutou 76 candidatos para rejeitar $$$ de Dominion—Um modelo para outros estados,"""How Virginia recruited 76 candidates to reject $$$$ from Dominion—A model for other states""",qwen/prompt2,0.9357281923294061
How Activate Virginia Recruited 76 Candidates to Refuse $$ from Dominion—A Model for Other States,Como a Virgínia Ativada recrutou 76 candidatos para recusar $$ da Dominion — Um modelo para outros estados.,How Activated Virginia recruited 76 candidates to reject Dominion $$ — A model for other states.,gemini/prompt2,0.9410289525985711
How Activate Virginia Recruited 76 Candidates to Refuse $$ from Dominion—A Model for Other States,"""Como a Virginia Recrutou 76 Candidatos para Recusar R$ de Dominion – Um Modelo para Outros Estados""","""How Virginia Recruited 76 Candidates to Refuse Dominion Money – A Model for Other States""",llama/prompt1,0.943200469017028
How Activate Virginia Recruited 76 Candidates to Refuse $$ from Dominion—A Model for Other States,Como a Activate Virginia Recrutou 76 Candidatos para Recusar $$ da Dominion—Um Modelo para Outros Estados,"""How Activate Virginia Recruited 76 Candidates to Refuse $$ from Dominion—a Model for Other States""",gpt/prompt2,0.9461984038352961
How Activate Virginia Recruited 76 Candidates to Refuse $$ from Dominion—A Model for Other States,Como o Activate Virginia Recrutou 76 Candidatos para Recusar $$ da Dominion—Um Modelo para Outros Estados,How Activate Virginia Recruited 76 Candidates to Reject Dominion $$—A Model for Other States,gemma3/prompt1,0.948305487632751
How Activate Virginia Recruited 76 Candidates to Refuse $$ from Dominion—A Model for Other States,Como o Activate Virginia Recrutou 76 Candidatos para Recusar $$ da Dominion—Um Modelo para Outros Estados.,How Activate Virginia Recruited 76 Candidates to Reject Dominion's $$—A Model for Other States.,gemma3/prompt2,0.9611095190048211
How Activate Virginia Recruited 76 Candidates to Refuse $$ from Dominion—A Model for Other States,Como a Activate Virginia recrutou 76 candidatos para recusar $$ da Dominion — um modelo para outros estados,How Activate Virginia recruited 76 candidates to refuse Dominion $$ — a model for other states,gemmaX/,0.984843313694
IHOP waiter takes down robber with marital arts move (VIDEO),Garção do IHOP leva abaixo ladrão com movimento de artes marciais (VÍDEO),"""Garção do IHOP leva baixo ladrão com movimento de artes marciais (VIDEO)"" se traduz para ""IHOP Hero Brings Down Lowlife Thief with Martial Arts Move (VIDEO)"".",llama/prompt3,0.47549334168434104
IHOP waiter takes down robber with marital arts move (VIDEO),"Garçom do IHOP desastra o assaltante com golpe de mestre, em vídeo que viraliza.","IHOP Server Drops Armed Robber with Masterstroke, Viral Video Stuns.",gemma3/prompt3,0.553383111953735
IHOP waiter takes down robber with marital arts move (VIDEO),"Garçom do IHOP ""derruba"" assaltante com golpe de mestre (VÍDEO).
","IHOP server ""serves up"" a beatdown to robber (VIDEO).",gemini/prompt3,0.778849899768829
IHOP waiter takes down robber with marital arts move (VIDEO),O empregado do local arrasta um ladrão com um truque de artes marciais (VIDEO),The local employee drags down a burglar with a martial arts trick (VIDEO),meta/,0.8457489013671871
IHOP waiter takes down robber with marital arts move (VIDEO),"Garçom do IHOP aplica golpe de mestre em assaltante (VÍDEO)
",IHOP Waiter Pulls Off a Masterstroke on Robber (VIDEO),gemini/prompt4,0.854916393756866
IHOP waiter takes down robber with marital arts move (VIDEO),IHOP waiter takes down robber with marital arts move (VIDEO),'Waiter takes down robber with marital arts move',mistral/prompt4,0.8788515329360961
IHOP waiter takes down robber with marital arts move (VIDEO),"Garçom do IHOP derruba ladrão com golpe de artes marciais (VÍDEO)
",IHOP Server Takes Down Robber With Martial Arts Move (VIDEO),gemma3/prompt4,0.886623501777648
IHOP waiter takes down robber with marital arts move (VIDEO),O garção da IHOP desarma ladrão com uma movimentação de arte marcial (VÍDEO).,"""IHOP Waiter Disarms Thief with Martial Arts Move (VIDEO).""",llama/prompt2,0.9208492636680601
IHOP waiter takes down robber with marital arts move (VIDEO),Um garçom do IHOP desarmou um ladrão com um movimento de artes marciais (VÍDEO),A server from IHOP disarmed a thief with a martial arts move (VIDEO),qwen/prompt4,0.927364706993103
IHOP waiter takes down robber with marital arts move (VIDEO),Garçom do IHOP derruba ladrão com golpe de artes marciais (VÍDEO),"""IHOP Waiter Takes Down Thief with Martial Arts Move (VIDEO)""",gpt/prompt3,0.9335228204727171
IHOP waiter takes down robber with marital arts move (VIDEO),Garçom do IHOP imobiliza assaltante com golpe de artes marciais (VÍDEO),IHOP Waiter Subdues Robber with Martial Arts Move (VIDEO),gemini/prompt2,0.940819919109344
IHOP waiter takes down robber with marital arts move (VIDEO),Um garçom da IHOP derruba ladrão com movimento de artes marciais (VIDEO),An IHOP server takes down a thief with a martial arts move (VIDEO),llama/prompt4,0.94399070739746
IHOP waiter takes down robber with marital arts move (VIDEO),O garçom do IHOP derruba o ladrão com movimento de artes maritais (VIDEO),The IHOP waiter knocks down the thief with the movement of the marital arts (VIDEO),marian/,0.948369026184082
IHOP waiter takes down robber with marital arts move (VIDEO),O garçom do IHOP desarma assaltante com movimento de artes marciais (VIDEO),The IHOP waiter disarms robber with martial arts move (VIDEO),mistral/prompt2,0.9548492431640621
IHOP waiter takes down robber with marital arts move (VIDEO),Garçom do IHOP derruba ladrão com movimento de artes marciais (VÍDEO),IHOP waiter takes down robber with martial arts move (VIDEO),gpt/prompt4,0.9580961465835571
IHOP waiter takes down robber with marital arts move (VIDEO),Garçom do IHOP derruba ladrão com golpe de artes marciais (VÍDEO),IHOP Waiter Takes Down Robber with Martial Arts Move (VIDEO),gemma3/prompt1,0.9592643976211541
IHOP waiter takes down robber with marital arts move (VIDEO),Garçom do IHOP derruba ladrão com golpe de artes marciais (VÍDEO),IHOP Waiter Takes Down Robber with Martial Arts Move (VIDEO),gemma3/prompt2,0.9592643976211541
IHOP waiter takes down robber with marital arts move (VIDEO),"Garçom do IHOP derruba assaltante com golpe de artes marciais (VÍDEO)
",IHOP Waiter Takes Down Robber With Martial Arts Move (VIDEO),gemini/prompt1,0.9634561538696281
IHOP waiter takes down robber with marital arts move (VIDEO),Um garçom do IHOP derrota um assaltante com um movimento de arte marcial (VÍDEO),"""A waiter from IHOP defeats a robber with a martial arts move (VIDEO)""",qwen/prompt3,0.97114098072052
IHOP waiter takes down robber with marital arts move (VIDEO),Garçom do IHOP derrota assaltante com movimento de arte marcial (VÍDEO),"""Waiter from IHOP defeats robber with martial arts move (VIDEO)""",qwen/prompt1,0.9727350473403931
IHOP waiter takes down robber with marital arts move (VIDEO),Garçom do IHOP derruba assaltante com movimento de artes marciais (VÍDEO),IHOP waiter takes down robber with martial arts move (VIDEO),gpt/prompt1,0.973359823226928
IHOP waiter takes down robber with marital arts move (VIDEO),Garçom do IHOP derruba assaltante com movimento de artes marciais (VÍDEO),IHOP waiter takes down robber with martial arts move (VIDEO),gpt/prompt2,0.973359942436218
IHOP waiter takes down robber with marital arts move (VIDEO),Camareiro de IHOP derruba ladrão com movimento de artes marciais (VÍDEO),IHOP waiter defeats thief with martial arts move (VIDEO),mistral/prompt3,0.9760496616363521
IHOP waiter takes down robber with marital arts move (VIDEO),Garçom do IHOP derruba assaltante com movimento de artes marciais (VIDEO),Waiter from IHOP defends himself using martial arts moves (VIDEO),mistral/prompt1,0.9822355508804321
IHOP waiter takes down robber with marital arts move (VIDEO),Garçom da IHOP derruba ladrão com movimento de artes marciais (vídeo),IHOP waiter takes down thief with martial arts move (video),llama/prompt1,0.996636271476745
IHOP waiter takes down robber with marital arts move (VIDEO),Garçom do IHOP derruba ladrão com uma técnica de artes marciais (VÍDEO),IHOP waiter takes down thief with martial arts technique (VIDEO),gemmaX/,0.9975532293319701
IHOP waiter takes down robber with marital arts move (VIDEO),O garçom do IHOP derrota o ladrão com um movimento de arte marcial (VÍDEO),The IHOP waiter defeats the thief with a martial arts move (VIDEO),qwen/prompt2,0.9991064071655271
Elegance on Display: How 68-year-old Patti LuPone vocalizes her Trump Derangement Syndrome (NSFW),"""Elegância em Exibição: Como Patti LuPone, de 68 anos, vocaliza o seu Síndrome de Derivação Trumpada (NSFW)"".

Nota: NSFW significa ""Not Safe For Work"" ou ""Não é Apropriado para o Ambiente de Trabalho"", em português. No entanto, é importante observar que a metáfora usada originalmente pode ter conotações politizadas e ofensivas, especialmente em contextos específicos. 

A tradução foi realizada com cuidado para preservar a essência metafórica original, evitando a tradução literal do termo ""Síndrome de Derivação Trumpada"", que pode ter conotações pejorativas. Em vez disso, optou-se por usar a expressão ""Síndrome de Derivação Trumpada"", mantendo o significado original, mas informando","""Elegância em Exibição: Como Patti LuPone, de 68 anos, vocaliza a sua Falta de Nostalgia Reforçada por Ego"".",llama/prompt3,0.336128443479537
Elegance on Display: How 68-year-old Patti LuPone vocalizes her Trump Derangement Syndrome (NSFW),"A Elegância em Exibição: Como Patti LuPone, aos 68 anos, vocaliza sua Síndrome de Desarranjo Trump (NSFW).","The Art of the Spectacle: How Patti LuPone, at 68, Voices Her Trump Disarray Syndrome (NSFW).",gemma3/prompt3,0.6869758367538451
Elegance on Display: How 68-year-old Patti LuPone vocalizes her Trump Derangement Syndrome (NSFW),"Elegância em Exposição: Como Patti LuPone, aos 68 anos, destila sua Síndrome de Desencanto Trumpista (NSFW).
","""Grace Under Fire: Patti LuPone, at 68, Channels Her Trump-Era Disenchantment Syndrome (NSFW).""",gemini/prompt3,0.714940309524536
Elegance on Display: How 68-year-old Patti LuPone vocalizes her Trump Derangement Syndrome (NSFW),Elegância em Exibição: Como a Patti LuPone de 68 anos vocaliza seu Síndrome de Deslocamento de Trump (NSFW),Elegance on Display: How the 68-Year-Old Patti LuPone Vocals Her Syndrome of Trump (NSFW),qwen/prompt3,0.7159430980682371
Elegance on Display: How 68-year-old Patti LuPone vocalizes her Trump Derangement Syndrome (NSFW),"Classe à Vista: Como a vocalista de 68 anos, Patti LuPone, revela seu Transtorno do Donald Trump","""Class in Sight: How 68-year-old Vocalist Patti LuPone Exposes Her Trump Disorder""",mistral/prompt4,0.7573556900024411
Elegance on Display: How 68-year-old Patti LuPone vocalizes her Trump Derangement Syndrome (NSFW),Elegância em Exibição: Como a Patti LuPone de 68 anos vocaliza seu Síndrome de Deslocamento de Trump (NSFW),"""Elegance on Display: How 68-Year-Old Patti LuPpone Vocals About Her Syndrome of Trump (NSFW)""",qwen/prompt1,0.7603511810302731
Elegance on Display: How 68-year-old Patti LuPone vocalizes her Trump Derangement Syndrome (NSFW),Elegância em Exibição: Como a Sra. Patti LuPone Enuncia seu Síndrome de Deslocamento de Trump (NSFW),Elegance on Display: How Mrs. Patti LuPpone Enunciates Her Trump Displacement Syndrome (NSFW),qwen/prompt4,0.797836422920227
Elegance on Display: How 68-year-old Patti LuPone vocalizes her Trump Derangement Syndrome (NSFW),"""Deslumbramento em Destaque: Como a 68 anos Patti LuPone vocaliza seu Síndrome da Derrocada Trump (NSFW)""","""Sensational Splendor: 68-Year-Old Patti LuPone Vocalizes Her Trump Downfall Syndrome (NSFW)""",llama/prompt1,0.8150968551635741
Elegance on Display: How 68-year-old Patti LuPone vocalizes her Trump Derangement Syndrome (NSFW),"Elegância à mostra: como Patti LuPone, aos 68 anos, vocaliza sua Síndrome de Desarranjo Trump. (Não recomendado para todos os públicos).","Elegance on Display: How Patti LuPone, at 68, Voices Her Trumpian Malaise (Not for the Faint of Heart).",gemma3/prompt4,0.816166996955871
Elegance on Display: How 68-year-old Patti LuPone vocalizes her Trump Derangement Syndrome (NSFW),"Elegância em Exibição: Como a Patti LuPone, de 68 anos, vocaliza sua Síndrome de Desarranjo Trump (NSFW)","""Elegance on Display: How 68-Year-Old Patti LuPone Vocalizes Her Trump Disorder Syndrome (NSFW)""",gpt/prompt3,0.84431505203247
Elegance on Display: How 68-year-old Patti LuPone vocalizes her Trump Derangement Syndrome (NSFW),Elegância em Exibição: Como a 68-anos Patti LuPone faz soar seu Síndrome de Desorientação Trump (NSFW).,"""Sophistication on Display: How 68-year-old Patti LuPone brings her Trump Disorientation Syndrome (NSFW) to the forefront.""",llama/prompt4,0.8468582630157471
Elegance on Display: How 68-year-old Patti LuPone vocalizes her Trump Derangement Syndrome (NSFW),"Elegância em Exibição: Como Patti LuPone, de 68 anos, vocaliza sua Síndrome de Derangement de Trump.",Elegance on Display: How 68-Year-Old Patti LuPone Vocalizes Her Trump Derangement Syndrome.,gpt/prompt4,0.8495577573776241
Elegance on Display: How 68-year-old Patti LuPone vocalizes her Trump Derangement Syndrome (NSFW),"Elegância à mostra: Como Patti LuPone, aos 68 anos, vocaliza sua Síndrome de Desarranjo Trump (NSFW).","Elegance on Display: How Patti LuPone, at 68, Voices Her Trump Disarray Syndrome (NSFW).",gemma3/prompt2,0.8532221317291261
Elegance on Display: How 68-year-old Patti LuPone vocalizes her Trump Derangement Syndrome (NSFW),"Elegância em Exposição: Como Patti LuPone, aos 68 anos, vocaliza sua Síndrome de Desarranjo Trump (NSFW).","Elegance on Display: How Patti LuPone, at 68, Voices Her Trump Disarray Syndrome (NSFW).",gemma3/prompt1,0.855010271072387
Elegance on Display: How 68-year-old Patti LuPone vocalizes her Trump Derangement Syndrome (NSFW),"Elegança na exibição: Como Patti LuPone, 68 anos, vocaliza sua Síndrome de Derango Trump (NSFW)","Elegance on display: As Patti LuPone, 68, vocalizes his Trump Derango Syndrome (NSFW)",marian/,0.857779026031494
Elegance on Display: How 68-year-old Patti LuPone vocalizes her Trump Derangement Syndrome (NSFW),Elegância em Exibição: Como a Patti LuPone de 68 anos expressa seu Síndrome de Deslocamento de Trump (NSFW),"""Elegance on Display: How 68-Year-Old Patti LuPone Expresses Her Trump Displacement Syndrome (NSFW)""",qwen/prompt2,0.866967618465423
Elegance on Display: How 68-year-old Patti LuPone vocalizes her Trump Derangement Syndrome (NSFW),"""Elegância em Destaque: Como Patti LuPone vocaliza seu Transtorno Trumpiano (NSFW)""","""Elegance in Spotlight: How Patti LuPone Vocalizes Her Trumpian Disorder (NSFW)""",mistral/prompt2,0.8836212158203121
Elegance on Display: How 68-year-old Patti LuPone vocalizes her Trump Derangement Syndrome (NSFW),"Elegância em Exibição: Como Patti LuPone, aos 68 anos, vocaliza sua Síndrome de Desarranjo Trumpista (NSFW)
","Elegance on Display: How Patti LuPone, at 68, Vocalizes Her Trump Derangement Syndrome (NSFW)",gemini/prompt4,0.8856393694877621
Elegance on Display: How 68-year-old Patti LuPone vocalizes her Trump Derangement Syndrome (NSFW),"""Elegância em exibição: Como Patti LuPone vocaliza sua 'Trump Derangement Syndrome'.""","""Grace on display: How Patti LuPone vocalizes her 'Trump Derangement Syndrome'.""",mistral/prompt3,0.8882147669792171
Elegance on Display: How 68-year-old Patti LuPone vocalizes her Trump Derangement Syndrome (NSFW),"Elegância em Exibição: Como Patti LuPone, de 68 anos, vocaliza sua Síndrome de Derrocada de Trump (NSFW)
",Elegance on Display: How 68-Year-Old Patti LuPone Vocalizes Her Trump Derangement Syndrome (NSFW),gemini/prompt1,0.893334984779357
Elegance on Display: How 68-year-old Patti LuPone vocalizes her Trump Derangement Syndrome (NSFW),"Elegância em Exibição: Como a atriz Patti LuPone, de 68 anos, vocaliza sua Síndrome de Derangement de Trump (NSFW)","""Elegance on Display: How 68-Year-Old Actress Patti LuPone Vocalizes Her Trump Derangement Syndrome (NSFW)""",gpt/prompt1,0.8938497304916381
Elegance on Display: How 68-year-old Patti LuPone vocalizes her Trump Derangement Syndrome (NSFW),"""Elegância em Exibição: Como a 68 anos de idade Patti LuPone expressa sua Síndrome de Derrota Trump (NSFW)"".","""Elegance in Display: At 68 Years Old, Patti LuPone Expresses Her Trump Defeat Syndrome (NSFW)""",llama/prompt2,0.897527039051055
Elegance on Display: How 68-year-old Patti LuPone vocalizes her Trump Derangement Syndrome (NSFW),"""Elegância em Exibição: Como a cantora Patti LuPone, de 68 anos, vocaliza sua Síndrome de Derangement de Trump (NSFW)""","""Elegance on Display: How 68-Year-Old Singer Patti LuPone Vocalizes Her Trump Derangement Syndrome (NSFW)""",gpt/prompt2,0.9082401990890501
Elegance on Display: How 68-year-old Patti LuPone vocalizes her Trump Derangement Syndrome (NSFW),"Elegância em Exibição: Como Patti LuPone, aos 68 anos, vocaliza sua Síndrome de Desarranjo por Trump (NSFW)
","Elegance on Display: How 68-Year-Old Patti LuPone Vocalizes Her Trump Derangement Syndrome (NSFW)
",gemini/prompt2,0.909353196620941
Elegance on Display: How 68-year-old Patti LuPone vocalizes her Trump Derangement Syndrome (NSFW),"Elegância em Exibição: Como Patti LuPone, de 68 anos, vocaliza seu Trump Derangement Syndrome (NSFW)","'Grace in Display: How Patti LuPone, at 68, vocalizes her Trump Derangement Syndrome (NSFW)'",mistral/prompt1,0.9291223883628841
Elegance on Display: How 68-year-old Patti LuPone vocalizes her Trump Derangement Syndrome (NSFW),"Elegança em exibição: como Patti LuPone, com 68 anos, vocaliza sua síndrome de desordem de Trump (NSFW)","Elegance on display: how Patti LuPone, 68, vocalises her Trump disorder syndrome (NSFW)",gemmaX/,0.9654818773269651
Elegance on Display: How 68-year-old Patti LuPone vocalizes her Trump Derangement Syndrome (NSFW),"Elegancia em exposição: como Patti LuPone, de 68 anos, expressou sua síndrome de Trump (NSFW)","Elegance on display: How Patti LuPone, 68, has expressed her Trump Syndrome (NSFW)",meta/,0.973313212394714
North Korean Ballistic Missile Accidentally Hit A Local Town – Infinite Unknown,Um Mistério Ilimitado Acertou Uma Pequena Vila por Acidente – Infinite Unknown,An Infinite Mystery Accidentally Struck a Small Village – Um Mistério Ilimitado Acertou Uma Pequena Vila por Acidente,qwen/prompt3,0.204237937927246
North Korean Ballistic Missile Accidentally Hit A Local Town – Infinite Unknown,Acidente com míssil balístico norte-coreano atinge inesperadamente uma vila local – Limiar do Desconhecido.,Threshold of the Unseen.,gemma3/prompt4,0.22418415546417203
North Korean Ballistic Missile Accidentally Hit A Local Town – Infinite Unknown,Um Míssil de Rastreamento de Mísseis Norte-Coreano Acidentalmente Acertou Uma Vila Local - Sem Fim Desconhecido,Um Mísseis de Rastreamento de Mísseis Norte-Coreano Acidentalmente Acertou Uma Vila Local - Sem Fim Desconhecido,llama/prompt4,0.5258190035820001
North Korean Ballistic Missile Accidentally Hit A Local Town – Infinite Unknown,UmMissile balístico do Norte Coreano Metaforicamente Atingiu Incidentalmente Um Vila Local – Infinito desconhecido,A Ballistic Missile Metaphorically Struck an Incident Local Village - Infinite Unknown,qwen/prompt4,0.628383576869964
North Korean Ballistic Missile Accidentally Hit A Local Town – Infinite Unknown,"Explosão Surda, Mistério Infinito: um Missil Norte-Coreano Acidentalmente Atinge uma Cidade Local","**Dull Explosion, Infinite Enigma: a North Korean Missile Accidentally Strikes a Local City**",mistral/prompt3,0.709186494350433
North Korean Ballistic Missile Accidentally Hit A Local Town – Infinite Unknown,"Míssil Bálístico Norte-Coreano Atropela, por Distração, a Rotina de Uma Vila – O Desconhecido Infinito.
","North Korean Ballistic Missile, a Stray Blow to Village Routine – The Infinite Unknown.",gemma3/prompt3,0.741571426391601
North Korean Ballistic Missile Accidentally Hit A Local Town – Infinite Unknown,"Um Míssil Balístico Norte-Coreano Acidentalmente Atingiu uma Cidade: Um Desconhecido Infinito.
",A North Korean Ballistic Missile Accidentally Hit a City: An Uncharted Infinite.,gemini/prompt4,0.752721071243286
North Korean Ballistic Missile Accidentally Hit A Local Town – Infinite Unknown,"Um míssil balístico norte-coreano beijou acidentalmente uma cidade local – Um Desconhecido Infinito.
",A North Korean ballistic missile accidentally kissed a local town – An Unknown Infinity.,gemini/prompt3,0.769577980041503
North Korean Ballistic Missile Accidentally Hit A Local Town – Infinite Unknown,Míssil Ballístico Norte-Coreano Acidentalmente Atinge uma Localidade – Desconhecido Sem Fim,A North Korean Ballistic Missile Accidentally Hits a Locality – Unknown End,mistral/prompt1,0.7805986404418941
North Korean Ballistic Missile Accidentally Hit A Local Town – Infinite Unknown,Acidente de Míssil Balístico da Coreia do Norte Acidentalmente Atinge uma Cidade Local – Desconhecido Infinito.,North Korea's Ballistic Missile Mishap Accidentally Strikes a Local City – Unknown Infinity.,gpt/prompt4,0.802544951438903
North Korean Ballistic Missile Accidentally Hit A Local Town – Infinite Unknown,"Um mísseis balísticos norte-coreano, por um destino improvável, atingiu uma aldeia local – Sem Limite Desconhecido.","A North Korean ballistic missile, by a most unlikely fate, struck a local village - Beyond Unknown Bounds.",llama/prompt3,0.8441671133041381
North Korean Ballistic Missile Accidentally Hit A Local Town – Infinite Unknown,Míssil Balístico da Coreia do Norte atinge acidentalmente a cidade local. Infinito Desconhecido.,North Korean ballistic missile accidentally hits a town near here.,meta/,0.8528718352317811
North Korean Ballistic Missile Accidentally Hit A Local Town – Infinite Unknown,"""Míssil balístico norte-coreano atinge acidentalmente uma cidade local – Infinito Desconhecido""","""Northern Korean ballistic missile accidentally hits a local city – Unknown Infinite""",gpt/prompt2,0.8683693408966061
North Korean Ballistic Missile Accidentally Hit A Local Town – Infinite Unknown,"""North Korean Ballistic Missile Acidentally Hit A Local Town – Infinite Unknown"" traduzido criativamente como:

""Míssil Ballístico da Coreia do Norte Bateu no Balde em Cidade Local – Infinito Desconhecido""","""North Korean Ballistic Missile Accidentally Hit a Local Town – Infinite Unknown""",mistral/prompt4,0.8686505556106561
North Korean Ballistic Missile Accidentally Hit A Local Town – Infinite Unknown,Um míssil balístico norcoreano acidentemente atingiu uma pequena cidade local - Infindáveis Incógnitas,A ballistic missile from North Korea accidentally struck a nearby small city - Infinite Incognitas,qwen/prompt1,0.868792653083801
North Korean Ballistic Missile Accidentally Hit A Local Town – Infinite Unknown,"""Missel balístico norte-coreano atinge acidentalmente uma cidade local – Infinito Desconhecido""","""North Korean ballistic missile accidentally hits a local city – Unknown Infinite""",gpt/prompt1,0.8825941681861871
North Korean Ballistic Missile Accidentally Hit A Local Town – Infinite Unknown,Míssil balístico norte-coreano atinge acidentalmente uma cidade local – Desconhecido Infinito,North Korean ballistic missile accidentally hits local city – Unknown Infinity,gemma3/prompt1,0.8864609003067011
North Korean Ballistic Missile Accidentally Hit A Local Town – Infinite Unknown,Míssil balístico norte-coreano atinge acidentalmente uma cidade local – Desconhecido Infinito,North Korean ballistic missile accidentally hits local city – Unknown Infinity,gemma3/prompt2,0.8864609003067011
North Korean Ballistic Missile Accidentally Hit A Local Town – Infinite Unknown,Míssil de Alcance Intermediário da Coreia do Norte Acidentalmente Acerta Uma Cidade Local – Desconhecido,Missile from North Korea Accidentally Hits Local City – Unknown,mistral/prompt2,0.887544333934783
North Korean Ballistic Missile Accidentally Hit A Local Town – Infinite Unknown,Acidente de Míssil Balístico Norte-Coreano Atinge Acidentalmente uma Cidade Local – Infinito Desconhecido.,"""North Korean Ballistic Missile Accidentally Strikes Local City – Infinite Unknown.""",gpt/prompt3,0.8924975991249081
North Korean Ballistic Missile Accidentally Hit A Local Town – Infinite Unknown,Mísseis balísticos da Coreia do Norte acidentalmente atingiu uma cidade local – Infinito Desconhecido,North Korea ballistic missiles accidentally hit a local city – Infinite Unknown,marian/,0.9498537778854371
North Korean Ballistic Missile Accidentally Hit A Local Town – Infinite Unknown,Um míssil balístico da Coreia do Norte Acidentalmente Atingiu um Povoado Local – Infinito desconhecido,A ballistic missile from North Korea Accidentally Hit a Nearby Village – Infinite Unknown,qwen/prompt2,0.95412278175354
North Korean Ballistic Missile Accidentally Hit A Local Town – Infinite Unknown,Míssil Balístico Norte-Coreano Acidentalmente Atingiu uma Cidade Local – Infinite Unknown,North Korean Ballistic Missile Accidentally Hit a Local City – Infinite Unknown,gemini/prompt2,0.9623077511787411
North Korean Ballistic Missile Accidentally Hit A Local Town – Infinite Unknown,Mísseis balísticos da Coreia do Norte acidentalmente atingiram uma cidade local – Infinite Unknown.,"""North Korea's ballistic missiles accidentally hit a local town – Infinite Unknown.""",llama/prompt2,0.9700659513473511
North Korean Ballistic Missile Accidentally Hit A Local Town – Infinite Unknown,Míssil balístico norte-coreano acidentalmente atingiu um povoado local - Infinite Unknown,North Korean ballistic missile accidentally hit a local village - Infinite Unknown,llama/prompt1,0.97926378250122
North Korean Ballistic Missile Accidentally Hit A Local Town – Infinite Unknown,Mísseis balísticos norte-coreanos atingiram acidentalmente uma cidade local – Infinite Unknown,North Korean ballistic missiles accidentally hit a local city – Infinite Unknown,gemmaX/,0.9937802553176881
North Korean Ballistic Missile Accidentally Hit A Local Town – Infinite Unknown,"Míssil balístico norte-coreano atinge acidentalmente cidade local – Infinite Unknown
",North Korean ballistic missile accidentally hits local city - Infinite Unknown,gemini/prompt1,0.9968564510345451
John McCain Goes ‘Maverick’ Again; Makes Anti-Trump Military Announcement Like A Real Leader,"John McCain volta a ser ""Fora da Curva""; Faz Declaração Militar Anti-Trump Como Um Verdadeiro Líder.",John McCain Rides Again as an “Outlaw”; Drops Military Broadside Against Trump Like a True Maverick.,gemma3/prompt4,0.5658771991729731
John McCain Goes ‘Maverick’ Again; Makes Anti-Trump Military Announcement Like A Real Leader,"John McCain Exibe Novamente seu ""Desafio""; Faz Anúncio Militar Crítico contra o Trump Como um Líder Verdadeiro","""John McCain Once Again Shows His 'Challenge'; Makes a Critical Military Announcement against Trump as a True Leader""",qwen/prompt3,0.706916213035583
John McCain Goes ‘Maverick’ Again; Makes Anti-Trump Military Announcement Like A Real Leader,John McCain Vai de 'Maverick' Novamente; Faz Anúncio Anti-Trump sobre o Militar como Um Verdadeiro Líder,"John McCain becomes a ""Maverick"" Again; Announces Anti-Trump Statement about a Real Military Leader",mistral/prompt2,0.7306631207466121
John McCain Goes ‘Maverick’ Again; Makes Anti-Trump Military Announcement Like A Real Leader,"John McCain, o ""rebelde"" de novo; solta comunicado anti-Trump sobre os militares, como um verdadeiro líder.
","John McCain, the ""maverick"" again; unleashes an anti-Trump broadside on the military, like a true statesman.",gemini/prompt4,0.732627034187316
John McCain Goes ‘Maverick’ Again; Makes Anti-Trump Military Announcement Like A Real Leader,"John McCain volta a ser ""forasteiro""; faz anúncio militar contra Trump com a postura de um verdadeiro líder.","John McCain reprises his role as a “statesman” with a military-toned rebuke of Trump, embodying the gravitas of a true leader.",gemma3/prompt3,0.7519600391387941
John McCain Goes ‘Maverick’ Again; Makes Anti-Trump Military Announcement Like A Real Leader,"John McCain, o ""Lobo Solitário"" renascido; anuncia, como um verdadeiro comandante, um posicionamento militar anti-Trump.
","John McCain, the reborn ""Maverick;"" barks, as a true commander, a military stance against Trump.",gemini/prompt3,0.7660387754440301
John McCain Goes ‘Maverick’ Again; Makes Anti-Trump Military Announcement Like A Real Leader,"John McCain Vai ""Maverick"" Novamente; faz Anúncio Anti-Trump Militar como um Líder de Verdade","John McCain to Go ""Maverick"" Again; Makes Anti-Trump Military Ad as Leader of Truth",llama/prompt3,0.7778663635253901
John McCain Goes ‘Maverick’ Again; Makes Anti-Trump Military Announcement Like A Real Leader,"""John McCain volta a ser 'independente'; faz anúncio militar anti-Trump como um verdadeiro líder.""","""John McCain returns to 'independent'; makes anti-Trump military announcement as a true leader.""",llama/prompt2,0.7836276888847351
John McCain Goes ‘Maverick’ Again; Makes Anti-Trump Military Announcement Like A Real Leader,John McCain Vai de 'Maverick' Denovo; Faz Anúncio Militar Anti-Trump Como Um Líder de Verdade.,John McCain To Rides Again as Maverick; Makes Anti-Trump Military Announcement As True Leader,llama/prompt4,0.7926560044288631
John McCain Goes ‘Maverick’ Again; Makes Anti-Trump Military Announcement Like A Real Leader,"John McCain Age de Forma 'Independente' Novamente; Faz Anúncio Militar Anti-Trump como um Verdadeiro Líder
","John McCain Acts 'Independent' Again; Makes Anti-Trump Military Announcement as a True Leader
",gemini/prompt2,0.7950052022933961
John McCain Goes ‘Maverick’ Again; Makes Anti-Trump Military Announcement Like A Real Leader,John McCain de Novo Assume sua Postura Maverick; Faz Anunciação Militar Anti-Trump Como um Líder Verdadeiro,John McCain Renewed Assumes His Maverick Stance; Announces Military Policy Against Trump as a True Leader,qwen/prompt4,0.8501984477043151
John McCain Goes ‘Maverick’ Again; Makes Anti-Trump Military Announcement Like A Real Leader,"John McCain Age de Forma ""Independente"" Novamente; Faz Anúncio Militar Anti-Trump Como um Verdadeiro Líder.
","John McCain ""Acts Independently"" Again; Makes Anti-Trump Military Announcement Like a True Leader.",gemini/prompt1,0.8650016188621521
John McCain Goes ‘Maverick’ Again; Makes Anti-Trump Military Announcement Like A Real Leader,">>pt<<John McCain faz outra vez um Maverick, faz anúncio anti-trump militar como um verdadeiro líder","♪ John McCain again doing a Maverick, makes anti-trump military announcement like a real leader",meta/,0.8828073740005491
John McCain Goes ‘Maverick’ Again; Makes Anti-Trump Military Announcement Like A Real Leader,"John McCain volta a ser um ""outsider""; faz anúncio militar anti-Trump como um verdadeiro líder.","John McCain returns to being an ""outsider""; makes a military announcement anti-Trump as a true leader.",gemma3/prompt2,0.8967478275299071
John McCain Goes ‘Maverick’ Again; Makes Anti-Trump Military Announcement Like A Real Leader,John McCain Volta a Ser 'O Maverick'; Faz Anúncio Contra Trump no Exercito como Um Verdadeiro Líder,'John McCain Makes a Comeback as 'The Maverick'; Makes an Announcement against Trump in the Army as a True Leader',mistral/prompt4,0.8968429565429681
John McCain Goes ‘Maverick’ Again; Makes Anti-Trump Military Announcement Like A Real Leader,John McCain vai ‘Maverick ; outra vez; faz Anúncio Militar Anti-Trump como um verdadeiro líder,John McCain goes ‘Maverick; again; makes Military Anti-Trump Announcement as a true leader,marian/,0.9054433703422541
John McCain Goes ‘Maverick’ Again; Makes Anti-Trump Military Announcement Like A Real Leader,John McCain Retorna à Postura de 'Maverick'; Faz Anúncio Militar contra Trump Como um Líder Real,"""John McCain Returns to Maverick Stance; Announces Military Policy Against Trump as a Genuine Leader""",qwen/prompt2,0.913912177085876
John McCain Goes ‘Maverick’ Again; Makes Anti-Trump Military Announcement Like A Real Leader,John McCain Volta a Ser 'Maverick'; Faz Anúncio Militar Antitrump Como Um Verdadeiro Líder.,"""John McCain Becomes a 'Maverick' Again; Makes Anti-Trump Military Announcement Like a True Leader.""",gpt/prompt3,0.9147289395332331
John McCain Goes ‘Maverick’ Again; Makes Anti-Trump Military Announcement Like A Real Leader,"John McCain volta a ser um ""outsider""; faz anúncio militar contra Trump como um verdadeiro líder.","John McCain returns to being an ""outsider""; makes a military announcement against Trump as a true leader.",gemma3/prompt1,0.9194695949554441
John McCain Goes ‘Maverick’ Again; Makes Anti-Trump Military Announcement Like A Real Leader,John McCain Volta a Ser ‘Maverick’; Faz Anúncio Militar Anti-Trump Como Um Verdadeiro Líder.,John McCain Returns as a 'Maverick'; Makes Military Announcement Against Trump Like a True Leader.,gpt/prompt4,0.9228125810623161
John McCain Goes ‘Maverick’ Again; Makes Anti-Trump Military Announcement Like A Real Leader,John McCain vai de 'Maverick' novamente; faz anúncio militar anti-Trump como um verdadeiro líder.,"""John McCain goes 'Maverick' again; makes an anti-Trump military announcement like a true leader.""",gpt/prompt2,0.9411686062812801
John McCain Goes ‘Maverick’ Again; Makes Anti-Trump Military Announcement Like A Real Leader,John McCain vai de 'Maverick' novamente; faz anúncio militar anti-Trump como um verdadeiro líder.,John McCain goes 'Maverick' again; makes an anti-Trump military announcement as a true leader.,gpt/prompt1,0.951151251792907
John McCain Goes ‘Maverick’ Again; Makes Anti-Trump Military Announcement Like A Real Leader,"""John McCain assume o papel de 'Maverick' novamente; faz anúncio militar anti-Trump como um verdadeiro líder.""","""John McCain resumes his role as 'Maverick'; delivers an anti-Trump military announcement as a true leader.""",mistral/prompt3,0.958919286727905
John McCain Goes ‘Maverick’ Again; Makes Anti-Trump Military Announcement Like A Real Leader,"John McCain volta a ser um ""Maverick""; faz um anúncio militar anti-Trump como um verdadeiro líder","John McCain is a ""Maverick"" again; he makes an anti-Trump military ad like a real leader",gemmaX/,0.9601854681968681
John McCain Goes ‘Maverick’ Again; Makes Anti-Trump Military Announcement Like A Real Leader,John McCain volta a ser ‘Maverick’; faz anúncio militar contra o Trump como um verdadeiro líder,John McCain returns to being ‘Maverick’; announces military measure against Trump as a true leader,qwen/prompt1,0.9647769927978511
John McCain Goes ‘Maverick’ Again; Makes Anti-Trump Military Announcement Like A Real Leader,John McCain é um 'Maverick' outra vez; faz um anúncio contra Trump de uma maneira que um líder de verdade faria.,John McCain is a 'Maverick' again; he makes an announcement against Trump in a way a true leader would.,mistral/prompt1,0.9695298671722411
John McCain Goes ‘Maverick’ Again; Makes Anti-Trump Military Announcement Like A Real Leader,"O senador John McCain volta a agir como ""maverick""; Anuncia medidas anti-Trump no Exército, como um verdadeiro líder.","Senator John McCain acts again as a ""maverick""; Announces anti-Trump measures in the Army, like a true leader.",llama/prompt1,0.971891999244689
Fobus Holster Announces Launch of its Summer Carry Giveaway,A Cintura do Fobus Anuncia a Lançamento de seu Sorteio de Portagem no Verão,"""The Belt of Phobos Proclaims the Summer Tolls Collection Launch""",qwen/prompt3,0.49754604697227406
Fobus Holster Announces Launch of its Summer Carry Giveaway,Fobus Holster Anuncia Lançamento do Suação Leve de Presentes,Fobus Holster Announces Launch of Breath of Fresh Presents,qwen/prompt4,0.6472203731536861
Fobus Holster Announces Launch of its Summer Carry Giveaway,Fobus Anuncia o Lançamento do Sorteio Estival de Carregadores para a Aventura.,Fobus Unveils the Summer Quest: A Magazine Giveaway for the Adventurer's Arsenal.,gemma3/prompt3,0.673996329307556
Fobus Holster Announces Launch of its Summer Carry Giveaway,Fobus Holster Anuncia o Lançamento do seu Concurso de Carregamento de Verão.,**Fearless Holster Unveils its Summer Loading Contest.**,mistral/prompt3,0.72386485338211
Fobus Holster Announces Launch of its Summer Carry Giveaway,"Fobus Holster anuncia o lançamento da sua ""Chuva de Verão"" de brindes para porte.
","Fobus Holster unveils its ""Summer Shower"" of carry-gear giveaways.",gemini/prompt3,0.7335355877876281
Fobus Holster Announces Launch of its Summer Carry Giveaway,"""Fobus Holster Anuncia o Lançamento do Sorteio de Verão para Cinto de Carregamento""","""Fobus Holster Announces the Summer Raffle for Charge Belt Launch""",mistral/prompt4,0.7427983283996581
Fobus Holster Announces Launch of its Summer Carry Giveaway,"Fobus Holster Anuncia o Lançamento de Sua Rifaina de Verão.
",Fobus Holster Unveils Its Summer Arsenal.,gemini/prompt4,0.752651453018188
Fobus Holster Announces Launch of its Summer Carry Giveaway,Fobus Holster Anuncia o Lançamento do Seu Sorteio de Verão para Levar Pra Casa.,"Fobus Holster Reveals the Launch of Its Summer Giveaway, A Chance to Pocket a Prize.",gemma3/prompt4,0.766430974006652
Fobus Holster Announces Launch of its Summer Carry Giveaway,Fobus Holster anuncia o lançamento do seu Carry Giveaway Verão,Fobus Holster launches the summer Carry Giveaway - is it there?,meta/,0.777864515781402
Fobus Holster Announces Launch of its Summer Carry Giveaway,A Fobus Anuncia Lançamento do Seu Sorteio de Carregamento de Verão.,Fobus Announces the Launch of Their Summer Load Draw.,llama/prompt2,0.8012197017669671
Fobus Holster Announces Launch of its Summer Carry Giveaway,Fobus Holster Annuncia Lançamento de Sua Promoção de Verão de Levar em Consigo.,Fobus Holster Announces Take-It-On Summer Promotion.,llama/prompt4,0.8024734854698181
Fobus Holster Announces Launch of its Summer Carry Giveaway,"""Fobus Holster Anuncia o Lançamento do seu Sorteio de Carregamento de Verão""","""Fobus Holster Announces the Launch of Its Summer Load Car Giveaway""",mistral/prompt1,0.8359663486480711
Fobus Holster Announces Launch of its Summer Carry Giveaway,Fobus Holster Anuncia o Lançamento da sua Sorteira de Verão para Carregar.,"""FOBUS Holster Announces the Launch of its Summer Draw for Carry.""",llama/prompt3,0.83673095703125
Fobus Holster Announces Launch of its Summer Carry Giveaway,Fobus Holster anuncia o lançamento de seu sorteio de verão para porte de arma.,Fobus Holster announces the launch of its summer gun-carrying giveaway.,gemma3/prompt1,0.8623642921447751
Fobus Holster Announces Launch of its Summer Carry Giveaway,Fobus Holster anuncia o lançamento de seu sorteio de verão para porte de armas.,Fobus Holster announces the launch of its summer giveaway for concealed carry.,gemma3/prompt2,0.862950682640075
Fobus Holster Announces Launch of its Summer Carry Giveaway,Fobus Holster Anuncia Lançamento de Sua Promoção de Transporte do Verão,Fobus Holster Announces Launch of Its Summer Transportation Promotion,qwen/prompt1,0.8734334111213681
Fobus Holster Announces Launch of its Summer Carry Giveaway,Fobus Holster Anuncia Lançamento de seu Giveaway de Carga de Verão,Fobus Holster Announces the Launch of its Summer Reload Giveaway.,llama/prompt1,0.873576402664184
Fobus Holster Announces Launch of its Summer Carry Giveaway,Fobus Holster Anuncia o Lançamento de seu Sorteio de Verão para Transporte.,"""Fobus Holster Announces the Launch of its Summer Transport Giveaway.""",gpt/prompt3,0.8752245903015131
Fobus Holster Announces Launch of its Summer Carry Giveaway,A Fobus Holster Anuncia o Lançamento de seu Sorteio de Verão.,Fobus Holster Announces the Launch of its Summer Raffle.,gpt/prompt2,0.8761103153228761
Fobus Holster Announces Launch of its Summer Carry Giveaway,Fobus Holster Anuncia Lançamento de Sua Promoção de Transporte Verão,Fobus Holster Announces Launch of Its Summer Transportation Promotion,qwen/prompt2,0.895972788333892
Fobus Holster Announces Launch of its Summer Carry Giveaway,Fobus Holster Anuncia o Lançamento de seu Sorteio de Verão para Porte,Fobus Holster Announces the Launch of its Summer Carry Giveaway,gemini/prompt2,0.9024158716201781
Fobus Holster Announces Launch of its Summer Carry Giveaway,Fobus Holster Anuncia Lançamento do Seu Sorteio de Verão,Fobus Holster Announces Summer Giveaway Launch,mistral/prompt2,0.925419449806213
Fobus Holster Announces Launch of its Summer Carry Giveaway,"Fobus Holster Anuncia o Lançamento do Sorteio de Verão
",Fobus Holster Announces Summer Giveaway Launch,gemini/prompt1,0.9320992231369011
Fobus Holster Announces Launch of its Summer Carry Giveaway,Fobus Holster anuncia o lançamento de seu Summer Carry Giveaway,Fobus Holster Announces Release of their Summer Carry Giveaway,marian/,0.9351930618286131
Fobus Holster Announces Launch of its Summer Carry Giveaway,Fobus Holster Anuncia o Lançamento de seu Sorteio de Verão.,Fobus Holster Announces the Launch of its Summer Giveaway.,gpt/prompt4,0.936089754104614
Fobus Holster Announces Launch of its Summer Carry Giveaway,Fobus Holster anuncia o lançamento da sua oferta de verão,Fobus Holster announces the launch of its summer offer,gemmaX/,0.9700571298599241
Fobus Holster Announces Launch of its Summer Carry Giveaway,A Fobus Holster anuncia o lançamento de seu sorteio de verão.,Fobus Holster announces the launch of its summer giveaway.,gpt/prompt1,0.975473880767822
Families of Captive French Islamic State Jihadis Sue to Bring them Back to Europe,Famílias de Jihadistas Francês Serei Sequestrado Sues para Tirá-los De Volta à Europa,"""French Jihadist Families will be Suited Up (em trajes de esquimó) to Abduct Them Back to Europe""",llama/prompt4,0.249967813491821
Families of Captive French Islamic State Jihadis Sue to Bring them Back to Europe,Famílias de Jihadistas Francos Islâmicos do Estado Presos Sucedem para Levá-los de Volta para a Europa,Families of Metaforical French Islamic Jihadi Fighters in Custody Succumb to Bringing Them Back to Europe,qwen/prompt4,0.466116577386856
Families of Captive French Islamic State Jihadis Sue to Bring them Back to Europe,"""Grupos de jihadistas da França no Estado Islâmico, que estão detidos, processam para serem trazidos de volta à Europa""","""Parisian jihadist cells in the Islamic State, currently incarcerated, are seeking to return to Europe.""",mistral/prompt4,0.48146808147430403
Families of Captive French Islamic State Jihadis Sue to Bring them Back to Europe,Famílias de cativeiros franceses do Islã Estado processam para resgatar-lhes o retorno à Europa.,French families held by the Islamic State navigate a perilous passage towards a European homecoming.,gemma3/prompt3,0.5130286812782281
Families of Captive French Islamic State Jihadis Sue to Bring them Back to Europe,Famílias de Jihadistas Francos Capturados pelo Estado Islâmico Processam para_os Retornar_A Europa,"""Jihadist Frank Families Captured by the Islamic State Sue to_Return Them to_Europe""",qwen/prompt3,0.586864233016967
Families of Captive French Islamic State Jihadis Sue to Bring them Back to Europe,"Famílias de jihadistas franceses cativos do Estado Islâmico acendem a tocha da esperança na Europa, movendo ações para repatriá-los.
","French jihadist families, held captive by ISIS, ignite a beacon of hope in Europe, sparking a push for their repatriation.",gemini/prompt3,0.728736519813537
Families of Captive French Islamic State Jihadis Sue to Bring them Back to Europe,"Famílias de combatentes jihadistas islâmicos franceses cativos processam para trazê-los de volta à Europa.
",French families of jihadist Islamic fighters held captive are mounting a legal bid to bring them home.,gemma3/prompt4,0.7955210208892821
Families of Captive French Islamic State Jihadis Sue to Bring them Back to Europe,Famílias de Jihadistas Francês do Estado Islâmico Presos Sustentam Ações para Trazê-los de Volta para a Europa,Families of French Jihadists from ISIS Detained Sustain Efforts to Bring Them Back to Europe,qwen/prompt2,0.81093406677246
Families of Captive French Islamic State Jihadis Sue to Bring them Back to Europe,Famílias de Jundis Islâmicos Francês Capturados na Estado Islâmico Processam para Trazá-los de Volta para a Europa,Families of French Islamic Families Captured by ISIS Sue to Bring Them Back to Europe,qwen/prompt1,0.8335629701614381
Families of Captive French Islamic State Jihadis Sue to Bring them Back to Europe,'Famílias de Cativos do Estado Islâmico Francês Processam para Trazê-los de Volta para a Europa',"""Families of ISIS Captives from France Sue to Bring Them Home""",mistral/prompt1,0.8459499478340141
Families of Captive French Islamic State Jihadis Sue to Bring them Back to Europe,Famílias de presidiários franceses do Estado Islâmico buscam por meio judicial reencontrar reféns na Europa.,Families of French inmates from the Islamic State seeking through legal means to reunite with captives in Europe.,mistral/prompt3,0.8713108897209161
Families of Captive French Islamic State Jihadis Sue to Bring them Back to Europe,Famílias do Estado Islâmico Francês Cativo Jihadis Sue para trazê-los de volta à Europa,Families of the French Islamic State Captive Jihadis Sue to bring them back to Europe,marian/,0.913756251335144
Families of Captive French Islamic State Jihadis Sue to Bring them Back to Europe,Famílias de Jihadistas Franceses Cativos do Estado Islâmico Processam para Tê-los de Volta na Europa.,"""Families of French ISIS Hostages Sue to Have Them Returned to Europe.""",llama/prompt1,0.922856509685516
Families of Captive French Islamic State Jihadis Sue to Bring them Back to Europe,"Parentes de jihadistas franceses do Estado Islâmico, cativos, movem ação para trazê-los de volta à Europa.
","The families of French ISIS jihadists, held captive, are mounting a campaign to bring them back to Europe.",gemini/prompt4,0.9289495944976801
Families of Captive French Islamic State Jihadis Sue to Bring them Back to Europe,"Famílias de jihadistas franceses do Estado Islâmico capturados processam para trazê-los de volta à Europa.
",French families of Islamic State jihadists captured seek legal action to bring them back to Europe.,gemma3/prompt1,0.9317945837974541
Families of Captive French Islamic State Jihadis Sue to Bring them Back to Europe,Famílias de Jihadistas Islâmicos Franceses Aprisionados Buscam Trazer Seus Filhos de Volta à Europa.,Families of Imprisoned French Islamic Jihadists Seek to Bring Their Children Back to Europe.,gpt/prompt3,0.9441585540771481
Families of Captive French Islamic State Jihadis Sue to Bring them Back to Europe,Famílias de jihadistas franceses do Estado Islâmico sequestrados processam para trazê-los de volta à Europa.,Families of French ISIS jihadists kidnapped seek to bring them back to Europe.,gpt/prompt4,0.9496682882308961
Families of Captive French Islamic State Jihadis Sue to Bring them Back to Europe,Famílias de jihadistas do Estado Islâmico capturados na França processam para libertá-los e trazê-los de volta à Europa,"""Families of ISIS militants captured in France push for their release and return to Europe""",llama/prompt3,0.9658479690551751
Families of Captive French Islamic State Jihadis Sue to Bring them Back to Europe,Famílias de jihadistas franceses do Estado Islâmico capturados processam para trazê-los de volta à Europa.,French families of ISIS jihadists captured are suing to bring them back to Europe.,gemma3/prompt2,0.9727617502212521
Families of Captive French Islamic State Jihadis Sue to Bring them Back to Europe,"Famílias de jihadistas franceses do Estado Islâmico detidos processam para trazê-los de volta à Europa.
",Families of detained French ISIS jihadists are suing to bring them back to Europe.,gemini/prompt1,0.97438907623291
Families of Captive French Islamic State Jihadis Sue to Bring them Back to Europe,Famílias de jihadistas franceses do Estado Islâmico detidos processam para trazê-los de volta à Europa.,Families of detained French ISIS jihadists are suing to bring them back to Europe.,gemini/prompt2,0.976129055023193
Families of Captive French Islamic State Jihadis Sue to Bring them Back to Europe,"""Famílias de jihadistas franceses da Organização Estatal Islâmica cativas processam para trazê-los de volta para a Europa.""","""Families of French ISIS fighters held abroad sue to bring them back to Europe.""",llama/prompt2,0.9786882996559141
Families of Captive French Islamic State Jihadis Sue to Bring them Back to Europe,Famílias de jihadistas franceses do Estado Islâmico capturados processam para trazê-los de volta à Europa.,Families of French Islamic State jihadists captured are suing to bring them back to Europe.,gpt/prompt1,0.981014013290405
Families of Captive French Islamic State Jihadis Sue to Bring them Back to Europe,Famílias de jihadistas do Estado Islâmico francês capturados processam para trazê-los de volta à Europa.,Families of captured French Islamic State jihadists are suing to bring them back to Europe.,gpt/prompt2,0.984409987926483
Families of Captive French Islamic State Jihadis Sue to Bring them Back to Europe,Familiares dos jihadistas do Estado Islâmico prisioneiros francesos reclamam para os trazer de volta para a Europa,Families of French ISIS prisoners seek to be brought back to Europe,meta/,0.9926687479019161
Families of Captive French Islamic State Jihadis Sue to Bring them Back to Europe,"""Famílias de Francês Presos do Estado Islâmico processam para que sejam trazidos de volta para a Europa.""","""Families of French ISIS prisoners sue to have them brought back to Europe.""",mistral/prompt2,0.996947169303894
Families of Captive French Islamic State Jihadis Sue to Bring them Back to Europe,Famílias de jihadistas franceses cativos do Estado Islâmico pedem para trazê-los de volta para a Europa,Families of French jihadists held by Islamic State ask to bring them back to Europe,gemmaX/,1.0
ELEY Makes Significant Investment in Competition Segment Within the USA,ELEY faz investimento significativo no segmento concorrencial nos Estados Unidos.,Ele faz um grande golpe no mercado concorrencial nos Estados Unidos.,llama/prompt4,0.542554438114166
ELEY Makes Significant Investment in Competition Segment Within the USA,ELEY investe significativamente no setor competitivo dos EUA,"""He invests significantly in the competitive arena of the U.S.""",mistral/prompt3,0.738821566104888
ELEY Makes Significant Investment in Competition Segment Within the USA,"""ELEY realiza investimento significativo no segmento de competições nos Estados Unidos""","""ELEVATE makes significant investment in the competitions segment in the United States""",qwen/prompt2,0.7656097412109371
ELEY Makes Significant Investment in Competition Segment Within the USA,"ELEY Fortalece sua Aposta no Ringue Competitivo Americano.
",ELEY Doubles Down on its Bet in the American Fighting Ring.,gemma3/prompt3,0.7694203853607171
ELEY Makes Significant Investment in Competition Segment Within the USA,"A ELEY finca bandeira com pujança no solo competitivo americano.
",ELEY plants its flag with vigor in the American competitive landscape.,gemini/prompt3,0.787615954875946
ELEY Makes Significant Investment in Competition Segment Within the USA,Eley Investe Consideravelmente no Nicho de Concorrência nos Estados Unidos,"""Ele Investe Consideravelmente na Niche dos Concorrentes nos Estados Unidos""",qwen/prompt3,0.8118047714233391
ELEY Makes Significant Investment in Competition Segment Within the USA,ELEY Investe Consideravelmente no Segmento de Competição nos Estados Unidos,ELEY Investe Extensivamente na Category de Concorrência nos EUA,qwen/prompt4,0.812454402446746
ELEY Makes Significant Investment in Competition Segment Within the USA,ELEY Mergulha com Força no Ringue da Concorrência nos EUA.,ELEY Leaps into the Fray in the U.S. Arena.,gemma3/prompt4,0.8185427188873291
ELEY Makes Significant Investment in Competition Segment Within the USA,Ele faz um investimento significativo no segmento da concorrência dentro dos EUA,Ele faz um investimento significativo no segmento da concorrência dentro dos EUA,mistral/prompt4,0.8263827562332151
ELEY Makes Significant Investment in Competition Segment Within the USA,A ELEY fez uma aposta significativa em segmento de competição dentro dos EUA.,"""A ELEY placed a sizeable bet on competition segment within the US.""",llama/prompt3,0.881953954696655
ELEY Makes Significant Investment in Competition Segment Within the USA,A ELEY faz investimento significativo em segmento de competição no interior dos Estados Unidos.,The ELEY makes a significant investment in the competitive segment in the US interior.,llama/prompt2,0.9086204767227171
ELEY Makes Significant Investment in Competition Segment Within the USA,"A ELEY aposta alto no mercado de competição nos EUA.
",ELEY is going all-in on the US competition market.,gemini/prompt4,0.9307651519775391
ELEY Makes Significant Investment in Competition Segment Within the USA,'ELEY Faz Investimento Sustentável no Segmento de Competição Dentro dos EUA'.,ELEY Makes Sustainable Investment in the Competitive Segment Within the USA.,mistral/prompt2,0.940026879310607
ELEY Makes Significant Investment in Competition Segment Within the USA,"A ELEY faz um investimento significativo no segmento de competição nos EUA.
",ELEY makes a significant investment in the competitive shooting segment in the US.,gemini/prompt1,0.9604504108428951
ELEY Makes Significant Investment in Competition Segment Within the USA,A ELEY Investe Significativamente no Segmento de Competição nos EUA.,ELEY Makes a Significant Investment in the Competitions Segment in the USA.,llama/prompt1,0.9618875384330751
ELEY Makes Significant Investment in Competition Segment Within the USA,A ELEY realiza um significativo investimento no segmento de concorrência nos EUA,ELEY makes significant investments in the US Competition segment,meta/,0.9735437631607051
ELEY Makes Significant Investment in Competition Segment Within the USA,A ELEY faz um investimento significativo no segmento de competição dentro dos EUA.,ELEY makes a substantial investment in the competitive arena within the U.S.,gpt/prompt3,0.9808239936828611
ELEY Makes Significant Investment in Competition Segment Within the USA,ELEY faz um investimento significativo no segmento de concorrência nos EUA.,ELEY makes a significant investment in the competition arena in the USA.,gpt/prompt4,0.9843970537185661
ELEY Makes Significant Investment in Competition Segment Within the USA,ELEY Faz Investimento Significativo no Setor de Competições Dentro dos EUA.,ELEY Makes Significant Investment in US Competition Sector.,mistral/prompt1,0.9854217171669001
ELEY Makes Significant Investment in Competition Segment Within the USA,"""ELEY Investe Consideravelmente no Segmento de Competições nos EUA""","""ELEY Invests Significantly in the Competition Segment in the USA""",qwen/prompt1,0.9873764514923091
ELEY Makes Significant Investment in Competition Segment Within the USA,ELEY faz investimento significativo no segmento da concorrência nos EUA,ELEY makes significant investment in the US competition segment,marian/,0.9910318851470941
ELEY Makes Significant Investment in Competition Segment Within the USA,ELEY faz um investimento significativo no segmento de competição nos EUA,ELEY makes a significant investment in the US competition segment,gemmaX/,0.9912000298500061
ELEY Makes Significant Investment in Competition Segment Within the USA,"A ELEY faz um investimento significativo no segmento de competição nos EUA.
","ELEY makes a significant investment in the competition segment in the US.
",gemini/prompt2,0.994344592094421
ELEY Makes Significant Investment in Competition Segment Within the USA,A ELEY faz um investimento significativo no segmento de competição dentro dos EUA.,ELEY makes a significant investment in the competition segment within the US.,gemma3/prompt1,1.0
ELEY Makes Significant Investment in Competition Segment Within the USA,ELEY faz investimento significativo no segmento de competição dentro dos EUA.,ELEY makes a significant investment in the competition segment within the U.S.,gemma3/prompt2,1.0
ELEY Makes Significant Investment in Competition Segment Within the USA,A ELEY faz um investimento significativo no segmento de competição nos EUA.,ELEY makes a significant investment in the competition segment in the USA.,gpt/prompt1,1.0
ELEY Makes Significant Investment in Competition Segment Within the USA,ELEY faz um investimento significativo no segmento de competições dentro dos EUA.,ELEY makes a significant investment in the competition segment within the USA.,gpt/prompt2,1.0
"Transgender troop enlistment not happening yet, Pentagon delays it for 6 months",O passo para integrar a tropa transgênero ainda não se firma; o Pentágono estende a sombra da espera por seis luas.,The foothold for integrating transgender troops remains unsteady; the Pentagon stretches the shadow of waiting across six moons.,gemma3/prompt3,0.593763828277587
"Transgender troop enlistment not happening yet, Pentagon delays it for 6 months","O recrutamento de tropas transgêneros não está em andamento ainda, o Pentágono adia-o por mais 6 meses.","O recrutamento de tropas transgêneros está na espera, o Pentágono pega em cheque por mais 6 meses.",llama/prompt3,0.619075953960418
"Transgender troop enlistment not happening yet, Pentagon delays it for 6 months","Ainda não está no Exército. O Pentágono ganhou mais seis meses.
",He's not in the Army yet. The Pentagon bought another six months.,gemini/prompt4,0.6460803747177121
"Transgender troop enlistment not happening yet, Pentagon delays it for 6 months","O alistamento de tropas transgêneros não está acontecendo ainda, o Pentágono adiante-o por mais seis meses.","O alistamento de tropas transgêneros não está sendo puxado para a frente ainda, o Pentágono adiante-o por mais seis meses.",llama/prompt4,0.6801902055740351
"Transgender troop enlistment not happening yet, Pentagon delays it for 6 months","O alistamento transgênero ainda patina, Pentágono ganha seis meses de fôlego.
","Transgender enlistment still stumbles, Pentagon gets a six-month breather.",gemini/prompt3,0.8142119646072381
"Transgender troop enlistment not happening yet, Pentagon delays it for 6 months","Não houve alistamento de transgênero ainda, o Pentágono atrasou-o por 6 meses","No transgender's enlisted yet, Pentagon delayed him for 6 months",meta/,0.8441079854965211
"Transgender troop enlistment not happening yet, Pentagon delays it for 6 months",O alistamento da tropa transgênero ainda não decolou; o Pentágono adia o voo por seis meses.,The transgender troop enlistment hasn't taken off; the Pentagon is grounding the flight for six months.,gemma3/prompt4,0.853403508663177
"Transgender troop enlistment not happening yet, Pentagon delays it for 6 months","""Transição de gênero em recrutamento não está acontecendo ainda, o Pentágono adia por 6 meses.""","""Gender transition in recruitment remains unresolved, Pentagon delays for six months.""",mistral/prompt3,0.9250847101211541
"Transgender troop enlistment not happening yet, Pentagon delays it for 6 months","O alistamento de transgêneros ainda não vai acontecer, Pentágono adia por 6 meses.","Transgender enlistment still won't happen, Pentagon delays for 6 months.",gemini/prompt2,0.9303007721900941
"Transgender troop enlistment not happening yet, Pentagon delays it for 6 months","Alistamento de tropas transgênero ainda não acontecendo, Pentágono adia por 6 meses.","""Transgender troop enlistment still on hold, Pentagon delays for 6 months.""",gpt/prompt3,0.946995735168457
"Transgender troop enlistment not happening yet, Pentagon delays it for 6 months","A entrada de transgêneros nas tropas ainda não está ocorrendo, o Pentágono adia por mais 6 meses.",The entry of transgenders into the ranks has not yet occurred; the Pentagon delays for another six months.,qwen/prompt4,0.958614349365234
"Transgender troop enlistment not happening yet, Pentagon delays it for 6 months",A inclusão de tropas transgênero está sendo adiada pela marinha por seis meses.,"""The inclusion of transgender troops is being postponed by the navy for six months.""",mistral/prompt4,0.9613341093063351
"Transgender troop enlistment not happening yet, Pentagon delays it for 6 months","O alistamento de tropas transgêneros ainda não está acontecendo, Pentágono adia por 6 meses.","""The enlistment of transgender troops is still not happening, Pentagon delays for 6 months.""",gpt/prompt2,0.9755162000656121
"Transgender troop enlistment not happening yet, Pentagon delays it for 6 months","O alistamento de transgêneros ainda não está acontecendo, Pentágono adia por 6 meses.
","Transgender enlistment still not happening, Pentagon delays for 6 months.",gemini/prompt1,0.975715398788452
"Transgender troop enlistment not happening yet, Pentagon delays it for 6 months","O alistamento de tropas transgênero ainda não aconteceu, Pentágono adia por 6 meses.","The enlistment of transgender troops has not yet taken place, Pentagon postpones for 6 months.",gpt/prompt4,0.9779010415077211
"Transgender troop enlistment not happening yet, Pentagon delays it for 6 months","Inscrição de transgender em tropas não está acontecendo ainda, o Pentágono atrasa para 6 meses","Transgender enrollment in troops is not yet happening, the Pentagon is delaying for 6 months.",mistral/prompt1,0.977938055992126
"Transgender troop enlistment not happening yet, Pentagon delays it for 6 months","Recrutamento de tropas transgénero ainda não está a acontecer, o Pentágono adiou-o por 6 meses","Transgender troops recruitment not happening yet, Pentagon delays it by 6 months",gemmaX/,0.9798646569252011
"Transgender troop enlistment not happening yet, Pentagon delays it for 6 months","A entrada de soldados transgêneros ainda não está acontecendo, o Pentágono adia para mais seis meses.","'The induction of transgender soldiers is still not happening, with the Pentagon delaying it for another six months.'",llama/prompt2,0.9824000597000121
"Transgender troop enlistment not happening yet, Pentagon delays it for 6 months","O alistamento de tropas transgêneros não está acontecendo ainda, o Pentágono adia por 6 meses.","Transgender troops enrollment is not happening yet, the Pentagon delays it by six months.",llama/prompt1,0.9890313148498531
"Transgender troop enlistment not happening yet, Pentagon delays it for 6 months","O alistamento de tropas transgênero ainda não está ocorrendo, o Pentágono adia por 6 meses.",The enlistment of transgender troops is still not happening; the Pentagon delays for 6 months.,gemma3/prompt2,0.9894050359725951
"Transgender troop enlistment not happening yet, Pentagon delays it for 6 months","A incorporação de tropas transexuais não está ocorrendo ainda, o Pentágono adiou por mais 6 meses.","The incorporation of transgender troops is not yet happening, with the Pentagon putting it off for another six months.",qwen/prompt3,0.9903715848922731
"Transgender troop enlistment not happening yet, Pentagon delays it for 6 months","Inscrição de tropas transexuais não ocorre ainda, o Pentágono a adianta por 6 meses.","""Enlistment of transgender troops does not occur yet, the Pentagon delays it by six months.""",mistral/prompt2,0.991093158721923
"Transgender troop enlistment not happening yet, Pentagon delays it for 6 months","O recrutamento de tropas transgender ainda não está acontecendo, Pentágono o adiou por 6 meses.","""The recruitment of transgender troops is not happening yet, the Pentagon has postponed it for 6 months.""",gpt/prompt1,0.9912000298500061
"Transgender troop enlistment not happening yet, Pentagon delays it for 6 months","O alistamento de tropas transgênero ainda não está acontecendo, o Pentágono o adia por 6 meses.",The enlistment of transgender troops is still not happening; the Pentagon is delaying it for 6 months.,gemma3/prompt1,1.0
"Transgender troop enlistment not happening yet, Pentagon delays it for 6 months","O alistamento de tropas transgénero ainda não está a acontecer, o Pentágono atrasa-o por 6 meses.","The recruitment of transgender troops is not yet taking place, the Pentagon is delaying it for six months.",marian/,1.0
"Transgender troop enlistment not happening yet, Pentagon delays it for 6 months","A admissão de transexuais no exército ainda não vai acontecer, o Pentágono adiou para seis meses.","The admission of transgender individuals into the military is still not happening, as the Pentagon has postponed it by six months.",qwen/prompt1,1.0
"Transgender troop enlistment not happening yet, Pentagon delays it for 6 months","A admissão de tropas transexuais ainda não acontece, o Pentágono adiou por seis meses.",The admission of transgender troops has not yet occurred; the Pentagon has delayed it by six months.,qwen/prompt2,1.0
Huffington Post Misrepresents Islam To Give ISIS A Pass,"O Huffington Post distorce o Islã para dar um passaporte para o ISIS.

O artigo ""A Verdadeira Face da Islamofobia"" do Huffington Post, por conta própria, torna-se um veículo de difamação do Islã. Ao afirmar que o Islã não é apenas uma religião, mas também uma identidade, a postura do Huffington Post distorce a verdadeira essência do Islã, comparável a uma máquina de mármores cuja beleza esconde sua verdadeira natureza.

O termo ""islamofobia"" é frequentemente usado para proteger aqueles que se opõem a uma crítica do Islã, sendo comparável a alguém que defende os direitos dos criminosos enquanto se opõe ao sistema de justiça. Além disso, ao descrever os muçulmanos como uma ""comunidade"" que sofreu","The Huffington Post Distorts Islam to Give a Passport to ISIS.

The Huffington Post's ""The True Face of Islamophobia"" article turns into a defamation vehicle for Islam on its own terms. By stating that Islam is not only a religion, but also an identity, The Huffington Post's stance distorts the true essence of Islam, comparable to a marble machine whose beauty conceals its true nature.

The term ""Islamophobia"" is frequently used to shield those who oppose criticism of Islam, comparable to someone who defends the rights of criminals while opposing the justice system. Furthermore, by describing Muslims as a ""community"" that has ""suffered,"" implying that the Huffington Post sees criticism of Islam as a form of suffering or injustice.",llama/prompt4,0.48201039433479304
Huffington Post Misrepresents Islam To Give ISIS A Pass,"O Huffington Post Desvirtua o Islã para Justificar o ISIS

Em um jogo de xadrez, não se permite que um peão atue como uma peça mais forte do tabuleiro. Da mesma forma, não é justo que a violência e a intolerância de grupos radicais sejam apresentadas como a voz oficial do Islã, quando na verdade não passam de um pequeno grupo marginal que visa destruir o Islã.

O Huffington Post tem feito exatamente isso - desvirtuar o Islã para justificar o ISIS. A publicação apresentou como uma declaração de fé o ataque de ISIS contra a comunidade síria de Yazidíes. No entanto, essa não é uma declaração de fé, mas uma declaração de guerra. É como dizer que o nazismo é uma expressão do cristianismo, apenas porque os nazistas se identificavam como cristã","""O Huffington Post Desvirtua o Islã para Justificar o ISIS

Em um jogo de xadrez, não se permite que um peão atue como uma peça mais forte do tabuleiro. Da mesma forma, não é justo que a violência e a intolerância de grupos radicais sejam apresentadas como a voz oficial do Islã, quando na verdade não passam de um pequeno grupo marginal que visa destruir o Islã.

O Huffington Post tem feito exatamente isso - desvirtuar o Islã para justificar o ISIS. A publicação apresentou como uma declaração de fé o ataque de ISIS contra a comunidade síria de Yazidíes. No entanto, essa não é uma declaração de fé, mas uma declaração de guerra. É como dizer que o nazismo é uma expressão do cristianismo, apenas porque os nazistas se identificavam como crist",llama/prompt3,0.6630444526672361
Huffington Post Misrepresents Islam To Give ISIS A Pass,"O Huffington Post maquia o Islã para absolver o ISIS.
",The Huffington Post is putting lipstick on a pig to acquit ISIS.,gemini/prompt4,0.6710485816001891
Huffington Post Misrepresents Islam To Give ISIS A Pass,"Huffington Post Debulha o Islã Para Dispensar o Estado Islâmico.
",HuffPost Undermines Islam to Dispatch ISIS.,gemma3/prompt3,0.818830728530883
Huffington Post Misrepresents Islam To Give ISIS A Pass,"Huffington Post distorce o Islã para dar uma mãozinha ao Estado Islâmico.
",Huffington Post throws a lifeline to ISIS by twisting Islam.,gemini/prompt3,0.840153276920318
Huffington Post Misrepresents Islam To Give ISIS A Pass,O Huffington Post Desvirtua o Islã para Dar um Livre Trânsito ao Estado Islâmico.,The Huffington Post Whitewashes Islam to Clear the Path for ISIS.,gemma3/prompt4,0.9072822332382201
Huffington Post Misrepresents Islam To Give ISIS A Pass,O Huffington Post Distorce o Islã para Justificar uma Passagem Livre ao Estado Islâmico,The Huffington Post Warps Islam to Justify a Free Pass for ISIS,qwen/prompt3,0.9156517982482911
Huffington Post Misrepresents Islam To Give ISIS A Pass,O Huffington Post Descontextualiza o Islã Para Dar Passagem ao ISIS,"""Huffington Post Dissects Islam to Pass the Torch to ISIS""",llama/prompt1,0.9176748991012571
Huffington Post Misrepresents Islam To Give ISIS A Pass,O Huffington Post Desvirtua o Islã Para Dar um Passo Lado a Lado ao Estado Islâmico,The Huffington Post Distorts Islam to Walk Side by Side with ISIS,qwen/prompt2,0.9241003990173341
Huffington Post Misrepresents Islam To Give ISIS A Pass,O Huffington Post Distorce o Islam para Dá Passaporte ao ISIS,The Huffington Post Distorts Islam to Grant Passport to ISIS,mistral/prompt1,0.9248697757720941
Huffington Post Misrepresents Islam To Give ISIS A Pass,"""O Huffington Post distorce o islã para dar uma saída à ISIS.""",The Huffington Post twists Islam to provide an exit for ISIS.,mistral/prompt3,0.9307539463043211
Huffington Post Misrepresents Islam To Give ISIS A Pass,Huffington Post Distorce o Islã para Dar um Alvará ao ISIS,"""Huffington Post Distorts Islam to Grant a License to ISIS""",gpt/prompt3,0.934141874313354
Huffington Post Misrepresents Islam To Give ISIS A Pass,Huffington Post Distorce o Islã para Dispensar o ISIS,Huffington Post Distorts Islam to Excuse ISIS,gemma3/prompt1,0.940062165260314
Huffington Post Misrepresents Islam To Give ISIS A Pass,Huffington Post deturpa o Islã para dar um alvará ao ISIS.,Huffington Post distorts Islam to give a license to ISIS.,gpt/prompt4,0.9428292512893671
Huffington Post Misrepresents Islam To Give ISIS A Pass,O Huffington Post Mismanipa o Islã para Dar uma Passagem ao Estado Islâmico,The Huffington Post Manipulates Islam to Make Room for ISIS,qwen/prompt1,0.951650857925415
Huffington Post Misrepresents Islam To Give ISIS A Pass,O Huffington Post distorce o Islam para dar um passe a ISIS.,"""Huffington Post distorts Islam to give ISIS a free ride.""",mistral/prompt4,0.9557801485061641
Huffington Post Misrepresents Islam To Give ISIS A Pass,"""O Huffington Post Distorce o Islã para Dar Um Alívio ao ISIS""","""The Huffington Post Distorts Islam to Ease Pressure on ISIS""",mistral/prompt2,0.9596529006958001
Huffington Post Misrepresents Islam To Give ISIS A Pass,"Huffington Post deturpa o Islã para isentar o ISIS.
",Huffington Post misrepresents Islam to exonerate ISIS.,gemini/prompt1,0.960911810398101
Huffington Post Misrepresents Islam To Give ISIS A Pass,Huffington Post deturpa o Islã para isentar o ISIS.,Huffington Post misrepresents Islam to exonerate ISIS.,gemini/prompt2,0.9612954854965211
Huffington Post Misrepresents Islam To Give ISIS A Pass,O Huffington Post Trata Mal o Islã Para Dar um Passaporte ao ISIS.,"""The Huffington Post Treats Islam Badly to Give a Passport to ISIS.""",llama/prompt2,0.977393865585327
Huffington Post Misrepresents Islam To Give ISIS A Pass,O Huffington Post malinterpreta o Islã para dar passagem ao Estado Islâmico.,The Huffington Post misinterprets Islam to pave the way for the Islamic State.,qwen/prompt4,0.9852610826492311
Huffington Post Misrepresents Islam To Give ISIS A Pass,'Huffington Post deturpa o Islã para dar uma folga ao ISIS',"""Huffington Post distorts Islam to give ISIS a break.""",gpt/prompt2,0.9859875440597531
Huffington Post Misrepresents Islam To Give ISIS A Pass,Huffington Post deturpa o Islã para dar passagem ao ISIS,The Huffington Post is misrepresenting Islam in order to give way to ISIS,meta/,0.986063659191131
Huffington Post Misrepresents Islam To Give ISIS A Pass,"Huffington Post distorce o Islã para dar carta branca ao ISIS.
",Huffington Post distorts Islam to give a free pass to ISIS.,gemma3/prompt2,0.9884892702102661
Huffington Post Misrepresents Islam To Give ISIS A Pass,Huffington Post desrepresenta o Islã para dar um passe ao ISIS,Huffington Post disrepresents Islam to give a pass to ISIS,marian/,0.9912000298500061
Huffington Post Misrepresents Islam To Give ISIS A Pass,Huffington Post deturpa o Islã para dar uma desculpa ao ISIS,Huffington Post distorts Islam to make an excuse for ISIS,gemmaX/,0.99158763885498
Huffington Post Misrepresents Islam To Give ISIS A Pass,'Huffington Post deturpa o Islã para dar um passe livre ao ISIS',"""Huffington Post distorts Islam to give a free pass to ISIS.""",gpt/prompt1,1.0
"Despite Puerto Rico Disaster, Vulture Firms Relentlessly Seeking Billions in Debt Payments","Apesar do Desastre em Porto Rico, Empresas Vulto Insaciáveis Procuram Bilhões em Pagamentos de Dívidas.","""Ainda que o Desastre em Porto Rico seja de proporções Desastrosas, Empresas insaciáveis buscam Bilhões em Pagamentos de Dívidas, apesar do caos.""",llama/prompt4,0.5805695056915281
"Despite Puerto Rico Disaster, Vulture Firms Relentlessly Seeking Billions in Debt Payments","Embora Diante do Desastre da Puerto Rico, as Empresas de Vulto Insistam em Buscar Bilhões em Pagamentos de Dívidas","Despite the Disaster Before Puerto Rico, Majestic Firms Persist in Pursuing Billions in Debt Payments",qwen/prompt3,0.6404039859771721
"Despite Puerto Rico Disaster, Vulture Firms Relentlessly Seeking Billions in Debt Payments","Mesmo após o desastre em Porto Rico, empresas de rapina estão perseguindo incessantemente pagamento de bilhões de dívidas.","Após o desastre em Porto Rico, empresas de ""arranhão"" estão em caça incessante a bilhões de dívidas.",llama/prompt3,0.6628175377845761
"Despite Puerto Rico Disaster, Vulture Firms Relentlessly Seeking Billions in Debt Payments","Apesar da tragédia em Porto Rico, abutres financeiros famintos por bilhões de dívida insistem no banquete.
","Despite the tragedy in Puerto Rico, ravenous vultures, feasting on billions in debt, continue to circle.",gemini/prompt3,0.6934041380882261
"Despite Puerto Rico Disaster, Vulture Firms Relentlessly Seeking Billions in Debt Payments","Apesar do Desastre em Puerto Rico, Empresas de Vulto Persistentemente Buscando Bilhões em Pagamentos de Dívida","Despite the Disaster in Puerto Rico, Giants Persistently Seeking Billions in Debt Payments",qwen/prompt4,0.70966899394989
"Despite Puerto Rico Disaster, Vulture Firms Relentlessly Seeking Billions in Debt Payments","Após o Desastre no Porto Rico, Empresas de Rapina continuam Incansavelmente Buscando Bilhões em Pagamentos de Dívidas.","After the Puerto Rico Disaster, Debt Collection Agencies Continuously Unrelentingly Seek Billions in Debt Payments.",llama/prompt2,0.7247430086135861
"Despite Puerto Rico Disaster, Vulture Firms Relentlessly Seeking Billions in Debt Payments","Embora haja Desastre em Porto Rico, Empresas de Raposa Financeira Persistam na Busca por Bilhões em Pagamentos de Dívidas","Despite the Disaster in Puerto Rico, Fox Companies Persist in Seeking Billions in Debt Payments",qwen/prompt1,0.7329473495483391
"Despite Puerto Rico Disaster, Vulture Firms Relentlessly Seeking Billions in Debt Payments","Apesar da tragédia em Porto Rico, abutres financeiros famintos por bilhões em dívidas não dão trégua.
","Despite the tragedy in Puerto Rico, money vultures, ravenous for billions in debt, give no quarter.",gemini/prompt4,0.736141800880432
"Despite Puerto Rico Disaster, Vulture Firms Relentlessly Seeking Billions in Debt Payments","Apesar do desastre em Porto Rico, os Aves procuram sem cessar milhares de milhões em pagamento de dívidas.","Despite the disaster in Puerto Rico, the birds are still trying to collect billions of dollars in debt.",meta/,0.743260979652404
"Despite Puerto Rico Disaster, Vulture Firms Relentlessly Seeking Billions in Debt Payments","Apesar do desastre em Porto Rico, empresas abutres espreitam incessantemente, cobiçando bilhões em pagamentos de dívidas.","Despite Puerto Rico’s ruin, carrion crows circle relentlessly, eyeing billions in debt payouts.",gemma3/prompt4,0.7539186477661131
"Despite Puerto Rico Disaster, Vulture Firms Relentlessly Seeking Billions in Debt Payments","Apesar do Desastre em Porto Rico, Empresas de Vulto Buscam Insaciavelmente Bilhões em Pagamentos de Dívida.","Despite Disaster in Puerto Rico, Major Corporations Unrelentingly Seek Billions in Debt Payments.",llama/prompt1,0.8018300533294671
"Despite Puerto Rico Disaster, Vulture Firms Relentlessly Seeking Billions in Debt Payments","Apesar do desastre em Puerto Rico, empresas de abuturas insistem em buscar bilhões em pagamentos de dívida.","""Despite the disaster in Puerto Rico, debt companies insist on seeking billions in payment claims.""",mistral/prompt2,0.8405349850654601
"Despite Puerto Rico Disaster, Vulture Firms Relentlessly Seeking Billions in Debt Payments","Embora haja desastre em Porto Rico, as empresas de rapina persistentemente buscam bilhões em pagamentos de dívidas.","Although there is a disaster in Puerto Rico, predatory companies persistently seek billions in debt payments.",qwen/prompt2,0.871278524398803
"Despite Puerto Rico Disaster, Vulture Firms Relentlessly Seeking Billions in Debt Payments","Apesar da catástrofe em Porto Rico, abutres financeiros espreitam, ávidos por bilhões em pagamentos de dívidas.","Even amidst Puerto Rico's devastation, financial vultures circle, hungry for billions in debt payouts.",gemma3/prompt3,0.887494206428527
"Despite Puerto Rico Disaster, Vulture Firms Relentlessly Seeking Billions in Debt Payments","""Apesar da tragédia em Porto Rico, empresas de abutres insaciáveis estão persistentes em busca de bilhões em pagamentos de dívida.""","""Despite the tragedy in Puerto Rico, vulture corporations are relentless in their pursuit of billions in debt repayments.""",mistral/prompt4,0.9241284132003781
"Despite Puerto Rico Disaster, Vulture Firms Relentlessly Seeking Billions in Debt Payments","Mesmo com o desastre em Puerto Rico, empresas abutres continuam a exigir bilhões em pagamentos de dívida.","""Even with the disaster in Puerto Rico, vulture companies persist in demanding billions in debt payments.""",mistral/prompt3,0.9254486560821531
"Despite Puerto Rico Disaster, Vulture Firms Relentlessly Seeking Billions in Debt Payments","Apesar do Desastre em Porto Rico, Firmas Abutres Buscam Implacavelmente Bilhões em Pagamentos de Dívidas","""Despite the Disaster in Puerto Rico, Vulture Firms Relentlessly Seek Billions in Debt Payments.""",gpt/prompt3,0.934558153152465
"Despite Puerto Rico Disaster, Vulture Firms Relentlessly Seeking Billions in Debt Payments","Apesar do desastre em Porto Rico, empresas abutres buscam incansavelmente bilhões em pagamentos de dívidas.","""Despite the disaster in Puerto Rico, vulture firms relentlessly seek billions in debt payments.""",gpt/prompt4,0.950610280036926
"Despite Puerto Rico Disaster, Vulture Firms Relentlessly Seeking Billions in Debt Payments","Apesar do desastre em Porto Rico, empresas de águias procuram incansavelmente pagar bilhões em dívidas","Despite the disaster in Puerto Rico, vulture companies are relentlessly seeking to collect billions in debt",gemmaX/,0.95671546459198
"Despite Puerto Rico Disaster, Vulture Firms Relentlessly Seeking Billions in Debt Payments","Apesar da tragédia em Porto Rico, fundos abutres buscam implacavelmente bilhões em pagamentos da dívida.
","Despite the tragedy in Puerto Rico, vulture funds relentlessly seek billions in debt payments.
",gemini/prompt2,0.95845079421997
"Despite Puerto Rico Disaster, Vulture Firms Relentlessly Seeking Billions in Debt Payments","Apesar do desastre em Porto Rico, empresas oportunistas buscam incessantemente bilhões em pagamentos de dívidas.","Despite the disaster in Puerto Rico, opportunistic companies relentlessly seek billions in debt payments.",gemma3/prompt1,0.960049152374267
"Despite Puerto Rico Disaster, Vulture Firms Relentlessly Seeking Billions in Debt Payments","Apesar do desastre em Porto Rico, empresas oportunistas buscam incansavelmente bilhões em pagamentos de dívidas.","Despite the disaster in Puerto Rico, opportunistic companies are relentlessly pursuing billions in debt payments.",gemma3/prompt2,0.9634757041931151
"Despite Puerto Rico Disaster, Vulture Firms Relentlessly Seeking Billions in Debt Payments","Apesar do desastre de Porto Rico, as empresas abutres buscam incansávelmente bilhões em pagamentos de dívida","Despite Puerto Rico's disaster, vulture companies tirelessly seek billions in debt payments",marian/,0.9731612205505371
"Despite Puerto Rico Disaster, Vulture Firms Relentlessly Seeking Billions in Debt Payments","Apesar do Desastre em Porto Rico, Empresas Vulture Buscam Implacavelmente Bilhões em Pagamentos de Dívida.","""Despite the Disaster in Puerto Rico, Vulture Companies Relentlessly Seek Billions in Debt Payments.""",gpt/prompt2,0.974211931228637
"Despite Puerto Rico Disaster, Vulture Firms Relentlessly Seeking Billions in Debt Payments","""Apesar do desastre em Porto Rico, empresas abutres buscam incansavelmente bilhões em pagamentos de dívida.""","""Despite the disaster in Puerto Rico, vulture companies are tirelessly seeking billions in debt payments.""",gpt/prompt1,0.9765103459358211
"Despite Puerto Rico Disaster, Vulture Firms Relentlessly Seeking Billions in Debt Payments","Apesar do desastre em Porto Rico, empresas de vulto insistem em buscar bilhões em pagamentos de dívida.","Despite the disaster in Puerto Rico, major companies continue to seek billions in debt payments.",mistral/prompt1,0.977333068847656
"Despite Puerto Rico Disaster, Vulture Firms Relentlessly Seeking Billions in Debt Payments","Apesar da tragédia em Porto Rico, empresas abutres buscam implacavelmente bilhões em pagamentos de dívidas.
","Despite the tragedy in Puerto Rico, vulture firms relentlessly seek billions in debt payments.",gemini/prompt1,0.9791455268859861
"Review: In Season 2, ‘The Good Place’ Blows Itself Up, Hilariously","E, como vocês, por exemplo, são ""Temperature""s,","And just as you, for example, are ""temperatures"",",meta/,0.36939054727554305
"Review: In Season 2, ‘The Good Place’ Blows Itself Up, Hilariously","""Na segunda temporada, ""O Bem Localizado"" exploda consigo mesmo, de forma hilária"".","""No second season, 'Well Played' implodes with itself, hilariously.""",llama/prompt3,0.7000735402107231
"Review: In Season 2, ‘The Good Place’ Blows Itself Up, Hilariously","Em Season 2, ‘The Good Place’ explode em risadas",Season 2 of ‘The Good Place’ kicks into high gear.,mistral/prompt4,0.733137488365173
"Review: In Season 2, ‘The Good Place’ Blows Itself Up, Hilariously","""Resenha: Na temporada 2, 'O Bem Lugar' explode de forma hilarante""","""Review: In season 2, 'The Good Place' hilariously blows its top.""",llama/prompt2,0.7588318586349481
"Review: In Season 2, ‘The Good Place’ Blows Itself Up, Hilariously","Em temporada 2, ""O Lugar Bom"" Explode com Si Mesmo, Hilarantemente.","In Season 2, ""The Good Spot"" Blows Up with Its Self, Hilariously.",llama/prompt4,0.7891100049018861
"Review: In Season 2, ‘The Good Place’ Blows Itself Up, Hilariously","Crítica: Na segunda temporada, 'The Good Place' se explode, hilariamente.
","Review: In its second season, 'The Good Place' goes supernova, hilariously.",gemini/prompt4,0.8144446611404411
"Review: In Season 2, ‘The Good Place’ Blows Itself Up, Hilariously","""Avaliação: Na temporada 2, ""O Lugar Bom"" se explodiu, e com risadas"".","""Evaluation: In Season 2, ""The Good Place"" exploded, and with laughter.""",llama/prompt1,0.8236585259437561
"Review: In Season 2, ‘The Good Place’ Blows Itself Up, Hilariously","Crítica: Na 2ª temporada, 'The Good Place' se autodestrói, hilariantemente.
","Review: In Season 2, 'The Good Place' gleefully detonates itself.",gemini/prompt3,0.828152298927307
"Review: In Season 2, ‘The Good Place’ Blows Itself Up, Hilariously","Revisão: Na Segunda Temporada, 'O Bom Lugar' Explode Se Mismo, de Forma Hilariosa","Review: In the Second Season, 'Good Place' Self-Explosives in a Hilarious Manner",qwen/prompt2,0.8490443229675291
"Review: In Season 2, ‘The Good Place’ Blows Itself Up, Hilariously","Crítica: Na Temporada 2, 'The Good Place' Se Auto-Sabotou, de Forma Hilária.","Critique: In Season 2, 'The Good Place' Hilariously Shot Itself in the Foot.",gpt/prompt4,0.8539815545082091
"Review: In Season 2, ‘The Good Place’ Blows Itself Up, Hilariously","Revisão: Na Terceira Temporada, 'O Bom Lugar' Explode a Si Mesma de Forma Hilariante","Review: In Season Three, 'The Good Place' Self-Destructs in Hilarious Fashion",qwen/prompt4,0.8541483283042901
"Review: In Season 2, ‘The Good Place’ Blows Itself Up, Hilariously","Na 2ª temporada, ‘The Good Place’ se desfaz em gargalhadas, num espetáculo de autossabotagem hilário.
","In season two, ‘The Good Place’ unravels into a riot of laughter, a hilariously self-sabotaging spectacle.",gemma3/prompt3,0.856228530406951
"Review: In Season 2, ‘The Good Place’ Blows Itself Up, Hilariously","Review: Na Terceira Temporada, 'O Bom Lugar' Se Auto-destrói de forma hilariante.","Review: In Season Three, 'The Good Place' Self-Destructs in Hilarious Fashion.",qwen/prompt3,0.8690495491027831
"Review: In Season 2, ‘The Good Place’ Blows Itself Up, Hilariously","Crítica: Na Temporada 2, 'The Good Place' Se Explode, Hilariamente.","Critique: In Season 2, 'The Good Place' Blows Up Hilariously.",gpt/prompt3,0.8713325262069701
"Review: In Season 2, ‘The Good Place’ Blows Itself Up, Hilariously","""Review: Na segunda temporada, ‘O Bom Lugar’ explode em um humor hilário.""","In the second season, 'The Good Place' bursts with hilarious humor.",mistral/prompt3,0.8848735690116881
"Review: In Season 2, ‘The Good Place’ Blows Itself Up, Hilariously","Avaliação: Na temporada 2, ‘The Good Place‡ explode a si mesmo, Hilariously","Rating: In season 2, ‘The Good Placeē explodes itself, Hilariously",marian/,0.9251238107681271
"Review: In Season 2, ‘The Good Place’ Blows Itself Up, Hilariously","Revisão: Na Season 2, 'O Bom Lugar' Se Auto-Destroi de Maneira hilariante","Review: In Season 2, 'Good Place' Self-Destructs in a Hilarious Manner",qwen/prompt1,0.934711098670959
"Review: In Season 2, ‘The Good Place’ Blows Itself Up, Hilariously","'Resenha: Na 2ª temporada, ‘O Bom Lugar’ Se Destrói de Forma Humorística'",Review: 'The Good Place' Self-Destructs in a Humorous Way,mistral/prompt2,0.9453040361404411
"Review: In Season 2, ‘The Good Place’ Blows Itself Up, Hilariously","Avaliação: Na Segunda Temporada, ‘The Good Place’ Explode, Hilariamente.",'The Good Place' explodes hilariously in its second season.,mistral/prompt1,0.9508885145187371
"Review: In Season 2, ‘The Good Place’ Blows Itself Up, Hilariously","Crítica: Na Temporada 2, 'The Good Place' se explode, hilariamente.","Critique: In Season 2, 'The Good Place' explodes hilariously.",gpt/prompt1,0.9558378458023071
"Review: In Season 2, ‘The Good Place’ Blows Itself Up, Hilariously","Crítica: Na Temporada 2, ‘The Good Place’ se explode, hilariamente.","Critique: In Season 2, 'The Good Place' explodes hilariously.",gpt/prompt2,0.9560162425041191
"Review: In Season 2, ‘The Good Place’ Blows Itself Up, Hilariously","Crítica: Na 2ª temporada, ‘The Good Place’ se reinventa de forma hilária.","Review: In season 2, 'The Good Place' reinvents itself hilariously.",gemma3/prompt2,0.9568511247634881
"Review: In Season 2, ‘The Good Place’ Blows Itself Up, Hilariously","Review: Na 2ª temporada, ‘The Good Place’ Se Auto-Destrói, de Forma Hilariante.
","Review: In Season 2, ‘The Good Place’ Goes Down in Flames, Hilariously.",gemma3/prompt4,0.9604657888412471
"Review: In Season 2, ‘The Good Place’ Blows Itself Up, Hilariously","Crítica: Na 2.ª temporada, ""The Good Place"" explode a si mesmo, de forma hilariante","Review: In Season 2, 'The Good Place' hilariously blows itself up",gemmaX/,0.9625643491744991
"Review: In Season 2, ‘The Good Place’ Blows Itself Up, Hilariously","Resenha: Na 2ª temporada, 'The Good Place' se autodestrói, hilariamente.
","Review: In Season 2, 'The Good Place' hilariously self-destructs.",gemini/prompt1,0.9755994081497191
"Review: In Season 2, ‘The Good Place’ Blows Itself Up, Hilariously","Crítica: Na 2ª temporada, 'The Good Place' se autodestrói, de forma hilária.","Review: In season 2, 'The Good Place' hilariously implodes.",gemma3/prompt1,0.9756510853767391
"Review: In Season 2, ‘The Good Place’ Blows Itself Up, Hilariously","Resenha: Na segunda temporada, 'The Good Place' se autodestrói, hilariamente.","Review: In season two, 'The Good Place' hilariously self-destructs.",gemini/prompt2,0.976131200790405
US government files $$400bn Libor case lawsuit in London court,"O labirinto de documentos do governo americano deságua em um tribunal londrino, onde um império de bilhões é julgado.","The American government's paper maze funnels into a London courtroom, where a billion-dollar empire stands trial.",gemma3/prompt3,0.291379004716873
US government files $$400bn Libor case lawsuit in London court,"O governo dos EUA apresentou um processo na corte londrina no valor de 400 bilhões de libras, um tsunami jurídico que busca esclarecer os detalhes envolvendo a fixação do Líber.","O governo dos EUA apresentou um processo na corte londrina valorizado em 400 bilhões de libras, um tsunami jurídico que busca desvendar os detalhes envolvendo a estabilização do Líber.",llama/prompt3,0.42212253808975203
US government files $$400bn Libor case lawsuit in London court,arquivar o caso de multa no valor de 400 bilhões de libras do governo dos EUA na corte de Londres,Kick the bucket case of a fine worth 400 billion pounds from the US government at London's court,qwen/prompt4,0.558950960636138
US government files $$400bn Libor case lawsuit in London court,"Documentos governamentais dos EUA: A ação judicial de 400 bilhões de dólares referente ao Libor em tribunal londrino.
","U.S. Government Papers: A $400 billion reckoning, playing out in London's courts.",gemma3/prompt4,0.592298924922943
US government files $$400bn Libor case lawsuit in London court,"Ação judicial de US$ 400 bilhões pelo caso Libor, julgada em tribunal londrino","Action of £320 billion, or $400 billion, over the Libor scandal, tried in a London courtroom.",llama/prompt4,0.6212837100028991
US government files $$400bn Libor case lawsuit in London court,"Arquivos do governo americano: a bomba de US$400 bilhões no caso Libor explode em Londres.
","""US Government Files: The $400 Billion Libor Bomb Blows Up in London.""",gemini/prompt3,0.655714511871337
US government files $$400bn Libor case lawsuit in London court,"""Processo de 400 bilhões USD contra o caso Libor de Londres no tribunal estadunidense"".","""400 Billion USD Legal Battle Over Libor Case in American Court"".",mistral/prompt3,0.7007503509521481
US government files $$400bn Libor case lawsuit in London court,$400 bilhões caso Libor processo de tribunal em Londres,$400 billion in the Libor lawsuit case in London,mistral/prompt4,0.767874479293823
US government files $$400bn Libor case lawsuit in London court,Arquivos do governo dos EUA: US$ 400 bilhões no processo judicial do caso Libor no tribunal de Londres.,US government files: $400 billion in the Libor case litigation in the London court.,gpt/prompt4,0.8209379911422731
US government files $$400bn Libor case lawsuit in London court,"Arquivos do governo americano: a bomba de US$400 bilhões no caso Libor explode no tribunal de Londres.
",American government files: the $400 billion Libor bomb detonates in London court.,gemini/prompt4,0.838474750518798
US government files $$400bn Libor case lawsuit in London court,Arquivos do governo dos EUA: processo judicial de $400 bilhões no caso Libor no tribunal de Londres.,U.S. Government Files: $400 Billion Lawsuit in the Libor Case in London Court.,gpt/prompt3,0.860644876956939
US government files $$400bn Libor case lawsuit in London court,arquivos do governo dos EUA processam caso bilionário sobre Libor no tribunal de Londres,"""U.S. government files multimillion-dollar case regarding Libor in London's tribunal""",qwen/prompt3,0.8893463015556331
US government files $$400bn Libor case lawsuit in London court,"O governo dos EUA processa o projeto da lei Libor, que custaria 400 bilhões de dólares, no tribunal de Londres.","The US government is taking their Libor bill, that's supposed to cost 400 billion dollars, to court in London.",meta/,0.8921869993209831
US government files $$400bn Libor case lawsuit in London court,"Governo dos EUA processa em Londres por caso Libor de US$ 400 bilhões.
",US government sues in London over $400 billion Libor case.,gemini/prompt1,0.9445691108703611
US government files $$400bn Libor case lawsuit in London court,Governo dos EUA apresenta um processo de 400 mil milhões de dólares no tribunal de Londres sobre a Libor,US government files $400bn Libor lawsuit in London,gemmaX/,0.947900295257568
US government files $$400bn Libor case lawsuit in London court,O governo dos EUA apresentou uma ação judicial no valor de 400 bilhões de dólares contra o caso Libor perante o tribunal de Londres.,The U.S. government filed a legal action for $400 billion against the LIBOR case before the London court.,qwen/prompt2,0.9507732391357421
US government files $$400bn Libor case lawsuit in London court,O governo dos EUA apresenta $400 bilhões de dólares de Libor processo judicial no tribunal de Londres,U.S. government presents $400 billion in Libor lawsuit in London court,marian/,0.953806221485137
US government files $$400bn Libor case lawsuit in London court,"""O governo dos EUA apresenta uma ação de $400 bilhões na ação contra o Libor em uma corte de Londres"".","""The US government files a $400 billion claim in the Libor lawsuit in a London court.""",llama/prompt1,0.9753807187080381
US government files $$400bn Libor case lawsuit in London court,O governo dos Estados Unidos apresenta uma ação judicial de 400 bilhões de dólares na investigação Libor em um tribunal de Londres.,The US government is bringing a 400 billion dollar lawsuit in a London court in the Libor investigation.,llama/prompt2,0.9808844327926631
US government files $$400bn Libor case lawsuit in London court,O governo dos EUA entra com um processo de $$400 bilhões contra o Libor no tribunal de Londres.,The US government files a lawsuit for $400 billion against Libor in the London court.,gpt/prompt1,0.982542753219604
US government files $$400bn Libor case lawsuit in London court,O governo dos EUA apresentou uma ação judicial no tribunal de Londres sobre o caso de $$400 bilhões referente à Libor.,The US government took legal action in the London tribunal regarding the $400 billion case related to Libor.,qwen/prompt1,0.9846760034561151
US government files $$400bn Libor case lawsuit in London court,O governo dos EUA apresenta ação judicial de US$400 bilhões relacionada à taxa Libor em tribunal de Londres.,The U.S. government files a $400 billion lawsuit related to the Libor rate in a London court.,gemma3/prompt2,0.9874129295349121
US government files $$400bn Libor case lawsuit in London court,"O governo dos EUA arquiva processo judicial em Londres, cobrando US$ 400 bilhões devido ao caso Libor.","The U.S. government files a judicial case in London, demanding $400 billion for the Libor case.",mistral/prompt1,0.988618969917297
US government files $$400bn Libor case lawsuit in London court,Governo dos EUA apresenta ação judicial de US$ 400 bilhões sobre Libor em tribunal de Londres.,U.S. government files $400 billion Libor lawsuit in London court.,gemma3/prompt1,0.9912000298500061
US government files $$400bn Libor case lawsuit in London court,Governo dos EUA entra com ação judicial de US$ 400 bilhões sobre o caso Libor em tribunal de Londres.,U.S. government files $400 billion lawsuit over Libor case in London court.,gemini/prompt2,0.99708354473114
US government files $$400bn Libor case lawsuit in London court,O governo dos EUA ingressa com um processo de $$400 bilhões sobre o caso Libor no tribunal de Londres.,The U.S. government files a $400 billion lawsuit in the Libor case in the London court.,gpt/prompt2,0.998572707176208
US government files $$400bn Libor case lawsuit in London court,Government dos EUA ingressa com processo judicial de 400 bilhões de dólares de Libor na corte de Londres,The U.S. government files a $400 billion Libor lawsuit in the London court.,mistral/prompt2,1.0
Cuomo Considering Monitor for NYCHA Amid Lead Paint Scandal,"Cuomo Pondera Olhar Atento Sobre a NYCHA em Meio à Tempestade de Chumbo.
",Cuomo Weighs a Vigilant Gaze on NYCHA Amidst a Lead-Laden Storm.,gemma3/prompt3,0.610576272010803
Cuomo Considering Monitor for NYCHA Amid Lead Paint Scandal,O Governador Cuomo Considera Vigiar o Monitor de NYCHA Diante de Escândalo de Tinta de Chumbo,Governor Cuomo Considers Keeping a Watchful Eye on the NYC Housing Authority's (NYCHA) Radar System in the Wake of Lead Paint Scandal.,llama/prompt3,0.690428674221038
Cuomo Considering Monitor for NYCHA Amid Lead Paint Scandal,"Cuomo pondera colocar um fiscal na NYCHA em meio ao escândalo da tinta de chumbo.
",Cuomo mulls slapping a watchdog on NYCHA amid lead paint scandal.,gemini/prompt4,0.714224696159362
Cuomo Considering Monitor for NYCHA Amid Lead Paint Scandal,Cuomo pondera olho vigilante sobre o NYCHA em meio ao escândalo de tinta tóxica.,Cuomo keeps a hawk's eye on NYCHA amidst the toxic paint uproar.,gemma3/prompt4,0.7181324362754821
Cuomo Considering Monitor for NYCHA Amid Lead Paint Scandal,"Cuomo considera um ""olho clínico"" para a NYCHA em meio ao escândalo da tinta de chumbo.
","Cuomo brings a ""surgeon's eye"" to NYCHA amid lead paint scandal.",gemini/prompt3,0.774798870086669
Cuomo Considering Monitor for NYCHA Amid Lead Paint Scandal,Cuomo Considerando um Monitorem Monitoramento para NYCHA diante do Escândalo de Tinta de Chumbo.,Cuomo Contemplating a Watchful Watch for NYCHA in the Face of the Lead Paint Scandal.,llama/prompt4,0.7863743305206291
Cuomo Considering Monitor for NYCHA Amid Lead Paint Scandal,Cuomo Considerando Monitores Para NYCHA Diante do Escândalo de Tinta com Chumbo,"""Cuomo Eyeing Lead-Paint Scandal Monitors for NYCHA""",qwen/prompt3,0.797051310539245
Cuomo Considering Monitor for NYCHA Amid Lead Paint Scandal,O Gobernador Cuomo Está a Considerar a Instalação de um Monitor para a NYCHA Diante do Escândalo da Tinta de Chumbo.,New York Governor Cuomo is Considering the Installation of a Watchdog for the NYCHA in the Wake of the Lead Paint Scandal.,llama/prompt2,0.7999687790870661
Cuomo Considering Monitor for NYCHA Amid Lead Paint Scandal,Cuomo Considerando Monitor para NYCHA Em Escândalo de Tinta de Chumbo,Governor Cuomo Considering Monitor for NYCHA in Lead Paint Scandal,mistral/prompt1,0.845178127288818
Cuomo Considering Monitor for NYCHA Amid Lead Paint Scandal,Cuomo considera supervisor para a NYCHA em meio ao escândalo da tinta à base de chumbo.,Cuomo considers a supervisor for the NYCHA amid the lead paint scandal.,gpt/prompt4,0.846415281295776
Cuomo Considering Monitor for NYCHA Amid Lead Paint Scandal,Cuomo Considera Monitor para a NYCHA Em Medo de Escândalo de Pintura de Chumbo,Cuomo would monitor for NYCHA fearing lead painting scandal.,meta/,0.8491015434265131
Cuomo Considering Monitor for NYCHA Amid Lead Paint Scandal,Cuomo Considerando um Vigilante para a NYCHA em Meio ao Escândalo da Tinta de Chumbo,"""Cuomo Considering a Watchdog for NYCHA Amid the Lead Paint Scandal""",gpt/prompt3,0.8631712198257441
Cuomo Considering Monitor for NYCHA Amid Lead Paint Scandal,Considerando Monitormento para NYCHA Diante da Escândalo da Tinta à Chumbo,Considering Monitoring for NYCHA in Light of the Lead Paint Scandal,qwen/prompt4,0.863960027694702
Cuomo Considering Monitor for NYCHA Amid Lead Paint Scandal,"Cuomo considera supervisor para NYCHA em meio a escândalo de tinta de chumbo.
",Cuomo considers supervisor for NYCHA amid lead paint scandal.,gemini/prompt1,0.875970184803009
Cuomo Considering Monitor for NYCHA Amid Lead Paint Scandal,Cuomo considera monitor para a NYCHA em meio ao escândalo da tinta à base de chumbo.,"""Cuomo considers monitor for NYCHA amid lead paint scandal.""",gpt/prompt2,0.8816475868225091
Cuomo Considering Monitor for NYCHA Amid Lead Paint Scandal,Cuomo considera monitor para a NYCHA em meio ao escândalo da tinta à base de chumbo.,"""Cuomo considers monitor for NYCHA amid lead paint scandal.""",gpt/prompt1,0.8816477060317991
Cuomo Considering Monitor for NYCHA Amid Lead Paint Scandal,Cuomo Considerando Monitor para NYCHA em Escândalo de Tinta de Chumbo,Cuomo Looking at Painting Lead Scandal at NYCHA,mistral/prompt4,0.8856734633445741
Cuomo Considering Monitor for NYCHA Amid Lead Paint Scandal,Cuomo considera monitor para o NYCHA em meio ao escândalo de tinta com chumbo.,Cuomo considers monitor for NYCHA amid lead paint scandal.,gemma3/prompt2,0.8917043805122371
Cuomo Considering Monitor for NYCHA Amid Lead Paint Scandal,Cuomo Considerando Monitores para NYCHA Diante do Escândalo de Tinta com Chumbo,Cuomo Considering Monitors for NYCHA Regarding the Lead-Paint Scandal,qwen/prompt1,0.8925621509552001
Cuomo Considering Monitor for NYCHA Amid Lead Paint Scandal,Cuomo Considera Monitor para NYCHA em Meio a Escândalo de Tinta de Chumbo,Cuomo Considers Monitor for NYCHA Amid Lead Paint Scandal,gemini/prompt2,0.896893620491027
Cuomo Considering Monitor for NYCHA Amid Lead Paint Scandal,Cuomo Considera Monitor para NYCHA em Meio a Escândalo de Tinta de Chumbo,Cuomo Considers Monitor for NYCHA Amid Lead Paint Scandal,gemma3/prompt1,0.896893620491027
Cuomo Considering Monitor for NYCHA Amid Lead Paint Scandal,"""Cuomo, monitorando o painel do NYCHA, em meio ao escândalo da tinta de chumbo.""","Cuomo, keeping an eye on the NYCHA dashboard, amidst the lead paint scandal.",mistral/prompt3,0.9077816605567931
Cuomo Considering Monitor for NYCHA Amid Lead Paint Scandal,Cuomo Considera Monitor para NYCHA em Escândalo com Chumbo,Cuomo Considers Monitor for NYCHA in Lead Scandal,mistral/prompt2,0.914788842201232
Cuomo Considering Monitor for NYCHA Amid Lead Paint Scandal,Cuomo Considerando Monitoramento para NYCHA diante do Escândalo de Tinta à Base de Chumbo,"""Cuomo Considering Monitoring for NYCHA in Light of the Lead Paint Scandal""",qwen/prompt2,0.9154335260391231
Cuomo Considering Monitor for NYCHA Amid Lead Paint Scandal,Cuomo considerando monitor para NYCHA em meio ao escândalo de tinta de chumbo,Cuomo considering monitor for NYCHA in the midst of lead paint scandal,marian/,0.9500651359558101
Cuomo Considering Monitor for NYCHA Amid Lead Paint Scandal,O Governador Cuomo está considerando a criação de um monitor para o NYCHA à luz da escândalo de tinta de chumbo.,Governor Cuomo is considering the creation of a monitor for the NYCHA in light of the lead paint scandal.,llama/prompt1,0.9535392522811891
Cuomo Considering Monitor for NYCHA Amid Lead Paint Scandal,Cuomo considera a instalação de um sistema de monitorização na NYCHA após o escândalo da pintura com chumbo,Cuomo considers installing a monitoring system at NYCHA after lead paint scandal,gemmaX/,0.966219246387481
HOLY COW: Susan Rice tweet about Bowe Bergdahl and his family from 2014 will ENRAGE you,"""HOLY COW: O tweet de Susan Rice sobre Bowe Bergdahl e sua família de 2014 VAI TE ENRAIVECER""","""HOLY COW: O tweet de Susan Rice sobre Bowe Bergdahl e sua família de 2014 VAI TE ENRAIVECER"".

A tradução literal seria: ""HOLY COW: O tweet de Susan Rice sobre Bowe Bergdahl e sua família de 2014 VAI TE ENRAIVECER"", mas mantendo a metafora:

""SUSAN RICE GOES BOVINO! O seu tweet sobre Bowe Bergdahl e sua família de 2014 VAI TE ENRAIVECER!""",llama/prompt3,0.39290466904640203
HOLY COW: Susan Rice tweet about Bowe Bergdahl and his family from 2014 will ENRAGE you,QUEMARA OS OLHOS EM SUA TELA: O tweet de Susan Rice sobre Bowe Bergdahl e sua família em 2014 irá INCRANAR você.,"""BURNED HER EYES INTO HER SCREEN: Susan Rice's tweet about Bowe Bergdahl and his family in 2014 WILL INCANDESCENTLY ENGAGE YOU.""",qwen/prompt3,0.43501791357994
HOLY COW: Susan Rice tweet about Bowe Bergdahl and his family from 2014 will ENRAGE you,SANTO CÉU: o tweet de Susan Rice sobre Bowe Bergdahl e sua família de 2014 irá ENCOLHER seu MEDO,HEAVENLY Savior: Susan Rice's tweet about Bowe Bergdahl and his family from 2014 will SHRINK YOUR FEAR,qwen/prompt1,0.550500512123107
HOLY COW: Susan Rice tweet about Bowe Bergdahl and his family from 2014 will ENRAGE you,SUSAN RICE TWEET SOBRE BOWE BERGDALH E SUA FAMÍLIA DE 2014 VAI ENRANDECER VOCÊ,Susan Rice tweets about Bow E. Bergdahl and his family in 2014 will enlarge you.,mistral/prompt1,0.6450171470642091
HOLY COW: Susan Rice tweet about Bowe Bergdahl and his family from 2014 will ENRAGE you,"""GRAVE ERRO: O tweet de Susan Rice sobre Bowe Bergdahl e sua família de 2014 VOCÊ VAI DERRUBAR NO CHÃO"".","""CRITICAL MISTAKE: Susan Rice's 2014 tweet about Bowe Bergdahl and his family IS GOING TO SQUASH YOU.""",llama/prompt4,0.667671382427215
HOLY COW: Susan Rice tweet about Bowe Bergdahl and his family from 2014 will ENRAGE you,SAINTO COW: Susan Rice tweet sobre Bowe Bergdahl e sua família de 2014,SAINTO COW: Susan Rice tweeted about Bowe Bergdahl and her 2014 family,marian/,0.6686435341835021
HOLY COW: Susan Rice tweet about Bowe Bergdahl and his family from 2014 will ENRAGE you,CARA DE CÃO SANTO: O tweet de Susan Rice sobre Bowe Bergdahl e sua família em 2014 irá ENGOLOIR VOCÊ DE RAIVA,Sainted Dog Face: Susan Rice's tweet about Bowe Bergdahl and his family in 2014 will MAKE YOU SEethe WITH ANGER,qwen/prompt4,0.6701475381851191
HOLY COW: Susan Rice tweet about Bowe Bergdahl and his family from 2014 will ENRAGE you,TWIT de Susan Rice sobre Bowe Bergdahl e sua família de 2014 vai TE DEIXAR FORA DE SI.,'Bowe Bergdahl's tweet by Susan Rice in 2014 will blow you away.',mistral/prompt3,0.670236825942993
HOLY COW: Susan Rice tweet about Bowe Bergdahl and his family from 2014 will ENRAGE you,"A vaca sagrada vai te tirar do sério: o tweet de Susan Rice sobre Bowe Bergdahl e sua família, de 2014, vai te deixar furioso.
",The sacred cow is about to gore you: Susan Rice's 2014 tweet about Bowe Bergdahl and his family will make you see red.,gemini/prompt4,0.6751078367233271
HOLY COW: Susan Rice tweet about Bowe Bergdahl and his family from 2014 will ENRAGE you,MANDANDO BATER: Susan Rice tuitou sobre Bowe Bergdahl e sua família em 2014 e isso VAI TE INDIGNAR.,"SHOUTING: Susan Rice tweeted about Bowe Bergdahl and his family in 2014, and it WILL OUTRAGE YOU.",gemma3/prompt1,0.7110109329223631
HOLY COW: Susan Rice tweet about Bowe Bergdahl and his family from 2014 will ENRAGE you,"**""VACA SAGRADA: Susan Rice destapa um tweet de 2014 sobre Bowe Bergdahl e sua família que vai te tirar do sério.""**",SACRED COW: Susan Rice unearths a 2014 tweet about Bowe Bergdahl and his family that’s going to curdle your blood.,gemma3/prompt4,0.7125200033187861
HOLY COW: Susan Rice tweet about Bowe Bergdahl and his family from 2014 will ENRAGE you,"**VACA SAGRADA: Os tweets de Susan Rice sobre Bowe Bergdahl e sua família, de 2014, vão TE INCENDIAR.**
",**SACRED COW: Susan Rice's 2014 tweets about Bowe Bergdahl and his family will LIGHT YOU ON FIRE.**,gemma3/prompt3,0.7382016181945801
HOLY COW: Susan Rice tweet about Bowe Bergdahl and his family from 2014 will ENRAGE you,SANTA VACA: O tweet de Susan Rice sobre Bowe Bergdahl e sua família de 2014 vai te ENFURECER.,"""SACRED COW: Susan Rice's tweet about Bowe Bergdahl and his family from 2014 will INFURIATE you.""",gpt/prompt2,0.760017931461334
HOLY COW: Susan Rice tweet about Bowe Bergdahl and his family from 2014 will ENRAGE you,SANTA VACAMEDO: O tuíte de Susan Rice sobre Bowe Bergdahl e sua família de 2014 vai te deixar furioso.,HOLY VACAMEDO: Susan Rice's tweet about Bowe Bergdahl and his family from 2014 will leave you furious.,gpt/prompt4,0.7602734565734861
HOLY COW: Susan Rice tweet about Bowe Bergdahl and his family from 2014 will ENRAGE you,CARAMBA: O tweet de Susan Rice sobre Bowe Bergdahl e sua família de 2014 vai TE ENFURECER.,"""DAMN: Susan Rice's 2014 tweet about Bowe Bergdahl and his family is going to FURIOUS you.""",gpt/prompt1,0.769505858421325
HOLY COW: Susan Rice tweet about Bowe Bergdahl and his family from 2014 will ENRAGE you,SUSAN RICE: O tweet de 2014 sobre Bowe Bergdahl e a sua família vai ENRAIVE-LO,SUSAN RICE: The 2014 tweet about Bowe Bergdahl and his family will ENRAGE HIM,gemmaX/,0.7703998684883111
HOLY COW: Susan Rice tweet about Bowe Bergdahl and his family from 2014 will ENRAGE you,SAGRADA COW: O tweet de Susan Rice sobre Bowe Bergdahl e sua família em 2014 VOCÊ IRÁ INFLAMAR VOCÊ DE FÚRIA,"""SAGRADA COW: Susan Rice's tweet about Bowe Bergdahl and his family in 2014 WILL ENFLAME YOU WITH FURY""",qwen/prompt2,0.7768667340278621
HOLY COW: Susan Rice tweet about Bowe Bergdahl and his family from 2014 will ENRAGE you,"VACA SAGRADA: o tuíte de Susan Rice sobre Bowe Bergdahl e sua família, de 2014, VAI LHE TIRAR DO SÉRIO.
",HOLY COW: Susan Rice's 2014 tweet about Bowe Bergdahl and his family will absolutely BLOW YOUR MIND.,gemini/prompt3,0.791072785854339
HOLY COW: Susan Rice tweet about Bowe Bergdahl and his family from 2014 will ENRAGE you,"""HOLY COW: O tweet de Susan Rice sobre Bowe Bergdahl e sua família de 2014 VOCÊ VAI ENRAVESTAR""","""HOLY COW: Susan Rice's 2014 tweet about Bowe Bergdahl and his family IS GOING TO HANG HER""",llama/prompt1,0.809828042984008
HOLY COW: Susan Rice tweet about Bowe Bergdahl and his family from 2014 will ENRAGE you,HOLY COW: Susan Rice tweet about Bowe Bergdahl and his family from 2014 will ENRAGE you,'Holy Cow! Susan Rice's tweet about Bowe Bergdahl and his family from 2014 will MAKE YOU BOIL OVER!',mistral/prompt4,0.8154394030570981
HOLY COW: Susan Rice tweet about Bowe Bergdahl and his family from 2014 will ENRAGE you,'VACA SAGRADA: O tweet de Susan Rice sobre Bowe Bergdahl e sua família de 2014 te fará COZINHAR!',"""HOLY COW: The 2014 tweet by Susan Rice about Bowe Bergdahl and his family will make you COOK!""",mistral/prompt2,0.825924038887023
HOLY COW: Susan Rice tweet about Bowe Bergdahl and his family from 2014 will ENRAGE you,VAQUINHA SAGRADA: O tweet de Susan Rice sobre Bowe Bergdahl e sua família de 2014 vai te deixar FURIOSO.,"""SACRED COW: Susan Rice's tweet about Bowe Bergdahl and his family from 2014 will leave you FURIOUS.""",gpt/prompt3,0.830681681632995
HOLY COW: Susan Rice tweet about Bowe Bergdahl and his family from 2014 will ENRAGE you,"VACA SAGRADA: Tweet de Susan Rice sobre Bowe Bergdahl e sua família de 2014 vai te IRRITAR.
",HOLY COW: Susan Rice's 2014 tweet about Bowe Bergdahl and his family will PISS you OFF.,gemini/prompt1,0.8595218658447261
HOLY COW: Susan Rice tweet about Bowe Bergdahl and his family from 2014 will ENRAGE you,"SANTA VACA: Tweet de Susan Rice sobre Bowe Bergdahl e sua família de 2014 VAI IRRITAR você
","HOLY COW: Susan Rice's 2014 Tweet About Bowe Bergdahl and His Family WILL INFURIATE you
",gemini/prompt2,0.8796899318695061
HOLY COW: Susan Rice tweet about Bowe Bergdahl and his family from 2014 will ENRAGE you,"""HOLY COW: O tweet de Susan Rice sobre Bowe Bergdahl e sua família de 2014 VOCÊ ENRAIVE""",'HOLY COW: Susan Rice's 2014 tweet about Bowe Bergdahl and his family REALLY ENRAGES',llama/prompt2,0.8896429538726801
HOLY COW: Susan Rice tweet about Bowe Bergdahl and his family from 2014 will ENRAGE you,MEU DEUS: Susan Rice tuitou sobre Bowe Bergdahl e sua família em 2014 e isso VAI TE INDIGNAR.,MY GOD: Susan Rice tweeted about Bowe Bergdahl and his family in 2014 and this WILL OUTRAGE YOU.,gemma3/prompt2,0.8898123502731321
HOLY COW: Susan Rice tweet about Bowe Bergdahl and his family from 2014 will ENRAGE you,"Susan Rice tweet sobre Bowe Bergdahl e sua família de 2014, irá enfurecê-lo","Susan Rice's tweet about Bowe Bergdahl and his family from 2014, will infuriate you.",meta/,0.9765388965606691
The Technology Our Personal Finance Columnist Trusts His Money With,A Tecnologia Nosso colunista de finanças pessoais confia seu dinheiro,- [ Chuckles ] - [ Groans ] - Our personal finance columnist trusts your money .,meta/,0.31696313619613603
The Technology Our Personal Finance Columnist Trusts His Money With,A Tecnologia em que o Meu Colunista de Finanças Pessoais Deposita a Sua Confiança.,The bedrock of my personal finance columnist’s faith.,gemma3/prompt4,0.42823541164398105
The Technology Our Personal Finance Columnist Trusts His Money With,A Tecnologia Com Que Nossa Colunista de Finanças Pessoais Bate as Botas,'The Tech That Our Personal Finance Columnist Kicks The Bucket With',qwen/prompt4,0.631687521934509
The Technology Our Personal Finance Columnist Trusts His Money With,A Tecnologia À Qual Nosso Colunista de Finanças Pessoais Coloca a Mão.,Our Columnist's Finger on the Pulse of Technology,llama/prompt3,0.696044087409973
The Technology Our Personal Finance Columnist Trusts His Money With,As Ferramentas Digitais que o Nosso Guru das Finanças Confia para Guardar o Seu Futuro.,The Digital Instruments Our Financial Sage Swears By to Secure Your Tomorrow.,gemma3/prompt3,0.7300114631652831
The Technology Our Personal Finance Columnist Trusts His Money With,A Tecnologia que nosso colunista de finanças pessoais confia a dinheiro.,"""A Tecnologia que nosso colunista de finanças pessoais confia seu dinheiro.""",llama/prompt4,0.7522033452987671
The Technology Our Personal Finance Columnist Trusts His Money With,A Tecnologia Nossa Financeira Pessoal Colunista Confia Seu Dinheiro Com,Technology Our Financial Personal Columnist Trusts Your Money With,marian/,0.7925175428390501
The Technology Our Personal Finance Columnist Trusts His Money With,"A tecnologia em que nosso colunista de finanças pessoais confia o próprio bolso.
",The tech that lines our personal finance columnist's pockets.,gemini/prompt4,0.8052594661712641
The Technology Our Personal Finance Columnist Trusts His Money With,A tecnologia que o nosso colunista de finanças pessoais confia para gerenciar seu dinheiro.,"""Tech we rely on to manage personal finances for our personal finance columnist.""",mistral/prompt3,0.8558638691902161
The Technology Our Personal Finance Columnist Trusts His Money With,"""A Tecnologia Que Nosso Columnista de Finanças Pessoais Confia Seu Dinheiro""","""The Technology Our Financial Columnist Trusts with Their Money""",llama/prompt1,0.871096134185791
The Technology Our Personal Finance Columnist Trusts His Money With,O Colunista de Finanças Pessoais confia Seu Dinheiro à Tecnologia.,"""The Financial Columnist Trusts His Money to Technology.""",mistral/prompt4,0.877692878246307
The Technology Our Personal Finance Columnist Trusts His Money With,A Tecnologia Que Nossa Colunista sobre Finanças Pessoais Delega Sua Confiança Financiera Com,"""The Technology That Our Personal Finance Columnist Delegates Her Financial Trust To""",qwen/prompt3,0.8815838098526001
The Technology Our Personal Finance Columnist Trusts His Money With,A Tecnologia em que Nosso Colunista de Finanças Pessoais Confia Seus Recursos.,"""The Technology in Which Our Personal Finance Columnist Entrusts Their Resources.""",gpt/prompt3,0.887789070606231
The Technology Our Personal Finance Columnist Trusts His Money With,A Tecnologia Com a Qual Nosso Colunista de Finanças Pessoais Confia Seu Dinheiro,The Technology That Our Personal Finance Columnist Trusts With Your Money,mistral/prompt1,0.8965162038803101
The Technology Our Personal Finance Columnist Trusts His Money With,A Tecnologia Que Nosso Colunista de Finanças Pessoais Confia Seus Dinheiro Com,'The Technology That Our Personal Finance Columnist Trusts with His Money',qwen/prompt1,0.908801198005676
The Technology Our Personal Finance Columnist Trusts His Money With,"A tecnologia em que nosso colunista de finanças pessoais deposita toda a sua fé financeira.
",The technology our personal finance columnist pins all his financial hopes on.,gemini/prompt3,0.9198337793350221
The Technology Our Personal Finance Columnist Trusts His Money With,A Tecnologia em que Nosso Colunista de Finanças Pessoais Confia Seu Dinheiro.,"""The Technology in Which Our Personal Finance Columnist Trusts Their Money.""",gpt/prompt2,0.9206381440162651
The Technology Our Personal Finance Columnist Trusts His Money With,A tecnologia em que o colunista de finanças pessoais confia para o seu dinheiro.,The technology the personal finance columnist trusts with their money.,gemma3/prompt1,0.9307720661163331
The Technology Our Personal Finance Columnist Trusts His Money With,"""A Tecnologia da qual o nosso colunista de finanças pessoais confia sua renda""","""The technology on which our personal finance columnist relies for her income.""",llama/prompt2,0.9327835440635681
The Technology Our Personal Finance Columnist Trusts His Money With,A tecnologia em que nosso colunista de finanças pessoais confia seu dinheiro.,The technology our personal finance columnist trusts with their money.,gemini/prompt2,0.940991997718811
The Technology Our Personal Finance Columnist Trusts His Money With,"A tecnologia em que nosso colunista de finanças pessoais confia seu dinheiro.
",The technology our personal finance columnist trusts with their money.,gemini/prompt1,0.9416312575340271
The Technology Our Personal Finance Columnist Trusts His Money With,A tecnologia que nosso colunista de finanças pessoais confia com seu dinheiro.,The technology that our personal finance columnist trusts with their money.,qwen/prompt2,0.9538500308990471
The Technology Our Personal Finance Columnist Trusts His Money With,A tecnologia em que o nosso colunista de finanças pessoais confia o seu dinheiro,The technology our personal finance columnist trusts with his money,gemmaX/,0.9652857780456541
The Technology Our Personal Finance Columnist Trusts His Money With,A Tecnologia em que Nosso Colunista de Finanças Pessoais Confia Seu Dinheiro.,The Technology in Which Our Personal Finance Columnist Entrusts His Money.,gpt/prompt4,0.9701458215713501
The Technology Our Personal Finance Columnist Trusts His Money With,A tecnologia em que nosso colunista de finanças pessoais confia para guardar seu dinheiro.,The technology our personal finance columnist trusts to keep their money safe.,gemma3/prompt2,0.9815959930419921
The Technology Our Personal Finance Columnist Trusts His Money With,A tecnologia com a qual o nosso colunista de finanças pessoais confia seu dinheiro.,The technology with which our personal finance columnist entrusts his money.,mistral/prompt2,0.99000608921051
The Technology Our Personal Finance Columnist Trusts His Money With,A tecnologia em que nosso colunista de finanças pessoais confia seu dinheiro.,The technology in which our personal finance columnist trusts his money.,gpt/prompt1,0.9980393648147581
Iran Complains Instagram Shut Down Terror Chief ‘Hero’ Qasem Soleimani’s Page,Irão reclama Instagram fechar o chefe do terror ‘Heroh Qasem Soleimanihs Página,They will claim Instagram close the terror leader ‘Heroh Qasem Soleimanihs Page,marian/,0.45701900124549805
Iran Complains Instagram Shut Down Terror Chief ‘Hero’ Qasem Soleimani’s Page,"Irã protesta: Instagram enterra página de Soleimani, o ""herói"" da guerra, em covas de silício.
","Iran protests: Instagram buries Soleimani, war ""hero,"" in silicon graves.",gemini/prompt3,0.589817583560943
Iran Complains Instagram Shut Down Terror Chief ‘Hero’ Qasem Soleimani’s Page,Irã reclama do fechamento da página do 'herói' terrorista Qasem Soleimani no Instagram.,Iran fumes over Instagram's silencing of'martyr' Soleimani's page.,gemma3/prompt4,0.6073368191719051
Iran Complains Instagram Shut Down Terror Chief ‘Hero’ Qasem Soleimani’s Page,Irã se Complquema com a Fechada da Pagina do “Herói” Chefe de Terroristas Qasem Soleimani no Instagram,"The Iran Seeks to Complicate the Closure of the Page of the “Hero,” Chief of Terrorists Qasem Soleimani, on Instagram",qwen/prompt3,0.630649924278259
Iran Complains Instagram Shut Down Terror Chief ‘Hero’ Qasem Soleimani’s Page,"Iran Complains Instagram Shut Down Terror Chief ‘Hero’ Qasem Soleimani’s Page para o português:

""Iran reclama do Instagram, que fechou a conta de Qasem Soleimani, 'herói' do terrorismo.""","""Persia accuses Instagram of silencing the 'terrorist hero' Qasem Soleimani's account.""",mistral/prompt3,0.653003573417663
Iran Complains Instagram Shut Down Terror Chief ‘Hero’ Qasem Soleimani’s Page,"Iran se complaca com o fechamento da conta do terrorista ""herói"" Qasem Soleimani no Instagram","Iran bates as botas com o fechamento da conta do terrorista ""herói"" Qasem Soleimani no Instagram",qwen/prompt4,0.7385097742080681
Iran Complains Instagram Shut Down Terror Chief ‘Hero’ Qasem Soleimani’s Page,Índice do Irã se complica após fechamento da página do terrorista 'herói' Qasem Soleimani no Instagram,The index of Iran becomes complicated after the closure of the terrorist 'hero' Qasem Soleimani's Instagram page.,qwen/prompt1,0.7543623447418211
Iran Complains Instagram Shut Down Terror Chief ‘Hero’ Qasem Soleimani’s Page,"Irã Lamenta Silenciamento no Instagram da Página do ""Herói"" Terrorista Qasem Soleimani.
","Iran mourns the muffling of its hero's voice on Instagram, as Qasem Soleimani’s page falls silent.",gemma3/prompt3,0.76189786195755
Iran Complains Instagram Shut Down Terror Chief ‘Hero’ Qasem Soleimani’s Page,"""Persia Protesta: Instagram Desativa a Página do 'Herói' Qasem Soleimani"", que simbolizava o 'Chefe do Terror', é traduzida criativamente para o português.","""Persia Protests: Instagram Disables the Page of 'Hero' Qasem Soleimani, Who Symbolized the 'Chief of Terror', is creatively translated into Portuguese as 'Persia Protesta: Instagram Desativa a Página do 'Herói' Qasem Soleimani, Que Simbolizava o 'Chefe do Terror'.""",mistral/prompt4,0.8084728717803951
Iran Complains Instagram Shut Down Terror Chief ‘Hero’ Qasem Soleimani’s Page,"O Irã esperneia com o Instagram por ter apagado a página do ""herói"" terrorista Qasem Soleimani.
","Iran throws a tantrum at Instagram for deleting the page of terrorist ""hero"" Qasem Soleimani.",gemini/prompt4,0.8314678668975831
Iran Complains Instagram Shut Down Terror Chief ‘Hero’ Qasem Soleimani’s Page,"Irã se queixa da encerramento da página de ‘Herói’ Qasem Soleimani, chefão do terrorismo, no Instagram.","Iran complains about the closure of Qasem Soleimani's 'Hero' page on Instagram, boss of terrorism.",qwen/prompt2,0.9045618176460261
Iran Complains Instagram Shut Down Terror Chief ‘Hero’ Qasem Soleimani’s Page,Irã Reclama do Fechamento do Instagram da Página do 'Herói' Chefe do Terror Qasem Soleimani,"""Iran Protests the Instagram Shutdown of 'Hero' Chief of Terror Qasem Soleimani's Page""",gpt/prompt3,0.9300311803817741
Iran Complains Instagram Shut Down Terror Chief ‘Hero’ Qasem Soleimani’s Page,IRÁN queixa-se de Instagram ter suspenso a página de Soleimani,IRAN complains that Instagram is holding down Soleimani's page,meta/,0.930286169052124
Iran Complains Instagram Shut Down Terror Chief ‘Hero’ Qasem Soleimani’s Page,Irã Reclama que Instagram Desativou a Página do 'Herói' Chefe do Terror Qasem Soleimani.,Iran Claims Instagram Disabled the Page of the 'Hero' Chief of Terror Qasem Soleimani.,gpt/prompt4,0.9399523735046381
Iran Complains Instagram Shut Down Terror Chief ‘Hero’ Qasem Soleimani’s Page,"O Irã se queixa do Instagram fechar o perfil do ""herói"" Qasem Soleimani, comandante terrorista.","Iran complains about Instagram closing the account of ""hero"" Qasem Soleimani, terrorist commander.",llama/prompt4,0.9507372379302971
Iran Complains Instagram Shut Down Terror Chief ‘Hero’ Qasem Soleimani’s Page,Irã se queixa de página do chefe terrorista 'herói' Qasem Soleimani no Instagram ser desativada.,"""Iran complains that Instagram took down the page of 'hero' terror chief Qasem Soleimani.""",llama/prompt3,0.9556831121444701
Iran Complains Instagram Shut Down Terror Chief ‘Hero’ Qasem Soleimani’s Page,Irã se queixa que Instagram fechou a conta de 'herói' Qasem Soleimani,Iran Complains Instagram Closed Account of 'Hero' Qasem Soleimani,mistral/prompt1,0.9580304622650141
Iran Complains Instagram Shut Down Terror Chief ‘Hero’ Qasem Soleimani’s Page,Irã reclama que Instagram fechou a página do 'herói' chefe do terrorismo Qasem Soleimani.,Iran complains that Instagram closed the page of the 'hero' head of terrorism Qasem Soleimani.,gpt/prompt1,0.979915976524353
Iran Complains Instagram Shut Down Terror Chief ‘Hero’ Qasem Soleimani’s Page,"Irã se queixa após Instagram fechar conta do ""herói"" Qasem Soleimani, chefe terrorista","""Iran complains after Instagram closes account of 'hero' Qasem Soleimani, terrorist chief.""",llama/prompt1,0.9799637198448181
Iran Complains Instagram Shut Down Terror Chief ‘Hero’ Qasem Soleimani’s Page,Irã reclama que Instagram fechou a página do 'herói' chefe do terror Qasem Soleimani.,Iran claims that Instagram has closed the page of the 'hero' chief of terror Qasem Soleimani.,gpt/prompt2,0.980953276157379
Iran Complains Instagram Shut Down Terror Chief ‘Hero’ Qasem Soleimani’s Page,"Irã reclama que Instagram fechou o perfil de ""herói"" terrorista Qasem Soleimani","Iran claims Instagram closed the profile of ""hero"" terrorist Qasem Soleimani.",mistral/prompt2,0.9849630594253541
Iran Complains Instagram Shut Down Terror Chief ‘Hero’ Qasem Soleimani’s Page,"Irã reclama que Instagram fechou a página do ""herói"" terrorista Qasem Soleimani.
","Iran complains that Instagram shut down the page of ""hero"" terrorist Qasem Soleimani.",gemini/prompt1,0.9864318370819091
Iran Complains Instagram Shut Down Terror Chief ‘Hero’ Qasem Soleimani’s Page,"Irã reclama do fechamento da página do ""herói"" Qasem Soleimani, chefe de terror, no Instagram.","Iran complains about the closure of the page of ""hero"" Qasem Soleimani, terror chief, on Instagram.",gemma3/prompt2,0.9866613149642941
Iran Complains Instagram Shut Down Terror Chief ‘Hero’ Qasem Soleimani’s Page,"Irã reclama do fechamento da página do 'herói' Qasem Soleimani, chefe de terror, no Instagram.","Iran complains about the closure of the page of 'hero' Qasem Soleimani, terror chief, on Instagram.",gemma3/prompt1,0.986796259880065
Iran Complains Instagram Shut Down Terror Chief ‘Hero’ Qasem Soleimani’s Page,"""Irã queixa-se de que o Instagram fechou a página do ""herói"" chefe terrorista Qasem Soleimani""","""Iran complains that Instagram closed the page of 'hero' terrorist chief Qasem Soleimani.""",llama/prompt2,0.9901848435401911
Iran Complains Instagram Shut Down Terror Chief ‘Hero’ Qasem Soleimani’s Page,Irã reclama que o Instagram fechou a página do chefe terrorista ‘herói’ Qasem Soleimani,Iran complains that Instagram closed the page of terrorist chief ‘hero’ Qasem Soleimani,gemmaX/,0.9912000298500061
Iran Complains Instagram Shut Down Terror Chief ‘Hero’ Qasem Soleimani’s Page,"Irã reclama que Instagram derrubou a página do ""herói"" Qasem Soleimani, chefe terrorista.","Iran complains that Instagram took down the page of ""hero"" Qasem Soleimani, terrorist leader.",gemini/prompt2,0.9957801103591911
"One Good Guy with Gun vs 22 Unarmed Citizens stopping mass shootings, and violent crimes increased.","Um Herói de Armas Acesa contra Vinte e Dois Desarmados contendo tiroteios em massa, e a violência se alastrou.
","A Single Torch-Bearer Against Twenty-Two Unlit, Marked by a Rain of Fire and a Spreading Stain.",gemma3/prompt4,0.195378899574279
"One Good Guy with Gun vs 22 Unarmed Citizens stopping mass shootings, and violent crimes increased.","Um herói solitário com uma arma contra 22 cidadãos desarmados, enquanto a violência explode.
","A lone wolf, armed, facing a crowd of twenty-two unarmed civilians, as the storm breaks.",gemini/prompt3,0.41637957096099804
"One Good Guy with Gun vs 22 Unarmed Citizens stopping mass shootings, and violent crimes increased.",Um Bom Carregador de Revólver contra 22 Cidadãos Desarmados Parando Atos de Massa Violência e Crimes Violentos Aumentaram.,A Good Revolver Loader Against 22 Unarmed Citizens Reducing Acts of Mass Violence and Violent Crimes Increased.,qwen/prompt1,0.583290994167327
"One Good Guy with Gun vs 22 Unarmed Citizens stopping mass shootings, and violent crimes increased.",Um Bom Caractere com Uma Arma contra Vinte e Dois Cidadãos Desarmados combatendo Atos de Massa Esquecendo-se do Aumento dos Crimes Violentos.,"""A Good Character with a Weapon against Twenty-Two Unarmed Citizens Engaged in Acts of Mass Forgetfulness Ignoring the Spike in Violent Crimes.""",qwen/prompt3,0.5836464762687681
"One Good Guy with Gun vs 22 Unarmed Citizens stopping mass shootings, and violent crimes increased.",Um Herói Solitário com Armadura contra Vinte Escudos Desarmados: a violência floresceu onde a proteção se tornou um escudo inútil.,A Lone Knight in Armor Against Twenty Unarmed Shields: Violence bloomed where protection proved a futile barrier.,gemma3/prompt3,0.637963712215423
"One Good Guy with Gun vs 22 Unarmed Citizens stopping mass shootings, and violent crimes increased.","Um Bom Gente com uma Arma vs 22 Cidadãos Desarmados que Pararam Atiradores Enrustidos, e Criminosos Violentos aumentaram.",A Good Person with a Gun vs 22 Unarmed Citizens who Stopped Hiders and Violent Criminals.,llama/prompt3,0.6542836427688591
"One Good Guy with Gun vs 22 Unarmed Citizens stopping mass shootings, and violent crimes increased.","Um Garoto Gentil com Arma contra 22 Cidadãos Desarmados que pára tiroteios em massa, e aumentaram crimes violentos.","A gentle Kid With A Gun versus 22 Unarmed Citizens stops mass shootings, and the violent crime has risen.",meta/,0.6769167184829711
"One Good Guy with Gun vs 22 Unarmed Citizens stopping mass shootings, and violent crimes increased.","Um Bom Sujeito com uma arma versus 22 Cidadãos Sem Armamento que evitam tiroteios em massa, e aumentam a violência.","Um Bom Moço com uma arma versus 22 Cidadãos Sem Armamento que evitam tiroteios em massa, e aumentam a segurança da população.",llama/prompt4,0.710988938808441
"One Good Guy with Gun vs 22 Unarmed Citizens stopping mass shootings, and violent crimes increased.","""Um Bom Caractere com Arma contra 22 Cidadãos Sem Armas Parando Assasinatos em massa e Crimes Violentos Aumentados.""","""A Good Character with Arms Against 22 Armed Citizens Stopping Mass Murders and Increased Violent Crimes.""",qwen/prompt2,0.7466796636581421
"One Good Guy with Gun vs 22 Unarmed Citizens stopping mass shootings, and violent crimes increased.","""Um bom cara com um rifle vs. 22 cidadãos desarmados evitando tiroteios em massa e crimes violentos aumentam.""","""A good guy with a rifle versus 22 citizens unarmed avoiding mass shootings and escalating violent crimes.""",mistral/prompt3,0.796705365180969
"One Good Guy with Gun vs 22 Unarmed Citizens stopping mass shootings, and violent crimes increased.","Um herói solitário com uma arma contra 22 cidadãos desarmados: a violência floresce.
",A lone hero with a gun against 22 unarmed citizens: violence blooms.,gemini/prompt4,0.8348391056060791
"One Good Guy with Gun vs 22 Unarmed Citizens stopping mass shootings, and violent crimes increased.","Um Bom cara com Revólver contra 22 Cidadãos Desarmados Tentando Bloquear Massacres, e os Crimes Violentos Aumentaram.","A Good Guy with a Gun Against 22 Unarmed Citizens Trying to Block Massacres, and Violent Crimes Rose Up.",qwen/prompt4,0.8428267240524291
"One Good Guy with Gun vs 22 Unarmed Citizens stopping mass shootings, and violent crimes increased.","Um Homem Bom com Arma contra 22 Cidadãos Desarmados que Param Atos de Vandalismo, e crime violento aumentou.","""A Good Man with a Gun Against 22 unarmed Citizens who Stood Against Vandalism Acts, and Violent Crime Increased.""",llama/prompt2,0.8434367179870601
"One Good Guy with Gun vs 22 Unarmed Citizens stopping mass shootings, and violent crimes increased.",Um bom homem com arma vs 22 cidadãos sem armas impedindo shootings em massa e crimes violentos aumentaram.,"""An armed good man vs 22 citizens disarmed preventing mass shootings and violent crimes increased.""",mistral/prompt4,0.8504317998886101
"One Good Guy with Gun vs 22 Unarmed Citizens stopping mass shootings, and violent crimes increased.","Um Bom Cara com Arma contra 22 Cidadãos Desarmados impedindo tiroteios em massa, e crimes violentos aumentaram.",A Good Guy with a Gun Preventing Mass Shootings and Violent Crime Increases.,gemma3/prompt2,0.8520817756652831
"One Good Guy with Gun vs 22 Unarmed Citizens stopping mass shootings, and violent crimes increased.","Um Bom Cara com Arma contra 22 Cidadãos Desarmados impedindo tiroteios em massa, e crimes violentos aumentaram.",A Good Guy with a Gun Preventing Mass Shootings and Violent Crime Increases.,gemma3/prompt1,0.8520818948745721
"One Good Guy with Gun vs 22 Unarmed Citizens stopping mass shootings, and violent crimes increased.","""Um bom cara armado contra 22 cidadãos desarmados parando tiroteios em massa, e crimes violentos aumentaram.""","""A good guy with a gun against 22 unarmed citizens stopping mass shootings, and violent crimes have increased.""",gpt/prompt2,0.8696012496948241
"One Good Guy with Gun vs 22 Unarmed Citizens stopping mass shootings, and violent crimes increased.","Um cara bom com arma vs 22 cidadãos não armados parar tiroteios em massa, e crimes violentos aumentaram.","A good guy with a gun vs. 22 unarmed citizens stop mass shooting, and violent crimes have increased.",marian/,0.882220447063446
"One Good Guy with Gun vs 22 Unarmed Citizens stopping mass shootings, and violent crimes increased.","Um Bom Cara com uma Arma vs 22 Cidadãos Desarmados impedindo tiroteios em massa, e crimes violentos aumentados.","""A Good Guy with a Gun vs 22 Unarmed Citizens Stopping Mass Shootings and Increased Violent Crimes.""",gpt/prompt3,0.8834564685821531
"One Good Guy with Gun vs 22 Unarmed Citizens stopping mass shootings, and violent crimes increased.","Um Bom Cara com Arma vs 22 Cidadãos Desarmados impedindo tiroteios em massa, e os crimes violentos aumentaram.","A Good Guy with a Gun vs 22 Unarmed Citizens Stopping Mass Shootings, and Violent Crimes on the Rise.",gpt/prompt4,0.9033929705619811
"One Good Guy with Gun vs 22 Unarmed Citizens stopping mass shootings, and violent crimes increased.","""Um bom cidadão armado contra 22 cidadãos desarmados impedindo tiroteios em massa, e os crimes violentos aumentaram.""","""A good citizen armed against 22 unarmed citizens preventing mass shootings, and violent crimes have increased.""",gpt/prompt1,0.912588834762573
"One Good Guy with Gun vs 22 Unarmed Citizens stopping mass shootings, and violent crimes increased.","Um homem bom com uma arma contra 22 cidadãos desarmados, parando atos de shooting em massa e crimes violentos aumentados.",A good man with a gun can stop mass shootings and increased violent crimes against 22 unarmed citizens.,mistral/prompt2,0.9137939214706421
"One Good Guy with Gun vs 22 Unarmed Citizens stopping mass shootings, and violent crimes increased.","Um bom sujeito com uma arma contra 22 cidadãos desarmados, parando tiroteios em massa e crimes violentos aumentaram.","One good guy with a gun against 22 unarmed citizens, stopping mass shootings and violent crime increased.",gemmaX/,0.9262859225273131
"One Good Guy with Gun vs 22 Unarmed Citizens stopping mass shootings, and violent crimes increased.","Um bom homem armado vs. 22 cidadãos desarmados evitando tiroteios em massa, e crimes violentos aumentaram.","""A well-armed good man vs. 22 unarmed citizens preventing mass shootings, and violent crimes increased.""",mistral/prompt1,0.9300344586372371
"One Good Guy with Gun vs 22 Unarmed Citizens stopping mass shootings, and violent crimes increased.","Um cara bom com uma arma contra 22 cidadãos desarmados, impedindo tiroteios em massa, e crimes violentos aumentaram.","A good guy with a gun against 22 unarmed citizens, preventing mass shootings, and violent crimes increased.",gemini/prompt2,0.953964293003082
"One Good Guy with Gun vs 22 Unarmed Citizens stopping mass shootings, and violent crimes increased.","Um cara bom com uma arma contra 22 cidadãos desarmados, impedindo tiroteios em massa, e crimes violentos aumentaram.
","A good guy with a gun against 22 unarmed citizens, preventing mass shootings, and violent crime increased.",gemini/prompt1,0.9563441872596741
"One Good Guy with Gun vs 22 Unarmed Citizens stopping mass shootings, and violent crimes increased.","""Um Bom Gente com Arma vs 22 Cidadãos Desarmados que Pararam Ataques de Massa, e Crimes Violentos Aumentaram.""","""A Good Citizen with Arms vs 22 Disarmed Civilians Who Stopped Mass Attacks, and Violent Crimes Increased.""",llama/prompt1,0.963319420814514
"Puh-LEEZE! Sen. Menendez (yes, THAT one) serves up Halloween scare about GOP","Por favor, Puh-LEEZE! O senador Menendez (sim, aquele) prepara um espantalho de Halloween contra o GOP.

(Nota: ""kick the bucket"" é uma metáfora comum em inglês que significa morrer, enquanto ""bater as botas"" é uma tradução mais apropriada e criativa para essa expressão.)","Please, Puh-LEEZE! Senator Menendez (yep, him) is prepping a Halloween straw man against the GOP.",llama/prompt4,0.48897203803062406
"Puh-LEEZE! Sen. Menendez (yes, THAT one) serves up Halloween scare about GOP","Por favor, PELO AMOR DE DEUS! O Senador Menendez (sim, AQUELE aí) destila um susto de Halloween sobre o Partido Republicano.","Please, FOR THE LOVE OF ALL THAT'S HOLY! Senator Menendez (yes, *that* Menendez) is unleashing a Halloween fright on the Republican Party.",gemma3/prompt3,0.49744385480880704
"Puh-LEEZE! Sen. Menendez (yes, THAT one) serves up Halloween scare about GOP","PELA VONTADE! Sen. Menendez (sim, ELE mesmo) serve umaOctopus assustadora sobre o GOP para o Dia das Bruxas.","'BY CHOICE! Sen. Menendez (yes, HE himself) serves up a terrifying Octopus to the GOP for Halloween.'",qwen/prompt3,0.592021465301513
"Puh-LEEZE! Sen. Menendez (yes, THAT one) serves up Halloween scare about GOP","Sen. Menendez (sim, ESQUECI de qual!), serve uma receita de arrepiar os cabelos do dia das bruxas sobre o GOP.","Sen. Menendez (yes, FORGET WHICH one!), serves up a hair-raising Halloween recipe about the GOP.",llama/prompt3,0.6522979736328121
"Puh-LEEZE! Sen. Menendez (yes, THAT one) serves up Halloween scare about GOP","""Puxa! Sen. Menendez (sim, ESSE mesmo!) faz um medo de Halloween sobre os republicanos""","""Wow! Sen. Menendez (yes, HIMSELF!) is striking terror on Halloween over republicans.""",llama/prompt1,0.6721474528312681
"Puh-LEEZE! Sen. Menendez (yes, THAT one) serves up Halloween scare about GOP","""Senhor Puh-LEEZE! Menendez (sim, AQUELE) serve um Halloween cheio de sustos sobre o GOP.""","""Sir, PLEASE! Menendez (yes, THAT one) serves up a Halloween full of frights for the GOP.""",mistral/prompt3,0.691757440567016
"Puh-LEEZE! Sen. Menendez (yes, THAT one) serves up Halloween scare about GOP","Por favor! Senador Menendez (sim, ESSE um) serve uma amenização sobre o Halloween do GOP","Please! Senator Menendez (yes, THAT one) offers a compromise on the GOP Halloween.",qwen/prompt1,0.755195975303649
"Puh-LEEZE! Sen. Menendez (yes, THAT one) serves up Halloween scare about GOP","POR FAVOR! Senador Menendez (sim, AQUELE) prepara susto de Halloween sobre o Partido Republicano.","PLEASE! Senator Menendez (yes, THAT one) cooks up a Halloween scare for the Republican Party.",gemini/prompt2,0.7565948367118831
"Puh-LEEZE! Sen. Menendez (yes, THAT one) serves up Halloween scare about GOP","Puxa-vida! O Senador Menendez (sim, AQUELE mesmo) destila um arrepio de Halloween sobre os republicanos.","""Good heavens! Senator Menendez (yes, *that* one) casts a Halloween chill over the Republicans.""",gemma3/prompt4,0.7613860368728631
"Puh-LEEZE! Sen. Menendez (yes, THAT one) serves up Halloween scare about GOP","""Puh-LEEZE! Senador Menendez (sim, aquele mesmo) servir um susto de Halloween para o GOP.""","""Please! Senator Menendez (yes, that one) has just given the GOP a Halloween scare.""",mistral/prompt4,0.762164950370788
"Puh-LEEZE! Sen. Menendez (yes, THAT one) serves up Halloween scare about GOP","""Por favor, senhor Menendez (sim, ELE)! Ele serve um susto de Halloween sobre o GOP!""","""Please, Mr. Menendez (yes, HE)! He gives a frightful surprise over the GOP!""",mistral/prompt2,0.7762950062751771
"Puh-LEEZE! Sen. Menendez (yes, THAT one) serves up Halloween scare about GOP","Pô-FA-VOR! O senador Menendez (sim, AQUELE) traz um susto de Halloween sobre o GOP.","""PLEA-SEE! Senator Menendez (yes, THAT one) brings a Halloween scare to the GOP.""",gpt/prompt3,0.7788290977478021
"Puh-LEEZE! Sen. Menendez (yes, THAT one) serves up Halloween scare about GOP","Sen. Menendez (sim, aquele) serve até assustador de Halloween sobre o GOP","Sen. Menendez (yes, that one) serves even scary Halloween over the GOP",marian/,0.7999244928359981
"Puh-LEEZE! Sen. Menendez (yes, THAT one) serves up Halloween scare about GOP","""Por favor, que seja! O Sen. Menendez (sim, aquele) prepara um susto de Halloween sobre o GOP.""","""Please make it happen! Sen. Menendez (yes, that one) is preparing a Halloween scare on the GOP.""",llama/prompt2,0.804955720901489
"Puh-LEEZE! Sen. Menendez (yes, THAT one) serves up Halloween scare about GOP","POR FAVOR! Senador Menendez (sim, AQUELE) serve um susto de Halloween sobre o GOP.
","PLEASE! Senator Menendez (yes, THAT one) serves a Halloween scare on the GOP.",gemini/prompt1,0.8118728995323181
"Puh-LEEZE! Sen. Menendez (yes, THAT one) serves up Halloween scare about GOP","**""AH, NÃO! O Sen. Menendez (sim, AQUELE MESMO!) serve um susto de Halloween sobre o GOP.""**
","""AH, NO! Sen. Menendez (yes, THAT one!) is serving up a Halloween scare to the GOP.""",gemini/prompt3,0.8166211247444151
"Puh-LEEZE! Sen. Menendez (yes, THAT one) serves up Halloween scare about GOP",Senador Menendez serve a suspense de Halloween a respeito de GOP,Senator Menendez serves up the Halloween suspense on GOP matters .,meta/,0.8220214247703551
"Puh-LEEZE! Sen. Menendez (yes, THAT one) serves up Halloween scare about GOP","Puh-LEEZE! O Sen. Menendez (sim, esse mesmo) dá um susto de Halloween sobre o Partido Republicano","Puh-LEEZE! Sen. Menendez (yes, that one) gives a Republican Halloween scare",gemmaX/,0.83961272239685
"Puh-LEEZE! Sen. Menendez (yes, THAT one) serves up Halloween scare about GOP","Por favor! Sen. Menendez (sim, ESSE!) apresenta um susto de Halloween sobre o GOP.","Please! Sen. Menendez (yes, THIS ONE!) drops a Halloween scare on the GOP.",qwen/prompt4,0.85634696483612
"Puh-LEEZE! Sen. Menendez (yes, THAT one) serves up Halloween scare about GOP","Por favor! O Senador Menendez (sim, AQUELE) causa alvoroço de Halloween sobre o GOP.","Please! Senator Menendez (yes, THAT one) is causing a Halloween uproar for the GOP.",gemma3/prompt2,0.8618414402008051
"Puh-LEEZE! Sen. Menendez (yes, THAT one) serves up Halloween scare about GOP","Sen. Menendez (sim, AQUELE) traz um susto de Halloween sobre o GOP.","Sen. Menendez (yes, THAT one) brings a Halloween scare for the GOP.",gpt/prompt4,0.865485966205596
"Puh-LEEZE! Sen. Menendez (yes, THAT one) serves up Halloween scare about GOP","Puh-LEEZE! Sen. Menendez (sim, ESE mesmo) serve um susto de Halloween sobre o GOP.","Puh-LEEZE! Sen. Menendez (yes, THAT Sen. Menendez) serves up a Halloween scare for the GOP.",mistral/prompt1,0.8720096945762631
"Puh-LEEZE! Sen. Menendez (yes, THAT one) serves up Halloween scare about GOP","Menendez (AQUELE mesmo) serve um susto de Halloween sobre o Partido Republicano.
",Menendez (THAT one) serves up a Halloween scare for the Republican Party.,gemini/prompt4,0.8804463148117061
"Puh-LEEZE! Sen. Menendez (yes, THAT one) serves up Halloween scare about GOP","""Por favor! O Sen. Menendez (sim, aquele) traz um susto de Halloween sobre o GOP.""","""Please! Sen. Menendez (yes, that one) brings a Halloween scare about the GOP.""",gpt/prompt2,0.886639773845672
"Puh-LEEZE! Sen. Menendez (yes, THAT one) serves up Halloween scare about GOP","""Puh-LEEZE! O Sen. Menendez (sim, AQUELE) prepara um susto de Halloween sobre o GOP.""","""Puh-LEEZE! Sen. Menendez (yes, THAT one) is preparing a Halloween scare for the GOP.""",gpt/prompt1,0.9244188070297241
"Puh-LEEZE! Sen. Menendez (yes, THAT one) serves up Halloween scare about GOP","Por favor! O Senador Menendez (sim, AQUELE) causa um susto de Halloween sobre os Republicanos.","Please! Senator Menendez (yes, THAT one) is giving Republicans a Halloween scare.",gemma3/prompt1,0.9366147518157951
"Puh-LEEZE! Sen. Menendez (yes, THAT one) serves up Halloween scare about GOP","Por favor! Sen. Menendez (sim, aquele ali) serve uma história de terror sobre o GOP no Dia das Bruxas.","Please! Sen. Menendez (yes, that one there) tells a horror story about the GOP on Halloween.",qwen/prompt2,0.9548648595809931
WND » Red-handed! Cops caught Dem IT aide hiding secret server » Print,WND: Nas mãos! Polícia pegou o ajudante de TI escondendo um servidor secreto » Impresso,"""The cat is out of the bag: Cops nabbed the IT aide with a secret server 'hidden in his hands'""

ou

""Cat out of the bag: Cops caught the IT aide with a hidden server 'in his hands'""

Ambas as traduções mantêm o sentido metafórico original.",mistral/prompt4,0.502732396125793
WND » Red-handed! Cops caught Dem IT aide hiding secret server » Print,"Flagrante! Policiais pegam assessor de TI democrata com a mão na massa, escondendo servidor secreto.
","Cops bust Democrat IT staffer red-handed, caught with his fingers in the secret server pie.",gemini/prompt3,0.570997476577758
WND » Red-handed! Cops caught Dem IT aide hiding secret server » Print,BNL » À mão! Polícia prendeu auxiliar de TI de Dem escondendo servidor secreto » Imprensa.,"""BNL » Out of Hand! Police arrested IT aid to Dem concealing secret server » Press.""",llama/prompt3,0.579211235046386
WND » Red-handed! Cops caught Dem IT aide hiding secret server » Print,Os polícias apanharam a assistente de TI do Democratas a esconder o servidor secreto.,Cops caught the Democratic's C.I. A. Hiding the server code.,meta/,0.58800595998764
WND » Red-handed! Cops caught Dem IT aide hiding secret server » Print,WND » Flagrado nas mãos sujas! Polícias puseram下一行应为葡语，继续翻译： » Deitaram fora o auxiliar de TI escondendo um servidor secreto » 打印,» Caught with dirty hands! Police threw out the IT assistant hiding a secret server » Print,qwen/prompt1,0.6188754439353941
WND » Red-handed! Cops caught Dem IT aide hiding secret server » Print,'WND » Pego em flagrante! Policiais encontram auxiliares de TI com servidor secreto » Imprima'.,WND caught in the act! Police find IT assistants with secret server.,mistral/prompt1,0.6578018665313721
WND » Red-handed! Cops caught Dem IT aide hiding secret server » Print,Pegos em flagrante! A Polícia flagra assessor de TI Democrata escondendo servidor secreto.,Caught Red-Handed! Cops Nab IT Aide for Concealing Shadow Server.,gemma3/prompt3,0.666494846343994
WND » Red-handed! Cops caught Dem IT aide hiding secret server » Print,VND! Policiais pegaram o auxiliar de TI tentando esconder um servidor secreto » Impressão,"""VND! Police got the IT assistant trying to hide a secret cloud » Print""",qwen/prompt3,0.692166209220886
WND » Red-handed! Cops caught Dem IT aide hiding secret server » Print,"**WND » Flagrante! Policiais pegam assessor de TI Democrata escondendo servidor secreto » Imprimir**
",**WND » Caught in the Act! Cops Nab Democrat IT Aide Hiding Secret Server » Print**,gemini/prompt4,0.698125302791595
WND » Red-handed! Cops caught Dem IT aide hiding secret server » Print,WND » Polícia prende auxiliar de TI da Democrazia com server secreto à mão.,WND » Police arrest Democrazia IT staffer with secret server in hand.,llama/prompt2,0.711810708045959
WND » Red-handed! Cops caught Dem IT aide hiding secret server » Print,WND » Com as mãos na massa! Policiais flagram auxiliar de TI da Democracia escondendo servidor secreto » Print,WND » Hands on deck! Cops bust Dem staffer hiding secret server » Print,llama/prompt1,0.737712264060974
WND » Red-handed! Cops caught Dem IT aide hiding secret server » Print,WND » Em flagrante delito! Policiais pegam assessor de TI do Dem escondido em servidor secreto » Imprimir,WND » Caught red-handed! Cops nab Dem IT staffer hiding in secret server room » Print,gemmaX/,0.7596493959426881
WND » Red-handed! Cops caught Dem IT aide hiding secret server » Print,"""A descoberta foi pegando o ajudante de TI em flagrante: os policiais encontraram um servidor secreto!""","""Caught the IT aide in the act: police found a hidden server!""",mistral/prompt3,0.772285819053649
WND » Red-handed! Cops caught Dem IT aide hiding secret server » Print,WND » Com a mão na massa! Policiais pegaram assessor de TI do Dem escondendo servidor secreto » Imprimir,WND » With hands in the dough! Police caught Dem's IT advisor hiding a secret server » Print,gpt/prompt3,0.7731825113296501
WND » Red-handed! Cops caught Dem IT aide hiding secret server » Print,Flagrante! A polícia flagrou um assessor de TI do Partido Democrata escondendo um servidor secreto.,Caught red-handed! The police caught a Democratic Party IT aide stashing a secret server.,gemma3/prompt4,0.774354636669158
WND » Red-handed! Cops caught Dem IT aide hiding secret server » Print,WND » Com a mão na massa! Policiais flagraram assessor de TI do Dem escondendo servidor secreto » Imprimir,WND » With hands on deck! Police caught the IT advisor of the Dem hiding a secret server » Print,gpt/prompt1,0.7784844636917111
WND » Red-handed! Cops caught Dem IT aide hiding secret server » Print,Redentão! Policiais pegaram Dem IT ajudante escondendo servidor secreto.,"""Caught Red-Handed! Cops caught Dem IT helper hiding a secret server.""",llama/prompt4,0.7797744274139401
WND » Red-handed! Cops caught Dem IT aide hiding secret server » Print,WND » Pego de mãos dadas! A polícia flagrou assessor de TI do Partido Democrata escondendo servidor secreto » Imprimir,WND » Holding Hands! Police caught IT aide for the Democratic Party hiding a secret server » Print,gemma3/prompt2,0.8042694926261901
WND » Red-handed! Cops caught Dem IT aide hiding secret server » Print,VND! Polícia pega o auxiliar de TI com as mãos no secreto servidor! | Imprimir,VND! Police catches the IT assistant with his hands on the secret server! | Print,qwen/prompt4,0.816355645656585
WND » Red-handed! Cops caught Dem IT aide hiding secret server » Print,WND » Pega de surpresa! Policiais pegaram assessor de TI do Partido Democrata escondendo servidor secreto » Imprimir,WND » Surprise! Police caught Democratic Party IT aide hiding secret server » Print,gemma3/prompt1,0.8418502807617181
WND » Red-handed! Cops caught Dem IT aide hiding secret server » Print,"WND » Em flagrante! Policiais pegam assistente de TI democrata escondendo servidor secreto » Imprimir
",WND » Caught Red-Handed! Cops Catch Democrat IT Assistant Hiding Secret Server » Print,gemini/prompt1,0.8423277139663691
WND » Red-handed! Cops caught Dem IT aide hiding secret server » Print,"WND » Em flagrante! Policiais pegam assessor de TI democrata escondendo servidor secreto » Imprimir
","WND » Caught in the Act! Police Catch Democrat IT Aide Hiding Secret Server » Print
",gemini/prompt2,0.864093780517578
WND » Red-handed! Cops caught Dem IT aide hiding secret server » Print,WND » Ladrões! Polícias capturados Dem IT ajuda a esconder servidor secreto » Imprimir,WND » Thieves! Police captured Dem IT helps hide secret server » Print,marian/,0.880356669425964
WND » Red-handed! Cops caught Dem IT aide hiding secret server » Print,WND » Flagrante! Policiais capturaram o auxiliar de TI escondendo um servidor secreto » Imprimir,WND » Caught on Camera! Police Arrested IT Assistant Hiding a Secret Server » Print,qwen/prompt2,0.897701859474182
WND » Red-handed! Cops caught Dem IT aide hiding secret server » Print,WND » Pego em flagrante! Policiais surpreendem o assistente de TI escondendo servidor secreto » Imprimir,WND » Caught red-handed! Police catch the IT assistant hiding a secret server » Print,gpt/prompt4,0.9068751335144041
WND » Red-handed! Cops caught Dem IT aide hiding secret server » Print,Red-handed! Polícia prende assessor de TI que ocultava servidor secreto,Red-handed! Police arrests IT advisor hiding secret server,mistral/prompt2,0.9157118201255791
WND » Red-handed! Cops caught Dem IT aide hiding secret server » Print,WND » Pegos em flagrante! Policiais pegaram assistente de TI do Dem escondendo servidor secreto » Imprimir,WND » Caught in the act! Police caught a Dem IT assistant hiding a secret server » Print,gpt/prompt2,0.9524875879287721
Alabama state auditor says Roy Moore bombshell ‘much ado about very little’ — even if ‘completely true’,"O auditor estadual do Alabama diz que a bomba de Roy Moore é “muito alvoroço para quase nada”, mesmo que seja “completamente verdadeiro”.","O auditor estadual do Alabama diz que a bomba de Roy Moore é ""muito fumaça por quase nada"", mesmo que seja ""completamente verdadeiro"".",llama/prompt4,0.44833227992057806
Alabama state auditor says Roy Moore bombshell ‘much ado about very little’ — even if ‘completely true’,"O auditor do estado do Alabama diz que a bomba de Roy Moore é “muito barulho por pouco valor” – mesmo que seja ‘completamente verdadeira’.
","The Alabama auditor says Roy Moore's bomb is ""all bark and no bite"" – even if it's ""dead on.""",gemma3/prompt4,0.522653937339782
Alabama state auditor says Roy Moore bombshell ‘much ado about very little’ — even if ‘completely true’,Auditor estatal do Alabama diz Roy Moore bomba ‘muito ado sobre muito pouco — mesmo que ‘completamente verdadeiro,State auditor of Alabama says Roy Moore bomb ‘very fond of very little — even ‘completely true',marian/,0.5414745807647701
Alabama state auditor says Roy Moore bombshell ‘much ado about very little’ — even if ‘completely true’,"O auditor do Alabama diz que a bomba envolvendo Roy Moore é ""muito barulho por pouca coisa"" — mesmo que seja ""completamente verdadeira"".","The Alabama auditor says the Roy Moore bomb is ""a whole lot of hullabaloo over hardly anything"" – even if it's ""completely on the level.""",gemma3/prompt3,0.5643155574798581
Alabama state auditor says Roy Moore bombshell ‘much ado about very little’ — even if ‘completely true’,O auditor estatal do Alabama acha que Roy Moore é um alvoroço sobre muito pouco mesmo que seja absolutamente verdadeiro.,"It does seem that the Alabama state auditor has the opinion that Roy Moore's a fuss about nothing, though he's absolutely right.",meta/,0.619046151638031
Alabama state auditor says Roy Moore bombshell ‘much ado about very little’ — even if ‘completely true’,O auditor de estado da Alabama afirma que bomba de Roy Moore é'muito alvoroço por muito pouco' — mesmo que seja 'completamente verdadeiro'.,"The Alabama State Auditor says Roy Moore's bomb is ""much ado about very little"" — even though it may be ""completely true"".",llama/prompt1,0.7503558397293091
Alabama state auditor says Roy Moore bombshell ‘much ado about very little’ — even if ‘completely true’,Auditora do Alabama diz que bomba sobre Roy Moore é ‘muita alvorada sobre muito pouco’ — mesmo que ‘completamente verdadeira’.,"""Alabama auditor claims bomb over Roy Moore is'much ado about nothing'—even if 'completely true'.""",mistral/prompt1,0.7919601202011101
Alabama state auditor says Roy Moore bombshell ‘much ado about very little’ — even if ‘completely true’,Auditor do estado do Alabama diz que a revelação sobre Roy Moore é 'muita tempestade por pouca coisa' - mesmo que seja 'completamente verdadeira'.,Alabama state auditor says the revelation about Roy Moore is 'a lot of storm for a little rain' - even if it's 'completely true'.,gpt/prompt4,0.7982984781265251
Alabama state auditor says Roy Moore bombshell ‘much ado about very little’ — even if ‘completely true’,"O auditor do estado do Alabama diz que a bomba sobre Roy Moore é ""tempestade em copo d'água"" - mesmo que ""completamente verdadeira"".
","Alabama's state auditor says the bomb on Roy Moore is a ""tempest in a teapot"" - even if ""completely true"".",gemini/prompt4,0.8040051460266111
Alabama state auditor says Roy Moore bombshell ‘much ado about very little’ — even if ‘completely true’,"Auditor estadual do Alabama diz que bomba sobre Roy Moore é ""muito barulho por quase nada"" — mesmo que seja ""completamente verdade"".
","Alabama state auditor says bomb on Roy Moore is ""much ado about almost nothing"" — even if it's ""completely true.""
",gemini/prompt2,0.84830230474472
Alabama state auditor says Roy Moore bombshell ‘much ado about very little’ — even if ‘completely true’,"O auditor estadual do Alabama diz que o escândalo sobre Roy Moore é ""tempestade em copo d'água"" - mesmo que ""tudo seja verdade"".
","The Alabama state auditor calls the Roy Moore scandal a ""tempest in a teapot"" - even if ""everything is true.""",gemini/prompt3,0.8521173000335691
Alabama state auditor says Roy Moore bombshell ‘much ado about very little’ — even if ‘completely true’,"O auditor estadual da Alabama diz que a bomba de Roy Moore é ""muito alvoroço por coisa de pouca importância"" — mesmo que seja ""completamente verdadeiro"".","O auditor estadual da Alabama diz que a bomba de Roy Moore é ""muito barulho por conta de um assunto de pouca importância"" — mesmo que seja ""completamente verdadeiro.""",llama/prompt3,0.85398131608963
Alabama state auditor says Roy Moore bombshell ‘much ado about very little’ — even if ‘completely true’,"""Auditor de Alabama diz que revelações de Roy Moore são'muito alarme por quase nada' — mesmo que 'completamente verdadeiras'.""","The Alabama auditor says that Roy Moore's revelations are ""quite an alarm for almost nothing"" - even if they are ""completely true.""",mistral/prompt3,0.8622246384620661
Alabama state auditor says Roy Moore bombshell ‘much ado about very little’ — even if ‘completely true’,Alabama state auditor says Roy Moore bombshell ‘much ado about very little’ — even if ‘completely true’,'The Alabama state auditor calls Roy Moore's bombshell'much ado about very little'—even if 'completely true''.,mistral/prompt4,0.865935325622558
Alabama state auditor says Roy Moore bombshell ‘much ado about very little’ — even if ‘completely true’,"O auditor estadual do Alabama diz que a bomba sobre Roy Moore é ""muito barulho por nada"" — mesmo que ""completamente verdadeira"".
","Alabama's state auditor says the bomb over Roy Moore is ""much ado about nothing"" — even if ""completely true.""",gemini/prompt1,0.880239844322204
Alabama state auditor says Roy Moore bombshell ‘much ado about very little’ — even if ‘completely true’,"Auditor estadual do Alabama diz que a ""bomba"" de Roy Moore é ""muito alarde sobre muito pouco"" — mesmo que seja ""completamente verdadeiro"".","Alabama state auditor says Moore's ""bombshell"" is ""much ado about nothing"" — even though it is ""completely true.""",mistral/prompt2,0.8898298740386961
Alabama state auditor says Roy Moore bombshell ‘much ado about very little’ — even if ‘completely true’,O auditor do estado do Alabama diz que a revelação sobre Roy Moore é 'muito barulho por pouca coisa' — mesmo se for 'completamente verdadeira'.,"""The auditor of the state of Alabama says that the revelation about Roy Moore is 'much ado about nothing' — even if it is 'completely true'.""",gpt/prompt1,0.8920016288757321
Alabama state auditor says Roy Moore bombshell ‘much ado about very little’ — even if ‘completely true’,Auditor estadual do Alabama afirma que a revelação sobre Roy Moore é 'muito barulho por nada' — mesmo que seja 'completamente verdadeira'.,Alabama state auditor claims that the revelation about Roy Moore is 'much ado about nothing' — even if it is 'completely true.',gpt/prompt3,0.895163416862487
Alabama state auditor says Roy Moore bombshell ‘much ado about very little’ — even if ‘completely true’,O auditor estadual do Alabama afirma que o bombástico de Roy Moore é'muito alvoroço por muito pouco' — mesmo que 'completamente verdadeiro'.,"The Alabama state auditor asserts that Roy Moore's allegations are ""a lot of hubbub about nothing"" — even if ""completely true.""",qwen/prompt1,0.8983433246612541
Alabama state auditor says Roy Moore bombshell ‘much ado about very little’ — even if ‘completely true’,O auditor estadual do Alabama diz que o escândalo de Roy Moore é'muito alvoroço sobre nada quase insignificante' — mesmo que 'completamente verdadeiro'.,"The state auditor of Alabama says that Roy Moore's scandal is ""a great commotion about almost nothing""—even if it is ""completely true.""",qwen/prompt4,0.9132696390151971
Alabama state auditor says Roy Moore bombshell ‘much ado about very little’ — even if ‘completely true’,"O auditor do estado do Alabama diz que o escândalo de Roy Moore é ""muito barulho por muito pouco"" — até mesmo se ""completamente verdadeiro"".","The auditor of Alabama state says that Roy Moore's scandal is ""a lot of noise for very little"" — even if ""completely true.""",qwen/prompt3,0.917893409729003
Alabama state auditor says Roy Moore bombshell ‘much ado about very little’ — even if ‘completely true’,"O auditor-geral do Alabama diz que a bomba envolvendo Roy Moore é ""muito barulho por pouca coisa"" — mesmo que seja ""completamente verdadeira"".","The Alabama auditor says the Roy Moore bomb is ""a lot of noise about nothing"" — even if it's ""completely true.""",gemma3/prompt1,0.9304698109626771
Alabama state auditor says Roy Moore bombshell ‘much ado about very little’ — even if ‘completely true’,"O auditor do estado do Alabama diz que o escândalo de Roy Moore é ""muito alvoroço sobre muito pouco"", mesmo que ""completamente verdadeiro"".","The auditor of Alabama's state says that Roy Moore's scandal is ""a lot of fuss about very little,"" even if ""completely true.""",qwen/prompt2,0.9315142631530761
Alabama state auditor says Roy Moore bombshell ‘much ado about very little’ — even if ‘completely true’,"""O auditor do estado do Alabama diz que o bombástico de Roy Moore é 'mais barulho do que substância' — mesmo se for 'completamente verdadeiro'.""","""The Alabama state auditor says Roy Moore's bombshell is 'more noise than substance' — even if it's 'completely true'.""",gpt/prompt2,0.940495371818542
Alabama state auditor says Roy Moore bombshell ‘much ado about very little’ — even if ‘completely true’,"Auditor do Estado do Alabama diz que a bomba de Roy Moore é ""muito barulho por pouco"" - mesmo que seja ""completamente verdadeira""","Alabama State Auditor says Roy Moore's bombshell is ""a lot of noise for little"" - even if it's ""completely true""",gemmaX/,0.941408395767211
Alabama state auditor says Roy Moore bombshell ‘much ado about very little’ — even if ‘completely true’,"O auditor de estado do Alabama diz que a bomba de Roy Moore é ""muito barulho por nada"" — até que seja completamente verdade.","Alabama's state auditor says Roy Moore's ""bombshell"" is ""a whole lot of noise for nothing"" - until it's completely true.",llama/prompt2,0.944656729698181
Alabama state auditor says Roy Moore bombshell ‘much ado about very little’ — even if ‘completely true’,"O auditor-geral do Alabama diz que o escândalo envolvendo Roy Moore é “muito barulho por pouco”, mesmo que “completamente verdadeiro”.","The Alabama auditor general says the scandal involving Roy Moore is ""a lot of noise about nothing,"" even if ""completely true.""",gemma3/prompt2,0.9577469825744621
Photogallery - Streaker at Buffalo Bills game storms the field,>>pt<<Galeria de Fotos - Streaker nos Buffalo Bills jogo irrompe no campo,"""Playing football with the Buffalo Bills!""",meta/,0.281841844320297
Photogallery - Streaker at Buffalo Bills game storms the field,"**Galeria de Fotos: Fagulha invade o campo no jogo do Buffalo Bills.**
",**Photo Gallery: Spark Ignites Bills' Field.**,gemma3/prompt3,0.46157756447792003
Photogallery - Streaker at Buffalo Bills game storms the field,"""Galeria de Fotos - Corredor ao ar livre invade o campo de jogo dos Buffalo Bills""","""Buffalo Bills' Field Invaded by Outdoor Corridor of Photos""",llama/prompt2,0.477968573570251
Photogallery - Streaker at Buffalo Bills game storms the field,Galeria de Fotos - Nu em campo no jogo dos Buffalo Bills,Photo Gallery - Nude in Buffalo Bills game field,mistral/prompt1,0.580746412277221
Photogallery - Streaker at Buffalo Bills game storms the field,Galeria de Fotografia - Trocador invade o campo do Buffalo Bills.,Gallery of Photography - Bills' Exchange invades the Buffalo Bills' territory.,mistral/prompt4,0.594179272651672
Photogallery - Streaker at Buffalo Bills game storms the field,Galeria de Fotografias - Torcedora despista no jogo dos Buffalo Bills invade o campo,Photography Gallery - Fan Distracts During Buffalo Bills Game Invades the Field,qwen/prompt1,0.6026365160942071
Photogallery - Streaker at Buffalo Bills game storms the field,Galeria de Fotografias - Streaker em jogo dos Buffalo Bills invade o campo,"""Galeria de Fotografias - Streaker em jogo dos Buffalo Bills 'raça' pelo campo""",llama/prompt3,0.627644062042236
Photogallery - Streaker at Buffalo Bills game storms the field,Uma torcida selvagem irrompe no campo durante o jogo do Buffalo Bills.,A tempestade humana invadiu o gramado durante o jogo do Buffalo Bills.,gemma3/prompt4,0.647369146347045
Photogallery - Streaker at Buffalo Bills game storms the field,"Photogallery - A invasão de campo do peladão no jogo do Buffalo Bills: um raio caiu no gramado.
",Photogallery - The Streaker's Blitz at the Buffalo Bills Game: A Lightning Bolt on the Field.,gemini/prompt3,0.660804629325866
Photogallery - Streaker at Buffalo Bills game storms the field,"Photogallery - Streaker na partida do Buffalo Bills invade o gramado: Um raio caiu no campo.
",A streaker at the Buffalo Bills game: Lightning struck the field.,gemini/prompt4,0.6611863374710081
Photogallery - Streaker at Buffalo Bills game storms the field,Galeria de Fotos - Estremeiro no jogo da equipe Buffalo Bills invade o campo.,Gallery - Steamer enters the field at Buffalo Bills game.,llama/prompt1,0.6828898191452021
Photogallery - Streaker at Buffalo Bills game storms the field,Galeria de Fotos - A Corridora Surra o Campo no Jogo dos Buffalo Bills,Photo Gallery - The Runner Surroasts the Field in the Game of Buffalo Bills,qwen/prompt4,0.716651678085327
Photogallery - Streaker at Buffalo Bills game storms the field,Galeria de fotos - Peladão invade o campo no jogo do Buffalo Bills.,Photo Gallery - Streaker Takes the Field in Buffalo Bills Game.,gpt/prompt4,0.8038775324821471
Photogallery - Streaker at Buffalo Bills game storms the field,Photogallery - Streaker em Buffalo Bills jogo tempestades o campo,Photogallery - Streamer in Buffalo Bills game storms the field,marian/,0.8174946308135981
Photogallery - Streaker at Buffalo Bills game storms the field,Galeria de fotos - Ladrão de cena no jogo do Buffalo Bills invade o campo.,Photo gallery - Scene stealer in the Buffalo Bills game invades the field.,gpt/prompt2,0.820835709571838
Photogallery - Streaker at Buffalo Bills game storms the field,Galeria de fotos - Corredor invade campo em jogo do Buffalo Bills,Photo gallery - Fan runs onto field during Buffalo Bills game,gemma3/prompt1,0.8214665055274961
Photogallery - Streaker at Buffalo Bills game storms the field,Galeria de fotos - Corredor invade campo em jogo do Buffalo Bills,Photo gallery - Fan runs onto field during Buffalo Bills game,gemma3/prompt2,0.8214666247367851
Photogallery - Streaker at Buffalo Bills game storms the field,Galeria de Fotos - Corredora de Field no jogo dos Buffalo Bills invadiu o campo,Photo Gallery - The Field Runner invaded the field in the Buffalo Bills game,qwen/prompt3,0.830900907516479
Photogallery - Streaker at Buffalo Bills game storms the field,Galeria de Fotos - Invasor nu invade o gramado no jogo do Buffalo Bills.,"""Photo Gallery - A naked intruder invades the turf in the Buffalo Bills game.""",gpt/prompt3,0.834078192710876
Photogallery - Streaker at Buffalo Bills game storms the field,Galeria de Fotos - Corredor atinge o campo em jogo dos Buffalo Bills,"""Photos Gallery - Runner reaches the field in Buffalo Bills' game""",mistral/prompt2,0.8555806279182431
Photogallery - Streaker at Buffalo Bills game storms the field,Albúm fotográfico - Vistante invade o campo durante o jogo dos Buffalo Bills,"""Album Photographic - Spectator Invades the Field During the Buffalo Bills Game""",mistral/prompt3,0.8750526905059811
Photogallery - Streaker at Buffalo Bills game storms the field,Galeria de fotos - Invasor de campo no jogo do Buffalo Bills invade o gramado.,Photo Gallery - Field invader at Buffalo Bills game.,gemini/prompt2,0.884357094764709
Photogallery - Streaker at Buffalo Bills game storms the field,Galeria de fotos - Invasor no jogo do Buffalo Bills invade o campo.,Photo gallery - Invader in the Buffalo Bills game invades the field.,gpt/prompt1,0.89534991979599
Photogallery - Streaker at Buffalo Bills game storms the field,Fotogaleria - O streaker do jogo dos Buffalo Bills invade o gramado.,"""Photo Gallery - The streaker at the Buffalo Bills game invades the pitch.""",llama/prompt4,0.895862281322479
Photogallery - Streaker at Buffalo Bills game storms the field,Galeria de Fotos - A Supporter do Buffalo Bills invade o campo,Photos Gallery - A Buffalo Bills supporter invades the field,qwen/prompt2,0.9172532558441161
Photogallery - Streaker at Buffalo Bills game storms the field,"Galeria de fotos - Peladão invade o campo em jogo do Buffalo Bills.
",Photo Gallery - Streaker storms field at Buffalo Bills game.,gemini/prompt1,0.96263587474823
Photogallery - Streaker at Buffalo Bills game storms the field,Fotogaleria - Streaker invade o campo durante um jogo dos Buffalo Bills,Photogallery - Streaker invades the field during a Buffalo Bills game,gemmaX/,0.9981491565704341
