indice,dataset,tipo_label,ingles_original,melhor_trad,melhor_modelo,melhor_prompt,outro_modelo,outro_prompt,outra_trad,parascore
0,manual_data,metaforicas,crack the whip,Apurar o chicote.,gemma3,prompt4,gpt,prompt2,Estalar o chicote.,0.9252
0,manual_data,metaforicas,crack the whip,Apurar o chicote.,gemma3,prompt4,gpt,prompt4,dar a ordem,0.8427
0,manual_data,metaforicas,crack the whip,Apurar o chicote.,gemma3,prompt4,gemini,prompt2,Comandar com mão de ferro.,0.8642
0,manual_data,metaforicas,crack the whip,Apurar o chicote.,gemma3,prompt4,gemini,prompt4,Dar chicotadas.,0.9023
0,manual_data,metaforicas,crack the whip,Apurar o chicote.,gemma3,prompt4,gemma3,prompt2,"Endurecer, aplicar medidas rigorosas.",0.839
0,manual_data,metaforicas,crack the whip,Apurar o chicote.,gemma3,prompt4,gemmaX,sem_prompt,crack the whip,0.8507
1,manual_data,metaforicas,blow off steam,Desabafar,gemini,prompt4,gpt,prompt2,desabafar,0.8517
1,manual_data,metaforicas,blow off steam,Desabafar,gemini,prompt4,gpt,prompt4,dar um passeio,0.7606
1,manual_data,metaforicas,blow off steam,Desabafar,gemini,prompt4,gemini,prompt2,Desabafar,0.95
1,manual_data,metaforicas,blow off steam,Desabafar,gemini,prompt4,gemma3,prompt2,Desabafar.,0.8904
1,manual_data,metaforicas,blow off steam,Desabafar,gemini,prompt4,gemma3,prompt4,Soltar a pressão.,0.7709
1,manual_data,metaforicas,blow off steam,Desabafar,gemini,prompt4,gemmaX,sem_prompt,desabafar,0.8517
2,manual_data,metaforicas,let the cat out of the bag,Esparramar a pulga.,gemma3,prompt4,gpt,prompt2,Deixar o gato sair do saco.,0.8573
2,manual_data,metaforicas,let the cat out of the bag,Esparramar a pulga.,gemma3,prompt4,gpt,prompt4,Deixar o gato sair do saco.,0.8573
2,manual_data,metaforicas,let the cat out of the bag,Esparramar a pulga.,gemma3,prompt4,gemini,prompt2,Revelar o segredo.,0.8993
2,manual_data,metaforicas,let the cat out of the bag,Esparramar a pulga.,gemma3,prompt4,gemini,prompt4,Revelar o segredo.,0.8993
2,manual_data,metaforicas,let the cat out of the bag,Esparramar a pulga.,gemma3,prompt4,gemma3,prompt2,Revelar o segredo,0.877
2,manual_data,metaforicas,let the cat out of the bag,Esparramar a pulga.,gemma3,prompt4,gemmaX,sem_prompt,Deixe o gato sair da sacola,0.8235
6,manual_data,metaforicas,bite off more than you can chew,dar um passo maior que a perna,gpt,prompt4,gpt,prompt2,morder mais do que você pode mastigar,0.8579
6,manual_data,metaforicas,bite off more than you can chew,dar um passo maior que a perna,gpt,prompt4,gemini,prompt2,Morder mais do que pode mastigar.,0.8616
6,manual_data,metaforicas,bite off more than you can chew,dar um passo maior que a perna,gpt,prompt4,gemini,prompt4,Morder mais do que a boca.,0.8953
6,manual_data,metaforicas,bite off more than you can chew,dar um passo maior que a perna,gpt,prompt4,gemma3,prompt2,Morder mais do que se pode mastigar.,0.8637
6,manual_data,metaforicas,bite off more than you can chew,dar um passo maior que a perna,gpt,prompt4,gemma3,prompt4,Morder mais do que se pode mastigar.,0.8637
6,manual_data,metaforicas,bite off more than you can chew,dar um passo maior que a perna,gpt,prompt4,gemmaX,sem_prompt,tomar mais do que se pode mastigar,0.8466
8,manual_data,metaforicas,dime a dozen,de montão,gpt,prompt4,gpt,prompt2,dezena comum,0.8438
8,manual_data,metaforicas,dime a dozen,de montão,gpt,prompt4,gemini,prompt2,À dime a dúzia,0.835
8,manual_data,metaforicas,dime a dozen,de montão,gpt,prompt4,gemini,prompt4,À dime a dúzia.,0.8279
8,manual_data,metaforicas,dime a dozen,de montão,gpt,prompt4,gemma3,prompt2,Uma dúzia.,0.7924
8,manual_data,metaforicas,dime a dozen,de montão,gpt,prompt4,gemma3,prompt4,Um bando.,0.8284
8,manual_data,metaforicas,dime a dozen,de montão,gpt,prompt4,gemmaX,sem_prompt,uma dúzia de,0.8439
13,manual_data,metaforicas,fit as a fiddle,Em plena forma.,gemma3,prompt4,gpt,prompt2,em forma como um violino,0.8676
13,manual_data,metaforicas,fit as a fiddle,Em plena forma.,gemma3,prompt4,gpt,prompt4,Em forma de um violino.,0.9124
13,manual_data,metaforicas,fit as a fiddle,Em plena forma.,gemma3,prompt4,gemini,prompt2,Em perfeita forma.,0.9615
13,manual_data,metaforicas,fit as a fiddle,Em plena forma.,gemma3,prompt4,gemini,prompt4,Em plena forma.,0.95
13,manual_data,metaforicas,fit as a fiddle,Em plena forma.,gemma3,prompt4,gemma3,prompt2,Em ótima forma.,0.9426
13,manual_data,metaforicas,fit as a fiddle,Em plena forma.,gemma3,prompt4,gemmaX,sem_prompt,em forma como uma camurça,0.8484
15,manual_data,metaforicas,beggars can’t be choosers,"Quem não tem o que escolher, se contenta com o que tem.",gpt,prompt4,gpt,prompt2,"""Quem está em necessidade não pode escolher.""",0.8981
15,manual_data,metaforicas,beggars can’t be choosers,"Quem não tem o que escolher, se contenta com o que tem.",gpt,prompt4,gemini,prompt2,Quem pede não escolhe.,0.9414
15,manual_data,metaforicas,beggars can’t be choosers,"Quem não tem o que escolher, se contenta com o que tem.",gpt,prompt4,gemini,prompt4,"A quem não tem cão, caça com gato.",0.9131
15,manual_data,metaforicas,beggars can’t be choosers,"Quem não tem o que escolher, se contenta com o que tem.",gpt,prompt4,gemma3,prompt2,"Quem não tem com o que pagar, não escolhe.",0.9622
15,manual_data,metaforicas,beggars can’t be choosers,"Quem não tem o que escolher, se contenta com o que tem.",gpt,prompt4,gemma3,prompt4,"Quem não tem com o que barganhar, não pode reclamar.",0.9279
15,manual_data,metaforicas,beggars can’t be choosers,"Quem não tem o que escolher, se contenta com o que tem.",gpt,prompt4,gemmaX,sem_prompt,Os mendigos não podem ser exigentes,0.8496
16,manual_data,metaforicas,card up your sleeve,Trunfo na manga.,gemini,prompt4,gpt,prompt2,carta na manga,0.9351
16,manual_data,metaforicas,card up your sleeve,Trunfo na manga.,gemini,prompt4,gpt,prompt4,ter um trunfo na manga,0.9099
16,manual_data,metaforicas,card up your sleeve,Trunfo na manga.,gemini,prompt4,gemini,prompt2,Carta na manga,0.9397
16,manual_data,metaforicas,card up your sleeve,Trunfo na manga.,gemini,prompt4,gemma3,prompt2,Ter um ás na manga.,0.8895
16,manual_data,metaforicas,card up your sleeve,Trunfo na manga.,gemini,prompt4,gemma3,prompt4,Um trunfo na manga.,0.9338
16,manual_data,metaforicas,card up your sleeve,Trunfo na manga.,gemini,prompt4,gemmaX,sem_prompt,cartão na manga,0.8913
17,manual_data,metaforicas,beating around the bush,Ficar de rodeios.,gemini,prompt4,gpt,prompt2,Enrolando.,0.8648
17,manual_data,metaforicas,beating around the bush,Ficar de rodeios.,gemini,prompt4,gpt,prompt4,dar voltas em torno do assunto,0.8271
17,manual_data,metaforicas,beating around the bush,Ficar de rodeios.,gemini,prompt4,gemini,prompt2,Enrolar,0.8036
17,manual_data,metaforicas,beating around the bush,Ficar de rodeios.,gemini,prompt4,gemma3,prompt2,Enrolar a palha.,0.8464
17,manual_data,metaforicas,beating around the bush,Ficar de rodeios.,gemini,prompt4,gemma3,prompt4,Enrolar.,0.8449
17,manual_data,metaforicas,beating around the bush,Ficar de rodeios.,gemini,prompt4,gemmaX,sem_prompt,dar voltas ao assunto,0.8341
20,manual_data,metaforicas,ace up your sleeve,Ter um truque na manga.,gpt,prompt4,gpt,prompt2,ás na manga,0.8752
20,manual_data,metaforicas,ace up your sleeve,Ter um truque na manga.,gpt,prompt4,gemini,prompt2,Carta na manga,0.9166
20,manual_data,metaforicas,ace up your sleeve,Ter um truque na manga.,gpt,prompt4,gemini,prompt4,Um trunfo na manga,0.8911
20,manual_data,metaforicas,ace up your sleeve,Ter um truque na manga.,gpt,prompt4,gemma3,prompt2,Um trunfo na manga.,0.9248
20,manual_data,metaforicas,ace up your sleeve,Ter um truque na manga.,gpt,prompt4,gemma3,prompt4,Uma carta na manga.,0.9392
20,manual_data,metaforicas,ace up your sleeve,Ter um truque na manga.,gpt,prompt4,gemmaX,sem_prompt,um trunfo na manga,0.9078
25,manual_data,metaforicas,easy as pie,Moleza.,gemini,prompt4,gpt,prompt2,fácil como pãozinho,0.7599
25,manual_data,metaforicas,easy as pie,Moleza.,gemini,prompt4,gpt,prompt4,fácil como um passeio no parque,0.76
25,manual_data,metaforicas,easy as pie,Moleza.,gemini,prompt4,gemini,prompt2,Fácil como uma torta.,0.8071
25,manual_data,metaforicas,easy as pie,Moleza.,gemini,prompt4,gemma3,prompt2,Fácil como descascar uma laranja.,0.8082
25,manual_data,metaforicas,easy as pie,Moleza.,gemini,prompt4,gemma3,prompt4,Fácil como descascar uma laranja.,0.8082
25,manual_data,metaforicas,easy as pie,Moleza.,gemini,prompt4,gemmaX,sem_prompt,fácil como a torta,0.7668
26,manual_data,metaforicas,blind as a bat,Ir para o beleléu.,gemma3,prompt4,gpt,prompt2,cego como um morcego,0.8386
26,manual_data,metaforicas,blind as a bat,Ir para o beleléu.,gemma3,prompt4,gpt,prompt4,cego como um morcego,0.8386
26,manual_data,metaforicas,blind as a bat,Ir para o beleléu.,gemma3,prompt4,gemini,prompt2,Cego como um morcego,0.8311
26,manual_data,metaforicas,blind as a bat,Ir para o beleléu.,gemma3,prompt4,gemini,prompt4,Cego como um morcego.,0.8576
26,manual_data,metaforicas,blind as a bat,Ir para o beleléu.,gemma3,prompt4,gemma3,prompt2,Cego como um morcego.,0.8576
26,manual_data,metaforicas,blind as a bat,Ir para o beleléu.,gemma3,prompt4,gemmaX,sem_prompt,Cego como um morcego,0.8311
30,manual_data,metaforicas,a chip on your shoulder,Uma brasa acesa.,gemma3,prompt4,gpt,prompt2,Um complexo de inferioridade.,0.8801
30,manual_data,metaforicas,a chip on your shoulder,Uma brasa acesa.,gemma3,prompt4,gpt,prompt4,estar com um peso na consciência,0.8425
30,manual_data,metaforicas,a chip on your shoulder,Uma brasa acesa.,gemma3,prompt4,gemini,prompt2,Rancor.,0.9497
30,manual_data,metaforicas,a chip on your shoulder,Uma brasa acesa.,gemma3,prompt4,gemini,prompt4,Estar com a pulga atrás da orelha.,0.8632
30,manual_data,metaforicas,a chip on your shoulder,Uma brasa acesa.,gemma3,prompt4,gemma3,prompt2,Um rancor no coração.,0.8803
30,manual_data,metaforicas,a chip on your shoulder,Uma brasa acesa.,gemma3,prompt4,gemmaX,sem_prompt,um chip no seu ombro,0.8593
31,manual_data,metaforicas,close to my heart,No âmago do meu ser.,gemma3,prompt4,gpt,prompt2,perto do meu coração,0.8908
31,manual_data,metaforicas,close to my heart,No âmago do meu ser.,gemma3,prompt4,gpt,prompt4,Perto do meu coração.,0.9062
31,manual_data,metaforicas,close to my heart,No âmago do meu ser.,gemma3,prompt4,gemini,prompt2,Perto do meu coração.,0.9062
31,manual_data,metaforicas,close to my heart,No âmago do meu ser.,gemma3,prompt4,gemini,prompt4,Perto do meu coração.,0.9062
31,manual_data,metaforicas,close to my heart,No âmago do meu ser.,gemma3,prompt4,gemma3,prompt2,Perto do meu coração.,0.9062
31,manual_data,metaforicas,close to my heart,No âmago do meu ser.,gemma3,prompt4,gemmaX,sem_prompt,perto do meu coração,0.8908
33,manual_data,metaforicas,get the show on the road,Botar a mão na massa!,gemini,prompt4,gpt,prompt2,Colocar o espetáculo na estrada.,0.8811
33,manual_data,metaforicas,get the show on the road,Botar a mão na massa!,gemini,prompt4,gpt,prompt4,colocar a mão na massa,0.9306
33,manual_data,metaforicas,get the show on the road,Botar a mão na massa!,gemini,prompt4,gemini,prompt2,Começar o show.,0.862
33,manual_data,metaforicas,get the show on the road,Botar a mão na massa!,gemini,prompt4,gemma3,prompt2,Vamos começar!,0.944
33,manual_data,metaforicas,get the show on the road,Botar a mão na massa!,gemini,prompt4,gemma3,prompt4,Que comece a festa!,0.8526
33,manual_data,metaforicas,get the show on the road,Botar a mão na massa!,gemini,prompt4,gemmaX,sem_prompt,começar o espetáculo,0.8539
40,manual_data,metaforicas,falling through the cracks,ficar à margem,gpt,prompt4,gpt,prompt2,caindo entre as fendas,0.8235
40,manual_data,metaforicas,falling through the cracks,ficar à margem,gpt,prompt4,gemini,prompt2,Caindo pelas frestas,0.8467
40,manual_data,metaforicas,falling through the cracks,ficar à margem,gpt,prompt4,gemini,prompt4,Cair no esquecimento.,0.8645
40,manual_data,metaforicas,falling through the cracks,ficar à margem,gpt,prompt4,gemma3,prompt2,Caindo entre as frestas,0.8208
40,manual_data,metaforicas,falling through the cracks,ficar à margem,gpt,prompt4,gemma3,prompt4,Escorregando pelas frestas.,0.8313
40,manual_data,metaforicas,falling through the cracks,ficar à margem,gpt,prompt4,gemmaX,sem_prompt,caindo nas rachaduras,0.8169
45,manual_data,metaforicas,spill the beans,Abrir o bico,gemini,prompt4,gpt,prompt2,revelar o segredo,0.8098
45,manual_data,metaforicas,spill the beans,Abrir o bico,gemini,prompt4,gpt,prompt4,revelar o jogo.,0.8133
45,manual_data,metaforicas,spill the beans,Abrir o bico,gemini,prompt4,gemini,prompt2,Contar tudo,0.7827
45,manual_data,metaforicas,spill the beans,Abrir o bico,gemini,prompt4,gemma3,prompt2,Contar tudo.,0.7895
45,manual_data,metaforicas,spill the beans,Abrir o bico,gemini,prompt4,gemma3,prompt4,Soltar a língua.,0.7926
45,manual_data,metaforicas,spill the beans,Abrir o bico,gemini,prompt4,gemmaX,sem_prompt,derramar os segredos,0.8037
48,manual_data,metaforicas,as bold as brass,destemido,gpt,prompt4,gpt,prompt2,tão ousado quanto um latão,0.8036
48,manual_data,metaforicas,as bold as brass,destemido,gpt,prompt4,gemini,prompt2,Descarado como o latão.,0.8204
48,manual_data,metaforicas,as bold as brass,destemido,gpt,prompt4,gemini,prompt4,Descarado como uma porta.,0.818
48,manual_data,metaforicas,as bold as brass,destemido,gpt,prompt4,gemma3,prompt2,Descarado como ninguém,0.8277
48,manual_data,metaforicas,as bold as brass,destemido,gpt,prompt4,gemma3,prompt4,Arrogante como um rei.,0.8314
48,manual_data,metaforicas,as bold as brass,destemido,gpt,prompt4,gemmaX,sem_prompt,tão descarado quanto o bronze,0.8536
49,manual_data,metaforicas,close to the vest,jogar as cartas na mesa,gpt,prompt4,gpt,prompt2,próximo ao colete,0.8741
49,manual_data,metaforicas,close to the vest,jogar as cartas na mesa,gpt,prompt4,gemini,prompt2,Guardar segredo.,0.8447
49,manual_data,metaforicas,close to the vest,jogar as cartas na mesa,gpt,prompt4,gemini,prompt4,Guardar segredo.,0.8447
49,manual_data,metaforicas,close to the vest,jogar as cartas na mesa,gpt,prompt4,gemma3,prompt2,Em segredo.,0.8355
49,manual_data,metaforicas,close to the vest,jogar as cartas na mesa,gpt,prompt4,gemma3,prompt4,Sob segredo absoluto.,0.827
49,manual_data,metaforicas,close to the vest,jogar as cartas na mesa,gpt,prompt4,gemmaX,sem_prompt,perto do colete,0.8778
50,manual_data,metaforicas,blood is thicker than water,Sangue do meu sangue.,gemini,prompt4,gpt,prompt2,sangue é mais espesso que água,0.8566
50,manual_data,metaforicas,blood is thicker than water,Sangue do meu sangue.,gemini,prompt4,gpt,prompt4,Sangue bom não se esquece.,0.8887
50,manual_data,metaforicas,blood is thicker than water,Sangue do meu sangue.,gemini,prompt4,gemini,prompt2,Sangue do meu sangue.,0.95
50,manual_data,metaforicas,blood is thicker than water,Sangue do meu sangue.,gemini,prompt4,gemma3,prompt2,O sangue é mais grosso que a água.,0.8819
50,manual_data,metaforicas,blood is thicker than water,Sangue do meu sangue.,gemini,prompt4,gemma3,prompt4,Laços de sangue são mais fortes que laços de água.,0.8679
50,manual_data,metaforicas,blood is thicker than water,Sangue do meu sangue.,gemini,prompt4,gemmaX,sem_prompt,O sangue é mais espesso do que a água,0.8693
53,manual_data,metaforicas,as right as rain,Em dia.,gemini,prompt4,gpt,prompt2,tudo certo,0.8511
53,manual_data,metaforicas,as right as rain,Em dia.,gemini,prompt4,gpt,prompt4,tudo em cima,0.8894
53,manual_data,metaforicas,as right as rain,Em dia.,gemini,prompt4,gemini,prompt2,Em perfeita ordem,0.8576
53,manual_data,metaforicas,as right as rain,Em dia.,gemini,prompt4,gemma3,prompt2,De volta à forma.,0.8603
53,manual_data,metaforicas,as right as rain,Em dia.,gemini,prompt4,gemma3,prompt4,Na hora certa.,0.8507
53,manual_data,metaforicas,as right as rain,Em dia.,gemini,prompt4,gemmaX,sem_prompt,como se estivesse tudo bem,0.7815
59,manual_data,metaforicas,devil's advocate,Defender o indefensável.,gemma3,prompt4,gpt,prompt2,advogado do diabo,0.8429
59,manual_data,metaforicas,devil's advocate,Defender o indefensável.,gemma3,prompt4,gpt,prompt4,advogado do diabo,0.8429
59,manual_data,metaforicas,devil's advocate,Defender o indefensável.,gemma3,prompt4,gemini,prompt2,Advogado do diabo,0.7929
59,manual_data,metaforicas,devil's advocate,Defender o indefensável.,gemma3,prompt4,gemini,prompt4,Advogado do Diabo.,0.8552
59,manual_data,metaforicas,devil's advocate,Defender o indefensável.,gemma3,prompt4,gemma3,prompt2,Defensor do diabo,0.8292
59,manual_data,metaforicas,devil's advocate,Defender o indefensável.,gemma3,prompt4,gemmaX,sem_prompt,advogado do diabo,0.8429
66,manual_data,metaforicas,as easy as pie,Esticar o macarrão.,gemma3,prompt4,gpt,prompt2,tão fácil quanto uma torta,0.8228
66,manual_data,metaforicas,as easy as pie,Esticar o macarrão.,gemma3,prompt4,gpt,prompt4,fácil como um bolo.,0.8813
66,manual_data,metaforicas,as easy as pie,Esticar o macarrão.,gemma3,prompt4,gemini,prompt2,Tão fácil quanto uma torta.,0.8579
66,manual_data,metaforicas,as easy as pie,Esticar o macarrão.,gemma3,prompt4,gemini,prompt4,Moleza.,0.8595
66,manual_data,metaforicas,as easy as pie,Esticar o macarrão.,gemma3,prompt4,gemma3,prompt2,Fácil como descascar uma laranja.,0.8657
66,manual_data,metaforicas,as easy as pie,Esticar o macarrão.,gemma3,prompt4,gemmaX,sem_prompt,tão fácil quanto a torta,0.8419
70,manual_data,metaforicas,blown out of the water,Afundado sem chance.,gemma3,prompt4,gpt,prompt2,soprados para fora da água,0.8466
70,manual_data,metaforicas,blown out of the water,Afundado sem chance.,gemma3,prompt4,gpt,prompt4,derrubado do pedestal,0.8678
70,manual_data,metaforicas,blown out of the water,Afundado sem chance.,gemma3,prompt4,gemini,prompt2,Superado completamente,0.8689
70,manual_data,metaforicas,blown out of the water,Afundado sem chance.,gemma3,prompt4,gemini,prompt4,Afogado em argumentos.,0.895
70,manual_data,metaforicas,blown out of the water,Afundado sem chance.,gemma3,prompt4,gemma3,prompt2,Deixado para trás.,0.8681
70,manual_data,metaforicas,blown out of the water,Afundado sem chance.,gemma3,prompt4,gemmaX,sem_prompt,expulsado da água,0.8744
76,manual_data,metaforicas,early bird catches the worm,"Quem madruga, Deus ajuda.",gpt,prompt4,gpt,prompt2,"""Deus ajuda quem cedo madruga.""",0.8708
76,manual_data,metaforicas,early bird catches the worm,"Quem madruga, Deus ajuda.",gpt,prompt4,gemini,prompt2,Deus ajuda quem cedo madruga.,0.9228
76,manual_data,metaforicas,early bird catches the worm,"Quem madruga, Deus ajuda.",gpt,prompt4,gemini,prompt4,Deus ajuda quem cedo madruga.,0.9228
76,manual_data,metaforicas,early bird catches the worm,"Quem madruga, Deus ajuda.",gpt,prompt4,gemma3,prompt2,"Quem madruga, Deus ajuda.",0.95
76,manual_data,metaforicas,early bird catches the worm,"Quem madruga, Deus ajuda.",gpt,prompt4,gemma3,prompt4,"Quem cedo madruga, faz o dia.",0.9053
76,manual_data,metaforicas,early bird catches the worm,"Quem madruga, Deus ajuda.",gpt,prompt4,gemmaX,sem_prompt,o pássaro que acorda mais cedo pega o verme,0.7968
78,manual_data,metaforicas,bleeding heart,Coração mole.,gemini,prompt4,gpt,prompt2,coração sangrante,0.8575
78,manual_data,metaforicas,bleeding heart,Coração mole.,gemini,prompt4,gpt,prompt4,coração sensível,0.8741
78,manual_data,metaforicas,bleeding heart,Coração mole.,gemini,prompt4,gemini,prompt2,Coração mole,0.9169
78,manual_data,metaforicas,bleeding heart,Coração mole.,gemini,prompt4,gemma3,prompt2,Coração mole.,0.95
78,manual_data,metaforicas,bleeding heart,Coração mole.,gemini,prompt4,gemma3,prompt4,Coração mole.,0.95
78,manual_data,metaforicas,bleeding heart,Coração mole.,gemini,prompt4,gemmaX,sem_prompt,coração sangrento,0.8546
90,manual_data,metaforicas,in hot water,Estar em maus lençóis.,gemini,prompt4,gpt,prompt2,em apuros,0.8606
90,manual_data,metaforicas,in hot water,Estar em maus lençóis.,gemini,prompt4,gpt,prompt4,em apuros,0.8606
90,manual_data,metaforicas,in hot water,Estar em maus lençóis.,gemini,prompt4,gemini,prompt2,Em maus lençóis,0.9511
90,manual_data,metaforicas,in hot water,Estar em maus lençóis.,gemini,prompt4,gemma3,prompt2,Em apuros,0.8277
90,manual_data,metaforicas,in hot water,Estar em maus lençóis.,gemini,prompt4,gemma3,prompt4,Em apuros.,0.904
90,manual_data,metaforicas,in hot water,Estar em maus lençóis.,gemini,prompt4,gemmaX,sem_prompt,em água quente,0.8298
92,manual_data,metaforicas,beat a dead horse,bater na mesma tecla,gpt,prompt4,gpt,prompt2,bater em um cavalo morto,0.8955
92,manual_data,metaforicas,beat a dead horse,bater na mesma tecla,gpt,prompt4,gemini,prompt2,Bater em cachorro morto.,0.8745
92,manual_data,metaforicas,beat a dead horse,bater na mesma tecla,gpt,prompt4,gemini,prompt4,Bater em cachorro morto.,0.8745
92,manual_data,metaforicas,beat a dead horse,bater na mesma tecla,gpt,prompt4,gemma3,prompt2,Bater em um cavalo morto.,0.8778
92,manual_data,metaforicas,beat a dead horse,bater na mesma tecla,gpt,prompt4,gemma3,prompt4,Ficar insistindo no mesmo assunto.,0.86
92,manual_data,metaforicas,beat a dead horse,bater na mesma tecla,gpt,prompt4,gemmaX,sem_prompt,bater num cavalo morto,0.8766
93,manual_data,metaforicas,blind alley,Saída sem saída.,gemini,prompt4,gpt,prompt2,saco sem saída,0.9184
93,manual_data,metaforicas,blind alley,Saída sem saída.,gemini,prompt4,gpt,prompt4,beco sem saída,0.8989
93,manual_data,metaforicas,blind alley,Saída sem saída.,gemini,prompt4,gemini,prompt2,Beco sem saída,0.9247
93,manual_data,metaforicas,blind alley,Saída sem saída.,gemini,prompt4,gemma3,prompt2,Rua sem saída,0.9406
93,manual_data,metaforicas,blind alley,Saída sem saída.,gemini,prompt4,gemma3,prompt4,Rua sem saída.,0.9457
93,manual_data,metaforicas,blind alley,Saída sem saída.,gemini,prompt4,gemmaX,sem_prompt,beco sem saída,0.8989
94,manual_data,metaforicas,cutting corners,Fazer gambiarras.,gemma3,prompt4,gpt,prompt2,"""fazer as coisas pela metade""",0.849
94,manual_data,metaforicas,cutting corners,Fazer gambiarras.,gemma3,prompt4,gpt,prompt4,cortar caminhos,0.854
94,manual_data,metaforicas,cutting corners,Fazer gambiarras.,gemma3,prompt4,gemini,prompt2,Fazer as coisas pela metade,0.8422
94,manual_data,metaforicas,cutting corners,Fazer gambiarras.,gemma3,prompt4,gemini,prompt4,Fazer gato e sapato.,0.9055
94,manual_data,metaforicas,cutting corners,Fazer gambiarras.,gemma3,prompt4,gemma3,prompt2,Fazer porcaria/mal feito/de qualquer jeito.,0.8492
94,manual_data,metaforicas,cutting corners,Fazer gambiarras.,gemma3,prompt4,gemmaX,sem_prompt,cortar cantos,0.8574
95,manual_data,metaforicas,actions speak louder than words,A prática é a prova.,gemini,prompt4,gpt,prompt2,Ações falam mais alto que palavras.,0.858
95,manual_data,metaforicas,actions speak louder than words,A prática é a prova.,gemini,prompt4,gpt,prompt4,Ações falam mais alto que palavras.,0.858
95,manual_data,metaforicas,actions speak louder than words,A prática é a prova.,gemini,prompt4,gemini,prompt2,Ações valem mais que palavras.,0.8745
95,manual_data,metaforicas,actions speak louder than words,A prática é a prova.,gemini,prompt4,gemma3,prompt2,As ações falam mais alto que as palavras.,0.8878
95,manual_data,metaforicas,actions speak louder than words,A prática é a prova.,gemini,prompt4,gemma3,prompt4,As ações valem mais que as palavras.,0.898
95,manual_data,metaforicas,actions speak louder than words,A prática é a prova.,gemini,prompt4,gemmaX,sem_prompt,as ações falam mais alto do que as palavras,0.8595
96,manual_data,metaforicas,chip on the shoulder,Ter uma brasa acesa.,gemma3,prompt4,gpt,prompt2,"""mau humor""",0.8224
96,manual_data,metaforicas,chip on the shoulder,Ter uma brasa acesa.,gemma3,prompt4,gpt,prompt4,ter um complexo de vítima,0.8864
96,manual_data,metaforicas,chip on the shoulder,Ter uma brasa acesa.,gemma3,prompt4,gemini,prompt2,Rancor,0.8891
96,manual_data,metaforicas,chip on the shoulder,Ter uma brasa acesa.,gemma3,prompt4,gemini,prompt4,Complexo de inferioridade.,0.8978
96,manual_data,metaforicas,chip on the shoulder,Ter uma brasa acesa.,gemma3,prompt4,gemma3,prompt2,Ranço.,0.8848
96,manual_data,metaforicas,chip on the shoulder,Ter uma brasa acesa.,gemma3,prompt4,gemmaX,sem_prompt,chip no ombro,0.8326
111,manual_data,metaforicas,give someone a run for their money,Dar trabalho para os ossos.,gemma3,prompt4,gpt,prompt2,dar trabalho para alguém,0.9429
111,manual_data,metaforicas,give someone a run for their money,Dar trabalho para os ossos.,gemma3,prompt4,gpt,prompt4,dar trabalho a alguém,0.8978
111,manual_data,metaforicas,give someone a run for their money,Dar trabalho para os ossos.,gemma3,prompt4,gemini,prompt2,Dar trabalho a alguém.,0.9426
111,manual_data,metaforicas,give someone a run for their money,Dar trabalho para os ossos.,gemma3,prompt4,gemini,prompt4,Dar trabalho.,0.977
111,manual_data,metaforicas,give someone a run for their money,Dar trabalho para os ossos.,gemma3,prompt4,gemma3,prompt2,Dar trabalho a alguém.,0.9426
111,manual_data,metaforicas,give someone a run for their money,Dar trabalho para os ossos.,gemma3,prompt4,gemmaX,sem_prompt,dar a alguém uma corrida pelo seu dinheiro,0.8753
113,manual_data,metaforicas,barking up the wrong tree,Estar no lugar errado.,gemma3,prompt4,gpt,prompt2,Batendo na árvore errada.,0.9167
113,manual_data,metaforicas,barking up the wrong tree,Estar no lugar errado.,gemma3,prompt4,gpt,prompt4,Estar no caminho errado.,0.9661
113,manual_data,metaforicas,barking up the wrong tree,Estar no lugar errado.,gemma3,prompt4,gemini,prompt2,Estar a bater na porta errada.,0.9233
113,manual_data,metaforicas,barking up the wrong tree,Estar no lugar errado.,gemma3,prompt4,gemini,prompt4,Cachorro que late para a árvore errada.,0.8743
113,manual_data,metaforicas,barking up the wrong tree,Estar no lugar errado.,gemma3,prompt4,gemma3,prompt2,Estar a perseguir uma pista errada.,0.914
113,manual_data,metaforicas,barking up the wrong tree,Estar no lugar errado.,gemma3,prompt4,gemmaX,sem_prompt,barking up the wrong tree,0.8352
116,manual_data,metaforicas,"blood, sweat, and tears","Lágrimas, suor e sangue.",gemma3,prompt4,gpt,prompt2,"sangue, suor e lágrimas",0.971
116,manual_data,metaforicas,"blood, sweat, and tears","Lágrimas, suor e sangue.",gemma3,prompt4,gpt,prompt4,"sangue, suor e lágrimas",0.971
116,manual_data,metaforicas,"blood, sweat, and tears","Lágrimas, suor e sangue.",gemma3,prompt4,gemini,prompt2,"Sangue, suor e lágrimas",0.9385
116,manual_data,metaforicas,"blood, sweat, and tears","Lágrimas, suor e sangue.",gemma3,prompt4,gemini,prompt4,"Sangue, suor e lágrimas.",0.9536
116,manual_data,metaforicas,"blood, sweat, and tears","Lágrimas, suor e sangue.",gemma3,prompt4,gemma3,prompt2,"Sangue, suor e lágrimas.",0.9536
116,manual_data,metaforicas,"blood, sweat, and tears","Lágrimas, suor e sangue.",gemma3,prompt4,gemmaX,sem_prompt,"sangue, suor e lágrimas",0.971
117,manual_data,metaforicas,going down in flames,Réu de fulgor.,gemma3,prompt4,gpt,prompt2,indo para o fundo em chamas,0.8373
117,manual_data,metaforicas,going down in flames,Réu de fulgor.,gemma3,prompt4,gpt,prompt4,ir pro chão em chamas,0.8158
117,manual_data,metaforicas,going down in flames,Réu de fulgor.,gemma3,prompt4,gemini,prompt2,Indo para o fundo em chamas,0.8439
117,manual_data,metaforicas,going down in flames,Réu de fulgor.,gemma3,prompt4,gemini,prompt4,Ir pelos ares.,0.8644
117,manual_data,metaforicas,going down in flames,Réu de fulgor.,gemma3,prompt4,gemma3,prompt2,Caindo em chamas,0.8524
117,manual_data,metaforicas,going down in flames,Réu de fulgor.,gemma3,prompt4,gemmaX,sem_prompt,indo para as chamas,0.8367
118,manual_data,metaforicas,break a leg,Arrase!,gemma3,prompt4,gpt,prompt2,Quebre a perna.,0.8452
118,manual_data,metaforicas,break a leg,Arrase!,gemma3,prompt4,gpt,prompt4,Quebrar a perna.,0.8427
118,manual_data,metaforicas,break a leg,Arrase!,gemma3,prompt4,gemini,prompt2,Boa sorte!,0.8756
118,manual_data,metaforicas,break a leg,Arrase!,gemma3,prompt4,gemini,prompt4,Boa sorte!,0.8756
118,manual_data,metaforicas,break a leg,Arrase!,gemma3,prompt4,gemma3,prompt2,Boa sorte!,0.8756
118,manual_data,metaforicas,break a leg,Arrase!,gemma3,prompt4,gemmaX,sem_prompt,Quebrar uma perna,0.8303
120,manual_data,metaforicas,change of tune,mudança de tom,gpt,prompt4,gpt,prompt2,mudança de tom,0.95
120,manual_data,metaforicas,change of tune,mudança de tom,gpt,prompt4,gemini,prompt2,Mudança de tom,0.8892
120,manual_data,metaforicas,change of tune,mudança de tom,gpt,prompt4,gemini,prompt4,Mudar o disco.,0.8365
120,manual_data,metaforicas,change of tune,mudança de tom,gpt,prompt4,gemma3,prompt2,Mudança de opinião.,0.8816
120,manual_data,metaforicas,change of tune,mudança de tom,gpt,prompt4,gemma3,prompt4,Mudar de tom.,0.875
120,manual_data,metaforicas,change of tune,mudança de tom,gpt,prompt4,gemmaX,sem_prompt,mudança de tom,0.95
121,manual_data,metaforicas,paint the town red,Arrasar na noite.,gemini,prompt4,gpt,prompt2,pintar a cidade de vermelho,0.8651
121,manual_data,metaforicas,paint the town red,Arrasar na noite.,gemini,prompt4,gpt,prompt4,fazer a festa,0.8912
121,manual_data,metaforicas,paint the town red,Arrasar na noite.,gemini,prompt4,gemini,prompt2,Tornar a noite agitada,0.9046
121,manual_data,metaforicas,paint the town red,Arrasar na noite.,gemini,prompt4,gemma3,prompt2,Fazer a noite toda.,0.929
121,manual_data,metaforicas,paint the town red,Arrasar na noite.,gemini,prompt4,gemma3,prompt4,Botar a casa pra queimar.,0.8793
121,manual_data,metaforicas,paint the town red,Arrasar na noite.,gemini,prompt4,gemmaX,sem_prompt,pinte a cidade de vermelho,0.865
123,manual_data,metaforicas,burning the midnight oil,Queimar a olheira.,gemma3,prompt4,gpt,prompt2,queimar o óleo da meia-noite,0.8685
123,manual_data,metaforicas,burning the midnight oil,Queimar a olheira.,gemma3,prompt4,gpt,prompt4,Queimar a pestana.,0.926
123,manual_data,metaforicas,burning the midnight oil,Queimar a olheira.,gemma3,prompt4,gemini,prompt2,Queimando pestana,0.8384
123,manual_data,metaforicas,burning the midnight oil,Queimar a olheira.,gemma3,prompt4,gemini,prompt4,Queimar pestana.,0.9029
123,manual_data,metaforicas,burning the midnight oil,Queimar a olheira.,gemma3,prompt4,gemma3,prompt2,Queimando a madruga.,0.9154
123,manual_data,metaforicas,burning the midnight oil,Queimar a olheira.,gemma3,prompt4,gemmaX,sem_prompt,queimar a meia-noite,0.886
124,manual_data,metaforicas,come out of the woodwork,surgir do nada,gpt,prompt4,gpt,prompt2,aparecer do nada,0.9942
124,manual_data,metaforicas,come out of the woodwork,surgir do nada,gpt,prompt4,gemini,prompt2,Aparecer do nada.,0.8738
124,manual_data,metaforicas,come out of the woodwork,surgir do nada,gpt,prompt4,gemini,prompt4,Sair da toca,0.848
124,manual_data,metaforicas,come out of the woodwork,surgir do nada,gpt,prompt4,gemma3,prompt2,Sair dos armários.,0.8246
124,manual_data,metaforicas,come out of the woodwork,surgir do nada,gpt,prompt4,gemma3,prompt4,Sair das sombras.,0.7945
124,manual_data,metaforicas,come out of the woodwork,surgir do nada,gpt,prompt4,gemmaX,sem_prompt,sair do armário,0.8112
129,manual_data,metaforicas,arm and a leg,Ver o sono eterno.,gemma3,prompt4,gpt,prompt2,Um braço e uma perna.,0.8737
129,manual_data,metaforicas,arm and a leg,Ver o sono eterno.,gemma3,prompt4,gpt,prompt4,custo de um olho da cara,0.8492
129,manual_data,metaforicas,arm and a leg,Ver o sono eterno.,gemma3,prompt4,gemini,prompt2,Um braço e uma perna,0.8499
129,manual_data,metaforicas,arm and a leg,Ver o sono eterno.,gemma3,prompt4,gemini,prompt4,Um rim e um figado,0.8459
129,manual_data,metaforicas,arm and a leg,Ver o sono eterno.,gemma3,prompt4,gemma3,prompt2,Um braço e uma perna.,0.8737
129,manual_data,metaforicas,arm and a leg,Ver o sono eterno.,gemma3,prompt4,gemmaX,sem_prompt,um braço e uma perna,0.8309
130,manual_data,metaforicas,as hungry as a wolf,Faminto como um lobo.,gemini,prompt4,gpt,prompt2,tão faminto quanto um lobo,0.9247
130,manual_data,metaforicas,as hungry as a wolf,Faminto como um lobo.,gemini,prompt4,gpt,prompt4,faminto como um lobo,0.9203
130,manual_data,metaforicas,as hungry as a wolf,Faminto como um lobo.,gemini,prompt4,gemini,prompt2,Faminto como um lobo.,0.95
130,manual_data,metaforicas,as hungry as a wolf,Faminto como um lobo.,gemini,prompt4,gemma3,prompt2,Faminto como um lobo.,0.95
130,manual_data,metaforicas,as hungry as a wolf,Faminto como um lobo.,gemini,prompt4,gemma3,prompt4,Faminto como um lobo.,0.95
130,manual_data,metaforicas,as hungry as a wolf,Faminto como um lobo.,gemini,prompt4,gemmaX,sem_prompt,com fome como um lobo,0.9136
132,manual_data,metaforicas,blow a fuse,Pirar a cabeça,gemini,prompt4,gpt,prompt2,Quebrar a energia.,0.8858
132,manual_data,metaforicas,blow a fuse,Pirar a cabeça,gemini,prompt4,gpt,prompt4,perder a cabeça,0.9401
132,manual_data,metaforicas,blow a fuse,Pirar a cabeça,gemini,prompt4,gemini,prompt2,Ficar furioso,0.859
132,manual_data,metaforicas,blow a fuse,Pirar a cabeça,gemini,prompt4,gemma3,prompt2,Pifar.,0.8236
132,manual_data,metaforicas,blow a fuse,Pirar a cabeça,gemini,prompt4,gemma3,prompt4,Pirar a cabeça.,0.8946
132,manual_data,metaforicas,blow a fuse,Pirar a cabeça,gemini,prompt4,gemmaX,sem_prompt,queimar um fusível,0.834
134,manual_data,metaforicas,bend over backwards,dar o máximo de si,gpt,prompt4,gpt,prompt2,fazer de tudo,0.8823
134,manual_data,metaforicas,bend over backwards,dar o máximo de si,gpt,prompt4,gemini,prompt2,Se esforçar ao máximo,0.835
134,manual_data,metaforicas,bend over backwards,dar o máximo de si,gpt,prompt4,gemini,prompt4,Se desdobrar em mil pedaços.,0.823
134,manual_data,metaforicas,bend over backwards,dar o máximo de si,gpt,prompt4,gemma3,prompt2,Fazer o possível e o impossível.,0.8541
134,manual_data,metaforicas,bend over backwards,dar o máximo de si,gpt,prompt4,gemma3,prompt4,Virar o mundo de cabeça para baixo.,0.8298
134,manual_data,metaforicas,bend over backwards,dar o máximo de si,gpt,prompt4,gemmaX,sem_prompt,fazer o impossível,0.8952
135,manual_data,metaforicas,any port in a storm,Qualquer porto é um abrigo.,gemma3,prompt4,gpt,prompt2,"""Qualquer porto em uma tempestade.""",0.8795
135,manual_data,metaforicas,any port in a storm,Qualquer porto é um abrigo.,gemma3,prompt4,gpt,prompt4,qualquer porto em uma tempestade,0.9087
135,manual_data,metaforicas,any port in a storm,Qualquer porto é um abrigo.,gemma3,prompt4,gemini,prompt2,Qualquer porto em tempestade.,0.9345
135,manual_data,metaforicas,any port in a storm,Qualquer porto é um abrigo.,gemma3,prompt4,gemini,prompt4,Qualquer abrigo é bom em tempo de tormenta.,0.9234
135,manual_data,metaforicas,any port in a storm,Qualquer porto é um abrigo.,gemma3,prompt4,gemma3,prompt2,Qualquer porto seguro em tempestade.,0.9229
135,manual_data,metaforicas,any port in a storm,Qualquer porto é um abrigo.,gemma3,prompt4,gemmaX,sem_prompt,qualquer porto numa tempestade,0.9012
137,manual_data,metaforicas,bare bones,Entendido.,gemma3,prompt4,gpt,prompt2,esqueleto básico,0.8035
137,manual_data,metaforicas,bare bones,Entendido.,gemma3,prompt4,gpt,prompt4,osso do ofício,0.8082
137,manual_data,metaforicas,bare bones,Entendido.,gemma3,prompt4,gemini,prompt2,O essencial,0.8329
137,manual_data,metaforicas,bare bones,Entendido.,gemma3,prompt4,gemini,prompt4,Os ossos do ofício.,0.8346
137,manual_data,metaforicas,bare bones,Entendido.,gemma3,prompt4,gemma3,prompt2,No essencial.,0.8798
137,manual_data,metaforicas,bare bones,Entendido.,gemma3,prompt4,gemmaX,sem_prompt,bare bones,0.7757
138,manual_data,metaforicas,bottom of the totem pole,A base da hierarquia.,gemma3,prompt4,gpt,prompt2,fundo da hierarquia,0.9517
138,manual_data,metaforicas,bottom of the totem pole,A base da hierarquia.,gemma3,prompt4,gpt,prompt4,no fundo da hierarquia,0.9414
138,manual_data,metaforicas,bottom of the totem pole,A base da hierarquia.,gemma3,prompt4,gemini,prompt2,No fim da hierarquia.,0.9444
138,manual_data,metaforicas,bottom of the totem pole,A base da hierarquia.,gemma3,prompt4,gemini,prompt4,No fim da fila.,0.8922
138,manual_data,metaforicas,bottom of the totem pole,A base da hierarquia.,gemma3,prompt4,gemma3,prompt2,A base da hierarquia.,0.95
138,manual_data,metaforicas,bottom of the totem pole,A base da hierarquia.,gemma3,prompt4,gemmaX,sem_prompt,parte inferior do totem,0.8201
140,manual_data,metaforicas,chomping at the bit,Mordendo as cordas.,gemma3,prompt4,gpt,prompt2,ansioso para começar,0.8276
140,manual_data,metaforicas,chomping at the bit,Mordendo as cordas.,gemma3,prompt4,gpt,prompt4,ansioso para agir,0.82
140,manual_data,metaforicas,chomping at the bit,Mordendo as cordas.,gemma3,prompt4,gemini,prompt2,Morrendo de vontade,0.8922
140,manual_data,metaforicas,chomping at the bit,Mordendo as cordas.,gemma3,prompt4,gemini,prompt4,Roendo as unhas.,0.9438
140,manual_data,metaforicas,chomping at the bit,Mordendo as cordas.,gemma3,prompt4,gemma3,prompt2,Mordendo as pontas dos dedos.,0.9404
140,manual_data,metaforicas,chomping at the bit,Mordendo as cordas.,gemma3,prompt4,gemmaX,sem_prompt,comendo a isca,0.8858
141,manual_data,metaforicas,on cloud nine,Nas nuvens.,gemini,prompt4,gpt,prompt2,nas nuvens,0.94
141,manual_data,metaforicas,on cloud nine,Nas nuvens.,gemini,prompt4,gpt,prompt4,nas nuvens,0.94
141,manual_data,metaforicas,on cloud nine,Nas nuvens.,gemini,prompt4,gemini,prompt2,Nas nuvens,0.9207
141,manual_data,metaforicas,on cloud nine,Nas nuvens.,gemini,prompt4,gemma3,prompt2,Nas nuvens.,0.95
141,manual_data,metaforicas,on cloud nine,Nas nuvens.,gemini,prompt4,gemma3,prompt4,Nas nuvens.,0.95
141,manual_data,metaforicas,on cloud nine,Nas nuvens.,gemini,prompt4,gemmaX,sem_prompt,no topo do mundo,0.8303
142,manual_data,metaforicas,between a rock and a hard place,Entre a cruz e a espada.,gemma3,prompt4,gpt,prompt2,entre a cruz e a espada,0.9516
142,manual_data,metaforicas,between a rock and a hard place,Entre a cruz e a espada.,gemma3,prompt4,gpt,prompt4,estar entre a cruz e a espada,0.9661
142,manual_data,metaforicas,between a rock and a hard place,Entre a cruz e a espada.,gemma3,prompt4,gemini,prompt2,Entre a cruz e a espada,0.947
142,manual_data,metaforicas,between a rock and a hard place,Entre a cruz e a espada.,gemma3,prompt4,gemini,prompt4,Entre a cruz e a espada.,0.95
142,manual_data,metaforicas,between a rock and a hard place,Entre a cruz e a espada.,gemma3,prompt4,gemma3,prompt2,Entre a cruz e a espada.,0.95
142,manual_data,metaforicas,between a rock and a hard place,Entre a cruz e a espada.,gemma3,prompt4,gemmaX,sem_prompt,entre a espada e a parede,0.9599
143,manual_data,metaforicas,batten down the hatches,Fechar a tampa.,gpt,prompt4,gpt,prompt2,Fechar as comportas.,0.9262
143,manual_data,metaforicas,batten down the hatches,Fechar a tampa.,gpt,prompt4,gemini,prompt2,Abaixar as escotilhas.,0.8271
143,manual_data,metaforicas,batten down the hatches,Fechar a tampa.,gpt,prompt4,gemini,prompt4,Apertar os cintos.,0.8613
143,manual_data,metaforicas,batten down the hatches,Fechar a tampa.,gpt,prompt4,gemma3,prompt2,Aproeite as escotilhas.,0.8361
143,manual_data,metaforicas,batten down the hatches,Fechar a tampa.,gpt,prompt4,gemma3,prompt4,Aproe as escotilhas.,0.8346
143,manual_data,metaforicas,batten down the hatches,Fechar a tampa.,gpt,prompt4,gemmaX,sem_prompt,batir os porões,0.8288
144,manual_data,metaforicas,all ears,com os ouvidos atentos,gpt,prompt4,gpt,prompt2,tô ouvindo,0.8085
144,manual_data,metaforicas,all ears,com os ouvidos atentos,gpt,prompt4,gemini,prompt2,Todo ouvidos,0.9162
144,manual_data,metaforicas,all ears,com os ouvidos atentos,gpt,prompt4,gemini,prompt4,Todo ouvidos.,0.8754
144,manual_data,metaforicas,all ears,com os ouvidos atentos,gpt,prompt4,gemma3,prompt2,Todo ouvidos.,0.8754
144,manual_data,metaforicas,all ears,com os ouvidos atentos,gpt,prompt4,gemma3,prompt4,De orelhas abertas.,0.8287
144,manual_data,metaforicas,all ears,com os ouvidos atentos,gpt,prompt4,gemmaX,sem_prompt,todos os ouvidos,0.9537
145,manual_data,metaforicas,a fly on the wall,mosca na parede,gpt,prompt4,gpt,prompt2,uma mosca na parede,0.8851
145,manual_data,metaforicas,a fly on the wall,mosca na parede,gpt,prompt4,gemini,prompt2,Uma mosca na parede,0.9153
145,manual_data,metaforicas,a fly on the wall,mosca na parede,gpt,prompt4,gemini,prompt4,Uma mosca na parede.,0.9038
145,manual_data,metaforicas,a fly on the wall,mosca na parede,gpt,prompt4,gemma3,prompt2,Uma mosca na parede.,0.9038
145,manual_data,metaforicas,a fly on the wall,mosca na parede,gpt,prompt4,gemma3,prompt4,Uma mosca na parede.,0.9038
145,manual_data,metaforicas,a fly on the wall,mosca na parede,gpt,prompt4,gemmaX,sem_prompt,uma mosca na parede,0.8851
149,manual_data,metaforicas,bottom of the barrel,O lixo que sobrou.,gemma3,prompt4,gpt,prompt2,fundo do poço,0.8425
149,manual_data,metaforicas,bottom of the barrel,O lixo que sobrou.,gemma3,prompt4,gpt,prompt4,no fundo do poço,0.8525
149,manual_data,metaforicas,bottom of the barrel,O lixo que sobrou.,gemma3,prompt4,gemini,prompt2,O fundo do poço,0.9075
149,manual_data,metaforicas,bottom of the barrel,O lixo que sobrou.,gemma3,prompt4,gemini,prompt4,Fundo do poço,0.8112
149,manual_data,metaforicas,bottom of the barrel,O lixo que sobrou.,gemma3,prompt4,gemma3,prompt2,O pior que há.,0.8986
149,manual_data,metaforicas,bottom of the barrel,O lixo que sobrou.,gemma3,prompt4,gemmaX,sem_prompt,fundo do barril,0.8403
154,manual_data,metaforicas,blowing off steam,Desabafar,gemini,prompt4,gpt,prompt2,desabafar,0.8517
154,manual_data,metaforicas,blowing off steam,Desabafar,gemini,prompt4,gpt,prompt4,soltar a pressão,0.7686
154,manual_data,metaforicas,blowing off steam,Desabafar,gemini,prompt4,gemini,prompt2,Desabafando,0.8971
154,manual_data,metaforicas,blowing off steam,Desabafar,gemini,prompt4,gemma3,prompt2,Desabafar.,0.8904
154,manual_data,metaforicas,blowing off steam,Desabafar,gemini,prompt4,gemma3,prompt4,Desanuviar a alma.,0.8271
154,manual_data,metaforicas,blowing off steam,Desabafar,gemini,prompt4,gemmaX,sem_prompt,desabafar,0.8517
155,manual_data,metaforicas,face the music,Arrumar a casa.,gemini,prompt4,gpt,prompt2,enfrentar a realidade,0.904
155,manual_data,metaforicas,face the music,Arrumar a casa.,gemini,prompt4,gpt,prompt4,Encarar a realidade.,0.9266
155,manual_data,metaforicas,face the music,Arrumar a casa.,gemini,prompt4,gemini,prompt2,Arrumar a casa,0.9401
155,manual_data,metaforicas,face the music,Arrumar a casa.,gemini,prompt4,gemma3,prompt2,Assumir as consequências.,0.8816
155,manual_data,metaforicas,face the music,Arrumar a casa.,gemini,prompt4,gemma3,prompt4,Assumir as consequências.,0.8816
155,manual_data,metaforicas,face the music,Arrumar a casa.,gemini,prompt4,gemmaX,sem_prompt,face à música,0.8335
159,manual_data,metaforicas,mind over matter,A força de vontade dobra a realidade.,gemma3,prompt4,gpt,prompt2,mente sobre a matéria,0.8873
159,manual_data,metaforicas,mind over matter,A força de vontade dobra a realidade.,gemma3,prompt4,gpt,prompt4,A mente sobre a matéria.,0.9265
159,manual_data,metaforicas,mind over matter,A força de vontade dobra a realidade.,gemma3,prompt4,gemini,prompt2,Mente sobre matéria,0.8722
159,manual_data,metaforicas,mind over matter,A força de vontade dobra a realidade.,gemma3,prompt4,gemini,prompt4,A mente sobre a matéria.,0.9265
159,manual_data,metaforicas,mind over matter,A força de vontade dobra a realidade.,gemma3,prompt4,gemma3,prompt2,Mente sobre a matéria.,0.8991
159,manual_data,metaforicas,mind over matter,A força de vontade dobra a realidade.,gemma3,prompt4,gemmaX,sem_prompt,mente sobre a matéria,0.8873
163,manual_data,metaforicas,another one bites the dust,Mais um tomou o atalho.,gemma3,prompt4,gpt,prompt2,"""Mais um cai.""",0.8719
163,manual_data,metaforicas,another one bites the dust,Mais um tomou o atalho.,gemma3,prompt4,gpt,prompt4,Mais um caiu.,0.9474
163,manual_data,metaforicas,another one bites the dust,Mais um tomou o atalho.,gemma3,prompt4,gemini,prompt2,Mais um se foi.,0.9322
163,manual_data,metaforicas,another one bites the dust,Mais um tomou o atalho.,gemma3,prompt4,gemini,prompt4,Mais um foi pro saco.,0.9031
163,manual_data,metaforicas,another one bites the dust,Mais um tomou o atalho.,gemma3,prompt4,gemma3,prompt2,Mais um tomba.,0.9274
163,manual_data,metaforicas,another one bites the dust,Mais um tomou o atalho.,gemma3,prompt4,gemmaX,sem_prompt,Mais um morre,0.9166
167,manual_data,metaforicas,honest as the day is long,Enquanto o dia for longo.,gemma3,prompt4,gpt,prompt2,honesto como o dia é longo,0.9031
167,manual_data,metaforicas,honest as the day is long,Enquanto o dia for longo.,gemma3,prompt4,gpt,prompt4,honesto como um dia que não tem fim,0.8679
167,manual_data,metaforicas,honest as the day is long,Enquanto o dia for longo.,gemma3,prompt4,gemini,prompt2,Honesto como a luz do dia.,0.8868
167,manual_data,metaforicas,honest as the day is long,Enquanto o dia for longo.,gemma3,prompt4,gemini,prompt4,Sincero como a luz do dia.,0.8796
167,manual_data,metaforicas,honest as the day is long,Enquanto o dia for longo.,gemma3,prompt4,gemma3,prompt2,Honesto como o dia é comprido.,0.8927
167,manual_data,metaforicas,honest as the day is long,Enquanto o dia for longo.,gemma3,prompt4,gemmaX,sem_prompt,honesto como o dia é longo,0.9031
168,manual_data,metaforicas,butter wouldn’t melt in their mouth,Não ter sangue de barata.,gemini,prompt4,gpt,prompt2,"""parece um anjo""",0.8509
168,manual_data,metaforicas,butter wouldn’t melt in their mouth,Não ter sangue de barata.,gemini,prompt4,gpt,prompt4,"parece um anjo, mas é uma serpente.",0.8846
168,manual_data,metaforicas,butter wouldn’t melt in their mouth,Não ter sangue de barata.,gemini,prompt4,gemini,prompt2,Não ter sangue de barata.,0.95
168,manual_data,metaforicas,butter wouldn’t melt in their mouth,Não ter sangue de barata.,gemini,prompt4,gemma3,prompt2,Eles não fariam mal a uma mosca.,0.8942
168,manual_data,metaforicas,butter wouldn’t melt in their mouth,Não ter sangue de barata.,gemini,prompt4,gemma3,prompt4,Eles não fariam mal a uma pulga.,0.8868
168,manual_data,metaforicas,butter wouldn’t melt in their mouth,Não ter sangue de barata.,gemini,prompt4,gemmaX,sem_prompt,a manteiga não derreteria na boca deles,0.8503
169,manual_data,metaforicas,be in hot water,Estar em maus lençóis.,gemini,prompt4,gpt,prompt2,estar em apuros,0.8888
169,manual_data,metaforicas,be in hot water,Estar em maus lençóis.,gemini,prompt4,gpt,prompt4,estar encrencado,0.8635
169,manual_data,metaforicas,be in hot water,Estar em maus lençóis.,gemini,prompt4,gemini,prompt2,Estar em maus lençóis,0.9367
169,manual_data,metaforicas,be in hot water,Estar em maus lençóis.,gemini,prompt4,gemma3,prompt2,Estar em apuros.,0.9422
169,manual_data,metaforicas,be in hot water,Estar em maus lençóis.,gemini,prompt4,gemma3,prompt4,Encrencar-se.,0.8566
169,manual_data,metaforicas,be in hot water,Estar em maus lençóis.,gemini,prompt4,gemmaX,sem_prompt,estar em apuros,0.8888
170,manual_data,metaforicas,by the seat of your pants,"De improviso, no fio da navalha.",gemma3,prompt4,gpt,prompt2,na intuição,0.8474
170,manual_data,metaforicas,by the seat of your pants,"De improviso, no fio da navalha.",gemma3,prompt4,gpt,prompt4,na intuição,0.8474
170,manual_data,metaforicas,by the seat of your pants,"De improviso, no fio da navalha.",gemma3,prompt4,gemini,prompt2,Na raça.,0.8645
170,manual_data,metaforicas,by the seat of your pants,"De improviso, no fio da navalha.",gemma3,prompt4,gemini,prompt4,Na base do improviso,0.8858
170,manual_data,metaforicas,by the seat of your pants,"De improviso, no fio da navalha.",gemma3,prompt4,gemma3,prompt2,De improviso.,0.9565
170,manual_data,metaforicas,by the seat of your pants,"De improviso, no fio da navalha.",gemma3,prompt4,gemmaX,sem_prompt,pelo assento de suas calças,0.8226
171,manual_data,metaforicas,comfort zone,Zona de conforto.,gemma3,prompt4,gpt,prompt2,zona de conforto,0.9427
171,manual_data,metaforicas,comfort zone,Zona de conforto.,gemma3,prompt4,gpt,prompt4,zona de conforto,0.9427
171,manual_data,metaforicas,comfort zone,Zona de conforto.,gemma3,prompt4,gemini,prompt2,Zona de conforto,0.9257
171,manual_data,metaforicas,comfort zone,Zona de conforto.,gemma3,prompt4,gemini,prompt4,Zona de conforto,0.9257
171,manual_data,metaforicas,comfort zone,Zona de conforto.,gemma3,prompt4,gemma3,prompt2,Zona de conforto,0.9257
171,manual_data,metaforicas,comfort zone,Zona de conforto.,gemma3,prompt4,gemmaX,sem_prompt,zona de conforto,0.9427
173,manual_data,metaforicas,fingers crossed,Com os dedos cruzados.,gemma3,prompt4,gpt,prompt2,dedos cruzados,0.9315
173,manual_data,metaforicas,fingers crossed,Com os dedos cruzados.,gemma3,prompt4,gpt,prompt4,Dedos cruzados.,0.9526
173,manual_data,metaforicas,fingers crossed,Com os dedos cruzados.,gemma3,prompt4,gemini,prompt2,Dedos cruzados,0.9058
173,manual_data,metaforicas,fingers crossed,Com os dedos cruzados.,gemma3,prompt4,gemini,prompt4,Dedos cruzados.,0.9526
173,manual_data,metaforicas,fingers crossed,Com os dedos cruzados.,gemma3,prompt4,gemma3,prompt2,Com sorte.,0.9089
173,manual_data,metaforicas,fingers crossed,Com os dedos cruzados.,gemma3,prompt4,gemmaX,sem_prompt,cruzando os dedos,0.9556
175,manual_data,metaforicas,as mad as a hatter,Enlouquecer.,gemma3,prompt4,gpt,prompt2,tanque de guerra.,0.84
175,manual_data,metaforicas,as mad as a hatter,Enlouquecer.,gemma3,prompt4,gpt,prompt4,maluco de pedra,0.8046
175,manual_data,metaforicas,as mad as a hatter,Enlouquecer.,gemma3,prompt4,gemini,prompt2,Louco como um chapeleiro.,0.8228
175,manual_data,metaforicas,as mad as a hatter,Enlouquecer.,gemma3,prompt4,gemini,prompt4,Louco como um chapeleiro.,0.8228
175,manual_data,metaforicas,as mad as a hatter,Enlouquecer.,gemma3,prompt4,gemma3,prompt2,Louco como um louco.,0.8236
175,manual_data,metaforicas,as mad as a hatter,Enlouquecer.,gemma3,prompt4,gemmaX,sem_prompt,louco como um chapeleiro,0.7783
176,manual_data,metaforicas,cracking the whip,puxar as rédeas,gpt,prompt4,gpt,prompt2,"""Estalando o chicote""",0.8121
176,manual_data,metaforicas,cracking the whip,puxar as rédeas,gpt,prompt4,gemini,prompt2,Mandando no pedaço,0.7952
176,manual_data,metaforicas,cracking the whip,puxar as rédeas,gpt,prompt4,gemini,prompt4,Bater o chicote.,0.8173
176,manual_data,metaforicas,cracking the whip,puxar as rédeas,gpt,prompt4,gemma3,prompt2,Endurecer as rédeas.,0.8743
176,manual_data,metaforicas,cracking the whip,puxar as rédeas,gpt,prompt4,gemma3,prompt4,Apurar as contas.,0.795
176,manual_data,metaforicas,cracking the whip,puxar as rédeas,gpt,prompt4,gemmaX,sem_prompt,quebrando o chicote,0.8109
178,manual_data,metaforicas,as easy as shooting fish in a barrel,Moleza.,gemma3,prompt4,gpt,prompt2,tão fácil quanto tirar peixe do barril,0.7579
178,manual_data,metaforicas,as easy as shooting fish in a barrel,Moleza.,gemma3,prompt4,gpt,prompt4,mais fácil que tirar doce de criança,0.7676
178,manual_data,metaforicas,as easy as shooting fish in a barrel,Moleza.,gemma3,prompt4,gemini,prompt2,Tão fácil quanto atirar em peixes num barril.,0.779
178,manual_data,metaforicas,as easy as shooting fish in a barrel,Moleza.,gemma3,prompt4,gemini,prompt4,Tão fácil quanto tirar doce de criança.,0.7887
178,manual_data,metaforicas,as easy as shooting fish in a barrel,Moleza.,gemma3,prompt4,gemma3,prompt2,Fácil como roubar doces de um bebê.,0.7912
178,manual_data,metaforicas,as easy as shooting fish in a barrel,Moleza.,gemma3,prompt4,gemmaX,sem_prompt,Tão fácil como atirar em peixes num barril,0.7537
180,manual_data,metaforicas,ants in your pants,Pulando a fralda.,gemma3,prompt4,gpt,prompt2,formiga na calça,0.8573
180,manual_data,metaforicas,ants in your pants,Pulando a fralda.,gemma3,prompt4,gpt,prompt4,Inquietação.,0.8373
180,manual_data,metaforicas,ants in your pants,Pulando a fralda.,gemma3,prompt4,gemini,prompt2,Bichos-carpinteiros no traseiro.,0.8368
180,manual_data,metaforicas,ants in your pants,Pulando a fralda.,gemma3,prompt4,gemini,prompt4,Bichos carpinteiros.,0.8615
180,manual_data,metaforicas,ants in your pants,Pulando a fralda.,gemma3,prompt4,gemma3,prompt2,Nervos à flor da pele,0.8367
180,manual_data,metaforicas,ants in your pants,Pulando a fralda.,gemma3,prompt4,gemmaX,sem_prompt,formigas nas calças,0.825
183,manual_data,metaforicas,cold feet,pé atrás,gpt,prompt4,gpt,prompt2,pé frio,0.9091
183,manual_data,metaforicas,cold feet,pé atrás,gpt,prompt4,gemini,prompt2,Pé frio,0.9216
183,manual_data,metaforicas,cold feet,pé atrás,gpt,prompt4,gemini,prompt4,Pés frios.,0.8306
183,manual_data,metaforicas,cold feet,pé atrás,gpt,prompt4,gemma3,prompt2,Falta de coragem,0.7979
183,manual_data,metaforicas,cold feet,pé atrás,gpt,prompt4,gemma3,prompt4,Frio nos pés.,0.8102
183,manual_data,metaforicas,cold feet,pé atrás,gpt,prompt4,gemmaX,sem_prompt,pés frios,0.8006
185,manual_data,metaforicas,cat's out of the bag,A verdade veio à tona.,gemma3,prompt4,gpt,prompt2,O gato saiu do saco.,0.867
185,manual_data,metaforicas,cat's out of the bag,A verdade veio à tona.,gemma3,prompt4,gpt,prompt4,O segredo foi revelado.,0.9291
185,manual_data,metaforicas,cat's out of the bag,A verdade veio à tona.,gemma3,prompt4,gemini,prompt2,O gato saiu da sacola.,0.8589
185,manual_data,metaforicas,cat's out of the bag,A verdade veio à tona.,gemma3,prompt4,gemini,prompt4,O gato saiu do saco.,0.867
185,manual_data,metaforicas,cat's out of the bag,A verdade veio à tona.,gemma3,prompt4,gemma3,prompt2,O segredo foi revelado.,0.9291
185,manual_data,metaforicas,cat's out of the bag,A verdade veio à tona.,gemma3,prompt4,gemmaX,sem_prompt,O gato está fora do saco,0.8647
186,manual_data,metaforicas,bury your head in the sand,Virar a cara para o problema.,gemma3,prompt4,gpt,prompt2,enterrar a cabeça na areia,0.8706
186,manual_data,metaforicas,bury your head in the sand,Virar a cara para o problema.,gemma3,prompt4,gpt,prompt4,enterrar a cabeça na areia,0.8706
186,manual_data,metaforicas,bury your head in the sand,Virar a cara para o problema.,gemma3,prompt4,gemini,prompt2,Enterrar a cabeça na areia.,0.89
186,manual_data,metaforicas,bury your head in the sand,Virar a cara para o problema.,gemma3,prompt4,gemini,prompt4,Enfiar a cabeça na areia.,0.9017
186,manual_data,metaforicas,bury your head in the sand,Virar a cara para o problema.,gemma3,prompt4,gemma3,prompt2,Enche o sandeiro com a cabeça.,0.8897
186,manual_data,metaforicas,bury your head in the sand,Virar a cara para o problema.,gemma3,prompt4,gemmaX,sem_prompt,enterre sua cabeça na areia,0.8536
192,manual_data,metaforicas,a penny for your thoughts,Compartilhe o que está pensando.,gemma3,prompt4,gpt,prompt2,Um centavo pelos seus pensamentos.,0.8742
192,manual_data,metaforicas,a penny for your thoughts,Compartilhe o que está pensando.,gemma3,prompt4,gpt,prompt4,Um real por seus pensamentos.,0.8792
192,manual_data,metaforicas,a penny for your thoughts,Compartilhe o que está pensando.,gemma3,prompt4,gemini,prompt2,Um centavo pelos seus pensamentos.,0.8742
192,manual_data,metaforicas,a penny for your thoughts,Compartilhe o que está pensando.,gemma3,prompt4,gemini,prompt4,Um tostão pelos seus pensamentos.,0.859
192,manual_data,metaforicas,a penny for your thoughts,Compartilhe o que está pensando.,gemma3,prompt4,gemma3,prompt2,Um centavo pelo seu pensamento.,0.8609
192,manual_data,metaforicas,a penny for your thoughts,Compartilhe o que está pensando.,gemma3,prompt4,gemmaX,sem_prompt,um centavo por seus pensamentos,0.8399
195,manual_data,metaforicas,come hell or high water,A todo custo.,gemini,prompt4,gpt,prompt2,"""Venha o que vier.""",0.8109
195,manual_data,metaforicas,come hell or high water,A todo custo.,gemini,prompt4,gpt,prompt4,A qualquer custo.,0.987
195,manual_data,metaforicas,come hell or high water,A todo custo.,gemini,prompt4,gemini,prompt2,Custe o que custar,0.7975
195,manual_data,metaforicas,come hell or high water,A todo custo.,gemini,prompt4,gemma3,prompt2,"De qualquer forma, custe o que custar.",0.8433
195,manual_data,metaforicas,come hell or high water,A todo custo.,gemini,prompt4,gemma3,prompt4,Pelo raspão ou pelas sete chagas.,0.8294
195,manual_data,metaforicas,come hell or high water,A todo custo.,gemini,prompt4,gemmaX,sem_prompt,venha o inferno ou a água alta,0.8344
204,manual_data,metaforicas,blown out of proportion,Inflado/a além da conta.,gemini,prompt4,gpt,prompt2,exagerado,0.8609
204,manual_data,metaforicas,blown out of proportion,Inflado/a além da conta.,gemini,prompt4,gpt,prompt4,exagerado,0.8609
204,manual_data,metaforicas,blown out of proportion,Inflado/a além da conta.,gemini,prompt4,gemini,prompt2,Fora de proporção,0.8684
204,manual_data,metaforicas,blown out of proportion,Inflado/a além da conta.,gemini,prompt4,gemma3,prompt2,Exagerado.,0.8759
204,manual_data,metaforicas,blown out of proportion,Inflado/a além da conta.,gemini,prompt4,gemma3,prompt4,Exagerado a sete chofre.,0.8599
204,manual_data,metaforicas,blown out of proportion,Inflado/a além da conta.,gemini,prompt4,gemmaX,sem_prompt,exagerada,0.8579
205,manual_data,metaforicas,hand in glove,mão na luva,gpt,prompt4,gpt,prompt2,mão na luva,0.95
205,manual_data,metaforicas,hand in glove,mão na luva,gpt,prompt4,gemini,prompt2,De mãos dadas,0.8319
205,manual_data,metaforicas,hand in glove,mão na luva,gpt,prompt4,gemini,prompt4,De mãos dadas.,0.8335
205,manual_data,metaforicas,hand in glove,mão na luva,gpt,prompt4,gemma3,prompt2,Em perfeita harmonia.,0.7815
205,manual_data,metaforicas,hand in glove,mão na luva,gpt,prompt4,gemma3,prompt4,De mãos dadas.,0.8335
205,manual_data,metaforicas,hand in glove,mão na luva,gpt,prompt4,gemmaX,sem_prompt,mão no luva,0.8857
206,manual_data,metaforicas,birds of a feather flock together,Deus os acerta e eles se juntam.,gemini,prompt4,gpt,prompt2,"""Os iguais se agrupam.""",0.8842
206,manual_data,metaforicas,birds of a feather flock together,Deus os acerta e eles se juntam.,gemini,prompt4,gpt,prompt4,Pássaros da mesma plumagem voam juntos.,0.8703
206,manual_data,metaforicas,birds of a feather flock together,Deus os acerta e eles se juntam.,gemini,prompt4,gemini,prompt2,Semelhante atrai semelhante.,0.8567
206,manual_data,metaforicas,birds of a feather flock together,Deus os acerta e eles se juntam.,gemini,prompt4,gemma3,prompt2,Pássaros de mesma pena voam juntos.,0.8701
206,manual_data,metaforicas,birds of a feather flock together,Deus os acerta e eles se juntam.,gemini,prompt4,gemma3,prompt4,Pássaros parecidos voam juntos.,0.8762
206,manual_data,metaforicas,birds of a feather flock together,Deus os acerta e eles se juntam.,gemini,prompt4,gemmaX,sem_prompt,pássaros da mesma espécie voam juntos,0.8413
211,manual_data,metaforicas,close to home,Perto do coração.,gemma3,prompt4,gpt,prompt2,próximo de casa,0.8407
211,manual_data,metaforicas,close to home,Perto do coração.,gemma3,prompt4,gpt,prompt4,perto do coração,0.9074
211,manual_data,metaforicas,close to home,Perto do coração.,gemma3,prompt4,gemini,prompt2,Perto de casa,0.922
211,manual_data,metaforicas,close to home,Perto do coração.,gemma3,prompt4,gemini,prompt4,Perto de casa.,0.9542
211,manual_data,metaforicas,close to home,Perto do coração.,gemma3,prompt4,gemma3,prompt2,Perto de casa.,0.9542
211,manual_data,metaforicas,close to home,Perto do coração.,gemma3,prompt4,gemmaX,sem_prompt,perto de casa,0.833
213,manual_data,metaforicas,between the devil and the deep blue sea,Entre o martelo e a bigorna.,gemma3,prompt4,gpt,prompt2,entre a espada e a parede,0.8494
213,manual_data,metaforicas,between the devil and the deep blue sea,Entre o martelo e a bigorna.,gemma3,prompt4,gpt,prompt4,entre a cruz e a espada,0.8503
213,manual_data,metaforicas,between the devil and the deep blue sea,Entre o martelo e a bigorna.,gemma3,prompt4,gemini,prompt2,Entre a cruz e a espada,0.8577
213,manual_data,metaforicas,between the devil and the deep blue sea,Entre o martelo e a bigorna.,gemma3,prompt4,gemini,prompt4,Entre a cruz e a espada.,0.8907
213,manual_data,metaforicas,between the devil and the deep blue sea,Entre o martelo e a bigorna.,gemma3,prompt4,gemma3,prompt2,Entre o martelo e a bigorna.,0.95
213,manual_data,metaforicas,between the devil and the deep blue sea,Entre o martelo e a bigorna.,gemma3,prompt4,gemmaX,sem_prompt,Entre o diabo e o mar azul profundo,0.8677
214,manual_data,metaforicas,get cold feet,Amarelar,gemini,prompt4,gpt,prompt2,ficar com medo de se comprometer,0.8069
214,manual_data,metaforicas,get cold feet,Amarelar,gemini,prompt4,gpt,prompt4,ter um pé atrás,0.8428
214,manual_data,metaforicas,get cold feet,Amarelar,gemini,prompt4,gemini,prompt2,Sentir medo (de última hora),0.8009
214,manual_data,metaforicas,get cold feet,Amarelar,gemini,prompt4,gemma3,prompt2,Arranjar um pretexto / Desanimar / Ficar com medo / Dar calafrios,0.7856
214,manual_data,metaforicas,get cold feet,Amarelar,gemini,prompt4,gemma3,prompt4,Ter um frio na espinha.,0.8023
214,manual_data,metaforicas,get cold feet,Amarelar,gemini,prompt4,gemmaX,sem_prompt,ter os pés frios,0.8255
215,manual_data,metaforicas,fish out of water,fora do seu elemento,gpt,prompt4,gpt,prompt2,peixe fora d'água,0.8147
215,manual_data,metaforicas,fish out of water,fora do seu elemento,gpt,prompt4,gemini,prompt2,Peixe fora d'água,0.8176
215,manual_data,metaforicas,fish out of water,fora do seu elemento,gpt,prompt4,gemini,prompt4,Peixe fora d'água.,0.8184
215,manual_data,metaforicas,fish out of water,fora do seu elemento,gpt,prompt4,gemma3,prompt2,Peixe fora d'água,0.8176
215,manual_data,metaforicas,fish out of water,fora do seu elemento,gpt,prompt4,gemma3,prompt4,Peixe fora d'água.,0.8184
215,manual_data,metaforicas,fish out of water,fora do seu elemento,gpt,prompt4,gemmaX,sem_prompt,peixe fora d'água,0.8147
216,manual_data,metaforicas,over the moon,Nas nuvens.,gemini,prompt4,gpt,prompt2,nas nuvens,0.94
216,manual_data,metaforicas,over the moon,Nas nuvens.,gemini,prompt4,gpt,prompt4,nas nuvens,0.94
216,manual_data,metaforicas,over the moon,Nas nuvens.,gemini,prompt4,gemini,prompt2,Nas nuvens,0.9207
216,manual_data,metaforicas,over the moon,Nas nuvens.,gemini,prompt4,gemma3,prompt2,Extremamente feliz.,0.8617
216,manual_data,metaforicas,over the moon,Nas nuvens.,gemini,prompt4,gemma3,prompt4,À lua e de volta.,0.8491
216,manual_data,metaforicas,over the moon,Nas nuvens.,gemini,prompt4,gemmaX,sem_prompt,over the moon,0.8167
218,manual_data,metaforicas,chip off the old block,"Filho de peixe, peixinho é.",gemini,prompt4,gpt,prompt2,"""Tal pai, tal filho.""",0.8957
218,manual_data,metaforicas,chip off the old block,"Filho de peixe, peixinho é.",gemini,prompt4,gpt,prompt4,canto da mesma pedra,0.8784
218,manual_data,metaforicas,chip off the old block,"Filho de peixe, peixinho é.",gemini,prompt4,gemini,prompt2,"Filho de peixe, peixinho é.",0.95
218,manual_data,metaforicas,chip off the old block,"Filho de peixe, peixinho é.",gemini,prompt4,gemma3,prompt2,Cópia fiel do pai.,0.8624
218,manual_data,metaforicas,chip off the old block,"Filho de peixe, peixinho é.",gemini,prompt4,gemma3,prompt4,Herdeiro das características do pai.,0.8985
218,manual_data,metaforicas,chip off the old block,"Filho de peixe, peixinho é.",gemini,prompt4,gemmaX,sem_prompt,chip off the old block,0.8409
220,manual_data,metaforicas,ace in the hole,Ás na manga.,gemma3,prompt4,gpt,prompt2,trunfo na manga,0.8311
220,manual_data,metaforicas,ace in the hole,Ás na manga.,gemma3,prompt4,gpt,prompt4,trunfo na manga,0.8311
220,manual_data,metaforicas,ace in the hole,Ás na manga.,gemma3,prompt4,gemini,prompt2,Trunfo na manga,0.8371
220,manual_data,metaforicas,ace in the hole,Ás na manga.,gemma3,prompt4,gemini,prompt4,Ás na manga,0.9476
220,manual_data,metaforicas,ace in the hole,Ás na manga.,gemma3,prompt4,gemma3,prompt2,Ás na manga,0.9476
220,manual_data,metaforicas,ace in the hole,Ás na manga.,gemma3,prompt4,gemmaX,sem_prompt,um trunfo oculto,0.7976
227,manual_data,metaforicas,broad strokes,Beleza.,gemma3,prompt4,gpt,prompt2,traços amplos,0.8174
227,manual_data,metaforicas,broad strokes,Beleza.,gemma3,prompt4,gpt,prompt4,traços amplos,0.8174
227,manual_data,metaforicas,broad strokes,Beleza.,gemma3,prompt4,gemini,prompt2,Em linhas gerais,0.8074
227,manual_data,metaforicas,broad strokes,Beleza.,gemma3,prompt4,gemini,prompt4,Grandes traços,0.8329
227,manual_data,metaforicas,broad strokes,Beleza.,gemma3,prompt4,gemma3,prompt2,Em linhas gerais.,0.8564
227,manual_data,metaforicas,broad strokes,Beleza.,gemma3,prompt4,gemmaX,sem_prompt,traços largos,0.8125
230,manual_data,metaforicas,all thumbs,Sem jeito.,gemma3,prompt4,gpt,prompt2,desastrado,0.7869
230,manual_data,metaforicas,all thumbs,Sem jeito.,gemma3,prompt4,gpt,prompt4,ter dois pés esquerdos,0.8259
230,manual_data,metaforicas,all thumbs,Sem jeito.,gemma3,prompt4,gemini,prompt2,Desastrado,0.7795
230,manual_data,metaforicas,all thumbs,Sem jeito.,gemma3,prompt4,gemini,prompt4,Com as mãos de manteiga.,0.8608
230,manual_data,metaforicas,all thumbs,Sem jeito.,gemma3,prompt4,gemma3,prompt2,Sem jeito,0.9408
230,manual_data,metaforicas,all thumbs,Sem jeito.,gemma3,prompt4,gemmaX,sem_prompt,todos os polegares,0.818
231,manual_data,metaforicas,chip on your shoulder,Estar com a pulga atrás da orelha.,gemini,prompt4,gpt,prompt2,"""ressentimento""",0.812
231,manual_data,metaforicas,chip on your shoulder,Estar com a pulga atrás da orelha.,gemini,prompt4,gpt,prompt4,carregar um peso nas costas,0.8725
231,manual_data,metaforicas,chip on your shoulder,Estar com a pulga atrás da orelha.,gemini,prompt4,gemini,prompt2,Rancor.,0.8702
231,manual_data,metaforicas,chip on your shoulder,Estar com a pulga atrás da orelha.,gemini,prompt4,gemma3,prompt2,Rancor.,0.8702
231,manual_data,metaforicas,chip on your shoulder,Estar com a pulga atrás da orelha.,gemini,prompt4,gemma3,prompt4,Ter uma briga no ombro.,0.9169
231,manual_data,metaforicas,chip on your shoulder,Estar com a pulga atrás da orelha.,gemini,prompt4,gemmaX,sem_prompt,chip no ombro,0.8076
234,manual_data,metaforicas,get a grip,Tenha firmeza.,gpt,prompt4,gpt,prompt2,Agarre-se.,0.8771
234,manual_data,metaforicas,get a grip,Tenha firmeza.,gpt,prompt4,gemini,prompt2,Controle-se,0.8137
234,manual_data,metaforicas,get a grip,Tenha firmeza.,gpt,prompt4,gemini,prompt4,Mantenha a calma.,0.8806
234,manual_data,metaforicas,get a grip,Tenha firmeza.,gpt,prompt4,gemma3,prompt2,Controle-se.,0.8628
234,manual_data,metaforicas,get a grip,Tenha firmeza.,gpt,prompt4,gemma3,prompt4,Assuma o controle.,0.8579
234,manual_data,metaforicas,get a grip,Tenha firmeza.,gpt,prompt4,gemmaX,sem_prompt,pegar no controlo,0.8152
235,manual_data,metaforicas,finger on the pulse,Estar com o dedo na tomada.,gemini,prompt4,gpt,prompt2,com o dedo no pulso,0.944
235,manual_data,metaforicas,finger on the pulse,Estar com o dedo na tomada.,gemini,prompt4,gpt,prompt4,ter o dedo na ferida,0.8485
235,manual_data,metaforicas,finger on the pulse,Estar com o dedo na tomada.,gemini,prompt4,gemini,prompt2,Estar por dentro,0.8888
235,manual_data,metaforicas,finger on the pulse,Estar com o dedo na tomada.,gemini,prompt4,gemma3,prompt2,Estar por dentro das últimas tendências.,0.892
235,manual_data,metaforicas,finger on the pulse,Estar com o dedo na tomada.,gemini,prompt4,gemma3,prompt4,No ritmo do tempo.,0.8694
235,manual_data,metaforicas,finger on the pulse,Estar com o dedo na tomada.,gemini,prompt4,gemmaX,sem_prompt,de dedo no pulso,0.8374
236,manual_data,metaforicas,ball of fire,Força da natureza.,gemma3,prompt4,gpt,prompt2,bola de fogo,0.8608
236,manual_data,metaforicas,ball of fire,Força da natureza.,gemma3,prompt4,gpt,prompt4,bola de fogo,0.8608
236,manual_data,metaforicas,ball of fire,Força da natureza.,gemma3,prompt4,gemini,prompt2,Bola de fogo,0.865
236,manual_data,metaforicas,ball of fire,Força da natureza.,gemma3,prompt4,gemini,prompt4,Um vulcão de emoções,0.8634
236,manual_data,metaforicas,ball of fire,Força da natureza.,gemma3,prompt4,gemma3,prompt2,Bola de fogo,0.865
236,manual_data,metaforicas,ball of fire,Força da natureza.,gemma3,prompt4,gemmaX,sem_prompt,bola de fogo,0.8608
240,manual_data,metaforicas,into thin air,Em nada.,gemma3,prompt4,gpt,prompt2,no ar,0.8331
240,manual_data,metaforicas,into thin air,Em nada.,gemma3,prompt4,gpt,prompt4,No ar.,0.9152
240,manual_data,metaforicas,into thin air,Em nada.,gemma3,prompt4,gemini,prompt2,No ar rarefeito,0.8282
240,manual_data,metaforicas,into thin air,Em nada.,gemma3,prompt4,gemini,prompt4,Desaparecer na poeira.,0.8487
240,manual_data,metaforicas,into thin air,Em nada.,gemma3,prompt4,gemma3,prompt2,"No ar, desaparecendo.",0.875
240,manual_data,metaforicas,into thin air,Em nada.,gemma3,prompt4,gemmaX,sem_prompt,no ar rarefeito,0.825
245,manual_data,metaforicas,as clear as mud,Entendido.,gemma3,prompt4,gpt,prompt2,tão claro quanto lama,0.7727
245,manual_data,metaforicas,as clear as mud,Entendido.,gemma3,prompt4,gpt,prompt4,claro como lama,0.774
245,manual_data,metaforicas,as clear as mud,Entendido.,gemma3,prompt4,gemini,prompt2,Mais claro que lama.,0.8002
245,manual_data,metaforicas,as clear as mud,Entendido.,gemma3,prompt4,gemini,prompt4,Claro como a lama.,0.803
245,manual_data,metaforicas,as clear as mud,Entendido.,gemma3,prompt4,gemma3,prompt2,Tão claro quanto barro.,0.7937
245,manual_data,metaforicas,as clear as mud,Entendido.,gemma3,prompt4,gemmaX,sem_prompt,claro como lama,0.774
250,manual_data,metaforicas,bet the farm,Gastar as fichas.,gemma3,prompt4,gpt,prompt2,apostar tudo,0.8869
250,manual_data,metaforicas,bet the farm,Gastar as fichas.,gemma3,prompt4,gpt,prompt4,apostar tudo,0.8869
250,manual_data,metaforicas,bet the farm,Gastar as fichas.,gemma3,prompt4,gemini,prompt2,Apostar tudo,0.8715
250,manual_data,metaforicas,bet the farm,Gastar as fichas.,gemma3,prompt4,gemini,prompt4,Apostar tudo.,0.9146
250,manual_data,metaforicas,bet the farm,Gastar as fichas.,gemma3,prompt4,gemma3,prompt2,Apostar tudo o que se tem.,0.8562
250,manual_data,metaforicas,bet the farm,Gastar as fichas.,gemma3,prompt4,gemmaX,sem_prompt,arriscar tudo,0.8286
252,manual_data,metaforicas,flying by the seat of your pants,nas coxas.,gpt,prompt4,gpt,prompt2,tomar decisões com base na intuição,0.736
252,manual_data,metaforicas,flying by the seat of your pants,nas coxas.,gpt,prompt4,gemini,prompt2,Voando no improviso,0.7769
252,manual_data,metaforicas,flying by the seat of your pants,nas coxas.,gpt,prompt4,gemini,prompt4,Voando às cegas.,0.8208
252,manual_data,metaforicas,flying by the seat of your pants,nas coxas.,gpt,prompt4,gemma3,prompt2,Improvisando na hora.,0.8128
252,manual_data,metaforicas,flying by the seat of your pants,nas coxas.,gpt,prompt4,gemma3,prompt4,De vento no rosto.,0.8359
252,manual_data,metaforicas,flying by the seat of your pants,nas coxas.,gpt,prompt4,gemmaX,sem_prompt,flying by the seat of your pants,0.7794
253,manual_data,metaforicas,chasing your tail,correndo em círculos,gpt,prompt4,gpt,prompt2,correndo em círculos,0.95
253,manual_data,metaforicas,chasing your tail,correndo em círculos,gpt,prompt4,gemini,prompt2,Correndo atrás do próprio rabo,0.8395
253,manual_data,metaforicas,chasing your tail,correndo em círculos,gpt,prompt4,gemini,prompt4,Correndo atrás do próprio rabo.,0.8441
253,manual_data,metaforicas,chasing your tail,correndo em círculos,gpt,prompt4,gemma3,prompt2,Correndo atrás do próprio rabo.,0.8441
253,manual_data,metaforicas,chasing your tail,correndo em círculos,gpt,prompt4,gemma3,prompt4,Correr em círculos.,0.9112
253,manual_data,metaforicas,chasing your tail,correndo em círculos,gpt,prompt4,gemmaX,sem_prompt,correndo atrás de sua cauda,0.8433
260,manual_data,metaforicas,diamond in the rough,gema bruta,gpt,prompt4,gpt,prompt2,diamante bruto,0.8346
260,manual_data,metaforicas,diamond in the rough,gema bruta,gpt,prompt4,gemini,prompt2,Diamante bruto,0.83
260,manual_data,metaforicas,diamond in the rough,gema bruta,gpt,prompt4,gemini,prompt4,Diamante bruto.,0.8222
260,manual_data,metaforicas,diamond in the rough,gema bruta,gpt,prompt4,gemma3,prompt2,Uma joia bruta.,0.8675
260,manual_data,metaforicas,diamond in the rough,gema bruta,gpt,prompt4,gemma3,prompt4,Uma pepita bruta.,0.8762
260,manual_data,metaforicas,diamond in the rough,gema bruta,gpt,prompt4,gemmaX,sem_prompt,diamante em bruto,0.8266
266,manual_data,metaforicas,a fish out of water,Pescador em terra.,gemma3,prompt4,gpt,prompt2,um peixe fora d'água,0.8275
266,manual_data,metaforicas,a fish out of water,Pescador em terra.,gemma3,prompt4,gpt,prompt4,peixe fora d'água,0.8096
266,manual_data,metaforicas,a fish out of water,Pescador em terra.,gemma3,prompt4,gemini,prompt2,Um peixe fora d'água,0.8308
266,manual_data,metaforicas,a fish out of water,Pescador em terra.,gemma3,prompt4,gemini,prompt4,Peixe fora d'água,0.7975
266,manual_data,metaforicas,a fish out of water,Pescador em terra.,gemma3,prompt4,gemma3,prompt2,Um peixe fora d'água,0.8308
266,manual_data,metaforicas,a fish out of water,Pescador em terra.,gemma3,prompt4,gemmaX,sem_prompt,um peixe fora d'água,0.8275
271,manual_data,metaforicas,by the skin of your teeth,por um fio,gpt,prompt4,gpt,prompt2,por um triz,0.8732
271,manual_data,metaforicas,by the skin of your teeth,por um fio,gpt,prompt4,gemini,prompt2,Por um triz.,0.8316
271,manual_data,metaforicas,by the skin of your teeth,por um fio,gpt,prompt4,gemini,prompt4,Por um triz.,0.8316
271,manual_data,metaforicas,by the skin of your teeth,por um fio,gpt,prompt4,gemma3,prompt2,Por pouco.,0.8576
271,manual_data,metaforicas,by the skin of your teeth,por um fio,gpt,prompt4,gemma3,prompt4,Por um triz.,0.8316
271,manual_data,metaforicas,by the skin of your teeth,por um fio,gpt,prompt4,gemmaX,sem_prompt,por um triz de cabelo,0.8672
278,manual_data,metaforicas,break the back of it,Quebrar o galho.,gemini,prompt4,gpt,prompt2,quebrar as costas disso,0.8574
278,manual_data,metaforicas,break the back of it,Quebrar o galho.,gemini,prompt4,gpt,prompt4,quebrar a espinha do problema,0.8756
278,manual_data,metaforicas,break the back of it,Quebrar o galho.,gemini,prompt4,gemini,prompt2,Dar cabo disso,0.7747
278,manual_data,metaforicas,break the back of it,Quebrar o galho.,gemini,prompt4,gemma3,prompt2,Superar a parte mais difícil.,0.858
278,manual_data,metaforicas,break the back of it,Quebrar o galho.,gemini,prompt4,gemma3,prompt4,Quebrar o galho.,0.95
278,manual_data,metaforicas,break the back of it,Quebrar o galho.,gemini,prompt4,gemmaX,sem_prompt,quebrar a espinha dele,0.8796
280,manual_data,metaforicas,cook up a storm,Cozinhar aos borbotões.,gemma3,prompt4,gpt,prompt2,preparar uma grande refeição,0.8618
280,manual_data,metaforicas,cook up a storm,Cozinhar aos borbotões.,gemma3,prompt4,gpt,prompt4,preparar um banquete,0.8764
280,manual_data,metaforicas,cook up a storm,Cozinhar aos borbotões.,gemma3,prompt4,gemini,prompt2,Cozinhar como um louco,0.9012
280,manual_data,metaforicas,cook up a storm,Cozinhar aos borbotões.,gemma3,prompt4,gemini,prompt4,Cozinhar que nem um louco.,0.9065
280,manual_data,metaforicas,cook up a storm,Cozinhar aos borbotões.,gemma3,prompt4,gemma3,prompt2,Cozinhar um banquete.,0.9467
280,manual_data,metaforicas,cook up a storm,Cozinhar aos borbotões.,gemma3,prompt4,gemmaX,sem_prompt,cozinhar como louco,0.872
281,manual_data,metaforicas,dead in the water,"Aflito/a, sem saída.",gemini,prompt4,gpt,prompt2,morto na água,0.8274
281,manual_data,metaforicas,dead in the water,"Aflito/a, sem saída.",gemini,prompt4,gpt,prompt4,morto na água,0.8274
281,manual_data,metaforicas,dead in the water,"Aflito/a, sem saída.",gemini,prompt4,gemini,prompt2,Sem saída,0.8845
281,manual_data,metaforicas,dead in the water,"Aflito/a, sem saída.",gemini,prompt4,gemma3,prompt2,Sem perspectiva.,0.9375
281,manual_data,metaforicas,dead in the water,"Aflito/a, sem saída.",gemini,prompt4,gemma3,prompt4,Sem saída.,0.92
281,manual_data,metaforicas,dead in the water,"Aflito/a, sem saída.",gemini,prompt4,gemmaX,sem_prompt,morto na água,0.8274
282,manual_data,metaforicas,bite the big one,Esticar as canelas.,gemma3,prompt4,gpt,prompt2,morder a grande maçã,0.7997
282,manual_data,metaforicas,bite the big one,Esticar as canelas.,gemma3,prompt4,gpt,prompt4,dar o último suspiro,0.8429
282,manual_data,metaforicas,bite the big one,Esticar as canelas.,gemma3,prompt4,gemini,prompt2,Ir para o beleléu.,0.8516
282,manual_data,metaforicas,bite the big one,Esticar as canelas.,gemma3,prompt4,gemini,prompt4,Ir para o andar de cima.,0.824
282,manual_data,metaforicas,bite the big one,Esticar as canelas.,gemma3,prompt4,gemma3,prompt2,Explodir,0.819
282,manual_data,metaforicas,bite the big one,Esticar as canelas.,gemma3,prompt4,gemmaX,sem_prompt,morda o grande,0.8377
283,manual_data,metaforicas,buy a lemon,Comprar gato por lebre.,gemini,prompt4,gpt,prompt2,comprar um limão,0.8593
283,manual_data,metaforicas,buy a lemon,Comprar gato por lebre.,gemini,prompt4,gpt,prompt4,comprar gato por lebre,0.9055
283,manual_data,metaforicas,buy a lemon,Comprar gato por lebre.,gemini,prompt4,gemini,prompt2,"Comprar um carro ""bomba""",0.877
283,manual_data,metaforicas,buy a lemon,Comprar gato por lebre.,gemini,prompt4,gemma3,prompt2,Compre uma limão.,0.8913
283,manual_data,metaforicas,buy a lemon,Comprar gato por lebre.,gemini,prompt4,gemma3,prompt4,Comprar um limão azedo.,0.909
283,manual_data,metaforicas,buy a lemon,Comprar gato por lebre.,gemini,prompt4,gemmaX,sem_prompt,comprar um limão,0.8593
286,manual_data,metaforicas,clear as mud,Entregar a pá de mão.,gemma3,prompt4,gpt,prompt2,claro como lama,0.8046
286,manual_data,metaforicas,clear as mud,Entregar a pá de mão.,gemma3,prompt4,gpt,prompt4,claro como lama,0.8046
286,manual_data,metaforicas,clear as mud,Entregar a pá de mão.,gemma3,prompt4,gemini,prompt2,Mais confuso que lama.,0.8396
286,manual_data,metaforicas,clear as mud,Entregar a pá de mão.,gemma3,prompt4,gemini,prompt4,Mais claro que água suja.,0.8576
286,manual_data,metaforicas,clear as mud,Entregar a pá de mão.,gemma3,prompt4,gemma3,prompt2,Tão claro quanto lodo.,0.8471
286,manual_data,metaforicas,clear as mud,Entregar a pá de mão.,gemma3,prompt4,gemmaX,sem_prompt,claro como lama,0.8046
287,manual_data,metaforicas,different strokes for different folks,Gosto não se discute.,gemini,prompt4,gpt,prompt2,Cores diferentes para pessoas diferentes.,0.8533
287,manual_data,metaforicas,different strokes for different folks,Gosto não se discute.,gemini,prompt4,gpt,prompt4,Cada um tem seu jeito.,0.8682
287,manual_data,metaforicas,different strokes for different folks,Gosto não se discute.,gemini,prompt4,gemini,prompt2,Cada um com seus gostos.,0.8708
287,manual_data,metaforicas,different strokes for different folks,Gosto não se discute.,gemini,prompt4,gemma3,prompt2,Cada um tem seu jeito.,0.8682
287,manual_data,metaforicas,different strokes for different folks,Gosto não se discute.,gemini,prompt4,gemma3,prompt4,Cada um com seu jeito.,0.8623
287,manual_data,metaforicas,different strokes for different folks,Gosto não se discute.,gemini,prompt4,gemmaX,sem_prompt,diferentes estilos para diferentes pessoas,0.8393
293,manual_data,metaforicas,crash course,curso intensivo,gpt,prompt4,gpt,prompt2,curso intensivo,0.95
293,manual_data,metaforicas,crash course,curso intensivo,gpt,prompt4,gemini,prompt2,Curso intensivo,0.9233
293,manual_data,metaforicas,crash course,curso intensivo,gpt,prompt4,gemini,prompt4,Curso intensivo,0.9233
293,manual_data,metaforicas,crash course,curso intensivo,gpt,prompt4,gemma3,prompt2,Curso intensivo,0.9233
293,manual_data,metaforicas,crash course,curso intensivo,gpt,prompt4,gemma3,prompt4,Mergulho rápido.,0.8324
293,manual_data,metaforicas,crash course,curso intensivo,gpt,prompt4,gemmaX,sem_prompt,curso intensivo,0.95
295,manual_data,metaforicas,an arm and a leg,Vender a alma.,gemma3,prompt4,gpt,prompt2,um braço e uma perna,0.8286
295,manual_data,metaforicas,an arm and a leg,Vender a alma.,gemma3,prompt4,gpt,prompt4,custar os olhos da cara,0.8162
295,manual_data,metaforicas,an arm and a leg,Vender a alma.,gemma3,prompt4,gemini,prompt2,Um braço e uma perna,0.8386
295,manual_data,metaforicas,an arm and a leg,Vender a alma.,gemma3,prompt4,gemini,prompt4,Um rim e um fígado.,0.8709
295,manual_data,metaforicas,an arm and a leg,Vender a alma.,gemma3,prompt4,gemma3,prompt2,Um braço e uma perna.,0.8588
295,manual_data,metaforicas,an arm and a leg,Vender a alma.,gemma3,prompt4,gemmaX,sem_prompt,um braço e uma perna,0.8286
298,manual_data,metaforicas,blood from a stone,extrair sangue de um turno,gpt,prompt4,gpt,prompt2,sangue de pedra,0.9196
298,manual_data,metaforicas,blood from a stone,extrair sangue de um turno,gpt,prompt4,gemini,prompt2,Sangue de pedra,0.8834
298,manual_data,metaforicas,blood from a stone,extrair sangue de um turno,gpt,prompt4,gemini,prompt4,Tirar leite de pedra.,0.8719
298,manual_data,metaforicas,blood from a stone,extrair sangue de um turno,gpt,prompt4,gemma3,prompt2,Leite de pedra.,0.8538
298,manual_data,metaforicas,blood from a stone,extrair sangue de um turno,gpt,prompt4,gemma3,prompt4,Leite de pedra.,0.8538
298,manual_data,metaforicas,blood from a stone,extrair sangue de um turno,gpt,prompt4,gemmaX,sem_prompt,sangue de uma pedra,0.9351
301,manual_data,metaforicas,blood runs thicker than water,Sangue do meu sangue.,gemini,prompt4,gpt,prompt2,Sangue é mais espesso que água.,0.8815
301,manual_data,metaforicas,blood runs thicker than water,Sangue do meu sangue.,gemini,prompt4,gpt,prompt4,Sangue é mais espesso que a água.,0.8795
301,manual_data,metaforicas,blood runs thicker than water,Sangue do meu sangue.,gemini,prompt4,gemini,prompt2,Sangue do meu sangue.,0.95
301,manual_data,metaforicas,blood runs thicker than water,Sangue do meu sangue.,gemini,prompt4,gemma3,prompt2,O sangue é mais grosso que a água.,0.8819
301,manual_data,metaforicas,blood runs thicker than water,Sangue do meu sangue.,gemini,prompt4,gemma3,prompt4,O sangue nos une mais do que as águas.,0.8692
301,manual_data,metaforicas,blood runs thicker than water,Sangue do meu sangue.,gemini,prompt4,gemmaX,sem_prompt,O sangue é mais espesso do que a água,0.8693
305,manual_data,metaforicas,come apart at the seams,desmoronar-se,gpt,prompt4,gpt,prompt2,desfazer-se pelas costuras,0.861
305,manual_data,metaforicas,come apart at the seams,desmoronar-se,gpt,prompt4,gemini,prompt2,Desmoronar,0.9321
305,manual_data,metaforicas,come apart at the seams,desmoronar-se,gpt,prompt4,gemini,prompt4,Desmoronar.,0.9187
305,manual_data,metaforicas,come apart at the seams,desmoronar-se,gpt,prompt4,gemma3,prompt2,"Desmoronar, desmantelar-se, desintegrar-se.",0.8599
305,manual_data,metaforicas,come apart at the seams,desmoronar-se,gpt,prompt4,gemma3,prompt4,Desmoronar aos pedaços.,0.8646
305,manual_data,metaforicas,come apart at the seams,desmoronar-se,gpt,prompt4,gemmaX,sem_prompt,desfazer-se nas costuras,0.8747
313,manual_data,metaforicas,as stubborn as a mule,Teimoso que só Deus me deu.,gemma3,prompt4,gpt,prompt2,teimoso como uma mula,0.8783
313,manual_data,metaforicas,as stubborn as a mule,Teimoso que só Deus me deu.,gemma3,prompt4,gpt,prompt4,teimoso como uma mula,0.8783
313,manual_data,metaforicas,as stubborn as a mule,Teimoso que só Deus me deu.,gemma3,prompt4,gemini,prompt2,Teimoso como uma mula.,0.9071
313,manual_data,metaforicas,as stubborn as a mule,Teimoso que só Deus me deu.,gemma3,prompt4,gemini,prompt4,Teimoso como uma mula.,0.9071
313,manual_data,metaforicas,as stubborn as a mule,Teimoso que só Deus me deu.,gemma3,prompt4,gemma3,prompt2,Teimoso como uma mula.,0.9071
313,manual_data,metaforicas,as stubborn as a mule,Teimoso que só Deus me deu.,gemma3,prompt4,gemmaX,sem_prompt,tão teimoso quanto uma mula,0.8708
314,manual_data,metaforicas,fall on deaf ears,Cair em ouvidos moucos.,gemma3,prompt4,gpt,prompt2,cair em ouvidos surdos,0.9199
314,manual_data,metaforicas,fall on deaf ears,Cair em ouvidos moucos.,gemma3,prompt4,gpt,prompt4,cair em ouvidos surdos,0.9199
314,manual_data,metaforicas,fall on deaf ears,Cair em ouvidos moucos.,gemma3,prompt4,gemini,prompt2,Cair em ouvidos moucos,0.9436
314,manual_data,metaforicas,fall on deaf ears,Cair em ouvidos moucos.,gemma3,prompt4,gemini,prompt4,Cair em ouvidos moucos.,0.95
314,manual_data,metaforicas,fall on deaf ears,Cair em ouvidos moucos.,gemma3,prompt4,gemma3,prompt2,Cair em ouvidos moucos.,0.95
314,manual_data,metaforicas,fall on deaf ears,Cair em ouvidos moucos.,gemma3,prompt4,gemmaX,sem_prompt,cair em ouvidos surdos,0.9199
317,manual_data,metaforicas,beating a dead horse,bater em ferro frio,gpt,prompt4,gpt,prompt2,bater em um cavalo morto,0.9062
317,manual_data,metaforicas,beating a dead horse,bater em ferro frio,gpt,prompt4,gemini,prompt2,Bater em cachorro morto.,0.9002
317,manual_data,metaforicas,beating a dead horse,bater em ferro frio,gpt,prompt4,gemini,prompt4,Bater em cachorro morto.,0.9002
317,manual_data,metaforicas,beating a dead horse,bater em ferro frio,gpt,prompt4,gemma3,prompt2,Bater em um cavalo morto.,0.8917
317,manual_data,metaforicas,beating a dead horse,bater em ferro frio,gpt,prompt4,gemma3,prompt4,Revirar um cadáver.,0.8629
317,manual_data,metaforicas,beating a dead horse,bater em ferro frio,gpt,prompt4,gemmaX,sem_prompt,bater num cavalo morto,0.8759
322,manual_data,metaforicas,bending over backwards,Fazer malabarismos.,gemma3,prompt4,gpt,prompt2,se esforçando ao máximo,0.7651
322,manual_data,metaforicas,bending over backwards,Fazer malabarismos.,gemma3,prompt4,gpt,prompt4,fazer esforço extremo,0.8016
322,manual_data,metaforicas,bending over backwards,Fazer malabarismos.,gemma3,prompt4,gemini,prompt2,Se esforçar ao máximo,0.7774
322,manual_data,metaforicas,bending over backwards,Fazer malabarismos.,gemma3,prompt4,gemini,prompt4,Se desdobrar em mil pedaços.,0.8352
322,manual_data,metaforicas,bending over backwards,Fazer malabarismos.,gemma3,prompt4,gemma3,prompt2,Fazer de tudo para agradar.,0.8752
322,manual_data,metaforicas,bending over backwards,Fazer malabarismos.,gemma3,prompt4,gemmaX,sem_prompt,fazer o impossível,0.8246
326,manual_data,metaforicas,a rolling stone gathers no moss,"Quem não se move, não cresce.",gemma3,prompt4,gpt,prompt2,Uma pedra que rola não cria musgo.,0.8893
326,manual_data,metaforicas,a rolling stone gathers no moss,"Quem não se move, não cresce.",gemma3,prompt4,gpt,prompt4,Pedra que rola não cria limo.,0.8906
326,manual_data,metaforicas,a rolling stone gathers no moss,"Quem não se move, não cresce.",gemma3,prompt4,gemini,prompt2,"""Pedra que rola não cria lodo.""",0.8557
326,manual_data,metaforicas,a rolling stone gathers no moss,"Quem não se move, não cresce.",gemma3,prompt4,gemini,prompt4,"""Em pedra que rola, musgo não pega.""",0.875
326,manual_data,metaforicas,a rolling stone gathers no moss,"Quem não se move, não cresce.",gemma3,prompt4,gemma3,prompt2,Pedra em movimento não junta musgo.,0.8852
326,manual_data,metaforicas,a rolling stone gathers no moss,"Quem não se move, não cresce.",gemma3,prompt4,gemmaX,sem_prompt,Uma pedra rolante não acumula musgo,0.8462
329,manual_data,metaforicas,in the bag,No papo.,gemini,prompt4,gpt,prompt2,na bolsa,0.8656
329,manual_data,metaforicas,in the bag,No papo.,gemini,prompt4,gpt,prompt4,com o pé na porta,0.796
329,manual_data,metaforicas,in the bag,No papo.,gemini,prompt4,gemini,prompt2,No papo.,0.95
329,manual_data,metaforicas,in the bag,No papo.,gemini,prompt4,gemma3,prompt2,Na mão.,0.8666
329,manual_data,metaforicas,in the bag,No papo.,gemini,prompt4,gemma3,prompt4,No bolso.,0.9423
329,manual_data,metaforicas,in the bag,No papo.,gemini,prompt4,gemmaX,sem_prompt,na bolsa,0.8656
334,manual_data,metaforicas,cut the mustardcross that bridge when you come to it,Não se preocupe com isso por enquanto.,gemma3,prompt4,gpt,prompt2,cortar a mostarda cruzar essa ponte quando chegar lá,0.8155
334,manual_data,metaforicas,cut the mustardcross that bridge when you come to it,Não se preocupe com isso por enquanto.,gemma3,prompt4,gpt,prompt4,"""dar conta do recado"" e ""resolver o problema quando chegar a hora""",0.8248
334,manual_data,metaforicas,cut the mustardcross that bridge when you come to it,Não se preocupe com isso por enquanto.,gemma3,prompt4,gemini,prompt2,"Não se preocupe com isso, deixe para depois quando precisar.",0.9053
334,manual_data,metaforicas,cut the mustardcross that bridge when you come to it,Não se preocupe com isso por enquanto.,gemma3,prompt4,gemini,prompt4,"*   **Cut the mustard:** Fazer jus à fama.
*   **Cross that bridge when you come to it:** Deixar para resolver depois.",0.7852
334,manual_data,metaforicas,cut the mustardcross that bridge when you come to it,Não se preocupe com isso por enquanto.,gemma3,prompt4,gemma3,prompt2,Resolva isso quando chegar a hora.,0.8796
334,manual_data,metaforicas,cut the mustardcross that bridge when you come to it,Não se preocupe com isso por enquanto.,gemma3,prompt4,gemmaX,sem_prompt,cut the mustardcross that bridge when you come to it,0.7997
338,manual_data,metaforicas,bad blood,rancor,gpt,prompt4,gpt,prompt2,sangue ruim,0.8882
338,manual_data,metaforicas,bad blood,rancor,gpt,prompt4,gemini,prompt2,Rancor,0.9805
338,manual_data,metaforicas,bad blood,rancor,gpt,prompt4,gemini,prompt4,Sangue ruim.,0.8618
338,manual_data,metaforicas,bad blood,rancor,gpt,prompt4,gemma3,prompt2,Rancor.,0.9256
338,manual_data,metaforicas,bad blood,rancor,gpt,prompt4,gemma3,prompt4,Sangue quente.,0.816
338,manual_data,metaforicas,bad blood,rancor,gpt,prompt4,gemmaX,sem_prompt,sangue ruim,0.8882
340,manual_data,metaforicas,go down in flames,Réu cair em chamas.,gemma3,prompt4,gpt,prompt2,cair em desgraça,0.8922
340,manual_data,metaforicas,go down in flames,Réu cair em chamas.,gemma3,prompt4,gpt,prompt4,ir para o chão em chamas,0.8894
340,manual_data,metaforicas,go down in flames,Réu cair em chamas.,gemma3,prompt4,gemini,prompt2,Ir por água abaixo,0.8298
340,manual_data,metaforicas,go down in flames,Réu cair em chamas.,gemma3,prompt4,gemini,prompt4,Ir pelos ares.,0.9009
340,manual_data,metaforicas,go down in flames,Réu cair em chamas.,gemma3,prompt4,gemma3,prompt2,Réu em chamas.,0.9637
340,manual_data,metaforicas,go down in flames,Réu cair em chamas.,gemma3,prompt4,gemmaX,sem_prompt,ir para as chamas,0.8707
341,manual_data,metaforicas,get your ducks in a row,"Colocar os pingos nos ""is"".",gemini,prompt4,gpt,prompt2,Coloque suas coisas em ordem.,0.8755
341,manual_data,metaforicas,get your ducks in a row,"Colocar os pingos nos ""is"".",gemini,prompt4,gpt,prompt4,organizar suas coisas,0.8453
341,manual_data,metaforicas,get your ducks in a row,"Colocar os pingos nos ""is"".",gemini,prompt4,gemini,prompt2,Organize-se.,0.8402
341,manual_data,metaforicas,get your ducks in a row,"Colocar os pingos nos ""is"".",gemini,prompt4,gemma3,prompt2,Colocar tudo em ordem.,0.8895
341,manual_data,metaforicas,get your ducks in a row,"Colocar os pingos nos ""is"".",gemini,prompt4,gemma3,prompt4,Coloque os ponteiros em ordem.,0.8846
341,manual_data,metaforicas,get your ducks in a row,"Colocar os pingos nos ""is"".",gemini,prompt4,gemmaX,sem_prompt,get your ducks in a row,0.8155
344,manual_data,metaforicas,cut the mustard,Fazer a diferença.,gemini,prompt4,gpt,prompt2,dar conta do recado,0.8351
344,manual_data,metaforicas,cut the mustard,Fazer a diferença.,gemini,prompt4,gpt,prompt4,Dar conta do recado.,0.8989
344,manual_data,metaforicas,cut the mustard,Fazer a diferença.,gemini,prompt4,gemini,prompt2,Dar conta do recado,0.8375
344,manual_data,metaforicas,cut the mustard,Fazer a diferença.,gemini,prompt4,gemma3,prompt2,Não corresponder ao padrão.,0.9054
344,manual_data,metaforicas,cut the mustard,Fazer a diferença.,gemini,prompt4,gemma3,prompt4,Não dar a pá de mão.,0.9017
344,manual_data,metaforicas,cut the mustard,Fazer a diferença.,gemini,prompt4,gemmaX,sem_prompt,cortar a mostarda,0.8598
345,manual_data,metaforicas,by the book,À risca.,gemini,prompt4,gpt,prompt2,segundo as regras,0.8238
345,manual_data,metaforicas,by the book,À risca.,gemini,prompt4,gpt,prompt4,De acordo com o regulamento.,0.8515
345,manual_data,metaforicas,by the book,À risca.,gemini,prompt4,gemini,prompt2,À risca,0.9312
345,manual_data,metaforicas,by the book,À risca.,gemini,prompt4,gemma3,prompt2,Pelo livro.,0.8638
345,manual_data,metaforicas,by the book,À risca.,gemini,prompt4,gemma3,prompt4,Seguindo à risca.,0.9143
345,manual_data,metaforicas,by the book,À risca.,gemini,prompt4,gemmaX,sem_prompt,de acordo com o livro,0.8185
347,manual_data,metaforicas,an old flame,Uma paixão antiga.,gemma3,prompt4,gpt,prompt2,um antigo amor,0.923
347,manual_data,metaforicas,an old flame,Uma paixão antiga.,gemma3,prompt4,gpt,prompt4,um amor do passado,0.8739
347,manual_data,metaforicas,an old flame,Uma paixão antiga.,gemma3,prompt4,gemini,prompt2,Um antigo amor.,0.944
347,manual_data,metaforicas,an old flame,Uma paixão antiga.,gemma3,prompt4,gemini,prompt4,Chama do passado.,0.8777
347,manual_data,metaforicas,an old flame,Uma paixão antiga.,gemma3,prompt4,gemma3,prompt2,Um amor do passado,0.8657
347,manual_data,metaforicas,an old flame,Uma paixão antiga.,gemma3,prompt4,gemmaX,sem_prompt,uma antiga paixão,0.9783
349,manual_data,metaforicas,caught between a rock and a hard place,Entre a cruz e a espada.,gemma3,prompt4,gpt,prompt2,pegos entre a cruz e a espada,0.9461
349,manual_data,metaforicas,caught between a rock and a hard place,Entre a cruz e a espada.,gemma3,prompt4,gpt,prompt4,entre a cruz e a espada,0.9516
349,manual_data,metaforicas,caught between a rock and a hard place,Entre a cruz e a espada.,gemma3,prompt4,gemini,prompt2,Entre a cruz e a espada,0.947
349,manual_data,metaforicas,caught between a rock and a hard place,Entre a cruz e a espada.,gemma3,prompt4,gemini,prompt4,Entre a cruz e a espada.,0.95
349,manual_data,metaforicas,caught between a rock and a hard place,Entre a cruz e a espada.,gemma3,prompt4,gemma3,prompt2,Entre a cruz e a espada.,0.95
349,manual_data,metaforicas,caught between a rock and a hard place,Entre a cruz e a espada.,gemma3,prompt4,gemmaX,sem_prompt,Preso entre uma rocha e um lugar difícil,0.8929
350,manual_data,metaforicas,a sinking ship,navio à deriva,gpt,prompt4,gpt,prompt2,um navio afundando,0.8259
350,manual_data,metaforicas,a sinking ship,navio à deriva,gpt,prompt4,gemini,prompt2,Um navio afundando,0.8027
350,manual_data,metaforicas,a sinking ship,navio à deriva,gpt,prompt4,gemini,prompt4,Navio afundando.,0.8238
350,manual_data,metaforicas,a sinking ship,navio à deriva,gpt,prompt4,gemma3,prompt2,Um navio afundando,0.8027
350,manual_data,metaforicas,a sinking ship,navio à deriva,gpt,prompt4,gemma3,prompt4,Navio à deriva.,0.9039
350,manual_data,metaforicas,a sinking ship,navio à deriva,gpt,prompt4,gemmaX,sem_prompt,um navio a afundar-se,0.8108
351,manual_data,metaforicas,drive me up the wall,Enlouquecer de tanta coisa.,gemma3,prompt4,gpt,prompt2,me deixar louco,0.8465
351,manual_data,metaforicas,drive me up the wall,Enlouquecer de tanta coisa.,gemma3,prompt4,gpt,prompt4,Me deixar louco.,0.8834
351,manual_data,metaforicas,drive me up the wall,Enlouquecer de tanta coisa.,gemma3,prompt4,gemini,prompt2,Me tira do sério.,0.8838
351,manual_data,metaforicas,drive me up the wall,Enlouquecer de tanta coisa.,gemma3,prompt4,gemini,prompt4,Me tira do sério.,0.8838
351,manual_data,metaforicas,drive me up the wall,Enlouquecer de tanta coisa.,gemma3,prompt4,gemma3,prompt2,Me tirar do sério.,0.8821
351,manual_data,metaforicas,drive me up the wall,Enlouquecer de tanta coisa.,gemma3,prompt4,gemmaX,sem_prompt,me deixa louco,0.8392
355,manual_data,metaforicas,bite the bullet,Encarar a situação.,gpt,prompt4,gpt,prompt2,Encarar a situação.,0.95
355,manual_data,metaforicas,bite the bullet,Encarar a situação.,gpt,prompt4,gemini,prompt2,Engolir o sapo,0.8349
355,manual_data,metaforicas,bite the bullet,Encarar a situação.,gpt,prompt4,gemini,prompt4,Engolir o choro.,0.8399
355,manual_data,metaforicas,bite the bullet,Encarar a situação.,gpt,prompt4,gemma3,prompt2,Engolir o sapo.,0.8714
355,manual_data,metaforicas,bite the bullet,Encarar a situação.,gpt,prompt4,gemma3,prompt4,Engolir o veneno.,0.847
355,manual_data,metaforicas,bite the bullet,Encarar a situação.,gpt,prompt4,gemmaX,sem_prompt,bite the bullet,0.8684
356,manual_data,metaforicas,chase your tail,Correr em círculos.,gpt,prompt4,gpt,prompt2,perseguir o próprio rabo,0.8675
356,manual_data,metaforicas,chase your tail,Correr em círculos.,gpt,prompt4,gemini,prompt2,Correr atrás do próprio rabo,0.8908
356,manual_data,metaforicas,chase your tail,Correr em círculos.,gpt,prompt4,gemini,prompt4,Correr atrás do próprio rabo.,0.92
356,manual_data,metaforicas,chase your tail,Correr em círculos.,gpt,prompt4,gemma3,prompt2,Correr atrás do próprio rabo.,0.92
356,manual_data,metaforicas,chase your tail,Correr em círculos.,gpt,prompt4,gemma3,prompt4,Correr atrás do próprio rabo.,0.92
356,manual_data,metaforicas,chase your tail,Correr em círculos.,gpt,prompt4,gemmaX,sem_prompt,persiga seu rabo,0.7978
363,manual_data,metaforicas,cat's meow,O máximo.,gemini,prompt4,gpt,prompt2,o melhor,0.9014
363,manual_data,metaforicas,cat's meow,O máximo.,gemini,prompt4,gpt,prompt4,O máximo.,0.95
363,manual_data,metaforicas,cat's meow,O máximo.,gemini,prompt4,gemini,prompt2,O máximo,0.8843
363,manual_data,metaforicas,cat's meow,O máximo.,gemini,prompt4,gemma3,prompt2,O auê.,0.8647
363,manual_data,metaforicas,cat's meow,O máximo.,gemini,prompt4,gemma3,prompt4,O bicho de estimação.,0.8626
363,manual_data,metaforicas,cat's meow,O máximo.,gemini,prompt4,gemmaX,sem_prompt,miau do gato,0.8511
373,manual_data,metaforicas,bring to the table,Contribuir com.,gemma3,prompt4,gpt,prompt2,trazer à tona,0.8147
373,manual_data,metaforicas,bring to the table,Contribuir com.,gemma3,prompt4,gpt,prompt4,trazer à mesa,0.7862
373,manual_data,metaforicas,bring to the table,Contribuir com.,gemma3,prompt4,gemini,prompt2,Apresentar,0.7831
373,manual_data,metaforicas,bring to the table,Contribuir com.,gemma3,prompt4,gemini,prompt4,Trazer à mesa.,0.8282
373,manual_data,metaforicas,bring to the table,Contribuir com.,gemma3,prompt4,gemma3,prompt2,Trazer para a mesa / Contribuir com / Agregar / Oferecer.,0.8696
373,manual_data,metaforicas,bring to the table,Contribuir com.,gemma3,prompt4,gemmaX,sem_prompt,trazer para a mesa,0.8488
374,manual_data,metaforicas,crash and burn,Ir por água abaixo,gemini,prompt4,gpt,prompt2,quebrar e queimar,0.822
374,manual_data,metaforicas,crash and burn,Ir por água abaixo,gemini,prompt4,gpt,prompt4,Estourar e queimar.,0.8298
374,manual_data,metaforicas,crash and burn,Ir por água abaixo,gemini,prompt4,gemini,prompt2,Entrar em colapso,0.8062
374,manual_data,metaforicas,crash and burn,Ir por água abaixo,gemini,prompt4,gemma3,prompt2,Queimar por terra,0.8524
374,manual_data,metaforicas,crash and burn,Ir por água abaixo,gemini,prompt4,gemma3,prompt4,Fracassar estrepitosamente.,0.8283
374,manual_data,metaforicas,crash and burn,Ir por água abaixo,gemini,prompt4,gemmaX,sem_prompt,crash and burn,0.8586
385,manual_data,metaforicas,close shave,Raspar por um triz.,gemini,prompt4,gpt,prompt2,barba feita com cuidado,0.8567
385,manual_data,metaforicas,close shave,Raspar por um triz.,gemini,prompt4,gpt,prompt4,corte rente,0.8351
385,manual_data,metaforicas,close shave,Raspar por um triz.,gemini,prompt4,gemini,prompt2,Por um triz,0.9556
385,manual_data,metaforicas,close shave,Raspar por um triz.,gemini,prompt4,gemma3,prompt2,Aperto por pouco.,0.939
385,manual_data,metaforicas,close shave,Raspar por um triz.,gemini,prompt4,gemma3,prompt4,Apanhar o pescoço.,0.8572
385,manual_data,metaforicas,close shave,Raspar por um triz.,gemini,prompt4,gemmaX,sem_prompt,close shave,0.833
386,manual_data,metaforicas,a leopard can't change its spots,A natureza não muda.,gemma3,prompt4,gpt,prompt2,Um leopardo não pode mudar suas manchas.,0.8836
386,manual_data,metaforicas,a leopard can't change its spots,A natureza não muda.,gemma3,prompt4,gpt,prompt4,um tigre não muda suas listras.,0.8926
386,manual_data,metaforicas,a leopard can't change its spots,A natureza não muda.,gemma3,prompt4,gemini,prompt2,"""A onça não muda suas manchas.""",0.8805
386,manual_data,metaforicas,a leopard can't change its spots,A natureza não muda.,gemma3,prompt4,gemini,prompt4,"Apesar das aparências, a zebra não muda suas listras.",0.8908
386,manual_data,metaforicas,a leopard can't change its spots,A natureza não muda.,gemma3,prompt4,gemma3,prompt2,Um leopardo não muda suas manchas.,0.9001
386,manual_data,metaforicas,a leopard can't change its spots,A natureza não muda.,gemma3,prompt4,gemmaX,sem_prompt,Um leopardo não pode mudar suas manchas,0.8719
395,manual_data,metaforicas,pull the plug,dar um ponto final,gpt,prompt4,gpt,prompt2,desconectar a tomada,0.8668
395,manual_data,metaforicas,pull the plug,dar um ponto final,gpt,prompt4,gemini,prompt2,Desligar tudo,0.8575
395,manual_data,metaforicas,pull the plug,dar um ponto final,gpt,prompt4,gemini,prompt4,Desligar os aparelhos.,0.8564
395,manual_data,metaforicas,pull the plug,dar um ponto final,gpt,prompt4,gemma3,prompt2,Desligar o aparelho.,0.8544
395,manual_data,metaforicas,pull the plug,dar um ponto final,gpt,prompt4,gemma3,prompt4,Desligar o interruptor.,0.8351
395,manual_data,metaforicas,pull the plug,dar um ponto final,gpt,prompt4,gemmaX,sem_prompt,puxe a ficha,0.8889
396,manual_data,metaforicas,beat a hasty retreat,Dar ré no relento.,gemma3,prompt4,gpt,prompt2,fugir apressadamente,0.8485
396,manual_data,metaforicas,beat a hasty retreat,Dar ré no relento.,gemma3,prompt4,gpt,prompt4,bater em retirada apressadamente,0.8424
396,manual_data,metaforicas,beat a hasty retreat,Dar ré no relento.,gemma3,prompt4,gemini,prompt2,Bater em retirada.,0.854
396,manual_data,metaforicas,beat a hasty retreat,Dar ré no relento.,gemma3,prompt4,gemini,prompt4,Bater em retirada.,0.854
396,manual_data,metaforicas,beat a hasty retreat,Dar ré no relento.,gemma3,prompt4,gemma3,prompt2,Dar um fora rápido.,0.8909
396,manual_data,metaforicas,beat a hasty retreat,Dar ré no relento.,gemma3,prompt4,gemmaX,sem_prompt,deram uma retirada precipitada,0.8278
398,manual_data,metaforicas,butterflies in my stomach,Nervos à flor da pele.,gpt,prompt4,gpt,prompt2,borboletas no meu estômago,0.8185
398,manual_data,metaforicas,butterflies in my stomach,Nervos à flor da pele.,gpt,prompt4,gemini,prompt2,Borboletas no estômago,0.8186
398,manual_data,metaforicas,butterflies in my stomach,Nervos à flor da pele.,gpt,prompt4,gemini,prompt4,Borboletas no estômago.,0.8526
398,manual_data,metaforicas,butterflies in my stomach,Nervos à flor da pele.,gpt,prompt4,gemma3,prompt2,Borboletas no estômago.,0.8526
398,manual_data,metaforicas,butterflies in my stomach,Nervos à flor da pele.,gpt,prompt4,gemma3,prompt4,Borboletas no estômago.,0.8526
398,manual_data,metaforicas,butterflies in my stomach,Nervos à flor da pele.,gpt,prompt4,gemmaX,sem_prompt,borboletas no meu estômago,0.8185
399,manual_data,metaforicas,come up against a brick wall,Bater de frente com um muro.,gemma3,prompt4,gpt,prompt2,enfrentar uma barreira intransponível,0.8224
399,manual_data,metaforicas,come up against a brick wall,Bater de frente com um muro.,gemma3,prompt4,gpt,prompt4,encarar um muro intransponível,0.8509
399,manual_data,metaforicas,come up against a brick wall,Bater de frente com um muro.,gemma3,prompt4,gemini,prompt2,Encontrar uma barreira intransponível,0.8438
399,manual_data,metaforicas,come up against a brick wall,Bater de frente com um muro.,gemma3,prompt4,gemini,prompt4,Estar contra a parede.,0.9073
399,manual_data,metaforicas,come up against a brick wall,Bater de frente com um muro.,gemma3,prompt4,gemma3,prompt2,Encontrar uma barreira intransponível.,0.8639
399,manual_data,metaforicas,come up against a brick wall,Bater de frente com um muro.,gemma3,prompt4,gemmaX,sem_prompt,depara-se com uma parede de tijolos,0.8945
400,manual_data,metaforicas,smooth sailing,Vento em popa.,gemini,prompt4,gpt,prompt2,navegação tranquila,0.8193
400,manual_data,metaforicas,smooth sailing,Vento em popa.,gemini,prompt4,gpt,prompt4,navegar em águas tranquilas,0.8605
400,manual_data,metaforicas,smooth sailing,Vento em popa.,gemini,prompt4,gemini,prompt2,Navegação tranquila,0.8313
400,manual_data,metaforicas,smooth sailing,Vento em popa.,gemini,prompt4,gemma3,prompt2,Náutica tranquila,0.8357
400,manual_data,metaforicas,smooth sailing,Vento em popa.,gemini,prompt4,gemma3,prompt4,Náu frágil.,0.8619
400,manual_data,metaforicas,smooth sailing,Vento em popa.,gemini,prompt4,gemmaX,sem_prompt,navegação tranquila,0.8193
405,manual_data,metaforicas,bury the hatchet,fazer as pazes,gpt,prompt4,gpt,prompt2,enterrar o machado,0.8389
405,manual_data,metaforicas,bury the hatchet,fazer as pazes,gpt,prompt4,gemini,prompt2,Enterrar as armas,0.7998
405,manual_data,metaforicas,bury the hatchet,fazer as pazes,gpt,prompt4,gemini,prompt4,Enterrar a machadinha.,0.8271
405,manual_data,metaforicas,bury the hatchet,fazer as pazes,gpt,prompt4,gemma3,prompt2,Enterrar o machado.,0.8308
405,manual_data,metaforicas,bury the hatchet,fazer as pazes,gpt,prompt4,gemma3,prompt4,Enterrar o machado.,0.8308
405,manual_data,metaforicas,bury the hatchet,fazer as pazes,gpt,prompt4,gemmaX,sem_prompt,enterrar o machado,0.8389
409,manual_data,metaforicas,hit the sack,Cair na cama.,gemma3,prompt4,gpt,prompt2,ir dormir,0.8521
409,manual_data,metaforicas,hit the sack,Cair na cama.,gemma3,prompt4,gpt,prompt4,Cair na cama.,0.95
409,manual_data,metaforicas,hit the sack,Cair na cama.,gemma3,prompt4,gemini,prompt2,Cair na cama,0.8997
409,manual_data,metaforicas,hit the sack,Cair na cama.,gemma3,prompt4,gemini,prompt4,Cair na cama.,0.95
409,manual_data,metaforicas,hit the sack,Cair na cama.,gemma3,prompt4,gemma3,prompt2,Ir para a cama,0.8763
409,manual_data,metaforicas,hit the sack,Cair na cama.,gemma3,prompt4,gemmaX,sem_prompt,hit the sack,0.8285
412,manual_data,metaforicas,bite the dust,Ir para o beleléu.,gemini,prompt4,gpt,prompt2,Morder a poeira.,0.8888
412,manual_data,metaforicas,bite the dust,Ir para o beleléu.,gemini,prompt4,gpt,prompt4,morder a poeira,0.8441
412,manual_data,metaforicas,bite the dust,Ir para o beleléu.,gemini,prompt4,gemini,prompt2,Cair em desgraça.,0.8672
412,manual_data,metaforicas,bite the dust,Ir para o beleléu.,gemini,prompt4,gemma3,prompt2,Ir para o beleléu.,0.95
412,manual_data,metaforicas,bite the dust,Ir para o beleléu.,gemini,prompt4,gemma3,prompt4,Esticar as canelas.,0.8495
412,manual_data,metaforicas,bite the dust,Ir para o beleléu.,gemini,prompt4,gemmaX,sem_prompt,morrer,0.8673
413,manual_data,metaforicas,falling apart at the seams,Desfazendo-se aos poucos.,gemma3,prompt4,gpt,prompt2,desmoronando nas costuras,0.8316
413,manual_data,metaforicas,falling apart at the seams,Desfazendo-se aos poucos.,gemma3,prompt4,gpt,prompt4,desmoronando pelas costuras,0.8332
413,manual_data,metaforicas,falling apart at the seams,Desfazendo-se aos poucos.,gemma3,prompt4,gemini,prompt2,Desmoronando,0.8348
413,manual_data,metaforicas,falling apart at the seams,Desfazendo-se aos poucos.,gemma3,prompt4,gemini,prompt4,Desmoronando pelas costuras.,0.8704
413,manual_data,metaforicas,falling apart at the seams,Desfazendo-se aos poucos.,gemma3,prompt4,gemma3,prompt2,Desmoronando aos pedaços.,0.9146
413,manual_data,metaforicas,falling apart at the seams,Desfazendo-se aos poucos.,gemma3,prompt4,gemmaX,sem_prompt,caindo aos pedaços nas costuras,0.8716
415,manual_data,metaforicas,backseat driver,Chico-esperto.,gemini,prompt4,gpt,prompt2,carona crítica,0.8173
415,manual_data,metaforicas,backseat driver,Chico-esperto.,gemini,prompt4,gpt,prompt4,motorista de banco de trás,0.8264
415,manual_data,metaforicas,backseat driver,Chico-esperto.,gemini,prompt4,gemini,prompt2,"""Carona chata""",0.8418
415,manual_data,metaforicas,backseat driver,Chico-esperto.,gemini,prompt4,gemma3,prompt2,Motorista rabugento/chato/intrometido.,0.8544
415,manual_data,metaforicas,backseat driver,Chico-esperto.,gemini,prompt4,gemma3,prompt4,Cobrar demais o motorista.,0.8554
415,manual_data,metaforicas,backseat driver,Chico-esperto.,gemini,prompt4,gemmaX,sem_prompt,piloto de banco traseiro,0.8279
417,manual_data,metaforicas,back against the wall,Encurralado(a),gemini,prompt4,gpt,prompt2,costas contra a parede,0.8236
417,manual_data,metaforicas,back against the wall,Encurralado(a),gemini,prompt4,gpt,prompt4,com as costas contra a parede,0.8205
417,manual_data,metaforicas,back against the wall,Encurralado(a),gemini,prompt4,gemini,prompt2,Encurralado,0.9653
417,manual_data,metaforicas,back against the wall,Encurralado(a),gemini,prompt4,gemma3,prompt2,Encurralado.,0.9513
417,manual_data,metaforicas,back against the wall,Encurralado(a),gemini,prompt4,gemma3,prompt4,Encurralado.,0.9513
417,manual_data,metaforicas,back against the wall,Encurralado(a),gemini,prompt4,gemmaX,sem_prompt,de costas contra a parede,0.8225
418,manual_data,metaforicas,blue collar,Mão de obra.,gemma3,prompt4,gpt,prompt2,colarinho azul,0.8147
418,manual_data,metaforicas,blue collar,Mão de obra.,gemma3,prompt4,gpt,prompt4,trabalhador braçal,0.8138
418,manual_data,metaforicas,blue collar,Mão de obra.,gemma3,prompt4,gemini,prompt2,Trabalhador braçal,0.8169
418,manual_data,metaforicas,blue collar,Mão de obra.,gemma3,prompt4,gemini,prompt4,Operário.,0.8871
418,manual_data,metaforicas,blue collar,Mão de obra.,gemma3,prompt4,gemma3,prompt2,Colarinho azul,0.8194
418,manual_data,metaforicas,blue collar,Mão de obra.,gemma3,prompt4,gemmaX,sem_prompt,blue collar,0.8014
423,manual_data,metaforicas,big picture,visão geral,gpt,prompt4,gpt,prompt2,grande imagem,0.8553
423,manual_data,metaforicas,big picture,visão geral,gpt,prompt4,gemini,prompt2,Visão geral,0.8514
423,manual_data,metaforicas,big picture,visão geral,gpt,prompt4,gemini,prompt4,Visão geral,0.8514
423,manual_data,metaforicas,big picture,visão geral,gpt,prompt4,gemma3,prompt2,O quadro geral,0.8802
423,manual_data,metaforicas,big picture,visão geral,gpt,prompt4,gemma3,prompt4,A visão geral.,0.8332
423,manual_data,metaforicas,big picture,visão geral,gpt,prompt4,gemmaX,sem_prompt,big picture,0.852
429,manual_data,metaforicas,face like thunder,Cara de poucos amigos.,gemini,prompt4,gpt,prompt2,cara como trovão,0.8645
429,manual_data,metaforicas,face like thunder,Cara de poucos amigos.,gemini,prompt4,gpt,prompt4,rosto de tempestade,0.8903
429,manual_data,metaforicas,face like thunder,Cara de poucos amigos.,gemini,prompt4,gemini,prompt2,Cara de poucos amigos,0.9382
429,manual_data,metaforicas,face like thunder,Cara de poucos amigos.,gemini,prompt4,gemma3,prompt2,Com a carranca de trovão.,0.8758
429,manual_data,metaforicas,face like thunder,Cara de poucos amigos.,gemini,prompt4,gemma3,prompt4,Afastar como trovão.,0.8726
429,manual_data,metaforicas,face like thunder,Cara de poucos amigos.,gemini,prompt4,gemmaX,sem_prompt,cara de trovão,0.8827
432,manual_data,metaforicas,come rain or shine,Em tempo bom ou mau.,gemma3,prompt4,gpt,prompt2,"""Faça sol ou faça chuva.""",0.8491
432,manual_data,metaforicas,come rain or shine,Em tempo bom ou mau.,gemma3,prompt4,gpt,prompt4,Faça sol ou faça chuva.,0.8722
432,manual_data,metaforicas,come rain or shine,Em tempo bom ou mau.,gemma3,prompt4,gemini,prompt2,Chova ou faça sol,0.85
432,manual_data,metaforicas,come rain or shine,Em tempo bom ou mau.,gemma3,prompt4,gemini,prompt4,Chova ou faça sol.,0.8703
432,manual_data,metaforicas,come rain or shine,Em tempo bom ou mau.,gemma3,prompt4,gemma3,prompt2,Mesmo que chova ou faça sol.,0.8533
432,manual_data,metaforicas,come rain or shine,Em tempo bom ou mau.,gemma3,prompt4,gemmaX,sem_prompt,venha a chuva ou o sol,0.8484
433,manual_data,metaforicas,get the ball rolling,dar o pontapé inicial,gpt,prompt4,gpt,prompt2,dar início à ação,0.8293
433,manual_data,metaforicas,get the ball rolling,dar o pontapé inicial,gpt,prompt4,gemini,prompt2,Começar a fazer algo,0.8311
433,manual_data,metaforicas,get the ball rolling,dar o pontapé inicial,gpt,prompt4,gemini,prompt4,Dar o pontapé inicial,0.9304
433,manual_data,metaforicas,get the ball rolling,dar o pontapé inicial,gpt,prompt4,gemma3,prompt2,Começar.,0.8317
433,manual_data,metaforicas,get the ball rolling,dar o pontapé inicial,gpt,prompt4,gemma3,prompt4,Colocar a máquina em movimento.,0.8225
433,manual_data,metaforicas,get the ball rolling,dar o pontapé inicial,gpt,prompt4,gemmaX,sem_prompt,começar a rolar a bola,0.8513
439,manual_data,metaforicas,flying high,Nas nuvens.,gemini,prompt4,gpt,prompt2,voando alto,0.8497
439,manual_data,metaforicas,flying high,Nas nuvens.,gemini,prompt4,gpt,prompt4,voando alto,0.8497
439,manual_data,metaforicas,flying high,Nas nuvens.,gemini,prompt4,gemini,prompt2,Voando alto,0.8334
439,manual_data,metaforicas,flying high,Nas nuvens.,gemini,prompt4,gemma3,prompt2,Voando alto,0.8334
439,manual_data,metaforicas,flying high,Nas nuvens.,gemini,prompt4,gemma3,prompt4,Voando alto.,0.8524
439,manual_data,metaforicas,flying high,Nas nuvens.,gemini,prompt4,gemmaX,sem_prompt,voando alto,0.8497
440,manual_data,metaforicas,bring home the bacon,Garantir o sustento.,gemma3,prompt4,gpt,prompt2,trazer o pão para casa,0.8418
440,manual_data,metaforicas,bring home the bacon,Garantir o sustento.,gemma3,prompt4,gpt,prompt4,trazer o pão para casa,0.8418
440,manual_data,metaforicas,bring home the bacon,Garantir o sustento.,gemma3,prompt4,gemini,prompt2,Trazer o sustento para casa,0.8629
440,manual_data,metaforicas,bring home the bacon,Garantir o sustento.,gemma3,prompt4,gemini,prompt4,Trazer o sustento para casa.,0.9098
440,manual_data,metaforicas,bring home the bacon,Garantir o sustento.,gemma3,prompt4,gemma3,prompt2,Ganhar o pão de cada dia.,0.855
440,manual_data,metaforicas,bring home the bacon,Garantir o sustento.,gemma3,prompt4,gemmaX,sem_prompt,trazer para casa o bacon,0.8531
441,manual_data,metaforicas,give someone the cold shoulder,dar o tratamento do desprezo,gpt,prompt4,gpt,prompt2,dar o ombro frio a alguém,0.8795
441,manual_data,metaforicas,give someone the cold shoulder,dar o tratamento do desprezo,gpt,prompt4,gemini,prompt2,Dar o desprezo a alguém.,0.8732
441,manual_data,metaforicas,give someone the cold shoulder,dar o tratamento do desprezo,gpt,prompt4,gemini,prompt4,Dar o desprezo.,0.8805
441,manual_data,metaforicas,give someone the cold shoulder,dar o tratamento do desprezo,gpt,prompt4,gemma3,prompt2,Ignorar alguém,0.8232
441,manual_data,metaforicas,give someone the cold shoulder,dar o tratamento do desprezo,gpt,prompt4,gemma3,prompt4,Dar o silêncio gelado.,0.8683
441,manual_data,metaforicas,give someone the cold shoulder,dar o tratamento do desprezo,gpt,prompt4,gemmaX,sem_prompt,dar a alguém o ombro frio,0.887
443,manual_data,metaforicas,all in a day's work,Rotina.,gemma3,prompt4,gpt,prompt2,tudo em um dia de trabalho,0.7611
443,manual_data,metaforicas,all in a day's work,Rotina.,gemma3,prompt4,gpt,prompt4,Tudo em um dia de trabalho.,0.8065
443,manual_data,metaforicas,all in a day's work,Rotina.,gemma3,prompt4,gemini,prompt2,Tudo em um dia de trabalho.,0.8065
443,manual_data,metaforicas,all in a day's work,Rotina.,gemma3,prompt4,gemini,prompt4,Coisa de profissional.,0.8646
443,manual_data,metaforicas,all in a day's work,Rotina.,gemma3,prompt4,gemma3,prompt2,Faz parte do trabalho.,0.8156
443,manual_data,metaforicas,all in a day's work,Rotina.,gemma3,prompt4,gemmaX,sem_prompt,tudo num dia de trabalho,0.7866
446,manual_data,metaforicas,back on your feet,De volta à labareda.,gemma3,prompt4,gpt,prompt2,de volta ao seu pé,0.8805
446,manual_data,metaforicas,back on your feet,De volta à labareda.,gemma3,prompt4,gpt,prompt4,De pé novamente.,0.9284
446,manual_data,metaforicas,back on your feet,De volta à labareda.,gemma3,prompt4,gemini,prompt2,Recuperar-se,0.7928
446,manual_data,metaforicas,back on your feet,De volta à labareda.,gemma3,prompt4,gemini,prompt4,De volta ao eixo.,0.9035
446,manual_data,metaforicas,back on your feet,De volta à labareda.,gemma3,prompt4,gemma3,prompt2,De volta aos seus pés.,0.899
446,manual_data,metaforicas,back on your feet,De volta à labareda.,gemma3,prompt4,gemmaX,sem_prompt,de volta aos seus pés,0.8664
451,manual_data,metaforicas,hard as nails,Duro na queda.,gemini,prompt4,gpt,prompt2,duro como pregos,0.8445
451,manual_data,metaforicas,hard as nails,Duro na queda.,gemini,prompt4,gpt,prompt4,dura como unha de caixão,0.8215
451,manual_data,metaforicas,hard as nails,Duro na queda.,gemini,prompt4,gemini,prompt2,Durão/Aço duro.,0.8907
451,manual_data,metaforicas,hard as nails,Duro na queda.,gemini,prompt4,gemma3,prompt2,Duro que só.,0.9291
451,manual_data,metaforicas,hard as nails,Duro na queda.,gemini,prompt4,gemma3,prompt4,De aço.,0.894
451,manual_data,metaforicas,hard as nails,Duro na queda.,gemini,prompt4,gemmaX,sem_prompt,duro como unhas,0.8513
454,manual_data,metaforicas,how the cookie crumbles,Como a banda toca.,gemini,prompt4,gpt,prompt2,como as coisas acontecem,0.8827
454,manual_data,metaforicas,how the cookie crumbles,Como a banda toca.,gemini,prompt4,gpt,prompt4,como as coisas acontecem,0.8827
454,manual_data,metaforicas,how the cookie crumbles,Como a banda toca.,gemini,prompt4,gemini,prompt2,É assim que a banda toca.,0.9059
454,manual_data,metaforicas,how the cookie crumbles,Como a banda toca.,gemini,prompt4,gemma3,prompt2,Como as coisas acontecem.,0.8961
454,manual_data,metaforicas,how the cookie crumbles,Como a banda toca.,gemini,prompt4,gemma3,prompt4,Como as cartas caem.,0.9056
454,manual_data,metaforicas,how the cookie crumbles,Como a banda toca.,gemini,prompt4,gemmaX,sem_prompt,como o biscoito se desfaz,0.8499
457,manual_data,metaforicas,beef up,Engrossar a parada.,gemini,prompt4,gpt,prompt2,reforçar,0.8484
457,manual_data,metaforicas,beef up,Engrossar a parada.,gemini,prompt4,gpt,prompt4,fortalecer,0.8022
457,manual_data,metaforicas,beef up,Engrossar a parada.,gemini,prompt4,gemini,prompt2,Fortalecer,0.8246
457,manual_data,metaforicas,beef up,Engrossar a parada.,gemini,prompt4,gemma3,prompt2,Reforçar,0.8427
457,manual_data,metaforicas,beef up,Engrossar a parada.,gemini,prompt4,gemma3,prompt4,Fortalecer a estrutura.,0.8693
457,manual_data,metaforicas,beef up,Engrossar a parada.,gemini,prompt4,gemmaX,sem_prompt,reforçar,0.8484
458,manual_data,metaforicas,be on cloud nine,Viver no paraíso.,gemma3,prompt4,gpt,prompt2,estar nas nuvens,0.8099
458,manual_data,metaforicas,be on cloud nine,Viver no paraíso.,gemma3,prompt4,gpt,prompt4,estar nas nuvens,0.8099
458,manual_data,metaforicas,be on cloud nine,Viver no paraíso.,gemma3,prompt4,gemini,prompt2,Estar nas nuvens.,0.8257
458,manual_data,metaforicas,be on cloud nine,Viver no paraíso.,gemma3,prompt4,gemini,prompt4,Estar nas nuvens.,0.8257
458,manual_data,metaforicas,be on cloud nine,Viver no paraíso.,gemma3,prompt4,gemma3,prompt2,Estar nas nuvens.,0.8257
458,manual_data,metaforicas,be on cloud nine,Viver no paraíso.,gemma3,prompt4,gemmaX,sem_prompt,estar nas nuvens,0.8099
462,manual_data,metaforicas,cat got your tongue,Perdeu as palavras?,gemma3,prompt4,gpt,prompt2,Caiu a sua língua?,0.9241
462,manual_data,metaforicas,cat got your tongue,Perdeu as palavras?,gemma3,prompt4,gpt,prompt4,Bocca de lobo.,0.8371
462,manual_data,metaforicas,cat got your tongue,Perdeu as palavras?,gemma3,prompt4,gemini,prompt2,Ficou sem fala?,0.8545
462,manual_data,metaforicas,cat got your tongue,Perdeu as palavras?,gemma3,prompt4,gemini,prompt4,O gato comeu sua língua.,0.8731
462,manual_data,metaforicas,cat got your tongue,Perdeu as palavras?,gemma3,prompt4,gemma3,prompt2,O gato comeu sua língua?,0.8952
462,manual_data,metaforicas,cat got your tongue,Perdeu as palavras?,gemma3,prompt4,gemmaX,sem_prompt,O gato comeu-lhe a língua,0.869
484,manual_data,metaforicas,bad egg,Mau caráter.,gemini,prompt4,gpt,prompt2,maçã podre,0.8401
484,manual_data,metaforicas,bad egg,Mau caráter.,gemini,prompt4,gpt,prompt4,maçã podre,0.8401
484,manual_data,metaforicas,bad egg,Mau caráter.,gemini,prompt4,gemini,prompt2,Mau caráter,0.9374
484,manual_data,metaforicas,bad egg,Mau caráter.,gemini,prompt4,gemma3,prompt2,O ovo estragado,0.7996
484,manual_data,metaforicas,bad egg,Mau caráter.,gemini,prompt4,gemma3,prompt4,Ovelha negra.,0.8846
484,manual_data,metaforicas,bad egg,Mau caráter.,gemini,prompt4,gemmaX,sem_prompt,ovo podre,0.83
490,manual_data,metaforicas,at the helm,no comando,gpt,prompt4,gpt,prompt2,no leme,0.9369
490,manual_data,metaforicas,at the helm,no comando,gpt,prompt4,gemini,prompt2,No comando,0.9395
490,manual_data,metaforicas,at the helm,no comando,gpt,prompt4,gemini,prompt4,No comando,0.9395
490,manual_data,metaforicas,at the helm,no comando,gpt,prompt4,gemma3,prompt2,No comando.,0.8589
490,manual_data,metaforicas,at the helm,no comando,gpt,prompt4,gemma3,prompt4,No leme.,0.8594
490,manual_data,metaforicas,at the helm,no comando,gpt,prompt4,gemmaX,sem_prompt,ao leme,0.8666
493,manual_data,metaforicas,hold your horses,Aguenta a mão.,gemini,prompt4,gpt,prompt2,Calma aí.,0.8506
493,manual_data,metaforicas,hold your horses,Aguenta a mão.,gemini,prompt4,gpt,prompt4,Segura a onda.,0.8935
493,manual_data,metaforicas,hold your horses,Aguenta a mão.,gemini,prompt4,gemini,prompt2,Calma aí,0.784
493,manual_data,metaforicas,hold your horses,Aguenta a mão.,gemini,prompt4,gemma3,prompt2,Calma!,0.811
493,manual_data,metaforicas,hold your horses,Aguenta a mão.,gemini,prompt4,gemma3,prompt4,Calma nos cavalos.,0.8518
493,manual_data,metaforicas,hold your horses,Aguenta a mão.,gemini,prompt4,gemmaX,sem_prompt,Segurem os cavalos,0.8159
500,manual_data,metaforicas,behind the eight ball,Em apuros.,gemma3,prompt4,gpt,prompt2,em uma posição difícil,0.8301
500,manual_data,metaforicas,behind the eight ball,Em apuros.,gemma3,prompt4,gpt,prompt4,estar em apuros,0.9158
500,manual_data,metaforicas,behind the eight ball,Em apuros.,gemma3,prompt4,gemini,prompt2,Em maus lençóis,0.848
500,manual_data,metaforicas,behind the eight ball,Em apuros.,gemma3,prompt4,gemini,prompt4,Encurralado.,0.8957
500,manual_data,metaforicas,behind the eight ball,Em apuros.,gemma3,prompt4,gemma3,prompt2,"Em apuros, numa enrascada, em uma situação difícil.",0.8582
500,manual_data,metaforicas,behind the eight ball,Em apuros.,gemma3,prompt4,gemmaX,sem_prompt,atrás da oitava bola,0.8188
504,manual_data,metaforicas,left out in the cold,deixado na rua da amargura,gpt,prompt4,gpt,prompt2,deixado de fora no frio,0.9068
504,manual_data,metaforicas,left out in the cold,deixado na rua da amargura,gpt,prompt4,gemini,prompt2,Deixado ao léu,0.8863
504,manual_data,metaforicas,left out in the cold,deixado na rua da amargura,gpt,prompt4,gemini,prompt4,Deixado(a) ao relento.,0.8278
504,manual_data,metaforicas,left out in the cold,deixado na rua da amargura,gpt,prompt4,gemma3,prompt2,Deixado de lado.,0.8831
504,manual_data,metaforicas,left out in the cold,deixado na rua da amargura,gpt,prompt4,gemma3,prompt4,Deixado à margem.,0.8745
504,manual_data,metaforicas,left out in the cold,deixado na rua da amargura,gpt,prompt4,gemmaX,sem_prompt,deixado à mercê do frio,0.901
506,manual_data,metaforicas,bend over backward,Fazer fogo com água.,gemma3,prompt4,gpt,prompt2,fazer grandes esforços,0.86
506,manual_data,metaforicas,bend over backward,Fazer fogo com água.,gemma3,prompt4,gpt,prompt4,virar-se do avesso,0.8084
506,manual_data,metaforicas,bend over backward,Fazer fogo com água.,gemma3,prompt4,gemini,prompt2,Se esforçar ao máximo,0.8142
506,manual_data,metaforicas,bend over backward,Fazer fogo com água.,gemma3,prompt4,gemini,prompt4,Se desdobrar todo.,0.8451
506,manual_data,metaforicas,bend over backward,Fazer fogo com água.,gemma3,prompt4,gemma3,prompt2,Fazer o possível e o impossível.,0.8979
506,manual_data,metaforicas,bend over backward,Fazer fogo com água.,gemma3,prompt4,gemmaX,sem_prompt,dobrar para trás,0.7911
509,manual_data,metaforicas,a snowball's chance in hell,"Nenhuma chance, nem uma migalha.",gemini,prompt4,gpt,prompt2,a chance de um floco de neve no inferno,0.887
509,manual_data,metaforicas,a snowball's chance in hell,"Nenhuma chance, nem uma migalha.",gemini,prompt4,gpt,prompt4,a chance de uma neve no inferno,0.9039
509,manual_data,metaforicas,a snowball's chance in hell,"Nenhuma chance, nem uma migalha.",gemini,prompt4,gemini,prompt2,Nenhuma chance.,0.9721
509,manual_data,metaforicas,a snowball's chance in hell,"Nenhuma chance, nem uma migalha.",gemini,prompt4,gemma3,prompt2,Uma chance mínima.,0.9041
509,manual_data,metaforicas,a snowball's chance in hell,"Nenhuma chance, nem uma migalha.",gemini,prompt4,gemma3,prompt4,A mínima que é.,0.9114
509,manual_data,metaforicas,a snowball's chance in hell,"Nenhuma chance, nem uma migalha.",gemini,prompt4,gemmaX,sem_prompt,a chance de uma bola de neve no inferno,0.899
510,manual_data,metaforicas,fighting a losing battle,lutar contra moinhos de vento,gpt,prompt4,gpt,prompt2,lutando uma batalha perdida,0.8385
510,manual_data,metaforicas,fighting a losing battle,lutar contra moinhos de vento,gpt,prompt4,gemini,prompt2,Lutar uma batalha perdida,0.8473
510,manual_data,metaforicas,fighting a losing battle,lutar contra moinhos de vento,gpt,prompt4,gemini,prompt4,Lutar contra moinhos de vento.,0.9022
510,manual_data,metaforicas,fighting a losing battle,lutar contra moinhos de vento,gpt,prompt4,gemma3,prompt2,Lutar uma batalha perdida,0.8473
510,manual_data,metaforicas,fighting a losing battle,lutar contra moinhos de vento,gpt,prompt4,gemma3,prompt4,Lutar contra um rio corrente.,0.862
510,manual_data,metaforicas,fighting a losing battle,lutar contra moinhos de vento,gpt,prompt4,gemmaX,sem_prompt,lutando numa batalha condenada à derrota,0.8317
517,manual_data,metaforicas,cooking up a storm,Armando um mega-rebuliço.,gemini,prompt4,gpt,prompt2,cozinhando muito,0.8404
517,manual_data,metaforicas,cooking up a storm,Armando um mega-rebuliço.,gemini,prompt4,gpt,prompt4,fazendo um banquete,0.8915
517,manual_data,metaforicas,cooking up a storm,Armando um mega-rebuliço.,gemini,prompt4,gemini,prompt2,Fazendo um estrondo,0.8916
517,manual_data,metaforicas,cooking up a storm,Armando um mega-rebuliço.,gemini,prompt4,gemma3,prompt2,Cozinhando sem parar.,0.8946
517,manual_data,metaforicas,cooking up a storm,Armando um mega-rebuliço.,gemini,prompt4,gemma3,prompt4,Cozinhando aos borbotões.,0.8889
517,manual_data,metaforicas,cooking up a storm,Armando um mega-rebuliço.,gemini,prompt4,gemmaX,sem_prompt,cozinhar como louco,0.8339
523,manual_data,metaforicas,go the extra mile,Dar o braço a torcer.,gemini,prompt4,gpt,prompt2,ir além do esperado,0.8508
523,manual_data,metaforicas,go the extra mile,Dar o braço a torcer.,gemini,prompt4,gpt,prompt4,dar um passo além,0.8774
523,manual_data,metaforicas,go the extra mile,Dar o braço a torcer.,gemini,prompt4,gemini,prompt2,Ir além,0.8393
523,manual_data,metaforicas,go the extra mile,Dar o braço a torcer.,gemini,prompt4,gemma3,prompt2,Ir além do esperado.,0.8777
523,manual_data,metaforicas,go the extra mile,Dar o braço a torcer.,gemini,prompt4,gemma3,prompt4,Ir além do esperado.,0.8777
523,manual_data,metaforicas,go the extra mile,Dar o braço a torcer.,gemini,prompt4,gemmaX,sem_prompt,dar o seu melhor,0.8937
525,manual_data,metaforicas,feeling under the weather,Estar de cama.,gemini,prompt4,gpt,prompt2,sentindo-se mal,0.8113
525,manual_data,metaforicas,feeling under the weather,Estar de cama.,gemini,prompt4,gpt,prompt4,estar debaixo do tempo,0.8837
525,manual_data,metaforicas,feeling under the weather,Estar de cama.,gemini,prompt4,gemini,prompt2,Sentindo-se mal.,0.8808
525,manual_data,metaforicas,feeling under the weather,Estar de cama.,gemini,prompt4,gemma3,prompt2,Me sentindo meio mal.,0.8536
525,manual_data,metaforicas,feeling under the weather,Estar de cama.,gemini,prompt4,gemma3,prompt4,Estar meio desregulado.,0.8945
525,manual_data,metaforicas,feeling under the weather,Estar de cama.,gemini,prompt4,gemmaX,sem_prompt,feeling under the weather,0.8587
527,manual_data,metaforicas,clear as crystal,Cristalino.,gemini,prompt4,gpt,prompt2,claro como cristal,0.8224
527,manual_data,metaforicas,clear as crystal,Cristalino.,gemini,prompt4,gpt,prompt4,claro como a água cristalina,0.79
527,manual_data,metaforicas,clear as crystal,Cristalino.,gemini,prompt4,gemini,prompt2,Claro como cristal,0.8111
527,manual_data,metaforicas,clear as crystal,Cristalino.,gemini,prompt4,gemma3,prompt2,Claro como água.,0.8364
527,manual_data,metaforicas,clear as crystal,Cristalino.,gemini,prompt4,gemma3,prompt4,Limpido como água de nascente.,0.8168
527,manual_data,metaforicas,clear as crystal,Cristalino.,gemini,prompt4,gemmaX,sem_prompt,claro como cristal,0.8224
531,manual_data,metaforicas,a far cry,"Claro, vamos lá:

**Far Cry:** Um Grito Distante",gemini,prompt4,gpt,prompt2,um abismo distante,0.8401
531,manual_data,metaforicas,a far cry,"Claro, vamos lá:

**Far Cry:** Um Grito Distante",gemini,prompt4,gpt,prompt4,grande distância,0.8341
531,manual_data,metaforicas,a far cry,"Claro, vamos lá:

**Far Cry:** Um Grito Distante",gemini,prompt4,gemini,prompt2,Uma grande diferença,0.8447
531,manual_data,metaforicas,a far cry,"Claro, vamos lá:

**Far Cry:** Um Grito Distante",gemini,prompt4,gemma3,prompt2,Um abismo.,0.8623
531,manual_data,metaforicas,a far cry,"Claro, vamos lá:

**Far Cry:** Um Grito Distante",gemini,prompt4,gemma3,prompt4,Partir dessa para o beleléu.,0.8372
531,manual_data,metaforicas,a far cry,"Claro, vamos lá:

**Far Cry:** Um Grito Distante",gemini,prompt4,gemmaX,sem_prompt,um grito distante,0.8859
533,manual_data,metaforicas,chew the fat,Bater um papo informal.,gemma3,prompt4,gpt,prompt2,bater papo,0.8991
533,manual_data,metaforicas,chew the fat,Bater um papo informal.,gemma3,prompt4,gpt,prompt4,papo furado,0.9017
533,manual_data,metaforicas,chew the fat,Bater um papo informal.,gemma3,prompt4,gemini,prompt2,Pôr a conversa em dia,0.844
533,manual_data,metaforicas,chew the fat,Bater um papo informal.,gemma3,prompt4,gemini,prompt4,Pôr a conversa em dia,0.844
533,manual_data,metaforicas,chew the fat,Bater um papo informal.,gemma3,prompt4,gemma3,prompt2,Bater um papo.,0.9814
533,manual_data,metaforicas,chew the fat,Bater um papo informal.,gemma3,prompt4,gemmaX,sem_prompt,mastigar a gordura,0.83
548,manual_data,metaforicas,below the belt,Na lama abaixo do cinto.,gemma3,prompt4,gpt,prompt2,abaixo da cintura,0.9203
548,manual_data,metaforicas,below the belt,Na lama abaixo do cinto.,gemma3,prompt4,gpt,prompt4,baixo a cintura,0.8685
548,manual_data,metaforicas,below the belt,Na lama abaixo do cinto.,gemma3,prompt4,gemini,prompt2,Abaixo da cintura,0.8961
548,manual_data,metaforicas,below the belt,Na lama abaixo do cinto.,gemma3,prompt4,gemini,prompt4,Abaixo da linha da cintura.,0.9249
548,manual_data,metaforicas,below the belt,Na lama abaixo do cinto.,gemma3,prompt4,gemma3,prompt2,"Péssimo, traiçoeiro, golpe abaixo.",0.878
548,manual_data,metaforicas,below the belt,Na lama abaixo do cinto.,gemma3,prompt4,gemmaX,sem_prompt,abaixo da cintura,0.9203
550,manual_data,metaforicas,make a mountain out of a molehill,Fazer tempestade em copo d'água.,gemini,prompt4,gpt,prompt2,fazer uma tempestade em copo d'água,0.9337
550,manual_data,metaforicas,make a mountain out of a molehill,Fazer tempestade em copo d'água.,gemini,prompt4,gpt,prompt4,fazer tempestade em copo d'água,0.9206
550,manual_data,metaforicas,make a mountain out of a molehill,Fazer tempestade em copo d'água.,gemini,prompt4,gemini,prompt2,Fazer tempestade em copo d'água,0.9437
550,manual_data,metaforicas,make a mountain out of a molehill,Fazer tempestade em copo d'água.,gemini,prompt4,gemma3,prompt2,Fazer uma montanha de um grão de areia.,0.9193
550,manual_data,metaforicas,make a mountain out of a molehill,Fazer tempestade em copo d'água.,gemini,prompt4,gemma3,prompt4,Fazer uma montanha com um grão de areia.,0.9186
550,manual_data,metaforicas,make a mountain out of a molehill,Fazer tempestade em copo d'água.,gemini,prompt4,gemmaX,sem_prompt,fazer uma montanha de uma molehill,0.8693
551,manual_data,metaforicas,burning bridges,Queimar as pontes.,gemma3,prompt4,gpt,prompt2,queimando pontes,0.8991
551,manual_data,metaforicas,burning bridges,Queimar as pontes.,gemma3,prompt4,gpt,prompt4,queimar os barcos,0.9424
551,manual_data,metaforicas,burning bridges,Queimar as pontes.,gemma3,prompt4,gemini,prompt2,Queimando pontes,0.89
551,manual_data,metaforicas,burning bridges,Queimar as pontes.,gemma3,prompt4,gemini,prompt4,Queimar as pontes,0.9472
551,manual_data,metaforicas,burning bridges,Queimar as pontes.,gemma3,prompt4,gemma3,prompt2,Queimar pontes,0.9365
551,manual_data,metaforicas,burning bridges,Queimar as pontes.,gemma3,prompt4,gemmaX,sem_prompt,queimar pontes,0.9399
552,manual_data,metaforicas,burn a hole in your pocket,Estar sobrando de sobra.,gemma3,prompt4,gpt,prompt2,queimar um buraco no bolso,0.8546
552,manual_data,metaforicas,burn a hole in your pocket,Estar sobrando de sobra.,gemma3,prompt4,gpt,prompt4,Queimar o bolso.,0.8706
552,manual_data,metaforicas,burn a hole in your pocket,Estar sobrando de sobra.,gemma3,prompt4,gemini,prompt2,Furar o bolso.,0.8501
552,manual_data,metaforicas,burn a hole in your pocket,Estar sobrando de sobra.,gemma3,prompt4,gemini,prompt4,Fazer um buraco no bolso.,0.866
552,manual_data,metaforicas,burn a hole in your pocket,Estar sobrando de sobra.,gemma3,prompt4,gemma3,prompt2,Comer o bolso.,0.8653
552,manual_data,metaforicas,burn a hole in your pocket,Estar sobrando de sobra.,gemma3,prompt4,gemmaX,sem_prompt,queimar um buraco no seu bolso,0.8494
563,manual_data,metaforicas,bitten by the bug,Morder do inseto.,gemma3,prompt4,gpt,prompt2,mordido pelo bicho,0.9107
563,manual_data,metaforicas,bitten by the bug,Morder do inseto.,gemma3,prompt4,gpt,prompt4,picado pelo bichinho,0.8393
563,manual_data,metaforicas,bitten by the bug,Morder do inseto.,gemma3,prompt4,gemini,prompt2,Picado pela curiosidade.,0.8633
563,manual_data,metaforicas,bitten by the bug,Morder do inseto.,gemma3,prompt4,gemini,prompt4,Picado pela mosca.,0.8728
563,manual_data,metaforicas,bitten by the bug,Morder do inseto.,gemma3,prompt4,gemma3,prompt2,Picado pelo inseto.,0.929
563,manual_data,metaforicas,bitten by the bug,Morder do inseto.,gemma3,prompt4,gemmaX,sem_prompt,mordeu pelo bicho,0.8708
569,manual_data,metaforicas,coming up roses,Tudo indo bem.,gpt,prompt4,gpt,prompt2,sair-se bem,0.8318
569,manual_data,metaforicas,coming up roses,Tudo indo bem.,gpt,prompt4,gemini,prompt2,Tudo vai dar certo.,0.9052
569,manual_data,metaforicas,coming up roses,Tudo indo bem.,gpt,prompt4,gemini,prompt4,Florescer.,0.8924
569,manual_data,metaforicas,coming up roses,Tudo indo bem.,gpt,prompt4,gemma3,prompt2,Tudo está indo bem.,0.9367
569,manual_data,metaforicas,coming up roses,Tudo indo bem.,gpt,prompt4,gemma3,prompt4,Florescendo.,0.8157
569,manual_data,metaforicas,coming up roses,Tudo indo bem.,gpt,prompt4,gemmaX,sem_prompt,coming up roses,0.7925
578,manual_data,metaforicas,flying off the handle,Pirar a cabeça.,gemma3,prompt4,gpt,prompt2,perder a cabeça,0.9487
578,manual_data,metaforicas,flying off the handle,Pirar a cabeça.,gemma3,prompt4,gpt,prompt4,surtar,0.7981
578,manual_data,metaforicas,flying off the handle,Pirar a cabeça.,gemma3,prompt4,gemini,prompt2,Sair do sério,0.8713
578,manual_data,metaforicas,flying off the handle,Pirar a cabeça.,gemma3,prompt4,gemini,prompt4,Sair do sério.,0.9005
578,manual_data,metaforicas,flying off the handle,Pirar a cabeça.,gemma3,prompt4,gemma3,prompt2,Perder a cabeça.,0.9419
578,manual_data,metaforicas,flying off the handle,Pirar a cabeça.,gemma3,prompt4,gemmaX,sem_prompt,perder o controlo,0.8235
580,manual_data,metaforicas,bare your soul,Desvendar a alma.,gemma3,prompt4,gpt,prompt2,revele sua alma,0.8728
580,manual_data,metaforicas,bare your soul,Desvendar a alma.,gemma3,prompt4,gpt,prompt4,abrir seu coração,0.8399
580,manual_data,metaforicas,bare your soul,Desvendar a alma.,gemma3,prompt4,gemini,prompt2,Abrir o coração.,0.8892
580,manual_data,metaforicas,bare your soul,Desvendar a alma.,gemma3,prompt4,gemini,prompt4,Abrir o coração.,0.8892
580,manual_data,metaforicas,bare your soul,Desvendar a alma.,gemma3,prompt4,gemma3,prompt2,Desvende sua alma.,0.9061
580,manual_data,metaforicas,bare your soul,Desvendar a alma.,gemma3,prompt4,gemmaX,sem_prompt,despe a tua alma,0.898
582,manual_data,metaforicas,jump the gun,Antecipar a hora.,gemma3,prompt4,gpt,prompt2,antecipar-se,0.8942
582,manual_data,metaforicas,jump the gun,Antecipar a hora.,gemma3,prompt4,gpt,prompt4,sair na frente,0.8218
582,manual_data,metaforicas,jump the gun,Antecipar a hora.,gemma3,prompt4,gemini,prompt2,Antecipar-se,0.8912
582,manual_data,metaforicas,jump the gun,Antecipar a hora.,gemma3,prompt4,gemini,prompt4,Queimar a largada,0.8463
582,manual_data,metaforicas,jump the gun,Antecipar a hora.,gemma3,prompt4,gemma3,prompt2,Antecipar-se à hora.,0.8867
582,manual_data,metaforicas,jump the gun,Antecipar a hora.,gemma3,prompt4,gemmaX,sem_prompt,jump the gun,0.8569
588,manual_data,metaforicas,hit the nail on the head,Acertar na mosca.,gemini,prompt4,gpt,prompt2,acertar na mosca,0.9513
588,manual_data,metaforicas,hit the nail on the head,Acertar na mosca.,gemini,prompt4,gpt,prompt4,acertar na mosca,0.9513
588,manual_data,metaforicas,hit the nail on the head,Acertar na mosca.,gemini,prompt4,gemini,prompt2,Acertar em cheio,0.8897
588,manual_data,metaforicas,hit the nail on the head,Acertar na mosca.,gemini,prompt4,gemma3,prompt2,Acertou em cheio.,0.8869
588,manual_data,metaforicas,hit the nail on the head,Acertar na mosca.,gemini,prompt4,gemma3,prompt4,Acertar em cheio.,0.9058
588,manual_data,metaforicas,hit the nail on the head,Acertar na mosca.,gemini,prompt4,gemmaX,sem_prompt,acertar em cheio,0.8815
590,manual_data,metaforicas,carry a torch,Guardar no coração.,gemma3,prompt4,gpt,prompt2,carregar uma tocha,0.8963
590,manual_data,metaforicas,carry a torch,Guardar no coração.,gemma3,prompt4,gpt,prompt4,manter a chama acesa,0.8304
590,manual_data,metaforicas,carry a torch,Guardar no coração.,gemma3,prompt4,gemini,prompt2,Manter acesa a chama,0.8196
590,manual_data,metaforicas,carry a torch,Guardar no coração.,gemma3,prompt4,gemini,prompt4,Guardar a chama.,0.9342
590,manual_data,metaforicas,carry a torch,Guardar no coração.,gemma3,prompt4,gemma3,prompt2,Guardar uma chama.,0.9501
590,manual_data,metaforicas,carry a torch,Guardar no coração.,gemma3,prompt4,gemmaX,sem_prompt,carregar uma tocha,0.8963
592,manual_data,metaforicas,eat your heart out,Roa-se de inveja.,gemini,prompt4,gpt,prompt2,coma seu coração.,0.8714
592,manual_data,metaforicas,eat your heart out,Roa-se de inveja.,gemini,prompt4,gpt,prompt4,Coma seu coração!,0.889
592,manual_data,metaforicas,eat your heart out,Roa-se de inveja.,gemini,prompt4,gemini,prompt2,Morra de inveja!,0.9398
592,manual_data,metaforicas,eat your heart out,Roa-se de inveja.,gemini,prompt4,gemma3,prompt2,Coma seu coração.,0.8983
592,manual_data,metaforicas,eat your heart out,Roa-se de inveja.,gemini,prompt4,gemma3,prompt4,Engolir por completo.,0.8706
592,manual_data,metaforicas,eat your heart out,Roa-se de inveja.,gemini,prompt4,gemmaX,sem_prompt,come o teu coração,0.8328
596,manual_data,metaforicas,can't cut the mustard,Não ter a manha.,gemini,prompt4,gpt,prompt2,não consegue se destacar,0.867
596,manual_data,metaforicas,can't cut the mustard,Não ter a manha.,gemini,prompt4,gpt,prompt4,não dá conta do recado,0.8677
596,manual_data,metaforicas,can't cut the mustard,Não ter a manha.,gemini,prompt4,gemini,prompt2,Não ter o mínimo necessário.,0.9168
596,manual_data,metaforicas,can't cut the mustard,Não ter a manha.,gemini,prompt4,gemma3,prompt2,Não está à altura.,0.8964
596,manual_data,metaforicas,can't cut the mustard,Não ter a manha.,gemini,prompt4,gemma3,prompt4,Não está à altura.,0.8964
596,manual_data,metaforicas,can't cut the mustard,Não ter a manha.,gemini,prompt4,gemmaX,sem_prompt,can't cut the mustard,0.8424
597,manual_data,metaforicas,come down to earth,Voltar para a realidade.,gemma3,prompt4,gpt,prompt2,voltar à realidade,0.906
597,manual_data,metaforicas,come down to earth,Voltar para a realidade.,gemma3,prompt4,gpt,prompt4,cair na real,0.8733
597,manual_data,metaforicas,come down to earth,Voltar para a realidade.,gemma3,prompt4,gemini,prompt2,Voltar à realidade,0.8888
597,manual_data,metaforicas,come down to earth,Voltar para a realidade.,gemma3,prompt4,gemini,prompt4,Descer à Terra.,0.919
597,manual_data,metaforicas,come down to earth,Voltar para a realidade.,gemma3,prompt4,gemma3,prompt2,Voltar à realidade.,0.9283
597,manual_data,metaforicas,come down to earth,Voltar para a realidade.,gemma3,prompt4,gemmaX,sem_prompt,venha para a terra,0.9003
599,manual_data,metaforicas,bad apple,Macieira podre.,gemma3,prompt4,gpt,prompt2,maçã podre,0.9305
599,manual_data,metaforicas,bad apple,Macieira podre.,gemma3,prompt4,gpt,prompt4,maçã podre,0.9305
599,manual_data,metaforicas,bad apple,Macieira podre.,gemma3,prompt4,gemini,prompt2,Mau elemento,0.9012
599,manual_data,metaforicas,bad apple,Macieira podre.,gemma3,prompt4,gemini,prompt4,Maçã podre.,0.941
599,manual_data,metaforicas,bad apple,Macieira podre.,gemma3,prompt4,gemma3,prompt2,Uma maçã podre,0.9032
599,manual_data,metaforicas,bad apple,Macieira podre.,gemma3,prompt4,gemmaX,sem_prompt,maçã podre,0.9305
607,manual_data,metaforicas,red herring,Pista falsa.,gemma3,prompt4,gpt,prompt2,"""pista falsa""",0.8516
607,manual_data,metaforicas,red herring,Pista falsa.,gemma3,prompt4,gpt,prompt4,falsa pista,0.9327
607,manual_data,metaforicas,red herring,Pista falsa.,gemma3,prompt4,gemini,prompt2,Cortina de fumaça,0.8171
607,manual_data,metaforicas,red herring,Pista falsa.,gemma3,prompt4,gemini,prompt4,Cortina de fumaça,0.8171
607,manual_data,metaforicas,red herring,Pista falsa.,gemma3,prompt4,gemma3,prompt2,Pista falsa,0.9476
607,manual_data,metaforicas,red herring,Pista falsa.,gemma3,prompt4,gemmaX,sem_prompt,isca vermelha,0.8285
608,manual_data,metaforicas,have a lot on your plate,Estar com a corda toda.,gemini,prompt4,gpt,prompt2,ter muito o que fazer,0.8517
608,manual_data,metaforicas,have a lot on your plate,Estar com a corda toda.,gemini,prompt4,gpt,prompt4,ter muito a fazer,0.844
608,manual_data,metaforicas,have a lot on your plate,Estar com a corda toda.,gemini,prompt4,gemini,prompt2,Estar com muito trabalho.,0.949
608,manual_data,metaforicas,have a lot on your plate,Estar com a corda toda.,gemini,prompt4,gemma3,prompt2,Ter muito o que fazer.,0.8867
608,manual_data,metaforicas,have a lot on your plate,Estar com a corda toda.,gemini,prompt4,gemma3,prompt4,Ter muitas panelas no fogo.,0.8851
608,manual_data,metaforicas,have a lot on your plate,Estar com a corda toda.,gemini,prompt4,gemmaX,sem_prompt,have a lot on your plate,0.8252
622,manual_data,metaforicas,beat around the bush,Dar voltas.,gemini,prompt4,gpt,prompt2,"""Enrolar""",0.8205
622,manual_data,metaforicas,beat around the bush,Dar voltas.,gemini,prompt4,gpt,prompt4,Dar rodeios.,0.9285
622,manual_data,metaforicas,beat around the bush,Dar voltas.,gemini,prompt4,gemini,prompt2,Ficar enrolando,0.8098
622,manual_data,metaforicas,beat around the bush,Dar voltas.,gemini,prompt4,gemma3,prompt2,Enrolar a conversa.,0.8545
622,manual_data,metaforicas,beat around the bush,Dar voltas.,gemini,prompt4,gemma3,prompt4,Enrolar a ponta do lápis.,0.8337
622,manual_data,metaforicas,beat around the bush,Dar voltas.,gemini,prompt4,gemmaX,sem_prompt,dar voltas ao assunto,0.8344
628,manual_data,metaforicas,climbing the walls,Andar de unhas.,gemma3,prompt4,gpt,prompt2,escalando as paredes,0.8546
628,manual_data,metaforicas,climbing the walls,Andar de unhas.,gemma3,prompt4,gpt,prompt4,Escalando paredes.,0.8861
628,manual_data,metaforicas,climbing the walls,Andar de unhas.,gemma3,prompt4,gemini,prompt2,Subindo pelas paredes,0.8171
628,manual_data,metaforicas,climbing the walls,Andar de unhas.,gemma3,prompt4,gemini,prompt4,Estar subindo pelas paredes,0.8352
628,manual_data,metaforicas,climbing the walls,Andar de unhas.,gemma3,prompt4,gemma3,prompt2,Andando de um lado para o outro.,0.8688
628,manual_data,metaforicas,climbing the walls,Andar de unhas.,gemma3,prompt4,gemmaX,sem_prompt,escalando as paredes,0.8546
629,manual_data,metaforicas,as clear as day,Na lata.,gemma3,prompt4,gpt,prompt2,claro como dia,0.809
629,manual_data,metaforicas,as clear as day,Na lata.,gemma3,prompt4,gpt,prompt4,claro como o dia,0.8377
629,manual_data,metaforicas,as clear as day,Na lata.,gemma3,prompt4,gemini,prompt2,Claro como o dia.,0.8622
629,manual_data,metaforicas,as clear as day,Na lata.,gemma3,prompt4,gemini,prompt4,Claro como água.,0.8554
629,manual_data,metaforicas,as clear as day,Na lata.,gemma3,prompt4,gemma3,prompt2,Como a luz do dia.,0.8677
629,manual_data,metaforicas,as clear as day,Na lata.,gemma3,prompt4,gemmaX,sem_prompt,claro como o dia,0.8377
631,manual_data,metaforicas,"like father, like son",Herança de pai para filho.,gemma3,prompt4,gpt,prompt2,"Assim como pai, assim como filho.",0.8944
631,manual_data,metaforicas,"like father, like son",Herança de pai para filho.,gemma3,prompt4,gpt,prompt4,"Tal pai, tal filho.",0.9078
631,manual_data,metaforicas,"like father, like son",Herança de pai para filho.,gemma3,prompt4,gemini,prompt2,"Tal pai, tal filho.",0.9078
631,manual_data,metaforicas,"like father, like son",Herança de pai para filho.,gemma3,prompt4,gemini,prompt4,"Tal pai, tal filho.",0.9078
631,manual_data,metaforicas,"like father, like son",Herança de pai para filho.,gemma3,prompt4,gemma3,prompt2,Filho de pai é filho.,0.9631
631,manual_data,metaforicas,"like father, like son",Herança de pai para filho.,gemma3,prompt4,gemmaX,sem_prompt,"Como o pai, como o filho",0.9017
632,manual_data,metaforicas,blaze a trail,abrir caminho,gpt,prompt4,gpt,prompt2,abrir um caminho,0.8732
632,manual_data,metaforicas,blaze a trail,abrir caminho,gpt,prompt4,gemini,prompt2,Abrir caminho,0.8547
632,manual_data,metaforicas,blaze a trail,abrir caminho,gpt,prompt4,gemini,prompt4,Abrir caminho.,0.8255
632,manual_data,metaforicas,blaze a trail,abrir caminho,gpt,prompt4,gemma3,prompt2,Abrir um caminho.,0.8157
632,manual_data,metaforicas,blaze a trail,abrir caminho,gpt,prompt4,gemma3,prompt4,Abrir caminho.,0.8255
632,manual_data,metaforicas,blaze a trail,abrir caminho,gpt,prompt4,gemmaX,sem_prompt,abrir caminho,0.95
635,manual_data,metaforicas,a piece of cake,Mamão com açúcar.,gemma3,prompt4,gpt,prompt2,Uma moleza.,0.8623
635,manual_data,metaforicas,a piece of cake,Mamão com açúcar.,gemma3,prompt4,gpt,prompt4,moleza,0.7853
635,manual_data,metaforicas,a piece of cake,Mamão com açúcar.,gemma3,prompt4,gemini,prompt2,Coisa fácil,0.8107
635,manual_data,metaforicas,a piece of cake,Mamão com açúcar.,gemma3,prompt4,gemini,prompt4,Moleza.,0.863
635,manual_data,metaforicas,a piece of cake,Mamão com açúcar.,gemma3,prompt4,gemma3,prompt2,Uma moleza.,0.8623
635,manual_data,metaforicas,a piece of cake,Mamão com açúcar.,gemma3,prompt4,gemmaX,sem_prompt,um pedaço de bolo,0.8703
636,manual_data,metaforicas,call the shots,dar as cartas,gpt,prompt4,gpt,prompt2,dar as cartas,0.95
636,manual_data,metaforicas,call the shots,dar as cartas,gpt,prompt4,gemini,prompt2,Dar as cartas,0.9222
636,manual_data,metaforicas,call the shots,dar as cartas,gpt,prompt4,gemini,prompt4,Dar as cartas,0.9222
636,manual_data,metaforicas,call the shots,dar as cartas,gpt,prompt4,gemma3,prompt2,Dar as ordens.,0.9129
636,manual_data,metaforicas,call the shots,dar as cartas,gpt,prompt4,gemma3,prompt4,Dar as cartas.,0.8831
636,manual_data,metaforicas,call the shots,dar as cartas,gpt,prompt4,gemmaX,sem_prompt,chamar as cartas,0.8989
637,manual_data,metaforicas,close call,Por um triz.,gemma3,prompt4,gpt,prompt2,quase acidente,0.7958
637,manual_data,metaforicas,close call,Por um triz.,gemma3,prompt4,gpt,prompt4,aperto,0.8138
637,manual_data,metaforicas,close call,Por um triz.,gemma3,prompt4,gemini,prompt2,Por pouco.,0.9049
637,manual_data,metaforicas,close call,Por um triz.,gemma3,prompt4,gemini,prompt4,Por um triz.,0.95
637,manual_data,metaforicas,close call,Por um triz.,gemma3,prompt4,gemma3,prompt2,Por pouco.,0.9049
637,manual_data,metaforicas,close call,Por um triz.,gemma3,prompt4,gemmaX,sem_prompt,close call,0.7831
639,manual_data,metaforicas,eye of the storm,O epicentro.,gemma3,prompt4,gpt,prompt2,olho do furacão,0.8606
639,manual_data,metaforicas,eye of the storm,O epicentro.,gemma3,prompt4,gpt,prompt4,olho do furacão,0.8606
639,manual_data,metaforicas,eye of the storm,O epicentro.,gemma3,prompt4,gemini,prompt2,Olho do furacão,0.8847
639,manual_data,metaforicas,eye of the storm,O epicentro.,gemma3,prompt4,gemini,prompt4,Olho do furacão.,0.9126
639,manual_data,metaforicas,eye of the storm,O epicentro.,gemma3,prompt4,gemma3,prompt2,Olho do furacão,0.8847
639,manual_data,metaforicas,eye of the storm,O epicentro.,gemma3,prompt4,gemmaX,sem_prompt,olho da tempestade,0.8344
642,manual_data,metaforicas,big time,Em grande estilo,gemini,prompt4,gpt,prompt2,grande estilo,0.9517
642,manual_data,metaforicas,big time,Em grande estilo,gemini,prompt4,gpt,prompt4,em grande estilo,0.9181
642,manual_data,metaforicas,big time,Em grande estilo,gemini,prompt4,gemini,prompt2,Em grande estilo,0.95
642,manual_data,metaforicas,big time,Em grande estilo,gemini,prompt4,gemma3,prompt2,Em grande estilo.,0.8594
642,manual_data,metaforicas,big time,Em grande estilo,gemini,prompt4,gemma3,prompt4,Em grande estilo.,0.8594
642,manual_data,metaforicas,big time,Em grande estilo,gemini,prompt4,gemmaX,sem_prompt,big time,0.8337
650,manual_data,metaforicas,butter wouldn't melt,Não ter sangue de barata.,gemini,prompt4,gpt,prompt2,"""parece um anjo""",0.8509
650,manual_data,metaforicas,butter wouldn't melt,Não ter sangue de barata.,gemini,prompt4,gpt,prompt4,parece um anjo,0.8879
650,manual_data,metaforicas,butter wouldn't melt,Não ter sangue de barata.,gemini,prompt4,gemini,prompt2,Não seria capaz de fazer mal a uma mosca.,0.8984
650,manual_data,metaforicas,butter wouldn't melt,Não ter sangue de barata.,gemini,prompt4,gemma3,prompt2,Não derreteria manteiga.,0.885
650,manual_data,metaforicas,butter wouldn't melt,Não ter sangue de barata.,gemini,prompt4,gemma3,prompt4,Nem um fio de manteiga derreteria.,0.8843
650,manual_data,metaforicas,butter wouldn't melt,Não ter sangue de barata.,gemini,prompt4,gemmaX,sem_prompt,a manteiga não derreteria,0.8546
665,manual_data,metaforicas,cat nap,Cochilo.,gemini,prompt4,gpt,prompt2,soneca de gato,0.8154
665,manual_data,metaforicas,cat nap,Cochilo.,gemini,prompt4,gpt,prompt4,soneca rápida,0.8141
665,manual_data,metaforicas,cat nap,Cochilo.,gemini,prompt4,gemini,prompt2,Cochilo.,0.95
665,manual_data,metaforicas,cat nap,Cochilo.,gemini,prompt4,gemma3,prompt2,Soneca,0.8629
665,manual_data,metaforicas,cat nap,Cochilo.,gemini,prompt4,gemma3,prompt4,Um cochilo reparador.,0.89
665,manual_data,metaforicas,cat nap,Cochilo.,gemini,prompt4,gemmaX,sem_prompt,cat nap,0.8586
669,manual_data,metaforicas,burn the midnight oil,Queimar o vigília.,gemma3,prompt4,gpt,prompt2,queimar a vela da meia-noite,0.8479
669,manual_data,metaforicas,burn the midnight oil,Queimar o vigília.,gemma3,prompt4,gpt,prompt4,Queimar a pestana.,0.9142
669,manual_data,metaforicas,burn the midnight oil,Queimar o vigília.,gemma3,prompt4,gemini,prompt2,Queimar pestanas,0.8797
669,manual_data,metaforicas,burn the midnight oil,Queimar o vigília.,gemma3,prompt4,gemini,prompt4,Queimar as pestanas.,0.9102
669,manual_data,metaforicas,burn the midnight oil,Queimar o vigília.,gemma3,prompt4,gemma3,prompt2,Queimar o óleo da noite.,0.9202
669,manual_data,metaforicas,burn the midnight oil,Queimar o vigília.,gemma3,prompt4,gemmaX,sem_prompt,queimar a meia-noite,0.8624
671,manual_data,metaforicas,blue in the face,Falar até ficar roxo.,gemini,prompt4,gpt,prompt2,azul na face,0.8274
671,manual_data,metaforicas,blue in the face,Falar até ficar roxo.,gemini,prompt4,gpt,prompt4,até ficar azul na face,0.8755
671,manual_data,metaforicas,blue in the face,Falar até ficar roxo.,gemini,prompt4,gemini,prompt2,Exausto de tanto falar/fazer,0.8309
671,manual_data,metaforicas,blue in the face,Falar até ficar roxo.,gemini,prompt4,gemma3,prompt2,Falar até ficar roxo.,0.95
671,manual_data,metaforicas,blue in the face,Falar até ficar roxo.,gemini,prompt4,gemma3,prompt4,Cuspir por aí.,0.8662
671,manual_data,metaforicas,blue in the face,Falar até ficar roxo.,gemini,prompt4,gemmaX,sem_prompt,azul no rosto,0.828
684,manual_data,metaforicas,at the drop of a hat,à toa,gpt,prompt4,gpt,prompt2,a qualquer momento,0.8427
684,manual_data,metaforicas,at the drop of a hat,à toa,gpt,prompt4,gemini,prompt2,Imediatamente,0.8028
684,manual_data,metaforicas,at the drop of a hat,à toa,gpt,prompt4,gemini,prompt4,Imediatamente,0.8028
684,manual_data,metaforicas,at the drop of a hat,à toa,gpt,prompt4,gemma3,prompt2,"De repente, sem hesitar, à primeira vista.",0.7808
684,manual_data,metaforicas,at the drop of a hat,à toa,gpt,prompt4,gemma3,prompt4,De repente.,0.7945
684,manual_data,metaforicas,at the drop of a hat,à toa,gpt,prompt4,gemmaX,sem_prompt,at the drop of a hat,0.807
689,manual_data,metaforicas,another string to your bow,Ter outra carta na manga.,gemini,prompt4,gpt,prompt2,outra habilidade que você possui,0.8578
689,manual_data,metaforicas,another string to your bow,Ter outra carta na manga.,gemini,prompt4,gpt,prompt4,mais uma corda ao seu arco,0.8725
689,manual_data,metaforicas,another string to your bow,Ter outra carta na manga.,gemini,prompt4,gemini,prompt2,Outra arma no seu arco.,0.9087
689,manual_data,metaforicas,another string to your bow,Ter outra carta na manga.,gemini,prompt4,gemma3,prompt2,Mais uma carta na manga.,0.9437
689,manual_data,metaforicas,another string to your bow,Ter outra carta na manga.,gemini,prompt4,gemma3,prompt4,Outra flecha no arco.,0.9053
689,manual_data,metaforicas,another string to your bow,Ter outra carta na manga.,gemini,prompt4,gemmaX,sem_prompt,mais uma string para o seu arco,0.8644
690,manual_data,metaforicas,"easy come, easy go","Rápido chega, rápido se vai.",gemma3,prompt4,gpt,prompt2,"Vem fácil, vai fácil.",0.9165
690,manual_data,metaforicas,"easy come, easy go","Rápido chega, rápido se vai.",gemma3,prompt4,gpt,prompt4,"Facilmente vem, facilmente vai.",0.9314
690,manual_data,metaforicas,"easy come, easy go","Rápido chega, rápido se vai.",gemma3,prompt4,gemini,prompt2,"Fácil vem, fácil vai.",0.887
690,manual_data,metaforicas,"easy come, easy go","Rápido chega, rápido se vai.",gemma3,prompt4,gemini,prompt4,"Entrou por um ouvido, saiu pelo outro.",0.8609
690,manual_data,metaforicas,"easy come, easy go","Rápido chega, rápido se vai.",gemma3,prompt4,gemma3,prompt2,"O que vem fácil, vai fácil.",0.8892
690,manual_data,metaforicas,"easy come, easy go","Rápido chega, rápido se vai.",gemma3,prompt4,gemmaX,sem_prompt,"Vem fácil, vai fácil",0.884
692,manual_data,metaforicas,bolt from the blue,Trovão na cabeça,gemini,prompt4,gpt,prompt2,relâmpago do céu azul,0.8369
692,manual_data,metaforicas,bolt from the blue,Trovão na cabeça,gemini,prompt4,gpt,prompt4,um raio do azul,0.8586
692,manual_data,metaforicas,bolt from the blue,Trovão na cabeça,gemini,prompt4,gemini,prompt2,Raio em céu azul,0.8632
692,manual_data,metaforicas,bolt from the blue,Trovão na cabeça,gemini,prompt4,gemma3,prompt2,Do nada.,0.7931
692,manual_data,metaforicas,bolt from the blue,Trovão na cabeça,gemini,prompt4,gemma3,prompt4,Um raio que vem do céu.,0.8479
692,manual_data,metaforicas,bolt from the blue,Trovão na cabeça,gemini,prompt4,gemmaX,sem_prompt,um raio do nada,0.8333
693,manual_data,metaforicas,dropping the ball,Deixar a desejar.,gpt,prompt4,gpt,prompt2,deixando a desejar,0.9407
693,manual_data,metaforicas,dropping the ball,Deixar a desejar.,gpt,prompt4,gemini,prompt2,Deixar a peteca cair,0.8868
693,manual_data,metaforicas,dropping the ball,Deixar a desejar.,gpt,prompt4,gemini,prompt4,Deixar a peteca cair,0.8868
693,manual_data,metaforicas,dropping the ball,Deixar a desejar.,gpt,prompt4,gemma3,prompt2,Deixar a bola cair.,0.9298
693,manual_data,metaforicas,dropping the ball,Deixar a desejar.,gpt,prompt4,gemma3,prompt4,Deixar a bola cair.,0.9298
693,manual_data,metaforicas,dropping the ball,Deixar a desejar.,gpt,prompt4,gemmaX,sem_prompt,perder a bola,0.8576
695,manual_data,metaforicas,as plain as day,Entendido.,gemma3,prompt4,gpt,prompt2,tão claro quanto o dia,0.7942
695,manual_data,metaforicas,as plain as day,Entendido.,gemma3,prompt4,gpt,prompt4,claro como água,0.7743
695,manual_data,metaforicas,as plain as day,Entendido.,gemma3,prompt4,gemini,prompt2,Claro como o dia.,0.8337
695,manual_data,metaforicas,as plain as day,Entendido.,gemma3,prompt4,gemini,prompt4,Claro como água.,0.8281
695,manual_data,metaforicas,as plain as day,Entendido.,gemma3,prompt4,gemma3,prompt2,Tão claro quanto o dia.,0.8138
695,manual_data,metaforicas,as plain as day,Entendido.,gemma3,prompt4,gemmaX,sem_prompt,claro como o dia,0.8103
696,manual_data,metaforicas,like a fish to water,Como se estivesse em casa.,gemma3,prompt4,gpt,prompt2,como peixe na água,0.8881
696,manual_data,metaforicas,like a fish to water,Como se estivesse em casa.,gemma3,prompt4,gpt,prompt4,como peixe na água,0.8881
696,manual_data,metaforicas,like a fish to water,Como se estivesse em casa.,gemma3,prompt4,gemini,prompt2,Como peixe na água.,0.9121
696,manual_data,metaforicas,like a fish to water,Como se estivesse em casa.,gemma3,prompt4,gemini,prompt4,Como peixe na água.,0.9121
696,manual_data,metaforicas,like a fish to water,Como se estivesse em casa.,gemma3,prompt4,gemma3,prompt2,Como um peixe na água.,0.9195
696,manual_data,metaforicas,like a fish to water,Como se estivesse em casa.,gemma3,prompt4,gemmaX,sem_prompt,como um peixe à água,0.8749
704,manual_data,metaforicas,frog in your throat,Garganta seca,gemini,prompt4,gpt,prompt2,"""Rã na garganta""",0.8752
704,manual_data,metaforicas,frog in your throat,Garganta seca,gemini,prompt4,gpt,prompt4,Rã na garganta.,0.8902
704,manual_data,metaforicas,frog in your throat,Garganta seca,gemini,prompt4,gemini,prompt2,Garganta seca,0.95
704,manual_data,metaforicas,frog in your throat,Garganta seca,gemini,prompt4,gemma3,prompt2,Um caroço na garganta.,0.864
704,manual_data,metaforicas,frog in your throat,Garganta seca,gemini,prompt4,gemma3,prompt4,Um nó na garganta.,0.8792
704,manual_data,metaforicas,frog in your throat,Garganta seca,gemini,prompt4,gemmaX,sem_prompt,sapo na sua garganta,0.8828
705,manual_data,metaforicas,down in the dumps,deitado na tristeza,gpt,prompt4,gpt,prompt2,desanimado,0.8254
705,manual_data,metaforicas,down in the dumps,deitado na tristeza,gpt,prompt4,gemini,prompt2,Para baixo astral,0.8593
705,manual_data,metaforicas,down in the dumps,deitado na tristeza,gpt,prompt4,gemini,prompt4,Na fossa.,0.8237
705,manual_data,metaforicas,down in the dumps,deitado na tristeza,gpt,prompt4,gemma3,prompt2,Abaixo espiritualmente,0.7908
705,manual_data,metaforicas,down in the dumps,deitado na tristeza,gpt,prompt4,gemma3,prompt4,Com o coração no chão.,0.7763
705,manual_data,metaforicas,down in the dumps,deitado na tristeza,gpt,prompt4,gemmaX,sem_prompt,down in the dumps,0.7771
707,manual_data,metaforicas,as high as a kite,À deriva.,gemma3,prompt4,gpt,prompt2,alto como uma pipa,0.7979
707,manual_data,metaforicas,as high as a kite,À deriva.,gemma3,prompt4,gpt,prompt4,nas nuvens,0.8139
707,manual_data,metaforicas,as high as a kite,À deriva.,gemma3,prompt4,gemini,prompt2,Chapado,0.8515
707,manual_data,metaforicas,as high as a kite,À deriva.,gemma3,prompt4,gemini,prompt4,Nas nuvens,0.8024
707,manual_data,metaforicas,as high as a kite,À deriva.,gemma3,prompt4,gemma3,prompt2,"Bem alto, viajado, chapado.",0.8317
707,manual_data,metaforicas,as high as a kite,À deriva.,gemma3,prompt4,gemmaX,sem_prompt,tão alto quanto uma pipa,0.8045
709,manual_data,metaforicas,crying over spilled milk,Chorar sobre o leite derramado.,gemini,prompt4,gpt,prompt2,chorar sobre o leite derramado,0.8637
709,manual_data,metaforicas,crying over spilled milk,Chorar sobre o leite derramado.,gemini,prompt4,gpt,prompt4,Chorando sobre leite derramado.,0.96
709,manual_data,metaforicas,crying over spilled milk,Chorar sobre o leite derramado.,gemini,prompt4,gemini,prompt2,Chorar sobre o leite derramado.,0.95
709,manual_data,metaforicas,crying over spilled milk,Chorar sobre o leite derramado.,gemini,prompt4,gemma3,prompt2,Chorar por leite derramado.,0.9485
709,manual_data,metaforicas,crying over spilled milk,Chorar sobre o leite derramado.,gemini,prompt4,gemma3,prompt4,Chorar por leite derramado.,0.9485
709,manual_data,metaforicas,crying over spilled milk,Chorar sobre o leite derramado.,gemini,prompt4,gemmaX,sem_prompt,Chorando por causa do leite derramado,0.9326
715,manual_data,metaforicas,bird's eye view,Visão de conjunto.,gpt,prompt4,gpt,prompt2,visão de pássaro,0.8741
715,manual_data,metaforicas,bird's eye view,Visão de conjunto.,gpt,prompt4,gemini,prompt2,Vista panorâmica,0.8197
715,manual_data,metaforicas,bird's eye view,Visão de conjunto.,gpt,prompt4,gemini,prompt4,Visão panorâmica,0.871
715,manual_data,metaforicas,bird's eye view,Visão de conjunto.,gpt,prompt4,gemma3,prompt2,Vista aérea,0.8189
715,manual_data,metaforicas,bird's eye view,Visão de conjunto.,gpt,prompt4,gemma3,prompt4,Visão do alto.,0.9614
715,manual_data,metaforicas,bird's eye view,Visão de conjunto.,gpt,prompt4,gemmaX,sem_prompt,visão panorâmica,0.8316
716,manual_data,metaforicas,by a long shot,De forma alguma.,gemma3,prompt4,gpt,prompt2,de longe,0.9054
716,manual_data,metaforicas,by a long shot,De forma alguma.,gemma3,prompt4,gpt,prompt4,de longe,0.9054
716,manual_data,metaforicas,by a long shot,De forma alguma.,gemma3,prompt4,gemini,prompt2,De longe,0.9203
716,manual_data,metaforicas,by a long shot,De forma alguma.,gemma3,prompt4,gemini,prompt4,De longe.,0.9353
716,manual_data,metaforicas,by a long shot,De forma alguma.,gemma3,prompt4,gemma3,prompt2,De maneira alguma.,0.9366
716,manual_data,metaforicas,by a long shot,De forma alguma.,gemma3,prompt4,gemmaX,sem_prompt,por uma grande margem,0.8302
717,manual_data,metaforicas,add insult to injury,Botar mais lenha na fogueira.,gemini,prompt4,gpt,prompt2,Adicionar insulto à lesão.,0.8707
717,manual_data,metaforicas,add insult to injury,Botar mais lenha na fogueira.,gemini,prompt4,gpt,prompt4,agravar a situação,0.8786
717,manual_data,metaforicas,add insult to injury,Botar mais lenha na fogueira.,gemini,prompt4,gemini,prompt2,Piorar as coisas,0.8734
717,manual_data,metaforicas,add insult to injury,Botar mais lenha na fogueira.,gemini,prompt4,gemma3,prompt2,Atingir/Juntar-se a um golpe com outro.,0.8417
717,manual_data,metaforicas,add insult to injury,Botar mais lenha na fogueira.,gemini,prompt4,gemma3,prompt4,Para completar a desgraça.,0.8844
717,manual_data,metaforicas,add insult to injury,Botar mais lenha na fogueira.,gemini,prompt4,gemmaX,sem_prompt,Acrescentar insulto à injúria,0.843
