indice,ingles_original,melhor_trad,outra_trad,melhor_modelo,melhor_prompt,outro_modelo,outro_prompt,parascore
86,cat on a hot tin roof,gato em um telhado quente de lata,gato em um telhado de lata quente,gpt,prompt2,gemmaX,sem_prompt,0.998
441,give someone the cold shoulder,dar a alguém o ombro frio,dar o ombro frio a alguém,gemmaX,sem_prompt,gpt,prompt2,0.9895
296,breaking the mold,quebrando o molde,quebrando o padrão,gemmaX,sem_prompt,gpt,prompt2,0.9869
160,as good as done,quase feito,praticamente feito,gpt,prompt2,gpt,prompt4,0.9849
115,ball is in your court,A bola está no seu campo.,A bola está em seu tribunal.,gemini,prompt2,gpt,prompt2,0.9848
630,like a fish out of water,Como um peixe fora d'água.,Um peixe fora d'água.,gemma3,prompt2,gemma3,prompt4,0.978
540,banging your head against a brick wall,bater a cabeça contra uma parede de tijolos,bater a cabeça na parede,gemmaX,sem_prompt,gpt,prompt2,0.976
130,as hungry as a wolf,tão faminto quanto um lobo,faminto como um lobo,gpt,prompt2,gpt,prompt4,0.9743
696,like a fish to water,Como um peixe na água.,como peixe na água,gemma3,prompt2,gpt,prompt2,0.9706
696,like a fish to water,Como um peixe na água.,como peixe na água,gemma3,prompt2,gpt,prompt4,0.9706
74,actions speak louder than words,As ações falam mais alto do que as palavras.,As ações valem mais que as promessas.,gemma3,prompt2,gemma3,prompt4,0.9705
467,a tower of strength,uma torre de força,pilar de força,gemmaX,sem_prompt,gpt,prompt4,0.9696
14,an iron fist,um punho de ferro,Punho de ferro,gemmaX,sem_prompt,gemini,prompt2,0.9687
14,an iron fist,um punho de ferro,Punho de ferro,gemmaX,sem_prompt,gemini,prompt4,0.9687
14,an iron fist,um punho de ferro,Punho de ferro,gemmaX,sem_prompt,gemma3,prompt2,0.9687
595,a weight on my shoulders,um peso sobre os meus ombros,um peso nos meus ombros,gpt,prompt2,gpt,prompt4,0.9686
595,a weight on my shoulders,um peso sobre os meus ombros,um peso nos meus ombros,gpt,prompt2,gemmaX,sem_prompt,0.9686
212,"if you can't stand the heat, get out of the kitchen","Se não aguenta o calor, saia da cozinha.","Se você não aguenta a pressão, saia da cozinha.",gemini,prompt2,gpt,prompt4,0.9682
358,don't put all your eggs in one basket,Não coloque todos os seus ovos na mesma cesta.,Não coloque todos os ovos na mesma cesta.,gemma3,prompt2,gemini,prompt2,0.9678
358,don't put all your eggs in one basket,Não coloque todos os seus ovos na mesma cesta.,Não coloque todos os ovos na mesma cesta.,gemma3,prompt2,gemini,prompt4,0.9678
398,butterflies in my stomach,borboletas no meu estômago,Borboletas no estômago,gpt,prompt2,gemini,prompt2,0.9666
115,ball is in your court,A bola está no seu campo.,A bola está com você.,gemini,prompt2,gpt,prompt4,0.9664
115,ball is in your court,A bola está no seu campo.,A bola está com você.,gemini,prompt2,gemma3,prompt2,0.9664
115,ball is in your court,A bola está no seu campo.,A bola está com você.,gemini,prompt2,gemma3,prompt4,0.9664
423,big picture,O quadro geral,visão geral,gemma3,prompt2,gpt,prompt4,0.9664
61,all eyes on you,todos os olhares estão em você,todos os olhos em você,gpt,prompt2,gemmaX,sem_prompt,0.9661
534,at a snail's pace,a um ritmo de lesma,a passo de lesma,gemmaX,sem_prompt,gpt,prompt4,0.966
386,a leopard can't change its spots,Um leopardo não pode mudar suas manchas.,Um leopardo não muda suas manchas.,gpt,prompt2,gemma3,prompt2,0.9647
696,like a fish to water,Como um peixe na água.,Como peixe na água.,gemma3,prompt2,gemini,prompt2,0.9639
696,like a fish to water,Como um peixe na água.,Como peixe na água.,gemma3,prompt2,gemini,prompt4,0.9639
239,live in a glass house,Morar em casa de vidro,viver em uma casa de vidro,gemini,prompt2,gpt,prompt2,0.9635
7,my hands are tied,Minhas mãos estão atadas.,As mãos estão atadas.,gpt,prompt2,gemma3,prompt4,0.9629
463,as busy as a bee,Tão ocupado como uma abelha.,ativo como uma abelha.,gemini,prompt2,gpt,prompt4,0.9619
313,as stubborn as a mule,tão teimoso quanto uma mula,teimoso como uma mula,gemmaX,sem_prompt,gpt,prompt2,0.9616
313,as stubborn as a mule,tão teimoso quanto uma mula,teimoso como uma mula,gemmaX,sem_prompt,gpt,prompt4,0.9616
156,a heart of gold,um coração de ouro,coração de ouro,gpt,prompt2,gpt,prompt4,0.9607
178,as easy as shooting fish in a barrel,Tão fácil quanto atirar em peixes num barril.,Tão fácil como atirar em peixes num barril,gemini,prompt2,gemmaX,sem_prompt,0.9603
29,black as night,preto como a noite,negra como a noite,gemmaX,sem_prompt,gpt,prompt2,0.9597
463,as busy as a bee,Tão ocupado como uma abelha.,ocupado como uma abelha,gemini,prompt2,gemmaX,sem_prompt,0.9596
511,a fish out of water,Um peixe fora d'água,peixe fora d'água,gemini,prompt2,gpt,prompt4,0.9596
236,ball of fire,bola de fogo,Bola de fogo,gemmaX,sem_prompt,gemini,prompt2,0.9594
236,ball of fire,bola de fogo,Bola de fogo,gemmaX,sem_prompt,gemma3,prompt2,0.9594
347,an old flame,uma antiga paixão,um antigo amor,gemmaX,sem_prompt,gpt,prompt2,0.9592
624,down to earth,Pé no chão,pé no chão,gemini,prompt2,gpt,prompt2,0.959
624,down to earth,Pé no chão,pé no chão,gemini,prompt2,gpt,prompt4,0.959
66,as easy as pie,Tão fácil quanto uma torta.,fácil como um bolo.,gemini,prompt2,gpt,prompt4,0.9589
146,as sharp as a tack,afiado como uma agulha,afiado como um prego,gemmaX,sem_prompt,gpt,prompt2,0.9586
212,"if you can't stand the heat, get out of the kitchen","Se não aguenta o calor, saia da cozinha.","""Se você não consegue suportar o calor, saia da cozinha.""",gemini,prompt2,gpt,prompt2,0.9586
630,like a fish out of water,Como um peixe fora d'água.,Como peixe fora d'água.,gemma3,prompt2,gemini,prompt4,0.9579
659,don't cry over spilled milk,Não chore por leite derramado.,Não chore pelo leite derramado.,gemma3,prompt2,gemini,prompt2,0.9577
630,like a fish out of water,Como um peixe fora d'água.,como peixe fora d'água,gemma3,prompt2,gpt,prompt4,0.9572
115,ball is in your court,A bola está no seu campo.,A bola está em seu campo.,gemini,prompt2,gemini,prompt4,0.9566
212,"if you can't stand the heat, get out of the kitchen","Se não aguenta o calor, saia da cozinha.","Se você não aguenta o calor, saia da cozinha.",gemini,prompt2,gemma3,prompt2,0.9565
29,black as night,preto como a noite,escuro como a noite,gemmaX,sem_prompt,gpt,prompt4,0.9562
125,blessing in disguise,Uma bênção disfarçada.,benção disfarçada,gemma3,prompt2,gpt,prompt2,0.9562
125,blessing in disguise,Uma bênção disfarçada.,benção disfarçada,gemma3,prompt2,gpt,prompt4,0.9562
125,blessing in disguise,Uma bênção disfarçada.,benção disfarçada,gemma3,prompt2,gemmaX,sem_prompt,0.9562
29,black as night,preto como a noite,Negro como a noite,gemmaX,sem_prompt,gemini,prompt2,0.9561
264,a penny saved is a penny earned,Um centavo economizado é um centavo ganho.,Um centavo guardado é um centavo ganho.,gpt,prompt2,gpt,prompt4,0.956
660,back to basics,de volta ao básico,de volta aos fundamentos,gpt,prompt2,gpt,prompt4,0.9559
27,change of heart,Mudança de coração,Mudança de opinião,gemini,prompt2,gemma3,prompt2,0.9556
540,banging your head against a brick wall,bater a cabeça contra uma parede de tijolos,bater cabeça na parede,gemmaX,sem_prompt,gpt,prompt4,0.9553
62,a skeleton in the closet,um esqueleto no armário,esqueleto no armário,gpt,prompt2,gpt,prompt4,0.9551
301,blood runs thicker than water,O sangue é mais grosso que a água.,O sangue é mais espesso do que a água,gemma3,prompt2,gemmaX,sem_prompt,0.9546
211,close to home,Perto de casa.,Perto do coração.,gemma3,prompt2,gemma3,prompt4,0.9542
73,"another day, another dollar","Mais um dia, mais um dólar.","Outro dia, outro dólar",gpt,prompt2,gemmaX,sem_prompt,0.9535
74,actions speak louder than words,As ações falam mais alto do que as palavras.,Ações falam mais alto que palavras.,gemma3,prompt2,gpt,prompt2,0.9532
611,finding a needle in a haystack,Encontrar uma agulha num palheiro,Procurar uma agulha no palheiro,gemmaX,sem_prompt,gemini,prompt2,0.9531
127,bigger than life,maior que a vida,maior do que a vida,gpt,prompt2,gpt,prompt4,0.9529
74,actions speak louder than words,As ações falam mais alto do que as palavras.,Atos falam mais alto que palavras.,gemma3,prompt2,gpt,prompt4,0.9528
380,don’t put all your eggs in one basket,Não coloque todos os ovos na mesma cesta.,Não coloque todos os seus ovos na mesma cesta.,gemma3,prompt2,gpt,prompt4,0.9526
380,don’t put all your eggs in one basket,Não coloque todos os ovos na mesma cesta.,Não coloque todos os seus ovos na mesma cesta.,gemma3,prompt2,gemma3,prompt4,0.9526
470,all the world's a stage,Todo o mundo é um palco,O mundo é um palco.,gemmaX,sem_prompt,gemma3,prompt4,0.9526
662,carved in stone,Esculpido em pedra,gravado em pedra,gemini,prompt2,gpt,prompt4,0.9523
440,bring home the bacon,trazer o pão para casa,trazer para casa o bacon,gpt,prompt2,gemmaX,sem_prompt,0.952
463,as busy as a bee,Tão ocupado como uma abelha.,Atarefado como uma abelha.,gemini,prompt2,gemini,prompt4,0.952
463,as busy as a bee,Tão ocupado como uma abelha.,Atarefado como uma abelha.,gemini,prompt2,gemma3,prompt2,0.952
659,don't cry over spilled milk,Não chore por leite derramado.,Não adianta chorar o leite derramado.,gemma3,prompt2,gemma3,prompt4,0.952
631,"like father, like son","Assim como pai, assim como filho.","Tal pai, tal filho.",gpt,prompt2,gpt,prompt4,0.9519
631,"like father, like son","Assim como pai, assim como filho.","Tal pai, tal filho.",gpt,prompt2,gemini,prompt2,0.9519
631,"like father, like son","Assim como pai, assim como filho.","Tal pai, tal filho.",gpt,prompt2,gemini,prompt4,0.9519
378,cast a shadow,lançar uma sombra,projetar uma sombra,gemmaX,sem_prompt,gpt,prompt2,0.9518
395,pull the plug,Desligar o aparelho.,Desligar tudo,gemma3,prompt2,gemini,prompt2,0.9516
305,come apart at the seams,desfazer-se pelas costuras,desfazer-se nas costuras,gpt,prompt2,gemmaX,sem_prompt,0.951
378,cast a shadow,lançar uma sombra,projeta uma sombra,gemmaX,sem_prompt,gpt,prompt4,0.9508
296,breaking the mold,quebrando o molde,quebrar o molde,gemmaX,sem_prompt,gpt,prompt4,0.9505
325,climbing the ladder,subindo a escada,Subindo a escada,gemmaX,sem_prompt,gemini,prompt2,0.9505
325,climbing the ladder,subindo a escada,Subindo a escada,gemmaX,sem_prompt,gemma3,prompt2,0.9505
662,carved in stone,Esculpido em pedra,esculpido em pedra,gemini,prompt2,gpt,prompt2,0.9504
711,darkest before dawn,A noite mais escura antes do amanhecer.,mais escuro antes do amanhecer,gemma3,prompt2,gemmaX,sem_prompt,0.9504
630,like a fish out of water,Como um peixe fora d'água.,Como peixe fora d'água,gemma3,prompt2,gemini,prompt2,0.9503
2,let the cat out of the bag,Deixar o gato sair do saco.,Deixar o gato sair do saco.,gpt,prompt2,gpt,prompt4,0.95
7,my hands are tied,Minhas mãos estão atadas.,Minhas mãos estão atadas.,gpt,prompt2,gpt,prompt4,0.95
31,close to my heart,Perto do meu coração.,Perto do meu coração.,gemini,prompt2,gpt,prompt4,0.95
31,close to my heart,Perto do meu coração.,Perto do meu coração.,gemini,prompt2,gemini,prompt4,0.95
31,close to my heart,Perto do meu coração.,Perto do meu coração.,gemini,prompt2,gemma3,prompt2,0.95
56,best of both worlds,O melhor dos dois mundos.,O melhor dos dois mundos.,gemini,prompt2,gemini,prompt4,0.95
56,best of both worlds,O melhor dos dois mundos.,O melhor dos dois mundos.,gemini,prompt2,gemma3,prompt4,0.95
62,a skeleton in the closet,um esqueleto no armário,um esqueleto no armário,gpt,prompt2,gemmaX,sem_prompt,0.95
64,cool as a cucumber,Calmo como um pepino.,Calmo como um pepino.,gemini,prompt2,gemini,prompt4,0.95
67,butterfly effect,efeito borboleta,efeito borboleta,gemmaX,sem_prompt,gpt,prompt2,0.95
67,butterfly effect,efeito borboleta,efeito borboleta,gemmaX,sem_prompt,gpt,prompt4,0.95
73,"another day, another dollar","Mais um dia, mais um dólar.","Mais um dia, mais um dólar.",gpt,prompt2,gemini,prompt2,0.95
73,"another day, another dollar","Mais um dia, mais um dólar.","Mais um dia, mais um dólar.",gpt,prompt2,gemma3,prompt2,0.95
75,climbing up the ladder,subindo a escada,subindo a escada,gpt,prompt2,gemmaX,sem_prompt,0.95
83,a slap on the wrist,uma palmada no pulso,uma palmada no pulso,gpt,prompt2,gpt,prompt4,0.95
91,boiling point,ponto de ebulição,ponto de ebulição,gemmaX,sem_prompt,gpt,prompt2,0.95
91,boiling point,ponto de ebulição,ponto de ebulição,gemmaX,sem_prompt,gpt,prompt4,0.95
101,chasing shadows,perseguindo sombras,perseguindo sombras,gemmaX,sem_prompt,gpt,prompt2,0.95
101,chasing shadows,perseguindo sombras,perseguindo sombras,gemmaX,sem_prompt,gpt,prompt4,0.95
122,burnt out,queimado,queimado,gemmaX,sem_prompt,gpt,prompt4,0.95
125,blessing in disguise,Uma bênção disfarçada.,Uma bênção disfarçada.,gemma3,prompt2,gemma3,prompt4,0.95
127,bigger than life,maior que a vida,maior que a vida,gpt,prompt2,gemmaX,sem_prompt,0.95
145,a fly on the wall,Uma mosca na parede.,Uma mosca na parede.,gemma3,prompt2,gemini,prompt4,0.95
145,a fly on the wall,Uma mosca na parede.,Uma mosca na parede.,gemma3,prompt2,gemma3,prompt4,0.95
156,a heart of gold,um coração de ouro,um coração de ouro,gpt,prompt2,gemmaX,sem_prompt,0.95
161,a voice in the wilderness,Uma voz no deserto,Uma voz no deserto,gemini,prompt2,gemma3,prompt2,0.95
164,curiosity killed the cat,A curiosidade matou o gato.,A curiosidade matou o gato.,gemma3,prompt2,gpt,prompt2,0.95
164,curiosity killed the cat,A curiosidade matou o gato.,A curiosidade matou o gato.,gemma3,prompt2,gpt,prompt4,0.95
164,curiosity killed the cat,A curiosidade matou o gato.,A curiosidade matou o gato.,gemma3,prompt2,gemini,prompt2,0.95
164,curiosity killed the cat,A curiosidade matou o gato.,A curiosidade matou o gato.,gemma3,prompt2,gemini,prompt4,0.95
164,curiosity killed the cat,A curiosidade matou o gato.,A curiosidade matou o gato.,gemma3,prompt2,gemma3,prompt4,0.95
171,comfort zone,Zona de conforto,Zona de conforto,gemini,prompt2,gemini,prompt4,0.95
171,comfort zone,Zona de conforto,Zona de conforto,gemini,prompt2,gemma3,prompt2,0.95
184,burn bridges,Queimar pontes,Queimar pontes,gemini,prompt2,gemma3,prompt2,0.95
197,as cool as a cucumber,Calmo como um pepino.,Calmo como um pepino.,gemini,prompt2,gemini,prompt4,0.95
197,as cool as a cucumber,Calmo como um pepino.,Calmo como um pepino.,gemini,prompt2,gemma3,prompt4,0.95
211,close to home,Perto de casa.,Perto de casa.,gemma3,prompt2,gemini,prompt4,0.95
215,fish out of water,peixe fora d'água,peixe fora d'água,gpt,prompt2,gemmaX,sem_prompt,0.95
219,break the mold,quebrar o molde,quebrar o molde,gemmaX,sem_prompt,gpt,prompt2,0.95
219,break the mold,quebrar o molde,quebrar o molde,gemmaX,sem_prompt,gpt,prompt4,0.95
233,"hope for the best, prepare for the worst","Esperar o melhor, preparar-se para o pior.","Esperar o melhor, preparar-se para o pior.",gemini,prompt2,gemini,prompt4,0.95
233,"hope for the best, prepare for the worst","Esperar o melhor, preparar-se para o pior.","Esperar o melhor, preparar-se para o pior.",gemini,prompt2,gemma3,prompt2,0.95
236,ball of fire,bola de fogo,bola de fogo,gemmaX,sem_prompt,gpt,prompt2,0.95
236,ball of fire,bola de fogo,bola de fogo,gemmaX,sem_prompt,gpt,prompt4,0.95
241,don’t cry over spilled milk,Não chore por leite derramado.,Não chore por leite derramado.,gemma3,prompt2,gemma3,prompt4,0.95
255,heart of stone,coração de pedra,coração de pedra,gemmaX,sem_prompt,gpt,prompt2,0.95
255,heart of stone,coração de pedra,coração de pedra,gemmaX,sem_prompt,gpt,prompt4,0.95
257,a taste of your own medicine,um gosto da sua própria medicina,um gosto da sua própria medicina,gpt,prompt2,gemmaX,sem_prompt,0.95
264,a penny saved is a penny earned,Um centavo economizado é um centavo ganho.,Um centavo economizado é um centavo ganho.,gpt,prompt2,gemini,prompt4,0.95
281,dead in the water,morto na água,morto na água,gpt,prompt2,gpt,prompt4,0.95
281,dead in the water,morto na água,morto na água,gpt,prompt2,gemmaX,sem_prompt,0.95
286,clear as mud,claro como lama,claro como lama,gpt,prompt2,gpt,prompt4,0.95
286,clear as mud,claro como lama,claro como lama,gpt,prompt2,gemmaX,sem_prompt,0.95
291,a ray of hope,Um raio de esperança,Um raio de esperança,gemini,prompt2,gemma3,prompt2,0.95
293,crash course,Curso intensivo,Curso intensivo,gemini,prompt2,gemini,prompt4,0.95
293,crash course,Curso intensivo,Curso intensivo,gemini,prompt2,gemma3,prompt2,0.95
308,big league,grande liga,grande liga,gpt,prompt2,gpt,prompt4,0.95
325,climbing the ladder,subindo a escada,subindo a escada,gemmaX,sem_prompt,gpt,prompt2,0.95
327,better half,melhor metade,melhor metade,gemmaX,sem_prompt,gpt,prompt2,0.95
327,better half,melhor metade,melhor metade,gemmaX,sem_prompt,gpt,prompt4,0.95
358,don't put all your eggs in one basket,Não coloque todos os seus ovos na mesma cesta.,Não coloque todos os seus ovos em uma só cesta.,gemma3,prompt2,gpt,prompt2,0.95
358,don't put all your eggs in one basket,Não coloque todos os seus ovos na mesma cesta.,Não coloque todos os seus ovos na mesma cesta.,gemma3,prompt2,gpt,prompt4,0.95
358,don't put all your eggs in one basket,Não coloque todos os seus ovos na mesma cesta.,Não coloque todos os seus ovos na mesma cesta.,gemma3,prompt2,gemma3,prompt4,0.95
361,don't bite the hand that feeds you,Não morda a mão que te alimenta.,Não morda a mão que te alimenta.,gemini,prompt2,gpt,prompt2,0.95
361,don't bite the hand that feeds you,Não morda a mão que te alimenta.,Não morda a mão que te alimenta.,gemini,prompt2,gpt,prompt4,0.95
361,don't bite the hand that feeds you,Não morda a mão que te alimenta.,Não morda a mão que te alimenta.,gemini,prompt2,gemini,prompt4,0.95
366,busy as a bee,ocupado como uma abelha,ocupado como uma abelha,gpt,prompt2,gpt,prompt4,0.95
366,busy as a bee,ocupado como uma abelha,ocupado como uma abelha,gpt,prompt2,gemmaX,sem_prompt,0.95
380,don’t put all your eggs in one basket,Não coloque todos os ovos na mesma cesta.,Não coloque todos os ovos na mesma cesta.,gemma3,prompt2,gemini,prompt2,0.95
380,don’t put all your eggs in one basket,Não coloque todos os ovos na mesma cesta.,Não coloque todos os ovos na mesma cesta.,gemma3,prompt2,gemini,prompt4,0.95
389,like riding a bike,Como andar de bicicleta.,Como andar de bicicleta.,gemma3,prompt2,gemini,prompt2,0.95
389,like riding a bike,Como andar de bicicleta.,Como andar de bicicleta.,gemma3,prompt2,gemma3,prompt4,0.95
398,butterflies in my stomach,borboletas no meu estômago,borboletas no meu estômago,gpt,prompt2,gemmaX,sem_prompt,0.95
400,smooth sailing,navegação tranquila,navegação tranquila,gpt,prompt2,gemmaX,sem_prompt,0.95
408,built like a tank,construído como um tanque,construído como um tanque,gemmaX,sem_prompt,gpt,prompt2,0.95
439,flying high,Voando alto,Voando alto,gemini,prompt2,gemma3,prompt2,0.95
440,bring home the bacon,trazer o pão para casa,trazer o pão para casa,gpt,prompt2,gpt,prompt4,0.95
442,bite your tongue,Morda a língua,Morda a língua,gemmaX,sem_prompt,gemini,prompt2,0.95
443,all in a day's work,Tudo em um dia de trabalho.,Tudo em um dia de trabalho.,gemini,prompt2,gpt,prompt4,0.95
447,"blood, sweat, and tears","Sangue, suor e lágrimas.","Sangue, suor e lágrimas.",gemma3,prompt2,gemini,prompt2,0.95
447,"blood, sweat, and tears","Sangue, suor e lágrimas.","Sangue, suor e lágrimas.",gemma3,prompt2,gemini,prompt4,0.95
447,"blood, sweat, and tears","Sangue, suor e lágrimas.","Sangue, suor e lágrimas.",gemma3,prompt2,gemma3,prompt4,0.95
453,black and blue,preto e azul,preto e azul,gpt,prompt2,gpt,prompt4,0.95
453,black and blue,preto e azul,preto e azul,gpt,prompt2,gemmaX,sem_prompt,0.95
465,come out of your shell,Saia da sua concha.,Saia da sua concha.,gemini,prompt2,gemma3,prompt2,0.95
466,a storm in a teacup,Uma tempestade num copo d'água.,Uma tempestade num copo d'água.,gemma3,prompt2,gemma3,prompt4,0.95
467,a tower of strength,uma torre de força,uma torre de força,gemmaX,sem_prompt,gpt,prompt2,0.95
477,keep your chin up,Mantenha a cabeça erguida.,Mantenha a cabeça erguida.,gemma3,prompt2,gpt,prompt2,0.95
477,keep your chin up,Mantenha a cabeça erguida.,Mantenha a cabeça erguida.,gemma3,prompt2,gemma3,prompt4,0.95
481,a place in the sun,Um lugar ao sol,Um lugar ao sol,gemmaX,sem_prompt,gemini,prompt2,0.95
486,break the ice,Quebrar o gelo,Quebrar o gelo,gemini,prompt2,gemma3,prompt2,0.95
494,as smooth as silk,suave como seda,suave como seda,gpt,prompt2,gpt,prompt4,0.95
505,don't judge a book by its cover,Não julgue um livro pela capa.,Não julgue um livro pela capa.,gemma3,prompt2,gpt,prompt2,0.95
505,don't judge a book by its cover,Não julgue um livro pela capa.,Não julgue um livro pela capa.,gemma3,prompt2,gpt,prompt4,0.95
505,don't judge a book by its cover,Não julgue um livro pela capa.,Não julgue um livro pela capa.,gemma3,prompt2,gemini,prompt2,0.95
505,don't judge a book by its cover,Não julgue um livro pela capa.,Não julgue um livro pela capa.,gemma3,prompt2,gemini,prompt4,0.95
505,don't judge a book by its cover,Não julgue um livro pela capa.,Não julgue um livro pela capa.,gemma3,prompt2,gemma3,prompt4,0.95
520,dance with the devil,Dançar com o diabo.,Dançar com o diabo.,gemma3,prompt2,gemini,prompt4,0.95
520,dance with the devil,Dançar com o diabo.,Dançar com o diabo.,gemma3,prompt2,gemma3,prompt4,0.95
532,carry the torch,carregar a tocha,carregar a tocha,gpt,prompt2,gpt,prompt4,0.95
532,carry the torch,carregar a tocha,carregar a tocha,gpt,prompt2,gemmaX,sem_prompt,0.95
536,dressed to kill,vestida para matar,vestida para matar,gpt,prompt2,gemmaX,sem_prompt,0.95
537,all in your head,Tudo na sua cabeça.,Tudo na sua cabeça.,gemma3,prompt2,gemini,prompt2,0.95
537,all in your head,Tudo na sua cabeça.,Tudo na sua cabeça.,gemma3,prompt2,gemini,prompt4,0.95
537,all in your head,Tudo na sua cabeça.,Tudo na sua cabeça.,gemma3,prompt2,gemma3,prompt4,0.95
590,carry a torch,carregar uma tocha,carregar uma tocha,gpt,prompt2,gemmaX,sem_prompt,0.95
615,black mark,marca negra,marca negra,gpt,prompt2,gpt,prompt4,0.95
621,from the bottom of my heart,Do fundo do meu coração,Do fundo do meu coração,gemini,prompt2,gemini,prompt4,0.95
629,as clear as day,claro como o dia,claro como o dia,gemmaX,sem_prompt,gpt,prompt4,0.95
639,eye of the storm,Olho do furacão,Olho do furacão,gemini,prompt2,gemma3,prompt2,0.95
646,against all odds,Contra todas as probabilidades,Contra todas as probabilidades,gemini,prompt2,gemma3,prompt2,0.95
655,a taste of freedom,um gosto de liberdade,um gosto de liberdade,gemmaX,sem_prompt,gpt,prompt2,0.95
655,a taste of freedom,um gosto de liberdade,um gosto de liberdade,gemmaX,sem_prompt,gpt,prompt4,0.95
662,carved in stone,Esculpido em pedra,Esculpido em pedra,gemini,prompt2,gemma3,prompt2,0.95
685,have a heart of stone,Ter um coração de pedra.,Ter um coração de pedra.,gemma3,prompt2,gemini,prompt2,0.95
685,have a heart of stone,Ter um coração de pedra.,Ter um coração de pedra.,gemma3,prompt2,gemini,prompt4,0.95
685,have a heart of stone,Ter um coração de pedra.,Ter um coração de pedra.,gemma3,prompt2,gemma3,prompt4,0.95
703,better late than never,Antes tarde do que nunca.,Antes tarde do que nunca.,gemini,prompt2,gpt,prompt2,0.95
703,better late than never,Antes tarde do que nunca.,Antes tarde do que nunca.,gemini,prompt2,gpt,prompt4,0.95
703,better late than never,Antes tarde do que nunca.,Antes tarde do que nunca.,gemini,prompt2,gemini,prompt4,0.95
706,blood is thicker than water,Sangue é mais espesso que água.,Sangue é mais espesso que água.,gemini,prompt2,gpt,prompt2,0.95
706,blood is thicker than water,Sangue é mais espesso que água.,Sangue é mais espesso que água.,gemini,prompt2,gpt,prompt4,0.95
711,darkest before dawn,A noite mais escura antes do amanhecer.,A noite mais escura antes do amanhecer.,gemma3,prompt2,gemma3,prompt4,0.95
14,an iron fist,um punho de ferro,punho de ferro,gemmaX,sem_prompt,gpt,prompt4,0.9499
74,actions speak louder than words,As ações falam mais alto do que as palavras.,Ações valem mais que palavras.,gemma3,prompt2,gemini,prompt2,0.9499
74,actions speak louder than words,As ações falam mais alto do que as palavras.,Ações valem mais que palavras.,gemma3,prompt2,gemini,prompt4,0.9499
540,banging your head against a brick wall,bater a cabeça contra uma parede de tijolos,Bater a cabeça contra a parede.,gemmaX,sem_prompt,gemini,prompt2,0.9495
630,like a fish out of water,Como um peixe fora d'água.,como um peixe fora d'água,gemma3,prompt2,gpt,prompt2,0.9494
630,like a fish out of water,Como um peixe fora d'água.,como um peixe fora d'água,gemma3,prompt2,gemmaX,sem_prompt,0.9494
283,buy a lemon,Compre uma limão.,comprar um limão,gemma3,prompt2,gpt,prompt2,0.9493
283,buy a lemon,Compre uma limão.,comprar um limão,gemma3,prompt2,gemmaX,sem_prompt,0.9493
416,a blessing in disguise,Uma bênção disfarçada,uma bênção disfarçada,gemini,prompt2,gpt,prompt2,0.9492
416,a blessing in disguise,Uma bênção disfarçada,uma bênção disfarçada,gemini,prompt2,gemmaX,sem_prompt,0.9492
178,as easy as shooting fish in a barrel,Tão fácil quanto atirar em peixes num barril.,Tão fácil quanto tirar doce de criança.,gemini,prompt2,gemini,prompt4,0.949
520,dance with the devil,Dançar com o diabo.,dance com o diabo,gemma3,prompt2,gpt,prompt2,0.9486
241,don’t cry over spilled milk,Não chore por leite derramado.,Não adianta chorar sobre o leite derramado.,gemma3,prompt2,gpt,prompt2,0.9478
241,don’t cry over spilled milk,Não chore por leite derramado.,Não adianta chorar sobre o leite derramado.,gemma3,prompt2,gpt,prompt4,0.9478
659,don't cry over spilled milk,Não chore por leite derramado.,Não adianta chorar sobre o leite derramado.,gemma3,prompt2,gpt,prompt4,0.9478
659,don't cry over spilled milk,Não chore por leite derramado.,Não adianta chorar sobre o leite derramado.,gemma3,prompt2,gemini,prompt4,0.9478
611,finding a needle in a haystack,Encontrar uma agulha num palheiro,achar uma agulha no palheiro,gemmaX,sem_prompt,gpt,prompt4,0.9477
311,all that glitters is not gold,Nem tudo que brilha é ouro.,Nem tudo o que brilha é ouro,gpt,prompt2,gemmaX,sem_prompt,0.9475
462,cat got your tongue,O gato comeu sua língua?,Caiu a sua língua?,gemma3,prompt2,gpt,prompt2,0.9473
291,a ray of hope,Um raio de esperança,um raio de esperança,gemini,prompt2,gpt,prompt2,0.9472
291,a ray of hope,Um raio de esperança,um raio de esperança,gemini,prompt2,gemmaX,sem_prompt,0.9472
74,actions speak louder than words,As ações falam mais alto do que as palavras.,as ações falam mais alto do que as palavras,gemma3,prompt2,gemmaX,sem_prompt,0.9471
621,from the bottom of my heart,Do fundo do meu coração,do fundo do meu coração,gemini,prompt2,gpt,prompt2,0.9469
621,from the bottom of my heart,Do fundo do meu coração,do fundo do meu coração,gemini,prompt2,gemmaX,sem_prompt,0.9469
406,as good as gold,tão bom quanto o ouro,tão bom quanto ouro,gemmaX,sem_prompt,gpt,prompt2,0.9459
233,"hope for the best, prepare for the worst","Esperar o melhor, preparar-se para o pior.","Esperar pelo melhor, preparar-se para o pior.",gemini,prompt2,gpt,prompt4,0.9457
660,back to basics,de volta ao básico,De volta ao básico,gpt,prompt2,gemini,prompt2,0.9456
690,"easy come, easy go","Fácil vem, fácil vai.","Vem fácil, vai fácil.",gemini,prompt2,gpt,prompt2,0.9456
259,cloud of suspicion,Nuvem de suspeita,nuvem de suspeita,gemma3,prompt2,gpt,prompt2,0.9455
259,cloud of suspicion,Nuvem de suspeita,nuvem de suspeita,gemma3,prompt2,gpt,prompt4,0.9455
259,cloud of suspicion,Nuvem de suspeita,nuvem de suspeita,gemma3,prompt2,gemmaX,sem_prompt,0.9455
326,a rolling stone gathers no moss,Uma pedra rolante não acumula musgo,Uma pedra que rola não cria musgo.,gemmaX,sem_prompt,gpt,prompt2,0.9455
439,flying high,Voando alto,voando alto,gemini,prompt2,gpt,prompt2,0.9454
439,flying high,Voando alto,voando alto,gemini,prompt2,gpt,prompt4,0.9454
439,flying high,Voando alto,voando alto,gemini,prompt2,gemmaX,sem_prompt,0.9454
145,a fly on the wall,Uma mosca na parede.,mosca na parede,gemma3,prompt2,gpt,prompt4,0.9453
86,cat on a hot tin roof,gato em um telhado quente de lata,Gato sobre um telhado de lata quente.,gpt,prompt2,gemma3,prompt2,0.945
359,black as coal,Preto como carvão,preto como carvão,gemini,prompt2,gpt,prompt2,0.9449
359,black as coal,Preto como carvão,preto como carvão,gemini,prompt2,gpt,prompt4,0.9449
359,black as coal,Preto como carvão,preto como carvão,gemini,prompt2,gemmaX,sem_prompt,0.9449
520,dance with the devil,Dançar com o diabo.,Dance com o diabo.,gemma3,prompt2,gemini,prompt2,0.9449
386,a leopard can't change its spots,Um leopardo não pode mudar suas manchas.,Um leopardo não pode mudar suas manchas,gpt,prompt2,gemmaX,sem_prompt,0.9444
73,"another day, another dollar","Mais um dia, mais um dólar.","Mais um dia, mais um trocado.",gpt,prompt2,gpt,prompt4,0.9442
73,"another day, another dollar","Mais um dia, mais um dólar.","Mais um dia, mais um trocado.",gpt,prompt2,gemini,prompt4,0.9442
697,change your tune,mude sua melodia,mude seu tom,gemmaX,sem_prompt,gpt,prompt2,0.9442
156,a heart of gold,um coração de ouro,Um coração de ouro,gpt,prompt2,gemma3,prompt2,0.944
287,different strokes for different folks,diferentes estilos para diferentes pessoas,Cores diferentes para pessoas diferentes.,gemmaX,sem_prompt,gpt,prompt2,0.9439
301,blood runs thicker than water,O sangue é mais grosso que a água.,O sangue nos une mais do que as águas.,gemma3,prompt2,gemma3,prompt4,0.9433
239,live in a glass house,Morar em casa de vidro,Viver em uma casa de vidro.,gemini,prompt2,gpt,prompt4,0.9428
28,food for thought,alimento para a reflexão,comida para pensar,gpt,prompt2,gpt,prompt4,0.9426
28,food for thought,alimento para a reflexão,comida para pensar,gpt,prompt2,gemmaX,sem_prompt,0.9426
272,crack the code,quebrar o código,decifrar o código,gemmaX,sem_prompt,gpt,prompt2,0.9425
511,a fish out of water,Um peixe fora d'água,um peixe fora d'água,gemini,prompt2,gpt,prompt2,0.9425
511,a fish out of water,Um peixe fora d'água,um peixe fora d'água,gemini,prompt2,gemmaX,sem_prompt,0.9425
646,against all odds,Contra todas as probabilidades,contra todas as probabilidades,gemini,prompt2,gpt,prompt2,0.9424
646,against all odds,Contra todas as probabilidades,contra todas as probabilidades,gemini,prompt2,gpt,prompt4,0.9424
646,against all odds,Contra todas as probabilidades,contra todas as probabilidades,gemini,prompt2,gemmaX,sem_prompt,0.9424
706,blood is thicker than water,Sangue é mais espesso que água.,O sangue é mais espesso do que a água,gemini,prompt2,gemmaX,sem_prompt,0.9424
24,color outside the lines,cor fora das linhas,pintar fora das linhas,gemmaX,sem_prompt,gpt,prompt4,0.9421
442,bite your tongue,Morda a língua,morder a língua,gemmaX,sem_prompt,gpt,prompt4,0.9421
115,ball is in your court,A bola está no seu campo.,a bola está no seu campo,gemini,prompt2,gemmaX,sem_prompt,0.9419
495,a shot in the dark,Um tiro no escuro,um tiro no escuro,gemini,prompt2,gpt,prompt2,0.9419
495,a shot in the dark,Um tiro no escuro,um tiro no escuro,gemini,prompt2,gpt,prompt4,0.9419
495,a shot in the dark,Um tiro no escuro,um tiro no escuro,gemini,prompt2,gemmaX,sem_prompt,0.9419
347,an old flame,uma antiga paixão,Uma paixão antiga.,gemmaX,sem_prompt,gemma3,prompt4,0.9418
611,finding a needle in a haystack,Encontrar uma agulha num palheiro,Procurar agulha em palheiro.,gemmaX,sem_prompt,gemma3,prompt4,0.9418
277,a mountain to climb,Uma montanha para escalar,uma montanha para escalar,gemini,prompt2,gemmaX,sem_prompt,0.9417
389,like riding a bike,Como andar de bicicleta.,como andar de bicicleta,gemma3,prompt2,gpt,prompt2,0.9417
389,like riding a bike,Como andar de bicicleta.,como andar de bicicleta,gemma3,prompt2,gemmaX,sem_prompt,0.9417
146,as sharp as a tack,afiado como uma agulha,afiado como uma faca.,gemmaX,sem_prompt,gpt,prompt4,0.9416
709,crying over spilled milk,Chorando por causa do leite derramado,Chorar por leite derramado.,gemmaX,sem_prompt,gemma3,prompt2,0.9416
709,crying over spilled milk,Chorando por causa do leite derramado,Chorar por leite derramado.,gemmaX,sem_prompt,gemma3,prompt4,0.9416
711,darkest before dawn,A noite mais escura antes do amanhecer.,A noite mais escura precede o amanhecer.,gemma3,prompt2,gemini,prompt4,0.9416
56,best of both worlds,O melhor dos dois mundos.,O melhor dos dois mundos,gemini,prompt2,gemma3,prompt2,0.9415
56,best of both worlds,O melhor dos dois mundos.,O melhor dos dois mundos,gemini,prompt2,gemmaX,sem_prompt,0.9415
241,don’t cry over spilled milk,Não chore por leite derramado.,Não chore sobre o leite derramado.,gemma3,prompt2,gemini,prompt2,0.9415
395,pull the plug,Desligar o aparelho.,Desligar os aparelhos.,gemma3,prompt2,gemini,prompt4,0.9415
659,don't cry over spilled milk,Não chore por leite derramado.,Não chore sobre o leite derramado.,gemma3,prompt2,gpt,prompt2,0.9415
7,my hands are tied,Minhas mãos estão atadas.,Minhas mãos estão atadas,gpt,prompt2,gemmaX,sem_prompt,0.9414
64,cool as a cucumber,Calmo como um pepino.,tranquilo como um pepino,gemini,prompt2,gpt,prompt2,0.9412
64,cool as a cucumber,Calmo como um pepino.,tranquilo como um pepino,gemini,prompt2,gpt,prompt4,0.9412
197,as cool as a cucumber,Calmo como um pepino.,tranquilo como um pepino,gemini,prompt2,gpt,prompt2,0.9412
197,as cool as a cucumber,Calmo como um pepino.,tranquilo como um pepino,gemini,prompt2,gpt,prompt4,0.9412
443,all in a day's work,Tudo em um dia de trabalho.,tudo em um dia de trabalho,gemini,prompt2,gpt,prompt2,0.9409
507,back to the grind,De volta à rotina.,de volta ao trabalho,gemma3,prompt2,gemmaX,sem_prompt,0.9408
520,dance with the devil,Dançar com o diabo.,dançar com o diabo,gemma3,prompt2,gpt,prompt4,0.9408
690,"easy come, easy go","Fácil vem, fácil vai.","Vem fácil, vai fácil",gemini,prompt2,gemmaX,sem_prompt,0.9408
277,a mountain to climb,Uma montanha para escalar,uma montanha a escalar,gemini,prompt2,gpt,prompt2,0.9407
277,a mountain to climb,Uma montanha para escalar,uma montanha a escalar,gemini,prompt2,gpt,prompt4,0.9407
703,better late than never,Antes tarde do que nunca.,Mais vale tarde do que nunca.,gemini,prompt2,gemma3,prompt2,0.9406
73,"another day, another dollar","Mais um dia, mais um dólar.","Mais um dia, mais um suor.",gpt,prompt2,gemma3,prompt4,0.9405
466,a storm in a teacup,Uma tempestade num copo d'água.,tempestade em copo d'água,gemma3,prompt2,gpt,prompt4,0.9405
127,bigger than life,maior que a vida,Maior que a vida,gpt,prompt2,gemini,prompt2,0.9403
540,banging your head against a brick wall,bater a cabeça contra uma parede de tijolos,Bater a cabeça na parede.,gemmaX,sem_prompt,gemma3,prompt2,0.9403
540,banging your head against a brick wall,bater a cabeça contra uma parede de tijolos,Bater a cabeça na parede.,gemmaX,sem_prompt,gemma3,prompt4,0.9403
106,light at the end of the tunnel,Luz no fim do túnel,luz no fim do túnel,gemini,prompt2,gpt,prompt2,0.9399
106,light at the end of the tunnel,Luz no fim do túnel,luz no fim do túnel,gemini,prompt2,gpt,prompt4,0.9399
106,light at the end of the tunnel,Luz no fim do túnel,luz no fim do túnel,gemini,prompt2,gemmaX,sem_prompt,0.9399
432,come rain or shine,Mesmo que chova ou faça sol.,Faça sol ou faça chuva.,gemma3,prompt2,gpt,prompt4,0.9396
362,live to fight another day,Viva para lutar outro dia,viver para lutar outro dia,gemmaX,sem_prompt,gpt,prompt2,0.9388
239,live in a glass house,Morar em casa de vidro,viver numa casa de vidro,gemini,prompt2,gemmaX,sem_prompt,0.9387
417,back against the wall,costas contra a parede,com as costas contra a parede,gpt,prompt2,gpt,prompt4,0.9387
212,"if you can't stand the heat, get out of the kitchen","Se não aguenta o calor, saia da cozinha.","Se não aguenta o calor, saia da fornalha.",gemini,prompt2,gemma3,prompt4,0.9386
595,a weight on my shoulders,um peso sobre os meus ombros,Um peso nos meus ombros.,gpt,prompt2,gemini,prompt2,0.9386
145,a fly on the wall,Uma mosca na parede.,Uma mosca na parede,gemma3,prompt2,gemini,prompt2,0.9385
350,a sinking ship,um navio afundando,Um navio afundando,gpt,prompt2,gemini,prompt2,0.9385
350,a sinking ship,um navio afundando,Um navio afundando,gpt,prompt2,gemma3,prompt2,0.9385
595,a weight on my shoulders,um peso sobre os meus ombros,Um peso sobre meus ombros.,gpt,prompt2,gemma3,prompt2,0.9385
703,better late than never,Antes tarde do que nunca.,melhor tarde do que nunca,gemini,prompt2,gemmaX,sem_prompt,0.9381
129,arm and a leg,Um braço e uma perna,um braço e uma perna,gemini,prompt2,gemmaX,sem_prompt,0.938
295,an arm and a leg,Um braço e uma perna,um braço e uma perna,gemini,prompt2,gpt,prompt2,0.938
295,an arm and a leg,Um braço e uma perna,um braço e uma perna,gemini,prompt2,gemmaX,sem_prompt,0.938
463,as busy as a bee,Tão ocupado como uma abelha.,tanquilo como uma abelha,gemini,prompt2,gpt,prompt2,0.938
611,finding a needle in a haystack,Encontrar uma agulha num palheiro,Procurar agulha no palheiro.,gemmaX,sem_prompt,gemini,prompt4,0.938
197,as cool as a cucumber,Calmo como um pepino.,Tranquilo como um pepino.,gemini,prompt2,gemma3,prompt2,0.9376
233,"hope for the best, prepare for the worst","Esperar o melhor, preparar-se para o pior.","espere pelo melhor, prepare-se para o pior",gemini,prompt2,gpt,prompt2,0.9376
171,comfort zone,Zona de conforto,zona de conforto,gemini,prompt2,gpt,prompt2,0.9374
171,comfort zone,Zona de conforto,zona de conforto,gemini,prompt2,gpt,prompt4,0.9374
171,comfort zone,Zona de conforto,zona de conforto,gemini,prompt2,gemmaX,sem_prompt,0.9374
706,blood is thicker than water,Sangue é mais espesso que água.,O sangue é mais grosso que a água.,gemini,prompt2,gemma3,prompt2,0.9373
706,blood is thicker than water,Sangue é mais espesso que água.,O sangue é mais grosso que a água.,gemini,prompt2,gemma3,prompt4,0.9373
408,built like a tank,construído como um tanque,Forte como um tanque.,gemmaX,sem_prompt,gemma3,prompt2,0.9372
14,an iron fist,um punho de ferro,uma mão de ferro,gemmaX,sem_prompt,gpt,prompt2,0.9368
251,as free as a bird,Livre como um pássaro,livre como um pássaro,gemmaX,sem_prompt,gpt,prompt2,0.9368
251,as free as a bird,Livre como um pássaro,livre como um pássaro,gemmaX,sem_prompt,gpt,prompt4,0.9368
318,keep your eyes peeled,Fique de olhos bem abertos.,Ficar de olhos bem abertos.,gemini,prompt2,gemini,prompt4,0.9366
241,don’t cry over spilled milk,Não chore por leite derramado.,Não chores sobre o leite derramado.,gemma3,prompt2,gemini,prompt4,0.9363
380,don’t put all your eggs in one basket,Não coloque todos os ovos na mesma cesta.,não coloque todos os seus ovos em uma única cesta,gemma3,prompt2,gpt,prompt2,0.9361
301,blood runs thicker than water,O sangue é mais grosso que a água.,Sangue é mais espesso que água.,gemma3,prompt2,gpt,prompt2,0.9359
264,a penny saved is a penny earned,Um centavo economizado é um centavo ganho.,Um centavo poupado é um centavo ganho.,gpt,prompt2,gemini,prompt2,0.9355
468,all's fair in love and war,Tudo é justo no amor e na guerra,Tudo vale em amor e guerra.,gemmaX,sem_prompt,gpt,prompt2,0.9354
21,an open book,Um livro aberto,um livro aberto,gemini,prompt2,gpt,prompt2,0.9353
21,an open book,Um livro aberto,um livro aberto,gemini,prompt2,gpt,prompt4,0.9353
21,an open book,Um livro aberto,um livro aberto,gemini,prompt2,gemmaX,sem_prompt,0.9353
477,keep your chin up,Mantenha a cabeça erguida.,Levante a cabeça.,gemma3,prompt2,gpt,prompt4,0.9352
361,don't bite the hand that feeds you,Não morda a mão que te alimenta.,Não morda a mão que o alimenta.,gemini,prompt2,gemma3,prompt2,0.9348
361,don't bite the hand that feeds you,Não morda a mão que te alimenta.,Não morda a mão que o alimenta.,gemini,prompt2,gemma3,prompt4,0.9348
527,clear as crystal,Claro como cristal,claro como cristal,gemini,prompt2,gpt,prompt2,0.9346
527,clear as crystal,Claro como cristal,claro como cristal,gemini,prompt2,gemmaX,sem_prompt,0.9346
709,crying over spilled milk,Chorando por causa do leite derramado,Chorando sobre leite derramado.,gemmaX,sem_prompt,gpt,prompt4,0.9346
212,"if you can't stand the heat, get out of the kitchen","Se não aguenta o calor, saia da cozinha.","Quem não aguenta o rojão, que saia da cozinha.",gemini,prompt2,gemini,prompt4,0.9345
183,cold feet,pés frios,pé frio,gemmaX,sem_prompt,gpt,prompt2,0.9344
400,smooth sailing,navegação tranquila,Navegação tranquila,gpt,prompt2,gemini,prompt2,0.9342
520,dance with the devil,Dançar com o diabo.,dança com o diabo,gemma3,prompt2,gemmaX,sem_prompt,0.9342
211,close to home,Perto de casa.,Perto de casa,gemma3,prompt2,gemini,prompt2,0.9339
275,all in the same boat,todos no mesmo barco,Todos no mesmo barco,gpt,prompt2,gemmaX,sem_prompt,0.9339
56,best of both worlds,O melhor dos dois mundos.,o melhor dos dois mundos,gemini,prompt2,gpt,prompt2,0.9338
56,best of both worlds,O melhor dos dois mundos.,o melhor dos dois mundos,gemini,prompt2,gpt,prompt4,0.9338
301,blood runs thicker than water,O sangue é mais grosso que a água.,Sangue é mais espesso que a água.,gemma3,prompt2,gpt,prompt4,0.9336
64,cool as a cucumber,Calmo como um pepino.,Calmo como uma pepino.,gemini,prompt2,gemma3,prompt2,0.9335
485,back to square one,De volta à estaca zero.,De volta à estaca zero,gemma3,prompt2,gemini,prompt2,0.9334
233,"hope for the best, prepare for the worst","Esperar o melhor, preparar-se para o pior.","esperar o melhor, preparar-se para o pior",gemini,prompt2,gemmaX,sem_prompt,0.9333
481,a place in the sun,Um lugar ao sol,um lugar ao sol,gemmaX,sem_prompt,gpt,prompt2,0.9332
157,caught in a web,Preso em uma teia,pegos em uma teia,gemini,prompt2,gpt,prompt2,0.9331
157,caught in a web,Preso em uma teia,pegos em uma teia,gemini,prompt2,gpt,prompt4,0.9331
272,crack the code,quebrar o código,Decifrar o código,gemmaX,sem_prompt,gemini,prompt2,0.933
272,crack the code,quebrar o código,Decifrar o código,gemmaX,sem_prompt,gemma3,prompt2,0.933
61,all eyes on you,todos os olhares estão em você,Todos os olhos em você.,gpt,prompt2,gemini,prompt2,0.9327
61,all eyes on you,todos os olhares estão em você,Todos os olhos em você.,gpt,prompt2,gemini,prompt4,0.9327
61,all eyes on you,todos os olhares estão em você,Todos os olhos em você.,gpt,prompt2,gemma3,prompt2,0.9327
212,"if you can't stand the heat, get out of the kitchen","Se não aguenta o calor, saia da cozinha.","Se não aguentares o calor, sai da cozinha",gemini,prompt2,gemmaX,sem_prompt,0.9326
640,don't count your chickens before they hatch,Não conte os seus pintinhos antes de eles nascerem.,Não conte com o ovo antes da galinha sair.,gpt,prompt2,gemma3,prompt2,0.9326
164,curiosity killed the cat,A curiosidade matou o gato.,curiosidade matou o gato,gemma3,prompt2,gemmaX,sem_prompt,0.9325
432,come rain or shine,Mesmo que chova ou faça sol.,Chova ou faça sol.,gemma3,prompt2,gemini,prompt4,0.9325
395,pull the plug,Desligar o aparelho.,desconectar a tomada,gemma3,prompt2,gpt,prompt2,0.9321
443,all in a day's work,Tudo em um dia de trabalho.,tudo num dia de trabalho,gemini,prompt2,gemmaX,sem_prompt,0.9321
386,a leopard can't change its spots,Um leopardo não pode mudar suas manchas.,"""A onça não muda suas manchas.""",gpt,prompt2,gemini,prompt2,0.932
7,my hands are tied,Minhas mãos estão atadas.,Estou de mãos atadas.,gpt,prompt2,gemini,prompt2,0.9315
7,my hands are tied,Minhas mãos estão atadas.,Estou de mãos atadas.,gpt,prompt2,gemini,prompt4,0.9315
86,cat on a hot tin roof,gato em um telhado quente de lata,Gato em telhado quente.,gpt,prompt2,gpt,prompt4,0.9313
173,fingers crossed,Dedos cruzados,dedos cruzados,gemini,prompt2,gpt,prompt2,0.9313
644,big fish in a small pond,Peixe grande em lago pequeno,peixe grande num pequeno lago,gemini,prompt2,gemmaX,sem_prompt,0.9311
350,a sinking ship,um navio afundando,Navio afundando.,gpt,prompt2,gemini,prompt4,0.931
358,don't put all your eggs in one basket,Não coloque todos os seus ovos na mesma cesta.,Não ponha todos os seus ovos num só cesto,gemma3,prompt2,gemmaX,sem_prompt,0.9309
690,"easy come, easy go","Fácil vem, fácil vai.","Facilmente vem, facilmente vai.",gemini,prompt2,gpt,prompt4,0.9309
275,all in the same boat,todos no mesmo barco,No mesmo barco.,gpt,prompt2,gemini,prompt4,0.9307
275,all in the same boat,todos no mesmo barco,No mesmo barco.,gpt,prompt2,gemma3,prompt4,0.9307
398,butterflies in my stomach,borboletas no meu estômago,Borboletas no estômago.,gpt,prompt2,gemini,prompt4,0.9306
398,butterflies in my stomach,borboletas no meu estômago,Borboletas no estômago.,gpt,prompt2,gemma3,prompt2,0.9306
398,butterflies in my stomach,borboletas no meu estômago,Borboletas no estômago.,gpt,prompt2,gemma3,prompt4,0.9306
640,don't count your chickens before they hatch,Não conte os seus pintinhos antes de eles nascerem.,Não conte seus frangos antes que eles nasçam,gpt,prompt2,gemmaX,sem_prompt,0.9305
89,add fuel to the fire,acrescentar lenha na fogueira,Botar mais lenha na fogueira.,gpt,prompt2,gemini,prompt4,0.9304
466,a storm in a teacup,Uma tempestade num copo d'água.,uma tempestade em copo d'água,gemma3,prompt2,gpt,prompt2,0.9304
470,all the world's a stage,Todo o mundo é um palco,O mundo inteiro é um palco.,gemmaX,sem_prompt,gemini,prompt2,0.9303
470,all the world's a stage,Todo o mundo é um palco,O mundo inteiro é um palco.,gemmaX,sem_prompt,gemini,prompt4,0.9303
470,all the world's a stage,Todo o mundo é um palco,O mundo inteiro é um palco.,gemmaX,sem_prompt,gemma3,prompt2,0.9303
711,darkest before dawn,A noite mais escura antes do amanhecer.,É sempre mais escuro antes do amanhecer.,gemma3,prompt2,gpt,prompt4,0.9299
188,bridge the gap,fechar a lacuna,cobrir a lacuna,gpt,prompt2,gpt,prompt4,0.9298
386,a leopard can't change its spots,Um leopardo não pode mudar suas manchas.,um tigre não muda suas listras.,gpt,prompt2,gpt,prompt4,0.9297
696,like a fish to water,Como um peixe na água.,como um peixe à água,gemma3,prompt2,gemmaX,sem_prompt,0.9293
685,have a heart of stone,Ter um coração de pedra.,ter coração de pedra,gemma3,prompt2,gpt,prompt4,0.9292
562,broken dreams,sonhos quebrados,sonhos despedaçados,gpt,prompt2,gpt,prompt4,0.9291
417,back against the wall,costas contra a parede,de costas contra a parede,gpt,prompt2,gemmaX,sem_prompt,0.929
14,an iron fist,um punho de ferro,Punho de ferro.,gemmaX,sem_prompt,gemma3,prompt4,0.9289
611,finding a needle in a haystack,Encontrar uma agulha num palheiro,Encontrar uma agulha num palheiro.,gemmaX,sem_prompt,gemma3,prompt2,0.9288
157,caught in a web,Preso em uma teia,Enredado em uma teia,gemini,prompt2,gemma3,prompt2,0.9285
7,my hands are tied,Minhas mãos estão atadas.,As minhas mãos estão atadas.,gpt,prompt2,gemma3,prompt2,0.9282
359,black as coal,Preto como carvão,Negro como o carvão.,gemini,prompt2,gemma3,prompt4,0.9281
304,an ounce of prevention is worth a pound of cure,Um grama de prevenção vale um quilo de cura.,Uma onça de prevenção vale mais que uma libra de cura.,gemini,prompt2,gemma3,prompt2,0.928
551,burning bridges,Queimando pontes,queimando pontes,gemini,prompt2,gpt,prompt2,0.9279
709,crying over spilled milk,Chorando por causa do leite derramado,Chorar sobre o leite derramado.,gemmaX,sem_prompt,gemini,prompt2,0.9277
709,crying over spilled milk,Chorando por causa do leite derramado,Chorar sobre o leite derramado.,gemmaX,sem_prompt,gemini,prompt4,0.9277
361,don't bite the hand that feeds you,Não morda a mão que te alimenta.,Não morda a mão que o alimenta,gemini,prompt2,gemmaX,sem_prompt,0.9273
386,a leopard can't change its spots,Um leopardo não pode mudar suas manchas.,A natureza não muda.,gpt,prompt2,gemma3,prompt4,0.9273
366,busy as a bee,ocupado como uma abelha,Atarefado como uma abelha.,gpt,prompt2,gemini,prompt4,0.9272
239,live in a glass house,Morar em casa de vidro,Viver em casa de vidro.,gemini,prompt2,gemini,prompt4,0.9268
362,live to fight another day,Viva para lutar outro dia,viver para lutar mais um dia,gemmaX,sem_prompt,gpt,prompt4,0.9266
377,an uphill battle,Uma batalha difícil,Uma batalha árdua,gemini,prompt2,gemma3,prompt2,0.9265
485,back to square one,De volta à estaca zero.,Voltar à estaca zero.,gemma3,prompt2,gemini,prompt4,0.9265
485,back to square one,De volta à estaca zero.,Voltar à estaca zero.,gemma3,prompt2,gemma3,prompt4,0.9265
670,blind leading the blind,Cego guiando o cego,Cego guiando cego.,gemmaX,sem_prompt,gpt,prompt2,0.9264
670,blind leading the blind,Cego guiando o cego,Cego guiando cego.,gemmaX,sem_prompt,gpt,prompt4,0.9264
277,a mountain to climb,Uma montanha para escalar,Uma montanha a escalar.,gemini,prompt2,gemini,prompt4,0.9263
277,a mountain to climb,Uma montanha para escalar,Uma montanha a escalar.,gemini,prompt2,gemma3,prompt4,0.9263
629,as clear as day,claro como o dia,claro como dia,gemmaX,sem_prompt,gpt,prompt2,0.9263
685,have a heart of stone,Ter um coração de pedra.,ter um coração de pedra,gemma3,prompt2,gpt,prompt2,0.9263
685,have a heart of stone,Ter um coração de pedra.,ter um coração de pedra,gemma3,prompt2,gemmaX,sem_prompt,0.9263
311,all that glitters is not gold,Nem tudo que brilha é ouro.,Nem tudo que reluz é ouro.,gpt,prompt2,gpt,prompt4,0.9262
311,all that glitters is not gold,Nem tudo que brilha é ouro.,Nem tudo que reluz é ouro.,gpt,prompt2,gemini,prompt2,0.9262
311,all that glitters is not gold,Nem tudo que brilha é ouro.,Nem tudo que reluz é ouro.,gpt,prompt2,gemini,prompt4,0.9262
311,all that glitters is not gold,Nem tudo que brilha é ouro.,Nem tudo que reluz é ouro.,gpt,prompt2,gemma3,prompt2,0.9262
311,all that glitters is not gold,Nem tudo que brilha é ouro.,Nem tudo que reluz é ouro.,gpt,prompt2,gemma3,prompt4,0.9262
467,a tower of strength,uma torre de força,Uma torre de força,gemmaX,sem_prompt,gemini,prompt2,0.9261
467,a tower of strength,uma torre de força,Uma torre de força,gemmaX,sem_prompt,gemma3,prompt2,0.9261
289,cast the first stone,lançar a primeira pedra,atirar a primeira pedra,gemmaX,sem_prompt,gpt,prompt4,0.9257
378,cast a shadow,lançar uma sombra,Projetar uma sombra,gemmaX,sem_prompt,gemini,prompt2,0.9256
107,as old as the hills,Tão velho quanto as colinas,tão velho quanto as colinas,gemini,prompt2,gpt,prompt2,0.9253
107,as old as the hills,Tão velho quanto as colinas,tão velho quanto as colinas,gemini,prompt2,gpt,prompt4,0.9253
107,as old as the hills,Tão velho quanto as colinas,tão velho quanto as colinas,gemini,prompt2,gemmaX,sem_prompt,0.9253
61,all eyes on you,todos os olhares estão em você,Todos os olhares estão voltados para você.,gpt,prompt2,gpt,prompt4,0.9252
313,as stubborn as a mule,tão teimoso quanto uma mula,Teimoso como uma mula.,gemmaX,sem_prompt,gemini,prompt2,0.9252
313,as stubborn as a mule,tão teimoso quanto uma mula,Teimoso como uma mula.,gemmaX,sem_prompt,gemini,prompt4,0.9252
313,as stubborn as a mule,tão teimoso quanto uma mula,Teimoso como uma mula.,gemmaX,sem_prompt,gemma3,prompt2,0.9252
644,big fish in a small pond,Peixe grande em lago pequeno,grande peixe em um pequeno lago,gemini,prompt2,gpt,prompt2,0.9252
31,close to my heart,Perto do meu coração.,perto do meu coração,gemini,prompt2,gpt,prompt2,0.9251
31,close to my heart,Perto do meu coração.,perto do meu coração,gemini,prompt2,gemmaX,sem_prompt,0.9251
611,finding a needle in a haystack,Encontrar uma agulha num palheiro,Encontrar uma agulha no palheiro.,gemmaX,sem_prompt,gpt,prompt2,0.925
82,hard pill to swallow,uma pílula difícil de engolir,difícil de aceitar,gemmaX,sem_prompt,gpt,prompt2,0.9249
711,darkest before dawn,A noite mais escura antes do amanhecer.,A noite mais escura precede a alvorada.,gemma3,prompt2,gemini,prompt2,0.9245
462,cat got your tongue,O gato comeu sua língua?,O gato comeu-lhe a língua,gemma3,prompt2,gemmaX,sem_prompt,0.9243
91,boiling point,ponto de ebulição,Ponto de ebulição,gemmaX,sem_prompt,gemini,prompt2,0.9241
91,boiling point,ponto de ebulição,Ponto de ebulição,gemmaX,sem_prompt,gemini,prompt4,0.9241
91,boiling point,ponto de ebulição,Ponto de ebulição,gemmaX,sem_prompt,gemma3,prompt2,0.9241
83,a slap on the wrist,uma palmada no pulso,Uma palmada na mão.,gpt,prompt2,gemini,prompt4,0.9239
466,a storm in a teacup,Uma tempestade num copo d'água.,uma tempestade num copo de chá,gemma3,prompt2,gemmaX,sem_prompt,0.9235
89,add fuel to the fire,acrescentar lenha na fogueira,Botar lenha na fogueira,gpt,prompt2,gemini,prompt2,0.9234
640,don't count your chickens before they hatch,Não conte os seus pintinhos antes de eles nascerem.,Não conte com os ovos no traseiro da galinha.,gpt,prompt2,gemini,prompt4,0.9234
130,as hungry as a wolf,tão faminto quanto um lobo,Faminto como um lobo.,gpt,prompt2,gemini,prompt2,0.9233
130,as hungry as a wolf,tão faminto quanto um lobo,Faminto como um lobo.,gpt,prompt2,gemini,prompt4,0.9233
130,as hungry as a wolf,tão faminto quanto um lobo,Faminto como um lobo.,gpt,prompt2,gemma3,prompt2,0.9233
130,as hungry as a wolf,tão faminto quanto um lobo,Faminto como um lobo.,gpt,prompt2,gemma3,prompt4,0.9233
293,crash course,Curso intensivo,curso intensivo,gemini,prompt2,gpt,prompt2,0.9233
293,crash course,Curso intensivo,curso intensivo,gemini,prompt2,gpt,prompt4,0.9233
293,crash course,Curso intensivo,curso intensivo,gemini,prompt2,gemmaX,sem_prompt,0.9233
485,back to square one,De volta à estaca zero.,voltar à estaca zero,gemma3,prompt2,gpt,prompt4,0.9233
640,don't count your chickens before they hatch,Não conte os seus pintinhos antes de eles nascerem.,Não conte com o ovo antes da galinha botar.,gpt,prompt2,gemma3,prompt4,0.9233
82,hard pill to swallow,uma pílula difícil de engolir,Verdade difícil de engolir,gemmaX,sem_prompt,gemini,prompt2,0.9232
224,calm before the storm,calma antes da tempestade,a calma antes da tempestade,gemmaX,sem_prompt,gpt,prompt2,0.9231
631,"like father, like son","Assim como pai, assim como filho.",Filho de pai é filho.,gpt,prompt2,gemma3,prompt2,0.923
418,blue collar,colarinho azul,Colarinho azul,gpt,prompt2,gemma3,prompt2,0.9229
130,as hungry as a wolf,tão faminto quanto um lobo,com fome como um lobo,gpt,prompt2,gemmaX,sem_prompt,0.9227
304,an ounce of prevention is worth a pound of cure,Um grama de prevenção vale um quilo de cura.,Uma onça de prevenção vale uma libra de cura.,gemini,prompt2,gpt,prompt2,0.9227
380,don’t put all your eggs in one basket,Não coloque todos os ovos na mesma cesta.,Não ponha todos os seus ovos num só cesto,gemma3,prompt2,gemmaX,sem_prompt,0.9227
711,darkest before dawn,A noite mais escura antes do amanhecer.,é sempre mais escuro antes do amanhecer,gemma3,prompt2,gpt,prompt2,0.9226
61,all eyes on you,todos os olhares estão em você,Todos os holofotes em você.,gpt,prompt2,gemma3,prompt4,0.9224
161,a voice in the wilderness,Uma voz no deserto,uma voz no deserto,gemini,prompt2,gpt,prompt2,0.9224
161,a voice in the wilderness,Uma voz no deserto,uma voz no deserto,gemini,prompt2,gemmaX,sem_prompt,0.9224
192,a penny for your thoughts,um centavo por seus pensamentos,Um real por seus pensamentos.,gemmaX,sem_prompt,gpt,prompt4,0.9224
277,a mountain to climb,Uma montanha para escalar,Uma montanha para escalar.,gemini,prompt2,gemma3,prompt2,0.922
389,like riding a bike,Como andar de bicicleta.,é como andar de bicicleta,gemma3,prompt2,gpt,prompt4,0.922
129,arm and a leg,Um braço e uma perna,Um braço e uma perna.,gemini,prompt2,gpt,prompt2,0.9218
129,arm and a leg,Um braço e uma perna,Um braço e uma perna.,gemini,prompt2,gemma3,prompt2,0.9218
295,an arm and a leg,Um braço e uma perna,Um braço e uma perna.,gemini,prompt2,gemma3,prompt2,0.9218
631,"like father, like son","Assim como pai, assim como filho.","Como o pai, como o filho",gpt,prompt2,gemmaX,sem_prompt,0.9217
186,bury your head in the sand,enterre sua cabeça na areia,Enterrar a cabeça na areia.,gemmaX,sem_prompt,gemini,prompt2,0.9216
326,a rolling stone gathers no moss,Uma pedra rolante não acumula musgo,Pedra em movimento não junta musgo.,gemmaX,sem_prompt,gemma3,prompt2,0.9214
662,carved in stone,Esculpido em pedra,esculpida na pedra,gemini,prompt2,gemmaX,sem_prompt,0.9209
224,calm before the storm,calma antes da tempestade,a calmaria antes da tempestade,gemmaX,sem_prompt,gpt,prompt4,0.9208
534,at a snail's pace,a um ritmo de lesma,A passos de lesma.,gemmaX,sem_prompt,gemini,prompt4,0.9208
66,as easy as pie,Tão fácil quanto uma torta.,tão fácil quanto a torta,gemini,prompt2,gemmaX,sem_prompt,0.9207
425,cast in stone,Escrito em pedra,gravado em pedra,gemini,prompt2,gpt,prompt4,0.9207
425,cast in stone,Escrito em pedra,gravado em pedra,gemini,prompt2,gemmaX,sem_prompt,0.9207
64,cool as a cucumber,Calmo como um pepino.,frio como um pepino,gemini,prompt2,gemmaX,sem_prompt,0.9205
192,a penny for your thoughts,um centavo por seus pensamentos,Um centavo pelos seus pensamentos.,gemmaX,sem_prompt,gpt,prompt2,0.9205
192,a penny for your thoughts,um centavo por seus pensamentos,Um centavo pelos seus pensamentos.,gemmaX,sem_prompt,gemini,prompt2,0.9205
197,as cool as a cucumber,Calmo como um pepino.,frio como um pepino,gemini,prompt2,gemmaX,sem_prompt,0.9205
557,as light as a feather,Leve como uma pluma,Leve como uma pluma.,gemini,prompt2,gemini,prompt4,0.9204
694,born with a silver spoon,nascido com uma colher de prata,Nascido com uma colher de prata na boca.,gemmaX,sem_prompt,gemma3,prompt2,0.9201
129,arm and a leg,Um braço e uma perna,Um rim e um figado,gemini,prompt2,gemini,prompt4,0.9199
241,don’t cry over spilled milk,Não chore por leite derramado.,Não chore pelo leite derramado,gemma3,prompt2,gemmaX,sem_prompt,0.9197
659,don't cry over spilled milk,Não chore por leite derramado.,Não chore pelo leite derramado,gemma3,prompt2,gemmaX,sem_prompt,0.9197
156,a heart of gold,um coração de ouro,Um coração de ouro.,gpt,prompt2,gemini,prompt2,0.9196
291,a ray of hope,Um raio de esperança,raio de esperança,gemini,prompt2,gpt,prompt4,0.9195
485,back to square one,De volta à estaca zero.,de volta à estaca zero,gemma3,prompt2,gpt,prompt2,0.9195
135,any port in a storm,qualquer porto numa tempestade,qualquer porto em uma tempestade,gemmaX,sem_prompt,gpt,prompt4,0.9193
495,a shot in the dark,Um tiro no escuro,Um palpite no escuro.,gemini,prompt2,gemma3,prompt2,0.9193
477,keep your chin up,Mantenha a cabeça erguida.,mantenha a cabeça erguida,gemma3,prompt2,gemmaX,sem_prompt,0.9192
25,easy as pie,Fácil como uma torta.,fácil como um passeio no parque,gemini,prompt2,gpt,prompt4,0.919
89,add fuel to the fire,acrescentar lenha na fogueira,Atirar lenha na fogueira.,gpt,prompt2,gemma3,prompt4,0.9189
36,devil's advocate,Defensor do diabo,Advogado do diabo,gemma3,prompt2,gemini,prompt2,0.9188
465,come out of your shell,Saia da sua concha.,sair da sua concha,gemini,prompt2,gpt,prompt2,0.9187
86,cat on a hot tin roof,gato em um telhado quente de lata,Gata em Telhado de Zinco Quente,gpt,prompt2,gemini,prompt2,0.9185
86,cat on a hot tin roof,gato em um telhado quente de lata,Gata em Telhado de Zinco Quente,gpt,prompt2,gemini,prompt4,0.9185
628,climbing the walls,Subindo pelas paredes,Estar subindo pelas paredes,gemini,prompt2,gemini,prompt4,0.9185
324,a new lease on life,uma nova chance na vida,Um novo sopro de vida,gpt,prompt2,gemini,prompt4,0.9184
468,all's fair in love and war,Tudo é justo no amor e na guerra,Vale tudo em amor e guerra.,gemmaX,sem_prompt,gpt,prompt4,0.9183
468,all's fair in love and war,Tudo é justo no amor e na guerra,"No amor e na guerra, vale tudo.",gemmaX,sem_prompt,gemini,prompt4,0.9183
24,color outside the lines,cor fora das linhas,Colorir fora das linhas,gemmaX,sem_prompt,gemini,prompt2,0.9182
219,break the mold,quebrar o molde,Quebrar o padrão.,gemmaX,sem_prompt,gemma3,prompt4,0.9181
462,cat got your tongue,O gato comeu sua língua?,O gato comeu sua língua.,gemma3,prompt2,gemini,prompt4,0.9179
82,hard pill to swallow,uma pílula difícil de engolir,Uma pílula difícil de engolir.,gemmaX,sem_prompt,gemma3,prompt2,0.9178
537,all in your head,Tudo na sua cabeça.,tudo na sua cabeça,gemma3,prompt2,gpt,prompt2,0.9178
537,all in your head,Tudo na sua cabeça.,tudo na sua cabeça,gemma3,prompt2,gpt,prompt4,0.9178
537,all in your head,Tudo na sua cabeça.,tudo na sua cabeça,gemma3,prompt2,gemmaX,sem_prompt,0.9178
183,cold feet,pés frios,Pé frio,gemmaX,sem_prompt,gemini,prompt2,0.9177
186,bury your head in the sand,enterre sua cabeça na areia,enterrar a cabeça na areia,gemmaX,sem_prompt,gpt,prompt2,0.9177
186,bury your head in the sand,enterre sua cabeça na areia,enterrar a cabeça na areia,gemmaX,sem_prompt,gpt,prompt4,0.9177
505,don't judge a book by its cover,Não julgue um livro pela capa.,Não julgue um livro pela capa,gemma3,prompt2,gemmaX,sem_prompt,0.9177
145,a fly on the wall,Uma mosca na parede.,uma mosca na parede,gemma3,prompt2,gpt,prompt2,0.9176
145,a fly on the wall,Uma mosca na parede.,uma mosca na parede,gemma3,prompt2,gemmaX,sem_prompt,0.9176
511,a fish out of water,Um peixe fora d'água,Um peixe fora d'água.,gemini,prompt2,gemma3,prompt2,0.9176
207,get out of hand,ficar fora de controle,sair do controle,gemmaX,sem_prompt,gpt,prompt2,0.9172
207,get out of hand,ficar fora de controle,sair do controle,gemmaX,sem_prompt,gpt,prompt4,0.9172
468,all's fair in love and war,Tudo é justo no amor e na guerra,Tudo é justo no amor e na guerra.,gemmaX,sem_prompt,gemma3,prompt2,0.9167
605,armed to the teeth,Armado até os dentes,Armado até os dentes.,gemini,prompt2,gpt,prompt4,0.9166
605,armed to the teeth,Armado até os dentes,Armado até os dentes.,gemini,prompt2,gemini,prompt4,0.9166
605,armed to the teeth,Armado até os dentes,Armado até os dentes.,gemini,prompt2,gemma3,prompt2,0.9166
378,cast a shadow,lançar uma sombra,Projetar uma sombra.,gemmaX,sem_prompt,gemini,prompt4,0.9163
442,bite your tongue,Morda a língua,Morder a língua.,gemmaX,sem_prompt,gemini,prompt4,0.916
442,bite your tongue,Morda a língua,Morder a língua.,gemmaX,sem_prompt,gemma3,prompt4,0.916
466,a storm in a teacup,Uma tempestade num copo d'água.,Tempestade em copo d'água.,gemma3,prompt2,gemini,prompt4,0.916
318,keep your eyes peeled,Fique de olhos bem abertos.,Fique de olho.,gemini,prompt2,gemma3,prompt2,0.9159
467,a tower of strength,uma torre de força,Uma torre de sustentação.,gemmaX,sem_prompt,gemini,prompt4,0.9159
470,all the world's a stage,Todo o mundo é um palco,Todo o mundo é um palco.,gemmaX,sem_prompt,gpt,prompt4,0.9159
2,let the cat out of the bag,Deixar o gato sair do saco.,Deixe o gato sair da sacola,gpt,prompt2,gemmaX,sem_prompt,0.9156
605,armed to the teeth,Armado até os dentes,Munido até os dentes.,gemini,prompt2,gemma3,prompt4,0.9154
389,like riding a bike,Como andar de bicicleta.,É como andar de bicicleta.,gemma3,prompt2,gemini,prompt4,0.9151
605,armed to the teeth,Armado até os dentes,armado até os dentes,gemini,prompt2,gpt,prompt2,0.9148
251,as free as a bird,Livre como um pássaro,Livre como um pássaro.,gemmaX,sem_prompt,gemini,prompt2,0.9146
251,as free as a bird,Livre como um pássaro,Livre como um pássaro.,gemmaX,sem_prompt,gemini,prompt4,0.9146
251,as free as a bird,Livre como um pássaro,Livre como um pássaro.,gemmaX,sem_prompt,gemma3,prompt2,0.9146
98,cold as ice,Frio como gelo,Frio como pedra.,gemini,prompt2,gemini,prompt4,0.9143
324,a new lease on life,uma nova chance na vida,Uma nova chance.,gpt,prompt2,gemini,prompt2,0.9143
107,as old as the hills,Tão velho quanto as colinas,Antigo como as colinas.,gemini,prompt2,gemma3,prompt2,0.9142
188,bridge the gap,fechar a lacuna,colmar a lacuna,gpt,prompt2,gemmaX,sem_prompt,0.9141
213,between the devil and the deep blue sea,Entre o diabo e o mar azul profundo,Entre a cruz e a espada,gemmaX,sem_prompt,gemini,prompt2,0.9141
562,broken dreams,sonhos quebrados,sonhos desfeitos,gpt,prompt2,gemmaX,sem_prompt,0.9139
639,eye of the storm,Olho do furacão,Olho do furacão.,gemini,prompt2,gemini,prompt4,0.9137
98,cold as ice,Frio como gelo,fria como o gelo,gemini,prompt2,gpt,prompt4,0.9136
121,paint the town red,pinte a cidade de vermelho,pintar a cidade de vermelho,gemmaX,sem_prompt,gpt,prompt2,0.9136
702,in the same boat,no mesmo barco,na mesma situação,gemmaX,sem_prompt,gpt,prompt2,0.9136
702,in the same boat,no mesmo barco,na mesma situação,gemmaX,sem_prompt,gpt,prompt4,0.9136
161,a voice in the wilderness,Uma voz no deserto,uma voz que clama no deserto,gemini,prompt2,gpt,prompt4,0.9134
192,a penny for your thoughts,um centavo por seus pensamentos,Um centavo pelo seu pensamento.,gemmaX,sem_prompt,gemma3,prompt2,0.9132
704,frog in your throat,sapo na sua garganta,Rã na garganta.,gemmaX,sem_prompt,gpt,prompt4,0.9131
283,buy a lemon,Compre uma limão.,Comprar um limão azedo.,gemma3,prompt2,gemma3,prompt4,0.913
347,an old flame,uma antiga paixão,Um antigo amor.,gemmaX,sem_prompt,gemini,prompt2,0.9127
447,"blood, sweat, and tears","Sangue, suor e lágrimas.","sangue, suor e lágrimas",gemma3,prompt2,gpt,prompt2,0.9126
447,"blood, sweat, and tears","Sangue, suor e lágrimas.","sangue, suor e lágrimas",gemma3,prompt2,gpt,prompt4,0.9126
447,"blood, sweat, and tears","Sangue, suor e lágrimas.","sangue, suor e lágrimas",gemma3,prompt2,gemmaX,sem_prompt,0.9126
466,a storm in a teacup,Uma tempestade num copo d'água.,Tempestade em copo d'água,gemma3,prompt2,gemini,prompt2,0.9126
185,cat's out of the bag,O gato está fora do saco,O gato saiu do saco.,gemmaX,sem_prompt,gpt,prompt2,0.9125
185,cat's out of the bag,O gato está fora do saco,O gato saiu do saco.,gemmaX,sem_prompt,gemini,prompt4,0.9125
86,cat on a hot tin roof,gato em um telhado quente de lata,Gato sobre telhado de zinco quente.,gpt,prompt2,gemma3,prompt4,0.9124
563,bitten by the bug,mordido pelo bicho,mordeu pelo bicho,gpt,prompt2,gemmaX,sem_prompt,0.9124
621,from the bottom of my heart,Do fundo do meu coração,Do fundo do meu coração.,gemini,prompt2,gpt,prompt4,0.9124
621,from the bottom of my heart,Do fundo do meu coração,Do fundo do meu coração.,gemini,prompt2,gemma3,prompt2,0.9124
213,between the devil and the deep blue sea,Entre o diabo e o mar azul profundo,entre a espada e a parede,gemmaX,sem_prompt,gpt,prompt2,0.9122
264,a penny saved is a penny earned,Um centavo economizado é um centavo ganho.,Um centavo economizado é um centavo ganho,gpt,prompt2,gemmaX,sem_prompt,0.9121
416,a blessing in disguise,Uma bênção disfarçada,uma benção disfarçada,gemini,prompt2,gpt,prompt4,0.9121
560,adding insult to injury,Acrescentando insulto à injúria,acrescentar insulto à lesão,gemmaX,sem_prompt,gpt,prompt2,0.9121
213,between the devil and the deep blue sea,Entre o diabo e o mar azul profundo,entre a cruz e a espada,gemmaX,sem_prompt,gpt,prompt4,0.912
468,all's fair in love and war,Tudo é justo no amor e na guerra,Tudo vale nos campos do amor e da batalha.,gemmaX,sem_prompt,gemma3,prompt4,0.912
366,busy as a bee,ocupado como uma abelha,Ocupado como uma abelha,gpt,prompt2,gemini,prompt2,0.9118
184,burn bridges,Queimar pontes,queimar pontes,gemini,prompt2,gpt,prompt2,0.9117
184,burn bridges,Queimar pontes,queimar pontes,gemini,prompt2,gpt,prompt4,0.9117
184,burn bridges,Queimar pontes,queimar pontes,gemini,prompt2,gemmaX,sem_prompt,0.9117
462,cat got your tongue,O gato comeu sua língua?,Perdeu as palavras?,gemma3,prompt2,gemma3,prompt4,0.9115
557,as light as a feather,Leve como uma pluma,leve como uma pluma,gemini,prompt2,gpt,prompt4,0.9115
704,frog in your throat,sapo na sua garganta,Um nó na garganta.,gemmaX,sem_prompt,gemma3,prompt4,0.9115
531,a far cry,um grito distante,um abismo distante,gemmaX,sem_prompt,gpt,prompt2,0.9109
640,don't count your chickens before they hatch,Não conte os seus pintinhos antes de eles nascerem.,Não conte com o ovo no cu da galinha.,gpt,prompt2,gpt,prompt4,0.9106
640,don't count your chickens before they hatch,Não conte os seus pintinhos antes de eles nascerem.,Não conte com o ovo no cu da galinha.,gpt,prompt2,gemini,prompt2,0.9106
706,blood is thicker than water,Sangue é mais espesso que água.,Sangue do meu sangue.,gemini,prompt2,gemini,prompt4,0.9106
670,blind leading the blind,Cego guiando o cego,Um cego guiando outro cego.,gemmaX,sem_prompt,gemini,prompt2,0.9102
670,blind leading the blind,Cego guiando o cego,Um cego guiando outro cego.,gemmaX,sem_prompt,gemini,prompt4,0.9102
324,a new lease on life,uma nova chance na vida,um novo alicerce para a vida,gpt,prompt2,gpt,prompt4,0.9099
2,let the cat out of the bag,Deixar o gato sair do saco.,Revelar o segredo.,gpt,prompt2,gemini,prompt2,0.9097
2,let the cat out of the bag,Deixar o gato sair do saco.,Revelar o segredo.,gpt,prompt2,gemini,prompt4,0.9097
377,an uphill battle,Uma batalha difícil,uma batalha difícil,gemini,prompt2,gpt,prompt2,0.9097
377,an uphill battle,Uma batalha difícil,uma batalha difícil,gemini,prompt2,gpt,prompt4,0.9097
377,an uphill battle,Uma batalha difícil,uma batalha difícil,gemini,prompt2,gemmaX,sem_prompt,0.9097
146,as sharp as a tack,afiado como uma agulha,Afiado como uma agulha.,gemmaX,sem_prompt,gemma3,prompt2,0.9096
704,frog in your throat,sapo na sua garganta,Um caroço na garganta.,gemmaX,sem_prompt,gemma3,prompt2,0.9095
486,break the ice,Quebrar o gelo,Quebrar o gelo.,gemini,prompt2,gpt,prompt4,0.9091
486,break the ice,Quebrar o gelo,Quebrar o gelo.,gemini,prompt2,gemini,prompt4,0.9091
486,break the ice,Quebrar o gelo,Quebrar o gelo.,gemini,prompt2,gemma3,prompt4,0.9091
662,carved in stone,Esculpido em pedra,Esculpido em pedra.,gemini,prompt2,gemma3,prompt4,0.9091
106,light at the end of the tunnel,Luz no fim do túnel,Luz no fim do túnel.,gemini,prompt2,gemini,prompt4,0.909
25,easy as pie,Fácil como uma torta.,fácil como a torta,gemini,prompt2,gemmaX,sem_prompt,0.9088
66,as easy as pie,Tão fácil quanto uma torta.,tão fácil quanto uma torta,gemini,prompt2,gpt,prompt2,0.9086
540,banging your head against a brick wall,bater a cabeça contra uma parede de tijolos,Bater com a cabeça em ponto morto.,gemmaX,sem_prompt,gemini,prompt4,0.9086
184,burn bridges,Queimar pontes,Queimar as pontes.,gemini,prompt2,gemini,prompt4,0.9085
184,burn bridges,Queimar pontes,Queimar as pontes.,gemini,prompt2,gemma3,prompt4,0.9085
590,carry a torch,carregar uma tocha,Guardar uma chama.,gpt,prompt2,gemma3,prompt2,0.9084
325,climbing the ladder,subindo a escada,Escalando a escada.,gemmaX,sem_prompt,gemini,prompt4,0.9083
156,a heart of gold,um coração de ouro,Coração de ouro.,gpt,prompt2,gemini,prompt4,0.9077
156,a heart of gold,um coração de ouro,Coração de ouro.,gpt,prompt2,gemma3,prompt4,0.9077
638,against the clock,contra o relógio,contra o tempo,gemmaX,sem_prompt,gpt,prompt2,0.9076
638,against the clock,contra o relógio,contra o tempo,gemmaX,sem_prompt,gpt,prompt4,0.9076
192,a penny for your thoughts,um centavo por seus pensamentos,Um tostão pelos seus pensamentos.,gemmaX,sem_prompt,gemini,prompt4,0.9075
224,calm before the storm,calma antes da tempestade,A calmaria antes da tempestade.,gemmaX,sem_prompt,gemini,prompt4,0.9074
224,calm before the storm,calma antes da tempestade,A calmaria antes da tempestade.,gemmaX,sem_prompt,gemma3,prompt4,0.9074
324,a new lease on life,uma nova chance na vida,um novo ânimo para a vida,gpt,prompt2,gemmaX,sem_prompt,0.9073
326,a rolling stone gathers no moss,Uma pedra rolante não acumula musgo,Pedra que rola não cria limo.,gemmaX,sem_prompt,gpt,prompt4,0.9072
485,back to square one,De volta à estaca zero.,de volta ao ponto de partida,gemma3,prompt2,gemmaX,sem_prompt,0.9071
75,climbing up the ladder,subindo a escada,Subindo a escada.,gpt,prompt2,gemma3,prompt2,0.907
213,between the devil and the deep blue sea,Entre o diabo e o mar azul profundo,Entre a cruz e a espada.,gemmaX,sem_prompt,gemini,prompt4,0.9069
161,a voice in the wilderness,Uma voz no deserto,Uma voz no deserto.,gemini,prompt2,gemini,prompt4,0.9068
161,a voice in the wilderness,Uma voz no deserto,Uma voz no deserto.,gemini,prompt2,gemma3,prompt4,0.9068
296,breaking the mold,quebrando o molde,Quebrar o padrão.,gemmaX,sem_prompt,gemma3,prompt4,0.9067
605,armed to the teeth,Armado até os dentes,armado até aos dentes,gemini,prompt2,gemmaX,sem_prompt,0.9067
149,bottom of the barrel,fundo do barril,fundo do poço,gemmaX,sem_prompt,gpt,prompt2,0.9063
91,boiling point,ponto de ebulição,Ponto de ebulição.,gemmaX,sem_prompt,gemma3,prompt4,0.9061
318,keep your eyes peeled,Fique de olhos bem abertos.,Fique atento.,gemini,prompt2,gpt,prompt2,0.906
146,as sharp as a tack,afiado como uma agulha,Afinado como um prego.,gemmaX,sem_prompt,gemini,prompt4,0.9056
508,let sleeping dogs lie,Deixe os cães dormirem,Deixe os cães deitados.,gemmaX,sem_prompt,gpt,prompt4,0.9056
106,light at the end of the tunnel,Luz no fim do túnel,Uma luz no fim do túnel.,gemini,prompt2,gemma3,prompt2,0.9053
106,light at the end of the tunnel,Luz no fim do túnel,Uma luz no fim do túnel.,gemini,prompt2,gemma3,prompt4,0.9053
468,all's fair in love and war,Tudo é justo no amor e na guerra,"Em amor e guerra, vale tudo.",gemmaX,sem_prompt,gemini,prompt2,0.9052
24,color outside the lines,cor fora das linhas,Pinte fora das linhas.,gemmaX,sem_prompt,gemma3,prompt2,0.905
25,easy as pie,Fácil como uma torta.,Fácil como descascar uma laranja.,gemini,prompt2,gemma3,prompt2,0.905
25,easy as pie,Fácil como uma torta.,Fácil como descascar uma laranja.,gemini,prompt2,gemma3,prompt4,0.905
186,bury your head in the sand,enterre sua cabeça na areia,Enfiar a cabeça na areia.,gemmaX,sem_prompt,gemini,prompt4,0.905
451,hard as nails,duro como unhas,duro como pregos,gemmaX,sem_prompt,gpt,prompt2,0.9045
146,as sharp as a tack,afiado como uma agulha,Afiado como uma navalha.,gemmaX,sem_prompt,gemma3,prompt4,0.9043
178,as easy as shooting fish in a barrel,Tão fácil quanto atirar em peixes num barril.,Fácil como roubar doces de um bebê.,gemini,prompt2,gemma3,prompt2,0.9041
64,cool as a cucumber,Calmo como um pepino.,Frio como gelo.,gemini,prompt2,gemma3,prompt4,0.9039
465,come out of your shell,Saia da sua concha.,Sair da toca.,gemini,prompt2,gemma3,prompt4,0.9038
75,climbing up the ladder,subindo a escada,subindo na vida,gpt,prompt2,gpt,prompt4,0.9036
325,climbing the ladder,subindo a escada,subindo na vida,gemmaX,sem_prompt,gpt,prompt4,0.9036
624,down to earth,Pé no chão,Pé no chão.,gemini,prompt2,gemma3,prompt2,0.9034
127,bigger than life,maior que a vida,Maior que a vida.,gpt,prompt2,gemini,prompt4,0.9032
127,bigger than life,maior que a vida,Maior que a vida.,gpt,prompt2,gemma3,prompt2,0.9032
127,bigger than life,maior que a vida,Maior que a vida.,gpt,prompt2,gemma3,prompt4,0.9032
495,a shot in the dark,Um tiro no escuro,Um tiro no escuro.,gemini,prompt2,gemini,prompt4,0.9032
495,a shot in the dark,Um tiro no escuro,Um tiro no escuro.,gemini,prompt2,gemma3,prompt4,0.9032
646,against all odds,Contra todas as probabilidades,Contra todas as probabilidades.,gemini,prompt2,gemma3,prompt4,0.9032
443,all in a day's work,Tudo em um dia de trabalho.,Faz parte do trabalho.,gemini,prompt2,gemma3,prompt2,0.9028
507,back to the grind,De volta à rotina.,De volta à ativa.,gemma3,prompt2,gpt,prompt4,0.9027
105,blind as a bat,Cego de nascença.,Cego como um morcego.,gemma3,prompt2,gemini,prompt2,0.9026
105,blind as a bat,Cego de nascença.,Cego como um morcego.,gemma3,prompt2,gemini,prompt4,0.9026
408,built like a tank,construído como um tanque,Forte como um touro.,gemmaX,sem_prompt,gemma3,prompt4,0.902
644,big fish in a small pond,Peixe grande em lago pequeno,Peixe grande num lago pequeno.,gemini,prompt2,gemma3,prompt4,0.9018
24,color outside the lines,cor fora das linhas,c colorir fora das linhas,gemmaX,sem_prompt,gpt,prompt2,0.9013
264,a penny saved is a penny earned,Um centavo economizado é um centavo ganho.,Um tostão guardado é um tostão ganho.,gpt,prompt2,gemma3,prompt2,0.9011
366,busy as a bee,ocupado como uma abelha,Ocupado que nem uma abelha.,gpt,prompt2,gemma3,prompt2,0.9009
508,let sleeping dogs lie,Deixe os cães dormirem,Deixe os cães dormindo deitados.,gemmaX,sem_prompt,gpt,prompt2,0.9008
704,frog in your throat,sapo na sua garganta,"""Rã na garganta""",gemmaX,sem_prompt,gpt,prompt2,0.9008
173,fingers crossed,Dedos cruzados,cruzando os dedos,gemini,prompt2,gemmaX,sem_prompt,0.9006
295,an arm and a leg,Um braço e uma perna,Um rim e um fígado.,gemini,prompt2,gemini,prompt4,0.9006
709,crying over spilled milk,Chorando por causa do leite derramado,chorar sobre o leite derramado,gemmaX,sem_prompt,gpt,prompt2,0.9005
440,bring home the bacon,trazer o pão para casa,Ganhar o pão de cada dia.,gpt,prompt2,gemma3,prompt2,0.9004
624,down to earth,Pé no chão,Com os pés no chão.,gemini,prompt2,gemini,prompt4,0.9004
624,down to earth,Pé no chão,Com os pés no chão.,gemini,prompt2,gemma3,prompt4,0.9004
259,cloud of suspicion,Nuvem de suspeita,Nuvem de suspeitas,gemma3,prompt2,gemini,prompt2,0.9003
259,cloud of suspicion,Nuvem de suspeita,Nuvem de suspeitas,gemma3,prompt2,gemini,prompt4,0.9003
304,an ounce of prevention is worth a pound of cure,Um grama de prevenção vale um quilo de cura.,Uma onça de cuidado vale mais que um arroba de remédio.,gemini,prompt2,gemma3,prompt4,0.9001
245,as clear as mud,Tão claro quanto barro.,tão claro quanto lama,gemma3,prompt2,gpt,prompt2,0.8999
46,burn your bridges,queime suas pontes,queimou suas pontes,gemmaX,sem_prompt,gpt,prompt2,0.8997
628,climbing the walls,Subindo pelas paredes,escalando as paredes,gemini,prompt2,gpt,prompt2,0.8996
628,climbing the walls,Subindo pelas paredes,escalando as paredes,gemini,prompt2,gemmaX,sem_prompt,0.8996
629,as clear as day,claro como o dia,Claro como o dia.,gemmaX,sem_prompt,gemini,prompt2,0.8996
24,color outside the lines,cor fora das linhas,Colorir fora das linhas.,gemmaX,sem_prompt,gemini,prompt4,0.8995
149,bottom of the barrel,fundo do barril,O fundo do poço,gemmaX,sem_prompt,gemini,prompt2,0.8995
432,come rain or shine,Mesmo que chova ou faça sol.,"""Faça sol ou faça chuva.""",gemma3,prompt2,gpt,prompt2,0.8995
413,falling apart at the seams,caindo aos pedaços nas costuras,Desmoronando aos pedaços.,gemmaX,sem_prompt,gemma3,prompt2,0.8994
135,any port in a storm,qualquer porto numa tempestade,Qualquer porto seguro em tempestade.,gemmaX,sem_prompt,gemma3,prompt2,0.8989
239,live in a glass house,Morar em casa de vidro,Mora em uma casa de vidro.,gemini,prompt2,gemma3,prompt2,0.8986
251,as free as a bird,Livre como um pássaro,Livre como o vento.,gemmaX,sem_prompt,gemma3,prompt4,0.8985
304,an ounce of prevention is worth a pound of cure,Um grama de prevenção vale um quilo de cura.,uma onça de prevenção vale uma libra de cura,gemini,prompt2,gemmaX,sem_prompt,0.8984
644,big fish in a small pond,Peixe grande em lago pequeno,Peixe grande em lago pequeno.,gemini,prompt2,gemma3,prompt2,0.8984
629,as clear as day,claro como o dia,Como a luz do dia.,gemmaX,sem_prompt,gemma3,prompt2,0.8981
149,bottom of the barrel,fundo do barril,no fundo do poço,gemmaX,sem_prompt,gpt,prompt4,0.898
416,a blessing in disguise,Uma bênção disfarçada,Uma bênção disfarçada.,gemini,prompt2,gemma3,prompt2,0.898
416,a blessing in disguise,Uma bênção disfarçada,Uma bênção disfarçada.,gemini,prompt2,gemma3,prompt4,0.898
135,any port in a storm,qualquer porto numa tempestade,Qualquer porto em tempestade.,gemmaX,sem_prompt,gemini,prompt2,0.8979
359,black as coal,Preto como carvão,Preto como carvão.,gemini,prompt2,gemma3,prompt2,0.8977
211,close to home,Perto de casa.,próximo de casa,gemma3,prompt2,gpt,prompt2,0.8976
259,cloud of suspicion,Nuvem de suspeita,Nuvem de suspeita.,gemma3,prompt2,gemma3,prompt4,0.8974
551,burning bridges,Queimando pontes,queimar pontes,gemini,prompt2,gemmaX,sem_prompt,0.8974
504,left out in the cold,deixado de fora no frio,Deixado de lado.,gpt,prompt2,gemma3,prompt2,0.8968
465,come out of your shell,Saia da sua concha.,saia da sua concha,gemini,prompt2,gemmaX,sem_prompt,0.8967
173,fingers crossed,Dedos cruzados,Dedos cruzados.,gemini,prompt2,gpt,prompt4,0.8965
173,fingers crossed,Dedos cruzados,Dedos cruzados.,gemini,prompt2,gemini,prompt4,0.8965
304,an ounce of prevention is worth a pound of cure,Um grama de prevenção vale um quilo de cura.,Uma medida de prevenção vale mais do que uma tonelada de remédio.,gemini,prompt2,gpt,prompt4,0.8965
557,as light as a feather,Leve como uma pluma,Leve como uma pena.,gemini,prompt2,gemma3,prompt2,0.8965
557,as light as a feather,Leve como uma pluma,Leve como uma pena.,gemini,prompt2,gemma3,prompt4,0.8965
442,bite your tongue,Morda a língua,Morda a língua.,gemmaX,sem_prompt,gpt,prompt2,0.8964
442,bite your tongue,Morda a língua,Morda a língua.,gemmaX,sem_prompt,gemma3,prompt2,0.8964
511,a fish out of water,Um peixe fora d'água,Peixe fora d'água.,gemini,prompt2,gemini,prompt4,0.8962
511,a fish out of water,Um peixe fora d'água,Peixe fora d'água.,gemini,prompt2,gemma3,prompt4,0.8962
291,a ray of hope,Um raio de esperança,Um raio de esperança.,gemini,prompt2,gemini,prompt4,0.8961
347,an old flame,uma antiga paixão,um amor do passado,gemmaX,sem_prompt,gpt,prompt4,0.8961
704,frog in your throat,sapo na sua garganta,Garganta seca,gemmaX,sem_prompt,gemini,prompt2,0.896
704,frog in your throat,sapo na sua garganta,Garganta seca,gemmaX,sem_prompt,gemini,prompt4,0.896
508,let sleeping dogs lie,Deixe os cães dormirem,Deixe os mortos quietos.,gemmaX,sem_prompt,gemini,prompt2,0.8956
631,"like father, like son","Assim como pai, assim como filho.",Herança de pai para filho.,gpt,prompt2,gemma3,prompt4,0.8956
697,change your tune,mude sua melodia,Mude de ideia.,gemmaX,sem_prompt,gemma3,prompt2,0.8956
98,cold as ice,Frio como gelo,Frio como gelo.,gemini,prompt2,gemma3,prompt2,0.8955
98,cold as ice,Frio como gelo,Frio como gelo.,gemini,prompt2,gemma3,prompt4,0.8955
694,born with a silver spoon,nascido com uma colher de prata,nascido em berço de ouro,gemmaX,sem_prompt,gpt,prompt2,0.8955
694,born with a silver spoon,nascido com uma colher de prata,nascido em berço de ouro,gemmaX,sem_prompt,gpt,prompt4,0.8955
75,climbing up the ladder,subindo a escada,Subindo na vida.,gpt,prompt2,gemini,prompt2,0.8954
75,climbing up the ladder,subindo a escada,Subindo na vida.,gpt,prompt2,gemini,prompt4,0.8954
395,pull the plug,Desligar o aparelho.,Desligar o interruptor.,gemma3,prompt2,gemma3,prompt4,0.8953
418,blue collar,colarinho azul,blue collar,gpt,prompt2,gemmaX,sem_prompt,0.8951
101,chasing shadows,perseguindo sombras,Perseguindo sombras,gemmaX,sem_prompt,gemini,prompt2,0.895
245,as clear as mud,Tão claro quanto barro.,Mais claro que lama.,gemma3,prompt2,gemini,prompt2,0.8949
326,a rolling stone gathers no moss,Uma pedra rolante não acumula musgo,"""Em pedra que rola, musgo não pega.""",gemmaX,sem_prompt,gemini,prompt4,0.8949
670,blind leading the blind,Cego guiando o cego,Cegos guiando cegos.,gemmaX,sem_prompt,gemma3,prompt2,0.8947
623,go the extra mile,Fazer um esforço extra.,Ir além do esperado.,gemma3,prompt2,gemma3,prompt4,0.8942
638,against the clock,contra o relógio,Contra o relógio.,gemmaX,sem_prompt,gemini,prompt4,0.8942
326,a rolling stone gathers no moss,Uma pedra rolante não acumula musgo,"""Pedra que rola não cria lodo.""",gemmaX,sem_prompt,gemini,prompt2,0.8938
470,all the world's a stage,Todo o mundo é um palco,"""Todo o mundo é um palco.""",gemmaX,sem_prompt,gpt,prompt2,0.8937
308,big league,grande liga,big league,gpt,prompt2,gemmaX,sem_prompt,0.8936
406,as good as gold,tão bom quanto o ouro,Bom como ouro,gemmaX,sem_prompt,gemini,prompt2,0.8936
386,a leopard can't change its spots,Um leopardo não pode mudar suas manchas.,"Apesar das aparências, a zebra não muda suas listras.",gpt,prompt2,gemini,prompt4,0.8935
536,dressed to kill,vestida para matar,Vestido para arrasar.,gpt,prompt2,gpt,prompt4,0.8933
660,back to basics,de volta ao básico,De volta ao básico.,gpt,prompt2,gemini,prompt4,0.8932
257,a taste of your own medicine,um gosto da sua própria medicina,Uma dose do próprio remédio.,gpt,prompt2,gemma3,prompt2,0.893
425,cast in stone,Escrito em pedra,Escrito em pedra.,gemini,prompt2,gemma3,prompt2,0.893
425,cast in stone,Escrito em pedra,Escrito em pedra.,gemini,prompt2,gemma3,prompt4,0.893
504,left out in the cold,deixado de fora no frio,deixado à mercê do frio,gpt,prompt2,gemmaX,sem_prompt,0.893
694,born with a silver spoon,nascido com uma colher de prata,Nascido em berço de ouro.,gemmaX,sem_prompt,gemma3,prompt4,0.8927
157,caught in a web,Preso em uma teia,Enredado na teia.,gemini,prompt2,gemini,prompt4,0.8925
563,bitten by the bug,mordido pelo bicho,picado pelo bichinho,gpt,prompt2,gpt,prompt4,0.8925
423,big picture,O quadro geral,A visão geral.,gemma3,prompt2,gemma3,prompt4,0.8923
29,black as night,preto como a noite,Negro como a noite.,gemmaX,sem_prompt,gemini,prompt4,0.8922
551,burning bridges,Queimando pontes,queimar os barcos,gemini,prompt2,gpt,prompt4,0.8922
463,as busy as a bee,Tão ocupado como uma abelha.,Trabalhando que nem uma formiga.,gemini,prompt2,gemma3,prompt4,0.8919
534,at a snail's pace,a um ritmo de lesma,Com a lentidão de uma lesma.,gemmaX,sem_prompt,gemma3,prompt4,0.8919
30,a chip on your shoulder,um chip no seu ombro,estar com um peso na consciência,gemmaX,sem_prompt,gpt,prompt4,0.8917
98,cold as ice,Frio como gelo,frio como gelo,gemini,prompt2,gpt,prompt2,0.8913
98,cold as ice,Frio como gelo,frio como gelo,gemini,prompt2,gemmaX,sem_prompt,0.8913
46,burn your bridges,queime suas pontes,queimar as pontes,gemmaX,sem_prompt,gpt,prompt4,0.8912
185,cat's out of the bag,O gato está fora do saco,O gato saiu da sacola.,gemmaX,sem_prompt,gemini,prompt2,0.8912
21,an open book,Um livro aberto,Um livro aberto.,gemini,prompt2,gemini,prompt4,0.8911
21,an open book,Um livro aberto,Um livro aberto.,gemini,prompt2,gemma3,prompt2,0.8911
21,an open book,Um livro aberto,Um livro aberto.,gemini,prompt2,gemma3,prompt4,0.8911
29,black as night,preto como a noite,Preto como a noite.,gemmaX,sem_prompt,gemma3,prompt2,0.8911
67,butterfly effect,efeito borboleta,O efeito borboleta.,gemmaX,sem_prompt,gemma3,prompt4,0.891
494,as smooth as silk,suave como seda,Macio como seda.,gpt,prompt2,gemini,prompt2,0.8909
67,butterfly effect,efeito borboleta,Efeito borboleta,gemmaX,sem_prompt,gemini,prompt2,0.8906
67,butterfly effect,efeito borboleta,Efeito borboleta,gemmaX,sem_prompt,gemma3,prompt2,0.8906
46,burn your bridges,queime suas pontes,Queime as pontes.,gemmaX,sem_prompt,gemini,prompt2,0.8904
289,cast the first stone,lançar a primeira pedra,Atire a primeira pedra.,gemmaX,sem_prompt,gpt,prompt2,0.8904
289,cast the first stone,lançar a primeira pedra,Atire a primeira pedra.,gemmaX,sem_prompt,gemini,prompt2,0.8904
289,cast the first stone,lançar a primeira pedra,Atire a primeira pedra.,gemmaX,sem_prompt,gemini,prompt4,0.8904
289,cast the first stone,lançar a primeira pedra,Atire a primeira pedra.,gemmaX,sem_prompt,gemma3,prompt2,0.8904
289,cast the first stone,lançar a primeira pedra,Atire a primeira pedra.,gemmaX,sem_prompt,gemma3,prompt4,0.8904
481,a place in the sun,Um lugar ao sol,Um lugar ao sol.,gemmaX,sem_prompt,gpt,prompt4,0.8904
481,a place in the sun,Um lugar ao sol,Um lugar ao sol.,gemmaX,sem_prompt,gemini,prompt4,0.8904
481,a place in the sun,Um lugar ao sol,Um lugar ao sol.,gemmaX,sem_prompt,gemma3,prompt2,0.8904
481,a place in the sun,Um lugar ao sol,Um lugar ao sol.,gemmaX,sem_prompt,gemma3,prompt4,0.8904
621,from the bottom of my heart,Do fundo do meu coração,Do fundo da alma.,gemini,prompt2,gemma3,prompt4,0.8902
125,blessing in disguise,Uma bênção disfarçada.,Um mal que veio para o bem.,gemma3,prompt2,gemini,prompt4,0.8899
274,climbing the corporate ladder,subindo a escada corporativa,Subindo na carreira.,gemmaX,sem_prompt,gemini,prompt2,0.8899
423,big picture,O quadro geral,Visão geral,gemma3,prompt2,gemini,prompt2,0.8896
423,big picture,O quadro geral,Visão geral,gemma3,prompt2,gemini,prompt4,0.8896
120,change of tune,Mudança de tom,Mudança de opinião.,gemini,prompt2,gemma3,prompt2,0.8895
155,face the music,enfrentar a realidade,face à música,gpt,prompt2,gemmaX,sem_prompt,0.8895
178,as easy as shooting fish in a barrel,Tão fácil quanto atirar em peixes num barril.,tão fácil quanto tirar peixe do barril,gemini,prompt2,gpt,prompt2,0.8893
408,built like a tank,construído como um tanque,Construído como um tanque.,gemmaX,sem_prompt,gpt,prompt4,0.8891
408,built like a tank,construído como um tanque,Construído como um tanque.,gemmaX,sem_prompt,gemini,prompt2,0.8891
532,carry the torch,carregar a tocha,Passar o bastão,gpt,prompt2,gemini,prompt2,0.8891
660,back to basics,de volta ao básico,back to basics,gpt,prompt2,gemmaX,sem_prompt,0.8891
46,burn your bridges,queime suas pontes,Queimar as pontes.,gemmaX,sem_prompt,gemma3,prompt2,0.8889
46,burn your bridges,queime suas pontes,Queimar as pontes.,gemmaX,sem_prompt,gemma3,prompt4,0.8889
318,keep your eyes peeled,Fique de olhos bem abertos.,Fique de olho aberto.,gemini,prompt2,gemma3,prompt4,0.8889
551,burning bridges,Queimando pontes,Queimar pontes,gemini,prompt2,gemma3,prompt2,0.8885
155,face the music,enfrentar a realidade,Arrumar a casa,gpt,prompt2,gemini,prompt2,0.8879
245,as clear as mud,Tão claro quanto barro.,Claro como a lama.,gemma3,prompt2,gemini,prompt4,0.8878
696,like a fish to water,Como um peixe na água.,Como se estivesse em casa.,gemma3,prompt2,gemma3,prompt4,0.8875
327,better half,melhor metade,metade querida,gemmaX,sem_prompt,gemma3,prompt2,0.8873
557,as light as a feather,Leve como uma pluma,leve como uma pena,gemini,prompt2,gpt,prompt2,0.8872
557,as light as a feather,Leve como uma pluma,leve como uma pena,gemini,prompt2,gemmaX,sem_prompt,0.8872
257,a taste of your own medicine,um gosto da sua própria medicina,Um pouco do seu próprio veneno.,gpt,prompt2,gemini,prompt2,0.8869
129,arm and a leg,Um braço e uma perna,custo de um olho da cara,gemini,prompt2,gpt,prompt4,0.8868
655,a taste of freedom,um gosto de liberdade,Um gostinho de liberdade.,gemmaX,sem_prompt,gemini,prompt2,0.8868
655,a taste of freedom,um gosto de liberdade,Um gostinho de liberdade.,gemmaX,sem_prompt,gemma3,prompt2,0.8868
121,paint the town red,pinte a cidade de vermelho,Tornar a noite agitada,gemmaX,sem_prompt,gemini,prompt2,0.8866
224,calm before the storm,calma antes da tempestade,Calmaria antes da tempestade,gemmaX,sem_prompt,gemma3,prompt2,0.8866
30,a chip on your shoulder,um chip no seu ombro,Um rancor no coração.,gemmaX,sem_prompt,gemma3,prompt2,0.8862
698,adding fuel to the fire,Acrescentando combustível ao fogo,alimentar o fogo,gemmaX,sem_prompt,gpt,prompt4,0.8862
219,break the mold,quebrar o molde,Romper com os padrões,gemmaX,sem_prompt,gemini,prompt2,0.8861
105,blind as a bat,Cego de nascença.,Ir para o andar dos mortos.,gemma3,prompt2,gemma3,prompt4,0.8857
205,hand in glove,mão no luva,mão na luva,gemmaX,sem_prompt,gpt,prompt2,0.8857
205,hand in glove,mão no luva,mão na luva,gemmaX,sem_prompt,gpt,prompt4,0.8857
121,paint the town red,pinte a cidade de vermelho,fazer a festa,gemmaX,sem_prompt,gpt,prompt4,0.8855
441,give someone the cold shoulder,dar a alguém o ombro frio,dar o tratamento do desprezo,gemmaX,sem_prompt,gpt,prompt4,0.8855
102,feast your eyes,Delicie seus olhos,Delicie os olhos.,gemini,prompt2,gpt,prompt2,0.8854
185,cat's out of the bag,O gato está fora do saco,O segredo foi revelado.,gemmaX,sem_prompt,gpt,prompt4,0.8854
185,cat's out of the bag,O gato está fora do saco,O segredo foi revelado.,gemmaX,sem_prompt,gemma3,prompt2,0.8854
534,at a snail's pace,a um ritmo de lesma,a passo de tartaruga,gemmaX,sem_prompt,gpt,prompt2,0.8851
658,blood runs cold,o sangue corre frio,O sangue gela.,gemmaX,sem_prompt,gemini,prompt2,0.8851
658,blood runs cold,o sangue corre frio,O sangue gela.,gemmaX,sem_prompt,gemini,prompt4,0.8851
658,blood runs cold,o sangue corre frio,O sangue gela.,gemmaX,sem_prompt,gemma3,prompt2,0.8851
658,blood runs cold,o sangue corre frio,O sangue gela.,gemmaX,sem_prompt,gemma3,prompt4,0.8851
623,go the extra mile,Fazer um esforço extra.,Ir além e dar o seu melhor.,gemma3,prompt2,gemini,prompt4,0.8848
305,come apart at the seams,desfazer-se pelas costuras,desmoronar-se,gpt,prompt2,gpt,prompt4,0.8846
644,big fish in a small pond,Peixe grande em lago pequeno,grande peixe em um pequeno aquário,gemini,prompt2,gpt,prompt4,0.8843
301,blood runs thicker than water,O sangue é mais grosso que a água.,Sangue do meu sangue.,gemma3,prompt2,gemini,prompt2,0.8842
301,blood runs thicker than water,O sangue é mais grosso que a água.,Sangue do meu sangue.,gemma3,prompt2,gemini,prompt4,0.8842
494,as smooth as silk,suave como seda,Macias como seda.,gpt,prompt2,gemini,prompt4,0.8841
595,a weight on my shoulders,um peso sobre os meus ombros,Um peso nas costas.,gpt,prompt2,gemini,prompt4,0.8841
486,break the ice,Quebrar o gelo,quebrar o gelo,gemini,prompt2,gpt,prompt2,0.884
486,break the ice,Quebrar o gelo,quebrar o gelo,gemini,prompt2,gemmaX,sem_prompt,0.884
703,better late than never,Antes tarde do que nunca.,Mais vale um dia de atraso do que nunca.,gemini,prompt2,gemma3,prompt4,0.8837
609,a clean slate,um novo começo,uma folha em branco,gemmaX,sem_prompt,gpt,prompt2,0.883
609,a clean slate,um novo começo,uma folha em branco,gemmaX,sem_prompt,gpt,prompt4,0.883
214,get cold feet,ter os pés frios,ter um pé atrás,gemmaX,sem_prompt,gpt,prompt4,0.8829
694,born with a silver spoon,nascido com uma colher de prata,Nascer em berço de ouro.,gemmaX,sem_prompt,gemini,prompt2,0.8829
694,born with a silver spoon,nascido com uma colher de prata,Nascer em berço de ouro.,gemmaX,sem_prompt,gemini,prompt4,0.8829
536,dressed to kill,vestida para matar,Pronto para matar.,gpt,prompt2,gemini,prompt4,0.8828
178,as easy as shooting fish in a barrel,Tão fácil quanto atirar em peixes num barril.,mais fácil que tirar doce de criança,gemini,prompt2,gpt,prompt4,0.8826
432,come rain or shine,Mesmo que chova ou faça sol.,Chova ou faça sol,gemma3,prompt2,gemini,prompt2,0.8826
670,blind leading the blind,Cego guiando o cego,Cegos conduzindo cegos.,gemmaX,sem_prompt,gemma3,prompt4,0.8825
211,close to home,Perto de casa.,perto do coração,gemma3,prompt2,gpt,prompt4,0.8822
507,back to the grind,De volta à rotina.,De volta à labuta.,gemma3,prompt2,gemini,prompt4,0.8822
507,back to the grind,De volta à rotina.,De volta à labuta.,gemma3,prompt2,gemma3,prompt4,0.8822
66,as easy as pie,Tão fácil quanto uma torta.,Fácil como descascar uma laranja.,gemini,prompt2,gemma3,prompt2,0.8821
465,come out of your shell,Saia da sua concha.,Sair da concha,gemini,prompt2,gemini,prompt4,0.8816
303,hard nut to crack,um problema difícil de resolver,Pessoa difícil de lidar.,gemmaX,sem_prompt,gemma3,prompt2,0.8815
443,all in a day's work,Tudo em um dia de trabalho.,Coisa de profissional.,gemini,prompt2,gemini,prompt4,0.8815
504,left out in the cold,deixado de fora no frio,deixado na rua da amargura,gpt,prompt2,gpt,prompt4,0.8814
36,devil's advocate,Defensor do diabo,advogado do diabo,gemma3,prompt2,gpt,prompt2,0.8813
36,devil's advocate,Defensor do diabo,advogado do diabo,gemma3,prompt2,gpt,prompt4,0.8813
36,devil's advocate,Defensor do diabo,advogado do diabo,gemma3,prompt2,gemmaX,sem_prompt,0.8813
171,comfort zone,Zona de conforto,Zona de conforto.,gemini,prompt2,gemma3,prompt4,0.8813
25,easy as pie,Fácil como uma torta.,fácil como pãozinho,gemini,prompt2,gpt,prompt2,0.8812
527,clear as crystal,Claro como cristal,Claro como água.,gemini,prompt2,gemma3,prompt2,0.8812
658,blood runs cold,o sangue corre frio,O sangue esfriou.,gemmaX,sem_prompt,gpt,prompt4,0.8811
173,fingers crossed,Dedos cruzados,Com os dedos cruzados.,gemini,prompt2,gemma3,prompt4,0.881
122,burnt out,queimado,esgotado,gemmaX,sem_prompt,gpt,prompt2,0.8808
27,change of heart,Mudança de coração,Mudar de ideia.,gemini,prompt2,gemini,prompt4,0.8807
27,change of heart,Mudança de coração,Mudar de ideia.,gemini,prompt2,gemma3,prompt4,0.8807
83,a slap on the wrist,uma palmada no pulso,Um tapa na mão.,gpt,prompt2,gemma3,prompt4,0.8807
135,any port in a storm,qualquer porto numa tempestade,Qualquer porto é um abrigo.,gemmaX,sem_prompt,gemma3,prompt4,0.8805
362,live to fight another day,Viva para lutar outro dia,Sobreviver para lutar outro dia.,gemmaX,sem_prompt,gemma3,prompt4,0.8804
615,black mark,marca negra,marca preta,gpt,prompt2,gemmaX,sem_prompt,0.8804
215,fish out of water,peixe fora d'água,Peixe fora d'água,gpt,prompt2,gemini,prompt2,0.8803
215,fish out of water,peixe fora d'água,Peixe fora d'água,gpt,prompt2,gemma3,prompt2,0.8803
75,climbing up the ladder,subindo a escada,Subindo na escada.,gpt,prompt2,gemma3,prompt4,0.8802
155,face the music,enfrentar a realidade,Encarar a realidade.,gpt,prompt2,gpt,prompt4,0.8801
690,"easy come, easy go","Fácil vem, fácil vai.","O que vem fácil, vai fácil.",gemini,prompt2,gemma3,prompt2,0.88
62,a skeleton in the closet,um esqueleto no armário,Esqueleto no armário.,gpt,prompt2,gemini,prompt4,0.8798
146,as sharp as a tack,afiado como uma agulha,Esperto como uma raposa.,gemmaX,sem_prompt,gemini,prompt2,0.8798
644,big fish in a small pond,Peixe grande em lago pequeno,Peixe grande em lagoa pequena.,gemini,prompt2,gemini,prompt4,0.8797
563,bitten by the bug,mordido pelo bicho,Morder do inseto.,gpt,prompt2,gemma3,prompt4,0.8796
239,live in a glass house,Morar em casa de vidro,Viver em um aquário.,gemini,prompt2,gemma3,prompt4,0.8795
580,bare your soul,revele sua alma,Desvende sua alma.,gpt,prompt2,gemma3,prompt2,0.8789
28,food for thought,alimento para a reflexão,Comida para pensar,gpt,prompt2,gemini,prompt2,0.8788
507,back to the grind,De volta à rotina.,de volta à rotina,gemma3,prompt2,gpt,prompt2,0.8786
186,bury your head in the sand,enterre sua cabeça na areia,Enche o sandeiro com a cabeça.,gemmaX,sem_prompt,gemma3,prompt2,0.8784
281,dead in the water,morto na água,Sem saída,gpt,prompt2,gemini,prompt2,0.8784
188,bridge the gap,fechar a lacuna,Preencher a lacuna,gpt,prompt2,gemini,prompt2,0.8782
27,change of heart,Mudança de coração,mudança de coração,gemini,prompt2,gpt,prompt2,0.8781
27,change of heart,Mudança de coração,mudança de coração,gemini,prompt2,gpt,prompt4,0.8781
27,change of heart,Mudança de coração,mudança de coração,gemini,prompt2,gemmaX,sem_prompt,0.8781
551,burning bridges,Queimando pontes,Queimar as pontes,gemini,prompt2,gemini,prompt4,0.8781
350,a sinking ship,um navio afundando,um navio a afundar-se,gpt,prompt2,gemmaX,sem_prompt,0.8778
534,at a snail's pace,a um ritmo de lesma,A passos de cágado,gemmaX,sem_prompt,gemini,prompt2,0.8778
590,carry a torch,carregar uma tocha,manter a chama acesa,gpt,prompt2,gpt,prompt4,0.8778
655,a taste of freedom,um gosto de liberdade,Um gostinho da liberdade.,gemmaX,sem_prompt,gemini,prompt4,0.8778
245,as clear as mud,Tão claro quanto barro.,claro como lama,gemma3,prompt2,gpt,prompt4,0.8776
245,as clear as mud,Tão claro quanto barro.,claro como lama,gemma3,prompt2,gemmaX,sem_prompt,0.8776
580,bare your soul,revele sua alma,despe a tua alma,gpt,prompt2,gemmaX,sem_prompt,0.8776
105,blind as a bat,Cego de nascença.,Cego como um morcego,gemma3,prompt2,gemmaX,sem_prompt,0.8775
304,an ounce of prevention is worth a pound of cure,Um grama de prevenção vale um quilo de cura.,É melhor prevenir do que remediar.,gemini,prompt2,gemini,prompt4,0.8775
36,devil's advocate,Defensor do diabo,Advogado do Diabo.,gemma3,prompt2,gemini,prompt4,0.8773
508,let sleeping dogs lie,Deixe os cães dormirem,Deixar cão dormindo quieto.,gemmaX,sem_prompt,gemini,prompt4,0.8773
347,an old flame,uma antiga paixão,Um amor do passado,gemmaX,sem_prompt,gemma3,prompt2,0.8772
697,change your tune,mude sua melodia,Mudar o discurso,gemmaX,sem_prompt,gemini,prompt2,0.8772
101,chasing shadows,perseguindo sombras,Correndo atrás de fantasmas.,gemmaX,sem_prompt,gemini,prompt4,0.8771
291,a ray of hope,Um raio de esperança,Um raio de luz na escuridão.,gemini,prompt2,gemma3,prompt4,0.8762
623,go the extra mile,Fazer um esforço extra.,dar o seu melhor,gemma3,prompt2,gemmaX,sem_prompt,0.876
419,kill two birds with one stone,matar dois pássaros com uma pedra,Matar dois coelhos com uma cajadada só.,gemmaX,sem_prompt,gpt,prompt2,0.8758
419,kill two birds with one stone,matar dois pássaros com uma pedra,Matar dois coelhos com uma cajadada só.,gemmaX,sem_prompt,gpt,prompt4,0.8758
419,kill two birds with one stone,matar dois pássaros com uma pedra,Matar dois coelhos com uma cajadada só.,gemmaX,sem_prompt,gemini,prompt2,0.8758
419,kill two birds with one stone,matar dois pássaros com uma pedra,Matar dois coelhos com uma cajadada só.,gemmaX,sem_prompt,gemini,prompt4,0.8758
419,kill two birds with one stone,matar dois pássaros com uma pedra,Matar dois coelhos com uma cajadada só.,gemmaX,sem_prompt,gemma3,prompt2,0.8758
419,kill two birds with one stone,matar dois pássaros com uma pedra,Matar dois coelhos com uma cajadada só.,gemmaX,sem_prompt,gemma3,prompt4,0.8758
235,finger on the pulse,de dedo no pulso,com o dedo no pulso,gemmaX,sem_prompt,gpt,prompt2,0.8757
590,carry a torch,carregar uma tocha,Guardar no coração.,gpt,prompt2,gemma3,prompt4,0.8757
715,bird's eye view,visão de pássaro,Visão de conjunto.,gpt,prompt2,gpt,prompt4,0.8754
660,back to basics,de volta ao básico,Voltar ao essencial.,gpt,prompt2,gemma3,prompt4,0.8753
690,"easy come, easy go","Fácil vem, fácil vai.","Rápido chega, rápido se vai.",gemini,prompt2,gemma3,prompt4,0.8752
257,a taste of your own medicine,um gosto da sua própria medicina,Um gole do próprio veneno.,gpt,prompt2,gemma3,prompt4,0.8751
318,keep your eyes peeled,Fique de olhos bem abertos.,Fique de olho,gemini,prompt2,gemmaX,sem_prompt,0.8749
30,a chip on your shoulder,um chip no seu ombro,Rancor.,gemmaX,sem_prompt,gemini,prompt2,0.8748
462,cat got your tongue,O gato comeu sua língua?,Ficou sem fala?,gemma3,prompt2,gemini,prompt2,0.8748
702,in the same boat,no mesmo barco,Na mesma situação,gemmaX,sem_prompt,gemini,prompt2,0.8748
31,close to my heart,Perto do meu coração.,No âmago do meu ser.,gemini,prompt2,gemma3,prompt4,0.8742
563,bitten by the bug,mordido pelo bicho,Picado pelo inseto.,gpt,prompt2,gemma3,prompt2,0.874
183,cold feet,pés frios,pé atrás,gemmaX,sem_prompt,gpt,prompt4,0.8739
378,cast a shadow,lançar uma sombra,Lançar uma sombra,gemmaX,sem_prompt,gemma3,prompt2,0.8739
413,falling apart at the seams,caindo aos pedaços nas costuras,desmoronando pelas costuras,gemmaX,sem_prompt,gpt,prompt4,0.8739
283,buy a lemon,Compre uma limão.,Comprar gato por lebre.,gemma3,prompt2,gemini,prompt4,0.8736
362,live to fight another day,Viva para lutar outro dia,Viver para lutar outro dia.,gemmaX,sem_prompt,gemini,prompt2,0.8735
362,live to fight another day,Viva para lutar outro dia,Viver para lutar outro dia.,gemmaX,sem_prompt,gemini,prompt4,0.8735
362,live to fight another day,Viva para lutar outro dia,Viver para lutar outro dia.,gemmaX,sem_prompt,gemma3,prompt2,0.8735
155,face the music,enfrentar a realidade,Arrumar a casa.,gpt,prompt2,gemini,prompt4,0.8734
413,falling apart at the seams,caindo aos pedaços nas costuras,Desmoronando pelas costuras.,gemmaX,sem_prompt,gemini,prompt4,0.8734
590,carry a torch,carregar uma tocha,Guardar a chama.,gpt,prompt2,gemini,prompt4,0.8731
629,as clear as day,claro como o dia,Claro como água.,gemmaX,sem_prompt,gemini,prompt4,0.8725
101,chasing shadows,perseguindo sombras,Perseguindo sombras.,gemmaX,sem_prompt,gemma3,prompt2,0.8723
698,adding fuel to the fire,Acrescentando combustível ao fogo,Atirar óleo na fogueira.,gemmaX,sem_prompt,gemma3,prompt4,0.8722
183,cold feet,pés frios,Pés frios.,gemmaX,sem_prompt,gemini,prompt4,0.8721
28,food for thought,alimento para a reflexão,Comida para pensar.,gpt,prompt2,gemma3,prompt2,0.8719
274,climbing the corporate ladder,subindo a escada corporativa,subir na vida corporativa,gemmaX,sem_prompt,gpt,prompt4,0.8719
395,pull the plug,Desligar o aparelho.,puxe a ficha,gemma3,prompt2,gemmaX,sem_prompt,0.8719
224,calm before the storm,calma antes da tempestade,Calmaria antes da tempestade.,gemmaX,sem_prompt,gemini,prompt2,0.8715
215,fish out of water,peixe fora d'água,Peixe fora d'água.,gpt,prompt2,gemini,prompt4,0.8713
215,fish out of water,peixe fora d'água,Peixe fora d'água.,gpt,prompt2,gemma3,prompt4,0.8713
287,different strokes for different folks,diferentes estilos para diferentes pessoas,Cada um com seus gostos.,gemmaX,sem_prompt,gemini,prompt2,0.8713
324,a new lease on life,uma nova chance na vida,Um novo fôlego de vida.,gpt,prompt2,gemma3,prompt2,0.8711
157,caught in a web,Preso em uma teia,Enredado numa teia.,gemini,prompt2,gemma3,prompt4,0.871
504,left out in the cold,deixado de fora no frio,Deixado ao léu,gpt,prompt2,gemini,prompt2,0.871
702,in the same boat,no mesmo barco,No mesmo barco.,gemmaX,sem_prompt,gemini,prompt4,0.8707
715,bird's eye view,visão de pássaro,Visão do alto.,gpt,prompt2,gemma3,prompt4,0.8706
534,at a snail's pace,a um ritmo de lesma,Num ritmo de lesma.,gemmaX,sem_prompt,gemma3,prompt2,0.8705
120,change of tune,Mudança de tom,Mudar de tom.,gemini,prompt2,gemma3,prompt4,0.8702
168,butter wouldn’t melt in their mouth,a manteiga não derreteria na boca deles,Eles não fariam mal a uma mosca.,gemmaX,sem_prompt,gemma3,prompt2,0.87
102,feast your eyes,Delicie seus olhos,Banqueteie os olhos.,gemini,prompt2,gemma3,prompt4,0.8699
551,burning bridges,Queimando pontes,Queimar as pontes.,gemini,prompt2,gemma3,prompt4,0.8699
83,a slap on the wrist,uma palmada no pulso,Uma advertência branda.,gpt,prompt2,gemma3,prompt2,0.8698
532,carry the torch,carregar a tocha,Passar o bastão.,gpt,prompt2,gemini,prompt4,0.8697
107,as old as the hills,Tão velho quanto as colinas,Antigo como as próprias montanhas.,gemini,prompt2,gemma3,prompt4,0.8695
432,come rain or shine,Mesmo que chova ou faça sol.,Em tempo bom ou mau.,gemma3,prompt2,gemma3,prompt4,0.8692
440,bring home the bacon,trazer o pão para casa,Trazer o sustento para casa.,gpt,prompt2,gemini,prompt4,0.8691
521,dark horse,cavalo escuro,Cavalo negro,gemmaX,sem_prompt,gemini,prompt2,0.8688
662,carved in stone,Esculpido em pedra,Escrito em pedra.,gemini,prompt2,gemini,prompt4,0.8688
78,bleeding heart,coração sangrante,coração sangrento,gpt,prompt2,gemmaX,sem_prompt,0.8687
413,falling apart at the seams,caindo aos pedaços nas costuras,desmoronando nas costuras,gemmaX,sem_prompt,gpt,prompt2,0.8687
504,left out in the cold,deixado de fora no frio,Deixado à margem.,gpt,prompt2,gemma3,prompt4,0.8687
628,climbing the walls,Subindo pelas paredes,Escalando paredes.,gemini,prompt2,gpt,prompt4,0.8687
639,eye of the storm,Olho do furacão,olho da tempestade,gemini,prompt2,gemmaX,sem_prompt,0.8686
62,a skeleton in the closet,um esqueleto no armário,Um segredo sujo.,gpt,prompt2,gemini,prompt2,0.8683
168,butter wouldn’t melt in their mouth,a manteiga não derreteria na boca deles,Eles não fariam mal a uma pulga.,gemmaX,sem_prompt,gemma3,prompt4,0.8682
89,add fuel to the fire,acrescentar lenha na fogueira,acirrar a situação,gpt,prompt2,gpt,prompt4,0.8681
698,adding fuel to the fire,Acrescentando combustível ao fogo,Agravando a situação.,gemmaX,sem_prompt,gemma3,prompt2,0.8681
366,busy as a bee,ocupado como uma abelha,Trabalhando que nem uma colmeia.,gpt,prompt2,gemma3,prompt4,0.868
527,clear as crystal,Claro como cristal,claro como a água cristalina,gemini,prompt2,gpt,prompt4,0.8675
78,bleeding heart,coração sangrante,Coração mole,gpt,prompt2,gemini,prompt2,0.8671
102,feast your eyes,Delicie seus olhos,Deleite os seus olhos,gemini,prompt2,gemmaX,sem_prompt,0.8671
655,a taste of freedom,um gosto de liberdade,Um sopro de alívio.,gemmaX,sem_prompt,gemma3,prompt4,0.8671
78,bleeding heart,coração sangrante,coração sensível,gpt,prompt2,gpt,prompt4,0.8668
211,close to home,Perto de casa.,perto de casa,gemma3,prompt2,gemmaX,sem_prompt,0.8663
494,as smooth as silk,suave como seda,Liso como seda.,gpt,prompt2,gemma3,prompt2,0.8661
255,heart of stone,coração de pedra,Coração de pedra,gemmaX,sem_prompt,gemini,prompt2,0.8659
255,heart of stone,coração de pedra,Coração de pedra,gemmaX,sem_prompt,gemma3,prompt2,0.8659
441,give someone the cold shoulder,dar a alguém o ombro frio,Dar o desprezo a alguém.,gemmaX,sem_prompt,gemini,prompt2,0.8657
264,a penny saved is a penny earned,Um centavo economizado é um centavo ganho.,"Quem poupa, ganha.",gpt,prompt2,gemma3,prompt4,0.8651
432,come rain or shine,Mesmo que chova ou faça sol.,venha a chuva ou o sol,gemma3,prompt2,gemmaX,sem_prompt,0.8651
275,all in the same boat,todos no mesmo barco,Todos no mesmo barco.,gpt,prompt2,gpt,prompt4,0.865
275,all in the same boat,todos no mesmo barco,Todos no mesmo barco.,gpt,prompt2,gemini,prompt2,0.865
275,all in the same boat,todos no mesmo barco,Todos no mesmo barco.,gpt,prompt2,gemma3,prompt2,0.865
215,fish out of water,peixe fora d'água,fora do seu elemento,gpt,prompt2,gpt,prompt4,0.8649
702,in the same boat,no mesmo barco,Na mesma enrascada.,gemmaX,sem_prompt,gemma3,prompt4,0.8649
521,dark horse,cavalo escuro,Cavalo escuro,gemmaX,sem_prompt,gemma3,prompt2,0.8645
395,pull the plug,Desligar o aparelho.,dar um ponto final,gemma3,prompt2,gpt,prompt4,0.8642
287,different strokes for different folks,diferentes estilos para diferentes pessoas,Gosto não se discute.,gemmaX,sem_prompt,gemini,prompt4,0.8641
378,cast a shadow,lançar uma sombra,Lançar uma sombra.,gemmaX,sem_prompt,gemma3,prompt4,0.8641
303,hard nut to crack,um problema difícil de resolver,noz difícil de descascar,gemmaX,sem_prompt,gpt,prompt2,0.864
168,butter wouldn’t melt in their mouth,a manteiga não derreteria na boca deles,Não ter sangue de barata.,gemmaX,sem_prompt,gemini,prompt2,0.8638
168,butter wouldn’t melt in their mouth,a manteiga não derreteria na boca deles,Não ter sangue de barata.,gemmaX,sem_prompt,gemini,prompt4,0.8638
274,climbing the corporate ladder,subindo a escada corporativa,subir na hierarquia corporativa,gemmaX,sem_prompt,gpt,prompt2,0.8637
423,big picture,O quadro geral,grande imagem,gemma3,prompt2,gpt,prompt2,0.8637
67,butterfly effect,efeito borboleta,Efeito borboleta.,gemmaX,sem_prompt,gemini,prompt4,0.8636
423,big picture,O quadro geral,big picture,gemma3,prompt2,gemmaX,sem_prompt,0.8634
183,cold feet,pés frios,Frio nos pés.,gemmaX,sem_prompt,gemma3,prompt4,0.8631
185,cat's out of the bag,O gato está fora do saco,A verdade veio à tona.,gemmaX,sem_prompt,gemma3,prompt4,0.8628
160,as good as done,quase feito,Está feito.,gpt,prompt2,gemma3,prompt4,0.8625
83,a slap on the wrist,uma palmada no pulso,uma reprimenda,gpt,prompt2,gemmaX,sem_prompt,0.8623
580,bare your soul,revele sua alma,abrir seu coração,gpt,prompt2,gpt,prompt4,0.8623
635,a piece of cake,um pedaço de bolo,Mamão com açúcar.,gemmaX,sem_prompt,gemma3,prompt4,0.8619
400,smooth sailing,navegação tranquila,Náutica tranquila,gpt,prompt2,gemma3,prompt2,0.8618
638,against the clock,contra o relógio,Contra o tempo,gemmaX,sem_prompt,gemini,prompt2,0.8618
638,against the clock,contra o relógio,Contra o tempo,gemmaX,sem_prompt,gemma3,prompt2,0.8618
312,rain on your parade,chuva no seu desfile,tirar o brilho do seu dia,gemmaX,sem_prompt,gpt,prompt2,0.8613
715,bird's eye view,visão de pássaro,visão panorâmica,gpt,prompt2,gemmaX,sem_prompt,0.8613
303,hard nut to crack,um problema difícil de resolver,Difícil de resolver,gemmaX,sem_prompt,gemini,prompt2,0.8607
82,hard pill to swallow,uma pílula difícil de engolir,Um osso duro de roer.,gemmaX,sem_prompt,gemini,prompt4,0.8606
82,hard pill to swallow,uma pílula difícil de engolir,Um osso duro de roer.,gemmaX,sem_prompt,gemma3,prompt4,0.8606
494,as smooth as silk,suave como seda,suave como a seda,gpt,prompt2,gemmaX,sem_prompt,0.8605
214,get cold feet,ter os pés frios,Ter um frio na espinha.,gemmaX,sem_prompt,gemma3,prompt4,0.8603
312,rain on your parade,chuva no seu desfile,estragar seus planos,gemmaX,sem_prompt,gpt,prompt4,0.8602
135,any port in a storm,qualquer porto numa tempestade,Qualquer abrigo é bom em tempo de tormenta.,gemmaX,sem_prompt,gemini,prompt4,0.8598
121,paint the town red,pinte a cidade de vermelho,Arrasar na noite.,gemmaX,sem_prompt,gemini,prompt4,0.8597
135,any port in a storm,qualquer porto numa tempestade,"""Qualquer porto em uma tempestade.""",gemmaX,sem_prompt,gpt,prompt2,0.8596
286,clear as mud,claro como lama,Mais confuso que lama.,gpt,prompt2,gemini,prompt2,0.8595
121,paint the town red,pinte a cidade de vermelho,Fazer a noite toda.,gemmaX,sem_prompt,gemma3,prompt2,0.8589
233,"hope for the best, prepare for the worst","Esperar o melhor, preparar-se para o pior.","Aposte no sol, mas carregue o guarda-chuva.",gemini,prompt2,gemma3,prompt4,0.8589
207,get out of hand,ficar fora de controle,Sair do controle,gemmaX,sem_prompt,gemini,prompt2,0.8587
562,broken dreams,sonhos quebrados,Sonhos desfeitos.,gpt,prompt2,gemma3,prompt4,0.8586
30,a chip on your shoulder,um chip no seu ombro,Um complexo de inferioridade.,gemmaX,sem_prompt,gpt,prompt2,0.8579
350,a sinking ship,um navio afundando,navio à deriva,gpt,prompt2,gpt,prompt4,0.8579
125,blessing in disguise,Uma bênção disfarçada.,Mal que vem para o bem.,gemma3,prompt2,gemini,prompt2,0.8576
182,clean bill of health,Saúde perfeita,certificado de saúde,gemma3,prompt2,gemmaX,sem_prompt,0.8572
326,a rolling stone gathers no moss,Uma pedra rolante não acumula musgo,"Quem não se move, não cresce.",gemmaX,sem_prompt,gemma3,prompt4,0.8572
615,black mark,marca negra,Mácula,gpt,prompt2,gemma3,prompt2,0.8572
46,burn your bridges,queime suas pontes,Queimar os navios.,gemmaX,sem_prompt,gemini,prompt4,0.8571
439,flying high,Voando alto,Voando alto.,gemini,prompt2,gemma3,prompt4,0.8569
213,between the devil and the deep blue sea,Entre o diabo e o mar azul profundo,Entre o martelo e a bigorna.,gemmaX,sem_prompt,gemma3,prompt2,0.8568
213,between the devil and the deep blue sea,Entre o diabo e o mar azul profundo,Entre o martelo e a bigorna.,gemmaX,sem_prompt,gemma3,prompt4,0.8568
219,break the mold,quebrar o molde,Quebrar o molde,gemmaX,sem_prompt,gemma3,prompt2,0.8564
639,eye of the storm,Olho do furacão,olho do furacão,gemini,prompt2,gpt,prompt2,0.8564
639,eye of the storm,Olho do furacão,olho do furacão,gemini,prompt2,gpt,prompt4,0.8564
160,as good as done,quase feito,Tão bom quanto feito,gpt,prompt2,gemmaX,sem_prompt,0.8563
28,food for thought,alimento para a reflexão,Comida para a mente.,gpt,prompt2,gemini,prompt4,0.8562
28,food for thought,alimento para a reflexão,Comida para a mente.,gpt,prompt2,gemma3,prompt4,0.8562
272,crack the code,quebrar o código,decifrar o enigma,gemmaX,sem_prompt,gpt,prompt4,0.8562
441,give someone the cold shoulder,dar a alguém o ombro frio,Dar o silêncio gelado.,gemmaX,sem_prompt,gemma3,prompt4,0.8562
562,broken dreams,sonhos quebrados,Sonhos desfeitos,gpt,prompt2,gemini,prompt2,0.8562
562,broken dreams,sonhos quebrados,Sonhos desfeitos,gpt,prompt2,gemini,prompt4,0.8562
562,broken dreams,sonhos quebrados,Sonhos desfeitos,gpt,prompt2,gemma3,prompt2,0.8562
660,back to basics,de volta ao básico,Voltar ao básico,gpt,prompt2,gemma3,prompt2,0.8562
413,falling apart at the seams,caindo aos pedaços nas costuras,Desfazendo-se aos poucos.,gemmaX,sem_prompt,gemma3,prompt4,0.856
400,smooth sailing,navegação tranquila,navegar em águas tranquilas,gpt,prompt2,gpt,prompt4,0.8559
609,a clean slate,um novo começo,Apagar o quadro.,gemmaX,sem_prompt,gemma3,prompt4,0.8557
560,adding insult to injury,Acrescentando insulto à injúria,Para piorar a situação.,gemmaX,sem_prompt,gemma3,prompt4,0.8553
120,change of tune,Mudança de tom,Mudar o disco.,gemini,prompt2,gemini,prompt4,0.8552
327,better half,melhor metade,A outra metade.,gemmaX,sem_prompt,gemma3,prompt4,0.8552
283,buy a lemon,Compre uma limão.,"Comprar um carro ""bomba""",gemma3,prompt2,gemini,prompt2,0.855
313,as stubborn as a mule,tão teimoso quanto uma mula,Teimoso que só Deus me deu.,gemmaX,sem_prompt,gemma3,prompt4,0.8545
609,a clean slate,um novo começo,Uma tela em branco.,gemmaX,sem_prompt,gemma3,prompt2,0.8545
66,as easy as pie,Tão fácil quanto uma torta.,Esticar o macarrão.,gemini,prompt2,gemma3,prompt4,0.8543
325,climbing the ladder,subindo a escada,Subir degraus.,gemmaX,sem_prompt,gemma3,prompt4,0.8542
274,climbing the corporate ladder,subindo a escada corporativa,Escalar a hierarquia corporativa.,gemmaX,sem_prompt,gemini,prompt4,0.8541
157,caught in a web,Preso em uma teia,Preso numa teia,gemini,prompt2,gemmaX,sem_prompt,0.8538
186,bury your head in the sand,enterre sua cabeça na areia,Virar a cara para o problema.,gemmaX,sem_prompt,gemma3,prompt4,0.8533
531,a far cry,um grito distante,grande distância,gemmaX,sem_prompt,gpt,prompt4,0.8533
595,a weight on my shoulders,um peso sobre os meus ombros,Um fardo nas costas.,gpt,prompt2,gemma3,prompt4,0.8533
25,easy as pie,Fácil como uma torta.,Moleza.,gemini,prompt2,gemini,prompt4,0.8527
560,adding insult to injury,Acrescentando insulto à injúria,Para piorar as coisas,gemmaX,sem_prompt,gemini,prompt2,0.8526
443,all in a day's work,Tudo em um dia de trabalho.,Rotina.,gemini,prompt2,gemma3,prompt4,0.8522
82,hard pill to swallow,uma pílula difícil de engolir,peso na consciência,gemmaX,sem_prompt,gpt,prompt4,0.8521
155,face the music,enfrentar a realidade,Assumir as consequências.,gpt,prompt2,gemma3,prompt2,0.8521
155,face the music,enfrentar a realidade,Assumir as consequências.,gpt,prompt2,gemma3,prompt4,0.8521
257,a taste of your own medicine,um gosto da sua própria medicina,Provar do próprio veneno.,gpt,prompt2,gpt,prompt4,0.852
257,a taste of your own medicine,um gosto da sua própria medicina,Provar do próprio veneno.,gpt,prompt2,gemini,prompt4,0.852
274,climbing the corporate ladder,subindo a escada corporativa,Subir na hierarquia corporativa.,gemmaX,sem_prompt,gemma3,prompt2,0.852
305,come apart at the seams,desfazer-se pelas costuras,"Desmoronar, desmantelar-se, desintegrar-se.",gpt,prompt2,gemma3,prompt2,0.8519
303,hard nut to crack,um problema difícil de resolver,Osso duro de roer.,gemmaX,sem_prompt,gemini,prompt4,0.8517
507,back to the grind,De volta à rotina.,De volta à labuta,gemma3,prompt2,gemini,prompt2,0.8517
312,rain on your parade,chuva no seu desfile,Estragar as suas expectativas.,gemmaX,sem_prompt,gemma3,prompt4,0.8515
531,a far cry,um grito distante,Uma grande diferença,gemmaX,sem_prompt,gemini,prompt2,0.8513
308,big league,grande liga,Liga principal,gpt,prompt2,gemini,prompt2,0.8512
308,big league,grande liga,Liga principal,gpt,prompt2,gemini,prompt4,0.8512
590,carry a torch,carregar uma tocha,Manter acesa a chama,gpt,prompt2,gemini,prompt2,0.8511
235,finger on the pulse,de dedo no pulso,No ritmo do tempo.,gemmaX,sem_prompt,gemma3,prompt4,0.851
160,as good as done,quase feito,Praticamente feito.,gpt,prompt2,gemini,prompt2,0.8507
350,a sinking ship,um navio afundando,Navio à deriva.,gpt,prompt2,gemma3,prompt4,0.8507
2,let the cat out of the bag,Deixar o gato sair do saco.,Revelar o segredo,gpt,prompt2,gemma3,prompt2,0.8504
532,carry the torch,carregar a tocha,Ser o guardião da chama.,gpt,prompt2,gemma3,prompt4,0.8504
102,feast your eyes,Delicie seus olhos,Contemplem com os olhos.,gemini,prompt2,gemma3,prompt2,0.8503
324,a new lease on life,uma nova chance na vida,Um novo fôlego.,gpt,prompt2,gemma3,prompt4,0.8502
609,a clean slate,um novo começo,Um recomeço.,gemmaX,sem_prompt,gemini,prompt2,0.85
30,a chip on your shoulder,um chip no seu ombro,Uma brasa acesa.,gemmaX,sem_prompt,gemma3,prompt4,0.8497
658,blood runs cold,o sangue corre frio,"""O sangue para de correr.""",gemmaX,sem_prompt,gpt,prompt2,0.8495
295,an arm and a leg,Um braço e uma perna,custar os olhos da cara,gemini,prompt2,gpt,prompt4,0.8492
536,dressed to kill,vestida para matar,Arrasando.,gpt,prompt2,gemini,prompt2,0.8492
121,paint the town red,pinte a cidade de vermelho,Botar a casa pra queimar.,gemmaX,sem_prompt,gemma3,prompt4,0.8488
287,different strokes for different folks,diferentes estilos para diferentes pessoas,Cada um tem seu jeito.,gemmaX,sem_prompt,gpt,prompt4,0.8486
287,different strokes for different folks,diferentes estilos para diferentes pessoas,Cada um tem seu jeito.,gemmaX,sem_prompt,gemma3,prompt2,0.8486
120,change of tune,Mudança de tom,mudança de tom,gemini,prompt2,gpt,prompt2,0.8483
120,change of tune,Mudança de tom,mudança de tom,gemini,prompt2,gpt,prompt4,0.8483
120,change of tune,Mudança de tom,mudança de tom,gemini,prompt2,gemmaX,sem_prompt,0.8483
462,cat got your tongue,O gato comeu sua língua?,Bocca de lobo.,gemma3,prompt2,gpt,prompt4,0.8483
283,buy a lemon,Compre uma limão.,comprar gato por lebre,gemma3,prompt2,gpt,prompt4,0.8479
508,let sleeping dogs lie,Deixe os cães dormirem,Não acorde o leão adormecido.,gemmaX,sem_prompt,gemma3,prompt4,0.8479
646,against all odds,Contra todas as probabilidades,Contra vento e maré.,gemini,prompt2,gemini,prompt4,0.8471
207,get out of hand,ficar fora de controle,Descontrolar.,gemmaX,sem_prompt,gemma3,prompt2,0.8469
563,bitten by the bug,mordido pelo bicho,Picado pela mosca.,gpt,prompt2,gemini,prompt4,0.8469
303,hard nut to crack,um problema difícil de resolver,um osso duro de roer,gemmaX,sem_prompt,gpt,prompt4,0.8468
580,bare your soul,revele sua alma,Desvendar a alma.,gpt,prompt2,gemma3,prompt4,0.8467
188,bridge the gap,fechar a lacuna,Superar a diferença.,gpt,prompt2,gemma3,prompt2,0.8466
192,a penny for your thoughts,um centavo por seus pensamentos,Compartilhe o que está pensando.,gemmaX,sem_prompt,gemma3,prompt4,0.8463
494,as smooth as silk,suave como seda,Sedoso como a seda.,gpt,prompt2,gemma3,prompt4,0.8461
287,different strokes for different folks,diferentes estilos para diferentes pessoas,Cada um com seu jeito.,gemmaX,sem_prompt,gemma3,prompt4,0.8458
2,let the cat out of the bag,Deixar o gato sair do saco.,Esparramar a pulga.,gpt,prompt2,gemma3,prompt4,0.8455
30,a chip on your shoulder,um chip no seu ombro,Estar com a pulga atrás da orelha.,gemmaX,sem_prompt,gemini,prompt4,0.8454
274,climbing the corporate ladder,subindo a escada corporativa,Ascender na hierarquia.,gemmaX,sem_prompt,gemma3,prompt4,0.8454
440,bring home the bacon,trazer o pão para casa,Garantir o sustento.,gpt,prompt2,gemma3,prompt4,0.8451
149,bottom of the barrel,fundo do barril,Fundo do poço,gemmaX,sem_prompt,gemini,prompt4,0.8448
347,an old flame,uma antiga paixão,Chama do passado.,gemmaX,sem_prompt,gemini,prompt4,0.8448
359,black as coal,Preto como carvão,Negro como a noite.,gemini,prompt2,gemini,prompt4,0.8446
182,clean bill of health,Saúde perfeita,Atestado de saúde perfeito,gemma3,prompt2,gemini,prompt4,0.8445
416,a blessing in disguise,Uma bênção disfarçada,Um mal que veio para o bem.,gemini,prompt2,gemini,prompt4,0.8442
639,eye of the storm,Olho do furacão,O epicentro.,gemini,prompt2,gemma3,prompt4,0.8437
697,change your tune,mude sua melodia,mudar de opinião,gemmaX,sem_prompt,gpt,prompt4,0.8437
36,devil's advocate,Defensor do diabo,Diabo às costas.,gemma3,prompt2,gemma3,prompt4,0.8436
207,get out of hand,ficar fora de controle,Sair do controle.,gemmaX,sem_prompt,gemini,prompt4,0.8436
235,finger on the pulse,de dedo no pulso,ter o dedo na ferida,gemmaX,sem_prompt,gpt,prompt4,0.8435
102,feast your eyes,Delicie seus olhos,Delicie-se com a visão.,gemini,prompt2,gpt,prompt4,0.8434
105,blind as a bat,Cego de nascença.,cego como um morcego,gemma3,prompt2,gpt,prompt2,0.8434
105,blind as a bat,Cego de nascença.,cego como um morcego,gemma3,prompt2,gpt,prompt4,0.8434
406,as good as gold,tão bom quanto o ouro,Tranquilo como um raio.,gemmaX,sem_prompt,gemma3,prompt4,0.8434
698,adding fuel to the fire,Acrescentando combustível ao fogo,colocando mais lenha na fogueira,gemmaX,sem_prompt,gpt,prompt2,0.8434
207,get out of hand,ficar fora de controle,Escapar do controle.,gemmaX,sem_prompt,gemma3,prompt4,0.8432
377,an uphill battle,Uma batalha difícil,Uma batalha em subida.,gemini,prompt2,gemini,prompt4,0.8432
425,cast in stone,Escrito em pedra,esculpido em pedra,gemini,prompt2,gpt,prompt2,0.8432
441,give someone the cold shoulder,dar a alguém o ombro frio,Ignorar alguém,gemmaX,sem_prompt,gemma3,prompt2,0.8431
255,heart of stone,coração de pedra,Coração de pedra.,gemmaX,sem_prompt,gemini,prompt4,0.8428
255,heart of stone,coração de pedra,Coração de pedra.,gemmaX,sem_prompt,gemma3,prompt4,0.8428
308,big league,grande liga,Grandes ligas,gpt,prompt2,gemma3,prompt2,0.8427
623,go the extra mile,Fazer um esforço extra.,ir além do necessário,gemma3,prompt2,gpt,prompt4,0.8426
281,dead in the water,morto na água,Sem saída.,gpt,prompt2,gemma3,prompt4,0.8415
168,butter wouldn’t melt in their mouth,a manteiga não derreteria na boca deles,"parece um anjo, mas é uma serpente.",gemmaX,sem_prompt,gpt,prompt4,0.8414
441,give someone the cold shoulder,dar a alguém o ombro frio,Dar o desprezo.,gemmaX,sem_prompt,gemini,prompt4,0.8414
62,a skeleton in the closet,um esqueleto no armário,Um segredo vergonhoso.,gpt,prompt2,gemma3,prompt2,0.8413
62,a skeleton in the closet,um esqueleto no armário,Um segredo vergonhoso.,gpt,prompt2,gemma3,prompt4,0.8413
183,cold feet,pés frios,Falta de coragem,gemmaX,sem_prompt,gemma3,prompt2,0.8413
286,clear as mud,claro como lama,Tão claro quanto lodo.,gpt,prompt2,gemma3,prompt2,0.8412
560,adding insult to injury,Acrescentando insulto à injúria,Piorar a situação.,gemmaX,sem_prompt,gpt,prompt4,0.841
623,go the extra mile,Fazer um esforço extra.,ir além do esperado,gemma3,prompt2,gpt,prompt2,0.841
715,bird's eye view,visão de pássaro,Visão panorâmica,gpt,prompt2,gemini,prompt4,0.841
173,fingers crossed,Dedos cruzados,Com sorte.,gemini,prompt2,gemma3,prompt2,0.8408
609,a clean slate,um novo começo,Folha em branco.,gemmaX,sem_prompt,gemini,prompt4,0.8408
629,as clear as day,claro como o dia,Na lata.,gemmaX,sem_prompt,gemma3,prompt4,0.8408
182,clean bill of health,Saúde perfeita,certidão de saúde limpa,gemma3,prompt2,gpt,prompt2,0.8406
702,in the same boat,no mesmo barco,Na mesma situação.,gemmaX,sem_prompt,gemma3,prompt2,0.8405
160,as good as done,quase feito,Quase pronto.,gpt,prompt2,gemma3,prompt2,0.8404
178,as easy as shooting fish in a barrel,Tão fácil quanto atirar em peixes num barril.,Moleza.,gemini,prompt2,gemma3,prompt4,0.8404
214,get cold feet,ter os pés frios,ficar com medo de se comprometer,gemmaX,sem_prompt,gpt,prompt2,0.8404
417,back against the wall,costas contra a parede,Encurralado,gpt,prompt2,gemini,prompt2,0.8404
536,dressed to kill,vestida para matar,Arrumado(a) para impressionar.,gpt,prompt2,gemma3,prompt2,0.8402
536,dressed to kill,vestida para matar,Arrumado(a) para impressionar.,gpt,prompt2,gemma3,prompt4,0.8402
312,rain on your parade,chuva no seu desfile,Estragar seus planos.,gemmaX,sem_prompt,gemma3,prompt2,0.8401
293,crash course,Curso intensivo,Mergulho rápido.,gemini,prompt2,gemma3,prompt4,0.84
66,as easy as pie,Tão fácil quanto uma torta.,Moleza.,gemini,prompt2,gemini,prompt4,0.8399
149,bottom of the barrel,fundo do barril,O lixo que sobrou.,gemmaX,sem_prompt,gemma3,prompt4,0.8398
532,carry the torch,carregar a tocha,Carregar a tocha.,gpt,prompt2,gemma3,prompt2,0.8397
560,adding insult to injury,Acrescentando insulto à injúria,Atingir quando já estava caído.,gemmaX,sem_prompt,gemma3,prompt2,0.8394
29,black as night,preto como a noite,Negro como azeviche.,gemmaX,sem_prompt,gemma3,prompt4,0.8389
400,smooth sailing,navegação tranquila,Náu frágil.,gpt,prompt2,gemma3,prompt4,0.8389
451,hard as nails,duro como unhas,Duro na queda.,gemmaX,sem_prompt,gemini,prompt4,0.8381
563,bitten by the bug,mordido pelo bicho,Picado pela curiosidade.,gpt,prompt2,gemini,prompt2,0.838
527,clear as crystal,Claro como cristal,Limpido como água de nascente.,gemini,prompt2,gemma3,prompt4,0.8379
521,dark horse,cavalo escuro,Cavalo negro.,gemmaX,sem_prompt,gemini,prompt4,0.8378
400,smooth sailing,navegação tranquila,Vento em popa.,gpt,prompt2,gemini,prompt4,0.8376
312,rain on your parade,chuva no seu desfile,Azedar a festa.,gemmaX,sem_prompt,gemini,prompt4,0.8372
205,hand in glove,mão no luva,De mãos dadas,gemmaX,sem_prompt,gemini,prompt2,0.8361
508,let sleeping dogs lie,Deixe os cães dormirem,Não perturbe a paz.,gemmaX,sem_prompt,gemma3,prompt2,0.8361
521,dark horse,cavalo escuro,cavalo de Tróia,gemmaX,sem_prompt,gpt,prompt2,0.8361
521,dark horse,cavalo escuro,cavalo de Tróia,gemmaX,sem_prompt,gpt,prompt4,0.8361
560,adding insult to injury,Acrescentando insulto à injúria,Piorar o que já está ruim.,gemmaX,sem_prompt,gemini,prompt4,0.836
377,an uphill battle,Uma batalha difícil,Uma luta de Davi contra Golias.,gemini,prompt2,gemma3,prompt4,0.8359
413,falling apart at the seams,caindo aos pedaços nas costuras,Desmoronando,gemmaX,sem_prompt,gemini,prompt2,0.8357
521,dark horse,cavalo escuro,Cavalo Sombrio.,gemmaX,sem_prompt,gemma3,prompt4,0.8357
451,hard as nails,duro como unhas,Durão/Aço duro.,gemmaX,sem_prompt,gemini,prompt2,0.8352
406,as good as gold,tão bom quanto o ouro,valer seu peso em ouro,gemmaX,sem_prompt,gpt,prompt4,0.8349
89,add fuel to the fire,acrescentar lenha na fogueira,Agravar a situação.,gpt,prompt2,gemma3,prompt2,0.8346
615,black mark,marca negra,Mancha negra,gpt,prompt2,gemini,prompt2,0.8342
312,rain on your parade,chuva no seu desfile,Estragar a festa.,gemmaX,sem_prompt,gemini,prompt2,0.834
214,get cold feet,ter os pés frios,Amarelar,gemmaX,sem_prompt,gemini,prompt4,0.8339
439,flying high,Voando alto,Nas nuvens.,gemini,prompt2,gemini,prompt4,0.8337
697,change your tune,mude sua melodia,Mudar o disco.,gemmaX,sem_prompt,gemini,prompt4,0.8336
697,change your tune,mude sua melodia,Mudar o disco.,gemmaX,sem_prompt,gemma3,prompt4,0.8336
188,bridge the gap,fechar a lacuna,Fechar a distância.,gpt,prompt2,gemma3,prompt4,0.8334
286,clear as mud,claro como lama,Mais claro que água suja.,gpt,prompt2,gemini,prompt4,0.8332
453,black and blue,preto e azul,Roxo e negro,gpt,prompt2,gemini,prompt2,0.8332
635,a piece of cake,um pedaço de bolo,Uma moleza.,gemmaX,sem_prompt,gpt,prompt2,0.8326
635,a piece of cake,um pedaço de bolo,Uma moleza.,gemmaX,sem_prompt,gemma3,prompt2,0.8326
219,break the mold,quebrar o molde,Romper barreiras.,gemmaX,sem_prompt,gemini,prompt4,0.8324
129,arm and a leg,Um braço e uma perna,Ver o sono eterno.,gemini,prompt2,gemma3,prompt4,0.8323
296,breaking the mold,quebrando o molde,Quebrando barreiras,gemmaX,sem_prompt,gemini,prompt2,0.8323
296,breaking the mold,quebrando o molde,Romper barreiras,gemmaX,sem_prompt,gemini,prompt4,0.8323
90,in hot water,em água quente,em apuros,gemmaX,sem_prompt,gpt,prompt2,0.832
90,in hot water,em água quente,em apuros,gemmaX,sem_prompt,gpt,prompt4,0.832
78,bleeding heart,coração sangrante,Coração mole.,gpt,prompt2,gemini,prompt4,0.8319
78,bleeding heart,coração sangrante,Coração mole.,gpt,prompt2,gemma3,prompt2,0.8319
78,bleeding heart,coração sangrante,Coração mole.,gpt,prompt2,gemma3,prompt4,0.8319
635,a piece of cake,um pedaço de bolo,Coisa fácil,gemmaX,sem_prompt,gemini,prompt2,0.8313
698,adding fuel to the fire,Acrescentando combustível ao fogo,Botar lenha na fogueira.,gemmaX,sem_prompt,gemini,prompt4,0.8302
24,color outside the lines,cor fora das linhas,Quebrar o molde.,gemmaX,sem_prompt,gemma3,prompt4,0.83
295,an arm and a leg,Um braço e uma perna,Vender a alma.,gemini,prompt2,gemma3,prompt4,0.8298
188,bridge the gap,fechar a lacuna,Pontear as distâncias,gpt,prompt2,gemini,prompt4,0.8291
531,a far cry,um grito distante,Um abismo.,gemmaX,sem_prompt,gemma3,prompt2,0.829
690,"easy come, easy go","Fácil vem, fácil vai.","Entrou por um ouvido, saiu pelo outro.",gemini,prompt2,gemini,prompt4,0.8289
425,cast in stone,Escrito em pedra,Esculpido em pedra.,gemini,prompt2,gemini,prompt4,0.8286
698,adding fuel to the fire,Acrescentando combustível ao fogo,Botando lenha na fogueira.,gemmaX,sem_prompt,gemini,prompt2,0.8282
408,built like a tank,construído como um tanque,Feito para durar.,gemmaX,sem_prompt,gemini,prompt4,0.8278
305,come apart at the seams,desfazer-se pelas costuras,Desmoronar,gpt,prompt2,gemini,prompt2,0.8275
624,down to earth,Pé no chão,down to earth,gemini,prompt2,gemmaX,sem_prompt,0.8274
101,chasing shadows,perseguindo sombras,Perseguir miragens.,gemmaX,sem_prompt,gemma3,prompt4,0.8271
305,come apart at the seams,desfazer-se pelas costuras,Desmoronar aos pedaços.,gpt,prompt2,gemma3,prompt4,0.8271
417,back against the wall,costas contra a parede,Encurralado.,gpt,prompt2,gemma3,prompt2,0.8262
417,back against the wall,costas contra a parede,Encurralado.,gpt,prompt2,gemma3,prompt4,0.8262
715,bird's eye view,visão de pássaro,Vista aérea,gpt,prompt2,gemma3,prompt2,0.8262
308,big league,grande liga,A grande liga.,gpt,prompt2,gemma3,prompt4,0.8258
440,bring home the bacon,trazer o pão para casa,Trazer o sustento para casa,gpt,prompt2,gemini,prompt2,0.8256
272,crack the code,quebrar o código,Desvendar o enigma.,gemmaX,sem_prompt,gemma3,prompt4,0.8253
168,butter wouldn’t melt in their mouth,a manteiga não derreteria na boca deles,"""parece um anjo""",gemmaX,sem_prompt,gpt,prompt2,0.8251
281,dead in the water,morto na água,Sem perspectiva.,gpt,prompt2,gemma3,prompt2,0.825
236,ball of fire,bola de fogo,Força da natureza.,gemmaX,sem_prompt,gemma3,prompt4,0.8249
504,left out in the cold,deixado de fora no frio,Deixado(a) ao relento.,gpt,prompt2,gemini,prompt4,0.8245
122,burnt out,queimado,Esgotado.,gemmaX,sem_prompt,gemini,prompt4,0.8235
715,bird's eye view,visão de pássaro,Vista panorâmica,gpt,prompt2,gemini,prompt2,0.8232
467,a tower of strength,uma torre de força,Pilastra de firmeza.,gemmaX,sem_prompt,gemma3,prompt4,0.8229
318,keep your eyes peeled,Fique de olhos bem abertos.,fique atento,gemini,prompt2,gpt,prompt4,0.8227
107,as old as the hills,Tão velho quanto as colinas,Velho como a Sé.,gemini,prompt2,gemini,prompt4,0.8223
296,breaking the mold,quebrando o molde,Quebrando o molde.,gemmaX,sem_prompt,gemma3,prompt2,0.8223
531,a far cry,um grito distante,Partir dessa para o beleléu.,gemmaX,sem_prompt,gemma3,prompt4,0.8221
635,a piece of cake,um pedaço de bolo,moleza,gemmaX,sem_prompt,gpt,prompt4,0.8221
453,black and blue,preto e azul,Roxo e azul.,gpt,prompt2,gemma3,prompt2,0.8213
453,black and blue,preto e azul,Lívia e roxo.,gpt,prompt2,gemma3,prompt4,0.8205
451,hard as nails,duro como unhas,dura como unha de caixão,gemmaX,sem_prompt,gpt,prompt4,0.8202
235,finger on the pulse,de dedo no pulso,Estar com o dedo na tomada.,gemmaX,sem_prompt,gemini,prompt4,0.8196
418,blue collar,colarinho azul,Trabalhador braçal,gpt,prompt2,gemini,prompt2,0.8191
182,clean bill of health,Saúde perfeita,Folha limpa.,gemma3,prompt2,gemma3,prompt4,0.8184
305,come apart at the seams,desfazer-se pelas costuras,Desmoronar.,gpt,prompt2,gemini,prompt4,0.8182
205,hand in glove,mão no luva,De mãos dadas.,gemmaX,sem_prompt,gemini,prompt4,0.8173
205,hand in glove,mão no luva,De mãos dadas.,gemmaX,sem_prompt,gemma3,prompt4,0.8173
214,get cold feet,ter os pés frios,Sentir medo (de última hora),gemmaX,sem_prompt,gemini,prompt2,0.8172
303,hard nut to crack,um problema difícil de resolver,Noz duríssima.,gemmaX,sem_prompt,gemma3,prompt4,0.817
406,as good as gold,tão bom quanto o ouro,Que bom moço,gemmaX,sem_prompt,gemma3,prompt2,0.8162
182,clean bill of health,Saúde perfeita,Atestado de saúde,gemma3,prompt2,gemini,prompt2,0.8155
149,bottom of the barrel,fundo do barril,O pior que há.,gemmaX,sem_prompt,gemma3,prompt2,0.8153
272,crack the code,quebrar o código,Desvendar o enigma,gemmaX,sem_prompt,gemini,prompt4,0.8153
406,as good as gold,tão bom quanto o ouro,Vale ouro.,gemmaX,sem_prompt,gemini,prompt4,0.8147
89,add fuel to the fire,acrescentar lenha na fogueira,acender fogo,gpt,prompt2,gemmaX,sem_prompt,0.8145
122,burnt out,queimado,Esgotado da alma.,gemmaX,sem_prompt,gemma3,prompt4,0.8145
160,as good as done,quase feito,Quase no forno.,gpt,prompt2,gemini,prompt4,0.8145
477,keep your chin up,Mantenha a cabeça erguida.,Anime-se!,gemma3,prompt2,gemini,prompt2,0.8134
477,keep your chin up,Mantenha a cabeça erguida.,Anime-se!,gemma3,prompt2,gemini,prompt4,0.8134
214,get cold feet,ter os pés frios,Arranjar um pretexto / Desanimar / Ficar com medo / Dar calafrios,gemmaX,sem_prompt,gemma3,prompt2,0.8131
451,hard as nails,duro como unhas,Duro que só.,gemmaX,sem_prompt,gemma3,prompt2,0.8128
453,black and blue,preto e azul,Roxo e inchado.,gpt,prompt2,gemini,prompt4,0.8125
90,in hot water,em água quente,Em apuros,gemmaX,sem_prompt,gemma3,prompt2,0.811
90,in hot water,em água quente,Em apuros.,gemmaX,sem_prompt,gemma3,prompt4,0.8109
205,hand in glove,mão no luva,Em perfeita harmonia.,gemmaX,sem_prompt,gemma3,prompt2,0.8103
418,blue collar,colarinho azul,trabalhador braçal,gpt,prompt2,gpt,prompt4,0.8101
531,a far cry,um grito distante,"Claro, vamos lá:

**Far Cry:** Um Grito Distante",gemmaX,sem_prompt,gemini,prompt4,0.8098
580,bare your soul,revele sua alma,Abrir o coração.,gpt,prompt2,gemini,prompt2,0.8098
580,bare your soul,revele sua alma,Abrir o coração.,gpt,prompt2,gemini,prompt4,0.8098
635,a piece of cake,um pedaço de bolo,Moleza.,gemmaX,sem_prompt,gemini,prompt4,0.8091
122,burnt out,queimado,Esgotado,gemmaX,sem_prompt,gemini,prompt2,0.809
398,butterflies in my stomach,borboletas no meu estômago,Nervos à flor da pele.,gpt,prompt2,gpt,prompt4,0.808
417,back against the wall,costas contra a parede,Encurralado(a),gpt,prompt2,gemini,prompt4,0.8075
281,dead in the water,morto na água,"Aflito/a, sem saída.",gpt,prompt2,gemini,prompt4,0.8068
527,clear as crystal,Claro como cristal,Cristalino.,gemini,prompt2,gemini,prompt4,0.8067
623,go the extra mile,Fazer um esforço extra.,Ir além,gemma3,prompt2,gemini,prompt2,0.8062
182,clean bill of health,Saúde perfeita,atestado de saúde impecável,gemma3,prompt2,gpt,prompt4,0.8053
235,finger on the pulse,de dedo no pulso,Estar por dentro,gemmaX,sem_prompt,gemini,prompt2,0.8042
102,feast your eyes,Delicie seus olhos,Aproveite o banquete visual!,gemini,prompt2,gemini,prompt4,0.8038
90,in hot water,em água quente,Estar em maus lençóis.,gemmaX,sem_prompt,gemini,prompt4,0.8037
327,better half,melhor metade,Minha cara-metade,gemmaX,sem_prompt,gemini,prompt2,0.8012
327,better half,melhor metade,Minha cara-metade,gemmaX,sem_prompt,gemini,prompt4,0.8012
418,blue collar,colarinho azul,Operário.,gpt,prompt2,gemini,prompt4,0.7998
615,black mark,marca negra,Mancha negra.,gpt,prompt2,gemini,prompt4,0.7996
615,black mark,marca negra,Mancha negra.,gpt,prompt2,gemma3,prompt4,0.7996
465,come out of your shell,Saia da sua concha.,sair do casulo,gemini,prompt2,gpt,prompt4,0.7984
245,as clear as mud,Tão claro quanto barro.,Entendido.,gemma3,prompt2,gemma3,prompt4,0.7976
236,ball of fire,bola de fogo,Um vulcão de emoções,gemmaX,sem_prompt,gemini,prompt4,0.7975
286,clear as mud,claro como lama,Entregar a pá de mão.,gpt,prompt2,gemma3,prompt4,0.7893
122,burnt out,queimado,Esgotado(a).,gemmaX,sem_prompt,gemma3,prompt2,0.7891
628,climbing the walls,Subindo pelas paredes,Andar de unhas.,gemini,prompt2,gemma3,prompt4,0.789
628,climbing the walls,Subindo pelas paredes,Andando de um lado para o outro.,gemini,prompt2,gemma3,prompt2,0.7855
638,against the clock,contra o relógio,Na corda bamba do tempo.,gemmaX,sem_prompt,gemma3,prompt4,0.7822
451,hard as nails,duro como unhas,De aço.,gemmaX,sem_prompt,gemma3,prompt4,0.7809
235,finger on the pulse,de dedo no pulso,Estar por dentro das últimas tendências.,gemmaX,sem_prompt,gemma3,prompt2,0.7756
90,in hot water,em água quente,Em maus lençóis,gemmaX,sem_prompt,gemini,prompt2,0.7749
83,a slap on the wrist,uma palmada no pulso,Uma bronca leve,gpt,prompt2,gemini,prompt2,0.7743
418,blue collar,colarinho azul,Mão de obra.,gpt,prompt2,gemma3,prompt4,0.7545
